date,y_reg,pos,costs,r_strategy,r_bh,eq_strat,eq_bh
1999-12-14,0.018680493397889204,0.0,0.0,0.0,0.018680493397889204,1.0,1.0188560653676932
1999-12-15,0.024376587877618695,0.0,0.0,0.0,0.024376587877618695,1.0,1.0439974858579508
1999-12-16,0.00875147945958501,0.0,0.0,0.0,0.00875147945958501,1.0,1.053174104336895
1999-12-17,0.013279777798412917,0.0,0.0,0.0,0.013279777798412917,1.0,1.0672532998114395
1999-12-20,0.05220571663742647,0.0,0.0,0.0,0.05220571663742647,1.0,1.1244500314267756
1999-12-21,-0.00335946564557869,0.0,0.0,-0.0,-0.00335946564557869,1.0,1.120678818353237
1999-12-22,0.01170908275942859,0.0,0.0,0.0,0.01170908275942859,1.0,1.1338780641106223
1999-12-23,-0.005558658003827493,0.0,0.0,-0.0,-0.005558658003827493,1.0,1.127592708988058
1999-12-27,-0.006150424755600978,0.0,0.0,-0.0,-0.006150424755600978,1.0,1.1206788183532372
1999-12-28,0.03688830020923006,0.0,0.0,0.0,0.03688830020923006,1.0,1.162790697674419
1999-12-29,-0.010869672236903879,0.0,0.0,-0.0,-0.010869672236903879,1.0,1.15021998742929
1999-12-30,-0.0010934938213712185,0.0,0.0,-0.0,-0.0010934938213712185,1.0,1.1489629164047772
1999-12-31,0.0359963655024313,0.0,0.0,0.0,0.0359963655024313,1.0,1.1910747957259586
2000-01-03,-0.07106814814912954,0.0,0.0,-0.0,-0.07106814814912954,1.0,1.1093651791326211
2000-01-04,0.0005664117965082575,0.0,0.0,0.0,0.0005664117965082575,1.0,1.1099937146448777
2000-01-05,-0.09746425353560079,0.0,0.0,-0.0,-0.09746425353560079,1.0,1.0069138906348212
2000-01-06,0.1165338162559516,0.0,0.0,0.0,0.1165338162559516,1.0,1.1313639220615967
2000-01-07,0.027398974188114347,0.0,0.0,0.0,0.027398974188114347,1.0,1.162790697674419
2000-01-10,-0.04533667487478175,0.0,0.0,-0.0,-0.04533667487478175,1.0,1.1112507856693905
2000-01-11,-0.026943446986049457,0.0,0.0,-0.0,-0.026943446986049457,1.0,1.0817096165933375
2000-01-12,0.05867446980505256,0.0,0.0,0.0,0.05867446980505256,1.0,1.1470773098680078
2000-01-13,0.023288352772196153,0.0,0.0,0.0,0.023288352772196153,1.0,1.174104336895035
2000-01-14,0.005339040979420328,0.0,0.0,0.0,0.005339040979420328,1.0,1.1803896920175994
2000-01-18,0.022117805253618974,0.0,0.0,0.0,0.022117805253618974,1.0,1.20678818353237
2000-01-19,-0.009945122533398063,0.0,0.0,-0.0,-0.009945122533398063,1.0,1.1948460087994976
2000-01-20,0.01254590423345541,0.0,0.0,0.0,0.01254590423345541,1.0,1.209930861093652
2000-01-21,-0.048971998882179506,0.0,0.0,-0.0,-0.048971998882179506,1.0,1.1521055939660596
2000-01-24,0.014622518867541963,0.0,0.0,0.0,0.014622518867541963,1.0,1.1690760527969835
2000-01-25,-0.04115807249350744,0.0,0.0,-0.0,-0.04115807249350744,1.0,1.1219358893777505
2000-01-26,0.01446076366967388,0.0,0.0,0.0,0.01446076366967388,1.0,1.138277812696418
2000-01-27,-0.051554888075914636,0.0,0.0,-0.0,-0.051554888075914636,1.0,1.0810810810810816
2000-01-28,0.04212347281124282,0.0,0.0,0.0,0.04212347281124282,1.0,1.1275927089880584
2000-01-31,0.02640417419651071,0.0,0.0,0.0,0.02640417419651071,1.0,1.1577624135763678
2000-02-01,0.008648702558531896,0.0,0.0,0.0,0.008648702558531896,1.0,1.1678189817724711
2000-02-02,0.038019362525147406,0.0,0.0,0.0,0.038019362525147406,1.0,1.213073538654935
2000-02-03,0.006713167478508831,0.0,0.0,0.0,0.006713167478508831,1.0,1.2212445003142687
2000-02-04,0.013800372354594052,0.0,0.0,0.0,0.013800372354594052,1.0,1.2382149591451925
2000-02-07,0.04126859528689949,0.0,0.0,0.0,0.04126859528689949,1.0,1.2903834066624775
2000-02-08,-0.03620529333035271,0.0,0.0,-0.0,-0.03620529333035271,1.0,1.244500314267757
2000-02-09,0.03230094478832125,0.0,0.0,0.0,0.03230094478832125,1.0,1.285355122564426
2000-02-10,-0.023251109268403274,0.0,0.0,-0.0,-0.023251109268403274,1.0,1.2558139534883732
2000-02-11,-0.0015026298845350185,0.0,0.0,-0.0,-0.0015026298845350185,1.0,1.2539283469516038
2000-02-14,0.006993035490970604,0.0,0.0,0.0,0.006993035490970604,1.0,1.262727844123194
2000-02-15,-0.004489905272852079,0.0,0.0,-0.0,-0.004489905272852079,1.0,1.257071024512886
2000-02-16,0.02127213527553977,0.0,0.0,0.0,0.02127213527553977,1.0,1.2840980515399132
2000-02-17,-0.03689351617849654,0.0,0.0,-0.0,-0.03689351617849654,1.0,1.2375864236329364
2000-02-18,0.0030425986960967303,0.0,0.0,0.0,0.0030425986960967303,1.0,1.241357636706475
2000-02-22,0.054200456897679654,0.0,0.0,0.0,0.054200456897679654,1.0,1.3104965430546838
2000-02-23,0.02135312447056906,0.0,0.0,0.0,0.02135312447056906,1.0,1.338780641106224
2000-02-24,-0.023273432309836417,0.0,0.0,-0.0,-0.023273432309836417,1.0,1.3079824010056582
2000-02-25,-0.00048065369827068546,0.0,0.0,-0.0,-0.00048065369827068546,1.0,1.3073538654934018
2000-02-28,0.026098752967361288,0.0,0.0,0.0,0.026098752967361288,1.0,1.3419233186675061
2000-02-29,0.008395571701638155,0.0,0.0,0.0,0.008395571701638155,1.0,1.3532369578881223
2000-03-01,-0.023497321661663243,0.0,0.0,-0.0,-0.023497321661663243,1.0,1.3218101822753001
2000-03-02,0.054592648191727676,0.0,0.0,0.0,0.054592648191727676,1.0,1.3959773727215603
2000-03-03,0.008071792704327495,0.0,0.0,0.0,0.008071792704327495,1.0,1.4072910119421764
2000-03-06,-0.015301828717808505,0.0,0.0,-0.0,-0.015301828717808505,1.0,1.3859208045254574
2000-03-07,0.009029406719394157,0.0,0.0,0.0,0.009029406719394157,1.0,1.3984915147705863
2000-03-08,0.03315220731690055,0.0,0.0,0.0,0.03315220731690055,1.0,1.4456316781898195
2000-03-09,-0.004357305368955701,0.0,0.0,-0.0,-0.004357305368955701,1.0,1.4393463230672552
2000-03-10,-0.02655023209412084,0.0,0.0,-0.0,-0.02655023209412084,1.0,1.4016341923318687
2000-03-13,-0.03746440882540911,0.0,0.0,-0.0,-0.03746440882540911,1.0,1.3500942803268403
2000-03-14,-0.042802539234760434,0.0,0.0,-0.0,-0.042802539234760434,1.0,1.2935260842237606
2000-03-15,0.055294027128789475,0.0,0.0,0.0,0.055294027128789475,1.0,1.3670647391577644
2000-03-16,0.01867510434439001,0.0,0.0,0.0,0.01867510434439001,1.0,1.3928346951602786
2000-03-17,-0.7215243707107858,0.0,0.0,-0.0,-0.7215243707107858,1.0,0.6769327467001895
2000-03-20,0.03736197655865585,0.0,0.0,0.0,0.03736197655865585,1.0,0.7027027027027037
2000-03-21,0.019486887673496694,0.0,0.0,0.0,0.019486887673496694,1.0,0.7165304839723455
2000-03-22,0.01739174271186924,0.0,0.0,0.0,0.01739174271186924,1.0,0.7291011942174744
2000-03-23,0.013358650444352083,0.0,0.0,0.0,0.013358650444352083,1.0,0.7389063482086751
2000-03-24,0.0020394296667696973,0.0,0.0,0.0,0.0020394296667696973,1.0,0.7404148334380904
2000-03-27,-0.025796787332020305,0.0,0.0,-0.0,-0.025796787332020305,1.0,0.7215587680703971
2000-03-28,-0.0427111180930498,0.0,0.0,-0.0,-0.0427111180930498,1.0,0.6913890634820878
2000-03-29,-0.024851716155763433,0.0,0.0,-0.0,-0.024851716155763433,1.0,0.6744186046511639
2000-03-30,0.02029589961990273,0.0,0.0,0.0,0.02029589961990273,1.0,0.6882463859208057
2000-03-31,-0.06216690641655156,0.0,0.0,-0.0,-0.06216690641655156,1.0,0.6467630421118804
2000-04-03,-0.009765702611324789,0.0,0.0,-0.0,-0.009765702611324789,1.0,0.640477686989316
2000-04-04,-0.017822253907504384,0.0,0.0,-0.0,-0.017822253907504384,1.0,0.6291640477686999
2000-04-05,0.023693112257288044,0.0,0.0,0.0,0.023693112257288044,1.0,0.6442489000628546
2000-04-06,0.03922071315328133,0.0,0.0,0.0,0.03922071315328133,1.0,0.6700188560653688
2000-04-07,-0.06892586756719707,0.0,0.0,-0.0,-0.06892586756719707,1.0,0.6253928346951614
2000-04-10,-0.017744445299071956,0.0,0.0,-0.0,-0.017744445299071956,1.0,0.6143934632306736
2000-04-11,-0.060624621816434854,0.0,0.0,-0.0,-0.060624621816434854,1.0,0.578252671275928
2000-04-12,-0.04445176257083381,0.0,0.0,-0.0,-0.04445176257083381,1.0,0.5531112507856702
2000-04-13,-0.0905714254571515,0.0,0.0,-0.0,-0.0905714254571515,1.0,0.5052168447517292
2000-04-14,0.10892469634821529,0.0,0.0,0.0,0.10892469634821529,1.0,0.5633563796354504
2000-04-17,0.026098491679769985,0.0,0.0,0.0,0.026098491679769985,1.0,0.578252671275928
2000-04-18,-0.032478277155483994,0.0,0.0,-0.0,-0.032478277155483994,1.0,0.5597737272155886
2000-04-19,-0.020532738811019843,0.0,0.0,-0.0,-0.020532738811019843,1.0,0.5483972344437469
2000-04-20,-0.02907181482197696,0.0,0.0,-0.0,-0.02907181482197696,1.0,0.5326838466373358
2000-04-24,0.06531255777709062,0.0,0.0,0.0,0.06531255777709062,1.0,0.5686360779384044
2000-04-25,-0.034751880514360456,0.0,0.0,-0.0,-0.034751880514360456,1.0,0.5492143306096803
2000-04-26,0.04333656893931113,0.0,0.0,0.0,0.04333656893931113,1.0,0.5735386549340047
2000-04-27,0.03763885149993491,0.0,0.0,0.0,0.03763885149993491,1.0,0.5955373978629802
2000-04-28,0.009244734398915627,0.0,0.0,0.0,0.009244734398915627,1.0,0.601068510370837
2000-05-01,-0.05923350579313293,0.0,0.0,-0.0,-0.05923350579313293,1.0,0.5664990571967325
2000-05-02,-0.01115709442569243,0.0,0.0,-0.0,-0.01115709442569243,1.0,0.5602137020741681
2000-05-03,0.002017485553168909,0.0,0.0,0.0,0.002017485553168909,1.0,0.5613450659962298
2000-05-04,0.02356955579076042,0.0,0.0,0.0,0.02356955579076042,1.0,0.5747328724072921
2000-05-05,-0.03971077197014579,0.0,0.0,-0.0,-0.03971077197014579,1.0,0.5523570081709627
2000-05-08,-0.02162495126290169,0.0,0.0,-0.0,-0.02162495126290169,1.0,0.5405405405405416
2000-05-09,-0.0754505545885538,0.0,0.0,-0.0,-0.0754505545885538,1.0,0.5012570710245138
2000-05-10,0.059392072017060635,0.0,0.0,0.0,0.059392072017060635,1.0,0.5319296040226282
2000-05-11,0.0,0.0,0.0,0.0,0.0,1.0,0.5319296040226282
2000-05-12,0.04256453779869636,0.0,0.0,0.0,0.04256453779869636,1.0,0.5550597108736655
2000-05-15,0.027916060221026228,0.0,0.0,0.0,0.027916060221026228,1.0,0.5707730986800766
2000-05-16,-0.02080742661918658,0.0,0.0,-0.0,-0.02080742661918658,1.0,0.5590194846008811
2000-05-17,-0.036525899036501115,0.0,0.0,-0.0,-0.036525899036501115,1.0,0.5389692017599006
2000-05-18,-0.04850449069227139,0.0,0.0,-0.0,-0.04850449069227139,1.0,0.5134506599622889
2000-05-19,-0.000734753890513295,0.0,0.0,-0.0,-0.000734753890513295,1.0,0.5130735386549351
2000-05-22,-0.08724527557895102,0.0,0.0,-0.0,-0.08724527557895102,1.0,0.47020741671904565
2000-05-23,0.060805455775972614,0.0,0.0,0.0,0.060805455775972614,1.0,0.49968573224387286
2000-05-24,-0.022258470600942697,0.0,0.0,-0.0,-0.022258470600942697,1.0,0.4886863607793851
2000-05-25,0.0,0.0,0.0,0.0,0.0,1.0,0.4886863607793851
2000-05-26,0.0957193331548613,0.0,0.0,0.0,0.0957193331548613,1.0,0.5377749842866133
2000-05-30,-0.024371252357395113,0.0,0.0,-0.0,-0.024371252357395113,1.0,0.5248271527341305
2000-05-31,0.04541979166647988,0.0,0.0,0.0,0.04541979166647988,1.0,0.5492143306096805
2000-06-01,0.0690844214275079,0.0,0.0,0.0,0.0690844214275079,1.0,0.5884978001257082
2000-06-02,0.002453465415473825,0.0,0.0,0.0,0.002453465415473825,1.0,0.5899434318038981
2000-06-05,-0.028201317903670704,0.0,0.0,-0.0,-0.028201317903670704,1.0,0.5735386549340049
2000-06-06,0.026388467500495914,0.0,0.0,0.0,0.026388467500495914,1.0,0.5888749214330621
2000-06-07,-0.004707401439171956,0.0,0.0,-0.0,-0.004707401439171956,1.0,0.5861093651791337
2000-06-08,0.005347606326595277,0.0,0.0,0.0,0.005347606326595277,1.0,0.589252042740416
2000-06-09,-0.03252319170556006,0.0,0.0,-0.0,-0.03252319170556006,1.0,0.5703959773727226
2000-06-12,0.037842353183159934,0.0,0.0,0.0,0.037842353183159934,1.0,0.5923947203016982
2000-06-13,-0.022750203207279506,0.0,0.0,-0.0,-0.022750203207279506,1.0,0.5790697674418616
2000-06-14,0.017431041729679603,0.0,0.0,0.0,0.017431041729679603,1.0,0.589252042740416
2000-06-15,0.005319161477600027,0.0,0.0,0.0,0.005319161477600027,1.0,0.5923947203016982
2000-06-16,0.03901665234245172,0.0,0.0,0.0,0.03901665234245172,1.0,0.6159648020113148
2000-06-19,-0.0037826554329919086,0.0,0.0,-0.0,-0.0037826554329919086,1.0,0.6136392206159659
2000-06-20,0.012722170471800444,0.0,0.0,0.0,0.012722170471800444,1.0,0.6214959145191714
2000-06-21,-0.03740197970257027,0.0,0.0,-0.0,-0.03740197970257027,1.0,0.5986800754242625
2000-06-22,-0.04016604172533476,0.0,0.0,-0.0,-0.04016604172533476,1.0,0.5751099937146459
2000-06-23,0.026955809988528295,0.0,0.0,0.0,0.026955809988528295,1.0,0.590823381521057
2000-06-26,-0.011986444880367923,0.0,0.0,-0.0,-0.011986444880367923,1.0,0.5837837837837847
2000-06-27,0.011986444880367835,0.0,0.0,0.0,0.011986444880367835,1.0,0.5908233815210568
2000-06-28,-0.02542692468470908,0.0,0.0,-0.0,-0.02542692468470908,1.0,0.5759899434318049
2000-06-29,0.019451661494622047,0.0,0.0,0.0,0.019451661494622047,1.0,0.5873035826524208
2000-06-30,0.01918549492689353,0.0,0.0,0.0,0.01918549492689353,1.0,0.5986800754242625
2000-07-03,-0.03951051892244433,0.0,0.0,-0.0,-0.03951051892244433,1.0,0.5754871150219998
2000-07-05,0.026300287185637844,0.0,0.0,0.0,0.026300287185637844,1.0,0.590823381521057
2000-07-06,0.020428213803914047,0.0,0.0,0.0,0.020428213803914047,1.0,0.603016970458832
2000-07-07,-0.015334824184810884,0.0,0.0,-0.0,-0.015334824184810884,1.0,0.5938403519798879
2000-07-10,0.005488719711433859,0.0,0.0,0.0,0.005488719711433859,1.0,0.5971087366436214
2000-07-11,0.023408090898014804,0.0,0.0,0.0,0.023408090898014804,1.0,0.6112507856693914
2000-07-12,0.01277156567948754,0.0,0.0,0.0,0.01277156567948754,1.0,0.6191074795725969
2000-07-13,0.021095709487595544,0.0,0.0,0.0,0.021095709487595544,1.0,0.6323067253299822
2000-07-14,0.011857846450783468,0.0,0.0,0.0,0.011857846450783468,1.0,0.6398491514770595
2000-07-17,-0.022852459951875227,0.0,0.0,-0.0,-0.022852459951875227,1.0,0.6253928346951613
2000-07-18,-0.022872661665991455,0.0,0.0,-0.0,-0.022872661665991455,1.0,0.6112507856693913
2000-07-19,0.03187722475907331,0.0,0.0,0.0,0.03187722475907331,1.0,0.6310496543054693
2000-07-20,-0.03445122875424608,0.0,0.0,-0.0,-0.03445122875424608,1.0,0.6096794468887502
2000-07-21,-0.020834086902842025,0.0,0.0,-0.0,-0.020834086902842025,1.0,0.5971087366436213
2000-07-24,0.007863736460214451,0.0,0.0,0.0,0.007863736460214451,1.0,0.6018227529855446
2000-07-25,-0.0012540496993041033,0.0,0.0,-0.0,-0.0012540496993041033,1.0,0.6010685103708369
2000-07-26,-0.04000320054055385,0.0,0.0,-0.0,-0.04000320054055385,1.0,0.5774984286612201
2000-07-27,-0.05595552163527214,0.0,0.0,-0.0,-0.05595552163527214,1.0,0.546071653048398
2000-07-28,0.02904015322116365,0.0,0.0,0.0,0.02904015322116365,1.0,0.562162162162163
2000-07-31,-0.013394313593382836,0.0,0.0,-0.0,-0.013394313593382836,1.0,0.5546825895663112
2000-08-01,-0.017835158932857205,0.0,0.0,-0.0,-0.017835158932857205,1.0,0.5448774355751107
2000-08-02,0.042348110529220113,0.0,0.0,0.0,0.042348110529220113,1.0,0.5684475172847273
2000-08-03,-0.0034335748414506613,0.0,0.0,-0.0,-0.0034335748414506613,1.0,0.5664990571967324
2000-08-04,0.02324921035231814,0.0,0.0,0.0,0.02324921035231814,1.0,0.579824010056569
2000-08-07,0.020174522638492266,0.0,0.0,0.0,0.020174522638492266,1.0,0.5916404776869901
2000-08-08,-0.02691807658200702,0.0,0.0,-0.0,-0.02691807658200702,1.0,0.5759270898805791
2000-08-09,-0.02006240129426339,0.0,0.0,-0.0,-0.02006240129426339,1.0,0.5644877435575117
2000-08-10,0.013822302223777736,0.0,0.0,0.0,0.013822302223777736,1.0,0.5723444374607174
2000-08-11,0.021080863246619824,0.0,0.0,0.0,0.021080863246619824,1.0,0.5845380263984924
2000-08-14,0.0,0.0,0.0,0.0,0.0,1.0,0.5845380263984924
2000-08-15,0.010056787445593013,0.0,0.0,0.0,0.010056787445593013,1.0,0.590446260213703
2000-08-16,0.019084347461906303,0.0,0.0,0.0,0.019084347461906303,1.0,0.6018227529855446
2000-08-17,-0.005235614053945052,0.0,0.0,-0.0,-0.005235614053945052,1.0,0.5986800754242623
2000-08-18,0.002621233479874287,0.0,0.0,0.0,0.002621233479874287,1.0,0.6002514142049035
2000-08-21,0.0,0.0,0.0,0.0,0.0,1.0,0.6002514142049035
2000-08-22,0.01620309649038564,0.0,0.0,0.0,0.01620309649038564,1.0,0.6100565681961041
2000-08-23,0.015336155808139462,0.0,0.0,0.0,0.015336155808139462,1.0,0.6194846008799506
2000-08-24,-0.0053919455115748515,0.0,0.0,-0.0,-0.0053919455115748515,1.0,0.6161533626649915
2000-08-25,0.004782993904408362,0.0,0.0,0.0,0.004782993904408362,1.0,0.6191074795725967
2000-08-28,0.0050633019565466345,0.0,0.0,0.0,0.0050633019565466345,1.0,0.6222501571338789
2000-08-29,-0.0012128564252092936,0.0,0.0,-0.0,-0.0012128564252092936,1.0,0.6214959145191712
2000-08-30,0.031065819574890532,0.0,0.0,0.0,0.031065819574890532,1.0,0.6411062225015722
2000-08-31,0.005865119452398058,0.0,0.0,0.0,0.005865119452398058,1.0,0.6448774355751109
2000-09-01,-0.030680288572122044,0.0,0.0,-0.0,-0.030680288572122044,1.0,0.6253928346951612
2000-09-05,-0.03580945269671089,0.0,0.0,-0.0,-0.03580945269671089,1.0,0.6033940917661856
2000-09-06,0.02194493875056602,0.0,0.0,0.0,0.02194493875056602,1.0,0.6167818981772479
2000-09-07,-0.031048753000036546,0.0,0.0,-0.0,-0.031048753000036546,1.0,0.5979258328095547
2000-09-08,-0.02468998461106413,0.0,0.0,-0.0,-0.02468998461106413,1.0,0.5833438089252052
2000-09-11,-0.015527756472176111,0.0,0.0,-0.0,-0.015527756472176111,1.0,0.5743557510999381
2000-09-12,0.02293480015951584,0.0,0.0,0.0,0.02293480015951584,1.0,0.5876807039597747
2000-09-13,-0.005361943141385399,0.0,0.0,-0.0,-0.005361943141385399,1.0,0.5845380263984924
2000-09-14,-0.018996500690655036,0.0,0.0,-0.0,-0.018996500690655036,1.0,0.5735386549340047
2000-09-15,-0.015127545145472496,0.0,0.0,-0.0,-0.015127545145472496,1.0,0.5649277184160914
2000-09-18,0.03616497248043566,0.0,0.0,0.0,0.03616497248043566,1.0,0.5857322438717797
2000-09-19,0.015334130722577098,0.0,0.0,0.0,0.015334130722577098,1.0,0.5947831552482723
2000-09-20,-0.07548268817416613,0.0,0.0,-0.0,-0.07548268817416613,1.0,0.551539912005029
2000-09-21,0.057462261310857125,0.0,0.0,0.0,0.057462261310857125,1.0,0.5841609050911384
2000-09-22,-0.02693581961918201,0.0,0.0,-0.0,-0.02693581961918201,1.0,0.5686360779384043
2000-09-25,-0.01145029463086127,0.0,0.0,-0.0,-0.01145029463086127,1.0,0.562162162162163
2000-09-26,0.0013407823237650853,0.0,0.0,0.0,0.0013407823237650853,1.0,0.5629164047768707
2000-09-27,0.022085703353811794,0.0,0.0,0.0,0.022085703353811794,1.0,0.5754871150219995
2000-09-28,-0.03117106672884081,0.0,0.0,-0.0,-0.03117106672884081,1.0,0.5578252671275934
2000-09-29,-0.022793009528556573,0.0,0.0,-0.0,-0.022793009528556573,1.0,0.5452545568824646
2000-10-02,-0.03221361998365496,0.0,0.0,-0.0,-0.03221361998365496,1.0,0.5279698302954123
2000-10-03,0.01921889019478708,0.0,0.0,0.0,0.01921889019478708,1.0,0.5382149591451924
2000-10-04,0.00291528397247964,0.0,0.0,0.0,0.00291528397247964,1.0,0.5397862979258334
2000-10-05,-0.03411036521398229,0.0,0.0,-0.0,-0.03411036521398229,1.0,0.521684475172848
2000-10-06,-0.004467797083505037,0.0,0.0,-0.0,-0.004467797083505037,1.0,0.5193588937774991
2000-10-09,-0.05369750195024656,0.0,0.0,-0.0,-0.05369750195024656,1.0,0.4922061596480208
2000-10-10,-0.016090969564834766,0.0,0.0,-0.0,-0.016090969564834766,1.0,0.4843494657448152
2000-10-11,-0.025364392816942367,0.0,0.0,-0.0,-0.025364392816942367,1.0,0.47221873035826584
2000-10-12,0.07831087482877773,0.0,0.0,0.0,0.07831087482877773,1.0,0.5106851037083602
2000-10-13,0.00918842605440617,0.0,0.0,0.0,0.00918842605440617,1.0,0.5153991200502834
2000-10-16,-0.04681041784399056,0.0,0.0,-0.0,-0.04681041784399056,1.0,0.4918290383406669
2000-10-17,-0.0032000027306709027,0.0,0.0,-0.0,-0.0032000027306709027,1.0,0.49025769956002574
2000-10-18,0.08664806313589574,0.0,0.0,0.0,0.08664806313589574,1.0,0.5346323067253306
2000-10-19,0.014588576406078845,0.0,0.0,0.0,0.014588576406078845,1.0,0.5424890006285361
2000-10-20,-0.0013913045722583578,0.0,0.0,-0.0,-0.0013913045722583578,1.0,0.5417347580138284
2000-10-23,-0.043755868318672494,0.0,0.0,-0.0,-0.043755868318672494,1.0,0.5185417976115657
2000-10-24,-0.057629112836636416,0.0,0.0,-0.0,-0.057629112836636416,1.0,0.489503456945318
2000-10-25,0.025356328043615615,0.0,0.0,0.0,0.025356328043615615,1.0,0.502074167190447
2000-10-26,-0.00200501320302041,0.0,0.0,-0.0,-0.00200501320302041,1.0,0.5010685103708367
2000-10-27,-0.037706556504786826,0.0,0.0,-0.0,-0.037706556504786826,1.0,0.4825267127592716
2000-10-30,0.06224006302615006,0.0,0.0,0.0,0.06224006302615006,1.0,0.5135135135135143
2000-10-31,-0.008604847193518414,0.0,0.0,-0.0,-0.008604847193518414,1.0,0.5091137649277192
2000-11-01,0.012270092591814401,0.0,0.0,0.0,0.012270092591814401,1.0,0.5153991200502837
2000-11-02,0.012843990938354378,0.0,0.0,0.0,0.012843990938354378,1.0,0.522061596480202
2000-11-03,-0.007492482180349304,0.0,0.0,-0.0,-0.007492482180349304,1.0,0.518164676304212
2000-11-06,-0.0037673982701573656,0.0,0.0,-0.0,-0.0037673982701573656,1.0,0.516216216216217
2000-11-07,-0.08152519730869771,0.0,0.0,-0.0,-0.08152519730869771,1.0,0.4758013827781278
2000-11-08,-0.0001321091223271277,0.0,0.0,-0.0,-0.0001321091223271277,1.0,0.47573852922690213
2000-11-09,-0.05345819668134557,0.0,0.0,-0.0,-0.05345819668134557,1.0,0.4509742300439982
2000-11-10,0.001531927045642151,0.0,0.0,0.0,0.001531927045642151,1.0,0.4516656191074803
2000-11-13,0.05390607626139383,0.0,0.0,0.0,0.05390607626139383,1.0,0.4766813324952869
2000-11-14,0.02010249132560039,0.0,0.0,0.0,0.02010249132560039,1.0,0.48636077938403605
2000-11-15,-0.059914096320664086,0.0,0.0,-0.0,-0.059914096320664086,1.0,0.458076681332496
2000-11-16,-0.0006862947218790397,0.0,0.0,-0.0,-0.0006862947218790397,1.0,0.4577624135763678
2000-11-17,-0.041634718851137856,0.0,0.0,-0.0,-0.041634718851137856,1.0,0.4390949088623514
2000-11-20,-0.0015758186772108637,0.0,0.0,-0.0,-0.0015758186772108637,1.0,0.4384035197988693
2000-11-21,-0.04576249412702931,0.0,0.0,-0.0,-0.04576249412702931,1.0,0.4187932118164683
2000-11-22,0.05560635705355965,0.0,0.0,0.0,0.05560635705355965,1.0,0.4427404148334388
2000-11-24,-0.012571594141923007,0.0,0.0,-0.0,-0.012571594141923007,1.0,0.43720930232558214
2000-11-27,-0.060903197130173316,0.0,0.0,-0.0,-0.060903197130173316,1.0,0.41137649277184235
2000-11-28,-0.03910460071964818,0.0,0.0,-0.0,-0.03910460071964818,1.0,0.3956002514142056
2000-11-29,0.0006353240366176832,0.0,0.0,0.0,0.0006353240366176832,1.0,0.3958516656191081
2000-11-30,0.016065867686793286,0.0,0.0,0.0,0.016065867686793286,1.0,0.40226272784412387
2000-12-01,0.015504186535965254,0.0,0.0,0.0,0.015504186535965254,1.0,0.4085480829666883
2000-12-04,0.08391685028722559,0.0,0.0,0.0,0.08391685028722559,1.0,0.44431175361408
2000-12-05,-0.03879641500675599,0.0,0.0,-0.0,-0.03879641500675599,1.0,0.4274041483343816
2000-12-06,-0.022305757514298277,0.0,0.0,-0.0,-0.022305757514298277,1.0,0.41797611565053494
2000-12-07,0.022305757514298186,0.0,0.0,0.0,0.022305757514298186,1.0,0.42740414833438156
2000-12-08,0.08967938332081722,0.0,0.0,0.0,0.08967938332081722,1.0,0.4675047140163427
2000-12-11,-0.037254376620116214,0.0,0.0,-0.0,-0.037254376620116214,1.0,0.45040854808296743
2000-12-12,-0.04174692674329383,0.0,0.0,-0.0,-0.04174692674329383,1.0,0.4319924575738536
2000-12-13,-0.04996938383744944,0.0,0.0,-0.0,-0.04996938383744944,1.0,0.41093651791326274
2000-12-14,-0.02321007794925279,0.0,0.0,-0.0,-0.02321007794925279,1.0,0.4015084852294161
2000-12-15,0.0018767600128601842,0.0,0.0,0.0,0.0018767600128601842,1.0,0.40226272784412387
2000-12-18,-0.07914467352693329,0.0,0.0,-0.0,-0.07914467352693329,1.0,0.37165304839723506
2000-12-19,-0.05921980825129365,0.0,0.0,-0.0,-0.05921980825129365,1.0,0.350282840980516
2000-12-20,0.005903944155197393,0.0,0.0,0.0,0.005903944155197393,1.0,0.35235700817096227
2000-12-21,0.07622081930015354,0.0,0.0,0.0,0.07622081930015354,1.0,0.38026398491514835
2000-12-22,0.006261348516634738,0.0,0.0,0.0,0.006261348516634738,1.0,0.3826524198617229
2000-12-26,0.011107595417248034,0.0,0.0,0.0,0.011107595417248034,1.0,0.3869264613450667
2000-12-27,-0.0019512201312618048,0.0,0.0,-0.0,-0.0019512201312618048,1.0,0.38617221873035895
2000-12-28,-0.051087723413447916,0.0,0.0,-0.0,-0.051087723413447916,1.0,0.36693903205531186
2000-12-29,-0.08841383619757853,0.0,0.0,-0.0,-0.08841383619757853,1.0,0.33588937774984345
2001-01-02,0.155646566418841,0.0,0.0,0.0,0.155646566418841,1.0,0.3924575738529234
2001-01-03,-0.018263133872634698,0.0,0.0,-0.0,-0.018263133872634698,1.0,0.3853551225644256
2001-01-04,-0.0794040816488829,0.0,0.0,-0.0,-0.0794040816488829,1.0,0.35593966059082405
2001-01-05,0.01088876230863529,0.0,0.0,0.0,0.01088876230863529,1.0,0.35983658076681396
2001-01-08,0.0,0.0,0.0,0.0,0.0,1.0,0.35983658076681396
2001-01-09,0.05007858312533045,0.0,0.0,0.0,0.05007858312533045,1.0,0.3783155248271534
2001-01-10,0.028659948985377336,0.0,0.0,0.0,0.028659948985377336,1.0,0.38931489629164123
2001-01-11,0.012673627563595113,0.0,0.0,0.0,0.012673627563595113,1.0,0.39428032683846714
2001-01-12,-0.012028049749049726,0.0,0.0,-0.0,-0.012028049749049726,1.0,0.3895663104965438
2001-01-16,0.03019457098720949,0.0,0.0,0.0,0.03019457098720949,1.0,0.40150848522941623
2001-01-17,0.04109747316614138,0.0,0.0,0.0,0.04109747316614138,1.0,0.4183532369578889
2001-01-18,-0.0037630811321768634,0.0,0.0,-0.0,-0.0037630811321768634,1.0,0.4167818981772478
2001-01-19,0.001055090911052121,0.0,0.0,0.0,0.001055090911052121,1.0,0.41722187303582725
2001-01-22,0.02072381285619301,0.0,0.0,0.0,0.02072381285619301,1.0,0.4259585166561918
2001-01-23,-0.009488581197361451,0.0,0.0,-0.0,-0.009488581197361451,1.0,0.42193588937775056
2001-01-24,-0.039965814148933236,0.0,0.0,-0.0,-0.039965814148933236,1.0,0.40540540540540615
2001-01-25,0.01614798640798194,0.0,0.0,0.0,0.01614798640798194,1.0,0.4120050282840988
2001-01-26,0.02187940918125725,0.0,0.0,0.0,0.02187940918125725,1.0,0.4211187932118173
2001-01-29,-0.003738322110607104,0.0,0.0,-0.0,-0.003738322110607104,1.0,0.4195474544311762
2001-01-30,-0.037394666036785235,0.0,0.0,-0.0,-0.037394666036785235,1.0,0.4041483343808933
2001-01-31,0.013132672327280546,0.0,0.0,0.0,0.013132672327280546,1.0,0.4094908862350731
2001-02-01,-0.056842450940391705,0.0,0.0,-0.0,-0.056842450940391705,1.0,0.3868636077938411
2001-02-02,-0.0008126778179903221,0.0,0.0,-0.0,-0.0008126778179903221,1.0,0.3865493400377129
2001-02-05,0.001624695727001983,0.0,0.0,0.0,0.001624695727001983,1.0,0.38717787554996935
2001-02-06,-0.01636697746420536,0.0,0.0,-0.0,-0.01636697746420536,1.0,0.3808925204274049
2001-02-07,-0.030323120661105187,0.0,0.0,-0.0,-0.030323120661105187,1.0,0.3695160276555633
2001-02-08,-0.04150261391015042,0.0,0.0,-0.0,-0.04150261391015042,1.0,0.3544940289126342
2001-02-09,0.011984634104622418,0.0,0.0,0.0,0.011984634104622418,1.0,0.35876807039597797
2001-02-12,-0.032585452210773386,0.0,0.0,-0.0,-0.032585452210773386,1.0,0.3472658705216851
2001-02-13,0.03904666389690257,0.0,0.0,0.0,0.03904666389690257,1.0,0.36109365179132685
2001-02-14,0.016400885539416512,0.0,0.0,0.0,0.016400885539416512,1.0,0.367064739157763
2001-02-15,-0.05762185723258914,0.0,0.0,-0.0,-0.05762185723258914,1.0,0.3465116279069773
2001-02-16,-0.03959081609692157,0.0,0.0,-0.0,-0.03959081609692157,1.0,0.33306096794468937
2001-02-20,-0.028521408834980333,0.0,0.0,-0.0,-0.028521408834980333,1.0,0.32369578881206834
2001-02-21,-0.009756174945364685,0.0,0.0,-0.0,-0.009756174945364685,1.0,0.3205531112507861
2001-02-22,0.003523198007316878,0.0,0.0,0.0,0.003523198007316878,1.0,0.3216844751728477
2001-02-23,0.018775350715138753,0.0,0.0,0.0,0.018775350715138753,1.0,0.3277812696417352
2001-02-26,-0.062303883336154865,0.0,0.0,-0.0,-0.062303883336154865,1.0,0.3079824010056572
2001-02-27,-0.03214377305468967,0.0,0.0,-0.0,-0.03214377305468967,1.0,0.2982401005656824
2001-02-28,0.0280537878031645,0.0,0.0,0.0,0.0280537878031645,1.0,0.3067253299811444
2001-03-01,-0.04398614818424977,0.0,0.0,-0.0,-0.04398614818424977,1.0,0.29352608422375903
2001-03-02,0.018037624316547603,0.0,0.0,0.0,0.018037624316547603,1.0,0.29886863607793884
2001-03-05,0.03816863520247749,0.0,0.0,0.0,0.03816863520247749,1.0,0.310496543054683
2001-03-06,0.00040477636658729614,0.0,0.0,0.0,0.00040477636658729614,1.0,0.31062225015713435
2001-03-07,-0.01879140261702653,0.0,0.0,-0.0,-0.01879140261702653,1.0,0.30483972344437504
2001-03-08,-0.07268155143480481,0.0,0.0,-0.0,-0.07268155143480481,1.0,0.2834695160276559
2001-03-09,-0.06409516045640043,0.0,0.0,-0.0,-0.06409516045640043,1.0,0.2658705216844755
2001-03-12,0.04957787590768153,0.0,0.0,0.0,0.04957787590768153,1.0,0.2793840351979891
2001-03-13,-0.015873349156290233,0.0,0.0,-0.0,-0.015873349156290233,1.0,0.274984286612194
2001-03-14,-0.037256928355758986,0.0,0.0,-0.0,-0.037256928355758986,1.0,0.2649277184160909
2001-03-15,-0.022796428092383685,0.0,0.0,-0.0,-0.022796428092383685,1.0,0.2589566310496548
2001-03-16,0.048790164169431834,0.0,0.0,0.0,0.048790164169431834,1.0,0.27190446260213746
2001-03-19,-0.06963702580895487,0.0,0.0,-0.0,-0.06963702580895487,1.0,0.25361407919547496
2001-03-20,0.0,0.0,0.0,0.0,0.0,1.0,0.25361407919547496
2001-03-21,0.058946707871793104,0.0,0.0,0.0,0.058946707871793104,1.0,0.2690131992457578
2001-03-22,0.0,0.0,0.0,0.0,0.0,1.0,0.2690131992457578
2001-03-23,-0.02340255721927735,0.0,0.0,-0.0,-0.02340255721927735,1.0,0.26279069767441904
2001-03-26,0.033861688009414706,0.0,0.0,0.0,0.033861688009414706,1.0,0.2718416090509118
2001-03-27,-0.08564604568474349,0.0,0.0,-0.0,-0.08564604568474349,1.0,0.24952859836580812
2001-03-28,-0.019072415376387496,0.0,0.0,-0.0,-0.019072415376387496,1.0,0.24481458202388479
2001-03-29,0.0051216501200547025,0.0,0.0,0.0,0.0051216501200547025,1.0,0.24607165304839762
2001-03-30,-0.04572971801632587,0.0,0.0,-0.0,-0.04572971801632587,1.0,0.23507228158390986
2001-04-02,-0.07608442013302633,0.0,0.0,-0.0,-0.07608442013302633,1.0,0.21785040854808327
2001-04-03,-0.01775625169193861,0.0,0.0,-0.0,-0.01775625169193861,1.0,0.21401634192331898
2001-04-04,0.09143135463754534,0.0,0.0,0.0,0.09143135463754534,1.0,0.23450659962287912
2001-04-05,-0.02744364596226153,0.0,0.0,-0.0,-0.02744364596226153,1.0,0.228158390949089
2001-04-06,0.02045061047129084,0.0,0.0,0.0,0.02045061047129084,1.0,0.23287240729101233
2001-04-09,0.07159856054829605,0.0,0.0,0.0,0.07159856054829605,1.0,0.25015713387806454
2001-04-10,0.02970515441391591,0.0,0.0,0.0,0.02970515441391591,1.0,0.2576995600251419
2001-04-11,0.04296603588344334,0.0,0.0,0.0,0.04296603588344334,1.0,0.2690131992457579
2001-04-12,-0.061428098723178726,0.0,0.0,-0.0,-0.061428098723178726,1.0,0.25298554368321857
2001-04-16,0.02454110891611766,0.0,0.0,0.0,0.02454110891611766,1.0,0.259270898805783
2001-04-17,0.09915951092527735,0.0,0.0,0.0,0.09915951092527735,1.0,0.2862979258328101
2001-04-18,0.05862093695255968,0.0,0.0,0.0,0.05862093695255968,1.0,0.3035826524198623
2001-04-19,0.0020682530640590605,0.0,0.0,0.0,0.0020682530640590605,1.0,0.30421118793211877
2001-04-20,-0.06950953385959156,0.0,0.0,-0.0,-0.06950953385959156,1.0,0.2837837837837844
2001-04-23,-0.019005602811904523,0.0,0.0,-0.0,-0.019005602811904523,1.0,0.27844123192960457
2001-04-24,0.01789756945754288,0.0,0.0,0.0,0.01789756945754288,1.0,0.2834695160276562
2001-04-25,-0.025829622377446675,0.0,0.0,-0.0,-0.025829622377446675,1.0,0.2762413576367071
2001-04-26,0.026937655731808386,0.0,0.0,0.0,0.026937655731808386,1.0,0.28378378378378444
2001-04-27,0.021906681085866807,0.0,0.0,0.0,0.021906681085866807,1.0,0.2900691389063489
2001-04-30,0.04034517446744038,0.0,0.0,0.0,0.04034517446744038,1.0,0.3020113136392213
2001-05-01,0.019169916107720123,0.0,0.0,0.0,0.019169916107720123,1.0,0.30785669390320625
2001-05-02,-0.045528848600420654,0.0,0.0,-0.0,-0.045528848600420654,1.0,0.29415461973601575
2001-05-03,0.02947581813295368,0.0,0.0,0.0,0.02947581813295368,1.0,0.30295411690760604
2001-05-04,-0.020965128465044964,0.0,0.0,-0.0,-0.020965128465044964,1.0,0.2966687617850416
2001-05-07,0.02096512846504487,0.0,0.0,0.0,0.02096512846504487,1.0,0.30295411690760604
2001-05-08,-0.03483201733347865,0.0,0.0,-0.0,-0.03483201733347865,1.0,0.29258328095537467
2001-05-09,-0.01689814905752525,0.0,0.0,-0.0,-0.01689814905752525,1.0,0.2876807039597744
2001-05-10,-0.004818230959583537,0.0,0.0,-0.0,-0.004818230959583537,1.0,0.2862979258328102
2001-05-11,-0.01615615533318628,0.0,0.0,-0.0,-0.01615615533318628,1.0,0.2817096165933382
2001-05-14,0.007335811490213358,0.0,0.0,0.0,0.007335811490213358,1.0,0.28378378378378444
2001-05-15,0.043343729216472,0.0,0.0,0.0,0.043343729216472,1.0,0.2963544940289133
2001-05-16,0.015781495337403046,0.0,0.0,0.0,0.015781495337403046,1.0,0.30106851037083665
2001-05-17,0.0029184927949132172,0.0,0.0,0.0,0.0029184927949132172,1.0,0.3019484600879957
2001-05-18,0.06077154739889175,0.0,0.0,0.0,0.06077154739889175,1.0,0.3208673790069146
2001-05-21,-0.002942621054197424,0.0,0.0,-0.0,-0.002942621054197424,1.0,0.31992457573852995
2001-05-22,-0.045211114924463,0.0,0.0,-0.0,-0.045211114924463,1.0,0.30578252671276
2001-05-23,0.025369194125459005,0.0,0.0,0.0,0.025369194125459005,1.0,0.31363922061596555
2001-05-24,-0.01840480710698946,0.0,0.0,-0.0,-0.01840480710698946,1.0,0.30791954745443195
2001-05-25,-0.06036950024962521,0.0,0.0,-0.0,-0.06036950024962521,1.0,0.289880578252672
2001-05-29,-0.03733177845304113,0.0,0.0,-0.0,-0.03733177845304113,1.0,0.2792583280955381
2001-05-30,0.006729500496939618,0.0,0.0,0.0,0.006729500496939618,1.0,0.2811439346323074
2001-05-31,0.029083345256559156,0.0,0.0,0.0,0.029083345256559156,1.0,0.2894406033940925
2001-06-01,-0.0047888641802831195,0.0,0.0,-0.0,-0.0047888641802831195,1.0,0.2880578252671283
2001-06-04,0.04313221937793056,0.0,0.0,0.0,0.04313221937793056,1.0,0.3007542426147085
2001-06-05,-0.0077625481574960815,0.0,0.0,-0.0,-0.0077625481574960815,1.0,0.2984286612193596
2001-06-06,0.02537046034707699,0.0,0.0,0.0,0.02537046034707699,1.0,0.3060967944688883
2001-06-07,-0.02811221045645685,0.0,0.0,-0.0,-0.02811221045645685,1.0,0.29761156505342634
2001-06-08,-0.02783905693077153,0.0,0.0,-0.0,-0.02783905693077153,1.0,0.2894406033940925
2001-06-11,-0.005443671581176581,0.0,0.0,-0.0,-0.005443671581176581,1.0,0.2878692646134514
2001-06-12,-0.027671937203320996,0.0,0.0,-0.0,-0.027671937203320996,1.0,0.2800125707102458
2001-06-13,-0.05300780011363545,0.0,0.0,-0.0,-0.05300780011363545,1.0,0.26555625392834764
2001-06-14,0.00824989947214184,0.0,0.0,0.0,0.00824989947214184,1.0,0.26775612822124517
2001-06-15,-0.013470604258299395,0.0,0.0,-0.0,-0.013470604258299395,1.0,0.26417347580138345
2001-06-18,-0.005008955016537885,0.0,0.0,-0.0,-0.005008955016537885,1.0,0.26285355122564485
2001-06-19,0.02246222823832973,0.0,0.0,0.0,0.02246222823832973,1.0,0.2688246385920811
2001-06-20,0.013469780987733495,0.0,0.0,0.0,0.013469780987733495,1.0,0.2724701445631684
2001-06-21,-0.002309469848662529,0.0,0.0,-0.0,-0.002309469848662529,1.0,0.271841609050912
2001-06-22,0.002540123753502385,0.0,0.0,0.0,0.002540123753502385,1.0,0.2725329981143941
2001-06-25,0.0034534396011978827,0.0,0.0,0.0,0.0034534396011978827,1.0,0.27347580138277866
2001-06-26,0.006414684080718297,0.0,0.0,0.0,0.006414684080718297,1.0,0.2752357008170967
2001-06-27,0.012707227942281536,0.0,0.0,0.0,0.012707227942281536,1.0,0.2787554996857328
2001-06-28,0.029985589144570602,0.0,0.0,0.0,0.029985589144570602,1.0,0.2872407291011948
2001-06-29,-0.005485477276671203,0.0,0.0,-0.0,-0.005485477276671203,1.0,0.28566939032055366
2001-07-02,0.004171704370387004,0.0,0.0,0.0,0.004171704370387004,1.0,0.2868636077938409
2001-07-03,-0.049173673282473754,0.0,0.0,-0.0,-0.049173673282473754,1.0,0.27309868007542487
2001-07-05,-0.042309483098549504,0.0,0.0,-0.0,-0.042309483098549504,1.0,0.2617850408548088
2001-07-06,0.00860631656843906,0.0,0.0,0.0,0.00860631656843906,1.0,0.26404776869893204
2001-07-09,-0.03660571106879719,0.0,0.0,-0.0,-0.03660571106879719,1.0,0.25455688246385977
2001-07-10,0.012270092591814401,0.0,0.0,0.0,0.012270092591814401,1.0,0.257699560025142
2001-07-11,0.06148508365068089,0.0,0.0,0.0,0.06148508365068089,1.0,0.27404148334380957
2001-07-12,-0.010374732825551704,0.0,0.0,-0.0,-0.010374732825551704,1.0,0.27121307353865554
2001-07-13,-0.01871399643137353,0.0,0.0,-0.0,-0.01871399643137353,1.0,0.266184789440604
2001-07-16,0.02218421391038072,0.0,0.0,0.0,0.02218421391038072,1.0,0.2721558768070402
2001-07-17,-0.03885126639559243,0.0,0.0,-0.0,-0.03885126639559243,1.0,0.26178504085480886
2001-07-18,0.023491411244737415,0.0,0.0,0.0,0.023491411244737415,1.0,0.26800754242614766
2001-07-19,-0.023491411244737477,0.0,0.0,-0.0,-0.023491411244737477,1.0,0.2617850408548088
2001-07-20,-0.0252870269146452,0.0,0.0,-0.0,-0.0252870269146452,1.0,0.2552482715273418
2001-07-23,-0.011391901305435744,0.0,0.0,-0.0,-0.011391901305435744,1.0,0.2523570081709622
2001-07-24,0.00867953371972281,0.0,0.0,0.0,0.00867953371972281,1.0,0.2545568824638597
2001-07-25,0.014706147389695487,0.0,0.0,0.0,0.014706147389695487,1.0,0.2583280955373984
2001-07-26,0.02047031141102629,0.0,0.0,0.0,0.02047031141102629,1.0,0.26367064739157814
2001-07-27,-0.005977304108459414,0.0,0.0,-0.0,-0.005977304108459414,1.0,0.26209930861093705
2001-07-30,0.0014378147696274175,0.0,0.0,0.0,0.0014378147696274175,1.0,0.2624764299182909
2001-07-31,0.03158405353531882,0.0,0.0,0.0,0.03158405353531882,1.0,0.27089880578252723
2001-08-01,0.018619087463923968,0.0,0.0,0.0,0.018619087463923968,1.0,0.27598994343180444
2001-08-02,-0.016764659486964716,0.0,0.0,-0.0,-0.016764659486964716,1.0,0.27140163419233243
2001-08-03,-0.01587334915629012,0.0,0.0,-0.0,-0.01587334915629012,1.0,0.2671275927089886
2001-08-06,-0.005189914928334193,0.0,0.0,-0.0,-0.005189914928334193,1.0,0.2657448145820245
2001-08-07,-0.043012186889543454,0.0,0.0,-0.0,-0.043012186889543454,1.0,0.25455688246385977
2001-08-08,0.004188745806639675,0.0,0.0,0.0,0.004188745806639675,1.0,0.2556253928346957
2001-08-09,-0.009635652068771585,0.0,0.0,-0.0,-0.009635652068771585,1.0,0.2531741043368956
2001-08-10,0.02015305365182739,0.0,0.0,0.0,0.02015305365182739,1.0,0.25832809553739844
2001-08-13,-0.01224005489450195,0.0,0.0,-0.0,-0.01224005489450195,1.0,0.2551854179761162
2001-08-14,-0.03764559961636688,0.0,0.0,-0.0,-0.03764559961636688,1.0,0.24575738529226956
2001-08-15,0.011696039763191236,0.0,0.0,0.0,0.011696039763191236,1.0,0.24864864864864922
2001-08-16,-0.04656816547721155,0.0,0.0,-0.0,-0.04656816547721155,1.0,0.23733500942803318
2001-08-17,0.013677225307453593,0.0,0.0,0.0,0.013677225307453593,1.0,0.24060339409176665
2001-08-20,-0.042423328217562915,0.0,0.0,-0.0,-0.042423328217562915,1.0,0.23060967944688918
2001-08-21,0.026890568911853447,0.0,0.0,0.0,0.026890568911853447,1.0,0.23689503456945363
2001-08-22,-0.009865431299900904,0.0,0.0,-0.0,-0.009865431299900904,1.0,0.2345694531741048
2001-08-23,0.0516951428960725,0.0,0.0,0.0,0.0516951428960725,1.0,0.2470144563167824
2001-08-24,0.0012714559881968875,0.0,0.0,0.0,0.0012714559881968875,1.0,0.24732872407291065
2001-08-27,-0.03175689607741096,0.0,0.0,-0.0,-0.03175689607741096,1.0,0.23959773727215636
2001-08-28,-0.014799424445939095,0.0,0.0,-0.0,-0.014799424445939095,1.0,0.2360779384035203
2001-08-29,-0.03770960837605563,0.0,0.0,-0.0,-0.03770960837605563,1.0,0.22734129478315573
2001-08-30,0.0,0.0,0.0,0.0,0.0,1.0,0.22734129478315573
2001-08-31,-0.019542777178476224,0.0,0.0,-0.0,-0.019542777178476224,1.0,0.22294154619736062
2001-09-04,-0.0039548074144766104,0.0,0.0,-0.0,-0.0039548074144766104,1.0,0.2220615964802016
2001-09-05,-0.041317446984649245,0.0,0.0,-0.0,-0.041317446984649245,1.0,0.21307353865493445
2001-09-06,-0.005917177028088396,0.0,0.0,-0.0,-0.005917177028088396,1.0,0.21181646763042158
2001-09-07,0.01179954693115503,0.0,0.0,0.0,0.01179954693115503,1.0,0.21433060967944734
2001-09-10,-0.08887928947403448,0.0,0.0,-0.0,-0.08887928947403448,1.0,0.19610307982401046
2001-09-17,-0.022691411202070765,0.0,0.0,-0.0,-0.022691411202070765,1.0,0.19170333123821534
2001-09-18,-0.017529802284794126,0.0,0.0,-0.0,-0.017529802284794126,1.0,0.1883720930232562
2001-09-19,-0.03393606954731284,0.0,0.0,-0.0,-0.03393606954731284,1.0,0.18208673790069174
2001-09-20,-0.027293506655237786,0.0,0.0,-0.0,-0.027293506655237786,1.0,0.1771841609050915
2001-09-21,0.049144836987478666,0.0,0.0,0.0,0.049144836987478666,1.0,0.186109365179133
2001-09-24,0.003034903695154111,0.0,0.0,0.0,0.003034903695154111,1.0,0.1866750471401638
2001-09-25,-0.03529576591337543,0.0,0.0,-0.0,-0.03529576591337543,1.0,0.18020113136392243
2001-09-26,-0.006649193351503443,0.0,0.0,-0.0,-0.006649193351503443,1.0,0.1790069138906352
2001-09-27,0.017403850348761195,0.0,0.0,0.0,0.017403850348761195,1.0,0.18214959145191742
2001-09-28,-0.008664063901338158,0.0,0.0,-0.0,-0.008664063901338158,1.0,0.18057825267127628
2001-10-01,0.003127717580177783,0.0,0.0,0.0,0.003127717580177783,1.0,0.18114393463230707
2001-10-02,0.07291761391377012,0.0,0.0,0.0,0.07291761391377012,1.0,0.19484600879949754
2001-10-03,0.009630893060961366,0.0,0.0,0.0,0.009630893060961366,1.0,0.1967316153362669
2001-10-04,0.014589538832827431,0.0,0.0,0.0,0.014589538832827431,1.0,0.19962287869264655
2001-10-05,0.0031436681029675356,0.0,0.0,0.0,0.0031436681029675356,1.0,0.200251414204903
2001-10-08,-0.024465080411240053,0.0,0.0,-0.0,-0.024465080411240053,1.0,0.19541169076052836
2001-10-09,0.04435386526502926,0.0,0.0,0.0,0.04435386526502926,1.0,0.20427404148334422
2001-10-10,0.06549959761712174,0.0,0.0,0.0,0.06549959761712174,1.0,0.21810182275298598
2001-10-11,-0.004332136739134793,0.0,0.0,-0.0,-0.004332136739134793,1.0,0.2171590194846013
2001-10-12,-0.004350985834326146,0.0,0.0,-0.0,-0.004350985834326146,1.0,0.21621621621621662
2001-10-15,0.016147986407982158,0.0,0.0,0.0,0.016147986407982158,1.0,0.21973601508485271
2001-10-16,-0.07450410763723563,0.0,0.0,-0.0,-0.07450410763723563,1.0,0.203959773727216
2001-10-17,0.026757449169549117,0.0,0.0,0.0,0.026757449169549117,1.0,0.20949088623507264
2001-10-18,0.00657897109804234,0.0,0.0,0.0,0.00657897109804234,1.0,0.2108736643620368
2001-10-19,0.026472134041976923,0.0,0.0,0.0,0.026472134041976923,1.0,0.2165304839723448
2001-10-22,0.005211360954662981,0.0,0.0,0.0,0.005211360954662981,1.0,0.21766184789440637
2001-10-23,0.021426330317308576,0.0,0.0,0.0,0.021426330317308576,1.0,0.2223758642363297
2001-10-24,0.03935115644324584,0.0,0.0,0.0,0.03935115644324584,1.0,0.23130106851037116
2001-10-25,-0.021701167514101376,0.0,0.0,-0.0,-0.021701167514101376,1.0,0.22633563796354522
2001-10-26,-0.05626037395561046,0.0,0.0,-0.0,-0.05626037395561046,1.0,0.2139534883720933
2001-10-29,-0.01957938547148422,0.0,0.0,-0.0,-0.01957938547148422,1.0,0.20980515399120078
2001-10-30,0.015458096152715383,0.0,0.0,0.0,0.015458096152715383,1.0,0.21307353865493425
2001-10-31,0.041600452505145866,0.0,0.0,0.0,0.041600452505145866,1.0,0.22212445003142706
2001-11-01,0.007330170966434393,0.0,0.0,0.0,0.007330170966434393,1.0,0.2237586423632938
2001-11-02,0.03206465962950145,0.0,0.0,0.0,0.03206465962950145,1.0,0.23104965430546856
2001-11-05,0.03816340374993853,0.0,0.0,0.0,0.03816340374993853,1.0,0.2400377121307357
2001-11-06,-0.00131010106515173,0.0,0.0,-0.0,-0.00131010106515173,1.0,0.2397234443746075
2001-11-07,-0.010278124477239262,0.0,0.0,-0.0,-0.010278124477239262,1.0,0.2372721558768074
2001-11-08,-0.0005299417188147279,0.0,0.0,-0.0,-0.0005299417188147279,1.0,0.2371464487743561
2001-11-09,0.007130625750166817,0.0,0.0,0.0,0.007130625750166817,1.0,0.23884349465744853
2001-11-12,0.03516391245766697,0.0,0.0,0.0,0.03516391245766697,1.0,0.2473915776241362
2001-11-13,0.007088637277734536,0.0,0.0,0.0,0.007088637277734536,1.0,0.24915147705845422
2001-11-14,-0.004044494896506526,0.0,0.0,-0.0,-0.004044494896506526,1.0,0.24814582023884388
2001-11-15,-0.002790109609634723,0.0,0.0,-0.0,-0.002790109609634723,1.0,0.24745443117536176
2001-11-16,0.028050925088423658,0.0,0.0,0.0,0.028050925088423658,1.0,0.2544940289126339
2001-11-19,-0.04728475304370149,0.0,0.0,-0.0,-0.04728475304370149,1.0,0.2427404148334384
2001-11-20,0.0005177323439488503,0.0,0.0,0.0,0.0005177323439488503,1.0,0.2428661219358897
2001-11-21,0.016427474141947996,0.0,0.0,0.0,0.016427474141947996,1.0,0.24688874921433093
2001-11-23,0.02439452037830723,0.0,0.0,0.0,0.02439452037830723,1.0,0.2529855436832184
2001-11-26,-0.001243008239596914,0.0,0.0,-0.0,-0.001243008239596914,1.0,0.2526712759270902
2001-11-27,-0.036736239825619466,0.0,0.0,-0.0,-0.036736239825619466,1.0,0.24355751099937176
2001-11-28,0.030497916412927706,0.0,0.0,0.0,0.030497916412927706,1.0,0.2510999371464491
2001-11-29,-0.007537724131426746,0.0,0.0,-0.0,-0.007537724131426746,1.0,0.24921433060967976
2001-11-30,-0.01729882873023915,0.0,0.0,-0.0,-0.01729882873023915,1.0,0.24494028912633595
2001-12-03,0.04662498598086646,0.0,0.0,0.0,0.04662498598086646,1.0,0.2566310496543058
2001-12-04,0.048288539712304575,0.0,0.0,0.0,0.048288539712304575,1.0,0.269327467001886
2001-12-05,0.0013992539596443347,0.0,0.0,0.0,0.0013992539596443347,1.0,0.26970458830923977
2001-12-06,-0.02788460439997209,0.0,0.0,-0.0,-0.02788460439997209,1.0,0.2622878692646138
2001-12-07,-0.017648227899153327,0.0,0.0,-0.0,-0.017648227899153327,1.0,0.2576995600251417
2001-12-10,0.0055940800145008445,0.0,0.0,0.0,0.0055940800145008445,1.0,0.25914519170333156
2001-12-11,0.007972019512218122,0.0,0.0,0.0,0.007972019512218122,1.0,0.26121935889377784
2001-12-12,-0.04427678444265342,0.0,0.0,-0.0,-0.04427678444265342,1.0,0.24990571967316186
2001-12-13,0.008764297993588258,0.0,0.0,0.0,0.008764297993588258,1.0,0.2521055939660594
2001-12-14,0.01705640162815454,0.0,0.0,0.0,0.01705640162815454,1.0,0.2564424890006288
2001-12-17,0.01121142623298971,0.0,0.0,0.0,0.01121142623298971,1.0,0.25933375235700845
2001-12-18,-0.01834465042850663,0.0,0.0,-0.0,-0.01834465042850663,1.0,0.25461973601508514
2001-12-19,-0.04338637576272335,0.0,0.0,-0.0,-0.04338637576272335,1.0,0.24380892520427436
2001-12-20,0.01763173311340508,0.0,0.0,0.0,0.01763173311340508,1.0,0.24814582023884382
2001-12-21,-0.0040609192863149575,0.0,0.0,-0.0,-0.0040609192863149575,1.0,0.2471401634192335
2001-12-24,0.009365971516008147,0.0,0.0,0.0,0.009365971516008147,1.0,0.24946574481458234
2001-12-26,0.00803015607416962,0.0,0.0,0.0,0.00803015607416962,1.0,0.2514770584538029
2001-12-27,0.007966186016133065,0.0,0.0,0.0,0.007966186016133065,1.0,0.25348837209302355
2001-12-28,-0.035844321888814576,0.0,0.0,-0.0,-0.035844321888814576,1.0,0.24456316781898207
2001-12-31,0.030374392785499384,0.0,0.0,0.0,0.030374392785499384,1.0,0.2521055939660594
2002-01-02,0.03406774745469119,0.0,0.0,0.0,0.03406774745469119,1.0,0.26084223758642394
2002-01-03,0.004088018197709534,0.0,0.0,0.0,0.004088018197709534,1.0,0.2619107479572599
2002-01-04,-0.01110050008363616,0.0,0.0,-0.0,-0.01110050008363616,1.0,0.25901948460088026
2002-01-07,0.0067714889940506786,0.0,0.0,0.0,0.0067714889940506786,1.0,0.26077938403519835
2002-01-08,-0.009201033434989575,0.0,0.0,-0.0,-0.009201033434989575,1.0,0.2583909490886238
2002-01-09,0.006546271407609957,0.0,0.0,0.0,0.006546271407609957,1.0,0.2600879949717162
2002-01-10,-0.012890851011385058,0.0,0.0,-0.0,-0.012890851011385058,1.0,0.2567567567567571
2002-01-11,-0.02202786752565918,0.0,0.0,-0.0,-0.02202786752565918,1.0,0.2511627906976747
2002-01-14,0.009464578745713118,0.0,0.0,0.0,0.009464578745713118,1.0,0.2535512256442492
2002-01-15,-0.039438882711560076,0.0,0.0,-0.0,-0.039438882711560076,1.0,0.24374607165304865
2002-01-16,0.022186298266351278,0.0,0.0,0.0,0.022186298266351278,1.0,0.2492143306096797
2002-01-17,-0.027097772531329535,0.0,0.0,-0.0,-0.027097772531329535,1.0,0.24255185417976144
2002-01-18,-0.03132247112904127,0.0,0.0,-0.0,-0.03132247112904127,1.0,0.23507228158390975
2002-01-22,0.02716770015626636,0.0,0.0,0.0,0.02716770015626636,1.0,0.24154619736015115
2002-01-23,0.013183595367301073,0.0,0.0,0.0,0.013183595367301073,1.0,0.24475172847265905
2002-01-24,-0.0028288562004777137,0.0,0.0,-0.0,-0.0028288562004777137,1.0,0.24406033940917696
2002-01-25,0.005649732542118907,0.0,0.0,0.0,0.005649732542118907,1.0,0.24544311753614112
2002-01-28,-0.027783170901555188,0.0,0.0,-0.0,-0.027783170901555188,1.0,0.23871778755499715
2002-01-29,0.007606594053471183,0.0,0.0,0.0,0.007606594053471183,1.0,0.24054054054054083
2002-01-30,0.006251648389206521,0.0,0.0,0.0,0.006251648389206521,1.0,0.2420490257699563
2002-01-31,-0.009654347654544409,0.0,0.0,-0.0,-0.009654347654544409,1.0,0.2397234443746075
2002-02-01,-0.03251019053762151,0.0,0.0,-0.0,-0.03251019053762151,1.0,0.2320553111250789
2002-02-04,-0.01666022420840696,0.0,0.0,-0.0,-0.01666022420840696,1.0,0.22822124450031464
2002-02-05,-0.006908967651073178,0.0,0.0,-0.0,-0.006908967651073178,1.0,0.22664990571967353
2002-02-06,-0.02442226644167752,0.0,0.0,-0.0,-0.02442226644167752,1.0,0.22118164676304244
2002-02-07,0.027468094630512876,0.0,0.0,0.0,0.027468094630512876,1.0,0.2273412947831556
2002-02-08,0.01263753082671651,0.0,0.0,0.0,0.01263753082671651,1.0,0.23023255813953528
2002-02-11,-0.008223730557612496,0.0,0.0,-0.0,-0.008223730557612496,1.0,0.2283469516027659
2002-02-12,0.01692180116110039,0.0,0.0,0.0,0.01692180116110039,1.0,0.2322438717787559
2002-02-13,-0.0018962487058177626,0.0,0.0,-0.0,-0.0018962487058177626,1.0,0.23180389692017636
2002-02-14,-0.030280320607820002,0.0,0.0,-0.0,-0.030280320607820002,1.0,0.2248900062853555
2002-02-15,-0.031225926168231995,0.0,0.0,-0.0,-0.031225926168231995,1.0,0.21797611565053462
2002-02-19,0.013461466344332812,0.0,0.0,0.0,0.013461466344332812,1.0,0.22093023255813993
2002-02-20,-0.048676372635399416,0.0,0.0,-0.0,-0.048676372635399416,1.0,0.2104336895034573
2002-02-21,0.005064810469462334,0.0,0.0,0.0,0.005064810469462334,1.0,0.2115021998742933
2002-02-22,0.03962067887583757,0.0,0.0,0.0,0.03962067887583757,1.0,0.22005028284098094
2002-02-25,-0.0037201359257952545,0.0,0.0,-0.0,-0.0037201359257952545,1.0,0.2192331866750476
2002-02-26,-0.013857034661426354,0.0,0.0,-0.0,-0.013857034661426354,1.0,0.21621621621621662
2002-02-27,-0.018187652999698527,0.0,0.0,-0.0,-0.018187652999698527,1.0,0.2123192960402267
2002-02-28,0.05640159835162806,0.0,0.0,0.0,0.05640159835162806,1.0,0.22463859208045306
2002-03-01,0.0386932614324861,0.0,0.0,0.0,0.0386932614324861,1.0,0.2335009428032689
2002-03-04,0.007241549682175573,0.0,0.0,0.0,0.007241549682175573,1.0,0.23519798868636138
2002-03-05,0.004798729549905191,0.0,0.0,0.0,0.004798729549905191,1.0,0.23632935260842297
2002-03-06,0.0021253993123135366,0.0,0.0,0.0,0.0021253993123135366,1.0,0.23683218101822814
2002-03-07,0.025934655911043533,0.0,0.0,0.0,0.025934655911043533,1.0,0.24305468258956697
2002-03-08,-0.003626946981139507,0.0,0.0,-0.0,-0.003626946981139507,1.0,0.24217473287240798
2002-03-11,-0.013850998911680498,0.0,0.0,-0.0,-0.013850998911680498,1.0,0.23884349465744883
2002-03-12,-0.024508419028731465,0.0,0.0,-0.0,-0.024508419028731465,1.0,0.23306096794468953
2002-03-13,-0.005950788455977203,0.0,0.0,-0.0,-0.005950788455977203,1.0,0.23167818981772534
2002-03-14,0.009987935642948297,0.0,0.0,0.0,0.009987935642948297,1.0,0.23400377121307414
2002-03-15,0.005624763724765788,0.0,0.0,0.0,0.005624763724765788,1.0,0.23532369578881265
2002-03-18,-0.0016038495819744047,0.0,0.0,-0.0,-0.0016038495819744047,1.0,0.23494657448145884
2002-03-19,-0.035951584252245525,0.0,0.0,-0.0,-0.035951584252245525,1.0,0.22664990571967378
2002-03-20,0.026274089370180213,0.0,0.0,0.0,0.026274089370180213,1.0,0.23268384663733566
2002-03-21,-0.00922665975708749,0.0,0.0,-0.0,-0.00922665975708749,1.0,0.2305468258956637
2002-03-22,-0.031010236742560208,0.0,0.0,-0.0,-0.031010236742560208,1.0,0.22350722815839152
2002-03-25,0.009237294513811958,0.0,0.0,0.0,0.009237294513811958,1.0,0.22558139534883778
2002-03-26,-0.007832207869829537,0.0,0.0,-0.0,-0.007832207869829537,1.0,0.2238214959145197
2002-03-27,0.012557720485484966,0.0,0.0,0.0,0.012557720485484966,1.0,0.22664990571967372
2002-03-28,0.018954007883674455,0.0,0.0,0.0,0.018954007883674455,1.0,0.23098680075424322
2002-04-01,-0.04622203606372184,0.0,0.0,-0.0,-0.04622203606372184,1.0,0.22055311125078628
2002-04-02,-0.0017113523857283602,0.0,0.0,-0.0,-0.0017113523857283602,1.0,0.22017598994343238
2002-04-03,-0.007737536812204252,0.0,0.0,-0.0,-0.007737536812204252,1.0,0.21847894406033994
2002-04-04,-0.011283209535448742,0.0,0.0,-0.0,-0.011283209535448742,1.0,0.21602765556253983
2002-04-05,0.012433295918686225,0.0,0.0,0.0,0.012433295918686225,1.0,0.21873035826524254
2002-04-08,-0.035388983156227106,0.0,0.0,-0.0,-0.035388983156227106,1.0,0.2111250785669396
2002-04-09,0.007415131113821231,0.0,0.0,0.0,0.007415131113821231,1.0,0.21269641734758074
2002-04-10,-0.025135973271542388,0.0,0.0,-0.0,-0.025135973271542388,1.0,0.2074167190446266
2002-04-11,0.015634714147402157,0.0,0.0,0.0,0.015634714147402157,1.0,0.21068510370836016
2002-04-12,0.008022625112316191,0.0,0.0,0.0,0.008022625112316191,1.0,0.21238214959145252
2002-04-15,0.04088118187785285,0.0,0.0,0.0,0.04088118187785285,1.0,0.2212445003142684
2002-04-16,-0.005126755746345627,0.0,0.0,-0.0,-0.005126755746345627,1.0,0.22011313639220678
2002-04-17,-0.01931730818934753,0.0,0.0,-0.0,-0.01931730818934753,1.0,0.21590194846008856
2002-04-18,0.0031972124314251726,0.0,0.0,0.0,0.0031972124314251726,1.0,0.21659333752357066
2002-04-19,-0.02557082747558212,0.0,0.0,-0.0,-0.02557082747558212,1.0,0.2111250785669396
2002-04-22,-0.01741785775909993,0.0,0.0,-0.0,-0.01741785775909993,1.0,0.20747957259585217
2002-04-23,-0.015570456529409837,0.0,0.0,-0.0,-0.015570456529409837,1.0,0.2042740414833443
2002-04-24,-0.0024645730281616994,0.0,0.0,-0.0,-0.0024645730281616994,1.0,0.20377121307353918
2002-04-25,-0.04349882099251213,0.0,0.0,-0.0,-0.04349882099251213,1.0,0.1950974230044002
2002-04-26,0.0025740039951728426,0.0,0.0,0.0,0.0025740039951728426,1.0,0.19560025141420537
2002-04-29,0.019411906284913304,0.0,0.0,0.0,0.019411906284913304,1.0,0.1994343180389697
2002-04-30,-0.00537210961743079,0.0,0.0,-0.0,-0.00537210961743079,1.0,0.19836580766813372
2002-05-01,-0.03383599724909514,0.0,0.0,-0.0,-0.03383599724909514,1.0,0.19176618478944107
2002-05-02,-0.02556155769656937,0.0,0.0,-0.0,-0.02556155769656937,1.0,0.18692646134506644
2002-05-03,-0.02623212925075001,0.0,0.0,-0.0,-0.02623212925075001,1.0,0.18208673790069183
2002-05-06,-0.009363689015683541,0.0,0.0,-0.0,-0.009363689015683541,1.0,0.18038969201759944
2002-05-07,0.10162532551584938,0.0,0.0,0.0,0.10162532551584938,1.0,0.1996857322438723
2002-05-08,-0.02614944915081967,0.0,0.0,-0.0,-0.02614944915081967,1.0,0.19453174104336945
2002-05-09,-0.045950903050604126,0.0,0.0,-0.0,-0.045950903050604126,1.0,0.18579509742300485
2002-05-10,0.03979304855744226,0.0,0.0,0.0,0.03979304855744226,1.0,0.1933375235700822
2002-05-13,0.05717647465069892,0.0,0.0,0.0,0.05717647465069892,1.0,0.20471401634192382
2002-05-14,0.007341727684868271,0.0,0.0,0.0,0.007341727684868271,1.0,0.20622250157133928
2002-05-15,0.0015227656361117105,0.0,0.0,0.0,0.0015227656361117105,1.0,0.2065367693274675
2002-05-16,0.002127983779150975,0.0,0.0,0.0,0.002127983779150975,1.0,0.20697674418604703
2002-05-17,-0.022107133045165376,0.0,0.0,-0.0,-0.022107133045165376,1.0,0.20245128849780064
2002-05-20,-0.02770085837900723,0.0,0.0,-0.0,-0.02770085837900723,1.0,0.1969201759899439
2002-05-21,0.0022317879501073112,0.0,0.0,0.0,0.0022317879501073112,1.0,0.1973601508485234
2002-05-22,0.01986507070685925,0.0,0.0,0.0,0.01986507070685925,1.0,0.20131992457573902
2002-05-23,-0.02497363864958167,0.0,0.0,-0.0,-0.02497363864958167,1.0,0.1963544940289131
2002-05-24,-0.004491505786296699,0.0,0.0,-0.0,-0.004491505786296699,1.0,0.19547454431175412
2002-05-28,-0.026720390615940448,0.0,0.0,-0.0,-0.026720390615940448,1.0,0.19032055311125126
2002-05-29,0.008549871221238261,0.0,0.0,0.0,0.008549871221238261,1.0,0.19195474544311797
2002-05-30,-0.016507472894552403,0.0,0.0,-0.0,-0.016507472894552403,1.0,0.18881206788183574
2002-05-31,-0.03592389000339768,0.0,0.0,-0.0,-0.03592389000339768,1.0,0.18214959145191745
2002-06-03,0.013027266853778476,0.0,0.0,0.0,0.013027266853778476,1.0,0.18453802639849196
2002-06-04,0.010166132963471217,0.0,0.0,0.0,0.010166132963471217,1.0,0.1864236329352613
2002-06-05,-0.02665002268516055,0.0,0.0,-0.0,-0.02665002268516055,1.0,0.18152105593966103
2002-06-06,-0.020287509375433513,0.0,0.0,-0.0,-0.020287509375433513,1.0,0.17787554996857366
2002-06-07,-0.0017683470567420034,0.0,0.0,-0.0,-0.0017683470567420034,1.0,0.17756128221244544
2002-06-10,-0.028363057252624897,0.0,0.0,-0.0,-0.028363057252624897,1.0,0.17259585166561953
2002-06-11,0.014461568011834541,0.0,0.0,0.0,0.014461568011834541,1.0,0.17510999371464528
2002-06-12,-0.006481837602190806,0.0,0.0,-0.0,-0.006481837602190806,1.0,0.17397862979258366
2002-06-13,-0.002169982768322693,0.0,0.0,-0.0,-0.002169982768322693,1.0,0.17360150848522982
2002-06-14,0.03346698949023756,0.0,0.0,0.0,0.03346698949023756,1.0,0.1795097423004404
2002-06-17,0.015978109984658095,0.0,0.0,0.0,0.015978109984658095,1.0,0.18240100565682002
2002-06-18,-0.05963441616023832,0.0,0.0,-0.0,-0.05963441616023832,1.0,0.17184160905091178
2002-06-19,-0.03271667260899379,0.0,0.0,-0.0,-0.03271667260899379,1.0,0.16631049654305508
2002-06-20,-0.0244847732683132,0.0,0.0,-0.0,-0.0244847732683132,1.0,0.16228786926461383
2002-06-21,0.019559588089721483,0.0,0.0,0.0,0.019559588089721483,1.0,0.16549340037712168
2002-06-24,-0.03360038037895748,0.0,0.0,-0.0,-0.03360038037895748,1.0,0.16002514142049062
2002-06-25,0.0074349784875179905,0.0,0.0,0.0,0.0074349784875179905,1.0,0.16121935889377786
2002-06-26,0.021597445718536473,0.0,0.0,0.0,0.021597445718536473,1.0,0.16473915776241396
2002-06-27,-0.004205703006667275,0.0,0.0,-0.0,-0.004205703006667275,1.0,0.16404776869893184
2002-06-28,-0.04907756178600995,0.0,0.0,-0.0,-0.04907756178600995,1.0,0.1561910747957263
2002-07-01,-0.03688942868571362,0.0,0.0,-0.0,-0.03688942868571362,1.0,0.1505342551854183
2002-07-02,0.03285716515777502,0.0,0.0,0.0,0.03285716515777502,1.0,0.15556253928346983
2002-07-03,0.06226320730043565,0.0,0.0,0.0,0.06226320730043565,1.0,0.16555625392834727
2002-07-05,-0.03712723402889346,0.0,0.0,-0.0,-0.03712723402889346,1.0,0.1595223130106854
2002-07-08,-0.02877896455004329,0.0,0.0,-0.0,-0.02877896455004329,1.0,0.154996857322439
2002-07-09,-0.031304038798733294,0.0,0.0,-0.0,-0.031304038798733294,1.0,0.15021998742929002
2002-07-10,0.03696519423347155,0.0,0.0,0.0,0.03696519423347155,1.0,0.155876807039598
2002-07-11,0.0,0.0,0.0,0.0,0.0,1.0,0.155876807039598
2002-07-12,0.030576136132158725,0.0,0.0,0.0,0.030576136132158725,1.0,0.16071653048397264
2002-07-15,-0.014972698938576334,0.0,0.0,-0.0,-0.014972698938576334,1.0,0.15832809553739816
2002-07-16,0.018096481252259718,0.0,0.0,0.0,0.018096481252259718,1.0,0.1612193588937778
2002-07-17,-0.036526490083453676,0.0,0.0,-0.0,-0.036526490083453676,1.0,0.15543683218101853
2002-07-18,-0.03038000468172172,0.0,0.0,-0.0,-0.03038000468172172,1.0,0.15078566939032084
2002-07-19,-0.024901054487947435,0.0,0.0,-0.0,-0.024901054487947435,1.0,0.14707730986800782
2002-07-22,-0.04367506350266153,0.0,0.0,-0.0,-0.04367506350266153,1.0,0.1407919547454434
2002-07-23,0.05303285190822221,0.0,0.0,0.0,0.05303285190822221,1.0,0.14846008799497204
2002-07-24,-0.059751802156967064,0.0,0.0,-0.0,-0.059751802156967064,1.0,0.13984915147705876
2002-07-25,0.018700455907188485,0.0,0.0,0.0,0.018700455907188485,1.0,0.1424890006285358
2002-07-26,0.049902826591213,0.0,0.0,0.0,0.049902826591213,1.0,0.14978001257071055
2002-07-29,0.019942497217381276,0.0,0.0,0.0,0.019942497217381276,1.0,0.15279698302954145
2002-07-30,-0.019103570993681627,0.0,0.0,-0.0,-0.019103570993681627,1.0,0.14990571967316185
2002-07-31,-0.048098579469898456,0.0,0.0,-0.0,-0.048098579469898456,1.0,0.14286612193588966
2002-08-01,-0.021343629252202692,0.0,0.0,-0.0,-0.021343629252202692,1.0,0.13984915147705873
2002-08-02,-0.03708367240964793,0.0,0.0,-0.0,-0.03708367240964793,1.0,0.13475801382778158
2002-08-05,0.0482569730077732,0.0,0.0,0.0,0.0482569730077732,1.0,0.14142049025769987
2002-08-06,0.013245226750020723,0.0,0.0,0.0,0.013245226750020723,1.0,0.1433060967944692
2002-08-07,0.0332141809876446,0.0,0.0,0.0,0.0332141809876446,1.0,0.1481458202388438
2002-08-08,-0.010234630914701224,0.0,0.0,-0.0,-0.010234630914701224,1.0,0.14663733500942833
2002-08-09,0.0029959363303172564,0.0,0.0,0.0,0.0029959363303172564,1.0,0.14707730986800788
2002-08-12,-0.034786116085415424,0.0,0.0,-0.0,-0.034786116085415424,1.0,0.14204902576995632
2002-08-13,0.06176920338876648,0.0,0.0,0.0,0.06176920338876648,1.0,0.1510999371464491
2002-08-14,0.020177748603391086,0.0,0.0,0.0,0.020177748603391086,1.0,0.15417976115650567
2002-08-15,0.0069063853635335775,0.0,0.0,0.0,0.0069063853635335775,1.0,0.15524827152734164
2002-08-16,0.024001152099543045,0.0,0.0,0.0,0.024001152099543045,1.0,0.1590194846008803
2002-08-19,-0.004357305368955701,0.0,0.0,-0.0,-0.004357305368955701,1.0,0.15832809553739824
2002-08-20,0.02198753674522636,0.0,0.0,0.0,0.02198753674522636,1.0,0.16184789440603434
2002-08-21,0.015796899479252856,0.0,0.0,0.0,0.015796899479252856,1.0,0.16442489000628577
2002-08-22,-0.0393736300432498,0.0,0.0,-0.0,-0.0393736300432498,1.0,0.15807668133249564
2002-08-23,0.00396825917562067,0.0,0.0,0.0,0.00396825917562067,1.0,0.1587052168447521
2002-08-26,-0.035473288084253894,0.0,0.0,-0.0,-0.035473288084253894,1.0,0.1531741043368954
2002-08-27,-0.037203872677219176,0.0,0.0,-0.0,-0.037203872677219176,1.0,0.14758013827781305
2002-08-28,0.013116329354970537,0.0,0.0,0.0,0.013116329354970537,1.0,0.149528598365808
2002-08-29,-0.012690525644044907,0.0,0.0,-0.0,-0.012690525644044907,1.0,0.1476429918290387
2002-08-30,-0.03685654533583911,0.0,0.0,-0.0,-0.03685654533583911,1.0,0.14230043997485894
2002-09-03,0.003967384529469681,0.0,0.0,0.0,0.003967384529469681,1.0,0.14286612193588974
2002-09-04,-0.024945614236231674,0.0,0.0,-0.0,-0.024945614236231674,1.0,0.13934632306725367
2002-09-05,0.030211093711993663,0.0,0.0,0.0,0.030211093711993663,1.0,0.14362036455059748
2002-09-06,0.010015324299684868,0.0,0.0,0.0,0.010015324299684868,1.0,0.14506599622878727
2002-09-09,0.024396673298043285,0.0,0.0,0.0,0.024396673298043285,1.0,0.148648648648649
2002-09-10,-0.008492620045653588,0.0,0.0,-0.0,-0.008492620045653588,1.0,0.1473915776241361
2002-09-11,-0.027671458595991755,0.0,0.0,-0.0,-0.027671458595991755,1.0,0.14336895034569483
2002-09-12,0.00786030247879352,0.0,0.0,0.0,0.00786030247879352,1.0,0.14450031426775645
2002-09-13,-0.014458083175229888,0.0,0.0,-0.0,-0.014458083175229888,1.0,0.1424261470773102
2002-09-16,-0.02141027367763925,0.0,0.0,-0.0,-0.02141027367763925,1.0,0.13940917661847926
2002-09-17,-0.011335419492424113,0.0,0.0,-0.0,-0.011335419492424113,1.0,0.13783783783783818
2002-09-18,-0.01608860259980827,0.0,0.0,-0.0,-0.01608860259980827,1.0,0.13563796354494062
2002-09-19,0.004161855718279269,0.0,0.0,0.0,0.004161855718279269,1.0,0.13620364550597142
2002-09-20,-0.03045445009946269,0.0,0.0,-0.0,-0.03045445009946269,1.0,0.13211816467630455
2002-09-23,0.00047562426580340155,0.0,0.0,0.0,0.00047562426580340155,1.0,0.13218101822753017
2002-09-24,0.03916584497406798,0.0,0.0,0.0,0.03916584497406798,1.0,0.1374607165304843
2002-09-25,-0.012422519998557096,0.0,0.0,-0.0,-0.012422519998557096,1.0,0.13576367064739192
2002-09-26,-0.013516868579593687,0.0,0.0,-0.0,-0.013516868579593687,1.0,0.13394091766184818
2002-09-27,-0.02807702871924347,0.0,0.0,-0.0,-0.02807702871924347,1.0,0.13023255813953516
2002-09-30,0.05903353158419314,0.0,0.0,0.0,0.05903353158419314,1.0,0.13815210559396637
2002-10-01,-0.03377605360504944,0.0,0.0,-0.0,-0.03377605360504944,1.0,0.1335637963544943
2002-10-02,-0.024292692569044587,0.0,0.0,-0.0,-0.024292692569044587,1.0,0.13035826524198643
2002-10-03,-0.01898329091277717,0.0,0.0,-0.0,-0.01898329091277717,1.0,0.12790697674418633
2002-10-04,-0.009380468685436195,0.0,0.0,-0.0,-0.009380468685436195,1.0,0.12671275927089906
2002-10-07,0.0019821612039912025,0.0,0.0,0.0,0.0019821612039912025,1.0,0.12696417347580166
2002-10-08,-0.00695482187336961,0.0,0.0,-0.0,-0.00695482187336961,1.0,0.12608422375864264
2002-10-09,0.049596941139372186,0.0,0.0,0.0,0.049596941139372186,1.0,0.13249528598365834
2002-10-10,0.052668060538322466,0.0,0.0,0.0,0.052668060538322466,1.0,0.1396605908233818
2002-10-11,0.011633240814006459,0.0,0.0,0.0,0.011633240814006459,1.0,0.1412947831552486
2002-10-14,0.04692433375789564,0.0,0.0,0.0,0.04692433375789564,1.0,0.1480829666876182
2002-10-15,-0.0336674007643498,0.0,0.0,-0.0,-0.0336674007643498,1.0,0.14318038969201793
2002-10-16,0.0332428624433907,0.0,0.0,0.0,0.0332428624433907,1.0,0.14802011313639257
2002-10-17,0.010979840036344654,0.0,0.0,0.0,0.010979840036344654,1.0,0.1496543054682593
2002-10-18,0.019959082515309774,0.0,0.0,0.0,0.019959082515309774,1.0,0.15267127592709023
2002-10-21,-0.006194527344695652,0.0,0.0,-0.0,-0.006194527344695652,1.0,0.15172847265870557
2002-10-22,0.018876227268931615,0.0,0.0,0.0,0.018876227268931615,1.0,0.1546197360150852
2002-10-23,-0.025526293338948996,0.0,0.0,-0.0,-0.025526293338948996,1.0,0.15072281583909522
2002-10-24,0.029583094034563308,0.0,0.0,0.0,0.029583094034563308,1.0,0.15524827152734164
2002-10-25,-0.00853837266985521,0.0,0.0,-0.0,-0.00853837266985521,1.0,0.1539283469516031
2002-10-28,-0.023549941881645213,0.0,0.0,-0.0,-0.023549941881645213,1.0,0.1503456945317414
2002-10-29,0.02640417419651071,0.0,0.0,0.0,0.02640417419651071,1.0,0.15436832181018262
2002-10-30,-0.00040724903841207315,0.0,0.0,-0.0,-0.00040724903841207315,1.0,0.15430546825895697
2002-10-31,0.028114301480839255,0.0,0.0,0.0,0.028114301480839255,1.0,0.15870521684475208
2002-11-01,0.025416812984123256,0.0,0.0,0.0,0.025416812984123256,1.0,0.16279069767441895
2002-11-04,0.007692345623155865,0.0,0.0,0.0,0.007692345623155865,1.0,0.1640477686989319
2002-11-05,0.014076701910362118,0.0,0.0,0.0,0.014076701910362118,1.0,0.1663733500942807
2002-11-06,-0.035766165634616605,0.0,0.0,-0.0,-0.035766165634616605,1.0,0.16052796983029577
2002-11-07,-0.01857393843419111,0.0,0.0,-0.0,-0.01857393843419111,1.0,0.1575738529226905
2002-11-08,-0.030784123842170136,0.0,0.0,-0.0,-0.030784123842170136,1.0,0.1527969830295415
2002-11-11,0.025184109207434573,0.0,0.0,0.0,0.025184109207434573,1.0,0.15669390320553145
2002-11-12,0.011961865117499885,0.0,0.0,0.0,0.011961865117499885,1.0,0.15857950974230078
2002-11-13,0.033901551675681416,0.0,0.0,0.0,0.033901551675681416,1.0,0.16404776869893184
2002-11-14,0.012942700654837788,0.0,0.0,0.0,0.012942700654837788,1.0,0.16618478944060375
2002-11-15,-0.014860246784109646,0.0,0.0,-0.0,-0.014860246784109646,1.0,0.1637335009428036
2002-11-18,-0.015474196582597478,0.0,0.0,-0.0,-0.015474196582597478,1.0,0.1612193588937778
2002-11-19,0.041617000057018586,0.0,0.0,0.0,0.041617000057018586,1.0,0.16807039597737305
2002-11-20,0.03635428795388968,0.0,0.0,0.0,0.03635428795388968,1.0,0.17429289754871186
2002-11-21,-0.00036068530598420224,0.0,0.0,-0.0,-0.00036068530598420224,1.0,0.17423004399748623
2002-11-22,0.009693129205659751,0.0,0.0,0.0,0.009693129205659751,1.0,0.17592708988057862
2002-11-25,-0.034160298234871565,0.0,0.0,-0.0,-0.034160298234871565,1.0,0.17001885606536804
2002-11-26,0.03129804225574032,0.0,0.0,0.0,0.03129804225574032,1.0,0.17542426147077347
2002-11-27,-0.006830873226528383,0.0,0.0,-0.0,-0.006830873226528383,1.0,0.17423004399748623
2002-11-29,0.010050335853501506,0.0,0.0,0.0,0.010050335853501506,1.0,0.1759899434318043
2002-12-02,-0.03009108673694749,0.0,0.0,-0.0,-0.03009108673694749,1.0,0.1707730986800758
2002-12-03,-0.022330663666534283,0.0,0.0,-0.0,-0.022330663666534283,1.0,0.16700188560653714
2002-12-04,-0.014023349004670995,0.0,0.0,-0.0,-0.014023349004670995,1.0,0.16467630421118828
2002-12-05,0.010252605471958753,0.0,0.0,0.0,0.010252605471958753,1.0,0.16637335009428067
2002-12-06,-0.04837468570223646,0.0,0.0,-0.0,-0.04837468570223646,1.0,0.1585166561910751
2002-12-09,0.014955020948743458,0.0,0.0,0.0,0.014955020948743458,1.0,0.16090509113764961
2002-12-10,0.004676547883901803,0.0,0.0,0.0,0.004676547883901803,1.0,0.16165933375235733
2002-12-11,0.0054284739742928865,0.0,0.0,0.0,0.0054284739742928865,1.0,0.16253928346951638
2002-12-12,-0.032222827111813665,0.0,0.0,-0.0,-0.032222827111813665,1.0,0.15738529226901354
2002-12-13,0.03183605472254038,0.0,0.0,0.0,0.03183605472254038,1.0,0.16247642991829075
2002-12-16,0.003089998596134904,0.0,0.0,0.0,0.003089998596134904,1.0,0.16297925832809593
2002-12-17,-0.021439137264331463,0.0,0.0,-0.0,-0.021439137264331463,1.0,0.15952231301068548
2002-12-18,-0.012688512818319378,0.0,0.0,-0.0,-0.012688512818319378,1.0,0.15751099937146484
2002-12-19,0.010321647808053287,0.0,0.0,0.0,0.010321647808053287,1.0,0.1591451917033316
2002-12-20,0.013728397607073626,0.0,0.0,0.0,0.013728397607073626,1.0,0.16134506599622916
2002-12-23,-0.01254426484585687,0.0,0.0,-0.0,-0.01254426484585687,1.0,0.15933375235700856
2002-12-24,-0.0027651607585355556,0.0,0.0,-0.0,-0.0027651607585355556,1.0,0.15889377749842903
2002-12-26,-0.01836378950219551,0.0,0.0,-0.0,-0.01836378950219551,1.0,0.15600251414204938
2002-12-27,-0.0076845676440146365,0.0,0.0,-0.0,-0.0076845676440146365,1.0,0.15480829666876214
2002-12-30,-0.010612344495331579,0.0,0.0,-0.0,-0.010612344495331579,1.0,0.15317410433689538
2002-12-31,0.04139630638737592,0.0,0.0,0.0,0.04139630638737592,1.0,0.15964802011313672
2003-01-02,0.010963304797269594,0.0,0.0,0.0,0.010963304797269594,1.0,0.16140791954745481
2003-01-03,0.02461662763535603,0.0,0.0,0.0,0.02461662763535603,1.0,0.16543054682589606
2003-01-06,0.012460044154737107,0.0,0.0,0.0,0.012460044154737107,1.0,0.16750471401634232
2003-01-07,-0.028546181906361497,0.0,0.0,-0.0,-0.028546181906361497,1.0,0.162790697674419
2003-01-08,0.03042059670071172,0.0,0.0,0.0,0.03042059670071172,1.0,0.1678189817724705
2003-01-09,0.014870162479451407,0.0,0.0,0.0,0.014870162479451407,1.0,0.1703331238214963
2003-01-10,-0.005921556903437321,0.0,0.0,-0.0,-0.005921556903437321,1.0,0.16932746700188597
2003-01-13,0.005183277061856152,0.0,0.0,0.0,0.005183277061856152,1.0,0.17020741671904493
2003-01-14,-0.012634876370277114,0.0,0.0,-0.0,-0.012634876370277114,1.0,0.16807039597737305
2003-01-15,-0.011282556690311458,0.0,0.0,-0.0,-0.011282556690311458,1.0,0.16618478944060375
2003-01-16,-0.04367844042645294,0.0,0.0,-0.0,-0.04367844042645294,1.0,0.1590823381521059
2003-01-17,-0.011124469113349748,0.0,0.0,-0.0,-0.011124469113349748,1.0,0.15732243871778787
2003-01-21,-0.004003207908216356,0.0,0.0,-0.0,-0.004003207908216356,1.0,0.15669390320553142
2003-01-22,0.02299863461825357,0.0,0.0,0.0,0.02299863461825357,1.0,0.1603394091766188
2003-01-23,-0.027420752377258977,0.0,0.0,-0.0,-0.027420752377258977,1.0,0.15600251414204933
2003-01-24,-0.011752921506063151,0.0,0.0,-0.0,-0.011752921506063151,1.0,0.15417976115650564
2003-01-27,0.010140017930598363,0.0,0.0,0.0,0.010140017930598363,1.0,0.15575109993714673
2003-01-28,0.01482102034475165,0.0,0.0,0.0,0.01482102034475165,1.0,0.15807668133249556
2003-01-29,-0.02618477899506691,0.0,0.0,-0.0,-0.02618477899506691,1.0,0.15399120050282866
2003-01-30,-0.002451983247286645,0.0,0.0,-0.0,-0.002451983247286645,1.0,0.15361407919547482
2003-01-31,0.0020437366606817866,0.0,0.0,0.0,0.0020437366606817866,1.0,0.15392834695160304
2003-02-03,-0.012325546342140425,0.0,0.0,-0.0,-0.012325546342140425,1.0,0.15204274041483373
2003-02-04,-0.004557704181315738,0.0,0.0,-0.0,-0.004557704181315738,1.0,0.1513513513513516
2003-02-05,0.005384150509346936,0.0,0.0,0.0,0.005384150509346936,1.0,0.152168447517285
2003-02-06,-0.016660110451195774,0.0,0.0,-0.0,-0.016660110451195774,1.0,0.1496543054682592
2003-02-07,0.008781156153066095,0.0,0.0,0.0,0.008781156153066095,1.0,0.15097423004399776
2003-02-10,0.0053975634467441315,0.0,0.0,0.0,0.0053975634467441315,1.0,0.1517913262099311
2003-02-11,-0.013758816171427584,0.0,0.0,-0.0,-0.013758816171427584,1.0,0.14971715901948487
2003-02-12,0.0050251362026729795,0.0,0.0,0.0,0.0050251362026729795,1.0,0.1504714016341926
2003-02-13,0.022714170834249144,0.0,0.0,0.0,0.022714170834249144,1.0,0.15392834695160298
2003-02-14,0.0305612847572926,0.0,0.0,0.0,0.0305612847572926,1.0,0.158705216844752
2003-02-18,-0.006755439956649003,0.0,0.0,-0.0,-0.006755439956649003,1.0,0.15763670647391603
2003-02-19,-0.00399521106728822,0.0,0.0,-0.0,-0.00399521106728822,1.0,0.15700817096165962
2003-02-20,0.0075773044497928375,0.0,0.0,0.0,0.0075773044497928375,1.0,0.15820238843494686
2003-02-21,-0.017231442182882795,0.0,0.0,-0.0,-0.017231442182882795,1.0,0.15549968573224413
2003-02-24,0.0012118765369263827,0.0,0.0,0.0,0.0012118765369263827,1.0,0.15568824638592108
2003-02-25,-0.022454505376322074,0.0,0.0,-0.0,-0.022454505376322074,1.0,0.15223130106851063
2003-02-26,0.02245450537632203,0.0,0.0,0.0,0.02245450537632203,1.0,0.15568824638592108
2003-02-27,0.01562218833097156,0.0,0.0,0.0,0.01562218833097156,1.0,0.15813953488372118
2003-02-28,-0.020478531343540676,0.0,0.0,-0.0,-0.020478531343540676,1.0,0.15493400377121333
2003-03-03,-0.006103782938017799,0.0,0.0,-0.0,-0.006103782938017799,1.0,0.15399120050282866
2003-03-04,0.002038736689848309,0.0,0.0,0.0,0.002038736689848309,1.0,0.15430546825895688
2003-03-05,-0.002446983276453252,0.0,0.0,-0.0,-0.002446983276453252,1.0,0.15392834695160298
2003-03-06,0.002039568318689089,0.0,0.0,0.0,0.002039568318689089,1.0,0.15424261470773123
2003-03-07,-0.02183402904960337,0.0,0.0,-0.0,-0.02183402904960337,1.0,0.15091137649277211
2003-03-10,-0.008784829555732915,0.0,0.0,-0.0,-0.008784829555732915,1.0,0.14959145191703357
2003-03-11,0.01790595415100529,0.0,0.0,0.0,0.01790595415100529,1.0,0.1522941546197363
2003-03-12,0.05578176164015379,0.0,0.0,0.0,0.05578176164015379,1.0,0.16103079824010083
2003-03-13,0.0038956029008304555,0.0,0.0,0.0,0.0038956029008304555,1.0,0.16165933375235728
2003-03-14,0.033642316418234806,0.0,0.0,0.0,0.033642316418234806,1.0,0.16719044626021398
2003-03-17,0.012329691035854141,0.0,0.0,0.0,0.012329691035854141,1.0,0.16926461345066024
2003-03-18,-0.008577341417303755,0.0,0.0,-0.0,-0.008577341417303755,1.0,0.1678189817724704
2003-03-19,0.003738322110607158,0.0,0.0,0.0,0.003738322110607158,1.0,0.16844751728472684
2003-03-20,0.013711535921445313,0.0,0.0,0.0,0.013711535921445313,1.0,0.17077309868007567
2003-03-21,-0.04247960609788803,0.0,0.0,-0.0,-0.04247960609788803,1.0,0.16367064739157783
2003-03-24,0.014108908968672468,0.0,0.0,0.0,0.014108908968672468,1.0,0.16599622878692671
2003-03-25,0.0056635982991921135,0.0,0.0,0.0,0.0056635982991921135,1.0,0.16693903205531135
2003-03-26,-0.007179324243037704,0.0,0.0,-0.0,-0.007179324243037704,1.0,0.1657448145820241
2003-03-27,-0.011058263306743196,0.0,0.0,-0.0,-0.011058263306743196,1.0,0.16392206159648043
2003-03-28,-0.03234258133708332,0.0,0.0,-0.0,-0.03234258133708332,1.0,0.15870521684475197
2003-03-31,0.007889587275162924,0.0,0.0,0.0,0.007889587275162924,1.0,0.15996228786926486
2003-04-01,0.02713344751440005,0.0,0.0,0.0,0.02713344751440005,1.0,0.16436203645505995
2003-04-02,0.012540540557875618,0.0,0.0,0.0,0.012540540557875618,1.0,0.1664362036455062
2003-04-03,-0.016371962869431555,0.0,0.0,-0.0,-0.016371962869431555,1.0,0.1637335009428035
2003-04-04,0.0015343309492610044,0.0,0.0,0.0,0.0015343309492610044,1.0,0.16398491514770605
2003-04-07,-0.0011505274519380746,0.0,0.0,-0.0,-0.0011505274519380746,1.0,0.1637963544940291
2003-04-08,-0.023292978567438484,0.0,0.0,-0.0,-0.023292978567438484,1.0,0.16002514142049046
2003-04-09,0.012102431535013078,0.0,0.0,0.0,0.012102431535013078,1.0,0.16197360150848542
2003-04-10,-0.010140492510553552,0.0,0.0,-0.0,-0.010140492510553552,1.0,0.16033940917661868
2003-04-11,0.02017918685275399,0.0,0.0,0.0,0.02017918685275399,1.0,0.16360779384035218
2003-04-14,0.009558474609935808,0.0,0.0,0.0,0.009558474609935808,1.0,0.1651791326209933
2003-04-15,-0.0022857152808560626,0.0,0.0,-0.0,-0.0022857152808560626,1.0,0.16480201131363942
2003-04-16,0.022625399517978827,0.0,0.0,0.0,0.022625399517978827,1.0,0.16857322438717812
2003-04-17,0.0037216269229945727,0.0,0.0,0.0,0.0037216269229945727,1.0,0.16920175989943453
2003-04-21,0.018767800172984742,0.0,0.0,0.0,0.018767800172984742,1.0,0.17240729101194238
2003-04-22,0.007264833985813295,0.0,0.0,0.0,0.007264833985813295,1.0,0.17366436203645524
2003-04-23,-0.005443671581176581,0.0,0.0,-0.0,-0.005443671581176581,1.0,0.1727215587680706
2003-04-24,-0.019475169999142467,0.0,0.0,-0.0,-0.019475169999142467,1.0,0.16939032055311146
2003-04-25,0.019475169999142485,0.0,0.0,0.0,0.019475169999142485,1.0,0.1727215587680706
2003-04-28,0.009056392273538164,0.0,0.0,0.0,0.009056392273538164,1.0,0.17429289754871174
2003-04-29,-0.010148691672147023,0.0,0.0,-0.0,-0.010148691672147023,1.0,0.1725329981143937
2003-04-30,0.008705169227330807,0.0,0.0,0.0,0.008705169227330807,1.0,0.17404148334380917
2003-05-01,0.021083503845501627,0.0,0.0,0.0,0.021083503845501627,1.0,0.17774984286612222
2003-05-02,-0.0010613834359221215,0.0,0.0,-0.0,-0.0010613834359221215,1.0,0.17756128221244527
2003-05-05,0.012662849469568822,0.0,0.0,0.0,0.012662849469568822,1.0,0.17982401005656845
2003-05-06,-0.011247921748543067,0.0,0.0,-0.0,-0.011247921748543067,1.0,0.17781269641734784
2003-05-07,-0.018552083994767623,0.0,0.0,-0.0,-0.018552083994767623,1.0,0.17454431175361432
2003-05-08,0.02278489454738841,0.0,0.0,0.0,0.02278489454738841,1.0,0.17856693903205553
2003-05-09,0.01502211655065168,0.0,0.0,0.0,0.01502211655065168,1.0,0.18126964173475824
2003-05-12,-0.006260890016722532,0.0,0.0,-0.0,-0.006260890016722532,1.0,0.18013827781269665
2003-05-13,-0.0020957045742188815,0.0,0.0,-0.0,-0.0020957045742188815,1.0,0.17976115650534277
2003-05-14,0.011126679464757053,0.0,0.0,0.0,0.011126679464757053,1.0,0.1817724701445634
2003-05-15,-0.007636274524988597,0.0,0.0,-0.0,-0.007636274524988597,1.0,0.18038969201759925
2003-05-16,-0.03582578558270483,0.0,0.0,-0.0,-0.03582578558270483,1.0,0.17404148334380917
2003-05-19,0.0028849641358375706,0.0,0.0,0.0,0.0028849641358375706,1.0,0.1745443117536143
2003-05-20,-0.0028849641358376743,0.0,0.0,-0.0,-0.0028849641358376743,1.0,0.17404148334380912
2003-05-21,0.01434230393328184,0.0,0.0,0.0,0.01434230393328184,1.0,0.1765556253928349
2003-05-22,0.00035593522354785193,0.0,0.0,0.0,0.00035593522354785193,1.0,0.17661847894406055
2003-05-23,0.034968597837746855,0.0,0.0,0.0,0.034968597837746855,1.0,0.18290383406662497
2003-05-27,0.003088010688576545,0.0,0.0,0.0,0.003088010688576545,1.0,0.18346951602765574
2003-05-28,0.004102569856777684,0.0,0.0,0.0,0.004102569856777684,1.0,0.18422375864236346
2003-05-29,0.016244012002389896,0.0,0.0,0.0,0.016244012002389896,1.0,0.1872407291011944
2003-05-30,-0.007074309442537154,0.0,0.0,-0.0,-0.007074309442537154,1.0,0.18592080452545587
2003-06-02,0.009421334828390615,0.0,0.0,0.0,0.009421334828390615,1.0,0.18768070395977393
2003-06-03,0.018580494720102488,0.0,0.0,0.0,0.018580494720102488,1.0,0.19120050282841
2003-06-04,0.0072060580412436435,0.0,0.0,0.0,0.0072060580412436435,1.0,0.19258328095537416
2003-06-05,-0.016784991730180755,0.0,0.0,-0.0,-0.016784991730180755,1.0,0.1893777498428663
2003-06-06,-0.013364716132203488,0.0,0.0,-0.0,-0.013364716132203488,1.0,0.18686360779384054
2003-06-09,0.01502281632969661,0.0,0.0,0.0,0.01502281632969661,1.0,0.18969201759899454
2003-06-10,0.011202753076553449,0.0,0.0,0.0,0.011202753076553449,1.0,0.19182903834066645
2003-06-11,0.004250455965964116,0.0,0.0,0.0,0.004250455965964116,1.0,0.19264613450659984
2003-06-12,-0.022769503733201555,0.0,0.0,-0.0,-0.022769503733201555,1.0,0.1883092394720304
2003-06-13,0.03024556650755662,0.0,0.0,0.0,0.03024556650755662,1.0,0.19409176618478968
2003-06-16,-0.0038935805191320986,0.0,0.0,-0.0,-0.0038935805191320986,1.0,0.19333752357008196
2003-06-17,0.0051880790817778995,0.0,0.0,0.0,0.0051880790817778995,1.0,0.19434318038969228
2003-06-18,-0.01630293688807441,0.0,0.0,-0.0,-0.01630293688807441,1.0,0.19120050282841006
2003-06-19,-0.0013157896635200795,0.0,0.0,-0.0,-0.0013157896635200795,1.0,0.19094908862350746
2003-06-20,-0.015591624525770132,0.0,0.0,-0.0,-0.015591624525770132,1.0,0.18799497171590218
2003-06-23,-0.007719454342676979,0.0,0.0,-0.0,-0.007719454342676979,1.0,0.18654934003771234
2003-06-24,-0.005405418566907935,0.0,0.0,-0.0,-0.005405418566907935,1.0,0.18554368321810205
2003-06-25,0.02343595711232181,0.0,0.0,0.0,0.02343595711232181,1.0,0.18994343180389714
2003-06-26,-0.01298935831793642,0.0,0.0,-0.0,-0.01298935831793642,1.0,0.187492143306097
2003-06-27,0.004014726034801182,0.0,0.0,0.0,0.004014726034801182,1.0,0.18824638592080473
2003-06-30,0.013267192944049079,0.0,0.0,0.0,0.013267192944049079,1.0,0.19076052796983053
2003-07-01,0.020222476479604075,0.0,0.0,0.0,0.020222476479604075,1.0,0.19465744814582048
2003-07-02,-0.012672793484195163,0.0,0.0,-0.0,-0.012672793484195163,1.0,0.19220615964802035
2003-07-03,0.041946280521050025,0.0,0.0,0.0,0.041946280521050025,1.0,0.20043997485857976
2003-07-07,0.012155362379781896,0.0,0.0,0.0,0.012155362379781896,1.0,0.2028912633563799
2003-07-08,-0.002481390851385398,0.0,0.0,-0.0,-0.002481390851385398,1.0,0.20238843494657474
2003-07-09,-0.018809331957496227,0.0,0.0,-0.0,-0.018809331957496227,1.0,0.19861722187303607
2003-07-10,0.0075662403833158766,0.0,0.0,0.0,0.0075662403833158766,1.0,0.20012570710245153
2003-07-11,0.011864016772646065,0.0,0.0,0.0,0.011864016772646065,1.0,0.202514142049026
2003-07-14,0.0012406949482343704,0.0,0.0,0.0,0.0012406949482343704,1.0,0.20276555625392859
2003-07-15,-0.0031046283862971816,0.0,0.0,-0.0,-0.0031046283862971816,1.0,0.20213702074167214
2003-07-16,-0.03094658068113503,0.0,0.0,-0.0,-0.03094658068113503,1.0,0.195977372721559
2003-07-17,0.0032020520474798347,0.0,0.0,0.0,0.0032020520474798347,1.0,0.19660590823381544
2003-07-18,-0.01287019052053502,0.0,0.0,-0.0,-0.01287019052053502,1.0,0.19409176618478963
2003-07-21,0.0147865117712994,0.0,0.0,0.0,0.0147865117712994,1.0,0.19698302954116925
2003-07-22,0.008261883664991757,0.0,0.0,0.0,0.008261883664991757,1.0,0.19861722187303602
2003-07-23,-0.01338025696323604,0.0,0.0,-0.0,-0.01338025696323604,1.0,0.19597737272155896
2003-07-24,0.01968942615650082,0.0,0.0,0.0,0.01968942615650082,1.0,0.19987429289754893
2003-07-25,0.0028261912358350447,0.0,0.0,0.0,0.0028261912358350447,1.0,0.2004399748585797
2003-07-28,-0.0075543324317811555,0.0,0.0,-0.0,-0.0075543324317811555,1.0,0.19893148962916424
2003-07-29,-0.007293515762709984,0.0,0.0,-0.0,-0.007293515762709984,1.0,0.19748585795097442
2003-07-30,0.012021656958656082,0.0,0.0,0.0,0.012021656958656082,1.0,0.19987429289754888
2003-07-31,-0.010749392155999384,0.0,0.0,-0.0,-0.010749392155999384,1.0,0.197737272155877
2003-08-01,-0.00031791448368225894,0.0,0.0,-0.0,-0.00031791448368225894,1.0,0.19767441860465135
2003-08-04,-0.04022598774786886,0.0,0.0,-0.0,-0.04022598774786886,1.0,0.1898805782526715
2003-08-05,-0.0006622516798331541,0.0,0.0,-0.0,-0.0006622516798331541,1.0,0.1897548711502202
2003-08-06,0.003966947350964194,0.0,0.0,0.0,0.003966947350964194,1.0,0.1905091137649279
2003-08-07,-0.007949694069274003,0.0,0.0,-0.0,-0.007949694069274003,1.0,0.18900062853551244
2003-08-08,0.010914611411738318,0.0,0.0,0.0,0.010914611411738318,1.0,0.1910747957259587
2003-08-11,0.015018238522838841,0.0,0.0,0.0,0.015018238522838841,1.0,0.19396605908233835
2003-08-12,0.00032399157905327547,0.0,0.0,0.0,0.00032399157905327547,1.0,0.19402891263356403
2003-08-13,0.000971345389631659,0.0,0.0,0.0,0.000971345389631659,1.0,0.19421747328724093
2003-08-14,0.00869990987554611,0.0,0.0,0.0,0.00869990987554611,1.0,0.19591451917033334
2003-08-15,0.025341869292504343,0.0,0.0,0.0,0.025341869292504343,1.0,0.20094280326838485
2003-08-18,0.012434104866402932,0.0,0.0,0.0,0.012434104866402932,1.0,0.20345694531741065
2003-08-19,-0.002474483167969132,0.0,0.0,-0.0,-0.002474483167969132,1.0,0.2029541169076055
2003-08-20,0.01078094532572244,0.0,0.0,0.0,0.01078094532572244,1.0,0.20515399120050304
2003-08-21,-0.006146300848694178,0.0,0.0,-0.0,-0.006146300848694178,1.0,0.20389692017599015
2003-08-22,0.002155505068601761,0.0,0.0,0.0,0.002155505068601761,1.0,0.20433689503456964
2003-08-25,0.0009223674750779126,0.0,0.0,0.0,0.0009223674750779126,1.0,0.20452545568824662
2003-08-26,0.007958413599206264,0.0,0.0,0.0,0.007958413599206264,1.0,0.20615964802011338
2003-08-27,0.008802606543422919,0.0,0.0,0.0,0.008802606543422919,1.0,0.20798240100565712
2003-08-28,0.009025332022042216,0.0,0.0,0.0,0.009025332022042216,1.0,0.2098680075424264
2003-08-29,0.014273212874116996,0.0,0.0,0.0,0.014273212874116996,1.0,0.2128849780012573
2003-09-02,-0.0005906674713962588,0.0,0.0,-0.0,-0.0005906674713962588,1.0,0.21275927089880603
2003-09-03,0.009116369562084958,0.0,0.0,0.0,0.009116369562084958,1.0,0.214707730986801
2003-09-04,-0.006461109114288809,0.0,0.0,-0.0,-0.006461109114288809,1.0,0.21332495285983682
2003-09-05,0.016365064231233878,0.0,0.0,0.0,0.016365064231233878,1.0,0.21684475172847292
2003-09-08,-0.011955237887502291,0.0,0.0,-0.0,-0.011955237887502291,1.0,0.21426775612822152
2003-09-09,-0.024347996119426344,0.0,0.0,-0.0,-0.024347996119426344,1.0,0.2091137649277187
2003-09-10,0.011059745074361894,0.0,0.0,0.0,0.011059745074361894,1.0,0.21143934632306752
2003-09-11,0.005336508365686896,0.0,0.0,0.0,0.005336508365686896,1.0,0.2125707102451291
2003-09-12,-0.009805456664321003,0.0,0.0,-0.0,-0.009805456664321003,1.0,0.21049654305468282
2003-09-15,0.026809677573239432,0.0,0.0,0.0,0.026809677573239432,1.0,0.21621621621621645
2003-09-16,-0.004078071483378848,0.0,0.0,-0.0,-0.004078071483378848,1.0,0.21533626649905743
2003-09-17,0.015064016030163165,0.0,0.0,0.0,0.015064016030163165,1.0,0.21860465116279093
2003-09-18,-0.005767028670992556,0.0,0.0,-0.0,-0.005767028670992556,1.0,0.21734758013827804
2003-09-19,-0.019270669331442045,0.0,0.0,-0.0,-0.019270669331442045,1.0,0.21319924575738555
2003-09-22,0.01753405529152491,0.0,0.0,0.0,0.01753405529152491,1.0,0.21697045883092422
2003-09-23,-0.038386762030078556,0.0,0.0,-0.0,-0.038386762030078556,1.0,0.2087994971715904
2003-09-24,-0.013028513328591906,0.0,0.0,-0.0,-0.013028513328591906,1.0,0.2060967944688877
2003-09-25,-0.006424987682657886,0.0,0.0,-0.0,-0.006424987682657886,1.0,0.20477686989314917
2003-09-26,0.017042408824517956,0.0,0.0,0.0,0.017042408824517956,1.0,0.2082966687617853
2003-09-29,-0.021965495690886783,0.0,0.0,-0.0,-0.021965495690886783,1.0,0.2037712130735389
2003-09-30,0.022267200324341464,0.0,0.0,0.0,0.022267200324341464,1.0,0.20835952231301091
2003-10-01,0.0033127571329100913,0.0,0.0,0.0,0.0033127571329100913,1.0,0.209050911376493
2003-10-02,0.02757772988642834,0.0,0.0,0.0,0.02757772988642834,1.0,0.21489629164047794
2003-10-03,0.007285475908320135,0.0,0.0,0.0,0.007285475908320135,1.0,0.21646763042111905
2003-10-06,0.0060790460763821925,0.0,0.0,0.0,0.0060790460763821925,1.0,0.2177875549968576
2003-10-07,-0.006369448285479823,0.0,0.0,-0.0,-0.006369448285479823,1.0,0.21640477686989337
2003-10-08,0.007523183631225926,0.0,0.0,0.0,0.007523183631225926,1.0,0.21803896920176014
2003-10-09,0.00918227398491593,0.0,0.0,0.0,0.00918227398491593,1.0,0.22005028284098074
2003-10-10,0.006548066101404504,0.0,0.0,0.0,0.006548066101404504,1.0,0.22149591451917058
2003-10-13,0.0025506603030750422,0.0,0.0,0.0,0.0025506603030750422,1.0,0.22206159648020135
2003-10-14,-0.004254722061641657,0.0,0.0,-0.0,-0.004254722061641657,1.0,0.2211187932118167
2003-10-15,0.007927561336649779,0.0,0.0,0.0,0.007927561336649779,1.0,0.2228786926461348
2003-10-16,-0.024262642998808977,0.0,0.0,-0.0,-0.024262642998808977,1.0,0.21753614079195505
2003-10-17,0.012347608420937798,0.0,0.0,0.0,0.012347608420937798,1.0,0.22023884349465772
2003-10-20,0.0059752631900870205,0.0,0.0,0.0,0.0059752631900870205,1.0,0.2215587680703963
2003-10-21,-0.019479275324744454,0.0,0.0,-0.0,-0.019479275324744454,1.0,0.2172847265870525
2003-10-22,-0.011638187806332667,0.0,0.0,-0.0,-0.011638187806332667,1.0,0.21477058453802672
2003-10-23,0.0008775779413589422,0.0,0.0,0.0,0.0008775779413589422,1.0,0.21495914519170367
2003-10-24,0.00029235492095380593,0.0,0.0,0.0,0.00029235492095380593,1.0,0.21502199874292927
2003-10-27,0.03306323877992938,0.0,0.0,0.0,0.03306323877992938,1.0,0.22225015713387838
2003-10-28,-0.0011318620336834176,0.0,0.0,-0.0,-0.0011318620336834176,1.0,0.22199874292897584
2003-10-29,0.0019799186216128664,0.0,0.0,0.0,0.0019799186216128664,1.0,0.2224387177875554
2003-10-30,-0.005951555047959926,0.0,0.0,-0.0,-0.005951555047959926,1.0,0.22111879321181688
2003-10-31,0.01635221099590131,0.0,0.0,0.0,0.01635221099590131,1.0,0.22476429918290425
2003-11-03,-0.006734032181343956,0.0,0.0,-0.0,-0.006734032181343956,1.0,0.22325581395348879
2003-11-04,0.008968669982760316,0.0,0.0,0.0,0.008968669982760316,1.0,0.2252671275927094
2003-11-05,0.00278629324868307,0.0,0.0,0.0,0.00278629324868307,1.0,0.22589566310496578
2003-11-06,-0.008662901737668193,0.0,0.0,-0.0,-0.008662901737668193,1.0,0.22394720301697082
2003-11-07,-0.012426028284251062,0.0,0.0,-0.0,-0.012426028284251062,1.0,0.22118164676304244
2003-11-10,-0.0037010718404052114,0.0,0.0,-0.0,-0.0037010718404052114,1.0,0.2203645505971091
2003-11-11,0.0211663045172529,0.0,0.0,0.0,0.0211663045172529,1.0,0.22507856693903247
2003-11-12,-0.0011176307394149233,0.0,0.0,-0.0,-0.0011176307394149233,1.0,0.2248271527341299
2003-11-13,-0.020619287202735818,0.0,0.0,-0.0,-0.020619287202735818,1.0,0.22023884349465783
2003-11-14,-0.010327114155849517,0.0,0.0,-0.0,-0.010327114155849517,1.0,0.21797611565053468
2003-11-17,-0.023338282128487327,0.0,0.0,-0.0,-0.023338282128487327,1.0,0.21294783155248315
2003-11-18,0.009693129205659533,0.0,0.0,0.0,0.009693129205659533,1.0,0.21502199874292938
2003-11-19,-0.00969312920565957,0.0,0.0,-0.0,-0.00969312920565957,1.0,0.2129478315524831
2003-11-20,0.01027758275824023,0.0,0.0,0.0,0.01027758275824023,1.0,0.21514770584538062
2003-11-21,0.027375286767318197,0.0,0.0,0.0,0.027375286767318197,1.0,0.22111879321181688
2003-11-24,0.0,0.0,0.0,0.0,0.0,1.0,0.22111879321181688
2003-11-25,0.004537727582138388,0.0,0.0,0.0,0.004537727582138388,1.0,0.2221244500314272
2003-11-26,0.0011312218400888893,0.0,0.0,0.0,0.0011312218400888893,1.0,0.2223758642363298
2003-11-28,0.014590606762593957,0.0,0.0,0.0,0.014590606762593957,1.0,0.22564424890006332
2003-12-01,-0.005586606708639712,0.0,0.0,-0.0,-0.005586606708639712,1.0,0.22438717787555046
2003-12-02,-0.0126851595273158,0.0,0.0,-0.0,-0.0126851595273158,1.0,0.22155876807039646
2003-12-03,0.010722450359467079,0.0,0.0,0.0,0.010722450359467079,1.0,0.22394720301697096
2003-12-04,-0.01669771354955404,0.0,0.0,-0.0,-0.01669771354955404,1.0,0.22023884349465792
2003-12-05,0.005691534999788055,0.0,0.0,0.0,0.005691534999788055,1.0,0.22149591451917083
2003-12-08,-0.023253523717546486,0.0,0.0,-0.0,-0.023253523717546486,1.0,0.21640477686989362
2003-12-09,0.0037686665854225784,0.0,0.0,0.0,0.0037686665854225784,1.0,0.21722187303582705
2003-12-10,0.021186020003396155,0.0,0.0,0.0,0.021186020003396155,1.0,0.2218730358265247
2003-12-11,-0.0017011628712722208,0.0,0.0,-0.0,-0.0017011628712722208,1.0,0.2214959145191709
2003-12-12,-0.013139292141841771,0.0,0.0,-0.0,-0.013139292141841771,1.0,0.21860465116279124
2003-12-15,0.0020106282803959495,0.0,0.0,0.0,0.0020106282803959495,1.0,0.21904462602137076
2003-12-16,0.0017201839104115414,0.0,0.0,0.0,0.0017201839104115414,1.0,0.21942174732872458
2003-12-17,0.01844808952875925,0.0,0.0,0.0,0.01844808952875925,1.0,0.22350722815839147
2003-12-18,-0.0028161099996420248,0.0,0.0,-0.0,-0.0028161099996420248,1.0,0.22287869264613505
2003-12-19,0.0030972853143019043,0.0,0.0,0.0,0.0030972853143019043,1.0,0.2235700817096171
2003-12-22,0.007562002146365979,0.0,0.0,0.0,0.007562002146365979,1.0,0.22526712759270953
2003-12-23,0.0016727073875033088,0.0,0.0,0.0,0.0016727073875033088,1.0,0.22564424890006338
2003-12-24,-0.0013937284486036918,0.0,0.0,-0.0,-0.0013937284486036918,1.0,0.22532998114393518
2003-12-26,0.016323505346128062,0.0,0.0,0.0,0.016323505346128062,1.0,0.2290383406662482
2003-12-29,0.0032876741941917083,0.0,0.0,0.0,0.0032876741941917083,1.0,0.22979258328095592
2003-12-30,-0.00273897733543235,0.0,0.0,-0.0,-0.00273897733543235,1.0,0.22916404776869947
2003-12-31,-0.002746499941238943,0.0,0.0,-0.0,-0.002746499941238943,1.0,0.228535512256443
2004-01-02,0.019878122192221417,0.0,0.0,0.0,0.019878122192221417,1.0,0.2331238214959151
2004-01-05,0.006717746612077081,0.0,0.0,0.0,0.006717746612077081,1.0,0.2346951602765562
2004-01-06,0.009064311594585739,0.0,0.0,0.0,0.009064311594585739,1.0,0.2368321810182281
2004-01-07,0.007930255675977344,0.0,0.0,0.0,0.007930255675977344,1.0,0.23871778755499737
2004-01-08,-0.006604171407920766,0.0,0.0,-0.0,-0.006604171407920766,1.0,0.23714644877435623
2004-01-09,0.01577734541624462,0.0,0.0,0.0,0.01577734541624462,1.0,0.2409176618478949
2004-01-12,-0.009963375550824717,0.0,0.0,-0.0,-0.009963375550824717,1.0,0.23852922690132042
2004-01-13,0.0034197060815255383,0.0,0.0,0.0,0.0034197060815255383,1.0,0.23934632306725376
2004-01-14,0.002622608374436982,0.0,0.0,0.0,0.002622608374436982,1.0,0.2399748585795102
2004-01-15,0.01016295392253486,0.0,0.0,0.0,0.01016295392253486,1.0,0.24242614707731036
2004-01-16,-0.0007781092339161439,0.0,0.0,-0.0,-0.0007781092339161439,1.0,0.2422375864236334
2004-01-20,-0.0041601724066663934,0.0,0.0,-0.0,-0.0041601724066663934,1.0,0.24123192960402312
2004-01-21,-0.006010732849087922,0.0,0.0,-0.0,-0.006010732849087922,1.0,0.23978629792583328
2004-01-22,-0.003676474729308637,0.0,0.0,-0.0,-0.003676474729308637,1.0,0.2389063482086743
2004-01-23,0.015143892548370067,0.0,0.0,0.0,0.015143892548370067,1.0,0.24255185417976166
2004-01-26,-0.022272635609123292,0.0,0.0,-0.0,-0.022272635609123292,1.0,0.23720930232558188
2004-01-27,-0.01710357032701474,0.0,0.0,-0.0,-0.01710357032701474,1.0,0.23318667504714063
2004-01-28,0.0037664827954768648,0.0,0.0,0.0,0.0037664827954768648,1.0,0.23406662476429965
2004-01-29,-0.004575435246225446,0.0,0.0,-0.0,-0.004575435246225446,1.0,0.23299811439346368
2004-01-30,-0.0027012442141004485,0.0,0.0,-0.0,-0.0027012442141004485,1.0,0.23236957888120724
2004-02-02,-0.001082544084068652,0.0,0.0,-0.0,-0.001082544084068652,1.0,0.23211816467630464
2004-02-03,-0.016380382631361302,0.0,0.0,-0.0,-0.016380382631361302,1.0,0.22834695160276597
2004-02-04,0.003846158587478315,0.0,0.0,0.0,0.003846158587478315,1.0,0.22922690131992499
2004-02-05,0.017935263368399883,0.0,0.0,0.0,0.017935263368399883,1.0,0.2333752357008175
2004-02-06,-0.0002693602709890429,0.0,0.0,-0.0,-0.0002693602709890429,1.0,0.23331238214959182
2004-02-09,0.0016150743752982777,0.0,0.0,0.0,0.0016150743752982777,1.0,0.23368950345694572
2004-02-10,0.010701011692021294,0.0,0.0,0.0,0.010701011692021294,1.0,0.23620364550597148
2004-02-11,-0.008820049159750655,0.0,0.0,-0.0,-0.008820049159750655,1.0,0.2341294783155252
2004-02-12,-0.008356970054474715,0.0,0.0,-0.0,-0.008356970054474715,1.0,0.23218101822753018
2004-02-13,0.013444676838297472,0.0,0.0,0.0,0.013444676838297472,1.0,0.2353236957888124
2004-02-17,0.0029337266007523318,0.0,0.0,0.0,0.0029337266007523318,1.0,0.23601508485229447
2004-02-18,-0.015296152251164971,0.0,0.0,-0.0,-0.015296152251164971,1.0,0.23243243243243272
2004-02-19,-0.0032502737173014723,0.0,0.0,-0.0,-0.0032502737173014723,1.0,0.231678189817725
2004-02-20,-0.011185493787009958,0.0,0.0,-0.0,-0.011185493787009958,1.0,0.22910119421747363
2004-02-23,-0.0024721891453891483,0.0,0.0,-0.0,-0.0024721891453891483,1.0,0.2285355122564428
2004-02-24,0.006032373653441534,0.0,0.0,0.0,0.006032373653441534,1.0,0.22991829038340697
2004-02-25,0.002457339120515135,0.0,0.0,0.0,0.002457339120515135,1.0,0.23048397234443782
2004-02-26,-0.0027307499219448757,0.0,0.0,-0.0,-0.0027307499219448757,1.0,0.22985543683218135
2004-02-27,0.013040119580806062,0.0,0.0,0.0,0.013040119580806062,1.0,0.2328724072910123
2004-03-01,-0.011673812495731217,0.0,0.0,-0.0,-0.011673812495731217,1.0,0.2301697045883096
2004-03-02,-0.005476464946902586,0.0,0.0,-0.0,-0.005476464946902586,1.0,0.22891263356379676
2004-03-03,0.009292223188024393,0.0,0.0,0.0,0.009292223188024393,1.0,0.23104965430546864
2004-03-04,-0.0035427206967632153,0.0,0.0,-0.0,-0.0035427206967632153,1.0,0.23023255813953528
2004-03-05,-0.023758023519796567,0.0,0.0,-0.0,-0.023758023519796567,1.0,0.2248271527341299
2004-03-08,-0.0030799408359322203,0.0,0.0,-0.0,-0.0030799408359322203,1.0,0.22413576367064772
2004-03-09,-0.01326766110150054,0.0,0.0,-0.0,-0.01326766110150054,1.0,0.22118164676304244
2004-03-10,-0.009135090645934017,0.0,0.0,-0.0,-0.009135090645934017,1.0,0.21917033312382184
2004-03-11,0.018187486267436662,0.0,0.0,0.0,0.018187486267436662,1.0,0.22319296040226305
2004-03-12,-0.017614091756313677,0.0,0.0,-0.0,-0.017614091756313677,1.0,0.21929604022627314
2004-03-15,0.0017182134811365036,0.0,0.0,0.0,0.0017182134811365036,1.0,0.21967316153362698
2004-03-16,0.015614227801550798,0.0,0.0,0.0,0.015614227801550798,1.0,0.2231301068510374
2004-03-17,-0.0045172295898197,0.0,0.0,-0.0,-0.0045172295898197,1.0,0.2221244500314271
2004-03-18,-0.016835894880749304,0.0,0.0,-0.0,-0.016835894880749304,1.0,0.2184160905091141
2004-03-19,-0.012742715140442683,0.0,0.0,-0.0,-0.012742715140442683,1.0,0.21565053425518577
2004-03-22,-0.008194368357544057,0.0,0.0,-0.0,-0.008194368357544057,1.0,0.2138906348208677
2004-03-23,0.01139530227057904,0.0,0.0,0.0,0.01139530227057904,1.0,0.21634192331866783
2004-03-24,0.026377676108157,0.0,0.0,0.0,0.026377676108157,1.0,0.2221244500314271
2004-03-25,-0.003401363823490401,0.0,0.0,-0.0,-0.003401363823490401,1.0,0.22137020741671934
2004-03-26,0.016054421709874422,0.0,0.0,0.0,0.016054421709874422,1.0,0.22495285983658106
2004-03-29,0.003347283460056969,0.0,0.0,0.0,0.003347283460056969,1.0,0.22570710245128878
2004-03-30,-0.0019512201312615824,0.0,0.0,-0.0,-0.0019512201312615824,1.0,0.22526712759270934
2004-03-31,0.008888947417245774,0.0,0.0,0.0,0.008888947417245774,1.0,0.2272784412319299
2004-04-01,0.025663434089413843,0.0,0.0,0.0,0.025663434089413843,1.0,0.23318667504714047
2004-04-02,0.009389740349839137,0.0,0.0,0.0,0.009389740349839137,1.0,0.23538654934003803
2004-04-05,-0.012629484004249849,0.0,0.0,-0.0,-0.012629484004249849,1.0,0.23243243243243272
2004-04-06,-0.0010822511878848177,0.0,0.0,-0.0,-0.0010822511878848177,1.0,0.23218101822753018
2004-04-07,0.0,0.0,0.0,0.0,0.0,1.0,0.23218101822753018
2004-04-08,0.006207009538067044,0.0,0.0,0.0,0.006207009538067044,1.0,0.23362664990572005
2004-04-12,-0.014634407518437696,1.0,0.0005,-0.015134407518437696,-0.014634407518437696,0.9849795420496898,0.23023255813953528
2004-04-13,0.004901970600206688,0.0,0.0005,-0.0005,0.004901970600206688,0.9844871753805899,0.23136392206159687
2004-04-14,-0.018092598786156152,0.0,0.0,-0.0,-0.018092598786156152,0.9844871753805899,0.2272155876807043
2004-04-15,-0.0016611299500763758,0.0,0.0,-0.0,-0.0016611299500763758,0.9844871753805899,0.22683846637335045
2004-04-16,0.01211802215249389,0.0,0.0,0.0,0.01211802215249389,0.9844871753805899,0.2296040226272788
2004-04-19,-0.023543533095382534,0.0,0.0,-0.0,-0.023543533095382534,0.9844871753805899,0.22426147077309902
2004-04-20,0.00865081437913077,1.0,0.0005,0.00815081437913077,0.00865081437913077,0.9925443392222554,0.226209930861094
2004-04-21,0.025512287543712125,0.0,0.0005,-0.0005,0.025512287543712125,0.9920481911000113,0.23205531112507896
2004-04-22,0.007824132723879634,1.0,0.0005,0.007324132723879634,0.007824132723879634,0.9993407569808018,0.23387806411062265
2004-04-23,-0.0072825675874372674,1.0,0.0,-0.0072825675874372674,-0.0072825675874372674,0.9920894265754049,0.23218101822753023
2004-04-26,-0.001896762525040716,1.0,0.0,-0.001896762525040716,-0.001896762525040716,0.9902094520258576,0.2317410433689507
2004-04-27,-0.018339093414327635,1.0,0.0,-0.018339093414327635,-0.018339093414327635,0.9722154099087619,0.22752985543683255
2004-04-28,-0.015590516229116861,1.0,0.0,-0.015590516229116861,-0.015590516229116861,0.9571756135123832,0.22401005656819648
2004-04-29,-0.02471365658283844,1.0,0.0,-0.02471365658283844,-0.02471365658283844,0.9338102155394379,0.21854179761156542
2004-04-30,0.009446184452050116,0.0,0.0005,-0.0005,0.009446184452050116,0.9333434271384932,0.2206159648020117
2004-05-03,0.004264398786457518,1.0,0.0005,0.003764398786457518,0.004264398786457518,0.9368635253728691,0.22155876807039634
2004-05-04,0.007911880774658112,0.0,0.0005,-0.0005,0.007911880774658112,0.9363952106986078,0.2233186675047144
2004-05-05,-0.007628233063211667,1.0,0.0005,-0.008128233063211667,-0.007628233063211667,0.9288148215069633,0.221621621621622
2004-05-06,-0.008258625894439663,1.0,0.0,-0.008258625894439663,-0.008258625894439663,0.9211756752154994,0.2197988686360783
2004-05-07,-0.008615791378352292,0.0,0.0005,-0.0005,-0.008615791378352292,0.9207152025056623,0.217913262099309
2004-05-10,0.01488719163656163,0.0,0.0,0.0,0.01488719163656163,0.9207152025056623,0.2211816467630425
2004-05-11,0.0019872256362304047,0.0,0.0,0.0,0.0019872256362304047,0.9207152025056623,0.221621621621622
2004-05-12,-0.007115442003149849,0.0,0.0,-0.0,-0.007115442003149849,0.9207152025056623,0.22005028284098088
2004-05-13,-0.007454162955773156,0.0,0.0,-0.0,-0.007454162955773156,0.9207152025056623,0.21841609050911415
2004-05-14,-0.009541781227407755,1.0,0.0005,-0.010041781227407755,-0.009541781227407755,0.9115158481245118,0.2163419233186679
2004-05-17,0.008966075972589043,1.0,0.0,0.008966075972589043,0.008966075972589043,0.9197253168321989,0.21829038340666285
2004-05-18,-0.0011524057743242384,0.0,0.0005,-0.0005,-0.0011524057743242384,0.9192655691202889,0.21803896920176027
2004-05-19,0.0046016762248746405,0.0,0.0,0.0,0.0046016762248746405,0.9192655691202889,0.21904462602137062
2004-05-20,0.004866189651172906,0.0,0.0,0.0,0.004866189651172906,0.9192655691202889,0.22011313639220653
2004-05-21,0.006829850112018179,0.0,0.0,0.0,0.006829850112018179,0.9192655691202889,0.22162162162162194
2004-05-24,0.019658032633695453,0.0,0.0,0.0,0.019658032633695453,0.9192655691202889,0.22602137020741708
2004-05-25,0.006375627972231409,1.0,0.0005,0.0058756279722314095,0.006375627972231409,0.9246827306402846,0.22746700188560684
2004-05-26,0.00633523672381092,1.0,0.0,0.00633523672381092,0.00633523672381092,0.9305594100557936,0.2289126335637967
2004-05-27,0.0035631118963255913,1.0,0.0,0.0035631118963255913,0.0035631118963255913,0.9338810114645594,0.22972972972973005
2004-05-28,-0.001368925607341621,1.0,0.0,-0.001368925607341621,-0.001368925607341621,0.932603472461188,0.22941546197360183
2004-06-01,-0.002194186288983849,1.0,0.0,-0.002194186288983849,-0.002194186288983849,0.9305594100557937,0.2289126335637967
2004-06-02,-0.01215484577707494,1.0,0.0,-0.01215484577707494,-0.01215484577707494,0.9193170668261245,0.2261470773098683
2004-06-03,0.0058196090532640025,0.0,0.0005,-0.0005,0.0058196090532640025,0.9188575231881947,0.22746700188560684
2004-06-04,0.023485514166444756,0.0,0.0,0.0,0.023485514166444756,0.9188575231881947,0.23287240729101225
2004-06-07,0.0013486178712936849,1.0,0.0005,0.0008486178712936848,0.0013486178712936849,0.919637613055831,0.23318667504714047
2004-06-08,-0.014115326650669863,1.0,0.0,-0.014115326650669863,-0.014115326650669863,0.9067478136275552,0.22991829038340694
2004-06-09,0.00708256842438656,1.0,0.0,0.00708256842438656,0.00708256842438656,0.9131927133416932,0.23155248271527368
2004-06-10,-0.014215657654013671,0.0,0.0005,-0.0005,-0.014215657654013671,0.9127362311150891,0.22828409805154012
2004-06-14,0.012857515383590342,1.0,0.0005,0.012357515383590341,0.012857515383590342,0.9240853622384091,0.2312382149591454
2004-06-15,-0.0016322092851071472,0.0,0.0005,-0.0005,-0.0016322092851071472,0.9236234350487107,0.23086109365179153
2004-06-16,-0.009299848207507398,0.0,0.0,-0.0,-0.009299848207507398,0.9236234350487107,0.22872407291011965
2004-06-17,0.001373060767689104,0.0,0.0,0.0,0.001373060767689104,0.9236234350487107,0.2290383406662479
2004-06-18,-0.00799012378698391,0.0,0.0,-0.0,-0.00799012378698391,0.9236234350487107,0.22721558768070418
2004-06-21,0.014554698783490356,1.0,0.0005,0.014054698783490355,0.014554698783490356,0.936696336871249,0.23054682589566333
2004-06-22,0.011924260529735572,0.0,0.0005,-0.0005,0.011924260529735572,0.9362281057703434,0.23331238214959166
2004-06-23,-0.0018875561759039157,0.0,0.0,-0.0,-0.0018875561759039157,0.9362281057703434,0.23287240729101213
2004-06-24,0.007528941184396518,0.0,0.0,0.0,0.007528941184396518,0.9362281057703434,0.2346323067253302
2004-06-25,-0.008338985781140935,0.0,0.0,-0.0,-0.008338985781140935,0.9362281057703434,0.23268384663733524
2004-06-28,0.00940993635204093,1.0,0.0005,0.00890993635204093,0.00940993635204093,0.9446071113751525,0.23488372093023277
2004-06-29,0.009852296443011858,1.0,0.0,0.009852296443011858,0.009852296443011858,0.9539596570323324,0.23720930232558168
2004-06-30,-0.018722130162425563,0.0,0.0005,-0.0005,-0.018722130162425563,0.9534827964289018,0.23280955373978654
2004-07-01,-0.005957233973046844,1.0,0.0005,-0.006457233973046844,-0.005957233973046844,0.9473457703537572,0.23142677561282235
2004-07-02,-0.021689251044929934,0.0,0.0005,-0.0005,-0.021689251044929934,0.9468722158670677,0.22646134506599644
2004-07-06,0.0019409405788332747,0.0,0.0,0.0,0.0019409405788332747,0.9468722158670677,0.22690131992457593
2004-07-07,-0.011142176553241848,1.0,0.0005,-0.011642176553241849,-0.011142176553241848,0.935912483715075,0.22438717787555018
2004-07-08,0.0013995803544232636,1.0,0.0,0.0013995803544232636,0.0013995803544232636,0.9372232855129953,0.2247014456316784
2004-07-09,-0.004204631282031812,1.0,0.0,-0.004204631282031812,-0.004204631282031812,0.9332908801192344,0.22375864236329376
2004-07-12,-0.001405481608735032,1.0,0.0,-0.001405481608735032,-0.001405481608735032,0.931980078321314,0.2234443746071655
2004-07-13,-0.01017820491575604,1.0,0.0,-0.01017820491575604,-0.01017820491575604,0.9225423053762881,0.22118164676304233
2004-07-14,-0.0034158871814069605,1.0,0.0,-0.0034158871814069605,-0.0034158871814069605,0.9193963810612796,0.22042740414833464
2004-07-15,-0.01147130445515467,1.0,0.0,-0.01147130445515467,-0.01147130445515467,0.9089099666779175,0.21791326209930886
2004-07-16,-0.00202107763325348,1.0,0.0,-0.00202107763325348,-0.00202107763325348,0.9070748441608291,0.21747328724072937
2004-07-19,0.023705236813701975,1.0,0.0,0.023705236813701975,0.023705236813701975,0.9288341540063055,0.22269013199245785
2004-07-20,-0.02950235449802803,1.0,0.0,-0.02950235449802803,-0.02950235449802803,0.9018316369691478,0.21621621621621648
2004-07-21,0.013570296308206994,0.0,0.0005,-0.0005,0.013570296308206994,0.901380833860832,0.21917033312382173
2004-07-22,-0.01910886169804636,0.0,0.0,-0.0,-0.01910886169804636,0.901380833860832,0.21502199874292924
2004-07-23,-0.004394323754971075,1.0,0.0005,-0.004894323754971074,-0.004394323754971075,0.8969799626626327,0.21407919547454457
2004-07-26,0.013704836167358772,1.0,0.0,0.013704836167358772,0.013704836167358772,0.9093575487592692,0.21703331238214987
2004-07-27,-0.004353511447197775,0.0,0.0005,-0.0005,-0.004353511447197775,0.9089029836356406,0.2160905091137652
2004-07-28,0.011567508971433665,0.0,0.0,0.0,0.011567508971433665,0.9089029836356406,0.21860465116279099
2004-07-29,0.0031577462725458564,0.0,0.0,0.0,0.0031577462725458564,0.9089029836356406,0.21929604022627308
2004-07-30,0.0020042955886520235,0.0,0.0,0.0,0.0020042955886520235,0.9089029836356406,0.21973601508485263
2004-08-02,-0.02110209824524092,0.0,0.0,-0.0,-0.02110209824524092,0.9089029836356406,0.21514770584538054
2004-08-03,0.000292098731447589,0.0,0.0,0.0,0.000292098731447589,0.9089029836356406,0.21521055939660624
2004-08-04,-0.018868484304382805,1.0,0.0005,-0.019368484304382805,-0.018868484304382805,0.8914682972192998,0.21118793211816503
2004-08-05,-0.026539555234612378,0.0,0.0005,-0.0005,-0.026539555234612378,0.8910226744856573,0.2056568196103083
2004-08-06,0.0024420036555515873,0.0,0.0,0.0,0.0024420036555515873,0.8910226744856573,0.20615964802011344
2004-08-09,0.012422519998557329,0.0,0.0,0.0,0.012422519998557329,0.8910226744856573,0.20873664362036487
2004-08-10,-0.008770659579786138,1.0,0.0005,-0.009270659579786138,-0.008770659579786138,0.8828004780726616,0.2069138906348212
2004-08-11,-0.01376378969411453,1.0,0.0,-0.01376378969411453,-0.01376378969411453,0.870733035328655,0.2040854808296672
2004-08-12,0.0015386985648552947,1.0,0.0,0.0015386985648552947,0.0015386985648552947,0.8720738623002113,0.20439974858579543
2004-08-13,0.011313375521355662,1.0,0.0,0.011313375521355662,0.011313375521355662,0.8819959818897278,0.20672532998114426
2004-08-16,0.011186813563815966,0.0,0.0005,-0.0005,0.011186813563815966,0.8815550941299081,0.2090509113764931
2004-08-17,0.017583525593502482,0.0,0.0,0.0,0.017583525593502482,0.8815550941299081,0.2127592708988061
2004-08-18,-0.0053317661853008545,0.0,0.0,-0.0,-0.0053317661853008545,0.8815550941299081,0.21162790697674452
2004-08-19,0.0100473658461208,0.0,0.0,0.0,0.0100473658461208,0.8815550941299081,0.2137649277184164
2004-08-20,0.0023494871307078004,0.0,0.0,0.0,0.0023494871307078004,0.8815550941299081,0.21426775612822158
2004-08-23,-0.00029338418869688466,0.0,0.0,-0.0,-0.00029338418869688466,0.8815550941299081,0.21420490257699587
2004-08-24,0.013696848252563856,1.0,0.0005,0.013196848252563856,0.013696848252563856,0.8932659461419845,0.21715901948460115
2004-08-25,-0.004350985834326146,0.0,0.0005,-0.0005,-0.004350985834326146,0.8928194248085494,0.21621621621621648
2004-08-26,0.004640379556502301,1.0,0.0005,0.0041403795565023,0.004640379556502301,0.8965236993622077,0.2172218730358268
2004-08-27,-0.016924827692069055,1.0,0.0,-0.016924827692069055,-0.016924827692069055,0.881477873389115,0.2135763670647394
2004-08-30,0.0011764707239300329,0.0,0.0005,-0.0005,0.0011764707239300329,0.8810372446187927,0.21382778126964205
2004-08-31,0.00732174891880175,0.0,0.0,0.0,0.00732174891880175,0.8810372446187927,0.21539912005028317
2004-09-01,0.014772173039619483,0.0,0.0,0.0,0.014772173039619483,0.8810372446187927,0.21860465116279104
2004-09-02,-0.018572791559842438,1.0,0.0005,-0.01907279155984244,-0.018572791559842438,0.8643926390086206,0.2145820238843498
2004-09-03,0.008458559984137724,0.0,0.0005,-0.0005,0.008458559984137724,0.8639605507201902,0.21640477686989348
2004-09-07,-0.003782923178538261,0.0,0.0,-0.0,-0.003782923178538261,0.8639605507201902,0.2155876807039601
2004-09-08,0.008419268777183313,0.0,0.0,0.0,0.008419268777183313,0.8639605507201902,0.21741043368950383
2004-09-09,0.015206145817838284,0.0,0.0,0.0,0.015206145817838284,0.8639605507201902,0.22074167190446292
2004-09-10,0.013012913470773189,0.0,0.0,0.0,0.013012913470773189,0.8639605507201902,0.22363293526084257
2004-09-13,0.0014042973800556808,1.0,0.0005,0.0009042973800556808,0.0014042973800556808,0.8647421813426749,0.22394720301697082
2004-09-14,-0.010722450359467145,1.0,0.0,-0.010722450359467145,-0.010722450359467145,0.8555195591448017,0.2215587680703963
2004-09-15,0.0019838464774816745,0.0,0.0005,-0.0005,0.0019838464774816745,0.8550919062873531,0.22199874292897584
2004-09-16,0.003109543141621392,1.0,0.0005,0.002609543141621392,0.003109543141621392,0.8573262195073114,0.22269013199245796
2004-09-17,0.0,0.0,0.0005,-0.0005,0.0,0.8568976635454764,0.22269013199245796
2004-09-20,0.0039436670829832475,1.0,0.0005,0.0034436670829832475,0.0039436670829832475,0.8598536205676759,0.223570081709617
2004-09-21,-0.017584117280544456,0.0,0.0005,-0.0005,-0.017584117280544456,0.8594238012211833,0.2196731615336271
2004-09-22,-0.0008587377084178693,0.0,0.0,-0.0,-0.0008587377084178693,0.8594238012211833,0.21948460087995011
2004-09-23,-0.0034423441909729015,0.0,0.0,-0.0,-0.0034423441909729015,0.8594238012211833,0.21873035826524234
2004-09-24,-0.008658062743114541,0.0,0.0,-0.0,-0.008658062743114541,0.8594238012211833,0.21684475172847303
2004-09-27,0.002026929896219111,1.0,0.0005,0.0015269298962191109,0.002026929896219111,0.8607370835066207,0.21728472658705256
2004-09-28,0.014644913570448998,1.0,0.0,0.014644913570448998,0.014644913570448998,0.8734352585887257,0.22049025769956038
2004-09-29,0.0017089152549689959,0.0,0.0005,-0.0005,0.0017089152549689959,0.8729986501206444,0.22086737900691428
2004-09-30,0.026952782579884142,1.0,0.0005,0.026452782579884142,0.026952782579884142,0.89640004503331,0.22690131992457613
2004-10-01,0.005800320087409281,1.0,0.0,0.005800320087409281,0.005800320087409281,0.9016145605307337,0.2282212445003147
2004-10-04,0.0013760838830334846,1.0,0.0,0.0013760838830334846,0.0013760838830334846,0.9028561118396439,0.22853551225644286
2004-10-05,0.007944159023382299,0.0,0.0005,-0.0005,0.007944159023382299,0.902404796621931,0.2303582652419865
2004-10-06,-0.011249947157881818,1.0,0.0005,-0.011749947157881819,-0.011249947157881818,0.8918636382503817,0.22778126964173512
2004-10-07,-0.018379798937089645,0.0,0.0005,-0.0005,-0.018379798937089645,0.8914178178956331,0.22363293526084252
2004-10-08,0.004766586902327603,0.0,0.0,0.0,0.004766586902327603,0.8914178178956331,0.22470144563167851
2004-10-11,-0.0016797316379477188,0.0,0.0,-0.0,-0.0016797316379477188,0.8914178178956331,0.22432432432432461
2004-10-12,-0.00224404021238253,0.0,0.0,-0.0,-0.00224404021238253,0.8914178178956331,0.2238214959145195
2004-10-13,-0.004503244311549708,0.0,0.0,-0.0,-0.004503244311549708,0.8914178178956331,0.2228158390949092
2004-10-14,0.005064726639608255,0.0,0.0,0.0,0.005064726639608255,0.8914178178956331,0.22394720301697082
2004-10-15,0.014212305546337676,0.0,0.0,0.0,0.014212305546337676,0.8914178178956331,0.22715273412947867
2004-10-18,-0.00722024797348702,0.0,0.0,-0.0,-0.00722024797348702,0.8914178178956331,0.2255185417976119
2004-10-19,0.004726826540362581,1.0,0.0005,0.004226826540362581,0.004726826540362581,0.8951936606814976,0.22658705216844782
2004-10-20,0.015141376676362695,0.0,0.0005,-0.0005,0.015141376676362695,0.8947461757317169,0.2300439974858583
2004-10-21,-0.02210034700066608,0.0,0.0,-0.0,-0.02210034700066608,0.8947461757317169,0.22501571338780674
2004-10-22,-0.004759913788909783,1.0,0.0005,-0.005259913788909783,-0.004759913788909783,0.8900522436455899,0.22394720301697082
2004-10-25,0.00531841701482088,0.0,0.0005,-0.0005,0.00531841701482088,0.8896073287617571,0.225141420490258
2004-10-26,0.025087463199010118,0.0,0.0,0.0,0.025087463199010118,0.8896073287617571,0.2308610936517916
2004-10-27,0.00624238694190753,1.0,0.0005,0.00574238694190753,0.00624238694190753,0.894730493789817,0.23230672532998145
2004-10-28,-0.001624695727001922,0.0,0.0005,-0.0005,-0.001624695727001922,0.8942832403655958,0.2319296040226276
2004-10-29,0.0037868587314970857,1.0,0.0005,0.0032868587314970857,0.0037868587314970857,0.8972274590073577,0.2328095537397866
2004-11-01,0.0032345041676590976,1.0,0.0,0.0032345041676590976,0.0032345041676590976,0.9001342434317875,0.23356379635449434
2004-11-02,0.0067051344144169875,0.0,0.0005,-0.0005,0.0067051344144169875,0.8996842888081016,0.23513513513513543
2004-11-03,0.005597775512829678,1.0,0.0005,0.005097775512829679,0.005597775512829678,0.9042823874244489,0.23645505971087397
2004-11-04,0.008997149868842822,0.0,0.0005,-0.0005,0.008997149868842822,0.9038303592471982,0.23859208045254587
2004-11-05,0.0010531859846586405,1.0,0.0005,0.0005531859846586405,0.0010531859846586405,0.9043304838526501,0.23884349465744842
2004-11-08,-0.0021074823395646983,1.0,0.0,-0.0021074823395646983,-0.0021074823395646983,0.9024266302024341,0.2383406662476433
2004-11-09,-0.0034341600254235113,1.0,0.0,-0.0034341600254235113,-0.0034341600254235113,0.8993328680208329,0.2375235700817099
2004-11-10,0.013144248127805493,0.0,0.0005,-0.0005,0.013144248127805493,0.8988833139846972,0.2406662476429921
2004-11-11,0.009616708290981636,1.0,0.0005,0.009116708290981636,0.009616708290981636,0.9071156397837241,0.24299182903834093
2004-11-12,0.004387669963391082,1.0,0.0,0.004387669963391082,0.004387669963391082,0.9111045083497674,0.2440603394091769
2004-11-15,-0.006199968194048402,1.0,0.0,-0.006199968194048402,-0.006199968194048402,0.9054731644918241,0.2425518541797615
2004-11-16,0.013385013217895248,1.0,0.0,0.013385013217895248,0.013385013217895248,0.9176744095173681,0.24582023884349496
2004-11-17,0.0045918448029456365,1.0,0.0,0.0045918448029456365,0.0045918448029456365,0.9218979174108257,0.24695160276555655
2004-11-18,-0.01564736298527482,1.0,0.0,-0.01564736298527482,-0.01564736298527482,0.9075849184385527,0.2431175361407922
2004-11-19,0.009520205700601298,0.0,0.0005,-0.0005,0.009520205700601298,0.9071312394085427,0.245443117536141
2004-11-22,-0.0015376732911888695,0.0,0.0,-0.0,-0.0015376732911888695,0.9071312394085427,0.24506599622878716
2004-11-23,0.008682383449212006,0.0,0.0,0.0,0.008682383449212006,0.9071312394085427,0.24720301697045902
2004-11-24,-0.0030557701394778847,0.0,0.0,-0.0,-0.0030557701394778847,0.9071312394085427,0.24644877435575133
2004-11-26,-0.0002550695078233751,0.0,0.0,-0.0,-0.0002550695078233751,0.9071312394085427,0.24638592080452568
2004-11-29,-0.0020429016298004047,0.0,0.0,-0.0,-0.0020429016298004047,0.9071312394085427,0.24588309239472048
2004-11-30,0.020243606276646814,0.0,0.0,0.0,0.020243606276646814,0.9071312394085427,0.25091137649277206
2004-12-01,0.0037504732047900073,0.0,0.0,0.0,0.0037504732047900073,0.9071312394085427,0.25185417976115676
2004-12-02,0.0014962596307721223,0.0,0.0,0.0,0.0014962596307721223,0.9071312394085427,0.2522313010685106
2004-12-03,0.003482590584537543,1.0,0.0005,0.002982590584537543,0.003482590584537543,0.9098408793667443,0.25311125078566965
2004-12-06,-0.0172828346889432,1.0,0.0,-0.0172828346889432,-0.0172828346889432,0.8942513534972868,0.24877435575110018
2004-12-07,0.005794196837806215,1.0,0.0,0.005794196837806215,0.005794196837806215,0.8994478621204394,0.25021998742929
2004-12-08,0.006010536502142323,0.0,0.0005,-0.0005,0.006010536502142323,0.8989982506016257,0.25172847265870546
2004-12-09,-0.003000752439238213,0.0,0.0,-0.0,-0.003000752439238213,0.8989982506016257,0.25097423004399777
2004-12-10,0.008727146775231667,0.0,0.0,0.0,0.008727146775231667,0.8989982506016257,0.2531741043368953
2004-12-13,0.004878843710580166,0.0,0.0,0.0,0.004878843710580166,0.8989982506016257,0.2544123192960405
2004-12-14,-0.0036383026756649575,0.0,0.0,-0.0,-0.0036383026756649575,0.8989982506016257,0.25348837209302355
2004-12-15,-0.009466936672992992,0.0,0.0,-0.0,-0.009466936672992992,0.8989982506016257,0.2510999371464491
2004-12-16,-0.011961112070577894,0.0,0.0,-0.0,-0.011961112070577894,0.8989982506016257,0.24811439346323103
2004-12-17,-0.006990813345288928,1.0,0.0005,-0.007490813345288928,-0.006990813345288928,0.892289182070406,0.2463859208045258
2004-12-20,0.012170535620255114,1.0,0.0,0.012170535620255114,0.012170535620255114,0.9032151720549414,0.24940289126335669
2004-12-21,0.001259287409835495,1.0,0.0,0.001259287409835495,0.001259287409835495,0.9043532960116639,0.24971715901948488
2004-12-22,0.000704508885822049,1.0,0.0,0.000704508885822049,0.000704508885822049,0.9049906454274285,0.24989314896291667
2004-12-23,-0.0042345175942903315,1.0,0.0,-0.0042345175942903315,-0.0042345175942903315,0.901166548932841,0.24883720930232583
2004-12-27,0.009552611605192727,1.0,0.0,0.009552611605192727,0.009552611605192727,0.9098162910039316,0.25122564424890026
2004-12-28,0.001250156432355198,1.0,0.0,0.001250156432355198,0.001250156432355198,0.910954414960654,0.2515399120050285
2004-12-29,-0.0007499062968603498,0.0,0.0005,-0.0005,-0.0007499062968603498,0.9104990516034996,0.25135135135135156
2004-12-30,-0.0018772297609648938,0.0,0.0,-0.0,-0.0018772297609648938,0.9104990516034996,0.2508799497171592
2004-12-31,-0.010476837966849027,0.0,0.0,-0.0,-0.010476837966849027,0.9104990516034996,0.24826524198617247
2005-01-03,-0.01837070531640742,0.0,0.0,-0.0,-0.01837070531640742,0.9104990516034996,0.2437460716530486
2005-01-04,-0.006207986828285439,0.0,0.0,-0.0,-0.006207986828285439,0.9104990516034996,0.24223758642363316
2005-01-05,-0.0050203650907232195,1.0,0.0005,-0.00552036509072322,-0.0050203650907232195,0.9054866124003521,0.24102451288497823
2005-01-06,0.0052798021138413505,1.0,0.0,0.0052798021138413505,0.0052798021138413505,0.9102800455846239,0.24230043997485878
2005-01-07,-0.0005189413712721646,1.0,0.0,-0.0005189413712721646,-0.0005189413712721646,0.9098077861576022,0.24217473287240757
2005-01-10,-0.007058331925193835,1.0,0.0,-0.007058331925193835,-0.007058331925193835,0.9034086709214559,0.2404714016341926
2005-01-11,0.008355180764710592,1.0,0.0,0.008355180764710592,0.008355180764710592,0.9109884347251568,0.2424890006285358
2005-01-12,-0.01330743708317694,1.0,0.0,-0.01330743708317694,-0.01330743708317694,0.8989458193360996,0.23928346951602794
2005-01-13,0.009411834182346597,1.0,0.0,0.009411834182346597,0.009411834182346597,0.9074464890224929,0.24154619736015115
2005-01-14,0.0075178578316237804,0.0,0.0005,-0.0005,0.0075178578316237804,0.90699287918989,0.24336895034569483
2005-01-18,-0.01666705248521176,0.0,0.0,-0.0,-0.01666705248521176,0.90699287918989,0.2393463230672536
2005-01-19,-0.01935629834433818,1.0,0.0005,-0.01985629834433818,-0.01935629834433818,0.8891609816055899,0.23475801382778155
2005-01-20,-0.008064559836730519,0.0,0.0005,-0.0005,-0.008064559836730519,0.8887165122413879,0.2328724072910122
2005-01-21,-0.014134510934904693,1.0,0.0005,-0.014634510934904693,-0.014134510934904693,0.8758052858976336,0.2296040226272787
2005-01-24,0.004915356701551691,1.0,0.0,0.004915356701551691,0.004915356701551691,0.8801207786833322,0.23073538654934025
2005-01-25,0.01191457365502526,1.0,0.0,0.01191457365502526,0.01191457365502526,0.8906697610483735,0.2335009428032686
2005-01-26,-0.0013468015503786276,0.0,0.0005,-0.0005,-0.0013468015503786276,0.8902245374830161,0.2331866750471404
2005-01-27,-0.004863559978737999,0.0,0.0,-0.0,-0.004863559978737999,0.8902245374830161,0.2320553111250788
2005-01-28,0.012917294785834706,0.0,0.0,0.0,0.012917294785834706,0.8902245374830161,0.2350722815839097
2005-01-31,0.003203419717537865,0.0,0.0,0.0,0.003203419717537865,0.8902245374830161,0.2358265241986175
2005-02-01,0.0015978698472952333,1.0,0.0005,0.0010978698472952333,0.0015978698472952333,0.8912024248583507,0.2362036455059713
2005-02-02,-0.011400557016106679,1.0,0.0,-0.011400557016106679,-0.011400557016106679,0.8810999173280246,0.2335260842237589
2005-02-03,0.015914038725821186,0.0,0.0005,-0.0005,0.015914038725821186,0.8806594774884964,0.23727215587680728
2005-02-04,-0.0020152743350063756,1.0,0.0005,-0.0025152743350063756,-0.0020152743350063756,0.8784471607649983,0.23679446888749237
2005-02-07,0.0017503385803768368,0.0,0.0005,-0.0005,0.0017503385803768368,0.8780080469722121,0.23720930232558163
2005-02-08,-0.016834064867898027,0.0,0.0,-0.0,-0.016834064867898027,0.8780080469722121,0.23324952859836603
2005-02-09,0.0010772960912619049,1.0,0.0005,0.0005772960912619049,0.0010772960912619049,0.8785150639211959,0.2335009428032686
2005-02-10,0.014696323290197042,0.0,0.0005,-0.0005,0.014696323290197042,0.8780759161853182,0.23695788812067908
2005-02-11,0.004472740984869029,0.0,0.0,0.0,0.004472740984869029,0.8780759161853182,0.23802011313639243
2005-02-14,0.006606243347167121,0.0,0.0,0.0,0.006606243347167121,0.8780759161853182,0.23959773727215614
2005-02-15,-0.0036793734018615997,0.0,0.0,-0.0,-0.0036793734018615997,0.8780759161853182,0.2387177875549971
2005-02-16,-0.013519092578543718,1.0,0.0005,-0.014019092578543718,-0.013519092578543718,0.8658519731220867,0.23551225644248924
2005-02-17,-0.00320770122676962,1.0,0.0,-0.00320770122676962,-0.00320770122676962,0.8630790284523604,0.2347580138277815
2005-02-18,-0.012392399970242047,1.0,0.0,-0.012392399970242047,-0.012392399970242047,0.852449407218409,0.23186675047140187
2005-02-22,0.001354463162509549,1.0,0.0,0.001354463162509549,0.001354463162509549,0.8536048008307949,0.23218101822753007
2005-02-23,0.012643073588960935,1.0,0.0,0.012643073588960935,0.012643073588960935,0.8644655007872236,0.23513513513513537
2005-02-24,0.005597775512829678,0.0,0.0005,-0.0005,0.005597775512829678,0.8640333760770101,0.2364550597108739
2005-02-25,-0.010689572658779598,0.0,0.0,-0.0,-0.010689572658779598,0.8640333760770101,0.23394091766184813
2005-02-28,0.010955353391241329,0.0,0.0,0.0,0.010955353391241329,0.8640333760770101,0.2365179132620996
2005-03-01,-0.0005316321231009896,0.0,0.0,-0.0,-0.0005316321231009896,0.8640333760770101,0.23639220615964826
2005-03-02,-0.008276645832475208,1.0,0.0005,-0.008776645832475208,-0.008276645832475208,0.8564832420391628,0.23444374607165328
2005-03-03,0.00588079748825416,0.0,0.0005,-0.0005,0.00588079748825416,0.8560551074607073,0.2358265241986175
2005-03-04,0.01428973772997951,0.0,0.0,0.0,0.01428973772997951,0.8560551074607073,0.2392206159648023
2005-03-07,-0.010034412159841195,0.0,0.0,-0.0,-0.010034412159841195,0.8560551074607073,0.23683218101822778
2005-03-08,-0.0029235901222848075,0.0,0.0,-0.0,-0.0029235901222848075,0.8560551074607073,0.2361407919547457
2005-03-09,-0.0013317354478535727,0.0,0.0,-0.0,-0.0013317354478535727,0.8560551074607073,0.2358265241986175
2005-03-10,-0.00937213982886321,0.0,0.0,-0.0,-0.00937213982886321,0.8560551074607073,0.2336266499057199
2005-03-11,0.004563153804415832,1.0,0.0005,0.0040631538044158325,0.004563153804415832,0.859540467008283,0.23469516027655585
2005-03-14,-0.008066728335597993,0.0,0.0005,-0.0005,-0.008066728335597993,0.8591108041994324,0.2328095537397865
2005-03-15,-0.011540417264945459,1.0,0.0005,-0.012040417264945459,-0.011540417264945459,0.8488287758126848,0.23013827781269666
2005-03-16,0.002591204995709753,0.0,0.0005,-0.0005,0.002591204995709753,0.8484044675106936,0.23073538654934025
2005-03-17,-0.005463001841197465,1.0,0.0005,-0.005963001841197465,-0.005463001841197465,0.8433604836971307,0.22947831552482736
2005-03-18,0.001915447295174259,1.0,0.0,0.001915447295174259,0.001915447295174259,0.8449774443615734,0.22991829038340694
2005-03-21,-0.012378097803170651,1.0,0.0,-0.012378097803170651,-0.012378097803170651,0.8345826972330139,0.22708988057825297
2005-03-22,0.003591660167156024,1.0,0.0,0.003591660167156024,0.003591660167156024,0.8375856241812644,0.2279069767441863
2005-03-23,0.00027574796810623804,1.0,0.0,0.00027574796810623804,0.00027574796810623804,0.8378166185618993,0.22796983029541198
2005-03-24,0.001928109673214037,1.0,0.0,0.001928109673214037,0.001928109673214037,0.8394335792263418,0.22840980515399145
2005-03-28,-0.008012199237067164,1.0,0.0,-0.008012199237067164,-0.008012199237067164,0.8327347421879366,0.22658705216844774
2005-03-29,0.018686996100617765,0.0,0.0005,-0.0005,0.018686996100617765,0.8323184788913389,0.23086109365179153
2005-03-30,-0.004365627670286013,1.0,0.0005,-0.004865627670286013,-0.004365627670286013,0.8282785634024379,0.22985543683218126
2005-03-31,-0.010169113329564387,0.0,0.0005,-0.0005,-0.010169113329564387,0.8278645276383034,0.2275298554368324
2005-04-01,0.007156650418791622,0.0,0.0,0.0,0.007156650418791622,0.8278645276383034,0.22916404776869917
2005-04-04,0.0027389773354322177,0.0,0.0,0.0,0.0027389773354322177,0.8278645276383034,0.22979258328095561
2005-04-05,-0.0016424859975035261,0.0,0.0,-0.0,-0.0016424859975035261,0.8278645276383034,0.22941546197360174
2005-04-06,0.011982714182647946,0.0,0.0,0.0,0.011982714182647946,0.8278645276383034,0.23218101822753004
2005-04-07,-0.008154434965164298,1.0,0.0005,-0.008654434965164298,-0.008154434965164298,0.8207307418924956,0.2302954116907607
2005-04-08,-0.004376374599799,0.0,0.0005,-0.0005,-0.004376374599799,0.8203204790957956,0.2292897548711504
2005-04-11,0.004922077205428235,0.0,0.0,0.0,0.004922077205428235,0.8203204790957956,0.23042111879321195
2005-04-12,-0.016502024636387534,0.0,0.0,-0.0,-0.016502024636387534,0.8203204790957956,0.22664990571967333
2005-04-13,-0.014244061525921429,1.0,0.0005,-0.014744061525921429,-0.014244061525921429,0.8083143505277665,0.22344437460716546
2005-04-14,-0.023048395436290905,0.0,0.0005,-0.0005,-0.023048395436290905,0.8079102943749586,0.21835323695788827
2005-04-15,0.0002878111978421647,0.0,0.0,0.0,0.0002878111978421647,0.8079102943749586,0.2184160905091139
2005-04-18,0.006882734368795583,1.0,0.0005,0.006382734368795584,0.006882734368795583,0.813083463096072,0.21992457573852936
2005-04-19,-0.00820735229507814,1.0,0.0,-0.00820735229507814,-0.00820735229507814,0.8064375108112628,0.21812696417347596
2005-04-20,0.027342899945802853,1.0,0.0,0.027342899945802853,0.027342899945802853,0.8287920775874393,0.2241734758013829
2005-04-21,-0.01628166443519754,1.0,0.0,-0.01628166443519754,-0.01628166443519754,0.8154072226362152,0.22055311125078583
2005-04-22,0.008089166368277926,1.0,0.0,0.008089166368277926,0.008089166368277926,0.8220299373256231,0.22234443746071667
2005-04-25,-0.009229742482802642,1.0,0.0,-0.009229742482802642,-0.009229742482802642,0.814477718820158,0.2203016970458832
2005-04-26,0.0014255169912211687,0.0,0.0005,-0.0005,0.0014255169912211687,0.8140705817534966,0.22061596480201145
2005-04-27,-0.01002155846101899,0.0,0.0,-0.0,-0.01002155846101899,0.8140705817534966,0.2184160905091139
2005-04-28,0.006596897579654823,0.0,0.0,0.0,0.006596897579654823,0.8140705817534966,0.2198617221873037
2005-04-29,0.003994299176459858,0.0,0.0,0.0,0.003994299176459858,0.8140705817534966,0.22074167190446273
2005-05-02,0.005112195172335141,0.0,0.0,0.0,0.005112195172335141,0.8140705817534966,0.22187303582652432
2005-05-03,0.012051731158551106,0.0,0.0,0.0,0.012051731158551106,0.8140705817534966,0.22456316781898192
2005-05-04,0.0008952552075112085,1.0,0.0005,0.0003952552075112085,0.0008952552075112085,0.814392410988367,0.22476429918290397
2005-05-05,0.002708855699475906,1.0,0.0,0.002708855699475906,0.002708855699475906,0.81660147317701,0.22537397862979272
2005-05-06,0.004813118755212824,1.0,0.0,0.004813118755212824,0.004813118755212824,0.8205413469773734,0.22646134506599638
2005-05-09,-0.007354203294157413,1.0,0.0,-0.007354203294157413,-0.007354203294157413,0.814529054010345,0.2248020113136394
2005-05-10,0.005131362701211242,0.0,0.0005,-0.0005,0.005131362701211242,0.8141218912825045,0.22595851665619124
2005-05-11,-0.0027855171214264235,0.0,0.0,-0.0,-0.0027855171214264235,0.8141218912825045,0.2253299811439348
2005-05-12,0.010819914129149276,0.0,0.0,0.0,0.010819914129149276,0.8141218912825045,0.22778126964173492
2005-05-13,0.00671032714313341,0.0,0.0,0.0,0.00671032714313341,0.8141218912825045,0.22931489629164065
2005-05-16,0.005902946742612576,0.0,0.0,0.0,0.005902946742612576,0.8141218912825045,0.23067253299811458
2005-05-17,0.013532006218576373,1.0,0.0005,0.013032006218576373,0.013532006218576373,0.8248009665822136,0.2338152105593968
2005-05-18,0.008352120508184227,1.0,0.0,0.008352120508184227,0.008352120508184227,0.831718652108387,0.2357762413576369
2005-05-19,0.0039376414417210265,1.0,0.0,0.0039376414417210265,0.0039376414417210265,0.8350001183195204,0.23670647391577637
2005-05-20,0.005032456654451454,1.0,0.0,0.005032456654451454,0.005032456654451454,0.8392128114284081,0.23790069138906364
2005-05-23,0.003165394360253019,1.0,0.0,0.003165394360253019,0.003165394360253019,0.8418734597077053,0.23865493400377133
2005-05-24,-0.004222756340869353,1.0,0.0,-0.004222756340869353,-0.004222756340869353,0.8383259286686422,0.237649277184161
2005-05-25,0.010000083334583179,1.0,0.0,0.010000083334583179,0.010000083334583179,0.8467513148864173,0.24003771213073546
2005-05-26,0.0005235602213838304,1.0,0.0,0.0005235602213838304,0.0005235602213838304,0.8471947562663004,0.24016341923318676
2005-05-27,-0.0034080515356440357,1.0,0.0,-0.0034080515356440357,-0.0034080515356440357,0.8443123872970614,0.2393463230672534
2005-05-31,0.008107799089541855,1.0,0.0,0.008107799089541855,0.008107799089541855,0.8511857286852466,0.2412947831552484
2005-06-01,0.007008464767478465,0.0,0.0005,-0.0005,0.007008464767478465,0.8507602422013892,0.24299182903834077
2005-06-02,-0.014591191647529466,1.0,0.0005,-0.015091191647529466,-0.014591191647529466,0.8380176486375955,0.23947203016970472
2005-06-03,0.0002624327531134626,0.0,0.0005,-0.0005,0.0002624327531134626,0.8375987445480263,0.23953488372093037
2005-06-06,-0.008432197524371302,0.0,0.0,-0.0,-0.008432197524371302,0.8375987445480263,0.23752357008170974
2005-06-07,-0.0021192060911318007,1.0,0.0005,-0.0026192060911318007,-0.0021192060911318007,0.8354077713720758,0.23702074167190462
2005-06-08,0.006344192571373319,1.0,0.0,0.006344192571373319,0.006344192571373319,0.8407246068302912,0.23852922690132014
2005-06-09,-0.010676022298515192,0.0,0.0005,-0.0005,-0.010676022298515192,0.840304349599939,0.23599622878692667
2005-06-10,0.004862052433095268,0.0,0.0,0.0,0.004862052433095268,0.840304349599939,0.23714644877435598
2005-06-13,-0.003983539990899777,1.0,0.0005,-0.004483539990899777,-0.003983539990899777,0.8365452447895203,0.2362036455059713
2005-06-14,0.0031881004686458952,1.0,0.0,0.0031881004686458952,0.0031881004686458952,0.839216490914447,0.23695788812067903
2005-06-15,0.005291017634415459,0.0,0.0005,-0.0005,0.005291017634415459,0.8387969875535697,0.2382149591451919
2005-06-16,-0.000791870174677183,0.0,0.0,-0.0,-0.000791870174677183,0.8387969875535697,0.23802639849151494
2005-06-17,0.0,0.0,0.0,0.0,0.0,0.8387969875535697,0.23802639849151494
2005-06-20,-0.0005282620302455872,0.0,0.0,-0.0,-0.0005282620302455872,0.8387969875535697,0.2379006913890637
2005-06-21,-0.0010573619806162435,0.0,0.0,-0.0,-0.0010573619806162435,0.8387969875535697,0.23764927718416112
2005-06-22,-0.011170328913819144,0.0,0.0,-0.0,-0.011170328913819144,0.8387969875535697,0.23500942803268404
2005-06-23,-0.011296516040481859,0.0,0.0,-0.0,-0.011296516040481859,0.8387969875535697,0.23236957888120696
2005-06-24,-0.004608927773655297,0.0,0.0,-0.0,-0.004608927773655297,0.8387969875535697,0.231301068510371
2005-06-27,0.009465925988883052,1.0,0.0005,0.008965925988883051,0.009465925988883052,0.8463513947849377,0.23350094280326855
2005-06-28,-0.002209707439323173,1.0,0.0,-0.002209707439323173,-0.002209707439323173,0.844483270575722,0.23298554368321825
2005-06-29,-0.007799844548269847,1.0,0.0,-0.007799844548269847,-0.007799844548269847,0.8379220538409156,0.23117536140791972
2005-06-30,-0.001496497116234,1.0,0.0,-0.001496497116234,-0.001496497116234,0.8366690437005879,0.2308296668761787
2005-07-01,0.010428753012565163,1.0,0.0,0.010428753012565163,0.010428753012565163,0.8454401146828813,0.23324952859836598
2005-07-05,-0.004862246208034414,1.0,0.0,-0.004862246208034414,-0.004862246208034414,0.8413393542236273,0.2321181646763044
2005-07-06,0.0035139919927418867,1.0,0.0,0.0035139919927418867,0.0035139919927418867,0.8443010145553107,0.23293526084223776
2005-07-07,0.01897691586715184,0.0,0.0005,-0.0005,0.01897691586715184,0.8438789695680725,0.2373978629792585
2005-07-08,0.009223942061635832,1.0,0.0005,0.008723942061635832,0.009223942061635832,0.8512731270105414,0.23959773727215603
2005-07-11,0.004710817400598905,1.0,0.0,0.004710817400598905,0.004710817400598905,0.8552927797613781,0.24072910119421764
2005-07-12,0.0023471128261061446,0.0,0.0005,-0.0005,0.0023471128261061446,0.8548652402652784,0.24129478315524847
2005-07-13,0.00984974267013138,0.0,0.0,0.0,0.00984974267013138,0.8548652402652784,0.24368321810182295
2005-07-14,0.0030903964848181366,1.0,0.0005,0.0025903964848181366,0.0030903964848181366,0.857082550795482,0.24443746071653066
2005-07-15,-0.004045198306964703,1.0,0.0,-0.004045198306964703,-0.004045198306964703,0.8536224849565802,0.24345065996228804
2005-07-18,0.01147446265570354,1.0,0.0,0.01147446265570354,0.01147446265570354,0.8634737552112879,0.24626021370207435
2005-07-19,0.007121088078074555,1.0,0.0,0.007121088078074555,0.007121088078074555,0.869644573267928,0.24802011313639238
2005-07-20,0.0002533890802863222,1.0,0.0,0.0002533890802863222,0.0002533890802863222,0.8698649596270936,0.24808296668761798
2005-07-21,-0.0012675879501815408,1.0,0.0,-0.0012675879501815408,-0.0012675879501815408,0.8687630278312651,0.24776869893148976
2005-07-22,-0.0038124331346558083,1.0,0.0,-0.0038124331346558083,-0.0038124331346558083,0.8654572324437794,0.24682589566310512
2005-07-25,0.003812433134655939,0.0,0.0005,-0.0005,0.003812433134655939,0.8650246119916835,0.24776869893148976
2005-07-26,0.007581537452397533,0.0,0.0,0.0,0.007581537452397533,0.8650246119916835,0.24965430546825906
2005-07-27,0.004772079883670593,0.0,0.0,0.0,0.004772079883670593,0.8650246119916835,0.25084852294154625
2005-07-28,-0.008429313293566474,1.0,0.0005,-0.008929313293566474,-0.008429313293566474,0.8573349191560165,0.24874292897548725
2005-07-29,0.0018933423137809581,0.0,0.0005,-0.0005,0.0018933423137809581,0.8569063588454444,0.24921433060967954
2005-08-01,0.010786508695752319,0.0,0.0,0.0,0.010786508695752319,0.8569063588454444,0.25191703331238224
2005-08-02,-0.0004991265389370107,0.0,0.0,-0.0,-0.0004991265389370107,0.8569063588454444,0.251791326209931
2005-08-03,-0.009707474673624707,0.0,0.0,-0.0,-0.009707474673624707,0.8569063588454444,0.24935889377749856
2005-08-04,-0.00487664099876682,0.0,0.0,-0.0,-0.00487664099876682,0.8569063588454444,0.2481458202388436
2005-08-05,-0.007372602353740685,0.0,0.0,-0.0,-0.007372602353740685,0.8569063588454444,0.24632306725329994
2005-08-08,0.006612435080343344,1.0,0.0005,0.006112435080343344,0.006612435080343344,0.8621601838081108,0.24795725958516676
2005-08-09,-0.008655858524460557,0.0,0.0005,-0.0005,-0.008655858524460557,0.8617292114682703,0.24582023884349485
2005-08-10,0.008199480635653884,1.0,0.0005,0.0076994806356538836,0.008199480635653884,0.8683896870426742,0.24784412319296056
2005-08-11,-0.005645853098836435,0.0,0.0005,-0.0005,-0.005645853098836435,0.8679556007297745,0.24644877435575127
2005-08-12,0.006000831677071276,1.0,0.0005,0.005500831677071275,0.006000831677071276,0.8727432343032995,0.24793211816467642
2005-08-15,-0.01625470260049666,0.0,0.0005,-0.0005,-0.01625470260049666,0.8723069717608722,0.24393463230672546
2005-08-16,0.005908816164076736,0.0,0.0,0.0,0.005908816164076736,0.8723069717608722,0.24538026398491528
2005-08-17,-0.005058881145814109,1.0,0.0005,-0.005558881145814109,-0.005058881145814109,0.867471373691782,0.24414204902577014
2005-08-18,-0.0005923026582133603,1.0,0.0,-0.0005923026582133603,-0.0005923026582133603,0.8669577202253939,0.24399748585795114
2005-08-19,0.0005150656822600646,1.0,0.0,0.0005150656822600646,0.0005150656822600646,0.8674043754135575,0.24412319296040247
2005-08-22,-0.0028361498964635493,1.0,0.0,-0.0028361498964635493,-0.0028361498964635493,0.8649477718786579,0.24343180389692035
2005-08-23,-0.005956252232922183,1.0,0.0,-0.005956252232922183,-0.005956252232922183,0.8598112372147775,0.24198617221873053
2005-08-24,0.00228310601456855,1.0,0.0,0.00228310601456855,0.00228310601456855,0.861776520042697,0.24253928346951617
2005-08-25,-0.0033252072550580595,1.0,0.0,-0.0033252072550580595,-0.0033252072550580595,0.8589156935625095,0.24173412947831566
2005-08-26,0.007772646969316267,1.0,0.0,0.007772646969316267,0.007772646969316267,0.8656177546609032,0.24362036455059724
2005-08-29,-0.003618510022197104,0.0,0.0005,-0.0005,-0.003618510022197104,0.8651850539677606,0.24274041483343822
2005-08-30,0.00927841707904634,0.0,0.0,0.0,0.00927841707904634,0.8651850539677606,0.2450031426775614
2005-08-31,-0.0015404367616102758,0.0,0.0,-0.0,-0.0015404367616102758,0.8651850539677606,0.24462602137020759
2005-09-01,-0.003861505634966546,0.0,0.0,-0.0,-0.003861505634966546,0.8651850539677606,0.24368321810182295
2005-09-02,0.01459506127807531,1.0,0.0005,0.01409506127807531,0.01459506127807531,0.8774662390229212,0.2472658705216847
2005-09-06,0.0017524036535771672,0.0,0.0005,-0.0005,0.0017524036535771672,0.8770276155684114,0.24769956002514162
2005-09-07,-0.00022840031060217822,1.0,0.0005,-0.0007284003106021782,-0.00022840031060217822,0.8763890209853058,0.24764299182903857
2005-09-08,0.00554298487009835,0.0,0.0005,-0.0005,0.00554298487009835,0.8759509360051849,0.2490194846008802
2005-09-09,0.0027977686525210346,0.0,0.0,0.0,0.0027977686525210346,0.8759509360051849,0.24971715901948482
2005-09-12,-0.0025201626241638177,1.0,0.0005,-0.0030201626241638177,-0.0025201626241638177,0.8733094126505757,0.2490886235072284
2005-09-13,-0.011419994685949052,0.0,0.0005,-0.0005,-0.011419994685949052,0.8728728670897353,0.2462602137020744
2005-09-14,-0.0005105948540851376,0.0,0.0,-0.0,-0.0005105948540851376,0.8728728670897353,0.2461345065996231
2005-09-15,0.006109998641578474,0.0,0.0,0.0,0.006109998641578474,0.8728728670897353,0.24764299182903857
2005-09-16,-0.00789913649902462,0.0,0.0,-0.0,-0.00789913649902462,0.8728728670897353,0.2456945317410436
2005-09-19,-0.004101518182499219,0.0,0.0,-0.0,-0.004101518182499219,0.8728728670897353,0.24468887492143324
2005-09-20,-0.01110692032862586,0.0,0.0,-0.0,-0.01110692032862586,0.8728728670897353,0.24198617221873053
2005-09-21,0.003629768050578731,1.0,0.0005,0.003129768050578731,0.003629768050578731,0.8756090362552876,0.24286612193588958
2005-09-22,0.0028427464550387824,1.0,0.0,0.0028427464550387824,0.0028427464550387824,0.8781017120831366,0.24355751099937165
2005-09-23,0.0002580312232094237,1.0,0.0,0.0002580312232094237,0.0002580312232094237,0.8783283189765774,0.2436203645505973
2005-09-26,-0.002324681403359687,1.0,0.0,-0.002324681403359687,-0.002324681403359687,0.8762888569356101,0.2430546825895665
2005-09-27,0.0002585649658877715,1.0,0.0,0.0002585649658877715,0.0002585649658877715,0.8765154638290509,0.2431175361407921
2005-09-28,0.013354076211323295,1.0,0.0,0.013354076211323295,0.013354076211323295,0.888299022287973,0.24638592080452562
2005-09-29,0.006610753798052347,1.0,0.0,0.006610753798052347,0.006610753798052347,0.8941908015174339,0.24802011313639238
2005-09-30,0.0025310061600420626,1.0,0.0,0.0025310061600420626,0.0025310061600420626,0.896456870451842,0.24864864864864883
2005-10-03,-0.006593987879295908,1.0,0.0,-0.006593987879295908,-0.006593987879295908,0.8905650912223809,0.24701445631678204
2005-10-04,-0.013835731852650024,1.0,0.0,-0.013835731852650024,-0.013835731852650024,0.8783283189765773,0.24362036455059724
2005-10-05,-0.013245226750020567,1.0,0.0,-0.013245226750020567,-0.013245226750020567,0.866771367411096,0.24041483343808942
2005-10-06,0.002350177344953673,0.0,0.0005,-0.0005,0.002350177344953673,0.8663380900557559,0.24098051539912024
2005-10-07,-0.005492363748026032,1.0,0.0005,-0.005992363748026032,-0.005492363748026032,0.8611622004860425,0.23966059082338173
2005-10-10,-0.004995409362604358,1.0,0.0,-0.004995409362604358,-0.004995409362604358,0.8568710696679898,0.23846637335009446
2005-10-11,-0.0120117582999493,1.0,0.0,-0.0120117582999493,-0.0120117582999493,0.8466401104017905,0.2356191074795728
2005-10-12,0.007785655866444664,1.0,0.0,0.007785655866444664,0.007785655866444664,0.8532574858212085,0.23746071653048414
2005-10-13,0.0073839997946398925,1.0,0.0,0.0073839997946398925,0.0073839997946398925,0.8595812575530756,0.23922061596480218
2005-10-14,0.003147956429597971,0.0,0.0005,-0.0005,0.003147956429597971,0.8591515743540505,0.23997485857950987
2005-10-17,-0.00709688876935814,1.0,0.0005,-0.007596888769358139,-0.00709688876935814,0.8526494247327457,0.23827781269641748
2005-10-18,0.019849176090962335,0.0,0.0005,-0.0005,0.019849176090962335,0.8522232065837961,0.24305468258956645
2005-10-19,-0.009457563738736435,0.0,0.0,-0.0,-0.009457563738736435,0.8522232065837961,0.24076681332495298
2005-10-20,0.006349558128869113,0.0,0.0,0.0,0.006349558128869113,0.8522232065837961,0.24230043997485867
2005-10-21,0.015699717652971082,0.0,0.0,0.0,0.015699717652971082,0.8522232065837961,0.246134506599623
2005-10-24,-0.003837794143744475,1.0,0.0005,-0.004337794143744475,-0.003837794143744475,0.8485344440794269,0.24519170333123835
2005-10-25,-0.005140078137750139,1.0,0.0,-0.005140078137750139,-0.005140078137750139,0.8441841008644594,0.24393463230672546
2005-10-26,-0.020302623440646646,0.0,0.0005,-0.0005,-0.020302623440646646,0.8437621143194548,0.2390320553111252
2005-10-27,0.0076488218673388345,1.0,0.0005,0.007148821867338834,0.0076488218673388345,0.8498156313498708,0.240867379006914
2005-10-28,0.014198601056624537,0.0,0.0005,-0.0005,0.014198601056624537,0.8493908297434475,0.24431175361407928
2005-10-31,-0.000772101441007487,0.0,0.0,-0.0,-0.000772101441007487,0.8493908297434475,0.24412319296040236
2005-11-01,0.012969089652127093,0.0,0.0,0.0,0.012969089652127093,0.8493908297434475,0.2473098680075425
2005-11-02,0.014958594912417739,0.0,0.0,0.0,0.014958594912417739,0.8493908297434475,0.2510370835952232
2005-11-03,0.003499128788940161,1.0,0.0005,0.002999128788940161,0.003499128788940161,0.8519420860948478,0.2519170333123822
2005-11-04,0.0012467275022160587,1.0,0.0,0.0012467275022160587,0.0012467275022160587,0.8530048880984592,0.25223130106851044
2005-11-07,0.0002491590893666539,1.0,0.0,0.0002491590893666539,0.0002491590893666539,0.8532174484991814,0.2522941546197361
2005-11-08,0.00047323130685521215,1.0,0.0,0.00047323130685521215,0.00047323130685521215,0.8536213132605537,0.2524135763670648
2005-11-09,0.010921491932639674,1.0,0.0,0.010921491932639674,0.010921491932639674,0.8629952269324057,0.2551854179761157
2005-11-10,0.0027056959072005206,1.0,0.0,0.0027056959072005206,0.0027056959072005206,0.8653333913403506,0.2558768070395978
2005-11-11,9.825112996691994e-05,1.0,0.0,9.825112996691994e-05,9.825112996691994e-05,0.8654184155006395,0.25590194846008807
2005-11-14,-0.004776334264371706,1.0,0.0,-0.004776334264371706,-0.004776334264371706,0.8612947437266275,0.2546825895663106
2005-11-15,0.006101780569215385,0.0,0.0005,-0.0005,0.006101780569215385,0.8608642039986658,0.2562413576367066
2005-11-16,0.013134517180646982,1.0,0.0005,0.012634517180646981,0.013134517180646982,0.8718098081818971,0.2596291640477688
2005-11-17,0.003455904450959075,1.0,0.0,0.003455904450959075,0.003455904450959075,0.8748279117132602,0.2605279698302955
2005-11-18,0.002385572041840458,1.0,0.0,0.002385572041840458,0.002385572041840458,0.8769173680042036,0.2611502199874293
2005-11-21,0.0036276751816111566,1.0,0.0,0.0036276751816111566,0.0036276751816111566,0.8801043164883702,0.26209930861093655
2005-11-22,0.0023952107259546285,1.0,0.0,0.0023952107259546285,0.0023952107259546285,0.8822148783984141,0.26272784412319294
2005-11-23,0.002150795428232891,1.0,0.0,0.002150795428232891,0.002150795428232891,0.8841143841174537,0.26329352608422374
2005-11-25,-0.008390316510977292,1.0,0.0,-0.008390316510977292,-0.008390316510977292,0.8767274174322995,0.2610936517913262
2005-11-28,-0.004753697886848604,0.0,0.0005,-0.0005,-0.004753697886848604,0.8762891632962476,0.25985543683218104
2005-11-29,-0.002494461412358396,0.0,0.0,-0.0,-0.002494461412358396,0.8762891632962476,0.25920804525455693
2005-11-30,0.018427611913929845,0.0,0.0,0.0,0.018427611913929845,0.8762891632962476,0.2640289126335638
2005-12-01,0.0023777265880398266,0.0,0.0,0.0,0.0023777265880398266,0.8762891632962476,0.26465744814582026
2005-12-02,-0.00731765812001835,0.0,0.0,-0.0,-0.00731765812001835,0.8762891632962476,0.262727844123193
2005-12-05,0.0032483070503398835,0.0,0.0,0.0,0.0032483070503398835,0.8762891632962476,0.2635826524198618
2005-12-06,-0.0018139295631968326,0.0,0.0,-0.0,-0.0018139295631968326,0.8762891632962476,0.26310496543054684
2005-12-07,-0.007168489478612516,0.0,0.0,-0.0,-0.007168489478612516,0.8762891632962476,0.2612256442489001
2005-12-08,0.0036985488147967278,0.0,0.0,0.0,0.0036985488147967278,0.8762891632962476,0.262193588937775
2005-12-09,0.003637150763695361,0.0,0.0,0.0,0.003637150763695361,0.8762891632962476,0.26314896291640477
2005-12-12,0.004242546167128016,0.0,0.0,0.0,0.004242546167128016,0.8762891632962476,0.2642677561282213
2005-12-13,-0.0034785129900237904,0.0,0.0,-0.0,-0.0034785129900237904,0.8762891632962476,0.26335009428032685
2005-12-14,0.0016931170506618164,0.0,0.0,0.0,0.0016931170506618164,0.8762891632962476,0.26379635449402883
2005-12-15,-0.00933579491563264,0.0,0.0,-0.0,-0.00933579491563264,0.8762891632962476,0.2613450659962287
2005-12-16,-0.016000341346441075,1.0,0.0005,-0.016500341346441075,-0.016000341346441075,0.861948729371658,0.2571967316153362
2005-12-19,0.0007328692156526977,1.0,0.0,0.0007328692156526977,0.0007328692156526977,0.862580656592605,0.25738529226901313
2005-12-20,0.004385971943254268,1.0,0.0,0.004385971943254268,0.004385971943254268,0.8663722199182868,0.2585166561910747
2005-12-21,0.006470632195194361,1.0,0.0,0.006470632195194361,0.006470632195194361,0.8719963721847147,0.2601948460087994
2005-12-22,0.00014492753648562992,1.0,0.0,0.00014492753648562992,0.00014492753648562992,0.8721227576289042,0.2602325581395348
2005-12-23,-0.008854875242456869,1.0,0.0,-0.008854875242456869,-0.008854875242456869,0.8644343097740494,0.25793840351979874
2005-12-27,-0.0011703322153095378,1.0,0.0,-0.0011703322153095378,-0.0011703322153095378,0.8634232262205344,0.2576367064739157
2005-12-28,-0.006608762273978993,1.0,0.0,-0.006608762273978993,-0.006608762273978993,0.8577358812320116,0.25593966059082324
2005-12-29,-0.007592601676781463,1.0,0.0,-0.007592601676781463,-0.007592601676781463,0.8512480950969561,0.2540037712130734
2005-12-30,0.02197783084318733,1.0,0.0,0.02197783084318733,0.02197783084318733,0.8701637832439686,0.2596480201131362
2006-01-03,0.010355300240381622,1.0,0.0,0.010355300240381622,0.010355300240381622,0.8792214067442085,0.26235072281583893
2006-01-04,0.004303138363732109,0.0,0.0005,-0.0005,0.004303138363732109,0.8787819059251973,0.2634820867379006
2006-01-05,0.017967386420765938,0.0,0.0,0.0,0.017967386420765938,0.8787819059251973,0.26825895663104954
2006-01-06,0.003972884885225854,1.0,0.0005,0.003472884885225854,0.003972884885225854,0.8818391199271077,0.2693268384663732
2006-01-09,0.000702205443767986,1.0,0.0,0.000702205443767986,0.000702205443767986,0.8824585696226684,0.2695160276555624
2006-01-10,0.007666433181295222,1.0,0.0,0.007666433181295222,0.007666433181295222,0.8892498785773205,0.27159019484600866
2006-01-11,-0.004871834250279354,1.0,0.0,-0.004871834250279354,-0.004871834250279354,0.8849281365152692,0.2702702702702701
2006-01-12,-0.00046522447919812197,1.0,0.0,-0.00046522447919812197,-0.00046522447919812197,0.884516542033169,0.2701445631678188
2006-01-13,-0.0065359709797854215,0.0,0.0005,-0.0005,-0.0065359709797854215,0.884074394308295,0.2683846637335008
2006-01-17,-0.011541760440171571,0.0,0.0,-0.0,-0.011541760440171571,0.884074394308295,0.2653048397234442
2006-01-18,0.00731739367933975,0.0,0.0,0.0,0.00731739367933975,0.884074394308295,0.2672532998114392
2006-01-19,-0.030323440693057254,0.0,0.0,-0.0,-0.030323440693057254,0.884074394308295,0.25927089880578236
2006-01-20,0.00024239486241568598,0.0,0.0,0.0,0.00024239486241568598,0.884074394308295,0.259333752357008
2006-01-23,0.00435309030812185,1.0,0.0005,0.0038530903081218496,0.00435309030812185,0.8874873838445925,0.2604651162790696
2006-01-24,-0.004353090308121818,1.0,0.0,-0.004353090308121818,-0.004353090308121818,0.8836324676020243,0.259333752357008
2006-01-25,0.007004013658351512,1.0,0.0,0.007004013658351512,0.007004013658351512,0.8898431659928288,0.26115650534255175
2006-01-26,0.013387720872379251,1.0,0.0,0.013387720872379251,0.013387720872379251,0.9018362387474854,0.26467630421118776
2006-01-27,0.001897983962410919,1.0,0.0,0.001897983962410919,0.001897983962410919,0.9035495348552935,0.26517913262099296
2006-01-30,-0.004513607852878892,1.0,0.0,-0.004513607852878892,-0.004513607852878892,0.8994804565992494,0.2639849151477057
2006-01-31,0.0035650661644961446,0.0,0.0005,-0.0005,0.0035650661644961446,0.89903082878727,0.2649277184160904
2006-02-01,-0.01722942835855403,1.0,0.0005,-0.017729428358554032,-0.01722942835855403,0.8832319921261754,0.260402262727844
2006-02-02,-0.012386315005884652,1.0,0.0,-0.012386315005884652,-0.012386315005884652,0.872359476654673,0.2571967316153361
2006-02-03,-0.0026917916657114146,1.0,0.0,-0.0026917916657114146,-0.0026917916657114146,0.8700144242980744,0.25650534255185403
2006-02-06,-0.004420439418078902,1.0,0.0,-0.004420439418078902,-0.004420439418078902,0.8661770658963677,0.25537397862979244
2006-02-07,0.011501411502553524,1.0,0.0,0.011501411502553524,0.011501411502553524,0.8761968350563797,0.2583280955373977
2006-02-08,-0.009534358987301457,1.0,0.0,-0.009534358987301457,-0.009534358987301457,0.8678825585193484,0.25587680703959764
2006-02-09,0.006122218216364828,1.0,0.0,0.006122218216364828,0.006122218216364828,0.8732122229661633,0.2574481458202387
2006-02-10,-0.011540950687182592,1.0,0.0,-0.011540950687182592,-0.011540950687182592,0.8631924538061512,0.25449402891263345
2006-02-13,0.010075033004686299,1.0,0.0,0.010075033004686299,0.010075033004686299,0.8719331034989277,0.2570710245128849
2006-02-14,0.006336847917092836,1.0,0.0,0.006336847917092836,0.006336847917092836,0.8774759545236153,0.2587052168447517
2006-02-15,0.009189907482117479,0.0,0.0005,-0.0005,0.009189907482117479,0.8770373262125694,0.2610936517913262
2006-02-16,-0.007975873097240242,1.0,0.0005,-0.008475873097240242,-0.007975873097240242,0.8696350836831733,0.2590194846008799
2006-02-17,-0.01122510566385424,0.0,0.0005,-0.0005,-0.01122510566385424,0.869200374827602,0.2561282212445003
2006-02-21,0.012437667956234065,1.0,0.0005,0.011937667956234065,0.012437667956234065,0.8796387814431422,0.2593337523570082
2006-02-22,-0.002669580520026918,0.0,0.0005,-0.0005,-0.002669580520026918,0.8791990719889449,0.2586423632935261
2006-02-23,0.0026695805200269737,0.0,0.0,0.0,0.0026695805200269737,0.8791990719889449,0.2593337523570082
2006-02-24,0.011087122489466018,0.0,0.0,0.0,0.011087122489466018,0.8791990719889449,0.2622250157133878
2006-02-27,-0.014972508630382663,0.0,0.0,-0.0,-0.014972508630382663,0.8791990719889449,0.2583280955373979
2006-02-28,0.013533314330636821,0.0,0.0,0.0,0.013533314330636821,0.8791990719889449,0.26184789440603395
2006-03-01,0.0007198560598797079,0.0,0.0,0.0,0.0007198560598797079,0.8791990719889449,0.2620364550597109
2006-03-02,-0.005773410311401411,0.0,0.0,-0.0,-0.005773410311401411,0.8791990719889449,0.2605279698302955
2006-03-03,-0.008723098685985536,0.0,0.0,-0.0,-0.008723098685985536,0.8791990719889449,0.25826524198617234
2006-03-06,-0.005857961589306579,0.0,0.0,-0.0,-0.005857961589306579,0.8791990719889449,0.2567567567567568
2006-03-07,0.000489476270173897,1.0,0.0005,-1.0523729826103002e-05,0.000489476270173897,0.8791898195841329,0.2568824638592081
2006-03-08,-0.0086006181957032,1.0,0.0,-0.0086006181957032,-0.0086006181957032,0.8716606677159057,0.25468258956631057
2006-03-09,0.0009866799024451063,0.0,0.0005,-0.0005,0.0009866799024451063,0.8712249463214738,0.25493400377121317
2006-03-10,0.0029542118974313827,1.0,0.0005,0.0024542118974313827,0.0029542118974313827,0.8733657428597129,0.2556882463859208
2006-03-13,0.016819409292960868,1.0,0.0,0.016819409292960868,0.016819409292960868,0.8881794685866844,0.2600251414204902
2006-03-14,0.008424649659251623,1.0,0.0,0.008424649659251623,0.008424649659251623,0.8956936772887715,0.2622250157133878
2006-03-15,-0.008424649659251578,1.0,0.0,-0.008424649659251578,-0.008424649659251578,0.8881794685866845,0.26002514142049027
2006-03-16,0.001931901107983873,1.0,0.0,0.001931901107983873,0.001931901107983873,0.8898970020043043,0.26052796983029547
2006-03-17,0.002409639720153108,1.0,0.0,0.002409639720153108,0.002409639720153108,0.8920439187763292,0.2611565053425519
2006-03-20,-0.010646120391670046,1.0,0.0,-0.010646120391670046,-0.010646120391670046,0.8825974849794198,0.25839094908862353
2006-03-21,0.002429544440938868,1.0,0.0,0.002429544440938868,0.002429544440938868,0.8847444017514446,0.25901948460088
2006-03-22,-0.002916162455407493,0.0,0.0005,-0.0005,-0.002916162455407493,0.8843021401251893,0.25826524198617223
2006-03-23,0.00509771707166858,0.0,0.0,0.0,0.00509771707166858,0.8843021401251893,0.2595851665619108
2006-03-24,0.0002421014416862998,0.0,0.0,0.0,0.0002421014416862998,0.8843021401251893,0.2596480201131365
2006-03-27,-0.004123717183862152,0.0,0.0,-0.0,-0.004123717183862152,0.8843021401251893,0.2585795097423005
2006-03-28,0.018782155787975627,0.0,0.0,0.0,0.018782155787975627,0.8843021401251893,0.26348208673790074
2006-03-29,0.0030963464061703394,1.0,0.0005,0.0025963464061703394,0.0030963464061703394,0.8866010779367035,0.26429918290383414
2006-03-30,-0.0028578252362857614,1.0,0.0,-0.0028578252362857614,-0.0028578252362857614,0.8840709440638759,0.2635449402891264
2006-03-31,0.0011917532098156072,1.0,0.0,0.0011917532098156072,0.0011917532098156072,0.8851251665108874,0.2638592080452546
2006-04-03,0.0054638454019204676,1.0,0.0,0.0054638454019204676,0.0054638454019204676,0.8899745897671405,0.26530483972344443
2006-04-04,0.00943180771741318,0.0,0.0005,-0.0005,0.00943180771741318,0.8895297137005418,0.26781898177247015
2006-04-05,0.002812282144112838,0.0,0.0,0.0,0.002812282144112838,0.8895297137005418,0.26857322438717784
2006-04-06,-0.009641462105889505,0.0,0.0,-0.0,-0.009641462105889505,0.8895297137005418,0.26599622878692647
2006-04-07,-0.0014187753621333703,0.0,0.0,-0.0,-0.0014187753621333703,0.8895297137005418,0.26561910747957257
2006-04-10,-0.008077972175123791,0.0,0.0,-0.0,-0.008077972175123791,0.8895297137005418,0.2634820867379007
2006-04-11,0.00023852116988454572,0.0,0.0,0.0,0.00023852116988454572,0.8895297137005418,0.26354494028912634
2006-04-12,0.00404617950566459,0.0,0.0,0.0,0.00404617950566459,0.8895297137005418,0.26461345065996233
2006-04-13,-0.010506304855509968,0.0,0.0,-0.0,-0.010506304855509968,0.8895297137005418,0.2618478944060339
2006-04-17,0.019021020442284247,1.0,0.0005,0.018521020442284247,0.019021020442284247,0.9061582248750681,0.26687617850408546
2006-04-18,0.004464817662577982,0.0,0.0005,-0.0005,0.004464817662577982,0.9057052590135327,0.26807039597737264
2006-04-19,-0.0035231980073169053,0.0,0.0,-0.0,-0.0035231980073169053,0.9057052590135327,0.267127592708988
2006-04-20,-0.011834457647002796,1.0,0.0005,-0.012334457647002797,-0.011834457647002796,0.894602489936219,0.2639849151477058
2006-04-21,-0.0009528347552718544,0.0,0.0005,-0.0005,-0.0009528347552718544,0.894155300497927,0.26373350094280323
2006-04-24,-0.0021472034970444996,1.0,0.0005,-0.0026472034970444996,-0.0021472034970444996,0.8917914196767807,0.26316781898177244
2006-04-25,-0.00023886301319827564,0.0,0.0005,-0.0005,-0.00023886301319827564,0.8913456354222931,0.2631049654305468
2006-04-26,0.009510295170056866,0.0,0.0,0.0,0.009510295170056866,0.8913456354222931,0.26561910747957257
2006-04-27,-0.009749215252426205,0.0,0.0,-0.0,-0.009749215252426205,0.8913456354222931,0.2630421118793212
2006-04-28,-0.009845198984256816,0.0,0.0,-0.0,-0.009845198984256816,0.8913456354222931,0.2604651162790698
2006-05-01,0.0026509233502295874,1.0,0.0005,0.0021509233502295874,0.0026509233502295874,0.8932649149342494,0.2611565053425519
2006-05-02,-0.0014450869566805741,1.0,0.0,-0.0014450869566805741,-0.0014450869566805741,0.8919750016996874,0.260779384035198
2006-05-03,0.008161351109330355,1.0,0.0,0.008161351109330355,0.008161351109330355,0.8992845100288724,0.2629164047768699
2006-05-04,0.007858118778999746,0.0,0.0005,-0.0005,0.007858118778999746,0.898834980165689,0.2649905719673161
2006-05-05,0.0009483168088594818,0.0,0.0,0.0,0.0009483168088594818,0.898834980165689,0.2652419861722188
2006-05-08,-0.003798675033215784,1.0,0.0005,-0.004298675033215784,-0.003798675033215784,0.8949794733998382,0.2642363293526085
2006-05-09,-0.008840100574388188,0.0,0.0005,-0.0005,-0.008840100574388188,0.8945320955169294,0.26191074795725966
2006-05-10,-0.02257103463570231,0.0,0.0,-0.0,-0.02257103463570231,0.8945320955169294,0.2560653676932748
2006-05-11,-0.013592202337550083,0.0,0.0,-0.0,-0.013592202337550083,0.8945320955169294,0.25260842237586434
2006-05-12,-0.0007467330776360427,0.0,0.0,-0.0,-0.0007467330776360427,0.8945320955169294,0.2524198617221874
2006-05-15,-0.007498160598824977,1.0,0.0005,-0.007998160598824976,-0.007498160598824977,0.8874060198930424,0.2505342551854181
2006-05-16,-0.013640019505682808,1.0,0.0,-0.013640019505682808,-0.013640019505682808,0.8753839614198301,0.24714016341923334
2006-05-17,-0.006890418993270924,0.0,0.0005,-0.0005,-0.006890418993270924,0.8749463788438805,0.2454431175361409
2006-05-18,0.007653098577717432,1.0,0.0005,0.007153098577717431,0.007653098577717432,0.8812273941210823,0.24732872407291026
2006-05-19,-0.009703855512794467,1.0,0.0,-0.009703855512794467,-0.009703855512794467,0.8727174472401162,0.24494028912633578
2006-05-22,-0.009798943801090348,1.0,0.0,-0.009798943801090348,-0.009798943801090348,0.8642075003591504,0.24255185417976133
2006-05-23,0.006714901264129112,1.0,0.0,0.006714901264129112,0.006714901264129112,0.8700300955934956,0.24418604651162812
2006-05-24,0.013041995370396157,1.0,0.0,0.013041995370396157,0.013041995370396157,0.8814513400916341,0.24739157762413597
2006-05-25,0.0032974031145054793,0.0,0.0005,-0.0005,0.0032974031145054793,0.8810107245846445,0.24820867379006936
2006-05-26,-0.021759465954240893,0.0,0.0,-0.0,-0.021759465954240893,0.8810107245846445,0.24286612193588958
2006-05-30,0.0046475683965468756,0.0,0.0,0.0,0.0046475683965468756,0.8810107245846445,0.24399748585795114
2006-05-31,0.023422659382806535,0.0,0.0,0.0,0.023422659382806535,0.8810107245846445,0.24978001257071042
2006-06-01,-0.002469074847867145,1.0,0.0005,-0.002969074847867145,-0.002469074847867145,0.878398817194599,0.24916404776869913
2006-06-02,-0.021984512461297907,0.0,0.0005,-0.0005,-0.021984512461297907,0.8779597275675561,0.2437460716530486
2006-06-05,-0.0007738940151498033,0.0,0.0,-0.0,-0.0007738940151498033,0.8779597275675561,0.24355751099937165
2006-06-06,-0.007512015638722339,0.0,0.0,-0.0,-0.007512015638722339,0.8779597275675561,0.241734758013828
2006-06-07,-0.0015612805669525758,1.0,0.0005,-0.0020612805669525756,-0.0015612805669525758,0.8761518701333664,0.24135763670647412
2006-06-08,-0.0026075634070809417,0.0,0.0005,-0.0005,-0.0026075634070809417,0.8757139036990326,0.24072910119421764
2006-06-09,-0.023779191766114063,0.0,0.0,-0.0,-0.023779191766114063,0.8757139036990326,0.23507228158390964
2006-06-12,-0.004018759594917744,1.0,0.0005,-0.004518759594917744,-0.004018759594917744,0.8717656903260943,0.234129478315525
2006-06-13,0.010149659779777359,1.0,0.0,0.010149659779777359,0.010149659779777359,0.8806588705227095,0.23651791326209948
2006-06-14,0.026745170428085017,1.0,0.0,0.026745170428085017,0.026745170428085017,0.904530038418887,0.24292897548711517
2006-06-15,-0.008053037415932437,1.0,0.0,-0.008053037415932437,-0.008053037415932437,0.8972750756269116,0.24098051539912024
2006-06-16,-0.008118415677330229,0.0,0.0005,-0.0005,-0.008118415677330229,0.8968265502297916,0.23903205531112526
2006-06-19,0.0013138879829962882,0.0,0.0,0.0,0.0013138879829962882,0.8968265502297916,0.2393463230672535
2006-06-20,0.015633460661928958,0.0,0.0,0.0,0.015633460661928958,0.8968265502297916,0.24311753614079215
2006-06-21,-0.01274896934766875,1.0,0.0005,-0.01324896934766875,-0.01274896934766875,0.8850228885938832,0.24003771213073558
2006-06-22,-0.001047943506958791,1.0,0.0,-0.001047943506958791,-0.001047943506958791,0.8840959203942562,0.239786297925833
2006-06-23,0.00261780254207888,0.0,0.0005,-0.0005,0.00261780254207888,0.8836539829276328,0.24041483343808948
2006-06-26,-0.019002947125615358,0.0,0.0,-0.0,-0.019002947125615358,0.8836539829276328,0.23588937774984306
2006-06-27,0.007433004755912076,0.0,0.0,0.0,0.007433004755912076,0.8836539829276328,0.23764927718416112
2006-06-28,0.029961860871492794,1.0,0.0005,0.029461860871492794,0.029961860871492794,0.9100753741854243,0.2448774355751102
2006-06-29,-0.004888727091496504,1.0,0.0,-0.004888727091496504,-0.004888727091496504,0.9056371215905776,0.243683218101823
2006-06-30,0.005914894446808607,0.0,0.0005,-0.0005,0.005914894446808607,0.9051844162155575,0.2451288497800128
2006-07-03,-0.02203588839918045,0.0,0.0,-0.0,-0.02203588839918045,0.9051844162155575,0.239786297925833
2006-07-05,-0.0010490428446971174,0.0,0.0,-0.0,-0.0010490428446971174,0.9051844162155575,0.23953488372093043
2006-07-06,-0.011081907606724834,1.0,0.0005,-0.011581907606724834,-0.011081907606724834,0.8947611312170083,0.23689503456945335
2006-07-07,-0.00879419391840212,1.0,0.0,-0.00879419391840212,-0.00879419391840212,0.8869269265658645,0.2348208673790071
2006-07-10,0.00746670135653707,0.0,0.0005,-0.0005,0.00746670135653707,0.8864835739499721,0.23658076681332516
2006-07-11,-0.019043085852707087,1.0,0.0005,-0.019543085852707087,-0.019043085852707087,0.8693271402318631,0.2321181646763044
2006-07-12,-0.016931043438227305,0.0,0.0005,-0.0005,-0.016931043438227305,0.868892585309531,0.22822124450031447
2006-07-13,-0.01024230407083157,1.0,0.0005,-0.010742304070831571,-0.01024230407083157,0.8596086317575313,0.22589566310496564
2006-07-14,0.002501043404588873,0.0,0.0005,-0.0005,0.002501043404588873,0.8591789348748253,0.22646134506599644
2006-07-17,0.0033250238447716947,1.0,0.0005,0.0028250238447716947,0.0033250238447716947,0.8616095675338576,0.22721558768070416
2006-07-18,0.012917590641590914,1.0,0.0,0.012917590641590914,0.012917590641590914,0.8728116836262757,0.2301697045883094
2006-07-19,-0.014855844051941671,0.0,0.0005,-0.0005,-0.014855844051941671,0.8723753868677417,0.2267756128221246
2006-07-20,-0.010588006408829372,1.0,0.0005,-0.011088006408829372,-0.010588006408829372,0.8627559119414969,0.22438717787555018
2006-07-21,0.019692773401748614,1.0,0.0,0.019692773401748614,0.019692773401748614,0.8799143628512578,0.22884978001257092
2006-07-24,0.005751077059022518,0.0,0.0005,-0.0005,0.005751077059022518,0.8794745156407983,0.23016970458830943
2006-07-25,-0.0008195602152490459,0.0,0.0,-0.0,-0.0008195602152490459,0.8794745156407983,0.22998114393463256
2006-07-26,-0.006580775051587088,0.0,0.0,-0.0,-0.006580775051587088,0.8794745156407983,0.22847265870521707
2006-07-27,0.020692271092977815,0.0,0.0,0.0,0.020692271092977815,0.8794745156407983,0.23324952859836603
2006-07-28,-0.00026950545911670105,1.0,0.0005,-0.000769505459116701,-0.00026950545911670105,0.878798015518509,0.2331866750471404
2006-07-31,-0.01685280440725891,1.0,0.0,-0.01685280440725891,-0.01685280440725891,0.8641119031297899,0.22928975487115044
2006-08-01,0.01117634640245372,1.0,0.0,0.01117634640245372,0.01117634640245372,0.8738236871287817,0.23186675047140187
2006-08-02,0.0062153963094154115,0.0,0.0005,-0.0005,0.0062153963094154115,0.8733868844949757,0.23331238214959166
2006-08-03,-0.0045902605237888635,0.0,0.0,-0.0,-0.0045902605237888635,0.8733868844949757,0.23224387177875574
2006-08-04,-0.0065164498854679365,0.0,0.0,-0.0,-0.0065164498854679365,0.8733868844949757,0.23073538654934025
2006-08-07,-0.0062850323026123886,0.0,0.0,-0.0,-0.0062850323026123886,0.8733868844949757,0.2292897548711504
2006-08-08,0.0013696756010605322,1.0,0.0005,0.0008696756010605322,0.0013696756010605322,0.8741467781412945,0.22960402262727864
2006-08-09,0.007092228309491837,0.0,0.0005,-0.0005,0.007092228309491837,0.873709814002362,0.2312382149591454
2006-08-10,-0.007092228309491798,0.0,0.0,-0.0,-0.007092228309491798,0.873709814002362,0.22960402262727864
2006-08-11,0.006548454505989518,0.0,0.0,0.0,0.006548454505989518,0.873709814002362,0.2311125078566941
2006-08-14,0.02497779914078436,0.0,0.0,0.0,0.02497779914078436,0.873709814002362,0.23695788812067903
2006-08-15,0.023073913023617918,0.0,0.0,0.0,0.023073913023617918,0.873709814002362,0.24248900062853573
2006-08-16,0.003880486049077814,1.0,0.0005,0.003380486049077814,0.003880486049077814,0.87666837571037,0.2434318038969204
2006-08-17,0.0015479879252149533,1.0,0.0,0.0015479879252149533,0.0015479879252149533,0.878026498678163,0.24380892520427425
2006-08-18,-0.009584324111465101,1.0,0.0,-0.009584324111465101,-0.009584324111465101,0.8696514070434397,0.24148334380892544
2006-08-21,0.00026024723634198533,1.0,0.0,0.00026024723634198533,0.00026024723634198533,0.8698777608714052,0.2415461973601511
2006-08-22,-0.007574804404479532,1.0,0.0,-0.007574804404479532,-0.007574804404479532,0.8633134998604058,0.23972344437460744
2006-08-23,0.002879960100271889,0.0,0.0005,-0.0005,0.002879960100271889,0.8628819510066796,0.24041483343808953
2006-08-24,0.001828392830114989,0.0,0.0,0.0,0.001828392830114989,0.8628819510066796,0.24085480829666905
2006-08-25,0.007539357173485241,0.0,0.0,0.0,0.007539357173485241,0.8628819510066796,0.24267756128221274
2006-08-28,0.003103183250515806,0.0,0.0,0.0,0.003103183250515806,0.8628819510066796,0.24343180389692046
2006-08-29,0.004636793469801304,0.0,0.0,0.0,0.004636793469801304,0.8628819510066796,0.24456316781898202
2006-08-30,-0.0010285421323303616,1.0,0.0005,-0.0015285421323303617,-0.0010285421323303616,0.861564007112332,0.24431175361407945
2006-08-31,0.005388082310450176,0.0,0.0005,-0.0005,0.005388082310450176,0.8611333327863298,0.24563167818981796
2006-09-01,0.009676673419887379,1.0,0.0005,0.009176673419887378,0.009676673419887379,0.8690720419121041,0.2480201131363925
2006-09-05,-0.020223394975263594,1.0,0.0,-0.020223394975263594,-0.020223394975263594,0.8516729817724548,0.2430546825895666
2006-09-06,-0.004928078577675538,1.0,0.0,-0.004928078577675538,-0.004928078577675538,0.8474861952755594,0.2418598365807671
2006-09-07,0.006220235366846019,0.0,0.0005,-0.0005,0.006220235366846019,0.8470625580960423,0.24336895034569483
2006-09-08,0.006179216365958118,0.0,0.0,0.0,0.006179216365958118,0.8470625580960423,0.24487743557511032
2006-09-11,0.018311803642337688,0.0,0.0,0.0,0.018311803642337688,0.8470625580960423,0.24940289126335674
2006-09-12,0.007031671363680747,0.0,0.0,0.0,0.007031671363680747,0.8470625580960423,0.2511627906976748
2006-09-13,0.0007504690783741788,0.0,0.0,0.0,0.0007504690783741788,0.8470625580960423,0.25135135135135167
2006-09-14,0.0029962569232344855,1.0,0.0005,0.0024962569232344855,0.0029962569232344855,0.8491796852183495,0.2521055939660594
2006-09-15,2.4931407465982133e-06,1.0,0.0,2.4931407465982133e-06,2.4931407465982133e-06,0.8491818023454631,0.25210622250157166
2006-09-18,-0.006505767686483996,1.0,0.0,-0.006505767686483996,-0.006505767686483996,0.8436751547232917,0.2504714016341927
2006-09-19,0.014449678416455506,1.0,0.0,0.014449678416455506,0.014449678416455506,0.8559544919814978,0.25411690760528005
2006-09-20,-0.006202724265891136,0.0,0.0005,-0.0005,-0.006202724265891136,0.8555266217119883,0.25254556882463897
2006-09-21,-0.0077451979935247986,0.0,0.0,-0.0,-0.0077451979935247986,0.8555266217119883,0.250597108736644
2006-09-22,0.017404715825092246,0.0,0.0,0.0,0.017404715825092246,0.8555266217119883,0.2549968573224391
2006-09-25,0.004917639612806167,0.0,0.0,0.0,0.004917639612806167,0.8555266217119883,0.256253928346952
2006-09-26,-0.0012271445888948,0.0,0.0,-0.0,-0.0012271445888948,0.8555266217119883,0.25593966059082374
2006-09-27,0.0026977330892170867,0.0,0.0,0.0,0.0026977330892170867,0.8555266217119883,0.25663104965430583
2006-09-28,-0.004418269337664777,0.0,0.0,-0.0,-0.004418269337664777,0.8555266217119883,0.25549968573224424
2006-09-29,-0.012625492625627456,0.0,0.0,-0.0,-0.012625492625627456,0.8555266217119883,0.25229415461973637
2006-10-02,0.004226233760882333,1.0,0.0005,0.003726233760882333,0.004226233760882333,0.8587204606929755,0.2533626649905723
2006-10-03,0.024262922837912603,0.0,0.0005,-0.0005,0.024262922837912603,0.8582912077847988,0.25958516656191105
2006-10-04,0.004830927269665592,0.0,0.0,0.0,0.004830927269665592,0.8582912077847988,0.26084223758642394
2006-10-05,-0.002171029679176772,1.0,0.0005,-0.0026710296791767722,-0.002171029679176772,0.85600174546749,0.26027655562539315
2006-10-06,0.003375123743981314,0.0,0.0005,-0.0005,0.003375123743981314,0.8555738515771433,0.2611565053425522
2006-10-09,0.0016832996640311186,0.0,0.0,0.0,0.0016832996640311186,0.8555738515771433,0.2615964802011317
2006-10-10,-0.0019240025175221252,0.0,0.0,-0.0,-0.0019240025175221252,0.8555738515771433,0.2610936517913265
2006-10-11,0.01647405049788601,0.0,0.0,0.0,0.01647405049788601,0.8555738515771433,0.26543054682589595
2006-10-12,0.004724790268381246,0.0,0.0,0.0,0.004724790268381246,0.8555738515771433,0.26668761785040884
2006-10-13,0.00047125354312288855,1.0,0.0005,-2.874645687711146e-05,0.00047125354312288855,0.8555492572138159,0.26681332495286014
2006-10-16,-0.010657294473988093,1.0,0.0,-0.010657294473988093,-0.010657294473988093,0.8464798304588991,0.26398491514770617
2006-10-17,-0.004773278752657771,0.0,0.0005,-0.0005,-0.004773278752657771,0.8460566963360155,0.2627278441231932
2006-10-18,0.0023894873973814854,1.0,0.0005,0.0018894873973814854,0.0023894873973814854,0.8476568210328784,0.2633563796354497
2006-10-19,0.0023837913552761975,0.0,0.0005,-0.0005,0.0023837913552761975,0.8472330985618073,0.26398491514770617
2006-10-20,0.0101860409308651,0.0,0.0,0.0,0.0101860409308651,0.8472330985618073,0.26668761785040884
2006-10-23,-0.007095583223308217,0.0,0.0,-0.0,-0.007095583223308217,0.8472330985618073,0.26480201131363956
2006-10-24,0.0070955832233082754,0.0,0.0,0.0,0.0070955832233082754,0.8472330985618073,0.26668761785040884
2006-10-25,0.009149623947303273,0.0,0.0,0.0,0.009149623947303273,0.8472330985618073,0.269138906348209
2006-10-26,-0.01434812336712929,0.0,0.0,-0.0,-0.01434812336712929,0.8472330985618073,0.2653048397234447
2006-10-27,0.0063762171392758435,1.0,0.0005,0.005876217139275844,0.0063762171392758435,0.8522262803589236,0.26700188560653704
2006-10-30,0.0023512825316499876,0.0,0.0005,-0.0005,0.0023512825316499876,0.8518002737292766,0.2676304211187935
2006-10-31,-0.013715041181965123,0.0,0.0,-0.0,-0.013715041181965123,0.8518002737292766,0.26398491514770617
2006-11-01,0.0009519277253821558,1.0,0.0005,0.0004519277253821558,0.0009519277253821558,0.8521853128878452,0.26423632935260877
2006-11-02,-0.002619984826079058,0.0,0.0005,-0.0005,-0.002619984826079058,0.8517593267368138,0.2635449402891267
2006-11-03,0.014443248589419758,1.0,0.0005,0.013943248589419758,0.014443248589419758,0.863718801979008,0.26737900691389094
2006-11-06,0.006793981855188358,0.0,0.0005,-0.0005,0.006793981855188358,0.8632870505248769,0.26920175989943457
2006-11-07,0.004658755223228721,0.0,0.0,0.0,0.004658755223228721,0.8632870505248769,0.27045883092394746
2006-11-08,-0.005359444262757211,0.0,0.0,-0.0,-0.005359444262757211,0.8632870505248769,0.2690131992457577
2006-11-09,0.00535944426275728,1.0,0.0005,0.00485944426275728,0.00535944426275728,0.8674923552762811,0.2704588309239475
2006-11-10,0.009943427977775287,1.0,0.0,0.009943427977775287,0.009943427977775287,0.8761612307763694,0.27316153362665024
2006-11-13,0.010756483159404676,1.0,0.0,0.010756483159404676,0.010756483159404676,0.8856365132997218,0.2761156505342555
2006-11-14,0.004089056129160137,1.0,0.0,0.004089056129160137,0.004089056129160137,0.8892653449044099,0.27724701445631716
2006-11-15,0.004298162934241617,0.0,0.0005,-0.0005,0.004298162934241617,0.8888208233716017,0.2784412319296044
2006-11-16,0.0,0.0,0.0,0.0,0.0,0.8888208233716017,0.2784412319296044
2006-11-17,0.0020295417948539567,1.0,0.0005,0.0015295417948539567,0.0020295417948539567,0.8901813521966895,0.2790069138906352
2006-11-20,0.0013507431139696668,1.0,0.0,0.0013507431139696668,0.0013507431139696668,0.8913845709651463,0.27938403519798904
2006-11-21,0.006279455484843101,1.0,0.0,0.006279455484843101,0.006279455484843101,0.8969995918846118,0.2811439346323071
2006-11-22,-0.0017901101222486501,1.0,0.0,-0.0017901101222486501,-0.0017901101222486501,0.8953953001933359,0.28064110622250193
2006-11-24,-0.02242195620071022,1.0,0.0,-0.02242195620071022,-0.02242195620071022,0.8755421905137972,0.27441860465116313
2006-11-27,0.002516300081006186,1.0,0.0,0.002516300081006186,0.002516300081006186,0.8777480915893016,0.27510999371464523
2006-11-28,0.006830627651091556,0.0,0.0005,-0.0005,0.006830627651091556,0.8773093272437342,0.27699560025141456
2006-11-29,-0.000680966999416458,0.0,0.0,-0.0,-0.000680966999416458,0.8773093272437342,0.2768070395977376
2006-11-30,-0.00866596073268145,0.0,0.0,-0.0,-0.00866596073268145,0.8773093272437342,0.2744186046511631
2006-12-01,0.013648983501105692,1.0,0.0005,0.013148983501105691,0.013648983501105692,0.8889212281562248,0.27818981772470175
2006-12-04,0.00360848384337776,0.0,0.0005,-0.0005,0.00360848384337776,0.8884768786387833,0.2791954745443121
2006-12-05,-0.0036084838433779205,0.0,0.0,-0.0,-0.0036084838433779205,0.8884768786387833,0.27818981772470175
2006-12-06,-0.012733232521359045,0.0,0.0,-0.0,-0.012733232521359045,0.8884768786387833,0.27467001885606573
2006-12-07,0.004566217979581184,1.0,0.0005,0.004066217979581184,0.004566217979581184,0.8920969743583719,0.27592708988057857
2006-12-08,0.0036380212930714837,0.0,0.0005,-0.0005,0.0036380212930714837,0.8916510373647315,0.2769327467001889
2006-12-11,-0.005918523991796729,1.0,0.0005,-0.006418523991796729,-0.005918523991796729,0.8859462814306138,0.2752985543683222
2006-12-12,0.0018248180246291173,1.0,0.0,0.0018248180246291173,0.0018248180246291173,0.887564448154688,0.2758013827781273
2006-12-13,0.011104929983788552,1.0,0.0,0.011104929983788552,0.011104929983788552,0.8974757193396424,0.2788812067881839
2006-12-14,0.0013513515569989558,0.0,0.0005,-0.0005,0.0013513515569989558,0.8970270936457424,0.2792583280955378
2006-12-15,-0.009952581587188638,0.0,0.0,-0.0,-0.009952581587188638,0.8970270936457424,0.2764927718416095
2006-12-18,-0.0031876165424363154,0.0,0.0,-0.0,-0.0031876165424363154,0.8970270936457424,0.2756128221244505
2006-12-19,-0.003655475854847659,0.0,0.0,-0.0,-0.003655475854847659,0.8970270936457424,0.2746071653048401
2006-12-20,-0.007120737564616054,1.0,0.0005,-0.007620737564616054,-0.007120737564616054,0.8902170672467375,0.27265870521684515
2006-12-21,-0.010427623162259163,1.0,0.0,-0.010427623162259163,-0.010427623162259163,0.8809824503665846,0.2698302954116912
2006-12-22,0.004184106522574091,1.0,0.0,0.004184106522574091,0.004184106522574091,0.8846762971186458,0.27096165933375277
2006-12-26,0.005090246992774847,1.0,0.0,0.005090246992774847,0.005090246992774847,0.8891909987044984,0.272344437460717
2006-12-27,-0.004858309151076295,1.0,0.0,-0.004858309151076295,-0.004858309151076295,0.8848815108270938,0.2710245128849785
2006-12-28,0.0009272137891922675,1.0,0.0,0.0009272137891922675,0.0009272137891922675,0.8857023656608851,0.2712759270898811
2006-12-29,0.0018518523810737264,1.0,0.0,0.0018518523810737264,0.0018518523810737264,0.8873440753284679,0.2717787554996863
2007-01-03,0.01878634860318946,0.0,0.0005,-0.0005,0.01878634860318946,0.8869005141903291,0.2769327467001891
2007-01-04,-0.004777622556005072,1.0,0.0005,-0.005277622556005073,-0.004777622556005072,0.8822321178843766,0.27561282212445054
2007-01-05,0.0006839165888375561,1.0,0.0,0.0006839165888375561,0.0006839165888375561,0.8828356974405119,0.2758013827781275
2007-01-08,0.005001147045770752,1.0,0.0,0.005001147045770752,0.005001147045770752,0.8872619475188371,0.2771841609050916
2007-01-09,0.011722406551586042,1.0,0.0,0.011722406551586042,0.011722406551586042,0.8977239931585149,0.2804525455688251
2007-01-10,0.010256500167189061,1.0,0.0,0.010256500167189061,0.010256500167189061,0.9069788796859223,0.2833438089252047
2007-01-11,0.005089069507471449,1.0,0.0,0.005089069507471449,0.005089069507471449,0.9116063229496261,0.28478944060339456
2007-01-12,-0.0006623247841193517,1.0,0.0,-0.0006623247841193517,-0.0006623247841193517,0.9110027433934909,0.2846008799497176
2007-01-16,-0.008204946795280874,1.0,0.0,-0.008204946795280874,-0.008204946795280874,0.9035585955344893,0.2822752985543688
2007-01-17,-0.018654322254987563,0.0,0.0005,-0.0005,-0.018654322254987563,0.9031069291627246,0.2770584538026403
2007-01-18,0.0020396607637760437,1.0,0.0005,0.0015396607637760437,0.0020396607637760437,0.9044984784490739,0.2776241357636711
2007-01-19,-0.010926582645090721,0.0,0.0005,-0.0005,-0.010926582645090721,0.9040463422533178,0.2746071653048402
2007-01-22,-0.002520913446870685,1.0,0.0005,-0.003020913446870685,-0.002520913446870685,0.9013194174770804,0.2739157762413581
2007-01-23,0.01638634753461614,1.0,0.0,0.01638634753461614,0.01638634753461614,0.9162104220797307,0.2784412319296045
2007-01-24,-0.012950311626260733,0.0,0.0005,-0.0005,-0.012950311626260733,0.9157524313759082,0.27485857950974274
2007-01-25,-0.003665525295478394,0.0,0.0,-0.0,-0.003665525295478394,0.9157524313759082,0.27385292269013245
2007-01-26,0.0009176417253243342,1.0,0.0005,0.0004176417253243342,0.0009176417253243342,0.9161349676773182,0.274104336895035
2007-01-29,0.0004585052808433116,1.0,0.0,0.0004585052808433116,0.0004585052808433116,0.9165551167108782,0.2742300439974863
2007-01-30,0.010034291718377423,1.0,0.0,0.010034291718377423,0.010034291718377423,0.9257983954491956,0.2769956002514146
2007-01-31,-0.001135202755579907,0.0,0.0005,-0.0005,-0.001135202755579907,0.9253356119569853,0.2766813324952864
2007-02-01,0.003175325870524072,0.0,0.0,0.0,0.003175325870524072,0.9253356119569853,0.2775612822124454
2007-02-02,-0.0009062075835380977,1.0,0.0005,-0.0014062075835380976,-0.0009062075835380977,0.9240353124619088,0.27730986800754287
2007-02-05,-0.0015878420031131587,0.0,0.0005,-0.0005,-0.0015878420031131587,0.9235734102908436,0.2768698931489633
2007-02-06,0.009264556153862187,0.0,0.0,0.0,0.009264556153862187,0.9235734102908436,0.2794468887492148
2007-02-07,-0.0002249465761368821,1.0,0.0005,-0.0007249465761368821,-0.0002249465761368821,0.9229041115414729,0.2793840351979892
2007-02-08,-0.013818319320153457,1.0,0.0,-0.013818319320153457,-0.013818319320153457,0.9102388357700377,0.2755499685732249
2007-02-09,-0.0031985405382156584,1.0,0.0,-0.0031985405382156584,-0.0031985405382156584,0.9073320511667574,0.2746700188560659
2007-02-12,0.0036546408881976138,1.0,0.0,0.0036546408881976138,0.0036546408881976138,0.9106540907133633,0.2756756756756762
2007-02-13,0.016731116036276316,1.0,0.0,0.016731116036276316,0.016731116036276316,0.926018523616416,0.28032683846637396
2007-02-14,0.005812670066043914,0.0,0.0005,-0.0005,0.005812670066043914,0.9255556300876336,0.2819610307982407
2007-02-15,-0.003349338846173001,0.0,0.0,-0.0,-0.003349338846173001,0.9255556300876336,0.28101822752985606
2007-02-16,-0.000671216044889362,1.0,0.0005,-0.0011712160448893619,-0.000671216044889362,0.9244722390495655,0.2808296668761791
2007-02-20,0.011349849222188324,0.0,0.0005,-0.0005,0.011349849222188324,0.9240101184698132,0.284035197988687
2007-02-21,0.005076713254224255,0.0,0.0,0.0,0.005076713254224255,0.9240101184698132,0.2854808296668768
2007-02-22,-0.003528896472021179,0.0,0.0,-0.0,-0.003528896472021179,0.9240101184698132,0.2844751728472665
2007-02-23,-0.004872656373956347,0.0,0.0,-0.0,-0.004872656373956347,0.9240101184698132,0.2830923947203023
2007-02-26,-0.0419419968588252,0.0,0.0,-0.0,-0.0419419968588252,0.9240101184698132,0.2714644877435581
2007-02-27,0.0032362487792083248,0.0,0.0,0.0,0.0032362487792083248,0.9240101184698132,0.2723444374607171
2007-02-28,-0.004626425092066137,0.0,0.0,-0.0,-0.004626425092066137,0.9240101184698132,0.27108736643620424
2007-03-01,-0.015185433726068457,1.0,0.0005,-0.015685433726068457,-0.015185433726068457,0.9096296954175156,0.26700188560653737
2007-03-02,-0.007798692485818872,1.0,0.0,-0.007798692485818872,-0.007798692485818872,0.9025633630378598,0.2649277184160911
2007-03-05,0.016470960595924497,1.0,0.0,0.016470960595924497,0.016470960595924497,0.9175525529340995,0.26932746700188626
2007-03-06,-0.003975218610236224,0.0,0.0005,-0.0005,-0.003975218610236224,0.9170938913325883,0.2682589566310503
2007-03-07,0.006771771353350999,1.0,0.0005,0.006271771353350998,0.006771771353350999,0.9228637692930111,0.270081709616594
2007-03-08,-0.0009313155504344906,0.0,0.0005,-0.0005,-0.0009313155504344906,0.9224024527471119,0.2698302954116914
2007-03-09,0.00650106770737251,0.0,0.0,0.0,0.00650106770737251,0.9224024527471119,0.27159019484600944
2007-03-12,-0.019631385305374085,0.0,0.0,-0.0,-0.019631385305374085,0.9224024527471119,0.2663104965430553
2007-03-13,0.014526965869722352,1.0,0.0005,0.014026965869722352,0.014526965869722352,0.9354321302527896,0.2702074167190452
2007-03-14,-0.0023288319794011027,0.0,0.0005,-0.0005,-0.0023288319794011027,0.9349645310971938,0.2695788812067888
2007-03-15,-0.0013999069015095513,0.0,0.0,-0.0,-0.0013999069015095513,0.9349645310971938,0.2692017598994349
2007-03-16,0.010220762609513946,0.0,0.0,0.0,0.010220762609513946,0.9349645310971938,0.2719673161533633
2007-03-19,0.00713877527968029,0.0,0.0,0.0,0.00713877527968029,0.9349645310971938,0.2739157762413582
2007-03-20,0.019091488949807712,1.0,0.0005,0.01859148894980771,0.019091488949807712,0.9525095020566112,0.27919547454431237
2007-03-21,-0.0036084838433779205,0.0,0.0005,-0.0005,-0.0036084838433779205,0.9520333663494293,0.278189817724702
2007-03-22,-0.00316814023760194,1.0,0.0005,-0.00366814023760194,-0.00316814023760194,0.9485475715513826,0.277309868007543
2007-03-23,0.0040714826657883,0.0,0.0005,-0.0005,0.0040714826657883,0.9480734163142944,0.2784412319296046
2007-03-26,-0.0070223416904615045,1.0,0.0005,-0.007522341690461504,-0.0070223416904615045,0.9409684406596821,0.27649277184160964
2007-03-27,-0.010741732812941204,0.0,0.0005,-0.0005,-0.010741732812941204,0.9404980740408063,0.27353865493400437
2007-03-28,0.0011482375816634018,0.0,0.0,0.0,0.0011482375816634018,0.9404980740408063,0.27385292269013256
2007-03-29,-0.0009184845651445755,0.0,0.0,-0.0,-0.0009184845651445755,0.9404980740408063,0.27360150848522996
2007-03-30,0.0013774106860950765,0.0,0.0,0.0,0.0013774106860950765,0.9404980740408063,0.27397862979258386
2007-04-02,0.012991635718538397,0.0,0.0,0.0,0.012991635718538397,0.9404980740408063,0.2775612822124455
2007-04-03,0.004067802219325748,0.0,0.0,0.0,0.004067802219325748,0.9404980740408063,0.27869264613450717
2007-04-04,0.004949391430863064,1.0,0.0005,0.0044493914308630644,0.004949391430863064,0.9446920414945869,0.2800754242614713
2007-04-05,-0.002471633659115004,1.0,0.0,-0.002471633659115004,-0.002471633659115004,0.9423599920205203,0.2793840351979892
2007-04-09,0.005161012241086353,1.0,0.0,0.005161012241086353,0.005161012241086353,0.9472360954662958,0.28082966687617905
2007-04-10,-0.010574966362848144,1.0,0.0,-0.010574966362848144,-0.010574966362848144,0.9372718840771024,0.2778755499685738
2007-04-11,0.007885587780876772,0.0,0.0005,-0.0005,0.007885587780876772,0.9368033652745253,0.2800754242614713
2007-04-12,0.0020177117034793153,0.0,0.0,0.0,0.0020177117034793153,0.9368033652745253,0.2806411062225021
2007-04-13,0.009140627681590343,0.0,0.0,0.0,0.009140627681590343,0.9368033652745253,0.28321810182275353
2007-04-16,0.002216804277362675,0.0,0.0,0.0,0.002216804277362675,0.9368033652745253,0.2838466373350099
2007-04-17,-0.003327051976619871,0.0,0.0,-0.0,-0.003327051976619871,0.9368033652745253,0.2829038340666253
2007-04-18,0.0031055925581530666,0.0,0.0,0.0,0.0031055925581530666,0.9368033652745253,0.28378378378378427
2007-04-19,0.005521825184307947,0.0,0.0,0.0,0.005521825184307947,0.9368033652745253,0.2853551225644254
2007-04-20,0.0015406627896170032,1.0,0.0005,0.0010406627896170032,0.0015406627896170032,0.937778769123171,0.28579509742300496
2007-04-23,0.0050455300632398295,0.0,0.0005,-0.0005,0.0050455300632398295,0.937309996941421,0.2872407291011948
2007-04-24,0.013259622592501512,0.0,0.0,0.0,0.013259622592501512,0.937309996941421,0.29107479572595907
2007-04-25,0.005169083230415319,1.0,0.0005,0.00466908323041532,0.005169083230415319,0.9416966080869789,0.29258328095537456
2007-04-26,0.00042955327120979415,1.0,0.0,0.00042955327120979415,0.00042955327120979415,0.9421012038369626,0.2927089880578258
2007-04-27,-0.013185104013730919,1.0,0.0,-0.013185104013730919,-0.013185104013730919,0.9297610334624609,0.2888749214330615
2007-04-30,-0.0009795919150694036,0.0,0.0005,-0.0005,-0.0009795919150694036,0.9292962691464911,0.2885920804525461
2007-05-01,0.010938539780805539,1.0,0.0005,0.010438539780805538,0.010938539780805539,0.9390475713539419,0.29176618478944116
2007-05-02,0.0036555249824144743,0.0,0.0005,-0.0005,0.0036555249824144743,0.9385781649296503,0.2928346951602771
2007-05-03,0.0008581849915241874,0.0,0.0,0.0,0.0008581849915241874,0.9385781649296503,0.29308610936517965
2007-05-04,0.0,0.0,0.0,0.0,0.0,0.9385781649296503,0.29308610936517965
2007-05-07,0.002142245892105092,1.0,0.0005,0.0016422458921050921,0.002142245892105092,0.9401208074178649,0.29371464487743604
2007-05-08,0.0021376664831155956,0.0,0.0005,-0.0005,0.0021376664831155956,0.9396508645096735,0.2943431803896925
2007-05-09,-0.013760698752936418,0.0,0.0,-0.0,-0.013760698752936418,0.9396508645096735,0.2903205531112512
2007-05-10,0.012692436713519103,0.0,0.0,0.0,0.012692436713519103,0.9396508645096735,0.2940289126335643
2007-05-11,-0.006864033813769938,0.0,0.0,-0.0,-0.006864033813769938,0.9396508645096735,0.29201759899434365
2007-05-14,-0.007778777339660231,0.0,0.0,-0.0,-0.007778777339660231,0.9396508645096735,0.2897548711502204
2007-05-15,0.00971405372047307,0.0,0.0,0.0,0.00971405372047307,0.9396508645096735,0.2925832809553744
2007-05-16,-0.004737304294519053,0.0,0.0,-0.0,-0.004737304294519053,0.9396508645096735,0.2912005028284102
2007-05-17,0.008168575085459635,0.0,0.0,0.0,0.008168575085459635,0.9396508645096735,0.2935889377749847
2007-05-18,0.006402070522022409,0.0,0.0,0.0,0.006402070522022409,0.9396508645096735,0.295474544311754
2007-05-21,0.0008505209953494489,0.0,0.0,0.0,0.0008505209953494489,0.9396508645096735,0.2957259585166566
2007-05-22,-0.00468684283593826,1.0,0.0005,-0.00518684283593826,-0.00468684283593826,0.9347896612021281,0.2943431803896924
2007-05-23,-0.01441040099560635,0.0,0.0005,-0.0005,-0.01441040099560635,0.9343223832007624,0.29013199245757426
2007-05-24,0.006262843060003515,0.0,0.0,0.0,0.006262843060003515,0.9343223832007624,0.29195474544311795
2007-05-25,0.00772039005213177,0.0,0.0,0.0,0.00772039005213177,0.9343223832007624,0.29421747328724124
2007-05-29,0.008085150426316932,0.0,0.0,0.0,0.008085150426316932,0.9343223832007624,0.29660590823381566
2007-05-30,0.00465117117573088,0.0,0.0,0.0,0.00465117117573088,0.9343223832007624,0.29798868636077985
2007-05-31,0.0006325777754430376,0.0,0.0,0.0,0.0006325777754430376,0.9343223832007624,0.2981772470144568
2007-06-01,0.0029488519065461985,0.0,0.0,0.0,0.0029488519065461985,0.9343223832007624,0.29905782526712804
2007-06-04,-2.1017212046759496e-06,1.0,0.0005,-0.000502101721204676,-2.1017212046759496e-06,0.9338533760784923,0.2990571967316158
2007-06-05,-0.01077664946176067,1.0,0.0,-0.01077664946176067,-0.01077664946176067,0.9238435984029977,0.2958516656191079
2007-06-06,-0.015632494374032243,0.0,0.0005,-0.0005,-0.015632494374032243,0.9233817920650017,0.2912627278441236
2007-06-07,0.012227511301347912,0.0,0.0,0.0,0.012227511301347912,0.9233817920650017,0.29484600879949757
2007-06-08,-0.0019204102776018725,0.0,0.0,-0.0,-0.0019204102776018725,0.9233817920650017,0.29428032683846683
2007-06-11,-0.00599830418861911,0.0,0.0,-0.0,-0.00599830418861911,0.9233817920650017,0.2925204274041488
2007-06-12,0.010898708157242979,1.0,0.0005,0.010398708157242979,0.010898708157242979,0.9330338674201584,0.2957259585166566
2007-06-13,0.006567124544361664,0.0,0.0005,-0.0005,0.006567124544361664,0.9325674670962459,0.2976744186046516
2007-06-14,0.007782140442054949,0.0,0.0,0.0,0.007782140442054949,0.9325674670962459,0.3000000000000005
2007-06-15,0.0008376963840654375,0.0,0.0,0.0,0.0008376963840654375,0.9325674670962459,0.30025141420490314
2007-06-18,-0.00020935831752390147,1.0,0.0005,-0.0007093583175239015,-0.00020935831752390147,0.9319061771802897,0.30018856065367744
2007-06-19,-0.009466779441289883,1.0,0.0,-0.009466779441289883,-0.009466779441289883,0.9231256541540934,0.29736015084852346
2007-06-20,0.009047931267627325,0.0,0.0005,-0.0005,0.009047931267627325,0.9226642066984938,0.30006285355122614
2007-06-21,-0.00947076425489968,0.0,0.0,-0.0,-0.00947076425489968,0.9226642066984938,0.2972344437460721
2007-06-22,-0.004238192400321148,0.0,0.0,-0.0,-0.004238192400321148,0.9226642066984938,0.2959773727215592
2007-06-25,-0.0057502021926986065,0.0,0.0,-0.0,-0.0057502021926986065,0.9226642066984938,0.29428032683846683
2007-06-26,0.015260999869283195,1.0,0.0005,0.014760999869283194,0.015260999869283195,0.9363846676691908,0.29880578252671325
2007-06-27,-0.0004207868776582507,0.0,0.0005,-0.0005,-0.0004207868776582507,0.9359165923639341,0.298680075424262
2007-06-28,0.00168208618298488,0.0,0.0,0.0,0.00168208618298488,0.9359165923639341,0.2991829038340672
2007-06-29,0.008576561305474633,0.0,0.0,0.0,0.008576561305474633,0.9359165923639341,0.30175989943431863
2007-07-02,0.006229256023466334,1.0,0.0005,0.005729256023466333,0.006229256023466334,0.9412940879532928,0.3036455059710879
2007-07-03,0.007218758789061113,1.0,0.0,0.007218758789061113,0.007218758789061113,0.9481136476879988,0.30584538026398544
2007-07-05,0.004101728474217874,0.0,0.0005,-0.0005,0.004101728474217874,0.9476397093586109,0.30710245128849833
2007-07-06,0.0006138107609598871,0.0,0.0,0.0,0.0006138107609598871,0.9476397093586109,0.30729101194217534
2007-07-09,-0.008421534829495286,1.0,0.0005,-0.008921534829495287,-0.008421534829495286,0.9392229098975299,0.30471401634192385
2007-07-10,0.006783868137997171,0.0,0.0005,-0.0005,0.006783868137997171,0.9387534158258802,0.30678818353237014
2007-07-11,0.015248846861885492,0.0,0.0,0.0,0.015248846861885492,0.9387534158258802,0.31150219987429345
2007-07-12,0.006836945996531244,1.0,0.0005,0.006336945996531245,0.006836945996531244,0.9447211341098709,0.3136392206159653
2007-07-13,-0.00100250634962559,1.0,0.0,-0.00100250634962559,-0.00100250634962559,0.9437745197470354,0.31332495285983714
2007-07-16,0.007593961354105847,1.0,0.0,0.007593961354105847,0.007593961354105847,0.9509687889045855,0.31571338780641156
2007-07-17,-0.0011952192657916098,1.0,0.0,-0.0011952192657916098,-0.0011952192657916098,0.9498328516691829,0.3153362664990577
2007-07-18,0.0029853738960234064,1.0,0.0,0.0029853738960234064,0.0029853738960234064,0.9526726947576895,0.3162790697674424
2007-07-19,-0.0053801066309555464,0.0,0.0005,-0.0005,-0.0053801066309555464,0.9521964774745526,0.31458202388434997
2007-07-20,0.00039952058062392757,0.0,0.0,0.0,0.00039952058062392757,0.9521964774745526,0.3147077309868013
2007-07-23,-0.014889611096206557,0.0,0.0,-0.0,-0.014889611096206557,0.9521964774745526,0.31005656819610367
2007-07-24,0.001418008948229849,1.0,0.0005,0.0009180089482298489,0.001418008948229849,0.9530710037113861,0.31049654305468316
2007-07-25,-0.00853837266985521,0.0,0.0005,-0.0005,-0.00853837266985521,0.9525945873235526,0.3078566939032061
2007-07-26,-0.020419395653867453,0.0,0.0,-0.0,-0.020419395653867453,0.9525945873235526,0.30163419233186733
2007-07-27,0.011601538867179578,0.0,0.0,0.0,0.011601538867179578,0.9525945873235526,0.30515399120050335
2007-07-30,-0.02123310411141581,1.0,0.0005,-0.02173310411141581,-0.02123310411141581,0.9321150975031959,0.29874292897548765
2007-07-31,0.007754413790951491,0.0,0.0005,-0.0005,0.007754413790951491,0.9316491564494148,0.3010685103708365
2007-08-01,0.009143870858467549,0.0,0.0,0.0,0.009143870858467549,0.9316491564494148,0.30383406662476486
2007-08-02,-0.019215294638077588,1.0,0.0005,-0.01971529463807759,-0.019215294638077588,0.9134612974505985,0.29805153991200556
2007-08-03,0.011531734876713082,0.0,0.0005,-0.0005,0.011531734876713082,0.9130046809655072,0.3015084852294159
2007-08-06,0.00706276305234292,1.0,0.0005,0.006562763052342919,0.00706276305234292,0.9190162189256447,0.3036455059710879
2007-08-07,0.010911070676188638,1.0,0.0,0.010911070676188638,0.010911070676188638,0.9290985744634338,0.30697674418604703
2007-08-08,-0.023408629714488358,1.0,0.0,-0.023408629714488358,-0.023408629714488358,0.9076022315243739,0.2998742928975492
2007-08-09,-0.009053646430172911,1.0,0.0,-0.009053646430172911,-0.009053646430172911,0.8994222072201299,0.29717159019484646
2007-08-10,0.006745388139531655,0.0,0.0005,-0.0005,0.006745388139531655,0.8989726085255602,0.2991829038340671
2007-08-13,-0.01716325635924945,1.0,0.0005,-0.017663256359249452,-0.01716325635924945,0.8832332383555535,0.29409176618478994
2007-08-14,-0.019204387811625416,1.0,0.0,-0.019204387811625416,-0.019204387811625416,0.8664331190536418,0.2884978001257076
2007-08-15,-0.007874056430905883,1.0,0.0,-0.007874056430905883,-0.007874056430905883,0.8596375651787114,0.2862350722815844
2007-08-16,0.016766859857067107,1.0,0.0,0.016766859857067107,0.016766859857067107,0.8741724998556462,0.291074795725959
2007-08-17,0.004739345363896568,0.0,0.0005,-0.0005,0.004739345363896568,0.8737355228590712,0.2924575738529232
2007-08-20,0.01047577725536633,1.0,0.0005,0.00997577725536633,0.01047577725536633,0.8824953341331583,0.2955373978629798
2007-08-21,0.013519428558672516,1.0,0.0,0.013519428558672516,0.013519428558672516,0.8945071804505811,0.29956002514142105
2007-08-22,-0.0027313810446779174,1.0,0.0,-0.0027313810446779174,-0.0027313810446779174,0.8920672741673547,0.2987429289754877
2007-08-23,0.01399793043063657,1.0,0.0,0.01399793043063657,0.01399793043063657,0.9046421757809067,0.3029541169076059
2007-08-24,-0.006661140366782199,0.0,0.0005,-0.0005,-0.006661140366782199,0.9041899677544438,0.30094280326838524
2007-08-27,-0.02409755157906053,1.0,0.0005,-0.02459755157906053,-0.02409755157906053,0.8822204146855853,0.2937774984286618
2007-08-28,0.028265961116240083,1.0,0.0,0.028265961116240083,0.028265961116240083,0.9075129982473884,0.30219987429289813
2007-08-29,0.005186195630040668,1.0,0.0,0.005186195630040668,0.005186195630040668,0.9122317638372771,0.3037712130735393
2007-08-30,0.011111225425070629,1.0,0.0,0.011111225425070629,0.011111225425070629,0.9224242975114365,0.3071653048397241
2007-08-31,0.01643872634315994,1.0,0.0,0.01643872634315994,0.01643872634315994,0.9377130980226759,0.3122564424890013
2007-09-04,-0.010115400837176863,1.0,0.0,-0.010115400837176863,-0.010115400837176863,0.9282755668428986,0.3091137649277191
2007-09-05,-0.0008136696950133879,1.0,0.0,-0.0008136696950133879,-0.0008136696950133879,0.9275205643485164,0.30886235072281654
2007-09-06,-0.018692133012152633,1.0,0.0,-0.018692133012152633,-0.018692133012152633,0.9103442576013215,0.3031426775612829
2007-09-07,-0.0006222130243257605,0.0,0.0005,-0.0005,-0.0006222130243257605,0.90988919924659,0.30295411690760593
2007-09-10,0.01503168424447752,0.0,0.0,0.0,0.01503168424447752,0.90988919924659,0.307542426147078
2007-09-11,0.00020435271349340372,0.0,0.0,0.0,0.00020435271349340372,0.90988919924659,0.30760527969830365
2007-09-12,0.004891978773521031,0.0,0.0,0.0,0.004891978773521031,0.90988919924659,0.30911376492771914
2007-09-13,0.000813008174863347,0.0,0.0,0.0,0.000813008174863347,0.90988919924659,0.30936517913262174
2007-09-14,-0.008364835063853653,0.0,0.0,-0.0,-0.008364835063853653,0.90988919924659,0.30678818353237036
2007-09-17,0.025287076104572113,0.0,0.0,0.0,0.025287076104572113,0.90988919924659,0.3146448774355759
2007-09-18,0.0021949524925334307,1.0,0.0005,0.0016949524925334307,0.0021949524925334307,0.9114327259454665,0.315336266499058
2007-09-19,-0.002794412996047946,1.0,0.0,-0.002794412996047946,-0.002794412996047946,0.9088893617510801,0.314456316781899
2007-09-20,0.006574383676032716,0.0,0.0005,-0.0005,0.006574383676032716,0.9084350306624419,0.31653048397234523
2007-09-21,0.0045567191276983604,1.0,0.0005,0.004056719127698361,0.0045567191276983604,0.9121277815899728,0.3179761156505351
2007-09-24,0.009443312355707788,1.0,0.0,0.009443312355707788,0.009443312355707788,0.9207820874836906,0.320993086109366
2007-09-25,0.004883299087883146,1.0,0.0,0.004883299087883146,0.004883299087883146,0.925289538470002,0.3225644248900071
2007-09-26,0.005053460705762937,1.0,0.0,0.005053460705762937,0.005053460705762937,0.9299772874957657,0.3241986172218738
2007-09-27,-0.0033012943857855153,1.0,0.0,-0.0033012943857855153,-0.0033012943857855153,0.9269122208250739,0.3231301068510378
2007-09-28,0.011411012514014204,1.0,0.0,0.011411012514014204,0.011411012514014204,0.9375498051527689,0.32683846637335084
2007-10-01,0.00019228920355365755,0.0,0.0005,-0.0005,0.00019228920355365755,0.9370811474243883,0.3269013199245765
2007-10-02,-0.0069458122193335374,1.0,0.0005,-0.007445812219333537,-0.0069458122193335374,0.9301297287609953,0.3246385920804533
2007-10-03,0.0023206353481624678,0.0,0.0005,-0.0005,0.0023206353481624678,0.9296647801434557,0.325392834695161
2007-10-04,0.020041210793014082,0.0,0.0,0.0,0.020041210793014082,0.9296647801434557,0.3319798868636086
2007-10-05,0.006266063081132855,0.0,0.0,0.0,0.006266063081132855,0.9296647801434557,0.33406662476429994
2007-10-08,0.004319912547475774,1.0,0.0005,0.0038199125474757743,0.004319912547475774,0.9332228096563789,0.3355128849780021
2007-10-09,0.002430534987780673,1.0,0.0,0.002430534987780673,0.002430534987780673,0.9354937990882902,0.33632935260842317
2007-10-10,-0.016012398255049902,1.0,0.0,-0.016012398255049902,-0.016012398255049902,0.9206335911042677,0.3309868007542434
2007-10-11,0.01638609033712675,0.0,0.0005,-0.0005,0.01638609033712675,0.9201733893687369,0.3364550597108745
2007-10-12,-0.007688739237111573,0.0,0.0,-0.0,-0.007688739237111573,0.9201733893687369,0.33387806411062304
2007-10-15,-0.004717434920819596,0.0,0.0,-0.0,-0.004717434920819596,0.9201733893687369,0.3323067253299819
2007-10-16,0.012779726646399021,0.0,0.0,0.0,0.012779726646399021,0.9201733893687369,0.3365807668133257
2007-10-17,0.004285853946960821,0.0,0.0,0.0,0.004285853946960821,0.9201733893687369,0.3380263984915155
2007-10-18,-0.025231991945219554,0.0,0.0,-0.0,-0.025231991945219554,0.9201733893687369,0.32960402262727917
2007-10-19,0.011942137944304605,0.0,0.0,0.0,0.011942137944304605,0.9201733893687369,0.3335637963544948
2007-10-22,0.020700039817145483,0.0,0.0,0.0,0.020700039817145483,0.9201733893687369,0.34054054054054134
2007-10-23,-0.0075961458353622805,0.0,0.0,-0.0,-0.0075961458353622805,0.9201733893687369,0.3379635449402899
2007-10-24,-0.013480825761594695,0.0,0.0,-0.0,-0.013480825761594695,0.9201733893687369,0.3334380892520435
2007-10-25,0.01645204428914358,1.0,0.0005,0.01595204428914358,0.01645204428914358,0.9349697382713817,0.3389692017599002
2007-10-26,0.004255719254883835,0.0,0.0005,-0.0005,0.004255719254883835,0.9345023702539872,0.34041483343809
2007-10-29,0.001844678626766095,0.0,0.0,0.0,0.001844678626766095,0.9345023702539872,0.3410433689503464
2007-10-30,0.014091183840881793,0.0,0.0,0.0,0.014091183840881793,0.9345023702539872,0.34588309239472104
2007-10-31,-0.018894444507393124,0.0,0.0,-0.0,-0.018894444507393124,0.9345023702539872,0.33940917661847964
2007-11-01,0.007747686790825957,1.0,0.0005,0.0072476867908259565,0.007747686790825957,0.9412999543633406,0.3420490257699567
2007-11-02,-0.006452229961186787,0.0,0.0005,-0.0005,-0.006452229961186787,0.9408294220290452,0.33984915147705913
2007-11-05,0.011218508461835247,0.0,0.0,0.0,0.011218508461835247,0.9408294220290452,0.3436832181018234
2007-11-06,-0.024624034107986387,0.0,0.0,-0.0,-0.024624034107986387,0.9408294220290452,0.3353236957888127
2007-11-07,-0.030836093732338716,1.0,0.0005,-0.03133609373233871,-0.030836093732338716,0.9118046397598156,0.32514142049025835
2007-11-08,-0.03401487858727761,0.0,0.0005,-0.0005,-0.03401487858727761,0.9113488513965221,0.3142677561282219
2007-11-09,-0.025728148572731337,1.0,0.0005,-0.026228148572731338,-0.025728148572731337,0.8877566012823368,0.306285355122565
2007-11-12,0.040419697315721204,0.0,0.0005,-0.0005,0.040419697315721204,0.8873128339327782,0.31891891891891955
2007-11-13,-0.012893166801610364,0.0,0.0,-0.0,-0.012893166801610364,0.8873128339327782,0.3148334380892527
2007-11-14,-0.005404877535491161,0.0,0.0,-0.0,-0.005404877535491161,0.8873128339327782,0.31313639220616024
2007-11-15,0.009190873888012388,0.0,0.0,0.0,0.009190873888012388,0.8873128339327782,0.3160276555625399
2007-11-16,-0.011602450619463592,0.0,0.0,-0.0,-0.011602450619463592,0.8873128339327782,0.31238214959145255
2007-11-19,0.004016069654889744,1.0,0.0005,0.0035160696548897437,0.004016069654889744,0.890438178908058,0.3136392206159654
2007-11-20,-0.011894102521438127,0.0,0.0005,-0.0005,-0.011894102521438127,0.8899930711048278,0.3099308610936524
2007-11-21,0.010690974243163018,0.0,0.0,0.0,0.010690974243163018,0.8899930711048278,0.3132620993086116
2007-11-23,-0.017405822955176203,0.0,0.0,-0.0,-0.017405822955176203,0.8899930711048278,0.30785669390320614
2007-11-26,0.019810633733355384,0.0,0.0,0.0,0.019810633733355384,0.8899930711048278,0.3140163419233194
2007-11-27,0.02997069747054881,0.0,0.0,0.0,0.02997069747054881,0.8899930711048278,0.3235700817096172
2007-11-28,0.004264398786457739,1.0,0.0005,0.003764398786457739,0.004264398786457739,0.893349673773374,0.32495285983658145
2007-11-29,-0.007572116560510064,0.0,0.0005,-0.0005,-0.007572116560510064,0.8929031105865874,0.3225015713387813
2007-11-30,-0.00841574592200668,1.0,0.0005,-0.00891574592200668,-0.00841574592200668,0.8849775967536478,0.31979886863607865
2007-12-03,-0.004135899544048272,0.0,0.0005,-0.0005,-0.004135899544048272,0.8845352185590359,0.31847894406034005
2007-12-04,0.017606088575049052,0.0,0.0,0.0,0.017606088575049052,0.8845352185590359,0.32413576367064806
2007-12-05,0.014438599086075764,0.0,0.0,0.0,0.014438599086075764,0.8845352185590359,0.3288497800125714
2007-12-06,0.00019111323517306795,1.0,0.0005,-0.00030888676482693206,0.00019111323517306795,0.884262039529865,0.328912633563797
2007-12-07,0.0040049638732772685,1.0,0.0,0.0040049638732772685,0.0040049638732772685,0.8878105781941353,0.3302325581395355
2007-12-10,-0.023494244509958132,1.0,0.0,-0.023494244509958132,-0.023494244509958132,0.8671952583350404,0.3225644248900069
2007-12-11,0.008923434575955853,1.0,0.0,0.008923434575955853,0.008923434575955853,0.874968247790109,0.32545568824638654
2007-12-12,-0.005422166653701166,0.0,0.0005,-0.0005,-0.005422166653701166,0.8745308730190187,0.3236957888120685
2007-12-13,-0.010344583317740137,0.0,0.0,-0.0,-0.010344583317740137,0.8745308730190187,0.32036455059710933
2007-12-14,-0.024628851625303195,1.0,0.0005,-0.025128851625303195,-0.024628851625303195,0.852828733381887,0.3125707102451294
2007-12-17,0.004213912124980078,1.0,0.0,0.004213912124980078,0.004213912124980078,0.8564300612324842,0.31389063482086793
2007-12-18,0.0,1.0,0.0,0.0,0.0,0.8564300612324842,0.31389063482086793
2007-12-19,0.019040638704849944,1.0,0.0,0.019040638704849944,0.019040638704849944,0.8728932742637855,0.3199245757385298
2007-12-20,0.01849201111905938,0.0,0.0005,-0.0005,0.01849201111905938,0.8724569367201299,0.32589566310496604
2007-12-21,0.007493550292639245,1.0,0.0005,0.006993550292639246,0.007493550292639245,0.8785798938334975,0.3283469516027661
2007-12-24,0.004964684629402327,1.0,0.0,0.004964684629402327,0.004964684629402327,0.8829526115286871,0.3299811439346328
2007-12-26,-0.010916511741350528,1.0,0.0,-0.010916511741350528,-0.010916511741350528,0.8733662688892327,0.32639849151477107
2007-12-27,-0.001348877745709263,1.0,0.0,-0.001348877745709263,-0.001348877745709263,0.8721889987405278,0.3259585166561915
2007-12-28,-0.012417699339139141,1.0,0.0,-0.012417699339139141,-0.012417699339139141,0.8614253859523686,0.32193588937775025
2007-12-31,-0.015147333971761141,1.0,0.0,-0.015147333971761141,-0.015147333971761141,0.8484754143166146,0.3170961659333757
2008-01-02,0.003364008317359814,0.0,0.0005,-0.0005,0.003364008317359814,0.8480512826512088,0.3181646763042116
2008-01-03,-0.04484694139439199,0.0,0.0,-0.0,-0.04484694139439199,0.8480512826512088,0.30421118793211854
2008-01-04,-0.004763393080456568,0.0,0.0,-0.0,-0.004763393080456568,0.8480512826512088,0.30276555625392876
2008-01-07,-0.02629239685685471,0.0,0.0,-0.0,-0.02629239685685471,0.8480512826512088,0.2949088623507232
2008-01-08,0.021088930021919302,1.0,0.0005,0.0205889300219193,0.021088930021919302,0.8656927373165868,0.3011942174732877
2008-01-09,0.0014597020629602945,0.0,0.0005,-0.0005,0.0014597020629602945,0.8652599991414877,0.3016341923318672
2008-01-10,-0.019781789838765634,1.0,0.0005,-0.020281789838765635,-0.019781789838765634,0.8478877434067416,0.2957259585166566
2008-01-11,0.01727813737302893,0.0,0.0005,-0.0005,0.01727813737302893,0.847463905503344,0.3008799497171594
2008-01-14,-0.027961999681341602,0.0,0.0,-0.0,-0.027961999681341602,0.847463905503344,0.29258328095537434
2008-01-15,-0.010799241021760273,1.0,0.0005,-0.011299241021760274,-0.010799241021760273,0.8379421024577003,0.2894406033940921
2008-01-16,-0.013995417591456122,1.0,0.0,-0.013995417591456122,-0.013995417591456122,0.8262964358871698,0.2854179761156509
2008-01-17,-0.0013221685487140359,0.0,0.0005,-0.0005,-0.0013221685487140359,0.8258833909390684,0.285040854808297
2008-01-18,-0.026137978569174523,1.0,0.0005,-0.026637978569174523,-0.026137978569174523,0.8041739582748215,0.27768698931489666
2008-01-22,-0.0036281218936553834,0.0,0.0005,-0.0005,-0.0036281218936553834,0.8037719718006774,0.27668133249528637
2008-01-23,0.02001641100133085,0.0,0.0,0.0,0.02001641100133085,0.8037719718006774,0.2822752985543686
2008-01-24,-0.020698151739018223,0.0,0.0,-0.0,-0.020698151739018223,0.8037719718006774,0.2764927718416094
2008-01-25,0.00769931339633364,1.0,0.0005,0.00719931339633364,0.00769931339633364,0.809579457997915,0.2786297925832813
2008-01-28,0.0018030205470486403,0.0,0.0005,-0.0005,0.0018030205470486403,0.8091747694494841,0.27913262099308644
2008-01-29,-0.0009011039131927147,0.0,0.0,-0.0,-0.0009011039131927147,0.8091747694494841,0.27888120678818384
2008-01-30,0.016983648448091786,0.0,0.0,0.0,0.016983648448091786,0.8091747694494841,0.28365807668133286
2008-01-31,0.010138986920555733,0.0,0.0,0.0,0.010138986920555733,0.8091747694494841,0.28654871150220024
2008-02-01,-0.01413543984183625,1.0,0.0005,-0.01463543984183625,-0.01413543984183625,0.7974183805975448,0.28252671275927127
2008-02-04,-0.028891683324315846,0.0,0.0005,-0.0005,-0.028891683324315846,0.7970197710679328,0.27448082966687654
2008-02-05,-0.01988735743645866,0.0,0.0,-0.0,-0.01988735743645866,0.7970197710679328,0.26907605279698343
2008-02-06,0.0069832686021884405,0.0,0.0,0.0,0.0069832686021884405,0.7970197710679328,0.2709616593337527
2008-02-07,0.011302161595945394,0.0,0.0,0.0,0.011302161595945394,0.7970197710679328,0.2740414833438093
2008-02-08,0.01072212849890689,0.0,0.0,0.0,0.01072212849890689,0.7970197710679328,0.27699560025141456
2008-02-11,-0.005688944686575159,0.0,0.0,-0.0,-0.005688944686575159,0.7970197710679328,0.2754242614707735
2008-02-12,0.021671277003288244,0.0,0.0,0.0,0.021671277003288244,0.7970197710679328,0.28145820238843533
2008-02-13,-0.01825402797789012,0.0,0.0,-0.0,-0.01825402797789012,0.7970197710679328,0.2763670647391581
2008-02-14,-0.003417249025398272,0.0,0.0,-0.0,-0.003417249025398272,0.7970197710679328,0.2754242614707734
2008-02-15,-0.001827318918698658,0.0,0.0,-0.0,-0.001827318918698658,0.7970197710679328,0.2749214330609683
2008-02-19,0.0045620517078423725,0.0,0.0,0.0,0.0045620517078423725,0.7970197710679328,0.2761785040854812
2008-02-20,-0.009604464408776865,0.0,0.0,-0.0,-0.009604464408776865,0.7970197710679328,0.27353865493400414
2008-02-21,0.0036697288889624017,0.0,0.0,0.0,0.0036697288889624017,0.7970197710679328,0.2745443117536145
2008-02-22,0.005023988644476046,0.0,0.0,0.0,0.005023988644476046,0.7970197710679328,0.2759270898805786
2008-02-25,0.0038649587727700796,0.0,0.0,0.0,0.0038649587727700796,0.7970197710679328,0.2769956002514146
2008-02-26,0.004979639081211149,0.0,0.0,0.0,0.004979639081211149,0.7970197710679328,0.2783783783783788
2008-02-27,-0.003845723549805155,0.0,0.0,-0.0,-0.003845723549805155,0.7970197710679328,0.27730986800754287
2008-02-28,-0.026876545955037225,0.0,0.0,-0.0,-0.026876545955037225,0.7970197710679328,0.2699560025141425
2008-02-29,-0.006540551230355823,0.0,0.0,-0.0,-0.006540551230355823,0.7970197710679328,0.26819610307982444
2008-03-03,0.005608801803524565,1.0,0.0005,0.005108801803524564,0.005608801803524565,0.8011020058973309,0.2697045883092398
2008-03-04,0.004879708485157293,0.0,0.0005,-0.0005,0.004879708485157293,0.8007015550154455,0.2710238843494661
2008-03-05,-0.022275539730122088,0.0,0.0,-0.0,-0.022275539730122088,0.8007015550154455,0.26505342551854216
2008-03-06,-0.0023741701560390234,0.0,0.0,-0.0,-0.0023741701560390234,0.8007015550154455,0.2644248900062857
2008-03-07,-0.019441389959323815,0.0,0.0,-0.0,-0.019441389959323815,0.8007015550154455,0.2593337523570085
2008-03-10,0.03734761879349596,0.0,0.0,0.0,0.03734761879349596,0.8007015550154455,0.269202388434947
2008-03-11,-0.0028080415832264683,1.0,0.0005,-0.0033080415832264683,-0.0028080415832264683,0.7980571772429992,0.268447517284727
2008-03-12,0.007696831000153852,0.0,0.0005,-0.0005,0.007696831000153852,0.7976582483949007,0.2705216844751733
2008-03-13,-0.018525562050346077,1.0,0.0005,-0.019025562050346077,-0.018525562050346077,0.7826258056718824,0.26555625392834736
2008-03-14,-0.01839297044185635,0.0,0.0005,-0.0005,-0.01839297044185635,0.7822345905809696,0.2607165304839727
2008-03-17,0.04363385239049154,0.0,0.0,0.0,0.04363385239049154,0.7822345905809696,0.27234443746071696
2008-03-18,-0.025004223563907454,1.0,0.0005,-0.025504223563907455,-0.025004223563907454,0.7625365638707227,0.265619107479573
2008-03-19,0.019449939439836205,0.0,0.0005,-0.0005,0.019449939439836205,0.7621553908899736,0.2708359522313015
2008-03-20,0.033992133169093254,0.0,0.0,0.0,0.033992133169093254,0.7621553908899736,0.2802005028284103
2008-03-24,0.005594473370508145,1.0,0.0005,0.005094473370508145,0.005594473370508145,0.766048078410388,0.28177247014456364
2008-03-25,-0.0029040565478248466,1.0,0.0,-0.0029040565478248466,-0.0029040565478248466,0.763826658597911,0.2809553739786303
2008-03-26,-0.022396592744300038,1.0,0.0,-0.022396592744300038,-0.022396592744300038,0.7469096923336619,0.27473287240729155
2008-03-27,-0.005045882265676138,1.0,0.0,-0.005045882265676138,-0.005045882265676138,0.743150366497162,0.27335009428032736
2008-03-28,0.005274636698790776,0.0,0.0005,-0.0005,0.005274636698790776,0.7427788841922289,0.2747957259585172
2008-03-31,0.04188273091701225,0.0,0.0,0.0,0.04188273091701225,0.7427788841922289,0.2865493400377127
2008-04-01,-0.0021958726434373357,1.0,0.0005,-0.0026958726434373357,-0.0021958726434373357,0.740779143652251,0.28592080452545626
2008-04-02,0.0021958726434374563,1.0,0.0,0.0021958726434374563,0.0021958726434374563,0.7424075875820209,0.28654934003771276
2008-04-03,0.005904883204408278,0.0,0.0005,-0.0005,0.005904883204408278,0.7420364765737134,0.2882463859208051
2008-04-04,-0.0021829303582159903,0.0,0.0,-0.0,-0.0021829303582159903,0.7420364765737134,0.28761785040854865
2008-04-07,-0.007678001961682764,1.0,0.0005,-0.008178001961682764,-0.007678001961682764,0.7359928469032857,0.2854179761156511
2008-04-08,-0.01129455036165113,0.0,0.0005,-0.0005,-0.01129455036165113,0.7356249424636087,0.2822124450031433
2008-04-09,0.014153265887385007,0.0,0.0,0.0,0.014153265887385007,0.7356249424636087,0.28623507228158457
2008-04-10,-0.02805795279515738,0.0,0.0,-0.0,-0.02805795279515738,0.7356249424636087,0.2783155248271534
2008-04-11,-0.00452694299577718,0.0,0.0,-0.0,-0.00452694299577718,0.7356249424636087,0.27705845380264044
2008-04-14,0.0013602359839314396,0.0,0.0,0.0,0.0013602359839314396,0.7356249424636087,0.27743557510999434
2008-04-15,0.027484692847282173,0.0,0.0,0.0,0.027484692847282173,0.7356249424636087,0.28516656191074863
2008-04-16,-0.0022065322280052373,0.0,0.0,-0.0,-0.0022065322280052373,0.7356249424636087,0.28453802639849224
2008-04-17,0.0313137130661494,1.0,0.0005,0.030813713066149398,0.0313137130661494,0.7586451256098584,0.293588937774985
2008-04-18,0.007040029076354818,1.0,0.0,0.007040029076354818,0.007040029076354818,0.7640048535364534,0.2956631049654313
2008-04-21,-0.01499278458614128,1.0,0.0,-0.01499278458614128,-0.01499278458614128,0.752635733692161,0.2912633563796362
2008-04-22,0.010945489680201074,1.0,0.0,0.010945489680201074,0.010945489680201074,0.760918949578717,0.29446888749214406
2008-04-23,0.008924836120713818,1.0,0.0,0.008924836120713818,0.008924836120713818,0.7677404214852924,0.2971087366436211
2008-04-24,-0.0025418357256786193,1.0,0.0,-0.0025418357256786193,-0.0025418357256786193,0.7657914295119851,0.29635449402891334
2008-04-25,0.0019069822496950274,0.0,0.0005,-0.0005,0.0019069822496950274,0.7654086295052057,0.29692017598994414
2008-04-28,0.007591769908212663,1.0,0.0005,0.0070917699082126626,0.007591769908212663,0.7708560243964432,0.2991829038340673
2008-04-29,-0.008227026679178916,1.0,0.0,-0.008227026679178916,-0.008227026679178916,0.7645401872217665,0.29673161533626724
2008-04-30,0.031073295530348814,0.0,0.0005,-0.0005,0.031073295530348814,0.764158012679753,0.30609679446888827
2008-05-01,0.0014363396334170853,1.0,0.0005,0.0009363396334170853,0.0014363396334170853,0.7648738591986515,0.30653676932746776
2008-05-02,-0.0028747453062668506,1.0,0.0,-0.0028747453062668506,-0.0028747453062668506,0.7626781991558421,0.30565681961030877
2008-05-05,0.006150080885337693,1.0,0.0,0.006150080885337693,0.006150080885337693,0.7673831849618621,0.30754242614707805
2008-05-06,-0.01835670808924938,1.0,0.0,-0.01835670808924938,-0.01835670808924938,0.7534250604040027,0.30194846008799575
2008-05-07,0.007465816510803205,0.0,0.0005,-0.0005,0.007465816510803205,0.7530484420362389,0.30421118793211893
2008-05-08,-0.003933345305055106,0.0,0.0,-0.0,-0.003933345305055106,0.7530484420362389,0.3030169704588317
2008-05-09,0.018088879652430244,0.0,0.0,0.0,0.018088879652430244,0.7530484420362389,0.3085480829666884
2008-05-12,0.0026446968929486497,0.0,0.0,0.0,0.0026446968929486497,0.7530484420362389,0.30936517913262174
2008-05-13,-0.0022373649117565816,0.0,0.0,-0.0,-0.0022373649117565816,0.7530484420362389,0.30867379006913964
2008-05-14,0.017360145304960408,0.0,0.0,0.0,0.017360145304960408,0.7530484420362389,0.31407919547454505
2008-05-15,0.0007981604726194767,0.0,0.0,0.0,0.0007981604726194767,0.7530484420362389,0.31432998114393534
2008-05-16,-0.007222595337551659,1.0,0.0005,-0.007722595337551659,-0.007222595337551659,0.7472553512875203,0.31206788183532436
2008-05-19,-0.007683013935309811,0.0,0.0005,-0.0005,-0.007683013935309811,0.7468818170032296,0.3096794468887499
2008-05-20,-0.02237137936914649,0.0,0.0,-0.0,-0.02237137936914649,0.7468818170032296,0.30282840980515463
2008-05-21,0.003522224712578114,1.0,0.0005,0.003022224712578114,0.003522224712578114,0.7491424760771036,0.30389692017599057
2008-05-22,-0.0031072008427487155,1.0,0.0,-0.0031072008427487155,-0.0031072008427487155,0.7468183525732449,0.30295411690760593
2008-05-23,0.017481164954817406,1.0,0.0,0.017481164954817406,0.017481164954817406,0.7599883857617772,0.30829666876178574
2008-05-27,0.004069181606725749,0.0,0.0005,-0.0005,0.004069181606725749,0.7596084865516134,0.3095537397862986
2008-05-28,0.00889433799613118,1.0,0.0005,0.00839433799613118,0.00889433799613118,0.7660117348473755,0.31231929604022696
2008-05-29,0.00641927981658319,0.0,0.0005,-0.0005,0.00641927981658319,0.7656288247154621,0.3143306096794476
2008-05-30,-0.012272561236935521,0.0,0.0,-0.0,-0.012272561236935521,0.7656288247154621,0.31049654305468327
2008-06-02,-0.005480578013319906,0.0,0.0,-0.0,-0.005480578013319906,0.7656288247154621,0.30879949717159094
2008-06-03,0.012741602250366964,0.0,0.0,0.0,0.012741602250366964,0.7656288247154621,0.3127592708988065
2008-06-04,0.015751497035556332,1.0,0.0005,0.015251497035556331,0.015751497035556332,0.7773953106477665,0.31772470144563236
2008-06-05,-0.030530589803338403,0.0,0.0005,-0.0005,-0.030530589803338403,0.7770067101506627,0.3081709616593345
2008-06-06,-0.005316985941180597,0.0,0.0,-0.0,-0.005316985941180597,0.7770067101506627,0.30653676932746776
2008-06-09,-0.004727169423505975,1.0,0.0005,-0.005227169423505975,-0.004727169423505975,0.772955761155636,0.3050911376492779
2008-06-10,-0.024188001567815885,1.0,0.0,-0.024188001567815885,-0.024188001567815885,0.754483806418501,0.2978001257071031
2008-06-11,0.0008438819066200568,1.0,0.0,0.0008438819066200568,0.0008438819066200568,0.755120770374954,0.2980515399120057
2008-06-12,0.019835706197632363,1.0,0.0,0.019835706197632363,0.019835706197632363,0.7702486643407112,0.304022627278442
2008-06-13,0.00885052602420971,0.0,0.0005,-0.0005,0.00885052602420971,0.7698636362735789,0.3067253299811447
2008-06-16,-0.005342112560646104,0.0,0.0,-0.0,-0.005342112560646104,0.7698636362735789,0.305091137649278
2008-06-17,-0.010770609505348095,1.0,0.0005,-0.011270609505348096,-0.010770609505348095,0.761235517270019,0.30182275298554445
2008-06-18,0.015497778928854152,1.0,0.0,0.015497778928854152,0.015497778928854152,0.7731248683310877,0.3065367693274678
2008-06-19,-0.028071289084701787,1.0,0.0,-0.028071289084701787,-0.028071289084701787,0.7517240364211643,0.2980515399120059
2008-06-20,-0.007833214605870905,1.0,0.0,-0.007833214605870905,-0.007833214605870905,0.745858623231037,0.295725958516657
2008-06-23,-0.005114010719409329,1.0,0.0,-0.005114010719409329,-0.005114010719409329,0.7420540308914951,0.29421747328724157
2008-06-24,0.01610545513221089,0.0,0.0005,-0.0005,0.01610545513221089,0.7416830966173457,0.29899434318039053
2008-06-25,-0.04119870340321272,1.0,0.0005,-0.041698703403212724,-0.04119870340321272,0.7113918157541607,0.2869264613450668
2008-06-26,0.0,0.0,0.0005,-0.0005,0.0,0.7110362087554417,0.2869264613450668
2008-06-27,-0.01057045737446456,1.0,0.0005,-0.01107045737446456,-0.01057045737446456,0.7032081229075078,0.2839094908862359
2008-06-30,0.014069258232137867,0.0,0.0005,-0.0005,0.014069258232137867,0.702856606732421,0.2879321181646771
2008-07-01,-0.024305217652761498,0.0,0.0,-0.0,-0.024305217652761498,0.702856606732421,0.2810182275298562
2008-07-02,-0.0017909116047106933,0.0,0.0,-0.0,-0.0017909116047106933,0.702856606732421,0.2805153991200511
2008-07-03,0.00603151610702994,1.0,0.0005,0.005531516107029941,0.00603151610702994,0.7067552421149425,0.2822124450031434
2008-07-07,0.023551215069928078,1.0,0.0,0.023551215069928078,0.023551215069928078,0.7235977389760335,0.28893777498428735
2008-07-08,-0.026897565097272213,1.0,0.0,-0.026897565097272213,-0.026897565097272213,0.7043941444241354,0.2812696417347587
2008-07-09,0.011773989174063203,0.0,0.0005,-0.0005,0.011773989174063203,0.7040420353865183,0.2846008799497179
2008-07-10,-0.016028838275898915,0.0,0.0,-0.0,-0.016028838275898915,0.7040420353865183,0.28007542426147153
2008-07-11,-0.007433303738793322,0.0,0.0,-0.0,-0.007433303738793322,0.7040420353865183,0.27800125707102524
2008-07-14,0.00022606533384397692,0.0,0.0,0.0,0.00022606533384397692,0.7040420353865183,0.2780641106222509
2008-07-15,0.024560287865303645,0.0,0.0,0.0,0.024560287865303645,0.7040420353865183,0.2849780012570718
2008-07-16,0.006594879914491991,1.0,0.0005,0.006094879914491992,0.006594879914491991,0.7083461903767897,0.2868636077938411
2008-07-17,-0.023274906354489585,0.0,0.0005,-0.0005,-0.023274906354489585,0.7079921058101197,0.2802639849151485
2008-07-18,0.004251992531223339,0.0,0.0,0.0,0.004251992531223339,0.7079921058101197,0.2814582023884357
2008-07-21,0.0,0.0,0.0,0.0,0.0,0.7079921058101197,0.2814582023884357
2008-07-22,0.013089482505263601,0.0,0.0,0.0,0.013089482505263601,0.7079921058101197,0.28516656191074874
2008-07-23,-0.015101330730512433,1.0,0.0005,-0.015601330730512434,-0.015101330730512433,0.6970322036458394,0.2808925204274049
2008-07-24,0.012894798502507104,1.0,0.0,0.012894798502507104,0.012894798502507104,0.7060784931538857,0.2845380263984923
2008-07-25,-0.018954742981585893,0.0,0.0005,-0.0005,-0.018954742981585893,0.7057255421524123,0.2791954745443125
2008-07-28,0.020499826613101638,1.0,0.0005,0.019999826613101637,0.020499826613101638,0.7199820189595398,0.2849780012570718
2008-07-29,0.005059960196408147,1.0,0.0,0.005059960196408147,0.005059960196408147,0.7236343318038426,0.2864236329352616
2008-07-30,-0.002416786851393985,1.0,0.0,-0.002416786851393985,-0.002416786851393985,0.7218875734870022,0.2857322438717795
2008-07-31,-0.012840557209956222,0.0,0.0005,-0.0005,-0.012840557209956222,0.7215267199211679,0.28208673790069216
2008-08-01,-0.010077344266623867,1.0,0.0005,-0.010577344266623868,-0.010077344266623867,0.7139351037550284,0.27925832809553813
2008-08-04,0.033203581389884884,1.0,0.0,0.033203581389884884,0.033203581389884884,0.7380382470283244,0.2886863607793848
2008-08-05,0.015125612482527495,1.0,0.0,0.015125612482527495,0.015125612482527495,0.7492863805558626,0.2930861093651799
2008-08-06,-0.0077503079013213,0.0,0.0005,-0.0005,-0.0077503079013213,0.7489118310107741,0.29082338152105675
2008-08-07,0.022439236191277804,0.0,0.0,0.0,0.022439236191277804,0.7489118310107741,0.2974230043997494
2008-08-08,0.009046027816553295,0.0,0.0,0.0,0.009046027816553295,0.7489118310107741,0.3001257071024521
2008-08-11,0.0010465725706708953,0.0,0.0,0.0,0.0010465725706708953,0.7489118310107741,0.30043997485858037
2008-08-12,-0.0020942416031146257,0.0,0.0,-0.0,-0.0020942416031146257,0.7489118310107741,0.2998114393463239
2008-08-13,0.011464429890699434,0.0,0.0,0.0,0.011464429890699434,0.7489118310107741,0.3032683846637344
2008-08-14,-0.0018670267844293992,0.0,0.0,-0.0,-0.0018670267844293992,0.7489118310107741,0.30270270270270355
2008-08-15,-0.011696039763191187,0.0,0.0,-0.0,-0.011696039763191187,0.7489118310107741,0.29918290383406754
2008-08-18,-0.012472416201335237,0.0,0.0,-0.0,-0.012472416201335237,0.7489118310107741,0.29547454431175446
2008-08-19,0.0017003192194242002,0.0,0.0,0.0,0.0017003192194242002,0.7489118310107741,0.2959773727215597
2008-08-20,-0.0046828523208485885,0.0,0.0,-0.0,-0.0046828523208485885,0.7489118310107741,0.29459459459459547
2008-08-21,0.013141350626415851,1.0,0.0005,0.01264135062641585,0.013141350626415851,0.7584391804621573,0.29849151477058544
2008-08-22,-0.021281926858537057,1.0,0.0,-0.021281926858537057,-0.021281926858537057,0.7424686776097219,0.292206159648021
2008-08-25,-0.0012914336706630332,1.0,0.0,-0.0012914336706630332,-0.0012914336706630332,0.7415104474385757,0.2918290383406671
2008-08-26,0.006440554680504333,1.0,0.0,0.006440554680504333,0.006440554680504333,0.7463015982943063,0.2937146448774364
2008-08-27,0.00809893599961507,1.0,0.0,0.00809893599961507,0.00809893599961507,0.7523703893782319,0.29610307982401096
2008-08-28,-0.0212385973110915,0.0,0.0005,-0.0005,-0.0212385973110915,0.751994298214169,0.2898805782526721
2008-08-29,-0.01243607169489101,1.0,0.0005,-0.01293607169489101,-0.01243607169489101,0.74232909571699,0.2862979258328104
2008-09-02,-0.009485016516163833,1.0,0.0,-0.009485016516163833,-0.009485016516163833,0.7353213786772906,0.2835952231301077
2008-09-03,-0.032893256068005604,1.0,0.0,-0.032893256068005604,-0.032893256068005604,0.7115277347750557,0.27441860465116363
2008-09-04,-0.00482149941039661,0.0,0.0005,-0.0005,-0.00482149941039661,0.7111720598338134,0.27309868007542515
2008-09-05,-0.0032272964848657905,0.0,0.0,-0.0,-0.0032272964848657905,0.7111720598338134,0.2722187303582661
2008-09-08,-0.020056642469178942,0.0,0.0,-0.0,-0.020056642469178942,0.7111720598338134,0.26681332495286064
2008-09-09,0.008211189830394624,0.0,0.0,0.0,0.008211189830394624,0.7111720598338134,0.26901319924575817
2008-09-10,0.01851904776723753,1.0,0.0005,0.01801904776723753,0.01851904776723753,0.7241028535769091,0.27404148334380973
2008-09-11,-0.003906703808258122,0.0,0.0005,-0.0005,-0.003906703808258122,0.7237408926478938,0.2729729729729738
2008-09-12,-0.031577878117276074,1.0,0.0005,-0.032077878117276075,-0.031577878117276074,0.7008932318785345,0.2644877435575118
2008-09-15,0.007811615057044916,0.0,0.0005,-0.0005,0.007811615057044916,0.7005428728596491,0.2665619107479581
2008-09-16,-0.05326846257731663,0.0,0.0,-0.0,-0.05326846257731663,0.7005428728596491,0.2527341294783163
2008-09-17,0.033263032355363355,0.0,0.0,0.0,0.033263032355363355,0.7005428728596491,0.26128221244500394
2008-09-18,0.03149307266942509,0.0,0.0,0.0,0.03149307266942509,0.7005428728596491,0.2696417347580146
2008-09-19,-0.04823088003852218,0.0,0.0,-0.0,-0.04823088003852218,0.7005428728596491,0.25694531741043447
2008-09-22,-0.0076120686770931355,0.0,0.0,-0.0,-0.0076120686770931355,0.7005428728596491,0.2549968573224395
2008-09-23,0.006877944087656021,0.0,0.0,0.0,0.006877944087656021,0.7005428728596491,0.2567567567567576
2008-09-24,0.015786605930640626,0.0,0.0,0.0,0.015786605930640626,0.7005428728596491,0.26084223758642444
2008-09-25,-0.010172042176295156,0.0,0.0,-0.0,-0.010172042176295156,0.7005428728596491,0.25820238843494736
2008-09-26,-0.08268332183004595,0.0,0.0,-0.0,-0.08268332183004595,0.7005428728596491,0.23771213073538727
2008-09-29,0.028413223766150762,0.0,0.0,0.0,0.028413223766150762,0.7005428728596491,0.24456316781898252
2008-09-30,-0.010593045702723581,1.0,0.0005,-0.011093045702723582,-0.010593045702723581,0.6928146626983988,0.2419861722187311
2008-10-01,-0.04652001563489282,1.0,0.0,-0.04652001563489282,-0.04652001563489282,0.6613230871211988,0.2309868007542433
2008-10-02,-0.01563174569169657,1.0,0.0,-0.01563174569169657,-0.01563174569169657,0.6510658310760538,0.22740414833438158
2008-10-03,-0.03716643987527427,1.0,0.0,-0.03716643987527427,-0.03716643987527427,0.6273121854978229,0.21910747957259652
2008-10-06,-0.06549518436943477,0.0,0.0005,-0.0005,-0.06549518436943477,0.6269986078060298,0.2052168447517291
2008-10-07,-0.007995122539202088,1.0,0.0005,-0.008495122539202088,-0.007995122539202088,0.6216947382089268,0.20358265241986237
2008-10-08,-0.02722746819355962,1.0,0.0,-0.02722746819355962,-0.02722746819355962,0.6049959292480819,0.1981143934632313
2008-10-09,-0.006365393867075959,1.0,0.0,-0.006365393867075959,-0.006365393867075959,0.6011571225904164,0.1968573224387184
2008-10-10,0.11479859515513334,1.0,0.0,0.11479859515513334,0.11479859515513334,0.6742863894189441,0.22080452545568896
2008-10-13,-0.04423182454072148,0.0,0.0005,-0.0005,-0.04423182454072148,0.6739493304959875,0.21125078566939098
2008-10-14,-0.0938236327786792,0.0,0.0,-0.0,-0.0938236327786792,0.6739493304959875,0.192331866750472
2008-10-15,0.05282806373872753,1.0,0.0005,0.05232806373872753,0.05282806373872753,0.71015481425972,0.20276555625392895
2008-10-16,0.001239157531548053,1.0,0.0,0.001239157531548053,0.001239157531548053,0.7110353533970538,0.20301697045883152
2008-10-17,0.0274826456938321,1.0,0.0,0.0274826456938321,0.0274826456938321,0.7308474839870647,0.20867379006913955
2008-10-20,-0.05319745237324043,0.0,0.0005,-0.0005,-0.05319745237324043,0.7304821515857826,0.19786297925832871
2008-10-21,-0.02802567059188135,0.0,0.0,-0.0,-0.02802567059188135,0.7304821515857826,0.19239472030169766
2008-10-22,-0.003927991957157709,0.0,0.0,-0.0,-0.003927991957157709,0.7304821515857826,0.1916404776869899
2008-10-23,-0.03266957204531529,1.0,0.0005,-0.03316957204531529,-0.03266957204531529,0.7066498105367922,0.1854808296668768
2008-10-24,-0.02818055896157459,0.0,0.0005,-0.0005,-0.02818055896157459,0.7062965739480301,0.18032683846637393
2008-10-27,0.10480267448862898,0.0,0.0,0.0,0.10480267448862898,0.7062965739480301,0.20025141420490322
2008-10-28,-0.0025141433733324595,0.0,0.0,-0.0,-0.0025141433733324595,0.7062965739480301,0.19974858579509808
2008-10-29,0.03281012347565765,0.0,0.0,0.0,0.03281012347565765,0.7062965739480301,0.20641106222501643
2008-10-30,0.0015213756167379467,0.0,0.0,0.0,0.0015213756167379467,0.7062965739480301,0.20672532998114462
2008-10-31,-0.0021305745390208033,0.0,0.0,-0.0,-0.0021305745390208033,0.7062965739480301,0.20628535512256513
2008-11-03,0.02794233165659403,0.0,0.0,0.0,0.02794233165659403,0.7062965739480301,0.21213073538655008
2008-11-04,-0.05355706335711221,1.0,0.0005,-0.05405706335711221,-0.05355706335711221,0.6691298669845911,0.20106851037083662
2008-11-05,-0.04573138966310692,1.0,0.0,-0.04573138966310692,-0.04573138966310692,0.6392187788386716,0.19208045254556946
2008-11-06,0.020405566321392322,1.0,0.0,0.020405566321392322,0.020405566321392322,0.6523963910987621,0.19604022627278508
2008-11-07,-0.013557341285761462,1.0,0.0,-0.013557341285761462,-0.013557341285761462,0.6436113162587018,0.19340037712130803
2008-11-10,-0.022015017579120406,0.0,0.0005,-0.0005,-0.022015017579120406,0.6432895910385802,0.1891891891891898
2008-11-11,-0.04727967762185744,1.0,0.0005,-0.04777967762185744,-0.04727967762185744,0.6132761476697368,0.18045254556882526
2008-11-12,0.059168853334043175,1.0,0.0,0.059168853334043175,0.059168853334043175,0.6506580096837402,0.19145191703331302
2008-11-13,-0.04980841057447947,1.0,0.0,-0.04980841057447947,-0.04980841057447947,0.6190436349518973,0.18214959145191767
2008-11-14,-0.021273688071776275,0.0,0.0005,-0.0005,-0.021273688071776275,0.6187341905019806,0.17831552482715335
2008-11-17,-0.0010580145582255918,1.0,0.0005,-0.0015580145582255918,-0.0010580145582255918,0.6177709441962398,0.17812696417347643
2008-11-18,-0.053636043167442866,1.0,0.0,-0.053636043167442866,-0.053636043167442866,0.5855090882537403,0.16882463859208102
2008-11-19,-0.04960956158575746,0.0,0.0005,-0.0005,-0.04960956158575746,0.5852164068860529,0.16065367693274724
2008-11-20,0.04251070868458897,0.0,0.0,0.0,0.04251070868458897,0.5852164068860529,0.1676304211187938
2008-11-21,0.05932246645526892,0.0,0.0,0.0,0.05932246645526892,0.5852164068860529,0.17787554996857385
2008-11-24,-0.0046042227609106754,0.0,0.0,-0.0,-0.0046042227609106754,0.5852164068860529,0.1770584538026405
2008-11-25,0.041034964385824296,0.0,0.0,0.0,0.041034964385824296,0.5852164068860529,0.18447517284726656
2008-11-26,-0.007867322945620219,1.0,0.0005,-0.00836732294562022,-0.007867322945620219,0.5803401413107439,0.18302954116907671
2008-11-28,-0.07818431650497774,0.0,0.0005,-0.0005,-0.07818431650497774,0.5800500437705173,0.16926461345066054
2008-12-01,0.032873668714291836,0.0,0.0,0.0,0.032873668714291836,0.5800500437705173,0.17492143306096855
2008-12-02,0.027991198590505535,1.0,0.0005,0.027491198590505535,0.027991198590505535,0.5962175282561649,0.17988686360779446
2008-12-03,-0.02871010588243148,0.0,0.0005,-0.0005,-0.02871010588243148,0.5959194940068082,0.17479572595851725
2008-12-04,0.03982905295746435,1.0,0.0005,0.03932905295746435,0.03982905295746435,0.6198234216777518,0.18189817724701507
2008-12-05,0.038635777878301095,1.0,0.0,0.038635777878301095,0.038635777878301095,0.6442394099539313,0.1890634820867385
2008-12-08,-0.002329839629363184,0.0,0.0005,-0.0005,-0.002329839629363184,0.6439173707654606,0.18862350722815902
2008-12-09,-0.0033377868104191525,1.0,0.0005,-0.0038377868104191525,-0.0033377868104191525,0.6414508891156283,0.18799497171590257
2008-12-10,-0.02779840013474644,1.0,0.0,-0.02779840013474644,-0.02779840013474644,0.6238651409018264,0.1828409805153997
2008-12-11,0.020078945792069383,0.0,0.0005,-0.0005,0.020078945792069383,0.6235532863015225,0.1865493400377127
2008-12-12,-0.01767551115872233,0.0,0.0,-0.0,-0.01767551115872233,0.6235532863015225,0.1832809553739792
2008-12-15,0.04689405715786238,0.0,0.0,0.0,0.04689405715786238,0.6235532863015225,0.19208045254556944
2008-12-16,-0.012181220579572206,1.0,0.0005,-0.012681220579572206,-0.012181220579572206,0.6156957961167644,0.1897548711502206
2008-12-17,-0.017711407008961483,0.0,0.0005,-0.0005,-0.017711407008961483,0.6153880251678552,0.18642363293526146
2008-12-18,0.006720455401258357,0.0,0.0,0.0,0.006720455401258357,0.6153880251678552,0.18768070395977435
2008-12-19,-0.022008675711394716,1.0,0.0005,-0.022508675711394716,-0.022008675711394716,0.6016911828401392,0.18359522313010748
2008-12-22,-0.005148458257512858,0.0,0.0005,-0.0005,-0.005148458257512858,0.6013904124475833,0.18265241986172281
2008-12-23,0.002749142624921935,0.0,0.0,0.0,0.002749142624921935,0.6013904124475833,0.18315524827152796
2008-12-24,-0.00034322979571563137,0.0,0.0,-0.0,-0.00034322979571563137,0.6013904124475833,0.1830923947203023
2008-12-26,-0.008273056493199288,0.0,0.0,-0.0,-0.008273056493199288,0.6013904124475833,0.18158390949088687
2008-12-29,0.020555708349040927,0.0,0.0,0.0,0.020555708349040927,0.6013904124475833,0.18535512256442552
2008-12-30,0.008441718204824155,0.0,0.0,0.0,0.008441718204824155,0.6013904124475833,0.18692646134506666
2008-12-31,0.04246153742827987,1.0,0.0005,0.04196153742827987,0.04246153742827987,0.6271626179641467,0.19503456945317482
2009-01-02,-0.000322320711896111,1.0,0.0,-0.000322320711896111,-0.000322320711896111,0.6269605030373133,0.19497171590194917
2009-01-05,0.009943947215707618,0.0,0.0005,-0.0005,0.009943947215707618,0.6266471011427974,0.19692017598994416
2009-01-06,-0.028818571970615173,0.0,0.0,-0.0,-0.028818571970615173,0.6266471011427974,0.19132620993086183
2009-01-07,0.010457611643958224,0.0,0.0,0.0,0.010457611643958224,0.6266471011427974,0.1933375235700825
2009-01-08,-0.02268714763700562,0.0,0.0,-0.0,-0.02268714763700562,0.6266471011427974,0.189000628535513
2009-01-09,-0.01845999726816596,0.0,0.0,-0.0,-0.01845999726816596,0.6266471011427974,0.18554368321810252
2009-01-12,0.0003386960235595419,0.0,0.0,0.0,0.0003386960235595419,0.6266471011427974,0.1856065367693282
2009-01-13,-0.03095157664580766,0.0,0.0,-0.0,-0.03095157664580766,0.6266471011427974,0.17994971715902017
2009-01-14,0.01624869021579008,0.0,0.0,0.0,0.01624869021579008,0.6266471011427974,0.1828975487115029
2009-01-15,0.010970905847477707,0.0,0.0,0.0,0.010970905847477707,0.6266471011427974,0.18491514770584608
2009-01-16,-0.05089979780768197,1.0,0.0005,-0.05139979780768197,-0.05089979780768197,0.5952513464053462,0.17573852922690197
2009-01-20,0.041679995430891764,0.0,0.0005,-0.0005,0.041679995430891764,0.5949537951261622,0.18321810182275367
2009-01-21,-0.0134693799436553,1.0,0.0005,-0.0139693799436553,-0.0134693799436553,0.586700440849296,0.18076681332495353
2009-01-22,0.004856062265540396,0.0,0.0005,-0.0005,0.004856062265540396,0.586407163954205,0.18164676304211255
2009-01-23,0.007240162639145381,1.0,0.0005,0.006740162639145382,0.007240162639145381,0.5903729937670946,0.18296668761785106
2009-01-26,0.007188119260918914,0.0,0.0005,-0.0005,0.007188119260918914,0.5900778810545374,0.1842866121935896
2009-01-27,0.034526640487056635,0.0,0.0,0.0,0.034526640487056635,0.5900778810545374,0.190760527969831
2009-01-28,-0.025698060222853585,1.0,0.0005,-0.026198060222853585,-0.025698060222853585,0.5748197249153804,0.18592080452545637
2009-01-29,-0.017735799140516866,0.0,0.0005,-0.0005,-0.017735799140516866,0.5745323868934145,0.18265241986172284
2009-01-30,0.011972094423766812,0.0,0.0,0.0,0.011972094423766812,0.5745323868934145,0.18485229415462043
2009-02-02,0.015519879662114822,0.0,0.0,0.0,0.015519879662114822,0.5745323868934145,0.18774355751100005
2009-02-03,0.0013382404138382997,0.0,0.0,0.0,0.0013382404138382997,0.5745323868934145,0.18799497171590265
2009-02-04,0.02182626326088641,0.0,0.0,0.0,0.02182626326088641,0.5745323868934145,0.19214330609679514
2009-02-05,0.02583288629984369,1.0,0.0005,0.02533288629984369,0.02583288629984369,0.5892728717326685,0.1971715901948467
2009-02-06,0.004135523629000675,1.0,0.0,0.004135523629000675,0.004135523629000675,0.5917148696072381,0.19798868636078007
2009-02-09,-0.037520571911201235,0.0,0.0005,-0.0005,-0.037520571911201235,0.5914190861244674,0.1906976744186053
2009-02-10,-0.00462504953956227,1.0,0.0005,-0.0051250495395622694,-0.00462504953956227,0.5883957879035409,0.18981772470144626
2009-02-11,0.01217721152191932,0.0,0.0005,-0.0005,0.01217721152191932,0.5881016635468059,0.19214330609679514
2009-02-12,-0.004590171993863448,0.0,0.0,-0.0,-0.004590171993863448,0.5881016635468059,0.19126335637963612
2009-02-13,-0.040575557586326264,0.0,0.0,-0.0,-0.040575557586326264,0.5881016635468059,0.18365807668133313
2009-02-17,0.0006842285590243227,0.0,0.0,0.0,0.0006842285590243227,0.5881016635468059,0.18378378378378443
2009-02-18,-0.015509530257493218,1.0,0.0005,-0.01600953025749322,-0.015509530257493218,0.5787613982949369,0.18095537397863043
2009-02-19,0.0027748890507592393,1.0,0.0,0.0027748890507592393,0.0027748890507592393,0.5803696272585908,0.1814582023884356
2009-02-20,-0.03561102532318412,0.0,0.0005,-0.0005,-0.03561102532318412,0.5800795149790754,0.1751099937146455
2009-02-23,0.03248873310756216,1.0,0.0005,0.03198873310756216,0.03248873310756216,0.5989355055048649,0.18089252042740478
2009-02-24,-0.006623695125001397,1.0,0.0,-0.006623695125001397,-0.006623695125001397,0.5949814490057014,0.17969830295411754
2009-02-25,-0.028380762579808108,1.0,0.0,-0.028380762579808108,-0.028380762579808108,0.5783327900618551,0.17467001885606598
2009-02-26,-0.00939992459989638,0.0,0.0005,-0.0005,-0.00939992459989638,0.578043695946376,0.17303582652419924
2009-02-27,-0.032862473482327584,0.0,0.0,-0.0,-0.032862473482327584,0.578043695946376,0.1674418604651169
2009-03-02,-0.0007510327052227691,1.0,0.0005,-0.001251032705222769,-0.0007510327052227691,0.5773209965322578,0.16731615336266562
2009-03-03,0.026322186973011055,0.0,0.0005,-0.0005,0.026322186973011055,0.5770324081870902,0.17177875549968635
2009-03-04,-0.030462979639042348,1.0,0.0005,-0.03096297963904235,-0.030462979639042348,0.5594395348807807,0.16662476429918355
2009-03-05,-0.007953081117215297,1.0,0.0,-0.007953081117215297,-0.007953081117215297,0.5550079127636565,0.165304839723445
2009-03-06,-0.02152273701573836,1.0,0.0,-0.02152273701573836,-0.02152273701573836,0.5431902537846584,0.1617850408548089
2009-03-09,0.059938797771996004,0.0,0.0005,-0.0005,0.059938797771996004,0.5429187265452328,0.1717787554996864
2009-03-10,0.015250840252466894,1.0,0.0005,0.014750840252466894,0.015250840252466894,0.5509865915563443,0.1744186046511635
2009-03-11,0.03261543970283505,0.0,0.0005,-0.0005,0.03261543970283505,0.5507111671224126,0.1802011313639228
2009-03-12,0.0024386007556003514,0.0,0.0,0.0,0.0024386007556003514,0.5507111671224126,0.1806411062225023
2009-03-13,-0.01684250339449735,1.0,0.0005,-0.01734250339449735,-0.01684250339449735,0.5412427967693442,0.17762413576367136
2009-03-16,0.03716350573297824,1.0,0.0,0.03716350573297824,0.03716350573297824,0.561735712287504,0.1843494657448153
2009-03-17,0.01253616281929426,1.0,0.0,0.01253616281929426,0.01253616281929426,0.5688220475601388,0.18667504714016414
2009-03-18,-0.000673627509474165,1.0,0.0,-0.000673627509474165,-0.000673627509474165,0.5684390024102666,0.18654934003771287
2009-03-19,-0.0169898752045401,1.0,0.0,-0.0169898752045401,-0.0169898752045401,0.5588628736634629,0.18340666247643067
2009-03-20,0.057272640809060235,0.0,0.0005,-0.0005,0.057272640809060235,0.558583512072849,0.1942174732872415
2009-03-23,-0.018618862203210098,0.0,0.0,-0.0,-0.018618862203210098,0.558583512072849,0.19063482086737976
2009-03-24,0.004605271297127997,0.0,0.0,0.0,0.004605271297127997,0.558583512072849,0.1915147705845388
2009-03-25,0.030383720552937594,1.0,0.0005,0.029883720552937594,0.030383720552937594,0.575527986640109,0.1974230043997494
2009-03-26,-0.018962483658585435,0.0,0.0005,-0.0005,-0.018962483658585435,0.5752402945757986,0.19371464487743642
2009-03-27,-0.02496844556714127,1.0,0.0005,-0.02546844556714127,-0.02496844556714127,0.560774807087159,0.18893777498428743
2009-03-30,0.008612176449342483,1.0,0.0,0.008612176449342483,0.008612176449342483,0.5656251547199821,0.1905719673161542
2009-03-31,0.014732628559779633,1.0,0.0,0.014732628559779633,0.014732628559779633,0.5740199871614067,0.1934003771213082
2009-04-01,0.031667447044984566,1.0,0.0,0.031667447044984566,0.031667447044984566,0.5924886185325406,0.199622878692647
2009-04-02,0.01840638456797465,1.0,0.0,0.01840638456797465,0.01840638456797465,0.6034951766224084,0.20333123821496005
2009-04-03,-0.0024760148830390853,0.0,0.0005,-0.0005,-0.0024760148830390853,0.6031935044584231,0.20282840980515487
2009-04-06,-0.026693373236395413,0.0,0.0,-0.0,-0.026693373236395413,0.6031935044584231,0.1974858579509751
2009-04-07,0.016727547996068622,0.0,0.0,0.0,0.016727547996068622,0.6031935044584231,0.20081709616593424
2009-04-08,0.030515543925950413,0.0,0.0,0.0,0.030515543925950413,0.6031935044584231,0.207039597737273
2009-04-09,-0.0015190645485285642,1.0,0.0005,-0.0020190645485285643,-0.0015190645485285642,0.6019768465064588,0.20672532998114482
2009-04-13,-0.012236310519956588,1.0,0.0,-0.012236310519956588,-0.012236310519956588,0.5946557538155929,0.20421118793211906
2009-04-14,-0.0027739268827253194,0.0,0.0005,-0.0005,-0.0027739268827253194,0.5943585002582672,0.20364550597108821
2009-04-15,0.02559554718896394,0.0,0.0,0.0,0.02559554718896394,0.5943585002582672,0.2089252042740424
2009-04-16,0.0021036822183409464,1.0,0.0005,0.0016036822183409464,0.0021036822183409464,0.5953124271097737,0.20936517913262193
2009-04-17,-0.0326497345671607,0.0,0.0005,-0.0005,-0.0326497345671607,0.5950148452978714,0.20263984915147795
2009-04-20,0.013861303097691466,1.0,0.0005,0.013361303097691466,0.013861303097691466,0.6030183686760313,0.20546825895663193
2009-04-21,0.003054370120437595,0.0,0.0005,-0.0005,0.003054370120437595,0.6027169348564282,0.20609679446888834
2009-04-22,0.009711760702598035,0.0,0.0,0.0,0.009711760702598035,0.6027169348564282,0.20810810810810898
2009-04-23,0.017365705859306513,0.0,0.0,0.0,0.017365705859306513,0.6027169348564282,0.21175361407919632
2009-04-24,0.0011865916550972454,0.0,0.0,0.0,0.0011865916550972454,0.6027169348564282,0.21200502828409887
2009-04-27,-0.007439403452284286,1.0,0.0005,-0.007939403452284286,-0.007439403452284286,0.5979506676387117,0.21043368950345778
2009-04-28,0.013646014184805795,0.0,0.0005,-0.0005,0.013646014184805795,0.5976517670362702,0.21332495285983746
2009-04-29,0.00996783392349886,0.0,0.0,0.0,0.00996783392349886,0.5976517670362702,0.21546197360150937
2009-04-30,0.0026219971321633116,0.0,0.0,0.0,0.0026219971321633116,0.5976517670362702,0.2160276555625401
2009-05-01,0.01959152261885667,1.0,0.0005,0.01909152261885667,0.01959152261885667,0.6091714636435673,0.22030169704588398
2009-05-04,-0.0008562866228931219,0.0,0.0005,-0.0005,-0.0008562866228931219,0.608866954045489,0.2201131363922071
2009-05-05,0.00028551035168956256,0.0,0.0,0.0,0.00028551035168956256,0.608866954045489,0.22017598994343274
2009-05-06,-0.023686838219882093,1.0,0.0005,-0.024186838219882094,-0.023686838219882093,0.5943170548638497,0.2150219987429299
2009-05-07,0.0005844535525806061,1.0,0.0,0.0005844535525806061,0.0005844535525806061,0.5946645071028814,0.21514770584538115
2009-05-08,0.0034995661262645535,1.0,0.0,0.0034995661262645535,0.0034995661262645535,0.5967492205370721,0.2159019484600889
2009-05-11,-0.012302439872219642,1.0,0.0,-0.012302439872219642,-0.012302439872219642,0.5894527235174049,0.21326209930861184
2009-05-12,-0.027186140304156718,1.0,0.0,-0.027186140304156718,-0.027186140304156718,0.5736436466414592,0.2075424261470782
2009-05-13,0.011143015463581065,0.0,0.0005,-0.0005,0.011143015463581065,0.5733568965116449,0.20986800754242702
2009-05-14,-0.0005991611922806354,1.0,0.0005,-0.0010991611922806354,-0.0005991611922806354,0.5727270310869031,0.20974230043997572
2009-05-15,0.025737258510258956,1.0,0.0,0.025737258510258956,0.025737258510258956,0.5876587816726272,0.2152105593966068
2009-05-18,0.00466201310581115,1.0,0.0,0.00466201310581115,0.00466201310581115,0.5904048507458637,0.21621621621621706
2009-05-19,-0.003494470649773589,1.0,0.0,-0.003494470649773589,-0.003494470649773589,0.5883452989409362,0.21546197360150937
2009-05-20,-0.018549037638842303,1.0,0.0,-0.018549037638842303,-0.018549037638842303,0.5775326519650672,0.21150219987429375
2009-05-21,-0.003274299695674007,1.0,0.0,-0.003274299695674007,-0.003274299695674007,0.575644729477217,0.21081081081081166
2009-05-22,0.036591232768787806,1.0,0.0,0.036591232768787806,0.036591232768787806,0.5970983941118777,0.21866750471401722
2009-05-26,-0.006922438950171806,1.0,0.0,-0.006922438950171806,-0.006922438950171806,0.5929792905020228,0.21715901948460173
2009-05-27,0.011510918466140491,0.0,0.0005,-0.0005,0.011510918466140491,0.5926828749668309,0.2196731615336275
2009-05-28,0.012228220051819878,1.0,0.0005,0.011728220051819878,0.012228220051819878,0.5996749120735773,0.22237586423633018
2009-05-29,0.028147322892429084,0.0,0.0005,-0.0005,0.028147322892429084,0.5993751495644128,0.22872407291012026
2009-06-01,0.001373060767689104,1.0,0.0005,0.0008730607676891041,0.001373060767689104,0.599898668991508,0.2290383406662485
2009-06-02,-0.003023226158646997,0.0,0.0005,-0.0005,-0.003023226158646997,0.5995987946318496,0.22834695160276644
2009-06-03,0.01122223355386915,1.0,0.0005,0.01072223355386915,0.01122223355386915,0.6060624232897152,0.2309239472030179
2009-06-04,0.001088139389195428,0.0,0.0005,-0.0005,0.001088139389195428,0.6057594678232485,0.2311753614079205
2009-06-05,-0.0029952370929403273,0.0,0.0,-0.0,-0.0029952370929403273,0.6057594678232485,0.23048397234443843
2009-06-08,0.007606665310976094,0.0,0.0,0.0,0.007606665310976094,0.6057594678232485,0.23224387177875647
2009-06-09,-0.003524471589279064,0.0,0.0,-0.0,-0.003524471589279064,0.6057594678232485,0.23142677561282307
2009-06-10,0.0,0.0,0.0,0.0,0.0,0.6057594678232485,0.23142677561282307
2009-06-11,-0.004627747472271315,0.0,0.0,-0.0,-0.004627747472271315,0.6057594678232485,0.2303582652419871
2009-06-12,-0.020676132838427303,1.0,0.0005,-0.021176132838427304,-0.020676132838427303,0.593066691140513,0.22564424890006377
2009-06-15,-0.00979713924498338,1.0,0.0,-0.00979713924498338,-0.00979713924498338,0.5872847039009815,0.2234443746071662
2009-06-16,0.009490685607627015,1.0,0.0,0.009490685607627015,0.009490685607627015,0.5928849715415563,0.22557510999371558
2009-06-17,-0.0019244452243111373,1.0,0.0,-0.0019244452243111373,-0.0019244452243111373,0.5917450940571916,0.22514142049025862
2009-06-18,0.009447138891409837,1.0,0.0,0.009447138891409837,0.009447138891409837,0.5973618816613077,0.2272784412319305
2009-06-19,-0.03032236801999336,1.0,0.0,-0.03032236801999336,-0.03032236801999336,0.5795203210364678,0.22049025769956093
2009-06-22,-0.002283106014568521,0.0,0.0005,-0.0005,-0.002283106014568521,0.5792306333039179,0.2199874292897558
2009-06-23,0.016716638032687674,1.0,0.0005,0.016216638032687674,0.016716638032687674,0.5887003830454187,0.22369578881206884
2009-06-24,0.019477521702877434,1.0,0.0,0.019477521702877434,0.019477521702877434,0.6002792048529991,0.22809553739786392
2009-06-25,0.002202037773918681,0.0,0.0005,-0.0005,0.002202037773918681,0.5999791402729691,0.2285983658076691
2009-06-26,0.0021971994557696017,0.0,0.0,0.0,0.0021971994557696017,0.5999791402729691,0.2291011942174743
2009-06-29,-0.0019222853646909215,0.0,0.0,-0.0,-0.0019222853646909215,0.5999791402729691,0.22866121935889477
2009-06-30,0.0005496015527186049,1.0,0.0005,4.9601552718604855e-05,0.0005496015527186049,0.6000089009080061,0.22878692646134605
2009-07-01,-0.022223136784710124,1.0,0.0,-0.022223136784710124,-0.022223136784710124,0.5868218920968412,0.22375864236329449
2009-07-02,-0.00535137173417255,0.0,0.0005,-0.0005,-0.00535137173417255,0.5865285544913054,0.2225644248900072
2009-07-06,-0.025165754721911304,1.0,0.0005,-0.025665754721911304,-0.025165754721911304,0.5716663965623687,0.2170333123821505
2009-07-07,0.005199318471793893,0.0,0.0005,-0.0005,0.005199318471793893,0.571380634810479,0.21816467630421213
2009-07-08,0.0017271161460751556,0.0,0.0,0.0,0.0017271161460751556,0.571380634810479,0.218541797611566
2009-07-09,0.004304784951631393,1.0,0.0005,0.0038047849516313933,0.004304784951631393,0.5735587562657168,0.21948460087995064
2009-07-10,0.019004968550700004,1.0,0.0,0.019004968550700004,0.019004968550700004,0.5845634632158324,0.2236957888120689
2009-07-13,0.0036460564861969034,1.0,0.0,0.0036460564861969034,0.0036460564861969034,0.5866987048628696,0.22451288497800226
2009-07-14,0.033042653626353224,1.0,0.0,0.033042653626353224,0.033042653626353224,0.6064086277585987,0.23205531112507963
2009-07-15,0.0024347367634131875,1.0,0.0,0.0024347367634131875,0.0024347367634131875,0.6078868719757784,0.23262099308611042
2009-07-16,0.014751507941997633,1.0,0.0,0.014751507941997633,0.014751507941997633,0.616920586636321,0.23607793840352087
2009-07-17,0.00953902304675891,0.0,0.0005,-0.0005,0.00953902304675891,0.6166122034452253,0.23834066624764408
2009-07-20,0.00683314091078039,0.0,0.0,0.0,0.00683314091078039,0.6166122034452253,0.23997485857951084
2009-07-21,0.00834642299613704,0.0,0.0,0.0,0.00834642299613704,0.6166122034452253,0.24198617221873145
2009-07-22,0.021837733569673754,0.0,0.0,0.0,0.021837733569673754,0.6166122034452253,0.24732872407291126
2009-07-23,-0.007653098577717383,0.0,0.0,-0.0,-0.007653098577717383,0.6166122034452253,0.24544311753614187
2009-07-24,0.007653098577717432,0.0,0.0,0.0,0.007653098577717432,0.6166122034452253,0.24732872407291126
2009-07-27,-0.006885147688830319,0.0,0.0,-0.0,-0.006885147688830319,0.6166122034452253,0.24563167818981885
2009-07-28,0.006630985786331204,0.0,0.0,0.0,0.006630985786331204,0.6166122034452253,0.24726587052168564
2009-07-29,0.005829442436419789,1.0,0.0005,0.005329442436419789,0.005829442436419789,0.6199071750709775,0.24871150219987542
2009-07-30,-0.0030372081054495597,0.0,0.0005,-0.0005,-0.0030372081054495597,0.6195972989589257,0.24795725958516773
2009-07-31,0.014844907155136443,0.0,0.0,0.0,0.014844907155136443,0.6195972989589257,0.25166561910748075
2009-08-03,0.0,0.0,0.0,0.0,0.0,0.6195972989589257,0.25166561910748075
2009-08-04,-0.007772384620512305,0.0,0.0,-0.0,-0.007772384620512305,0.6195972989589257,0.24971715901948577
2009-08-05,-0.00884849661552797,0.0,0.0,-0.0,-0.00884849661552797,0.6195972989589257,0.2475172847265882
2009-08-06,0.012616871882657992,1.0,0.0005,0.012116871882657991,0.012616871882657992,0.6271505485149449,0.2506599622878704
2009-08-07,-0.0070458268332027575,0.0,0.0005,-0.0005,-0.0070458268332027575,0.626837051621442,0.24890006285355237
2009-08-10,-0.008622929412119968,1.0,0.0005,-0.009122929412119968,-0.008622929412119968,0.6211444674501181,0.2467630421118804
2009-08-11,0.015417972544948616,1.0,0.0,0.015417972544948616,0.015417972544948616,0.6307954640151862,0.2505971087366447
2009-08-12,0.005502765261152147,1.0,0.0,0.005502765261152147,0.005502765261152147,0.6342761513009485,0.25197988686360895
2009-08-13,-0.011540519452071988,0.0,0.0005,-0.0005,-0.011540519452071988,0.6339590924966045,0.2490886235072293
2009-08-14,-0.029447781404837996,1.0,0.0005,-0.029947781404837996,-0.029447781404837996,0.615254896673348,0.24186046511628018
2009-08-17,0.01419195539501792,0.0,0.0005,-0.0005,0.01419195539501792,0.6149473461190572,0.2453174104336906
2009-08-18,0.006893937682691818,1.0,0.0005,0.006393937682691819,0.006893937682691818,0.6188918782360522,0.24701445631678295
2009-08-19,0.011636862913157674,0.0,0.0005,-0.0005,0.011636862913157674,0.618582509645527,0.24990571967316258
2009-08-20,0.013241917414882601,0.0,0.0,0.0,0.013241917414882601,0.618582509645527,0.2532369578881217
2009-08-21,-0.0009932953386834694,0.0,0.0,-0.0,-0.0009932953386834694,0.618582509645527,0.2529855436832191
2009-08-24,0.002976931000276952,0.0,0.0,0.0,0.002976931000276952,0.618582509645527,0.2537397862979268
2009-08-25,-0.001735465912212155,1.0,0.0005,-0.002235465912212155,-0.001735465912212155,0.6172012340038515,0.2532998114393473
2009-08-26,0.0024783160144672216,0.0,0.0005,-0.0005,0.0024783160144672216,0.6168927105241471,0.2539283469516038
2009-08-27,0.0009896091851662818,0.0,0.0,0.0,0.0009896091851662818,0.6168927105241471,0.25417976115650637
2009-08-28,-0.010190221147788333,1.0,0.0005,-0.010690221147788333,-0.010190221147788333,0.6103331152557608,0.251602765556255
2009-08-31,-0.018913689518217053,0.0,0.0005,-0.0005,-0.018913689518217053,0.6100280249770588,0.24688874921433165
2009-09-01,-0.0007640392578477263,1.0,0.0005,-0.0012640392578477265,-0.0007640392578477263,0.6092574127497611,0.24670018856065473
2009-09-02,0.006602360194881836,1.0,0.0,0.006602360194881836,0.006602360194881836,0.6132932580316702,0.2483343808925215
2009-09-03,0.021285391062108833,1.0,0.0,0.021285391062108833,0.021285391062108833,0.6264873676071427,0.2536769327467013
2009-09-04,0.009371215313251583,0.0,0.0005,-0.0005,0.009371215313251583,0.62617420222121,0.2560653676932758
2009-09-08,0.008554372096658595,0.0,0.0,0.0,0.008554372096658595,0.62617420222121,0.25826524198617334
2009-09-09,0.009446600466008124,0.0,0.0,0.0,0.009446600466008124,0.62617420222121,0.2607165304839735
2009-09-10,0.000963855496306659,0.0,0.0,0.0,0.000963855496306659,0.62617420222121,0.2609679446888761
2009-09-11,0.0038461585874780936,0.0,0.0,0.0,0.0038461585874780936,0.62617420222121,0.2619736015084863
2009-09-14,0.003114147923362225,0.0,0.0,0.0,0.003114147923362225,0.62617420222121,0.2627906976744197
2009-09-15,0.014484403768062724,1.0,0.0005,0.013984403768062724,0.014484403768062724,0.6349923899337481,0.266624764299184
2009-09-16,-0.00023576565003718123,0.0,0.0005,-0.0005,-0.00023576565003718123,0.6346749730996026,0.2665619107479584
2009-09-17,0.0007071302592831059,0.0,0.0,0.0,0.0007071302592831059,0.6346749730996026,0.2667504714016353
2009-09-18,0.003058466094278642,0.0,0.0,0.0,0.003058466094278642,0.6346749730996026,0.2675675675675687
2009-09-21,0.0018774940976271387,0.0,0.0,0.0,0.0018774940976271387,0.6346749730996026,0.2680703959773739
2009-09-22,-0.004700361180331741,0.0,0.0,-0.0,-0.004700361180331741,0.6346749730996026,0.26681332495286103
2009-09-23,-0.008992015154926826,1.0,0.0005,-0.009492015154926826,-0.008992015154926826,0.6286791299713063,0.26442489000628655
2009-09-24,-0.008833768797673728,1.0,0.0,-0.008833768797673728,-0.008833768797673728,0.6231499814548008,0.26209930861093766
2009-09-25,0.01688305468174339,1.0,0.0,0.01688305468174339,0.01688305468174339,0.6337599691486354,0.2665619107479584
2009-09-28,-0.004490141066324689,1.0,0.0,-0.004490141066324689,-0.004490141066324689,0.6309206766671868,0.26536769327467113
2009-09-29,0.0007103113830084102,1.0,0.0,0.0007103113830084102,0.0007103113830084102,0.631368986006363,0.26555625392834814
2009-09-30,-0.03003228709887509,1.0,0.0,-0.03003228709887509,-0.03003228709887509,0.6126894302073581,0.25769956002514255
2009-10-01,-0.0029311208088587007,0.0,0.0005,-0.0005,-0.0029311208088587007,0.6123831620656704,0.2569453174104348
2009-10-02,0.00803999945527698,0.0,0.0,0.0,0.00803999945527698,0.6123831620656704,0.25901948460088103
2009-10-05,0.017559080123047816,1.0,0.0005,0.017059080123047816,0.017559080123047816,0.6229194698376468,0.2636077938403531
2009-10-06,0.002857144800779965,0.0,0.0005,-0.0005,0.002857144800779965,0.6226080879546858,0.26436203645506084
2009-10-07,0.0042704691234522855,1.0,0.0005,0.0037704691234522855,0.0042704691234522855,0.624960043728274,0.26549340037712243
2009-10-08,0.0056657375356773,1.0,0.0,0.0056657375356773,0.0056657375356773,0.6285109530676392,0.26700188560653787
2009-10-09,0.0021164029063776937,0.0,0.0005,-0.0005,0.0021164029063776937,0.6281967761418821,0.26756756756756866
2009-10-12,0.00023487962527245711,1.0,0.0005,-0.0002651203747275429,0.00023487962527245711,0.6280302504528407,0.2676304211187943
2009-10-13,0.013529480924600514,1.0,0.0,0.013529480924600514,0.013529480924600514,0.636584913328901,0.27127592708988174
2009-10-14,-0.002319648453716796,0.0,0.0005,-0.0005,-0.002319648453716796,0.6362667004320902,0.2706473915776253
2009-10-15,-0.0065237882819573784,1.0,0.0005,-0.007023788281957379,-0.0065237882819573784,0.6318133558205238,0.26888749214330726
2009-10-16,0.010001246289582317,0.0,0.0005,-0.0005,0.010001246289582317,0.6314975281061219,0.27159019484601
2009-10-19,0.0002314011348981728,0.0,0.0,0.0,0.0002314011348981728,0.6314975281061219,0.27165304839723564
2009-10-20,-0.001852710117729522,1.0,0.0005,-0.002352710117729522,-0.001852710117729522,0.6300135438593194,0.27115021998743055
2009-10-21,0.003932914265524993,1.0,0.0,0.003932914265524993,0.003932914265524993,0.6324962119737395,0.2722187303582665
2009-10-22,-0.004164744566783535,1.0,0.0,-0.004164744566783535,-0.004164744566783535,0.6298675045584712,0.27108736643620485
2009-10-23,-0.003251280151561613,1.0,0.0,-0.003251280151561613,-0.003251280151561613,0.6278229543465957,0.2702074167190458
2009-10-26,-0.015235264801471094,0.0,0.0005,-0.0005,-0.015235264801471094,0.6275091213342138,0.26612193588937894
2009-10-27,-0.022692959946078155,1.0,0.0005,-0.023192959946078156,-0.022692959946078155,0.6131228029473638,0.2601508485229427
2009-10-28,0.01677087702183834,1.0,0.0,0.01677087702183834,0.01677087702183834,0.6234921182907597,0.26455059710873785
2009-10-29,-0.02721420205122702,1.0,0.0,-0.02721420205122702,-0.02721420205122702,0.606753080664992,0.25744814582024
2009-10-30,0.004141801511080369,0.0,0.0005,-0.0005,0.004141801511080369,0.6064497799561555,0.25851665619107594
2009-11-02,0.00315572540077288,1.0,0.0005,0.00265572540077288,0.00315572540077288,0.6080624845434959,0.2593337523570093
2009-11-03,0.001695120880535139,1.0,0.0,0.001695120880535139,0.001695120880535139,0.6090940980655036,0.2597737272155888
2009-11-04,0.02437979257442241,1.0,0.0,0.02437979257442241,0.02437979257442241,0.6241261808147612,0.26618478944060453
2009-11-05,0.00588583217726135,0.0,0.0005,-0.0005,0.00588583217726135,0.6238141957271254,0.2677561282212456
2009-11-06,0.021136543457264012,0.0,0.0,0.0,0.021136543457264012,0.6238141957271254,0.2734758013827792
2009-11-09,0.00252496404089427,0.0,0.0,0.0,0.00252496404089427,0.6238141957271254,0.2741671904462613
2009-11-10,0.006398559307642775,1.0,0.0005,0.005898559307642775,0.006398559307642775,0.6275046743107414,0.2759270898805794
2009-11-11,-0.0057110377955145045,1.0,0.0,-0.0057110377955145045,-0.0057110377955145045,0.6239311852770811,0.27435575109993826
2009-11-12,0.0082135985373888,1.0,0.0,0.0082135985373888,0.0082135985373888,0.6290770094855518,0.27661847894406144
2009-11-13,0.010173027713050568,0.0,0.0005,-0.0005,0.010173027713050568,0.6287625496023311,0.27944688874921547
2009-11-16,0.003143950489967783,1.0,0.0005,0.002643950489967783,0.003143950489967783,0.6304271662657421,0.2803268384663744
2009-11-17,-0.005553508815210939,1.0,0.0,-0.005553508815210939,-0.005553508815210939,0.6269357871162435,0.278774355751101
2009-11-18,-0.015747999089009725,0.0,0.0005,-0.0005,-0.015747999089009725,0.6266223975765992,0.2744186046511638
2009-11-19,-0.005051675496117834,0.0,0.0,-0.0,-0.005051675496117834,0.6266223975765992,0.2730358265241996
2009-11-20,0.015985725202910386,0.0,0.0,0.0,0.015985725202910386,0.6266223975765992,0.2774355751099947
2009-11-23,-0.003404065467961882,1.0,0.0005,-0.003904065467961882,-0.003404065467961882,0.6241807919081471,0.2764927718416101
2009-11-24,0.004309862631342783,1.0,0.0,0.004309862631342783,0.004309862631342783,0.6268767307684006,0.2776869893148973
2009-11-25,-0.01528140125938246,1.0,0.0,-0.01528140125938246,-0.01528140125938246,0.6173699989980332,0.2734758013827791
2009-11-27,0.0011485013321711882,1.0,0.0,0.0011485013321711882,0.0011485013321711882,0.6180794565928368,0.2737900691389074
2009-11-30,0.01027758275824023,1.0,0.0,0.01027758275824023,0.01027758275824023,0.6244645749460686,0.2766184789440614
2009-12-01,0.0013623980308956293,0.0,0.0005,-0.0005,0.0013623980308956293,0.6241524207036594,0.2769956002514153
2009-12-02,-0.004092775153753036,0.0,0.0,-0.0,-0.004092775153753036,0.6241524207036594,0.2758642363293537
2009-12-03,0.005226690685158953,1.0,0.0005,0.0047266906851589525,0.005226690685158953,0.6271095794183572,0.2773098680075435
2009-12-04,-0.004771109811675612,1.0,0.0,-0.004771109811675612,-0.004771109811675612,0.624124697014054,0.27598994343180494
2009-12-07,-0.0061220951446887915,1.0,0.0,-0.0061220951446887915,-0.0061220951446887915,0.620315418517134,0.27430546825895774
2009-12-08,0.009986175415721917,1.0,0.0,0.009986175415721917,0.009986175415721917,0.6265410303889662,0.277058453802641
2009-12-09,0.00497851220643085,1.0,0.0,0.00497851220643085,0.00497851220643085,0.6296680500506171,0.2784412319296051
2009-12-10,-0.0038448537696340332,0.0,0.0005,-0.0005,-0.0038448537696340332,0.6293532947209817,0.2773727215587692
2009-12-11,0.009472330635362444,0.0,0.0,0.0,0.009472330635362444,0.6293532947209817,0.2800125707102462
2009-12-14,-0.005627476865728336,1.0,0.0005,-0.006127476865728336,-0.005627476865728336,0.6255087377132328,0.2784412319296051
2009-12-15,0.0013534854310763558,1.0,0.0,0.0013534854310763558,0.0013534854310763558,0.6263559278771784,0.278818353236959
2009-12-16,-0.012247828314845778,0.0,0.0005,-0.0005,-0.012247828314845778,0.6260428281946834,0.2754242614707742
2009-12-17,0.014499574368730088,1.0,0.0005,0.013999574368730087,0.014499574368730088,0.6348687970816539,0.2794468887492155
2009-12-18,0.011183297049385109,0.0,0.0005,-0.0005,0.011183297049385109,0.6345514420284879,0.2825895663104977
2009-12-21,0.00598737790431596,0.0,0.0,0.0,0.00598737790431596,0.6345514420284879,0.2842866121935901
2009-12-22,0.007269555089229799,1.0,0.0005,0.006769555089229799,0.007269555089229799,0.6388616455922341,0.2863607793840364
2009-12-23,0.009176380756053886,1.0,0.0,0.009176380756053886,0.009176380756053886,0.6447510637473862,0.28900062853551345
2009-12-24,0.005206085511199266,1.0,0.0,0.005206085511199266,0.005206085511199266,0.6481164455503304,0.29050911376492894
2009-12-28,-0.00411924701708456,1.0,0.0,-0.00411924701708456,-0.00411924701708456,0.645452184956333,0.2893148962916417
2009-12-29,0.003036878689747404,0.0,0.0005,-0.0005,0.003036878689747404,0.6451295395319327,0.2901948460088007
2009-12-30,-0.009138444797367227,1.0,0.0005,-0.009638444797367227,-0.009138444797367227,0.6389413641777967,0.2875549968573236
2009-12-31,0.014538609124760685,0.0,0.0005,-0.0005,0.014538609124760685,0.6386219733500687,0.29176618478944183
2010-01-04,0.0,0.0,0.0,0.0,0.0,0.6386219733500687,0.29176618478944183
2010-01-05,-0.006050148100683406,0.0,0.0,-0.0,-0.006050148100683406,0.6386219733500687,0.2900062853551238
2010-01-06,0.0006499837732899861,1.0,0.0005,0.0001499837732899861,0.0006499837732899861,0.6387177634666397,0.2901948460088008
2010-01-07,0.00819676720417849,1.0,0.0,0.00819676720417849,0.00819676720417849,0.6439746997914679,0.2925832809553753
2010-01-08,-0.004089985251525055,1.0,0.0,-0.004089985251525055,-0.004089985251525055,0.6413462316290538,0.29138906348208804
2010-01-11,-0.0125897039471303,1.0,0.0,-0.0125897039471303,-0.0125897039471303,0.6333224867122106,0.28774355751100067
2010-01-12,0.012373977487443526,1.0,0.0,0.012373977487443526,0.012373977487443526,0.6412078911994531,0.2913262099308624
2010-01-13,0.00086262675178821,1.0,0.0,0.00086262675178821,0.00086262675178821,0.641761252917856,0.291577624135765
2010-01-14,-0.01170872006117845,1.0,0.0,-0.01170872006117845,-0.01170872006117845,0.6342908697194158,0.28818353236958016
2010-01-15,0.016010727126231507,1.0,0.0,0.016010727126231507,0.016010727126231507,0.644528061509871,0.2928346951602779
2010-01-19,-0.014485173817394404,0.0,0.0005,-0.0005,-0.014485173817394404,0.6442058780316977,0.2886235072281597
2010-01-20,-0.009408230429398309,1.0,0.0005,-0.009908230429398309,-0.009408230429398309,0.637854455389184,0.285920804525457
2010-01-21,-0.029673119613072976,0.0,0.0005,-0.0005,-0.029673119613072976,0.6375356078800093,0.2775612822124462
2010-01-22,0.0033909832425582822,0.0,0.0,0.0,0.0033909832425582822,0.6375356078800093,0.2785040854808309
2010-01-25,0.0009023235441904031,1.0,0.0005,0.00040232354419040314,0.0009023235441904031,0.637792155069346,0.2787554996857335
2010-01-26,0.007860792863934641,0.0,0.0005,-0.0005,0.007860792863934641,0.637473338702545,0.2809553739786311
2010-01-27,-0.02606379832101152,0.0,0.0,-0.0,-0.02606379832101152,0.637473338702545,0.2737272155876819
2010-01-28,-0.017605272869786283,0.0,0.0,-0.0,-0.017605272869786283,0.637473338702545,0.26895034569453297
2010-01-29,0.010923990096187197,0.0,0.0,0.0,0.010923990096187197,0.637473338702545,0.27190446260213824
2010-02-01,0.0089748617606985,0.0,0.0,0.0,0.0089748617606985,0.637473338702545,0.27435575109993837
2010-02-02,0.005483221414531401,0.0,0.0,0.0,0.005483221414531401,0.637473338702545,0.27586423632935386
2010-02-03,-0.02936287702967168,0.0,0.0,-0.0,-0.02936287702967168,0.637473338702545,0.26788183532369697
2010-02-04,0.008411264543893229,0.0,0.0,0.0,0.008411264543893229,0.637473338702545,0.27014456316782015
2010-02-05,-0.007238794014455661,0.0,0.0,-0.0,-0.007238794014455661,0.637473338702545,0.2681961030798252
2010-02-08,0.01025889155913459,0.0,0.0,0.0,0.01025889155913459,0.637473338702545,0.27096165933375355
2010-02-09,-0.0020898649194591307,0.0,0.0,-0.0,-0.0020898649194591307,0.637473338702545,0.2703959773727228
2010-02-10,0.014996243657885464,0.0,0.0,0.0,0.014996243657885464,0.637473338702545,0.2744814582023896
2010-02-11,0.0020587906162561,0.0,0.0,0.0,0.0020587906162561,0.637473338702545,0.2750471401634204
2010-02-12,0.012715884325302714,1.0,0.0005,0.012215884325302713,0.012715884325302714,0.64530839792333,0.2785669390320566
2010-02-16,0.005624944519436162,1.0,0.0,0.005624944519436162,0.005624944519436162,0.6489484498069228,0.2801382778126977
2010-02-17,0.00626260154634067,1.0,0.0,0.00626260154634067,0.00626260154634067,0.6530253079165467,0.28189817724701577
2010-02-18,-0.00044603033745704905,1.0,0.0,-0.00044603033745704905,-0.00044603033745704905,0.6527341037658593,0.2817724701445644
2010-02-19,-0.002009602105364538,1.0,0.0,-0.002009602105364538,-0.002009602105364538,0.6514236850877659,0.2812067881835336
2010-02-22,-0.013048554093143854,1.0,0.0,-0.013048554093143854,-0.013048554093143854,0.6429787647178304,0.2775612822124462
2010-02-23,0.010138647171333613,1.0,0.0,0.010138647171333613,0.010138647171333613,0.6495308581082976,0.2803896920176002
2010-02-24,-0.00022419011415494605,0.0,0.0005,-0.0005,-0.00022419011415494605,0.6492061738570705,0.28032683846637463
2010-02-25,0.003581024417706021,1.0,0.0005,0.003081024417706021,0.003581024417706021,0.651209478461318,0.28133249528598486
2010-02-26,0.014417461666135303,1.0,0.0,0.014417461666135303,0.014417461666135303,0.66066627383665,0.2854179761156518
2010-03-01,0.003078278596107489,0.0,0.0005,-0.0005,0.003078278596107489,0.6603360232692537,0.2862979258328107
2010-03-02,0.001097092814373149,0.0,0.0,0.0,0.001097092814373149,0.6603360232692537,0.286612193588939
2010-03-03,0.0032840752011897975,1.0,0.0005,0.0027840752011897975,0.0032840752011897975,0.6621770099496359,0.2875549968573236
2010-03-04,0.014969365108160286,1.0,0.0,0.014969365108160286,0.014969365108160286,0.6721639419029746,0.2918918918918931
2010-03-05,0.0019361090268664007,0.0,0.0005,-0.0005,0.0019361090268664007,0.6718279439385142,0.29245757385292387
2010-03-08,0.005572239021567701,0.0,0.0,0.0,0.005572239021567701,0.6718279439385142,0.29409176618479066
2010-03-09,0.008088592418045508,1.0,0.0005,0.007588592418045508,0.008088592418045508,0.6769455655936591,0.2964802011313652
2010-03-10,0.00380872233591693,1.0,0.0,0.00380872233591693,0.00380872233591693,0.6795287795391088,0.2976115650534268
2010-03-11,0.00021117094366301746,1.0,0.0,0.00021117094366301746,0.00021117094366301746,0.6796722914249671,0.29767441860465244
2010-03-12,-0.0025369992465886742,1.0,0.0,-0.0025369992465886742,-0.0025369992465886742,0.6779501487946674,0.2969201759899447
2010-03-15,0.006330470602886335,1.0,0.0,0.006330470602886335,0.006330470602886335,0.6822555053704168,0.298805782526714
2010-03-16,0.0027308072846865057,0.0,0.0005,-0.0005,0.0027308072846865057,0.6819144628854579,0.2996228786926475
2010-03-17,0.0033507884754711828,0.0,0.0,0.0,0.0033507884754711828,0.6819144628854579,0.3006285355122577
2010-03-18,-0.0071338951311749645,0.0,0.0,-0.0,-0.0071338951311749645,0.6819144628854579,0.29849151477058583
2010-03-19,0.009013791246163328,1.0,0.0005,0.008513791246163327,0.009013791246163328,0.6877449247194639,0.30119421747328856
2010-03-22,0.006914686107031969,0.0,0.0005,-0.0005,0.006914686107031969,0.6874011382108935,0.30328409805154116
2010-03-23,-0.004830049121118694,0.0,0.0,-0.0,-0.004830049121118694,0.6874011382108935,0.301822752985545
2010-03-24,-0.0014587894636599842,0.0,0.0,-0.0,-0.0014587894636599842,0.6874011382108935,0.3013827781269655
2010-03-25,0.00104220957844359,1.0,0.0005,0.00054220957844359,0.00104220957844359,0.6877739547554815,0.3016970458830937
2010-03-26,0.00478022317298944,0.0,0.0005,-0.0005,0.00478022317298944,0.6874301537355213,0.3031426775612835
2010-03-29,0.0033119467243468204,0.0,0.0,0.0,0.0033119467243468204,0.6874301537355213,0.30414833438089384
2010-03-30,-0.0047643798046616975,0.0,0.0,-0.0,-0.0047643798046616975,0.6874301537355213,0.30270270270270394
2010-03-31,0.0,1.0,0.0005,-0.0005,0.0,0.687086524573103,0.30270270270270394
2010-04-01,0.00930047005679862,1.0,0.0,0.00930047005679862,0.00930047005679862,0.693506560620817,0.305531112507858
2010-04-05,0.0028759263864919947,1.0,0.0,0.0028759263864919947,0.0028759263864919947,0.6955039051689945,0.306411062225017
2010-04-06,-0.0024645730281616994,0.0,0.0005,-0.0005,-0.0024645730281616994,0.6951562401399103,0.3056568196103093
2010-04-07,0.002259423781365772,0.0,0.0,0.0,0.002259423781365772,0.6951562401399103,0.3063482086737914
2010-04-08,0.0059323074660816814,0.0,0.0,0.0,0.0059323074660816814,0.6951562401399103,0.3081709616593351
2010-04-09,0.000815494438670153,1.0,0.0005,0.000315494438670153,0.000815494438670153,0.6953755926681132,0.3084223758642377
2010-04-12,0.005081828194331544,0.0,0.0005,-0.0005,0.005081828194331544,0.695027991779243,0.3099937146448788
2010-04-13,0.011891705185374192,0.0,0.0,0.0,0.011891705185374192,0.695027991779243,0.3137020741671918
2010-04-14,0.00439824779389425,0.0,0.0,0.0,0.00439824779389425,0.695027991779243,0.315084852294156
2010-04-15,-0.012041084675265748,0.0,0.0,-0.0,-0.012041084675265748,0.695027991779243,0.31131363922061733
2010-04-16,-0.0006058770255017225,0.0,0.0,-0.0,-0.0006058770255017225,0.695027991779243,0.3111250785669404
2010-04-19,0.005037794029957081,1.0,0.0005,0.0045377940299570815,0.005037794029957081,0.6981890523476136,0.31269641734758147
2010-04-20,0.005612361895512001,0.0,0.0005,-0.0005,0.005612361895512001,0.6978400450805275,0.31445631678189956
2010-04-21,0.005581039003113418,0.0,0.0,0.0,0.005581039003113418,0.6978400450805275,0.3162162162162176
2010-04-22,0.004165432979063176,1.0,0.0005,0.003665432979063176,0.004165432979063176,0.7004026246085275,0.31753614079195613
2010-04-23,-0.0021797293877510223,0.0,0.0005,-0.0005,-0.0021797293877510223,0.7000525108319614,0.316844751728474
2010-04-26,-0.021454456993328683,0.0,0.0,-0.0,-0.021454456993328683,0.7000525108319614,0.3101194217473301
2010-04-27,0.0006078411695608068,1.0,0.0005,0.00010784116956080681,0.0006078411695608068,0.7001280093843365,0.310307982401007
2010-04-28,0.01726950549118177,1.0,0.0,0.01726950549118177,0.01726950549118177,0.7123238791042175,0.3157133878064124
2010-04-29,-0.01995692946492903,0.0,0.0005,-0.0005,-0.01995692946492903,0.7119678061903121,0.30947517284726717
2010-04-30,0.013966496215493666,1.0,0.0005,0.013466496215493666,0.013966496215493666,0.7216203651612959,0.31382778126964306
2010-05-03,-0.030502568097380122,0.0,0.0005,-0.0005,-0.030502568097380122,0.7212596451662291,0.30439974858579644
2010-05-04,-0.005175459228412417,0.0,0.0,-0.0,-0.005175459228412417,0.7212596451662291,0.30282840980515535
2010-05-05,-0.03398744019243945,0.0,0.0,-0.0,-0.03398744019243945,0.7212596451662291,0.2927089880578266
2010-05-06,-0.02522421188442615,0.0,0.0,-0.0,-0.02522421188442615,0.7212596451662291,0.28541797611565184
2010-05-07,0.05066548229201077,0.0,0.0,0.0,0.05066548229201077,0.7212596451662291,0.3002514142049039
2010-05-10,-0.0010472301721552472,1.0,0.0005,-0.0015472301721552472,-0.0010472301721552472,0.7201445533555705,0.2999371464487756
2010-05-11,0.018684371658261846,0.0,0.0005,-0.0005,0.018684371658261846,0.7197845710819607,0.3055939660590836
2010-05-12,-0.015963850989013977,0.0,0.0,-0.0,-0.015963850989013977,0.7197845710819607,0.30075424261470907
2010-05-13,-0.019413988092637068,0.0,0.0,-0.0,-0.019413988092637068,0.7197845710819607,0.2949717159019497
2010-05-14,0.003191152585749565,0.0,0.0,0.0,0.003191152585749565,0.7197845710819607,0.29591451917033434
2010-05-17,-0.013902480360245622,1.0,0.0005,-0.014402480360245622,-0.013902480360245622,0.7094921837993058,0.2918290383406674
2010-05-18,-0.008000907639291158,0.0,0.0005,-0.0005,-0.008000907639291158,0.70913752637915,0.2895034569453186
2010-05-19,-0.037832185636950684,0.0,0.0,-0.0,-0.037832185636950684,0.70913752637915,0.2787554996857334
2010-05-20,0.010987889448370694,1.0,0.0005,0.010487889448370693,0.010987889448370694,0.7166140201477593,0.2818353236957899
2010-05-21,-0.004022351791947462,0.0,0.0005,-0.0005,-0.004022351791947462,0.7162558026995104,0.28070395977372825
2010-05-24,0.0008952552075114304,1.0,0.0005,0.0003952552075114304,0.0008952552075114304,0.7165389624919425,0.28095537397863085
2010-05-25,-0.011248712535870653,0.0,0.0005,-0.0005,-0.011248712535870653,0.7161807825631408,0.2778126964173486
2010-05-26,0.037086519525428054,1.0,0.0005,0.03658651952542805,0.037086519525428054,0.7428685745620006,0.28830923947203124
2010-05-27,-0.0059035920887401,1.0,0.0,-0.0059035920887401,-0.0059035920887401,0.7384959014612433,0.28661219358893886
2010-05-28,-0.00925320548048327,0.0,0.0005,-0.0005,-0.00925320548048327,0.738126745807117,0.2839723444374618
2010-06-01,0.023406952918577043,0.0,0.0,0.0,0.023406952918577043,0.738126745807117,0.2906976744186057
2010-06-02,0.009468545024411315,0.0,0.0,0.0,0.009468545024411315,0.738126745807117,0.2934632306725341
2010-06-03,-0.03481407342062831,0.0,0.0,-0.0,-0.03481407342062831,0.738126745807117,0.2834223758642374
2010-06-04,-0.01840868881816753,0.0,0.0,-0.0,-0.01840868881816753,0.738126745807117,0.2782526712759281
2010-06-07,-0.0018087276014011706,0.0,0.0,-0.0,-0.0018087276014011706,0.738126745807117,0.277749842866123
2010-06-08,-0.008408184975328054,0.0,0.0,-0.0,-0.008408184975328054,0.738126745807117,0.2754242614707741
2010-06-09,0.028126502535236363,0.0,0.0,0.0,0.028126502535236363,0.738126745807117,0.2832809553739797
2010-06-10,0.009495489254347816,0.0,0.0,0.0,0.009495489254347816,0.738126745807117,0.28598365807668236
2010-06-11,-0.0002198043749919901,0.0,0.0,-0.0,-0.0002198043749919901,0.738126745807117,0.2859208045254567
2010-06-14,0.026465752932103803,0.0,0.0,0.0,0.026465752932103803,0.738126745807117,0.2935889377749853
2010-06-15,0.004059400938217089,1.0,0.0005,0.0035594009382170894,0.004059400938217089,0.7407587161787955,0.29478315524827253
2010-06-16,0.0031931905791549855,0.0,0.0005,-0.0005,0.0031931905791549855,0.7403884294001152,0.29572595851665723
2010-06-17,-0.0010632643213300003,0.0,0.0,-0.0,-0.0010632643213300003,0.7403884294001152,0.29541169076052903
2010-06-18,-0.008547060578458408,0.0,0.0,-0.0,-0.008547060578458408,0.7403884294001152,0.29289754871150325
2010-06-21,-0.007755316767478161,0.0,0.0,-0.0,-0.007755316767478161,0.7403884294001152,0.29063482086738
2010-06-22,-0.004117461662806255,1.0,0.0005,-0.004617461662806256,-0.004117461662806255,0.7369775949705675,0.2894406033940927
2010-06-23,-0.015317586140170137,0.0,0.0005,-0.0005,-0.015317586140170137,0.7366091982799298,0.28504085480829766
2010-06-24,-0.0017656151132783473,1.0,0.0005,-0.002265615113278347,-0.0017656151132783473,0.7349422144326798,0.2845380263984925
2010-06-25,-0.0035406100275627433,1.0,0.0,-0.0035406100275627433,-0.0035406100275627433,0.7323446718148483,0.28353236957888217
2010-06-28,-0.03933599357302979,1.0,0.0,-0.03933599357302979,-0.03933599357302979,0.7040963958459314,0.27259585166562
2010-06-29,-0.01533487299389966,1.0,0.0,-0.01533487299389966,-0.01533487299389966,0.6933815325473768,0.2684475172847275
2010-06-30,-0.0028136009182529904,1.0,0.0,-0.0028136009182529904,-0.0028136009182529904,0.6914333755840033,0.2676932746700198
2010-07-01,-0.0028215396099424204,0.0,0.0005,-0.0005,-0.0028215396099424204,0.6910877453109802,0.26693903205531205
2010-07-02,0.003056308950144952,1.0,0.0005,0.002556308950144952,0.003056308950144952,0.692856639055842,0.26775612822124545
2010-07-06,0.03142587626009576,1.0,0.0,0.03142587626009576,0.03142587626009576,0.7149760059364979,0.2763042111879331
2010-07-07,0.005444659548231764,1.0,0.0,0.005444659548231764,0.005444659548231764,0.7188794236213195,0.2778126964173485
2010-07-08,0.009457399920733979,0.0,0.0005,-0.0005,0.009457399920733979,0.718520073754462,0.2804525455688256
2010-07-09,0.0029092557164780088,0.0,0.0,0.0,0.0029092557164780088,0.718520073754462,0.281269641734759
2010-07-12,0.012877620231893436,1.0,0.0005,0.012377620231893436,0.012877620231893436,0.727468910758749,0.28491514770584636
2010-07-13,0.005061073626223494,0.0,0.0005,-0.0005,0.005061073626223494,0.7271052672218298,0.28636077938403615
2010-07-14,0.0008775779413589422,0.0,0.0,0.0,0.0008775779413589422,0.7271052672218298,0.28661219358893875
2010-07-15,-0.028020512332174907,0.0,0.0,-0.0,-0.028020512332174907,0.7271052672218298,0.2786926461345076
2010-07-16,0.008533624658678221,0.0,0.0,0.0,0.008533624658678221,0.7271052672218298,0.28108108108108204
2010-07-19,0.012002811358547482,0.0,0.0,0.0,0.012002811358547482,0.7271052672218298,0.28447517284726687
2010-07-20,-0.01379332213233576,1.0,0.0005,-0.014293322132335761,-0.01379332213233576,0.716786438263132,0.2805782526712769
2010-07-21,0.024998536592495214,0.0,0.0005,-0.0005,0.024998536592495214,0.7164281346273741,0.2876807039597747
2010-07-22,0.006316039726988472,1.0,0.0005,0.0058160397269884714,0.006316039726988472,0.7206070497081928,0.2895034569453184
2010-07-23,0.00821626243715152,0.0,0.0005,-0.0005,0.00821626243715152,0.7202468362442092,0.2918918918918929
2010-07-26,-0.0004307559833996323,1.0,0.0005,-0.0009307559833996322,-0.0004307559833996323,0.7195767740724113,0.29176618478944166
2010-07-27,-0.008002638144975248,1.0,0.0,-0.008002638144975248,-0.008002638144975248,0.7138412418361597,0.28944060339409283
2010-07-28,-0.007410670357662767,1.0,0.0,-0.007410670357662767,-0.007410670357662767,0.708570752754199,0.2873035826524209
2010-07-29,0.00218531555499777,0.0,0.0005,-0.0005,0.00218531555499777,0.7082165559344059,0.28793211816467734
2010-07-30,0.01859915206307355,1.0,0.0005,0.01809915206307355,0.01859915206307355,0.721151376620734,0.2933375235700828
2010-08-02,-0.004294616864837333,1.0,0.0,-0.004294616864837333,-0.004294616864837333,0.718060948608646,0.2920804525455699
2010-08-03,0.010020638834111788,1.0,0.0,0.010020638834111788,0.010020638834111788,0.7252925501569321,0.2950219987429301
2010-08-04,-0.0023035587355482827,0.0,0.0005,-0.0005,-0.0023035587355482827,0.724929994528314,0.29434318038969315
2010-08-05,-0.0014958865915826911,1.0,0.0005,-0.0019958865915826914,-0.0014958865915826911,0.723484559414512,0.29390320553111365
2010-08-06,0.006820145788208327,1.0,0.0,0.006820145788208327,0.006820145788208327,0.7284356941239355,0.29591451917033423
2010-08-09,-0.008693156262730314,1.0,0.0,-0.008693156262730314,-0.008693156262730314,0.722130733517404,0.29335323695788923
2010-08-10,-0.027643021082043306,1.0,0.0,-0.027643021082043306,-0.027643021082043306,0.7024422368994621,0.28535512256442597
2010-08-11,-0.00796112121586733,0.0,0.0005,-0.0005,-0.00796112121586733,0.7020911035716595,0.2830923947203028
2010-08-12,-0.007130154984591191,0.0,0.0,-0.0,-0.007130154984591191,0.7020911035716595,0.2810810810810822
2010-08-13,0.0017873105740956587,1.0,0.0005,0.0012873105740956587,0.0017873105740956587,0.702995494864609,0.28158390949088735
2010-08-16,0.012687035275856602,1.0,0.0,0.012687035275856602,0.012687035275856602,0.7119712409151124,0.2851791326209942
2010-08-17,0.003915449009171195,1.0,0.0,0.003915449009171195,0.003915449009171195,0.7147643926581013,0.28629792583281066
2010-08-18,-0.015264094613904985,1.0,0.0,-0.015264094613904985,-0.015264094613904985,0.7039370066880885,0.28196103079824125
2010-08-19,0.00133660077818013,0.0,0.0005,-0.0005,0.00133660077818013,0.7035851261622067,0.2823381521055951
2010-08-20,-0.009843479927915559,1.0,0.0005,-0.01034347992791556,-0.009843479927915559,0.6963451155336264,0.27957259585166677
2010-08-23,-0.018836367656715692,1.0,0.0,-0.018836367656715692,-0.018836367656715692,0.683351265580998,0.2743557510999383
2010-08-24,0.009575996568284383,1.0,0.0,0.009575996568284383,0.009575996568284383,0.6899264667618461,0.2769956002514154
2010-08-25,-0.01209922304749428,0.0,0.0005,-0.0005,-0.01209922304749428,0.6895815897549019,0.2736643620364562
2010-08-26,0.01209922304749433,0.0,0.0,0.0,0.01209922304749433,0.6895815897549019,0.2769956002514154
2010-08-27,-0.010492796999220516,0.0,0.0,-0.0,-0.010492796999220516,0.6895815897549019,0.2741043368950357
2010-08-30,-0.0034455070263914437,1.0,0.0005,-0.003945507026391444,-0.0034455070263914437,0.6868662010623795,0.2731615336266511
2010-08-31,0.029473908615440733,1.0,0.0,0.029473908615440733,0.029473908615440733,0.7074121297641992,0.2813324952859848
2010-09-01,0.011108756761666803,0.0,0.0005,-0.0005,0.011108756761666803,0.7070585121110975,0.28447517284726703
2010-09-02,0.016435123961985886,1.0,0.0005,0.015935123961985886,0.016435123961985886,0.7184158269322378,0.2891891891891904
2010-09-03,-0.006760466267218144,1.0,0.0,-0.006760466267218144,-0.006760466267218144,0.7135753812389323,0.28724072910119547
2010-09-07,0.011963166058275224,1.0,0.0,0.011963166058275224,0.011963166058275224,0.7221632687593132,0.29069767441860594
2010-09-08,0.003884338073396233,1.0,0.0,0.003884338073396233,0.003884338073396233,0.7249738501296199,0.29182903834066753
2010-09-09,0.0036547390997699685,1.0,0.0,0.0036547390997699685,0.0036547390997699685,0.727628288090465,0.29289754871150353
2010-09-10,0.013852112808151464,0.0,0.0005,-0.0005,0.013852112808151464,0.7272645648847987,0.2969830295411704
2010-09-13,0.004223871116185243,0.0,0.0,0.0,0.004223871116185243,0.7272645648847987,0.2982401005656833
2010-09-14,0.006302541870802305,0.0,0.0,0.0,0.006302541870802305,0.7272645648847987,0.3001257071024526
2010-09-15,0.00397116207949899,0.0,0.0,0.0,0.00397116207949899,0.7272645648847987,0.3013199245757398
2010-09-16,0.0011466098092620127,1.0,0.0005,0.0006466098092620127,0.0011466098092620127,0.7277349733553576,0.3016656191074809
2010-09-17,0.017245991334611983,1.0,0.0,0.017245991334611983,0.017245991334611983,0.7403943322313737,0.30691326209930997
2010-09-20,-0.0002027651852981281,1.0,0.0,-0.0002027651852981281,-0.0002027651852981281,0.7402442212565593,0.30685103708359657
2010-09-21,-0.0026663947702045346,0.0,0.0005,-0.0005,-0.0026663947702045346,0.7398741916610388,0.30603394091766317
2010-09-22,-0.00041084634924655683,0.0,0.0,-0.0,-0.00041084634924655683,0.7398741916610388,0.3059082338152119
2010-09-23,0.020136956234657548,0.0,0.0,0.0,0.020136956234657548,0.7398741916610388,0.31213073538655073
2010-09-24,-0.005451805527487055,0.0,0.0,-0.0,-0.005451805527487055,0.7398741916610388,0.31043368950345834
2010-09-27,-0.0004050222817619628,0.0,0.0,-0.0,-0.0004050222817619628,0.7398741916610388,0.31030798240100704
2010-09-28,-0.001621731553485098,0.0,0.0,-0.0,-0.001621731553485098,0.7398741916610388,0.30980515399120195
2010-09-29,-0.004473370615474368,0.0,0.0,-0.0,-0.004473370615474368,0.7398741916610388,0.30842237586423776
2010-09-30,-0.0012234911803559686,1.0,0.0005,-0.0017234911803559686,-0.0012234911803559686,0.738600123255345,0.3080452545568839
2010-10-01,-0.010873017160397179,1.0,0.0,-0.010873017160397179,-0.010873017160397179,0.7306128132099392,0.30471401634192474
2010-10-04,0.024048438318961595,0.0,0.0005,-0.0005,0.024048438318961595,0.7302475981147167,0.3121307353865508
2010-10-05,-0.00869658630991135,1.0,0.0005,-0.00919658630991135,-0.00869658630991135,0.7235625997497422,0.3094280326838481
2010-10-06,0.003649639087549331,1.0,0.0,0.003649639087549331,0.003649639087549331,0.726208166842063,0.31055939660590964
2010-10-07,0.006857630746943178,1.0,0.0,0.006857630746943178,0.006857630746943178,0.7312053491275579,0.31269641734758163
2010-10-08,0.00040192926586109245,0.0,0.0005,-0.0005,0.00040192926586109245,0.7308398378384312,0.3128221244500329
2010-10-11,0.006808196101170425,0.0,0.0,0.0,0.006808196101170425,0.7308398378384312,0.31495914519170476
2010-10-12,0.008148708510657077,0.0,0.0,0.0,0.008148708510657077,0.7308398378384312,0.3175361407919562
2010-10-13,-0.0019813757225166373,0.0,0.0,-0.0,-0.0019813757225166373,0.7308398378384312,0.31690760527969974
2010-10-14,0.020999692298276126,0.0,0.0,0.0,0.020999692298276126,0.7308398378384312,0.32363293526084363
2010-10-15,-0.003696861881326203,1.0,0.0005,-0.004196861881326203,-0.003696861881326203,0.7277790313653222,0.32243871778755634
2010-10-18,-0.009400774284705779,0.0,0.0005,-0.0005,-0.009400774284705779,0.7274152328068583,0.3194217473287254
2010-10-19,0.007254222577473827,1.0,0.0005,0.006754222577473826,0.007254222577473827,0.7323449867822106,0.3217473287240743
2010-10-20,0.00195160093168514,0.0,0.0005,-0.0005,0.00195160093168514,0.7319789058166876,0.3223758642363307
2010-10-21,0.006800764577264794,0.0,0.0,0.0,0.006800764577264794,0.7319789058166876,0.3245757385292283
2010-10-22,0.004829527401206434,0.0,0.0,0.0,0.004829527401206434,0.7319789058166876,0.3261470773098694
2010-10-25,0.0026943819225639615,0.0,0.0,0.0,0.0026943819225639615,0.7319789058166876,0.32702702702702846
2010-10-26,0.0030704303531096967,0.0,0.0,0.0,0.0030704303531096967,0.7319789058166876,0.32803268384663875
2010-10-27,0.0021054654155554303,0.0,0.0,0.0,0.0021054654155554303,0.7319789058166876,0.3287240729101209
2010-10-28,-0.0022970913622948454,0.0,0.0,-0.0,-0.0022970913622948454,0.7319789058166876,0.32796983029541316
2010-10-29,0.0007662835624003871,0.0,0.0,0.0,0.0007662835624003871,0.7319789058166876,0.32822124450031576
2010-11-01,0.010666767804195228,0.0,0.0,0.0,0.010666767804195228,0.7319789058166876,0.3317410433689518
2010-11-02,0.004536869785701584,0.0,0.0,0.0,0.004536869785701584,0.7319789058166876,0.3332495285983673
2010-11-03,0.012184985327858078,0.0,0.0,0.0,0.012184985327858078,0.7319789058166876,0.3373350094280343
2010-11-04,0.0,0.0,0.0,0.0,0.0,0.7319789058166876,0.3373350094280343
2010-11-05,0.0012568956336623121,0.0,0.0,0.0,0.0012568956336623121,0.7319789058166876,0.3377592708988073
2010-11-08,-0.005364444351345587,0.0,0.0,-0.0,-0.005364444351345587,0.7319789058166876,0.33595223130107005
2010-11-09,0.004945654647451515,0.0,0.0,0.0,0.004945654647451515,0.7319789058166876,0.3376178504085497
2010-11-10,-0.006162484488240092,0.0,0.0,-0.0,-0.006162484488240092,0.7319789058166876,0.33554368321810335
2010-11-11,-0.01652617998049776,1.0,0.0005,-0.017026179980497762,-0.01652617998049776,0.7196215986136169,0.3300439974858595
2010-11-12,-0.00372049081675726,1.0,0.0,-0.00372049081675726,-0.00372049081675726,0.7169492274132806,0.32881835323695946
2010-11-15,-0.016672674552951877,0.0,0.0005,-0.0005,-0.016672674552951877,0.7165908424032928,0.3233815210559412
2010-11-16,0.002911210207458313,0.0,0.0,0.0,0.002911210207458313,0.7165908424032928,0.3243243243243258
2010-11-17,0.01595727409692435,0.0,0.0,0.0,0.01595727409692435,0.7165908424032928,0.3295411690760543
2010-11-18,0.0007626311141789866,0.0,0.0,0.0,0.0007626311141789866,0.7165908424032928,0.3297925832809569
2010-11-19,0.008350779217419889,1.0,0.0005,0.007850779217419888,0.008350779217419889,0.7222387802436694,0.33255813953488517
2010-11-22,-0.016003389741232606,0.0,0.0005,-0.0005,-0.016003389741232606,0.7218777511183503,0.32727844123193106
2010-11-23,0.0199645379933706,1.0,0.0005,0.019464537993370598,0.0199645379933706,0.7360664078895055,0.3338780641106237
2010-11-24,-0.006610657750601806,0.0,0.0005,-0.0005,-0.006610657750601806,0.7356984666785289,0.3316781898177262
2010-11-26,-0.0007582938751982167,0.0,0.0,-0.0,-0.0007582938751982167,0.7356984666785289,0.3314267756128236
2010-11-29,-0.01230755410596621,0.0,0.0,-0.0,-0.01230755410596621,0.7356984666785289,0.3273727215587695
2010-11-30,0.020993409317813967,1.0,0.0005,0.020493409317813967,0.020993409317813967,0.7509309865137692,0.33431803896920315
2010-12-01,0.01010109598650392,1.0,0.0,0.01010109598650392,0.01010109598650392,0.7585546513514725,0.33771213073538797
2010-12-02,0.00260223195171228,1.0,0.0,0.00260223195171228,0.00260223195171228,0.7605311570501363,0.338592080452547
2010-12-03,-0.0004641879115981031,1.0,0.0,-0.0004641879115981031,-0.0004641879115981031,0.7601782096039463,0.3384349465744829
2010-12-06,0.0006498027613189569,1.0,0.0,0.0006498027613189569,0.0006498027613189569,0.7606723360286123,0.33865493400377267
2010-12-07,0.003705080192545424,1.0,0.0,0.003705080192545424,0.003705080192545424,0.763495915598132,0.3399120050282855
2010-12-08,0.0010164950281529748,0.0,0.0005,-0.0005,0.0010164950281529748,0.7631142630614182,0.3402576995600266
2010-12-09,0.006628027578413331,1.0,0.0005,0.0061280275784133306,0.006628027578413331,0.7678050061332211,0.3425204274041498
2010-12-10,-0.0035847274013851562,1.0,0.0,-0.0035847274013851562,-0.0035847274013851562,0.7650575618503332,0.34129478315524975
2010-12-13,0.0017480109331562388,1.0,0.0,0.0017480109331562388,0.0017480109331562388,0.7663960603471248,0.3418918918918934
2010-12-14,-0.0043296092690265735,1.0,0.0,-0.0043296092690265735,-0.0043296092690265735,0.7630850377497982,0.34041483343809065
2010-12-15,0.007724886676172792,1.0,0.0,0.007724886676172792,0.007724886676172792,0.7690026100514029,0.3430546825895677
2010-12-16,-0.0010999084518605064,0.0,0.0005,-0.0005,-0.0010999084518605064,0.7686182048556846,0.3426775612822138
2010-12-17,0.0007334067068747537,0.0,0.0,0.0,0.0007334067068747537,0.7686182048556846,0.34292897548711637
2010-12-20,0.006030169026591231,1.0,0.0005,0.005530169026591231,0.006030169026591231,0.7728805683779157,0.34500314267756266
2010-12-21,-9.109542251809277e-05,1.0,0.0,-9.109542251809277e-05,-9.109542251809277e-05,0.7728101657027128,0.34497171590194975
2010-12-22,-0.0026088478405111907,0.0,0.0005,-0.0005,-0.0026088478405111907,0.7724238572050339,0.34407291011942304
2010-12-23,0.0005113594968614301,0.0,0.0,0.0,0.0005113594968614301,0.7724238572050339,0.3442489000628549
2010-12-27,-0.0018274858887221167,1.0,0.0005,-0.0023274858887221165,-0.0018274858887221167,0.7706281421386596,0.3436203645505984
2010-12-28,0.0021925826434164098,0.0,0.0005,-0.0005,0.0021925826434164098,0.7702429243800553,0.3443746071653061
2010-12-29,-0.0023755150504024226,0.0,0.0,-0.0,-0.0023755150504024226,0.7702429243800553,0.34355751099937276
2010-12-30,-0.0036656932543083507,0.0,0.0,-0.0,-0.0036656932543083507,0.7702429243800553,0.34230043997485987
2010-12-31,0.015487236760973067,0.0,0.0,0.0,0.015487236760973067,0.7702429243800553,0.3476429918290396
2011-01-03,-0.0008139272436679316,0.0,0.0,-0.0,-0.0008139272436679316,0.7702429243800553,0.3473601508485242
2011-01-04,0.008558225290883428,0.0,0.0,0.0,0.008558225290883428,0.7702429243800553,0.3503456945317423
2011-01-05,0.0032240758717526847,0.0,0.0,0.0,0.0032240758717526847,0.7702429243800553,0.3514770584538039
2011-01-06,-0.0008945344544974391,0.0,0.0,-0.0,-0.0008945344544974391,0.7702429243800553,0.35116279069767564
2011-01-07,0.003751679255277253,1.0,0.0005,0.003251679255277253,0.003751679255277253,0.7727515837862359,0.3524827152734142
2011-01-10,0.0014255169912209468,1.0,0.0,0.0014255169912209468,0.0014255169912209468,0.7738539398258738,0.3529855436832193
2011-01-11,0.007008856265788718,1.0,0.0,0.007008856265788718,0.007008856265788718,0.7792968227715864,0.35546825895663225
2011-01-12,0.00035357553625673505,0.0,0.0005,-0.0005,0.00035357553625673505,0.7789072717560701,0.35559396605908355
2011-01-13,0.007484076314949088,0.0,0.0,0.0,0.007484076314949088,0.7789072717560701,0.35826524198617343
2011-01-14,0.0028030852271163373,0.0,0.0,0.0,0.0028030852271163373,0.7789072717560701,0.35927089880578367
2011-01-18,-0.01143673941991462,0.0,0.0,-0.0,-0.01143673941991462,0.7789072717560701,0.3551854179761168
2011-01-19,-0.007103563878871271,1.0,0.0005,-0.007603563878871272,-0.007103563878871271,0.7730072595447613,0.3526712759270911
2011-01-20,-0.00769303373671638,1.0,0.0,-0.00769303373671638,-0.00769303373671638,0.7670833044279507,0.34996857322438835
2011-01-21,0.013734274569506925,0.0,0.0005,-0.0005,0.013734274569506925,0.7666998586451709,0.35480829666876296
2011-01-24,0.0014604034193409765,0.0,0.0,0.0,0.0014604034193409765,0.7666998586451709,0.35532683846637453
2011-01-25,0.005248661294018007,0.0,0.0,0.0,0.005248661294018007,0.7666998586451709,0.3571967316153374
2011-01-26,0.006139831585135731,0.0,0.0,0.0,0.006139831585135731,0.7666998586451709,0.359396605908235
2011-01-27,-0.025685585312720853,0.0,0.0,-0.0,-0.025685585312720853,0.7666998586451709,0.3502828409805165
2011-01-28,0.004833089153704296,0.0,0.0,0.0,0.004833089153704296,0.7666998586451709,0.3519798868636089
2011-01-31,0.018576385572935457,1.0,0.0005,0.018076385572935456,0.018576385572935457,0.7806850408724352,0.3585795097423016
2011-02-01,-0.0016665939562092655,1.0,0.0,-0.0016665939562092655,-0.0016665939562092655,0.7793850394897379,0.35798240100565804
2011-02-02,0.0017980489440199473,1.0,0.0,0.0017980489440199473,0.0017980489440199473,0.7807876725605429,0.35862664990572085
2011-02-03,0.005549137084814097,1.0,0.0,0.005549137084814097,0.005549137084814097,0.7851324140237682,0.36062225015713517
2011-02-04,0.004781578334358716,1.0,0.0,0.004781578334358716,0.004781578334358716,0.7888955759210499,0.36235072281584035
2011-02-07,0.006483705445432759,1.0,0.0,0.006483705445432759,0.006483705445432759,0.7940271603264341,0.36470773098680204
2011-02-08,-0.001638567051967928,1.0,0.0,-0.001638567051967928,-0.001638567051967928,0.7927271589437367,0.3641106222501585
2011-02-09,0.001569628872253232,0.0,0.0005,-0.0005,0.001569628872253232,0.7923308944386467,0.36468258956631183
2011-02-10,0.007195572901712592,0.0,0.0,0.0,0.007195572901712592,0.7923308944386467,0.3673161533626663
2011-02-11,0.002392754517088768,1.0,0.0005,0.001892754517088768,0.002392754517088768,0.7938320024844958,0.36819610307982537
2011-02-14,-0.001366587161776527,1.0,0.0,-0.001366587161776527,-0.001366587161776527,0.792747902788375,0.3676932746700202
2011-02-15,0.006491703734240752,1.0,0.0,0.006491703734240752,0.006491703734240752,0.7979109275911506,0.3700879949717173
2011-02-16,-0.000356715166724954,0.0,0.0005,-0.0005,-0.000356715166724954,0.7975120718495998,0.3699560025141434
2011-02-17,-0.0022110732708986586,1.0,0.0005,-0.0027110732708986586,-0.0022110732708986586,0.7953528863659015,0.36913890634821
2011-02-18,-0.02937322436598051,0.0,0.0005,-0.0005,-0.02937322436598051,0.7949553093252616,0.35845380263985055
2011-02-22,-0.008275423580130097,1.0,0.0005,-0.008775423580130098,-0.008275423580130097,0.7880097594018326,0.3554996857322453
2011-02-23,0.0052021454883687,0.0,0.0005,-0.0005,0.0052021454883687,0.7876158530069368,0.3573538654934017
2011-02-24,0.013886079638381803,0.0,0.0,0.0,0.013886079638381803,0.7876158530069368,0.36235072281584035
2011-02-25,0.0020603218720702857,1.0,0.0005,0.0015603218720702857,0.0020603218720702857,0.7888457465145176,0.3630980515399133
2011-02-28,-0.01621026535823836,1.0,0.0,-0.01621026535823836,-0.01621026535823836,0.7761614334336498,0.3572595851665632
2011-03-01,0.005264093573727142,0.0,0.0005,-0.0005,0.005264093573727142,0.7757734497209442,0.35914519170333253
2011-03-02,0.019497173222599532,1.0,0.0005,0.01899717322259953,0.019497173222599532,0.7906518284403267,0.36621621621621747
2011-03-03,-0.005119061358227937,0.0,0.0005,-0.0005,-0.005119061358227937,0.7902566013411152,0.36434632306725456
2011-03-04,-0.013503450739773945,0.0,0.0,-0.0,-0.013503450739773945,0.7902566013411152,0.3594594594594607
2011-03-07,0.004013616765693084,1.0,0.0005,0.003513616765693084,0.004013616765693084,0.7930381439605501,0.36090509113765046
2011-03-08,-0.006815229524470428,1.0,0.0,-0.006815229524470428,-0.006815229524470428,0.7876517824811942,0.3584538026398504
2011-03-09,-0.015728874234711056,1.0,0.0,-0.015728874234711056,-0.015728874234711056,0.7753598293616385,0.352859836580768
2011-03-10,0.006215060403434413,0.0,0.0005,-0.0005,0.006215060403434413,0.774972246350785,0.3550597108736656
2011-03-11,-0.00354673186123559,0.0,0.0,-0.0,-0.00354673186123559,0.774972246350785,0.35380263984915267
2011-03-14,-0.014314075138125267,1.0,0.0005,-0.014814075138125268,-0.014314075138125267,0.7635763673749426,0.3487743557511011
2011-03-15,-0.024444850890810305,0.0,0.0005,-0.0005,-0.024444850890810305,0.7631946746223952,0.3403519798868647
2011-03-16,0.009191241175547862,0.0,0.0,0.0,0.009191241175547862,0.7631946746223952,0.34349465744814695
2011-03-17,-0.0036663652435779564,0.0,0.0,-0.0,-0.0036663652435779564,0.7631946746223952,0.3422375864236341
2011-03-18,0.019100171373419215,0.0,0.0,0.0,0.019100171373419215,0.7631946746223952,0.3488372093023267
2011-03-21,-0.0018936837797525912,0.0,0.0,-0.0,-0.0018936837797525912,0.7631946746223952,0.34817724701445746
2011-03-22,0.0056703270600879496,0.0,0.0,0.0,0.0056703270600879496,0.7631946746223952,0.35015713387806524
2011-03-23,0.017614546700982305,0.0,0.0,0.0,0.017614546700982305,0.7631946746223952,0.3563796354494041
2011-03-24,0.0024660924951934683,1.0,0.0005,0.0019660924951934683,0.0024660924951934683,0.7646966619837513,0.35725958516656303
2011-03-25,-0.005468832541700539,1.0,0.0,-0.005468832541700539,-0.005468832541700539,0.7605260785000256,0.35531112507856805
2011-03-28,0.00968232192143617,0.0,0.0005,-0.0005,0.00968232192143617,0.7601459105106931,0.35876807039597847
2011-03-29,0.0047190509667440214,1.0,0.0005,0.004219050966744022,0.0047190509667440214,0.7633597798211676,0.3604651162790709
2011-03-30,0.001393971300825476,1.0,0.0,0.001393971300825476,0.001393971300825476,0.7644246234547456,0.36096794468887605
2011-03-31,0.0005222386749384131,1.0,0.0,0.0005222386749384131,0.0005222386749384131,0.7648239398173373,0.361156505342553
2011-04-01,-0.003312127145377527,0.0,0.0005,-0.0005,-0.003312127145377527,0.7644416234344893,0.35996228786926576
2011-04-04,-0.002622608374437106,1.0,0.0005,-0.003122608374437106,-0.002622608374437106,0.762058294657174,0.35901948460088107
2011-04-05,0.0024479816386400372,1.0,0.0,0.0024479816386400372,0.0024479816386400372,0.7639260845950592,0.35989943431804006
2011-04-06,-0.0006988120480047944,1.0,0.0,-0.0006988120480047944,-0.0006988120480047944,0.7633924303270919,0.3596480201131375
2011-04-07,-0.004729797728772991,1.0,0.0,-0.004729797728772991,-0.004729797728772991,0.7597902640183134,0.3579509742300451
2011-04-08,-0.003341837601349376,1.0,0.0,-0.003341837601349376,-0.003341837601349376,0.757255406245469,0.35675675675675783
2011-04-11,-0.006894750198358294,1.0,0.0,-0.006894750198358294,-0.006894750198358294,0.7520522771327888,0.35430546825895765
2011-04-12,0.00847911810306138,0.0,0.0005,-0.0005,0.00847911810306138,0.7516763449850912,0.3573224387177886
2011-04-13,-0.0017605638350330145,0.0,0.0,-0.0,-0.0017605638350330145,0.7516763449850912,0.3566939032055321
2011-04-14,-0.0017636688874968153,1.0,0.0005,-0.0022636688874968156,-0.0017636688874968153,0.7499767230458997,0.3560653676932756
2011-04-15,-0.007085946389485835,0.0,0.0005,-0.0005,-0.007085946389485835,0.7496018284158446,0.35355122564424984
2011-04-18,0.006202944124607865,1.0,0.0005,0.005702944124607865,0.006202944124607865,0.7538889788291872,0.35575109993714743
2011-04-19,0.022276527197260833,1.0,0.0,0.022276527197260833,0.022276527197260833,0.7708714602427421,0.3637649277184171
2011-04-20,0.008002452033177284,1.0,0.0,0.008002452033177284,0.008002452033177284,0.7770650711112151,0.36668761785040954
2011-04-21,0.0025678350153590713,1.0,0.0,0.0025678350153590713,0.0025678350153590713,0.7790630101010452,0.36763042111879424
2011-04-25,0.00562613367091452,1.0,0.0,0.00562613367091452,0.00562613367091452,0.7834584758786711,0.36970458830924047
2011-04-26,0.006777389547596231,0.0,0.0005,-0.0005,0.006777389547596231,0.7830668445567213,0.3722187303582662
2011-04-27,-0.0015209128407066201,0.0,0.0,-0.0,-0.0015209128407066201,0.7830668445567213,0.37165304839723545
2011-04-28,-0.0008459521695595306,0.0,0.0,-0.0,-0.0008459521695595306,0.7830668445567213,0.3713387806411072
2011-04-29,-0.0018636176507662375,0.0,0.0,-0.0,-0.0018636176507662375,0.7830668445567213,0.3706473915776251
2011-05-02,-0.004759485442169691,0.0,0.0,-0.0,-0.004759485442169691,0.7830668445567213,0.36888749214330707
2011-05-03,-0.0015346579872761732,0.0,0.0,-0.0,-0.0015346579872761732,0.7830668445567213,0.3683218101822763
2011-05-04,-0.005475715255962907,0.0,0.0,-0.0,-0.005475715255962907,0.7830668445567213,0.36631049654305564
2011-05-05,0.00325482086057509,1.0,0.0005,0.00275482086057509,0.00325482086057509,0.7852270275277441,0.36750471401634294
2011-05-06,0.003755552382664068,0.0,0.0005,-0.0005,0.003755552382664068,0.7848345121510018,0.3688874921433071
2011-05-09,0.008483254132390577,1.0,0.0005,0.007983254132390576,0.008483254132390577,0.7911251218718242,0.3720301697045894
2011-05-10,-0.007376352916729218,0.0,0.0005,-0.0005,-0.007376352916729218,0.7907296581850487,0.3692960402262739
2011-05-11,0.006023859050373792,1.0,0.0005,0.005523859050373793,0.006023859050373792,0.7951096233818519,0.3715273412947843
2011-05-12,-0.011913006784060157,1.0,0.0,-0.011913006784060157,-0.011913006784060157,0.7856936745344943,0.36712759270898915
2011-05-13,-0.017460226481242496,1.0,0.0,-0.017460226481242496,-0.017460226481242496,0.7720943541278111,0.3607730986800765
2011-05-16,0.0028010004481917685,0.0,0.0005,-0.0005,0.0028010004481917685,0.7717084034464582,0.36178504085480945
2011-05-17,0.00830454599682003,0.0,0.0,0.0,0.00830454599682003,0.7717084034464582,0.3648020113136404
2011-05-18,0.002924733267657031,1.0,0.0005,0.002424733267657031,0.002924733267657031,0.7735818608846236,0.3658705216844763
2011-05-19,-0.007674105348662262,0.0,0.0005,-0.0005,-0.007674105348662262,0.7731951666357996,0.36307353865493514
2011-05-20,-0.014736282713330223,1.0,0.0005,-0.015236282713330223,-0.014736282713330223,0.7615038388441808,0.35776241357636823
2011-05-23,-0.006167963866587359,1.0,0.0,-0.006167963866587359,-0.006167963866587359,0.7568213661879006,0.35556253928347065
2011-05-24,0.003881444534276901,1.0,0.0,0.003881444534276901,0.003881444534276901,0.7597646347147053,0.35694531741043484
2011-05-25,0.006170393881291713,1.0,0.0,0.006170393881291713,0.006170393881291713,0.7644671751109409,0.35915461973601626
2011-05-26,0.005036167105572143,0.0,0.0005,-0.0005,0.005036167105572143,0.764085037065858,0.36096794468887605
2011-05-27,0.016063908778379717,1.0,0.0005,0.015563908778379716,0.016063908778379717,0.7760702130394105,0.366813324952861
2011-05-31,-0.022001753678417054,0.0,0.0005,-0.0005,-0.022001753678417054,0.7756822749255013,0.35883092394720423
2011-06-01,0.0020997383042694736,0.0,0.0,0.0,0.0020997383042694736,0.7756822749255013,0.359585166561912
2011-06-02,-0.015146467794652096,1.0,0.0005,-0.015646467794652095,-0.015146467794652096,0.7636400420688252,0.35417976115650657
2011-06-03,-0.008196767204178515,1.0,0.0,-0.008196767204178515,-0.008196767204178515,0.7574062458070389,0.35128849780012694
2011-06-06,-0.0017908314241698484,1.0,0.0,-0.0017908314241698484,-0.0017908314241698484,0.7560510727066505,0.35065996228787044
2011-06-07,-0.007195569812424407,1.0,0.0,-0.007195569812424407,-0.007195569812424407,0.7506303803050972,0.34814582023884466
2011-06-08,0.001713641907514436,0.0,0.0005,-0.0005,0.001713641907514436,0.750255158928106,0.34874292897548825
2011-06-09,-0.015346498689992327,1.0,0.0005,-0.015846498689992328,-0.015346498689992327,0.7384599447828891,0.34343180389692135
2011-06-10,0.0,0.0,0.0005,-0.0005,0.0,0.7380908071026081,0.34343180389692135
2011-06-13,0.012729759096245382,1.0,0.0005,0.012229759096245381,0.012729759096245382,0.7471729025863492,0.3478315524827165
2011-06-14,-0.019155926441420248,1.0,0.0,-0.019155926441420248,-0.019155926441420248,0.7329963296243747,0.34123192960402376
2011-06-15,-0.003875616182651061,0.0,0.0005,-0.0005,-0.003875616182651061,0.7326299230688348,0.3399120050282853
2011-06-16,-0.005376855449557456,1.0,0.0005,-0.005876855449557456,-0.005376855449557456,0.7283369897428112,0.3380892520427416
2011-06-17,0.005191927108762398,1.0,0.0,0.005191927108762398,0.005191927108762398,0.73212829588016,0.3398491514770597
2011-06-20,0.02122678051918266,1.0,0.0,0.02122678051918266,0.02122678051918266,0.7478351355920332,0.34714016341923437
2011-06-21,-0.0072505564726812605,0.0,0.0005,-0.0005,-0.0072505564726812605,0.7474613114880512,0.34463230672533124
2011-06-22,0.00924024691836506,1.0,0.0005,0.00874024691836506,0.00924024691836506,0.754022941273401,0.3478315524827165
2011-06-23,-0.017499535154455185,0.0,0.0005,-0.0005,-0.017499535154455185,0.7536460240399251,0.34179761156505467
2011-06-24,0.015781399360813644,1.0,0.0005,0.015281399360813644,0.015781399360813644,0.7652512360116982,0.3472344437460729
2011-06-27,0.014823071570442803,0.0,0.0005,-0.0005,0.014823071570442803,0.7648687060341561,0.3524198617221885
2011-06-28,0.004093625010063423,0.0,0.0,0.0,0.004093625010063423,0.7648687060341561,0.35386549340037826
2011-06-29,0.013233541162439905,0.0,0.0,0.0,0.013233541162439905,0.7648687060341561,0.3585795097423015
2011-06-30,0.014962004929613762,0.0,0.0,0.0,0.014962004929613762,0.7648687060341561,0.363984915147707
2011-07-01,0.004995273499693773,0.0,0.0,0.0,0.004995273499693773,0.7648687060341561,0.3658076681332507
2011-07-05,0.0032592875580540895,0.0,0.0,0.0,0.0032592875580540895,0.7648687060341561,0.36700188560653796
2011-07-06,0.01360796640718747,1.0,0.0005,0.01310796640718747,0.01360796640718747,0.7749605767928738,0.3720301697045895
2011-07-07,-0.0027068194500356408,0.0,0.0005,-0.0005,-0.0027068194500356408,0.7745731933584065,0.37102451288497923
2011-07-08,-0.018292671800116383,1.0,0.0005,-0.018792671800116383,-0.018292671800116383,0.7601528166484384,0.3642991829038353
2011-07-11,-0.007620404039690383,0.0,0.0005,-0.0005,-0.007620404039690383,0.7597728352433817,0.3615336266499069
2011-07-12,0.004163781171779514,0.0,0.0,0.0,0.004163781171779514,0.7597728352433817,0.36304211187932245
2011-07-13,-0.011667524608402877,0.0,0.0,-0.0,-0.011667524608402877,0.7597728352433817,0.3588309239472043
2011-07-14,0.013224483663517786,0.0,0.0,0.0,0.013224483663517786,0.7597728352433817,0.3636077938403533
2011-07-15,-0.0053730955162838165,0.0,0.0,-0.0,-0.0053730955162838165,0.7597728352433817,0.36165933375235826
2011-07-18,0.022511475582883897,1.0,0.0005,0.022011475582883896,0.022511475582883897,0.7766819712642249,0.3698931489629177
2011-07-19,-0.004257137123318834,1.0,0.0,-0.004257137123318834,-0.004257137123318834,0.7733825576224906,0.36832181018227655
2011-07-20,0.006633241432016972,1.0,0.0,0.006633241432016972,0.006633241432016972,0.778529642903596,0.3707730986800767
2011-07-21,0.01028763605632026,0.0,0.0005,-0.0005,0.01028763605632026,0.7781404753821323,0.374607165304841
2011-07-22,-0.002015452479349827,1.0,0.0005,-0.002515452479349827,-0.002015452479349827,0.7761855597735179,0.37385292269013326
2011-07-25,0.0024348276165510312,1.0,0.0,0.0024348276165510312,0.0024348276165510312,0.7780777404420983,0.3747642991829051
2011-07-26,-0.02608141720406412,1.0,0.0,-0.02608141720406412,-0.02608141720406412,0.758046724398851,0.3651162790697687
2011-07-27,0.0017199866641373456,1.0,0.0,0.0017199866641373456,0.0017199866641373456,0.7593516765840789,0.3657448145820251
2011-07-28,-0.0032705081221592117,0.0,0.0005,-0.0005,-0.0032705081221592117,0.7589720956489285,0.3645505971087379
2011-07-29,-0.004666041473577231,1.0,0.0005,-0.005166041473577231,-0.004666041473577231,0.755061324625714,0.36285355122564544
2011-08-01,-0.025615435627654535,1.0,0.0,-0.025615435627654535,-0.025615435627654535,0.7359657151686978,0.35367693274670137
2011-08-02,0.009550833123847918,0.0,0.0005,-0.0005,0.009550833123847918,0.7355978242914971,0.35707102451288614
2011-08-03,-0.04758511689922802,1.0,0.0005,-0.04808511689922802,-0.04758511689922802,0.7010634651449777,0.34047768698931596
2011-08-04,-0.00629631709694166,0.0,0.0005,-0.0005,-0.00629631709694166,0.7007130210307347,0.33834066624764403
2011-08-05,-0.062077004269021095,1.0,0.0005,-0.06257700426902109,-0.062077004269021095,0.6582082784408961,0.3179761156505353
2011-08-08,0.047103862845193925,1.0,0.0,0.047103862845193925,0.047103862845193925,0.6899542400814532,0.3333123821495925
2011-08-09,-0.04178103115506506,1.0,0.0,-0.04178103115506506,-0.04178103115506506,0.661721151245384,0.3196731615336277
2011-08-10,0.04310016825391965,1.0,0.0,0.04310016825391965,0.04310016825391965,0.6908649848826168,0.333752357008172
2011-08-11,0.008812281644975887,1.0,0.0,0.008812281644975887,0.008812281644975887,0.6969799856904292,0.33670647391577735
2011-08-12,0.014639379390074057,1.0,0.0,0.014639379390074057,0.014639379390074057,0.7072583913035604,0.34167190446260326
2011-08-15,-0.008498111367991461,0.0,0.0005,-0.0005,-0.008498111367991461,0.7069048505004748,0.3387806411062237
2011-08-16,-0.0059546137984887604,0.0,0.0,-0.0,-0.0059546137984887604,0.7069048505004748,0.33676932746700305
2011-08-17,-0.05033110444772874,0.0,0.0,-0.0,-0.05033110444772874,0.7069048505004748,0.3202388434946586
2011-08-18,-0.01822193416862019,1.0,0.0005,-0.01872193416862019,-0.01822193416862019,0.6937933437835718,0.3144563167818993
2011-08-19,0.003591384546500481,1.0,0.0,0.003591384546500481,0.003591384546500481,0.6962895021261871,0.31558768070396087
2011-08-22,0.04039967870940705,0.0,0.0005,-0.0005,0.04039967870940705,0.6959414443968076,0.32859836580766927
2011-08-23,0.007811795465173188,1.0,0.0005,0.007311795465173188,0.007811795465173188,0.7010486746517913,0.33117536140792064
2011-08-24,-0.016456552019579178,0.0,0.0005,-0.0005,-0.016456552019579178,0.7006982379309464,0.32576995600251524
2011-08-25,0.024772608261236784,0.0,0.0,0.0,0.024772608261236784,0.7006982379309464,0.333940917661849
2011-08-26,0.027475275701210413,0.0,0.0,0.0,0.027475275701210413,0.7006982379309464,0.3432432432432444
2011-08-29,0.006570565708506716,0.0,0.0,0.0,0.006570565708506716,0.7006982379309464,0.3455059710873676
2011-08-30,0.0016359178418922386,0.0,0.0,0.0,0.0016359178418922386,0.7006982379309464,0.34607165304839843
2011-08-31,-0.009122486179254622,1.0,0.0005,-0.009622486179254623,-0.009122486179254622,0.6939881146303541,0.34292897548711615
2011-09-01,-0.023739987303072942,1.0,0.0,-0.023739987303072942,-0.023739987303072942,0.6777068685393195,0.33488372093023366
2011-09-02,0.00018767007655712668,0.0,0.0005,-0.0005,0.00018767007655712668,0.6773680998042912,0.33494657448145926
2011-09-06,0.025017518953843694,0.0,0.0,0.0,0.025017518953843694,0.6773680998042912,0.34343180389692124
2011-09-07,-0.004585901827665207,0.0,0.0,-0.0,-0.004585901827665207,0.6773680998042912,0.34186046511628015
2011-09-08,-0.0224979276199956,0.0,0.0,-0.0,-0.0224979276199956,0.6773680998042912,0.3342551854179771
2011-09-09,0.01270570156857919,0.0,0.0,0.0,0.01270570156857919,0.6773680998042912,0.338529226901321
2011-09-12,0.013279427896739636,0.0,0.0,0.0,0.013279427896739636,0.6773680998042912,0.3430546825895674
2011-09-13,0.014189796029221729,0.0,0.0,0.0,0.014189796029221729,0.6773680998042912,0.34795725958516766
2011-09-14,0.014703510366683548,0.0,0.0,0.0,0.014703510366683548,0.6773680998042912,0.3531112507856705
2011-09-15,0.00727146947833498,0.0,0.0,0.0,0.00727146947833498,0.6773680998042912,0.35568824638592195
2011-09-16,0.00035335689413597575,0.0,0.0,0.0,0.00035335689413597575,0.6773680998042912,0.35581395348837325
2011-09-19,-0.004425961018089044,1.0,0.0005,-0.004925961018089044,-0.004425961018089044,0.6740396156717964,0.35424261470773216
2011-09-20,-0.01754116928766367,0.0,0.0005,-0.0005,-0.01754116928766367,0.6737026801048717,0.34808296668761896
2011-09-21,-0.03304265362635322,1.0,0.0005,-0.03354265362635322,-0.03304265362635322,0.6514796969409676,0.33676932746700294
2011-09-22,0.010582109330537008,0.0,0.0005,-0.0005,0.010582109330537008,0.6511540385138884,0.34035197988686466
2011-09-23,0.01156719038793246,0.0,0.0,0.0,0.01156719038793246,0.6511540385138884,0.34431175361408023
2011-09-26,0.010351495319713773,0.0,0.0,0.0,0.010351495319713773,0.6511540385138884,0.34789440603394195
2011-09-27,-0.014925650216675706,0.0,0.0,-0.0,-0.014925650216675706,0.6511540385138884,0.3427404148334391
2011-09-28,-0.01199165739580692,1.0,0.0005,-0.01249165739580692,-0.01199165739580692,0.6430706379996766,0.33865493400377217
2011-09-29,-0.026136676277954855,0.0,0.0005,-0.0005,-0.026136676277954855,0.6427491830511108,0.3299182903834076
2011-09-30,-0.02605570540116784,0.0,0.0,-0.0,-0.02605570540116784,0.6427491830511108,0.3214330609679456
2011-10-03,0.020323935792281263,1.0,0.0005,0.019823935792281262,0.020323935792281263,0.6556181367998039,0.32803268384663825
2011-10-04,0.02535133874996809,0.0,0.0005,-0.0005,0.02535133874996809,0.6552904096700141,0.33645505971087464
2011-10-05,0.01667322804081869,0.0,0.0,0.0,0.01667322804081869,0.6552904096700141,0.3421118793211826
2011-10-06,-0.0066359690521952,0.0,0.0,-0.0,-0.0066359690521952,0.6552904096700141,0.3398491514770594
2011-10-07,0.034000184379900156,0.0,0.0,0.0,0.034000184379900156,0.6552904096700141,0.3516027655562549
2011-10-10,0.006770024075973267,1.0,0.0005,0.006270024075973267,0.006770024075973267,0.6594120040606827,0.35399120050282934
2011-10-11,0.004959273359350209,0.0,0.0005,-0.0005,0.004959273359350209,0.6590823804714169,0.3557510999371473
2011-10-12,0.00914533282219163,1.0,0.0005,0.00864533282219163,0.00914533282219163,0.6648050686361316,0.3590194846008808
2011-10-13,0.018387335035726562,0.0,0.0005,-0.0005,0.018387335035726562,0.6644727491885988,0.36568196103079914
2011-10-14,-0.01559013041466534,0.0,0.0,-0.0,-0.01559013041466534,0.6644727491885988,0.36002514142049113
2011-10-17,0.0123190592359591,0.0,0.0,0.0,0.0123190592359591,0.6644727491885988,0.3644877435575119
2011-10-18,-0.01950262056964094,0.0,0.0,-0.0,-0.01950262056964094,0.6644727491885988,0.3574481458202397
2011-10-19,-0.00493567016427575,0.0,0.0,-0.0,-0.00493567016427575,0.6644727491885988,0.3556882463859217
2011-10-20,0.012468332566261347,0.0,0.0,0.0,0.012468332566261347,0.6644727491885988,0.36015084852294244
2011-10-21,0.02055517573424058,0.0,0.0,0.0,0.02055517573424058,0.6644727491885988,0.3676304211187941
2011-10-24,-0.019857338999710664,1.0,0.0005,-0.020357338999710664,-0.019857338999710664,0.6510826084214357,0.360402262727845
2011-10-25,-0.0012215340494578146,1.0,0.0,-0.0012215340494578146,-0.0012215340494578146,0.6502877744034815,0.35996228786926543
2011-10-26,0.02721490730051965,1.0,0.0,0.02721490730051965,0.02721490730051965,0.6682283136658789,0.36989314896291725
2011-10-27,0.0015281436032628173,1.0,0.0,0.0015281436032628173,0.0015281436032628173,0.6692502431175343,0.370458830923948
2011-10-28,-0.016939407523787843,1.0,0.0,-0.016939407523787843,-0.016939407523787843,0.6580090191493233,0.3642363293526092
2011-10-31,-0.026402442801147542,1.0,0.0,-0.026402442801147542,-0.026402442801147542,0.6408633139048802,0.35474544311753686
2011-11-01,0.00846864623703834,1.0,0.0,0.00846864623703834,0.00846864623703834,0.6463136043137098,0.3577624135763678
2011-11-02,0.020518890636213954,1.0,0.0,0.020518890636213954,0.020518890636213954,0.6597122349020825,0.3651791326209938
2011-11-03,-0.005176888179533792,0.0,0.0005,-0.0005,-0.005176888179533792,0.6593824612349186,0.36329352608422444
2011-11-04,0.00706838560531241,1.0,0.0005,0.006568385605312411,0.00706838560531241,0.6637277947920842,0.3658705216844759
2011-11-07,0.011444313136976596,0.0,0.0005,-0.0005,0.011444313136976596,0.6633960138468366,0.37008170961659403
2011-11-08,-0.03578910785158528,0.0,0.0,-0.0,-0.03578910785158528,0.6633960138468366,0.3570710245128857
2011-11-09,-0.000528215524210448,0.0,0.0,-0.0,-0.000528215524210448,0.6633960138468366,0.35688246385920874
2011-11-10,0.01866930259486042,1.0,0.0005,0.01816930259486042,0.01866930259486042,0.6755596242994358,0.36360779384035263
2011-11-11,-0.006242434004486025,0.0,0.0005,-0.0005,-0.006242434004486025,0.6752219289181668,0.36134506599622945
2011-11-14,0.011070862078059645,0.0,0.0,0.0,0.011070862078059645,0.6752219289181668,0.3653676932746707
2011-11-15,-0.016652596437379295,1.0,0.0005,-0.017152596437379295,-0.016652596437379295,0.6637388832257709,0.3593337523570089
2011-11-16,-0.02371792595361091,1.0,0.0,-0.02371792595361091,-0.02371792595361091,0.6481815961254991,0.3509113764927725
2011-11-17,-0.007731765569030984,1.0,0.0,-0.007731765569030984,-0.007731765569030984,0.6431893323545164,0.34820867379006976
2011-11-18,-0.019318989755036382,1.0,0.0,-0.019318989755036382,-0.019318989755036382,0.6308828216632567,0.3415461973601515
2011-11-21,0.003307002830130124,1.0,0.0,0.003307002830130124,0.003307002830130124,0.6329726064976215,0.34267756128221305
2011-11-22,-0.022818910519641047,0.0,0.0005,-0.0005,-0.022818910519641047,0.6326561993027633,0.3349465744814588
2011-11-23,-0.007723500765260011,0.0,0.0,-0.0,-0.007723500765260011,0.6326561993027633,0.3323695788812074
2011-11-25,0.03420407777086407,1.0,0.0005,0.03370407777086407,0.03420407777086407,0.6543427019455663,0.3439346323067259
2011-11-28,-0.0062328341099703215,1.0,0.0,-0.0062328341099703215,-0.0062328341099703215,0.6502769760928344,0.34179761156505406
2011-11-29,0.03629539861476615,0.0,0.0005,-0.0005,0.03629539861476615,0.6499519188758642,0.35443117536140856
2011-11-30,0.006892313225734342,0.0,0.0,0.0,0.006892313225734342,0.6499519188758642,0.3568824638592087
2011-12-01,-0.0028218713610717004,0.0,0.0,-0.0,-0.0028218713610717004,0.6499519188758642,0.35587680703959834
2011-12-02,0.010890675004496642,0.0,0.0,0.0,0.010890675004496642,0.6499519188758642,0.35977372721558826
2011-12-05,-0.0027991620796145775,0.0,0.0,-0.0,-0.0027991620796145775,0.6499519188758642,0.3587680703959779
2011-12-06,0.0,0.0,0.0,0.0,0.0,0.6499519188758642,0.3587680703959779
2011-12-07,-0.016961537374375512,1.0,0.0005,-0.017461537374375512,-0.016961537374375512,0.6387012718136431,0.35273412947831606
2011-12-08,0.015909828250265757,0.0,0.0005,-0.0005,0.015909828250265757,0.6383820010020906,0.358390949088624
2011-12-09,-0.01128759779855946,0.0,0.0,-0.0,-0.01128759779855946,0.6383820010020906,0.3543683218101828
2011-12-12,-0.011057719233698091,0.0,0.0,-0.0,-0.011057719233698091,0.6383820010020906,0.3504714016341929
2011-12-13,-0.01572558389047051,0.0,0.0,-0.0,-0.01572558389047051,0.6383820010020906,0.3450031426775619
2011-12-14,-0.002736478949264766,1.0,0.0005,-0.003236478949264766,-0.002736478949264766,0.6363192309507729,0.34406033940917724
2011-12-15,0.0021897818969240034,1.0,0.0,0.0021897818969240034,0.0021897818969240034,0.6377141580189879,0.34481458202388493
2011-12-16,-0.009892002259016416,1.0,0.0,-0.009892002259016416,-0.009892002259016416,0.6314369862120202,0.3414204902577002
2011-12-19,0.029208425583055815,1.0,0.0,0.029208425583055815,0.029208425583055815,0.6501522577105722,0.35153991200502893
2011-12-20,-0.014406876231904342,0.0,0.0005,-0.0005,-0.014406876231904342,0.6498272628372059,0.34651162790697737
2011-12-21,0.008489168654944423,1.0,0.0005,0.007989168654944423,0.008489168654944423,0.6550396359765759,0.34946574481458265
2011-12-22,0.008596041469797817,1.0,0.0,0.008596041469797817,0.008596041469797817,0.6606946544166613,0.35248271527341357
2011-12-23,0.002849004776074871,1.0,0.0,0.002849004776074871,0.002849004776074871,0.6625796605633566,0.3534883720930239
2011-12-27,-0.011624918537031374,1.0,0.0,-0.011624918537031374,-0.011624918537031374,0.6549218230924074,0.349402891263357
2011-12-28,0.007169774395423729,1.0,0.0,0.007169774395423729,0.007169774395423729,0.6596343384591453,0.3519170333123828
2011-12-29,-0.002861744038532854,0.0,0.0005,-0.0005,-0.002861744038532854,0.6593046037304674,0.3509113764927725
2011-12-30,0.01898398181001608,0.0,0.0,0.0,0.01898398181001608,0.6593046037304674,0.35763670647391643
2012-01-03,0.004209055670341835,1.0,0.0005,0.0037090556703418347,0.004209055670341835,0.6617545418792392,0.3591451917033319
2012-01-04,0.008191766941664739,1.0,0.0,0.008191766941664739,0.008191766941664739,0.6671977451463593,0.3620993086109372
2012-01-05,0.0034656073500931046,1.0,0.0,0.0034656073500931046,0.0034656073500931046,0.6695140018557723,0.36335637963545014
2012-01-06,-0.0032920414380023977,1.0,0.0,-0.0032920414380023977,-0.0032920414380023977,0.66731355798183,0.36216216216216285
2012-01-09,0.007262698359604699,0.0,0.0005,-0.0005,0.007262698359604699,0.6669799846031332,0.36480201131363993
2012-01-10,0.0020654052092768578,1.0,0.0005,0.0015654052092768577,0.0020654052092768578,0.6680248961871537,0.3655562539283476
2012-01-11,0.0039468090701823095,1.0,0.0,0.0039468090701823095,0.0039468090701823095,0.6706666727711125,0.36700188560653746
2012-01-12,-0.0036029892283907195,1.0,0.0,-0.0036029892283907195,-0.0036029892283907195,0.6682546158901066,0.365681961030799
2012-01-13,0.009068417009039023,0.0,0.0005,-0.0005,0.009068417009039023,0.6679205721000683,0.36901319924575815
2012-01-17,0.013198161123719684,0.0,0.0,0.0,0.013198161123719684,0.6679205721000683,0.37391577624135836
2012-01-18,0.006200271224738487,1.0,0.0005,0.005700271224738486,0.006200271224738487,0.671738772567994,0.3762413576367072
2012-01-19,-0.0015046395883899946,0.0,0.0005,-0.0005,-0.0015046395883899946,0.6714029871350637,0.3756756756756764
2012-01-20,0.0003345600566501758,0.0,0.0,0.0,0.0003345600566501758,0.6714029871350637,0.3758013827781277
2012-01-23,-0.001841466997307619,0.0,0.0,-0.0,-0.001841466997307619,0.6714029871350637,0.3751099937146456
2012-01-24,0.012488714477961793,1.0,0.0005,0.011988714477961793,0.012488714477961793,0.679500689378029,0.37982401005656896
2012-01-25,-0.003481147319879387,1.0,0.0,-0.003481147319879387,-0.003481147319879387,0.6771393598269884,0.3785040854808304
2012-01-26,0.00298458188718144,0.0,0.0005,-0.0005,0.00298458188718144,0.6768008747753895,0.379635449402892
2012-01-27,0.0008274721200323929,0.0,0.0,0.0,0.0008274721200323929,0.6768008747753895,0.3799497171590202
2012-01-30,0.0013225328427941122,0.0,0.0,0.0,0.0013225328427941122,0.6768008747753895,0.38045254556882535
2012-01-31,0.008062569384927679,1.0,0.0005,0.007562569384927678,0.008062569384927679,0.6819386311835993,0.3835323695788819
2012-02-01,0.003108895574454741,0.0,0.0005,-0.0005,0.003108895574454741,0.6815977470961311,0.3847265870521691
2012-02-02,0.013629936787637582,0.0,0.0,0.0,0.013629936787637582,0.6815977470961311,0.39000628535512316
2012-02-03,-0.0008061266055246638,0.0,0.0,-0.0,-0.0008061266055246638,0.6815977470961311,0.3896920175989949
2012-02-06,0.0020945790305110196,0.0,0.0,0.0,0.0020945790305110196,0.6815977470961311,0.3905091137649283
2012-02-07,0.005297387779330013,0.0,0.0,0.0,0.005297387779330013,0.6815977470961311,0.3925832809553746
2012-02-08,0.00717878172700577,0.0,0.0,0.0,0.00717878172700577,0.6815977470961311,0.39541169076052857
2012-02-09,-0.006938656860922085,0.0,0.0,-0.0,-0.006938656860922085,0.6815977470961311,0.3926775612822131
2012-02-10,0.009161585689912327,1.0,0.0005,0.008661585689912326,0.009161585689912327,0.6875271061445523,0.39629164047768756
2012-02-13,0.0025344540732787834,0.0,0.0005,-0.0005,0.0025344540732787834,0.6871834285180466,0.3972972972972979
2012-02-14,-0.006985264154766968,0.0,0.0,-0.0,-0.006985264154766968,0.6871834285180466,0.3945317410433695
2012-02-15,0.013607804915260464,0.0,0.0,0.0,0.013607804915260464,0.6871834285180466,0.399937146448775
2012-02-16,-0.00314812159889506,0.0,0.0,-0.0,-0.00314812159889506,0.6871834285180466,0.39868007542426204
2012-02-17,0.002833755044907009,1.0,0.0005,0.002333755044907009,0.002833755044907009,0.6887890191099734,0.3998114393463236
2012-02-21,-0.004569455677901466,0.0,0.0005,-0.0005,-0.004569455677901466,0.6884447106846978,0.39798868636077994
2012-02-22,0.006611073976378961,1.0,0.0005,0.00611107397637896,0.006611073976378961,0.6926647285278311,0.400628535512257
2012-02-23,0.003445578976563118,0.0,0.0005,-0.0005,0.003445578976563118,0.6923184827322295,0.4020113136392212
2012-02-24,0.0014061403769897538,0.0,0.0,0.0,0.0014061403769897538,0.6923184827322295,0.40257699560025195
2012-02-27,0.01009717316411164,1.0,0.0005,0.00959717316411164,0.01009717316411164,0.6989947685878458,0.4066624764299189
2012-02-28,-0.004492300948055578,0.0,0.0005,-0.0005,-0.004492300948055578,0.6986453585633373,0.4048397234443752
2012-02-29,0.007886842087591286,0.0,0.0,0.0,0.007886842087591286,0.6986453585633373,0.4080452545568831
2012-03-01,-0.0007704754214263477,0.0,0.0,-0.0,-0.0007704754214263477,0.6986453585633373,0.40773098680075487
2012-03-02,-0.010382056529048615,0.0,0.0,-0.0,-0.010382056529048615,0.6986453585633373,0.40351979886863665
2012-03-05,-0.009861549747598104,0.0,0.0,-0.0,-0.009861549747598104,0.6986453585633373,0.3995600251414211
2012-03-06,0.0076784832326948224,0.0,0.0,0.0,0.0076784832326948224,0.6986453585633373,0.4026398491514777
2012-03-07,0.010713556398635015,1.0,0.0005,0.010213556398635014,0.010713556398635015,0.7058175769155659,0.4069767441860471
2012-03-08,0.004161214296112046,0.0,0.0005,-0.0005,0.004161214296112046,0.7054647563396025,0.4086737900691395
2012-03-09,0.00046129008275496076,0.0,0.0,0.0,0.00046129008275496076,0.7054647563396025,0.4088623507228164
2012-03-12,0.018430191913235694,0.0,0.0,0.0,0.018430191913235694,0.7054647563396025,0.41646763042111945
2012-03-13,0.003465163542613707,0.0,0.0,0.0,0.003465163542613707,0.7054647563396025,0.41791326209930924
2012-03-14,0.0028534974682297744,0.0,0.0,0.0,0.0028534974682297744,0.7054647563396025,0.4191074795725966
2012-03-15,-0.002402403557866512,0.0,0.0,-0.0,-0.002402403557866512,0.7054647563396025,0.4181018227529862
2012-03-16,0.007040700195449179,0.0,0.0,0.0,0.007040700195449179,0.7054647563396025,0.42105593966059146
2012-03-19,0.0017897096499717093,1.0,0.0005,0.0012897096499717093,0.0017897096499717093,0.7063751880136292,0.4218101822752992
2012-03-20,0.00014899798880296252,0.0,0.0005,-0.0005,0.00014899798880296252,0.7060220887018066,0.4218730358265249
2012-03-21,-0.0020879947928921796,0.0,0.0,-0.0,-0.0020879947928921796,0.7060220887018066,0.42099308610936587
2012-03-22,-0.0006123104455827807,0.0,0.0,-0.0,-0.0006123104455827807,0.7060220887018066,0.4207353865493407
2012-03-23,0.01734228833275125,1.0,0.0005,0.01684228833275125,0.01734228833275125,0.7180138168951311,0.42809553739786366
2012-03-26,0.0014671364134008253,0.0,0.0005,-0.0005,0.0014671364134008253,0.7176548997234539,0.42872407291012005
2012-03-27,-0.003995657106670314,0.0,0.0,-0.0,-0.003995657106670314,0.7176548997234539,0.4270144563167826
2012-03-28,-0.0038048092619895244,0.0,0.0,-0.0,-0.0038048092619895244,0.7176548997234539,0.42539283469516104
2012-03-29,-0.0019226508917600967,0.0,0.0,-0.0,-0.0019226508917600967,0.7176548997234539,0.4245757385292276
2012-03-30,0.010309369658861287,1.0,0.0005,0.009809369658861287,0.010309369658861287,0.7247292828148888,0.4289754871150227
2012-04-02,-0.00029308323773678715,1.0,0.0,-0.00029308323773678715,-0.00029308323773678715,0.7245169079334779,0.42884978001257146
2012-04-03,-0.01372411417665023,0.0,0.0005,-0.0005,-0.01372411417665023,0.7241547400290325,0.4230043997485865
2012-04-04,0.006221320614252424,0.0,0.0,0.0,0.006221320614252424,0.7241547400290325,0.4256442489000635
2012-04-05,-0.007559511283060166,1.0,0.0005,-0.008059511283060166,-0.007559511283060166,0.7183418626713491,0.4224387177875556
2012-04-09,-0.016199544295303434,0.0,0.0005,-0.0005,-0.016199544295303434,0.7179827815177827,0.41565053425518605
2012-04-10,0.0048272834726833655,0.0,0.0,0.0,0.0048272834726833655,0.7179827815177827,0.41766184789440663
2012-04-11,0.011297864363857315,0.0,0.0,0.0,0.011297864363857315,0.7179827815177827,0.4224072910119428
2012-04-12,-0.015218255392280165,1.0,0.0005,-0.015718255392280164,-0.015218255392280165,0.7067855755959794,0.4160276555625399
2012-04-13,-0.011242901774922402,1.0,0.0,-0.011242901774922402,-0.011242901774922402,0.698883757708972,0.4113764927718423
2012-04-16,0.020117142159599477,0.0,0.0005,-0.0005,0.020117142159599477,0.698534403176029,0.419736015084853
2012-04-17,-0.0025489180904203898,0.0,0.0,-0.0,-0.0025489180904203898,0.698534403176029,0.41866750471401704
2012-04-18,-0.01132343947686985,1.0,0.0005,-0.01182343947686985,-0.01132343947686985,0.6903239574388655,0.41395348837209367
2012-04-19,-0.0027368118040453767,0.0,0.0005,-0.0005,-0.0027368118040453767,0.6899788817362608,0.41282212445003214
2012-04-20,-0.00917718279333585,0.0,0.0,-0.0,-0.00917718279333585,0.6899788817362608,0.40905091137649335
2012-04-23,-0.005392509793418144,0.0,0.0,-0.0,-0.005392509793418144,0.6899788817362608,0.4068510370835959
2012-04-24,0.02622501260183543,0.0,0.0,0.0,0.02622501260183543,0.6899788817362608,0.41766184789440663
2012-04-25,0.005851918567938585,1.0,0.0005,0.005351918567938586,0.005851918567938585,0.693681491720646,0.42011313639220677
2012-04-26,0.005966604813221696,0.0,0.0005,-0.0005,0.005966604813221696,0.6933347376705222,0.42262727844123243
2012-04-27,-0.00716420974678035,1.0,0.0005,-0.007664209746780349,-0.00716420974678035,0.6880411861727368,0.41961030798240156
2012-04-30,0.0016463372722527868,0.0,0.0005,-0.0005,0.0016463372722527868,0.6876972515704664,0.42030169704588366
2012-05-01,0.0028373049721951648,0.0,0.0,0.0,0.0028373049721951648,0.6876972515704664,0.42149591451917084
2012-05-02,-0.010643980259866136,0.0,0.0,-0.0,-0.010643980259866136,0.6876972515704664,0.41703331238215
2012-05-03,-0.025182559271361468,1.0,0.0005,-0.02568255927136147,-0.025182559271361468,0.6702602973827514,0.40666247642991876
2012-05-04,0.0009269273025795029,0.0,0.0005,-0.0005,0.0009269273025795029,0.6699252510026351,0.4070395977372726
2012-05-07,-0.003712875552426436,1.0,0.0005,-0.004212875552426436,-0.003712875552426436,0.6671088759749759,0.4055311125078571
2012-05-08,-0.003089081243473013,0.0,0.0005,-0.0005,-0.003089081243473013,0.6667754049117015,0.4042803268384668
2012-05-09,-0.002038736689848317,0.0,0.0,-0.0,-0.002038736689848317,0.6667754049117015,0.4034569453174109
2012-05-10,-0.00015579964197583,1.0,0.0005,-0.00065579964197583,-0.00015579964197583,0.6663382771896503,0.40339409176618524
2012-05-11,-0.00939268019905426,1.0,0.0,-0.00939268019905426,-0.00939268019905426,0.6601088760317539,0.39962287869264657
2012-05-14,-0.003308392147231045,0.0,0.0005,-0.0005,-0.003308392147231045,0.659778904093597,0.398302954116908
2012-05-15,-0.006808671699164828,0.0,0.0,-0.0,-0.006808671699164828,0.659778904093597,0.3956002514142053
2012-05-16,-0.02135769660978142,1.0,0.0005,-0.02185769660978142,-0.02135769660978142,0.645514122534818,0.38724072910119467
2012-05-17,-0.013069945894460878,1.0,0.0,-0.013069945894460878,-0.013069945894460878,0.6371321829466368,0.38221244500314316
2012-05-18,0.02757229481170264,0.0,0.0005,-0.0005,0.02757229481170264,0.6368136964834143,0.3928975487115027
2012-05-21,-0.0011204482964897178,1.0,0.0005,-0.0016204482964897178,-0.0011204482964897178,0.6357826084518124,0.3924575738529232
2012-05-22,0.0019200005898244268,0.0,0.0005,-0.0005,0.0019200005898244268,0.6354647966071687,0.3932118164676309
2012-05-23,-0.0065752782803356,1.0,0.0005,-0.007075278280335599,-0.0065752782803356,0.630984574432951,0.3906348208673795
2012-05-24,-0.001288037531158745,1.0,0.0,-0.001288037531158745,-0.001288037531158745,0.6301723658093848,0.3901319924575744
2012-05-25,0.01264725094386025,1.0,0.0,0.01264725094386025,0.01264725094386025,0.6381929259671006,0.3950974230044003
2012-05-29,-0.008467180548662342,1.0,0.0,-0.008467180548662342,-0.008467180548662342,0.6328120438359749,0.39176618478944114
2012-05-30,-0.004341191800524974,1.0,0.0,-0.004341191800524974,-0.004341191800524974,0.6300708397314392,0.3900691389063488
2012-05-31,-0.026963558557332522,1.0,0.0,-0.026963558557332522,-0.026963558557332522,0.6133088842625928,0.37969201759899485
2012-06-01,0.007602342042931432,0.0,0.0005,-0.0005,0.007602342042931432,0.6130023064712963,0.38258956631049706
2012-06-04,0.004098702352431932,1.0,0.0005,0.003598702352431932,0.004098702352431932,0.6152122934712836,0.38416090509113815
2012-06-05,0.022647360695011002,1.0,0.0,0.022647360695011002,0.022647360695011002,0.6293041980992253,0.3929604022627285
2012-06-06,-0.004006736668915201,1.0,0.0,-0.004006736668915201,-0.004006736668915201,0.6267877865585215,0.3913890634820874
2012-06-07,0.009589333510609007,0.0,0.0005,-0.0005,0.009589333510609007,0.6264744710006591,0.395160276555626
2012-06-08,-0.017084835055183257,1.0,0.0005,-0.017584835055183257,-0.017084835055183257,0.6155543167163341,0.38846637335009493
2012-06-11,0.012141828897269183,0.0,0.0005,-0.0005,0.012141828897269183,0.615246616489443,0.3932118164676311
2012-06-12,-0.006897132161453171,0.0,0.0,-0.0,-0.006897132161453171,0.615246616489443,0.39050911376492836
2012-06-13,0.003695080113973152,0.0,0.0,0.0,0.003695080113973152,0.615246616489443,0.39195474544311815
2012-06-14,0.010051939444261804,0.0,0.0,0.0,0.010051939444261804,0.615246616489443,0.39591451917033366
2012-06-15,0.009322971848818869,0.0,0.0,0.0,0.009322971848818869,0.615246616489443,0.3996228786926467
2012-06-18,0.010311547409532797,0.0,0.0,0.0,0.010311547409532797,0.615246616489443,0.4037649277184166
2012-06-19,0.0007935952614058681,0.0,0.0,0.0,0.0007935952614058681,0.615246616489443,0.4040854808296674
2012-06-20,-0.025202152867718368,0.0,0.0,-0.0,-0.025202152867718368,0.615246616489443,0.39402891263356427
2012-06-21,0.01047296148127098,1.0,0.0005,0.00997296148127098,0.01047296148127098,0.621413145465005,0.3981772470144568
2012-06-22,-0.019445942691545613,0.0,0.0005,-0.0005,-0.019445942691545613,0.6211025165559713,0.39050911376492814
2012-06-25,0.0062575414776732926,1.0,0.0005,0.005757541477673293,0.0062575414776732926,0.6246888543943193,0.39296040226272827
2012-06-26,0.006059658153118817,1.0,0.0,0.006059658153118817,0.006059658153118817,0.6284857476232034,0.3953488372093027
2012-06-27,-0.011191163961260993,1.0,0.0,-0.011191163961260993,-0.011191163961260993,0.6214914706226273,0.39094908862350763
2012-06-28,0.03102496381312525,1.0,0.0,0.03102496381312525,0.03102496381312525,0.6410754462242406,0.4032683846637339
2012-06-29,0.0029569704838765614,1.0,0.0,0.0029569704838765614,0.0029569704838765614,0.6429738928386827,0.4044626021370211
2012-07-02,0.008356594590941492,0.0,0.0005,-0.0005,0.008356594590941492,0.6426524862506063,0.40785669390320595
2012-07-03,0.0006162378873184659,1.0,0.0005,0.00011623788731846593,0.0006162378873184659,0.6427271911595743,0.4081081081081086
2012-07-05,-0.012553438779043241,0.0,0.0005,-0.0005,-0.012553438779043241,0.642405907891505,0.4030169704588314
2012-07-06,-0.0018732443816804475,0.0,0.0,-0.0,-0.0018732443816804475,0.642405907891505,0.4022627278441236
2012-07-09,-0.009892520024246296,1.0,0.0005,-0.010392520024246297,-0.009892520024246296,0.6357642631203582,0.39830295411690797
2012-07-10,-0.005538427006296968,0.0,0.0005,-0.0005,-0.005538427006296968,0.6354464604460874,0.39610307982401044
2012-07-11,-0.009406207255475854,0.0,0.0,-0.0,-0.009406207255475854,0.6354464604460874,0.3923947203016975
2012-07-12,0.015102425189122083,0.0,0.0,0.0,0.015102425189122083,0.6354464604460874,0.39836580766813373
2012-07-13,-0.0028440531099629147,0.0,0.0,-0.0,-0.0028440531099629147,0.6354464604460874,0.39723444374607214
2012-07-16,0.0052079341256300584,1.0,0.0005,0.004707934125630059,0.0052079341256300584,0.6384451538088944,0.3993086109365183
2012-07-17,0.013446106271650339,1.0,0.0,0.013446106271650339,0.013446106271650339,0.6470877294782735,0.4047140163419238
2012-07-18,0.010966207664431404,1.0,0.0,0.010966207664431404,0.010966207664431404,0.6542228791588074,0.4091766184789445
2012-07-19,-0.013376315730950442,1.0,0.0,-0.013376315730950442,-0.013376315730950442,0.645530055956467,0.40373978629792634
2012-07-20,-0.012138447328523472,0.0,0.0005,-0.0005,-0.012138447328523472,0.6452073716062988,0.3988686360779389
2012-07-23,-0.007910182045901772,1.0,0.0005,-0.008410182045901772,-0.007910182045901772,0.63980381445336,0.39572595851665665
2012-07-24,-0.0066932520794525975,0.0,0.0005,-0.0005,-0.0066932520794525975,0.6394839925082826,0.39308610936517957
2012-07-25,0.013184211305730345,0.0,0.0,0.0,0.013184211305730345,0.6394839925082826,0.398302954116908
2012-07-26,0.02339470388953857,0.0,0.0,0.0,0.02339470388953857,0.6394839925082826,0.40773098680075476
2012-07-27,-0.0007710695115629186,1.0,0.0005,-0.0012710695115629187,-0.0007710695115629186,0.6386716802643019,0.40741671904462645
2012-07-30,-0.0003085943551722967,1.0,0.0,-0.0003085943551722967,-0.0003085943551722967,0.63847462019634,0.40729101194217515
2012-07-31,-0.002936405788154917,1.0,0.0,-0.002936405788154917,-0.002936405788154917,0.6366025495507026,0.40609679446888797
2012-08-01,-0.0035661716994120135,0.0,0.0005,-0.0005,-0.0035661716994120135,0.636284327837985,0.4046511627906981
2012-08-02,0.01877267007938125,1.0,0.0005,0.01827267007938125,0.01877267007938125,0.6480178160435034,0.4123192960402267
2012-08-03,0.007593050907597196,1.0,0.0,0.007593050907597196,0.007593050907597196,0.6529569762267617,0.41546197360150894
2012-08-06,0.008286299767077154,0.0,0.0005,-0.0005,0.008286299767077154,0.6526305793446688,0.4189189189189194
2012-08-07,-0.00045021385918414503,1.0,0.0005,-0.000950213859184145,-0.00045021385918414503,0.6520107352621054,0.41873035826524246
2012-08-08,0.0029976041630766894,0.0,0.0005,-0.0005,0.0029976041630766894,0.6516848113822344,0.4199874292897553
2012-08-09,0.0005984440633420732,1.0,0.0005,9.844406334207317e-05,0.0005984440633420732,0.6517489690410038,0.42023884349465784
2012-08-10,0.0023902013172118044,1.0,0.0,0.0023902013172118044,0.0023902013172118044,0.6533086435107399,0.4212445003142682
2012-08-13,0.0004475274185231616,1.0,0.0,0.0004475274185231616,0.0004475274185231616,0.6536010824738154,0.4214330609679451
2012-08-14,0.0025322125692720525,1.0,0.0,0.0025322125692720525,0.0025322125692720525,0.65525823659791,0.422501571338781
2012-08-15,0.01183095728208983,0.0,0.0005,-0.0005,0.01183095728208983,0.6549306893732412,0.4275298554368326
2012-08-16,0.0044007699012649955,0.0,0.0,0.0,0.0044007699012649955,0.6549306893732412,0.4294154619736019
2012-08-17,0.0014626300691443364,1.0,0.0005,0.0009626300691443364,0.0014626300691443364,0.6555614488933694,0.4300439974858584
2012-08-20,-0.003954021406916908,0.0,0.0005,-0.0005,-0.003954021406916908,0.655233750100448,0.4283469516027661
2012-08-21,0.00410016682186477,1.0,0.0005,0.0036001668218647704,0.00410016682186477,0.6575969523167375,0.4301068510370841
2012-08-22,-0.008217214248739408,1.0,0.0,-0.008217214248739408,-0.008217214248739408,0.6522154779151976,0.426587052168448
2012-08-23,0.006169232257330968,1.0,0.0,0.006169232257330968,0.006169232257330968,0.6562515837163526,0.42922690131992514
2012-08-24,0.0016094816555068468,0.0,0.0005,-0.0005,0.0016094816555068468,0.6559235399422721,0.42991829038340723
2012-08-27,0.0,0.0,0.0,0.0,0.0,0.6559235399422721,0.42991829038340723
2012-08-28,0.0,1.0,0.0005,-0.0005,0.0,0.6555956601490801,0.42991829038340723
2012-08-29,-0.010138945130950962,1.0,0.0,-0.010138945130950962,-0.010138945130950962,0.648982195156348,0.4255813953488377
2012-08-30,0.006624003023506396,0.0,0.0005,-0.0005,0.006624003023506396,0.6486577851680255,0.42840980515399174
2012-08-31,-0.001027523026184952,1.0,0.0005,-0.001527523026184952,-0.001027523026184952,0.6476677018451197,0.42796983029541225
2012-09-04,-0.0010285799158259719,0.0,0.0005,-0.0005,-0.0010285799158259719,0.6473439489391684,0.42752985543683275
2012-09-05,0.02195653453187708,1.0,0.0005,0.02145653453187708,0.02195653453187708,0.6613837912767718,0.437020741671905
2012-09-06,-0.001439263345744317,1.0,0.0,-0.001439263345744317,-0.001439263345744317,0.6604325705213041,0.43639220615964863
2012-09-07,-0.012901534318719226,0.0,0.0005,-0.0005,-0.012901534318719226,0.6601024367763575,0.43079824010056633
2012-09-10,-0.0016061914820564337,0.0,0.0,-0.0,-0.0016061914820564337,0.6601024367763575,0.43010685103708424
2012-09-11,0.002947573306257638,1.0,0.0005,0.002447573306257638,0.002947573306257638,0.6617200647039256,0.4313764927718422
2012-09-12,0.01343079121541804,0.0,0.0005,-0.0005,0.01343079121541804,0.6613892873727976,0.4372093023255819
2012-09-13,0.008873680668986882,0.0,0.0,0.0,0.008873680668986882,0.6613892873727976,0.4411062225015719
2012-09-14,0.0004273808740881764,0.0,0.0,0.0,0.0004273808740881764,0.6613892873727976,0.4412947831552487
2012-09-17,0.0008542141749489659,0.0,0.0,0.0,0.0008542141749489659,0.6613892873727976,0.4416719044626027
2012-09-18,0.0018482979598905538,0.0,0.0,0.0,0.0018482979598905538,0.6613892873727976,0.44248900062853613
2012-09-19,-0.000994812844069922,0.0,0.0,-0.0,-0.000994812844069922,0.6613892873727976,0.4420490257699566
2012-09-20,-0.0025626437714568904,1.0,0.0005,-0.0030626437714568904,-0.0025626437714568904,0.6593667862724015,0.440917661847895
2012-09-21,-0.005933462737812236,0.0,0.0005,-0.0005,-0.005933462737812236,0.6590371852863784,0.43830923947203076
2012-09-24,-0.014080163296009125,0.0,0.0,-0.0,-0.014080163296009125,0.6590371852863784,0.43218101822753047
2012-09-25,-0.008177615665232124,1.0,0.0005,-0.008677615665232124,-0.008177615665232124,0.6533430553500361,0.42866121935889434
2012-09-26,0.013688869644061961,0.0,0.0005,-0.0005,0.013688869644061961,0.6530164654766334,0.4345694531741049
2012-09-27,-0.008278313197205477,0.0,0.0,-0.0,-0.008278313197205477,0.6530164654766334,0.4309868007542431
2012-09-28,-0.0014594281633014624,1.0,0.0005,-0.0019594281633014627,-0.0014594281633014624,0.6517381793869446,0.43035826524198667
2012-10-01,0.0029167294996134733,1.0,0.0,0.0029167294996134733,0.0029167294996134733,0.6536418983277564,0.43161533626649956
2012-10-02,0.006387015470717962,1.0,0.0,0.006387015470717962,0.006387015470717962,0.6578300799975426,0.43438089252042794
2012-10-03,0.0034667086575374513,0.0,0.0005,-0.0005,0.0034667086575374513,0.6575012471726007,0.4358893777498433
2012-10-04,-0.0053495392521456025,0.0,0.0,-0.0,-0.0053495392521456025,0.6575012471726007,0.4335637963544945
2012-10-05,-0.009175044338736445,0.0,0.0,-0.0,-0.009175044338736445,0.6575012471726007,0.42960402262727887
2012-10-08,-0.016087751070705668,1.0,0.0005,-0.01658775107070567,-0.016087751070705668,0.64668473894432,0.42274795725958564
2012-10-09,-0.005055935980629534,0.0,0.0005,-0.0005,-0.005055935980629534,0.6463614773969693,0.42061596480201174
2012-10-10,-0.0031430093971992513,0.0,0.0,-0.0,-0.0031430093971992513,0.6463614773969693,0.4192960402262732
2012-10-11,-0.00044980883883059716,0.0,0.0,-0.0,-0.00044980883883059716,0.6463614773969693,0.4191074795725963
2012-10-12,0.0073216613961798,1.0,0.0005,0.0068216613961798005,0.0073216613961798,0.6507858100276576,0.4221873035826529
2012-10-15,0.014044136515714456,0.0,0.0005,-0.0005,0.014044136515714456,0.6504604984573137,0.42815839094908914
2012-10-16,-0.0005873715293688793,0.0,0.0,-0.0,-0.0005873715293688793,0.6504604984573137,0.42790697674418654
2012-10-17,-0.011671847064891976,0.0,0.0,-0.0,-0.011671847064891976,0.6504604984573137,0.4229415461973607
2012-10-18,-0.02421717205605387,0.0,0.0,-0.0,-0.02421717205605387,0.6504604984573137,0.4128221244500319
2012-10-19,0.00516326128087408,0.0,0.0,0.0,0.00516326128087408,0.6504604984573137,0.4149591451917038
2012-10-22,-0.009588384851862329,1.0,0.0005,-0.01008838485186233,-0.009588384851862329,0.6439313920621353,0.41099937146448823
2012-10-23,-0.003462172369261696,0.0,0.0005,-0.0005,-0.003462172369261696,0.6436095068441148,0.40957888120678865
2012-10-24,-6.138547007855717e-05,1.0,0.0005,-0.0005613854700785572,-6.138547007855717e-05,0.6432482952175338,0.40955373978629833
2012-10-25,0.002911656336386594,1.0,0.0,0.002911656336386594,0.002911656336386594,0.6451239424871982,0.41074795725958557
2012-10-26,-0.006139696953622303,1.0,0.0,-0.006139696953622303,-0.006139696953622303,0.641175211393168,0.4082338152105599
2012-10-31,0.014109384678911142,1.0,0.0,0.014109384678911142,0.014109384678911142,0.6502859212098694,0.41403456945317463
2012-11-01,-0.010727887451230612,0.0,0.0005,-0.0005,-0.010727887451230612,0.6499608595214588,0.40961659333752404
2012-11-02,0.006576455605754281,0.0,0.0,0.0,0.006576455605754281,0.6499608595214588,0.4123192960402267
2012-11-05,0.0018275972190240858,1.0,0.0005,0.0013275972190240858,0.0018275972190240858,0.6508243187872723,0.41307353865493446
2012-11-06,-0.023867481406643316,1.0,0.0,-0.023867481406643316,-0.023867481406643316,0.6354746886271952,0.40333123821495964
2012-11-07,-0.01586462237498266,1.0,0.0,-0.01586462237498266,-0.01586462237498266,0.6254726715551449,0.39698302954116954
2012-11-08,0.004265746258364571,1.0,0.0,0.004265746258364571,0.004265746258364571,0.6281464780991585,0.39868007542426204
2012-11-09,-0.00015766653560452302,1.0,0.0,-0.00015766653560452302,-0.00015766653560452302,0.628047448227158,0.39861722187303633
2012-11-12,-0.006962053437322778,1.0,0.0,-0.006962053437322778,-0.006962053437322778,0.623690133859136,0.39585166561910795
2012-11-13,-0.011819335802742307,1.0,0.0,-0.011819335802742307,-0.011819335802742307,0.6163619233310992,0.3912005028284103
2012-11-14,-0.0033813530095758034,0.0,0.0005,-0.0005,-0.0033813530095758034,0.6160538194018348,0.3898799497171595
2012-11-15,0.004344898932846995,1.0,0.0005,0.0038448989328469948,0.004344898932846995,0.6184270435544725,0.39157762413576414
2012-11-16,0.023487643081978753,1.0,0.0,0.023487643081978753,0.023487643081978753,0.6331243642717558,0.400883720930233
2012-11-19,0.00030412147535793777,0.0,0.0005,-0.0005,0.00030412147535793777,0.6328078812169771,0.40100565681961076
2012-11-20,0.002035544427891204,0.0,0.0,0.0,0.002035544427891204,0.6328078812169771,0.4018227529855441
2012-11-21,0.015058888931409012,1.0,0.0005,0.014558888931409011,0.015058888931409012,0.6420882529021548,0.4079195474544317
2012-11-23,0.004320391711169277,0.0,0.0005,-0.0005,0.004320391711169277,0.6417672890233602,0.4096857322438722
2012-11-26,-0.003396319567791294,1.0,0.0005,-0.003896319567791294,-0.003396319567791294,0.6392716236892955,0.4082966687617855
2012-11-27,0.008583743691391435,0.0,0.0005,-0.0005,0.008583743691391435,0.6389520677730873,0.41181646763042157
2012-11-28,0.0059347355198145265,0.0,0.0,0.0,0.0059347355198145265,0.6389520677730873,0.41426775612822164
2012-11-29,-0.0016703367333569885,0.0,0.0,-0.0,-0.0016703367333569885,0.6389520677730873,0.41357636706473955
2012-11-30,-0.0019776381283901977,0.0,0.0,-0.0,-0.0019776381283901977,0.6389520677730873,0.4127592708988062
2012-12-03,-0.0006092917172500278,0.0,0.0,-0.0,-0.0006092917172500278,0.6389520677730873,0.41250785669390355
2012-12-04,-0.011135979365540968,0.0,0.0,-0.0,-0.011135979365540968,0.6389520677730873,0.4079396605908237
2012-12-05,0.006401338982173903,0.0,0.0,0.0,0.006401338982173903,0.6389520677730873,0.41055939660590857
2012-12-06,-0.005988501581868806,1.0,0.0005,-0.0064885015818688056,-0.005988501581868806,0.634819647376865,0.4081081081081085
2012-12-07,0.002921955173889432,1.0,0.0,0.002921955173889432,0.002921955173889432,0.63667727456001,0.4093023255813957
2012-12-10,0.012968371540494595,1.0,0.0,0.012968371540494595,0.012968371540494595,0.6449877119582902,0.41464487743557543
2012-12-11,-0.0021244317549941683,0.0,0.0005,-0.0005,-0.0021244317549941683,0.6446652987123395,0.4137649277184164
2012-12-12,-0.00791365495709542,1.0,0.0005,-0.00841365495709542,-0.00791365495709542,0.6392640612628593,0.4105034569453177
2012-12-13,-0.009555376466795823,1.0,0.0,-0.009555376466795823,-0.009555376466795823,0.6331847438351884,0.40659962287869295
2012-12-14,0.013206580153814712,1.0,0.0,0.013206580153814712,0.013206580153814712,0.6416024108578853,0.41200502828409835
2012-12-17,0.015098260117441418,1.0,0.0,0.015098260117441418,0.015098260117441418,0.6513629894102496,0.41827278441231963
2012-12-18,-0.004317527453083889,0.0,0.0005,-0.0005,-0.004317527453083889,0.6510373893223498,0.41647077309868036
2012-12-19,-7.546002316450284e-06,1.0,0.0005,-0.0005075460023164503,-7.546002316450284e-06,0.6507070417384301,0.4164676304211191
2012-12-20,-0.016126927939142572,0.0,0.0005,-0.0005,-0.016126927939142572,0.6503817695423864,0.4098051539912008
2012-12-21,-0.0019958554257147225,0.0,0.0,-0.0,-0.0019958554257147225,0.6503817695423864,0.40898805782526737
2012-12-24,-0.008798389705165752,1.0,0.0005,-0.009298389705165753,-0.008798389705165752,0.6443622954701914,0.4054054054054057
2012-12-26,-0.001551590691418833,1.0,0.0,-0.001551590691418833,-0.001551590691418833,0.6433632841593849,0.40477686989314926
2012-12-27,-0.009673971528396394,0.0,0.0005,-0.0005,-0.009673971528396394,0.6430416829243141,0.4008799497171593
2012-12-28,0.020947146365976763,1.0,0.0005,0.020447146365976762,0.020947146365976763,0.6563253945244758,0.40936580766813346
2012-12-31,0.031286439581215485,0.0,0.0005,-0.0005,0.031286439581215485,0.6559973138542162,0.4223758642363296
2013-01-02,-0.0051905308619835345,1.0,0.0005,-0.005690530861983534,-0.0051905308619835345,0.6522749420749541,0.4201891891891894
2013-01-03,-0.0033277900926745796,0.0,0.0005,-0.0005,-0.0033277900926745796,0.6519488861246969,0.4187932118164679
2013-01-04,0.0003061215326381244,0.0,0.0,0.0,0.0003061215326381244,0.6519488861246969,0.4189214330609682
2013-01-07,-0.001958393782357067,0.0,0.0,-0.0,-0.001958393782357067,0.6519488861246969,0.41810182275298574
2013-01-08,0.003751223545050593,0.0,0.0,0.0,0.003751223545050593,0.6519488861246969,0.4196731615336269
2013-01-09,0.005972841408995771,1.0,0.0005,0.00547284140899577,0.005972841408995771,0.6555266804054071,0.4221873035826527
2013-01-10,0.001338987033350384,1.0,0.0,0.001338987033350384,0.001338987033350384,0.6564050100352491,0.42275298554368346
2013-01-11,-0.004470280130903856,1.0,0.0,-0.004470280130903856,-0.004470280130903856,0.6534772446024423,0.42086737900691407
2013-01-14,-0.004940499606774036,0.0,0.0005,-0.0005,-0.004940499606774036,0.6531505876511843,0.41879321181646784
2013-01-15,0.004044040559737166,0.0,0.0,0.0,0.004044040559737166,0.6531505876511843,0.4204902576995603
2013-01-16,0.004771855162776733,1.0,0.0005,0.004271855162776733,0.004771855162776733,0.6559467204461119,0.4225015713387809
2013-01-17,-0.0022339721853138626,0.0,0.0005,-0.0005,-0.0022339721853138626,0.655618829065565,0.42155876807039616
2013-01-18,0.0016387340725009787,0.0,0.0,0.0,0.0016387340725009787,0.655618829065565,0.4222501571338783
2013-01-22,0.006084458928115925,0.0,0.0,0.0,0.006084458928115925,0.655618829065565,0.4248271527341297
2013-01-23,-0.013854970232669234,1.0,0.0005,-0.014354970232669234,-0.013854970232669234,0.6462746683232923,0.41898177247014473
2013-01-24,0.005087546511372423,1.0,0.0,0.005087546511372423,0.005087546511372423,0.6495709987647852,0.4211187932118166
2013-01-25,0.0022363035782805166,1.0,0.0,0.0022363035782805166,0.0022363035782805166,0.6510252621948556,0.4220615964802013
2013-01-28,0.0001489092400933599,1.0,0.0,0.0001489092400933599,0.0001489092400933599,0.6511222130901936,0.4221244500314269
2013-01-29,-0.002086749900175699,0.0,0.0005,-0.0005,-0.002086749900175699,0.6507967333603618,0.4212445003142679
2013-01-30,-0.002240646243277024,0.0,0.0,-0.0,-0.002240646243277024,0.6507967333603618,0.42030169704588327
2013-01-31,0.011744727286675031,1.0,0.0005,0.01124472728667503,0.011744727286675031,0.658156064436498,0.4252671275927091
2013-02-01,-0.017594012805369503,0.0,0.0005,-0.0005,-0.017594012805369503,0.6578270686600779,0.41785040854808314
2013-02-04,0.014633679086311276,1.0,0.0005,0.014133679086311276,0.014633679086311276,0.6671906000449052,0.42401005656819624
2013-02-05,-0.0032665210930893454,0.0,0.0005,-0.0005,-0.0032665210930893454,0.6668570881298097,0.42262727844123205
2013-02-06,0.0008919281102671979,1.0,0.0005,0.00039192811026719787,0.0008919281102671979,0.6671184993920435,0.4230043997485859
2013-02-07,0.010200398887686112,1.0,0.0,0.010200398887686112,0.010200398887686112,0.6739581987171624,0.4273412947831553
2013-02-08,0.0002941176491790974,0.0,0.0005,-0.0005,0.0002941176491790974,0.6736213038485397,0.4274670018856066
2013-02-11,-0.00412553996073502,0.0,0.0,-0.0,-0.00412553996073502,0.6736213038485397,0.42570710245128857
2013-02-12,0.003537218131734592,0.0,0.0,0.0,0.003537218131734592,0.6736213038485397,0.427215587680704
2013-02-13,-0.0002942907613940842,0.0,0.0,-0.0,-0.0002942907613940842,0.6736213038485397,0.42708988057825276
2013-02-14,-0.002947680837342489,0.0,0.0,-0.0,-0.002947680837342489,0.6736213038485397,0.4258328095537398
2013-02-15,0.007206443423613388,1.0,0.0005,0.006706443423613389,0.007206443423613388,0.6781540894578482,0.4289126335637964
2013-02-19,-0.01550647625136502,1.0,0.0,-0.01550647625136502,-0.01550647625136502,0.6677194207308443,0.4223130106851038
2013-02-20,-0.010773708878568142,1.0,0.0,-0.010773708878568142,-0.010773708878568142,0.6605642193180417,0.4177875549968574
2013-02-21,0.010014379136658738,0.0,0.0005,-0.0005,0.010014379136658738,0.6602340197651501,0.421992457573853
2013-02-22,-0.012424381809372819,1.0,0.0005,-0.01292438180937282,-0.012424381809372819,0.6517558090425022,0.41678189817724715
2013-02-25,0.003763081132176867,1.0,0.0,0.003763081132176867,0.003763081132176867,0.6542130395094095,0.41835323695788823
2013-02-26,0.010149639816930518,1.0,0.0,0.010149639816930518,0.010149639816930518,0.6608868774575298,0.4226209930861095
2013-02-27,-0.00206939235224761,1.0,0.0,-0.00206939235224761,-0.00206939235224761,0.6595206573179293,0.421747328724073
2013-02-28,0.004164194000770713,1.0,0.0,0.004164194000770713,0.004164194000770713,0.6622727554408655,0.4235072281583911
2013-03-01,0.004442477319561215,1.0,0.0,0.004442477319561215,0.004442477319561215,0.6652214320011545,0.4253928346951605
2013-03-04,0.014667320731306882,1.0,0.0,0.014667320731306882,0.014667320731306882,0.6750503538687838,0.4316781898177249
2013-03-05,-0.00247831601446709,0.0,0.0005,-0.0005,-0.00247831601446709,0.6747129130590818,0.4306096794468889
2013-03-06,0.002623908210982479,1.0,0.0005,0.002123908210982479,0.002623908210982479,0.6761474642434336,0.4317410433689505
2013-03-07,0.0011639751059545863,1.0,0.0,0.0011639751059545863,0.0011639751059545863,0.6769349412726879,0.4322438717787556
2013-03-08,0.0029040241114550816,1.0,0.0,0.0029040241114550816,0.0029040241114550816,0.6789036338458235,0.4335009428032685
2013-03-11,-0.0036313497671999827,1.0,0.0,-0.0036313497671999827,-0.0036313497671999827,0.676442768129404,0.43192960402262737
2013-03-12,-0.0013105207554567242,0.0,0.0005,-0.0005,-0.0013105207554567242,0.6761046312865945,0.43136392206159657
2013-03-13,0.003345700989834362,0.0,0.0,0.0,0.003345700989834362,0.6761046312865945,0.43280955373978636
2013-03-14,-0.005095737895569876,0.0,0.0,-0.0,-0.005095737895569876,0.6761046312865945,0.4306096794468889
2013-03-15,-0.002191861767417646,0.0,0.0,-0.0,-0.002191861767417646,0.6761046312865945,0.4296668761785042
2013-03-18,-0.0019035074200578473,0.0,0.0,-0.0,-0.0019035074200578473,0.6761046312865945,0.4288497800125708
2013-03-19,0.006995844187460999,1.0,0.0005,0.006495844187460999,0.006995844187460999,0.6805107970153386,0.43186046511627924
2013-03-20,-0.011402431811582613,0.0,0.0005,-0.0005,-0.011402431811582613,0.680170626666505,0.4269641734758015
2013-03-21,0.009668988308019396,1.0,0.0005,0.009168988308019396,0.009668988308019396,0.6864357818644949,0.431112507856694
2013-03-22,-0.0036515048240841866,1.0,0.0,-0.0036515048240841866,-0.0036515048240841866,0.6839338290220088,0.42954116907605294
2013-03-25,0.0053995023558386585,1.0,0.0,0.0053995023558386585,0.0053995023558386585,0.6876367192288882,0.4318667504714017
2013-03-26,0.0013235306744041274,1.0,0.0,0.0013235306744041274,0.0013235306744041274,0.6885474300635532,0.4324387177875552
2013-03-27,0.0024533477258112534,1.0,0.0,0.0024533477258112534,0.0024533477258112534,0.6902387501850739,0.43350094280326856
2013-03-28,-0.006837882175020288,1.0,0.0,-0.006837882175020288,-0.006837882175020288,0.6855350788411999,0.4305468258956633
2013-04-01,0.007852301506992886,1.0,0.0,0.007852301506992886,0.007852301506992886,0.6909392969809699,0.43394091766184806
2013-04-02,-0.009167034002266003,0.0,0.0005,-0.0005,-0.009167034002266003,0.6905939136854988,0.42998114393463244
2013-04-03,0.0002923121914997924,1.0,0.0005,-0.0002076878085002076,0.0002923121914997924,0.6904505006420877,0.43010685103708374
2013-04-04,-0.008349829495266536,1.0,0.0,-0.008349829495266536,-0.008349829495266536,0.6847093588202939,0.4265304839723446
2013-04-05,0.0052762815213598345,0.0,0.0005,-0.0005,0.0052762815213598345,0.6843670897152907,0.4287869264613452
2013-04-08,0.006720259038775167,1.0,0.0005,0.006220259038775168,0.006720259038775167,0.6886372974215438,0.4316781898177249
2013-04-09,0.01925146877846546,1.0,0.0,0.01925146877846546,0.01925146877846546,0.7020230107596007,0.44006913890634836
2013-04-10,-0.0003571301062922269,1.0,0.0,-0.0003571301062922269,-0.0003571301062922269,0.7017723419704984,0.43991200502828415
2013-04-11,-0.0007146430662184827,0.0,0.0005,-0.0005,-0.0007146430662184827,0.7014215435064375,0.43959773727215595
2013-04-12,-0.01992845734570535,0.0,0.0,-0.0,-0.01992845734570535,0.7014215435064375,0.4309239472030171
2013-04-15,0.013185730415265055,1.0,0.0005,0.012685730415265054,0.013185730415265055,0.7103762666282497,0.4366436203645506
2013-04-16,-0.019697551486765406,0.0,0.0005,-0.0005,-0.019697551486765406,0.7100211672771714,0.42812696417347584
2013-04-17,-0.013985621648702647,0.0,0.0,-0.0,-0.013985621648702647,0.7100211672771714,0.4221810182275299
2013-04-18,0.013618527925554047,0.0,0.0,0.0,0.013618527925554047,0.7100211672771714,0.42796983029541186
2013-04-19,0.010228026043047508,0.0,0.0,0.0,0.010228026043047508,0.7100211672771714,0.432369578881207
2013-04-22,0.00954868366242995,0.0,0.0,0.0,0.00954868366242995,0.7100211672771714,0.4365179132620995
2013-04-23,-0.00043205876671256743,1.0,0.0005,-0.0009320587667125675,-0.00043205876671256743,0.7093596941374656,0.43632935260842254
2013-04-24,0.005315722595420218,1.0,0.0,0.005315722595420218,0.005315722595420218,0.7131404934291807,0.4386549340037714
2013-04-25,-0.0031572930935104397,1.0,0.0,-0.0031572930935104397,-0.0031572930935104397,0.7108924506070798,0.43727215587680723
2013-04-26,0.009157311093607491,1.0,0.0,0.009157311093607491,0.009157311093607491,0.7174322115441005,0.44129478315524845
2013-04-29,0.007237667300230603,1.0,0.0,0.007237667300230603,0.007237667300230603,0.722643583540789,0.4445003142677563
2013-04-30,-0.004677210709347743,1.0,0.0,-0.004677210709347743,-0.004677210709347743,0.7192715193076377,0.44242614707731004
2013-05-01,0.012564575542513598,1.0,0.0,0.012564575542513598,0.012564575542513598,0.7283658743606821,0.44802011313639234
2013-05-02,0.011715615172562763,1.0,0.0,0.011715615172562763,0.011715615172562763,0.7369493105905218,0.45329981143934656
2013-05-03,0.003874901056554157,1.0,0.0,0.003874901056554157,0.003874901056554157,0.7398104560004685,0.4550597108736646
2013-05-06,-0.0005526388645764178,0.0,0.0005,-0.0005,-0.0005526388645764178,0.7394406432333643,0.45480829666876194
2013-05-07,0.004825266134870917,0.0,0.0,0.0,0.004825266134870917,0.7394406432333643,0.4570081709616594
2013-05-08,-0.0014244771584959097,1.0,0.0005,-0.0019244771584959097,-0.0014244771584959097,0.7380189750281678,0.456357636706474
2013-05-09,0.006089688693238961,0.0,0.0005,-0.0005,0.006089688693238961,0.7376500577776521,0.45914519170333135
2013-05-10,0.0012312745245266984,1.0,0.0005,0.0007312745245266984,0.0012312745245266984,0.7381896797547755,0.45971087366436214
2013-05-13,0.005182065326196412,0.0,0.0005,-0.0005,0.005182065326196412,0.7378206771732311,0.46209930861093657
2013-05-14,0.002038182647290788,1.0,0.0005,0.0015381826472907882,0.002038182647290788,0.7389564534273961,0.4630421118793213
2013-05-15,-0.0010865137562145674,0.0,0.0005,-0.0005,-0.0010865137562145674,0.7385870675548462,0.46253928346951617
2013-05-16,0.009601804785205816,1.0,0.0005,0.009101804785205815,0.009601804785205816,0.7453402292193188,0.4670018856065369
2013-05-17,-0.0014815815222789662,1.0,0.0,-0.0014815815222789662,-0.0014815815222789662,0.7442367645461812,0.4663104965430548
2013-05-20,0.001077731479770605,1.0,0.0,0.001077731479770605,0.001077731479770605,0.745039284308463,0.46681332495286
2013-05-21,-0.008803957088000396,1.0,0.0,-0.008803957088000396,-0.008803957088000396,0.7385087797428941,0.46272155876807053
2013-05-22,-0.002298241973318361,0.0,0.0005,-0.0005,-0.002298241973318361,0.7381396176512364,0.4616593337523571
2013-05-23,-0.0005447364971964491,1.0,0.0005,-0.001044736497196449,-0.0005447364971964491,0.7373688589426315,0.4614079195474545
2013-05-24,0.006517334677866347,1.0,0.0,0.006517334677866347,0.006517334677866347,0.7421902327648964,0.46442489000628545
2013-05-28,-0.004748024927430208,1.0,0.0,-0.004748024927430208,-0.004748024927430208,0.7386746476861616,0.462225015713388
2013-05-29,0.005289223695882835,1.0,0.0,0.005289223695882835,0.005289223695882835,0.742592013916752,0.4646763042111881
2013-05-30,-0.00924045167183204,1.0,0.0,-0.00924045167183204,-0.00924045167183204,0.7357617343352101,0.4604022627278443
2013-05-31,0.0017731710299592565,1.0,0.0,0.0017731710299592565,0.0017731710299592565,0.7370675230787401,0.46121935889377763
2013-06-03,-0.005191977778744813,1.0,0.0,-0.005191977778744813,-0.005191977778744813,0.7332506021361138,0.45883092394720315
2013-06-04,-0.013099118702860065,1.0,0.0,-0.013099118702860065,-0.013099118702860065,0.723708299779548,0.45285983658076695
2013-06-05,0.004845976946139665,1.0,0.0,0.004845976946139665,0.004845976946139665,0.7272238848582828,0.4550597108736645
2013-06-06,0.013581387165300631,0.0,0.0005,-0.0005,0.013581387165300631,0.7268603638036907,0.4612822124450032
2013-06-07,0.00040869151171681143,1.0,0.0005,-9.130848828318858e-05,0.00040869151171681143,0.7267939983125912,0.4614707730986802
2013-06-10,-0.009992554572144248,1.0,0.0,-0.009992554572144248,-0.009992554572144248,0.7195676346682409,0.45688246385920817
2013-06-11,-0.011623210971510164,0.0,0.0005,-0.0005,-0.011623210971510164,0.719207940781872,0.451602765556254
2013-06-12,0.012585741124887617,0.0,0.0,0.0,0.012585741124887617,0.719207940781872,0.45732243871778766
2013-06-13,-0.006618887925893866,0.0,0.0,-0.0,-0.006618887925893866,0.719207940781872,0.4543054682589567
2013-06-14,0.00963796528427388,0.0,0.0,0.0,0.00963796528427388,0.719207940781872,0.4587052168447518
2013-06-17,0.008187818668326578,1.0,0.0005,0.007687818668326577,0.008187818668326578,0.7247583890984031,0.4624764299182904
2013-06-18,-0.011206896026706758,1.0,0.0,-0.011206896026706758,-0.011206896026706758,0.7166814404838245,0.4573224387177876
2013-06-19,-0.024134425909669886,0.0,0.0005,-0.0005,-0.024134425909669886,0.7163231893338337,0.44641734758013835
2013-06-20,-0.008412618982932638,0.0,0.0,-0.0,-0.008412618982932638,0.7163231893338337,0.4426775612822125
2013-06-21,-0.00998866752439965,0.0,0.0,-0.0,-0.00998866752439965,0.7163231893338337,0.4382778126964174
2013-06-24,0.0072873080939416905,1.0,0.0005,0.00678730809394169,0.0072873080939416905,0.7212016325350434,0.4414833438089252
2013-06-25,0.008929263495303631,1.0,0.0,0.008929263495303631,0.008929263495303631,0.7276702690455373,0.4454431175361409
2013-06-26,0.004224168489015099,1.0,0.0,0.004224168489015099,0.004224168489015099,0.7307505721457724,0.4473287240729102
2013-06-27,0.001404100202599561,1.0,0.0,0.001404100202599561,0.001404100202599561,0.7317773398458507,0.4479572595851666
2013-06-28,0.006154726380704121,1.0,0.0,0.006154726380704121,0.006154726380704121,0.7362951177261955,0.45072281583909496
2013-07-01,0.00041826420965301045,1.0,0.0,0.00041826420965301045,0.00041826420965301045,0.7366031480362191,0.45091137649277185
2013-07-02,0.004048109805027844,1.0,0.0,0.004048109805027844,0.004048109805027844,0.7395910420434472,0.45274041483343813
2013-07-03,0.007592819875759934,1.0,0.0,0.007592819875759934,0.007592819875759934,0.7452279967168773,0.4561910747957259
2013-07-05,0.0009639882313677377,1.0,0.0,0.0009639882313677377,0.0009639882313677377,0.7459467341069322,0.4566310496543055
2013-07-08,0.0060381684760083985,1.0,0.0,0.0060381684760083985,0.0060381684760083985,0.750464511987277,0.45939660590823383
2013-07-09,0.0057298928936959995,1.0,0.0,0.0057298928936959995,0.0057298928936959995,0.7547769363276062,0.4620364550597109
2013-07-10,0.019666582128974458,1.0,0.0,0.019666582128974458,0.019666582128974458,0.7697677447487504,0.47121307353865494
2013-07-11,0.004392101290877142,1.0,0.0,0.004392101290877142,0.004392101290877142,0.773156078159009,0.4732872407291012
2013-07-12,0.0022550914909291887,1.0,0.0,0.0022550914909291887,0.0022550914909291887,0.7749015832491422,0.47435575109993716
2013-07-15,-0.0013259084413984516,0.0,0.0005,-0.0005,-0.0013259084413984516,0.7745142293040738,0.47372721558768077
2013-07-16,0.0025177247779303324,0.0,0.0,0.0,0.0025177247779303324,0.7745142293040738,0.474921433060968
2013-07-17,-0.0025177247779302452,0.0,0.0,-0.0,-0.0025177247779302452,0.7745142293040738,0.4737272155876808
2013-07-18,-0.01040286788830663,0.0,0.0,-0.0,-0.01040286788830663,0.7745142293040738,0.4688246385920806
2013-07-19,0.0029451159172416016,0.0,0.0,0.0,0.0029451159172416016,0.7745142293040738,0.4702074167190447
2013-07-22,-0.0073791171353795,1.0,0.0005,-0.0078791171353795,-0.0073791171353795,0.768435719061846,0.4667504714016343
2013-07-23,0.003226676636579671,1.0,0.0,0.003226676636579671,0.003226676636579671,0.7709192172112513,0.4682589566310497
2013-07-24,0.006288908129456783,0.0,0.0005,-0.0005,0.006288908129456783,0.7705338539514891,0.47121307353865494
2013-07-25,0.005321284340407987,1.0,0.0005,0.004821284340407987,0.005321284340407987,0.7742577866109097,0.4737272155876808
2013-07-26,-0.0018592302832483223,1.0,0.0,-0.0018592302832483223,-0.0018592302832483223,0.7728196004609094,0.4728472658705218
2013-07-29,0.005302942295807823,1.0,0.0,0.005302942295807823,0.005302942295807823,0.7769287037466246,0.4753614079195475
2013-07-30,0.0018494060753439304,1.0,0.0,0.0018494060753439304,0.0018494060753439304,0.7783668898966251,0.47624135763670655
2013-07-31,0.010111044054274262,1.0,0.0,0.010111044054274262,0.010111044054274262,0.7862769137216271,0.48108108108108116
2013-08-01,0.0056022555486697516,0.0,0.0005,-0.0005,0.0056022555486697516,0.7858838735330017,0.48378378378378384
2013-08-02,0.0006493928405366365,1.0,0.0005,0.00014939284053663653,0.0006493928405366365,0.7860012877274024,0.48409805153991203
2013-08-05,-0.005990381242063967,0.0,0.0005,-0.0005,-0.005990381242063967,0.7856083853173267,0.4812067881835324
2013-08-06,-0.001830305125944987,1.0,0.0005,-0.002330305125944987,-0.001830305125944987,0.7837798094673541,0.48032683846637336
2013-08-07,0.004960198134872566,1.0,0.0,0.004960198134872566,0.004960198134872566,0.7876771704670609,0.48271527341294784
2013-08-08,-0.004044626819851811,1.0,0.0,-0.004044626819851811,-0.004044626819851811,0.7844977443883527,0.48076681332495286
2013-08-09,0.002350484237028456,0.0,0.0005,-0.0005,0.002350484237028456,0.7841055935620349,0.4818981772470145
2013-08-12,0.005592782998480751,0.0,0.0,0.0,0.005592782998480751,0.7841055935620349,0.4846008799497172
2013-08-13,-0.0037684405586931114,1.0,0.0005,-0.004268440558693111,-0.0037684405586931114,0.7807658183309781,0.4827781269641736
2013-08-14,-0.017069742195256393,1.0,0.0,-0.017069742195256393,-0.017069742195256393,0.7675514508810332,0.4746071653048398
2013-08-15,-0.00033113679563486333,1.0,0.0,-0.00033113679563486333,-0.00033113679563486333,0.7672973284300727,0.4744500314267757
2013-08-16,-0.0017900359471949968,1.0,0.0,-0.0017900359471949968,-0.0017900359471949968,0.7659250671948861,0.47360150848522947
2013-08-19,0.004369999671118609,1.0,0.0,0.004369999671118609,0.004369999671118609,0.7692794835475646,0.47567567567567587
2013-08-20,-0.0034414329134118487,1.0,0.0,-0.0034414329134118487,-0.0034414329134118487,0.7666366100575754,0.4740414833438091
2013-08-21,0.009763898652898837,1.0,0.0,0.009763898652898837,0.009763898652898837,0.7741586346060058,0.47869264613450674
2013-08-22,0.006674107087693218,1.0,0.0,0.006674107087693218,0.006674107087693218,0.7793427326055995,0.48189817724701467
2013-08-23,0.0005215804004018522,0.0,0.0005,-0.0005,0.0005215804004018522,0.778953158640904,0.4821495914519172
2013-08-26,-0.02067903782538207,1.0,0.0005,-0.02117903782538207,-0.02067903782538207,0.7626291537635993,0.4722815839094911
2013-08-27,0.0038520337197166664,0.0,0.0005,-0.0005,0.0038520337197166664,0.7622479344994756,0.47410433689503473
2013-08-28,0.007001812078545541,1.0,0.0005,0.006501812078545541,0.007001812078545541,0.7672200737686053,0.47743557510999385
2013-08-29,-0.006471659647308048,0.0,0.0005,-0.0005,-0.006471659647308048,0.7668365596182485,0.47435575109993733
2013-08-30,0.00568145810480733,1.0,0.0005,0.005181458104807329,0.00568145810480733,0.7708202027525773,0.4770584538026401
2013-09-03,0.01061539356962064,0.0,0.0005,-0.0005,0.01061539356962064,0.7704348889876697,0.48214959145191727
2013-09-04,0.0016932599291511496,0.0,0.0,0.0,0.0016932599291511496,0.7704348889876697,0.4829666876178507
2013-09-05,0.001170579570487431,0.0,0.0,0.0,0.001170579570487431,0.7704348889876697,0.4835323695788815
2013-09-06,0.011631043500453303,0.0,0.0,0.0,0.011631043500453303,0.7704348889876697,0.4891891891891894
2013-09-09,0.004870555642223146,0.0,0.0,0.0,0.004870555642223146,0.7704348889876697,0.49157762413576384
2013-09-10,-0.0019197548610510916,1.0,0.0005,-0.0024197548610510916,-0.0019197548610510916,0.7685728791321567,0.4906348208673792
2013-09-11,-0.0006407381522471583,1.0,0.0,-0.0006407381522471583,-0.0006407381522471583,0.7680805828990461,0.49032055311125095
2013-09-12,0.0006407381522470486,1.0,0.0,0.0006407381522470486,0.0006407381522470486,0.7685728791321566,0.49063482086737914
2013-09-13,-0.0026938634724617285,1.0,0.0,-0.0026938634724617285,-0.0026938634724617285,0.7665052349530922,0.48931489629164054
2013-09-16,0.006657302784766014,0.0,0.0005,-0.0005,0.006657302784766014,0.7661220781328032,0.4925832809553741
2013-09-17,0.011923023030455017,1.0,0.0005,0.011423023030455016,0.011923023030455017,0.774923683036638,0.4984915147705847
2013-09-18,0.0023927975650579834,1.0,0.0,0.0023927975650579834,0.0023927975650579834,0.7767801387140678,0.4996857322438719
2013-09-19,-0.006499060639225676,1.0,0.0,-0.006499060639225676,-0.006499060639225676,0.7717481667462974,0.49644877435575124
2013-09-20,-0.0019643259492436262,1.0,0.0,-0.0019643259492436262,-0.0019643259492436262,0.7702336897462889,0.49547454431175375
2013-09-23,0.0,1.0,0.0,0.0,0.0,0.7702336897462889,0.49547454431175375
2013-09-24,-0.0034309710256063917,0.0,0.0005,-0.0005,-0.0034309710256063917,0.7698486691645825,0.49377749842866137
2013-09-25,0.007734775137131894,0.0,0.0,0.0,0.007734775137131894,0.7698486691645825,0.49761156505342563
2013-09-26,-0.0012639031005068383,0.0,0.0,-0.0,-0.0012639031005068383,0.7698486691645825,0.49698302954116913
2013-09-27,-0.0024058257884556305,0.0,0.0,-0.0,-0.0024058257884556305,0.7698486691645825,0.49578881206788195
2013-09-30,0.01009090298196294,1.0,0.0005,0.00959090298196294,0.01009090298196294,0.7772677339562548,0.5008170961659335
2013-10-01,-0.00037657692028532277,1.0,0.0,-0.00037657692028532277,-0.00037657692028532277,0.7769750879720845,0.5006285355122566
2013-10-02,-0.011744783612059648,0.0,0.0005,-0.0005,-0.011744783612059648,0.7765866975337995,0.4947831552482716
2013-10-03,0.008601115509092191,1.0,0.0005,0.008101115509092191,0.008601115509092191,0.782903467970403,0.49905719673161547
2013-10-04,-0.008347082737498662,0.0,0.0005,-0.0005,-0.008347082737498662,0.7825121140830429,0.4949088623507229
2013-10-07,-0.019492794679501116,1.0,0.0005,-0.019992794679501116,-0.019492794679501116,0.767022862696308,0.485355122564425
2013-10-08,-0.0031128429804902036,0.0,0.0005,-0.0005,-0.0031128429804902036,0.7666394471268402,0.48384663733500954
2013-10-09,0.020953269950065013,0.0,0.0,0.0,0.020953269950065013,0.7666394471268402,0.4940917661847895
2013-10-10,0.007603635670523169,1.0,0.0005,0.007103635670523169,0.007603635670523169,0.7721047632748685,0.4978629792583281
2013-10-11,0.006794188188765705,0.0,0.0005,-0.0005,0.006794188188765705,0.771718807390243,0.501257071024513
2013-10-14,-0.0035171497128659735,1.0,0.0005,-0.004017149712865974,-0.0035171497128659735,0.7686249158780583,0.4994971715901949
2013-10-15,0.011385797068967066,1.0,0.0,0.011385797068967066,0.011385797068967066,0.7774263336891698,0.5052168447517286
2013-10-16,0.0059538751915697765,0.0,0.0005,-0.0005,0.0059538751915697765,0.7770377176844225,0.5082338152105594
2013-10-17,0.015705844315787823,1.0,0.0005,0.015205844315787823,0.015705844315787823,0.788943521746703,0.516279069767442
2013-10-18,0.002188982997381569,0.0,0.0005,-0.0005,0.002188982997381569,0.7885491485873356,0.5174104336895036
2013-10-21,0.0016992357529598428,1.0,0.0005,0.0011992357529598428,0.0016992357529598428,0.7894953721784658,0.5182903834066626
2013-10-22,-0.006204022088915184,0.0,0.0005,-0.0005,-0.006204022088915184,0.7891007231628523,0.5150848522941547
2013-10-23,0.00486915143381055,0.0,0.0,0.0,0.00486915143381055,0.7891007231628523,0.5175989943431805
2013-10-24,0.0066566055176000664,1.0,0.0005,0.006156605517600066,0.0066566055176000664,0.7939738907215413,0.5210559396605909
2013-10-25,-0.0006033182686775115,0.0,0.0005,-0.0005,-0.0006033182686775115,0.7935770030063778,0.5207416719044626
2013-10-28,0.0027722551353396773,0.0,0.0,0.0,0.0027722551353396773,0.7935770030063778,0.5221873035826524
2013-10-29,-0.0019277114403326479,0.0,0.0,-0.0,-0.0019277114403326479,0.7935770030063778,0.5211816467630421
2013-10-30,-0.0021731265343134607,1.0,0.0005,-0.0026731265343134607,-0.0021731265343134607,0.7914585040320276,0.5200502828409805
2013-10-31,0.0004833252873210188,1.0,0.0,0.0004833252873210188,0.0004833252873210188,0.7918411283994591,0.5203016970458831
2013-11-01,0.0015691958075408404,0.0,0.0005,-0.0005,0.0015691958075408404,0.7914453067989058,0.5211187932118164
2013-11-04,0.0014463061458118833,0.0,0.0,0.0,0.0014463061458118833,0.7914453067989058,0.5218730358265242
2013-11-05,-0.00024090580699494835,0.0,0.0,-0.0,-0.00024090580699494835,0.7914453067989058,0.5217473287240729
2013-11-06,-0.018971747418890086,1.0,0.0005,-0.019471747418890087,-0.018971747418890086,0.7761835524058692,0.5119421747328724
2013-11-07,0.01353596668519841,1.0,0.0,0.01353596668519841,0.01353596668519841,0.7867613761403138,0.5189189189189188
2013-11-08,-0.0012119744544987086,1.0,0.0,-0.0012119744544987086,-0.0012119744544987086,0.7858084190471205,0.5182903834066624
2013-11-11,0.000848536325839086,1.0,0.0,0.000848536325839086,0.000848536325839086,0.786475489012356,0.5187303582652419
2013-11-12,0.011924260529735572,1.0,0.0,0.011924260529735572,0.011924260529735572,0.7959097642349686,0.5249528598365807
2013-11-13,0.002988824031389582,0.0,0.0005,-0.0005,0.002988824031389582,0.7955119088249922,0.5265241986172218
2013-11-14,0.002265546786714104,1.0,0.0005,0.0017655467867141038,0.002265546786714104,0.7969176629165579,0.5277184160905091
2013-11-15,-0.009814561127940737,1.0,0.0,-0.009814561127940737,-0.009814561127940737,0.789134522330665,0.5225644248900063
2013-11-18,-0.0028908716832419822,0.0,0.0005,-0.0005,-0.0028908716832419822,0.7887400536948767,0.5210559396605908
2013-11-19,-0.002415460111603662,1.0,0.0005,-0.002915460111603662,-0.002415460111603662,0.7864438623834445,0.5197988686360779
2013-11-20,0.010105957039383618,1.0,0.0,0.010105957039383618,0.010105957039383618,0.794431925798222,0.5250785669390321
2013-11-21,0.005372185068506296,0.0,0.0005,-0.0005,0.005372185068506296,0.794034809122765,0.5279069767441861
2013-11-22,0.0023784052120369415,1.0,0.0005,0.0018784052120369415,0.0023784052120369415,0.7955277299629344,0.529164047768699
2013-11-25,0.005212664332441937,1.0,0.0,0.005212664332441937,0.005212664332441937,0.7996853757781581,0.5319296040226272
2013-11-26,0.0069473343897513825,0.0,0.0005,-0.0005,0.0069473343897513825,0.799285633034283,0.5356379635449403
2013-11-27,0.005966674618898623,1.0,0.0005,0.005466674618898623,0.005966674618898623,0.8036670324487956,0.5388434946574482
2013-11-29,-0.002920392239717704,1.0,0.0,-0.002920392239717704,-0.002920392239717704,0.8013234332640038,0.537272155876807
2013-12-02,-0.0008192404928911156,1.0,0.0,-0.0008192404928911156,-0.0008192404928911156,0.800667225492262,0.5368321810182275
2013-12-03,0.0009362200800863609,1.0,0.0,0.0009362200800863609,0.0009362200800863609,0.8014171772313953,0.5373350094280326
2013-12-04,-0.0012875287083263425,1.0,0.0,-0.0012875287083263425,-0.0012875287083263425,0.8003859935900869,0.5366436203645505
2013-12-05,0.007235414923691764,1.0,0.0,0.007235414923691764,0.007235414923691764,0.8061981195683705,0.5405405405405403
2013-12-06,0.004061508339179794,1.0,0.0,0.004061508339179794,0.004061508339179794,0.809479158427079,0.5427404148334379
2013-12-09,-0.000695088072471377,1.0,0.0,-0.000695088072471377,-0.000695088072471377,0.808916694622729,0.542363293526084
2013-12-10,-0.012947052025148686,1.0,0.0,-0.012947052025148686,-0.012947052025148686,0.7985111142422535,0.5353865493400376
2013-12-11,-0.002586107001438886,1.0,0.0,-0.002586107001438886,-0.002586107001438886,0.7964487469596366,0.5340037712130733
2013-12-12,-0.0012955658133934084,1.0,0.0,-0.0012955658133934084,-0.0012955658133934084,0.7954175633183282,0.5333123821495912
2013-12-13,0.005523901922914472,1.0,0.0,0.005523901922914472,0.005523901922914472,0.7998235297857368,0.5362664990571965
2013-12-16,-0.0019944864944523907,1.0,0.0,-0.0019944864944523907,-0.0019944864944523907,0.7982298823400784,0.5351979886863606
2013-12-17,0.01155947251726708,1.0,0.0,0.01155947251726708,0.01155947251726708,0.8075105351118538,0.5414204902576993
2013-12-18,-0.002790050635754764,0.0,0.0005,-0.0005,-0.002790050635754764,0.8071068807662937,0.5399120050282838
2013-12-19,0.006960584947623973,1.0,0.0005,0.0064605849476239725,0.006960584947623973,0.8123381436447046,0.5436832181018225
2013-12-20,0.010465278654562897,1.0,0.0,0.010465278654562897,0.010465278654562897,0.8208841287396951,0.5494028912633562
2013-12-23,0.00045750887221467963,0.0,0.0005,-0.0005,0.00045750887221467963,0.8204737892687417,0.5496543054682588
2013-12-24,0.0033106942734567007,1.0,0.0005,0.0028106942734567007,0.0033106942734567007,0.8227831341606733,0.5514770584538023
2013-12-26,-0.002510557064396865,1.0,0.0,-0.002510557064396865,-0.002510557064396865,0.8207200809407582,0.5500942803268382
2013-12-27,-0.0014864790342181524,1.0,0.0,-0.0014864790342181524,-0.0014864790342181524,0.8195010040380811,0.5492771841609049
2013-12-30,0.0065013060471074335,1.0,0.0,0.0065013060471074335,0.0065013060471074335,0.8248461873805882,0.5528598365807665
2013-12-31,-0.007875404511340412,1.0,0.0,-0.007875404511340412,-0.007875404511340412,0.8183757022817638,0.5485229415461971
2014-01-02,-0.007245158482484734,0.0,0.0005,-0.0005,-0.007245158482484734,0.8179666167105383,0.5445631678189815
2014-01-03,-0.003700281742856028,0.0,0.0,-0.0,-0.003700281742856028,0.8179666167105383,0.5425518541797608
2014-01-06,0.009225157674825908,0.0,0.0,0.0,0.009225157674825908,0.8179666167105383,0.5475801382778124
2014-01-07,0.002178525198011334,0.0,0.0,0.0,0.002178525198011334,0.8179666167105383,0.5487743557510997
2014-01-08,-0.0033270265301823545,1.0,0.0005,-0.0038270265301823545,-0.0033270265301823545,0.8148422191571082,0.546951602765556
2014-01-09,0.0032124855530223854,1.0,0.0,0.0032124855530223854,0.0032124855530223854,0.8174640971318724,0.548711502199874
2014-01-10,-0.014886894282168309,1.0,0.0,-0.014886894282168309,-0.014886894282168309,0.8053847307481369,0.5406033940917658
2014-01-13,0.01888804280385527,1.0,0.0,0.01888804280385527,0.01888804280385527,0.8207414446003278,0.5509113764927714
2014-01-14,0.008180934162669606,0.0,0.0005,-0.0005,0.008180934162669606,0.8203311764536115,0.5554368321810179
2014-01-15,0.00011315417268079125,1.0,0.0005,-0.0003868458273192088,0.00011315417268079125,0.8200138961342212,0.5554996857322435
2014-01-16,-0.005673452186184398,1.0,0.0,-0.005673452186184398,-0.005673452186184398,0.8153747589078453,0.5523570081709613
2014-01-17,0.007595116712433207,0.0,0.0005,-0.0005,0.007595116712433207,0.8149671734332513,0.5565681961030795
2014-01-21,0.002594035177046749,1.0,0.0005,0.002094035177046749,0.002594035177046749,0.8166755314191576,0.5580138277812694
2014-01-22,-0.0033848616318645176,1.0,0.0,-0.0033848616318645176,-0.0033848616318645176,0.8139158709165022,0.5561282212445
2014-01-23,-0.01986139936680458,1.0,0.0,-0.01986139936680458,-0.01986139936680458,0.7979098400011008,0.5451917033312379
2014-01-24,-0.009731309417010399,1.0,0.0,-0.009731309417010399,-0.009731309417010399,0.7901827905936657,0.5399120050282838
2014-01-27,-0.0005822416467252626,0.0,0.0005,-0.0005,-0.0005822416467252626,0.7897877979547576,0.5395977372721555
2014-01-28,-0.010774199551566431,0.0,0.0,-0.0,-0.010774199551566431,0.7897877979547576,0.5338152105593964
2014-01-29,0.01831702614591568,1.0,0.0005,0.01781702614591568,0.01831702614591568,0.8039855732836744,0.5436832181018225
2014-01-30,-0.0026625008493463085,1.0,0.0,-0.0026625008493463085,-0.0026625008493463085,0.8018478081755211,0.5422375864236327
2014-01-31,-0.023218679079096458,0.0,0.0005,-0.0005,-0.023218679079096458,0.8014469844857064,0.5297925832809552
2014-02-03,0.0073286380018811464,1.0,0.0005,0.006828638001881146,0.0073286380018811464,0.8069385042815916,0.5336895034569451
2014-02-04,-0.002594341077764383,1.0,0.0,-0.002594341077764383,-0.002594341077764383,0.8048477438182546,0.5323067253299809
2014-02-05,0.012671764068822491,1.0,0.0,0.012671764068822491,0.012671764068822491,0.8151114770019093,0.5390949088623506
2014-02-06,0.017681167843226445,0.0,0.0005,-0.0005,0.017681167843226445,0.8147040231353636,0.5487115021998742
2014-02-07,0.005711037795514434,0.0,0.0,0.0,0.005711037795514434,0.8147040231353636,0.5518541797611564
2014-02-10,0.011325149357053503,1.0,0.0005,0.010825149357053502,0.011325149357053503,0.8235712236617395,0.5581395348837208
2014-02-11,0.0019125842585517258,1.0,0.0,0.0019125842585517258,0.0019125842585517258,0.8251478802836146,0.5592080452545568
2014-02-12,0.0073908511125942815,0.0,0.0005,-0.0005,0.0073908511125942815,0.8247354094697694,0.5633563796354494
2014-02-13,0.002006242313588043,0.0,0.0,0.0,0.002006242313588043,0.8247354094697694,0.564487743557511
2014-02-14,0.00488726953013195,0.0,0.0,0.0,0.00488726953013195,0.8247354094697694,0.5672532998114392
2014-02-18,-0.006893511843720016,0.0,0.0,-0.0,-0.006893511843720016,0.8247354094697694,0.5633563796354494
2014-02-19,0.0046749862526947635,0.0,0.0,0.0,0.0046749862526947635,0.8247354094697694,0.5659962287869265
2014-02-20,-0.0013334816955409233,0.0,0.0,-0.0,-0.0013334816955409233,0.8247354094697694,0.5652419861722188
2014-02-21,0.005323290822850956,1.0,0.0005,0.004823290822850957,0.005323290822850956,0.8287229570217345,0.5682589566310496
2014-02-24,-0.0011066844865676,0.0,0.0005,-0.0005,-0.0011066844865676,0.8283086991163303,0.5676304211187932
2014-02-25,-0.0008862302562980041,0.0,0.0,-0.0,-0.0008862302562980041,0.8283086991163303,0.5671275927089882
2014-02-26,0.0023246814033598124,1.0,0.0005,0.0018246814033598124,0.0023246814033598124,0.8298214783461847,0.5684475172847268
2014-02-27,-0.001106317183310943,1.0,0.0,-0.001106317183310943,-0.001106317183310943,0.8289039402232898,0.5678189817724704
2014-02-28,-0.007444065262501993,1.0,0.0,-0.007444065262501993,-0.007444065262501993,0.8227564347998937,0.5636077938403522
2014-03-03,0.012633146737780803,1.0,0.0,0.012633146737780803,0.012633146737780803,0.8332163694008959,0.5707730986800756
2014-03-04,0.0027492182048991245,0.0,0.0005,-0.0005,0.0027492182048991245,0.8327998653508852,0.5723444374607167
2014-03-05,-0.0008789277647779862,1.0,0.0005,-0.0013789277647779862,-0.0008789277647779862,0.8316522858904776,0.5718416090509116
2014-03-06,-0.004958414654509065,0.0,0.0005,-0.0005,-0.004958414654509065,0.8312365636867441,0.5690131992457577
2014-03-07,0.0008832947466201707,0.0,0.0,0.0,0.0008832947466201707,0.8312365636867441,0.5695160276555628
2014-03-10,-0.004313450253719354,1.0,0.0005,-0.004813450253719353,-0.004313450253719354,0.8272450619924767,0.5670647391577627
2014-03-11,0.003761482474623068,1.0,0.0,0.003761482474623068,0.003761482474623068,0.8303625893819409,0.5692017598994347
2014-03-12,-0.014235115821871985,1.0,0.0,-0.014235115821871985,-0.014235115821871985,0.8186260156804294,0.5611565053425521
2014-03-13,-0.006855885241085201,1.0,0.0,-0.006855885241085201,-0.006855885241085201,0.8130328047758026,0.5573224387177879
2014-03-14,0.008758196562812627,1.0,0.0,0.008758196562812627,0.008758196562812627,0.8201847793751613,0.5622250157133882
2014-03-17,0.012001477532620911,1.0,0.0,0.012001477532620911,0.012001477532620911,0.8300875134358118,0.5690131992457579
2014-03-18,-0.005427271448817476,0.0,0.0005,-0.0005,-0.005427271448817476,0.8296725734227417,0.5659333752357013
2014-03-19,0.002772696280856274,0.0,0.0,0.0,0.002772696280856274,0.8296725734227417,0.5675047140163424
2014-03-20,-0.01439034258724804,1.0,0.0005,-0.014890342587248041,-0.01439034258724804,0.8174099881900091,0.5593966059082343
2014-03-21,-0.008802675055346158,0.0,0.0005,-0.0005,-0.008802675055346158,0.8170013853551353,0.554494028912634
2014-03-24,0.0032818453039919846,0.0,0.0,0.0,0.0032818453039919846,0.8170013853551353,0.5563167818981777
2014-03-25,-0.0129635656707824,0.0,0.0,-0.0,-0.0129635656707824,0.8170013853551353,0.5491514770584542
2014-03-26,-0.005635628319533362,1.0,0.0005,-0.006135628319533362,-0.005635628319533362,0.8120039155046815,0.5460653676932752
2014-03-27,0.0019663202237280427,1.0,0.0,0.0019663202237280427,0.0019663202237280427,0.813602146027032,0.5471401634192335
2014-03-28,0.007097099386296113,1.0,0.0,0.007097099386296113,0.007097099386296113,0.8193968999677184,0.5510370835952234
2014-03-31,0.017413375325197693,1.0,0.0,0.017413375325197693,0.017413375325197693,0.8337903210461977,0.5607165304839725
2014-04-01,0.0025748684810968808,0.0,0.0005,-0.0005,0.0025748684810968808,0.8333735300920961,0.5621621621621623
2014-04-02,-0.007969958559542545,1.0,0.0005,-0.008469958559542546,-0.007969958559542545,0.8263446997990048,0.5576995600251416
2014-04-03,-0.026957657555052198,1.0,0.0,-0.026957657555052198,-0.026957657555052198,0.8043659610237806,0.5428661219358897
2014-04-04,-0.009539392953991825,0.0,0.0005,-0.0005,-0.009539392953991825,0.8039638785722583,0.5377121307353867
2014-04-07,0.00919198978912895,0.0,0.0,0.0,0.00919198978912895,0.8039638785722583,0.5426775612822126
2014-04-08,0.016996275006239816,1.0,0.0005,0.016496275006239815,0.016996275006239816,0.8173362819822834,0.5519798868636079
2014-04-09,-0.03146222955424288,0.0,0.0005,-0.0005,-0.03146222955424288,0.8169277159913018,0.5348837209302327
2014-04-10,-0.011701569604982408,0.0,0.0,-0.0,-0.011701569604982408,0.8169277159913018,0.528661219358894
2014-04-11,0.007816240645968192,0.0,0.0,0.0,0.007816240645968192,0.8169277159913018,0.5328095537397864
2014-04-14,0.00329878799981899,1.0,0.0005,0.00279878799981899,0.00329878799981899,0.8192173260515345,0.5345700817096168
2014-04-15,0.013197637567558996,0.0,0.0005,-0.0005,0.013197637567558996,0.8188078197736097,0.5416719044626024
2014-04-16,0.00023204548195534546,0.0,0.0,0.0,0.00023204548195534546,0.8188078197736097,0.5417976115650537
2014-04-17,0.007397167340443769,0.0,0.0,0.0,0.007397167340443769,0.8188078197736097,0.545820238843495
2014-04-21,0.007914246734255403,0.0,0.0,0.0,0.007914246734255403,0.8188078197736097,0.5501571338780643
2014-04-22,-0.008835905785673,0.0,0.0,-0.0,-0.008835905785673,0.8188078197736097,0.5453174104336898
2014-04-23,0.009521150216323947,0.0,0.0,0.0,0.009521150216323947,0.8188078197736097,0.5505342551854182
2014-04-24,-0.01611267451568979,0.0,0.0,-0.0,-0.01611267451568979,0.8188078197736097,0.541734758013828
2014-04-25,0.00324337131303109,0.0,0.0,0.0,0.00324337131303109,0.8188078197736097,0.5434946574481461
2014-04-28,0.007947977104080284,1.0,0.0005,0.007447977104080284,0.007947977104080284,0.8249290487580276,0.5478315524827155
2014-04-29,0.0026353495630337385,0.0,0.0005,-0.0005,0.0026353495630337385,0.8245166873325959,0.5492771841609053
2014-04-30,0.0029707517277905954,0.0,0.0,0.0,0.0029707517277905954,0.8245166873325959,0.5509113764927721
2014-05-01,-0.0018271102490704193,0.0,0.0,-0.0,-0.0018271102490704193,0.8245166873325959,0.5499057196731617
2014-05-02,0.005243970065393985,1.0,0.0005,0.0047439700653939855,0.005243970065393985,0.828437462482525,0.5527969830295414
2014-05-05,-0.01304664877985056,0.0,0.0005,-0.0005,-0.01304664877985056,0.8280233472887096,0.545631678189818
2014-05-06,-0.002884007305545179,1.0,0.0005,-0.003384007305545179,-0.002884007305545179,0.8252260459458548,0.5440603394091769
2014-05-07,-0.0009246417672185651,1.0,0.0,-0.0009246417672185651,-0.0009246417672185651,0.8244633601362931,0.5435575109993717
2014-05-08,0.003693448335351509,1.0,0.0,0.003693448335351509,0.003693448335351509,0.8275141033745401,0.5455688246385922
2014-05-09,0.016340419567708885,1.0,0.0,0.016340419567708885,0.016340419567708885,0.841147112220457,0.5545568824638594
2014-05-12,0.0006798096794777014,0.0,0.0005,-0.0005,0.0006798096794777014,0.8407266437902141,0.5549340037712133
2014-05-13,-0.005223722984465155,0.0,0.0,-0.0,-0.005223722984465155,0.8407266437902141,0.5520427404148335
2014-05-14,-0.007944487816420397,0.0,0.0,-0.0,-0.007944487816420397,0.8407266437902141,0.5476744186046513
2014-05-15,0.006577277850684608,1.0,0.0005,0.0060772778506846085,0.006577277850684608,0.8458515301068105,0.5512884978001258
2014-05-16,0.006930664565494972,1.0,0.0,0.006930664565494972,0.006930664565494972,0.8517342052107343,0.55512256442489
2014-05-19,-0.0036297680505786127,1.0,0.0,-0.0036297680505786127,-0.0036297680505786127,0.8486482117135941,0.5531112507856696
2014-05-20,0.0095001845480202,0.0,0.0005,-0.0005,0.0095001845480202,0.8482239936710857,0.5583909490886236
2014-05-21,0.004380306885833365,0.0,0.0,0.0,0.004380306885833365,0.8482239936710857,0.5608422375864237
2014-05-22,0.00725814140506836,1.0,0.0005,0.0067581414050683596,0.00725814140506836,0.8539758253176071,0.5649277184160906
2014-05-23,0.012395048150331912,1.0,0.0,0.012395048150331912,0.012395048150331912,0.8646267699124116,0.5719736015084853
2014-05-27,-0.0030926554880184517,0.0,0.0005,-0.0005,-0.0030926554880184517,0.8641945645877909,0.5702074167190447
2014-05-28,0.006372947621480918,0.0,0.0,0.0,0.006372947621480918,0.8641945645877909,0.5738529226901321
2014-05-29,0.00010952302732606673,0.0,0.0,0.0,0.00010952302732606673,0.8641945645877909,0.5739157762413578
2014-05-30,-0.000986139344694417,0.0,0.0,-0.0,-0.000986139344694417,0.8641945645877909,0.573350094280327
2014-06-02,-0.0004385964982589346,0.0,0.0,-0.0,-0.0004385964982589346,0.8641945645877909,0.5730986800754244
2014-06-03,0.003721952846192231,0.0,0.0,0.0,0.003721952846192231,0.8641945645877909,0.5752357008170962
2014-06-04,0.00837826564599772,1.0,0.0005,0.00787826564599772,0.00837826564599772,0.8710298085175643,0.580075424261471
2014-06-05,0.005726340535544367,0.0,0.0005,-0.0005,0.005726340535544367,0.8705944024738874,0.58340666247643
2014-06-06,-0.00075443232548512,1.0,0.0005,-0.00125443232548512,-0.00075443232548512,0.8695029854105814,0.5829666876178506
2014-06-09,0.0017235811656766092,1.0,0.0,0.0017235811656766092,0.0017235811656766092,0.87100293665226,0.5839723444374609
2014-06-10,-0.0002152852537916308,1.0,0.0,-0.0002152852537916308,-0.0002152852537916308,0.8708154427470503,0.5838466373350096
2014-06-11,-0.009084089720342586,1.0,0.0,-0.009084089720342586,-0.009084089720342586,0.8629406987282374,0.5785669390320555
2014-06-12,0.0029288950807024637,0.0,0.0005,-0.0005,0.0029288950807024637,0.8625093362284849,0.5802639849151479
2014-06-13,0.0008661758878492588,0.0,0.0,0.0,0.0008661758878492588,0.8625093362284849,0.5807668133249532
2014-06-16,0.0005409791854954569,0.0,0.0,0.0,0.0005409791854954569,0.8625093362284849,0.5810810810810814
2014-06-17,0.005608902634632578,1.0,0.0005,0.005108902634632578,0.005608902634632578,0.8669270877710537,0.5843494657448148
2014-06-18,-0.0006455778145455032,1.0,0.0,-0.0006455778145455032,-0.0006455778145455032,0.8663675994924018,0.5839723444374608
2014-06-19,-0.0015079709880410346,1.0,0.0,-0.0015079709880410346,-0.0015079709880410346,0.8650621268422141,0.5830923947203018
2014-06-20,0.00021556369990798093,1.0,0.0,0.00021556369990798093,0.00021556369990798093,0.8652486229350982,0.5832181018227532
2014-06-23,-0.0009704027932785164,1.0,0.0,-0.0009704027932785164,-0.0009704027932785164,0.8644093905171204,0.5826524198617223
2014-06-24,0.006344448401060144,1.0,0.0,0.006344448401060144,0.006344448401060144,0.8699110252571969,0.5863607793840354
2014-06-25,0.000535819548799824,1.0,0.0,0.000535819548799824,0.000535819548799824,0.8703772654894067,0.5866750471401635
2014-06-26,0.004382924328850579,1.0,0.0,0.004382924328850579,0.004382924328850579,0.8742004353935278,0.5892520427404149
2014-06-27,0.0017052119660018756,1.0,0.0,0.0017052119660018756,0.0017052119660018756,0.8756924041365992,0.5902576995600252
2014-06-30,0.010908236306649825,1.0,0.0,0.010908236306649825,0.010908236306649825,0.8852969529201228,0.5967316153362665
2014-07-01,0.0016838564281725307,1.0,0.0,0.0016838564281725307,0.0016838564281725307,0.8867889216631943,0.5977372721558768
2014-07-02,0.006289328907564139,1.0,0.0,0.006289328907564139,0.006289328907564139,0.8923838044497131,0.6015084852294156
2014-07-03,-0.003034903695154047,1.0,0.0,-0.003034903695154047,-0.003034903695154047,0.8896796111028957,0.5996857322438719
2014-07-07,-0.012126473268169624,1.0,0.0,-0.012126473268169624,-0.012126473268169624,0.8789560857620686,0.5924575738529229
2014-07-08,0.007398828805827594,0.0,0.0005,-0.0005,0.007398828805827594,0.878516717570389,0.5968573224387178
2014-07-09,-0.003164225823310589,1.0,0.0005,-0.003664225823310589,-0.003164225823310589,0.8753035244554254,0.5949717159019485
2014-07-10,0.0064234412405861615,1.0,0.0,0.0064234412405861615,0.0064234412405861615,0.8809440817121105,0.5988057825267129
2014-07-11,0.005965168648451191,1.0,0.0,0.005965168648451191,0.005965168648451191,0.8862147663617999,0.6023884349465746
2014-07-14,-0.0034491803204929755,1.0,0.0,-0.0034491803204929755,-0.0034491803204929755,0.883163317354085,0.6003142677561283
2014-07-15,0.003970747118943521,1.0,0.0,0.003970747118943521,0.003970747118943521,0.8866771071205445,0.6027027027027028
2014-07-16,-0.013343399608585823,1.0,0.0,-0.013343399608585823,-0.013343399608585823,0.8749244050332547,0.5947140163419234
2014-07-17,0.01573910931126426,1.0,0.0,0.01573910931126426,0.01573910931126426,0.88880387461077,0.6041483343808927
2014-07-18,-0.0012492194004319278,0.0,0.0005,-0.0005,-0.0012492194004319278,0.8883595837554346,0.603394091766185
2014-07-21,0.006334064061581975,1.0,0.0005,0.0058340640615819755,0.006334064061581975,0.8935574781581652,0.6072281583909492
2014-07-22,0.0063661951416491575,1.0,0.0,0.0063661951416491575,0.0063661951416491575,0.8992641851659656,0.6111062225015715
2014-07-23,-0.0011011233598791081,1.0,0.0,-0.0011011233598791081,-0.0011011233598791081,0.8982745293315497,0.6104336895034571
2014-07-24,-0.003920359916351061,1.0,0.0,-0.003920359916351061,-0.003920359916351061,0.894759863751381,0.6080452545568826
2014-07-25,0.0003100614980140174,1.0,0.0,0.0003100614980140174,0.0003100614980140174,0.8950373373498153,0.6082338152105595
2014-07-28,-0.0017582876743788033,1.0,0.0,-0.0017582876743788033,-0.0017582876743788033,0.8934649869586873,0.6071653048397236
2014-07-29,0.003926030458734094,0.0,0.0005,-0.0005,0.003926030458734094,0.8930183661297197,0.6095537397862982
2014-07-30,-0.020417375918431038,0.0,0.0,-0.0,-0.020417375918431038,0.8930183661297197,0.5972344437460719
2014-07-31,-0.003690235617975338,0.0,0.0,-0.0,-0.003690235617975338,0.8930183661297197,0.5950345694531743
2014-08-01,0.006842492089741358,0.0,0.0,0.0,0.006842492089741358,0.8930183661297197,0.5991200502828411
2014-08-04,-0.007687890005462177,1.0,0.0005,-0.008187890005462177,-0.007687890005462177,0.8857362831058583,0.5945317410433691
2014-08-05,-0.0007403099063721743,0.0,0.0005,-0.0005,-0.0007403099063721743,0.8852935256628902,0.5940917661847895
2014-08-06,-0.003178979046811965,1.0,0.0005,-0.003678979046811965,-0.003178979046811965,0.8820425331651556,0.5922061596480203
2014-08-07,0.007191232343987105,1.0,0.0,0.007191232343987105,0.007191232343987105,0.8884083676223016,0.596480201131364
2014-08-08,0.00588360596186816,0.0,0.0005,-0.0005,0.00588360596186816,0.8879642744710302,0.6000000000000001
2014-08-11,-0.0004191114897895163,0.0,0.0,-0.0,-0.0004191114897895163,0.8879642744710302,0.5997485857950975
2014-08-12,0.010529156434332072,0.0,0.0,0.0,0.010529156434332072,0.8879642744710302,0.6060967944688875
2014-08-13,0.00517171198222347,1.0,0.0005,0.0046717119822234695,0.00517171198222347,0.8921222927814886,0.6092394720301697
2014-08-14,0.004837142143972797,1.0,0.0,0.004837142143972797,0.004837142143972797,0.8964480688839058,0.612193588937775
2014-08-15,0.007670710073980728,1.0,0.0,0.007670710073980728,0.007670710073980728,0.9033509030898907,0.6169076052796983
2014-08-18,0.005588025716965856,1.0,0.0,0.005588025716965856,0.005588025716965856,0.9084129815076131,0.6203645505971088
2014-08-19,0.0,1.0,0.0,0.0,0.0,0.9084129815076131,0.6203645505971088
2014-08-20,0.0020242921892306607,0.0,0.0005,-0.0005,0.0020242921892306607,0.907958888549559,0.6216216216216217
2014-08-21,0.0015155345158934508,0.0,0.0,0.0,0.0015155345158934508,0.907958888549559,0.6225644248900064
2014-08-22,0.0035273405179684406,0.0,0.0,0.0,0.0035273405179684406,0.907958888549559,0.6247642991829039
2014-08-25,0.0010055305020185744,0.0,0.0,0.0,0.0010055305020185744,0.907958888549559,0.6253928346951603
2014-08-26,0.00020098482632214377,0.0,0.0,0.0,0.00020098482632214377,0.907958888549559,0.6255185417976115
2014-08-27,-0.0011059167668154917,1.0,0.0005,-0.0016059167668154917,-0.0011059167668154917,0.9065019523191344,0.6248271527341295
2014-08-28,0.003715050208837627,1.0,0.0,0.003715050208837627,0.003715050208837627,0.9098759159280077,0.6271527341294784
2014-08-29,0.002902178669473267,1.0,0.0,0.002902178669473267,0.002902178669473267,0.912520373891719,0.6289754871150219
2014-09-02,-0.005913322167160715,1.0,0.0,-0.005913322167160715,-0.005913322167160715,0.907140269758651,0.625267127592709
2014-09-03,-0.0009051139552897185,0.0,0.0005,-0.0005,-0.0009051139552897185,0.906686812997409,0.6247014456316782
2014-09-04,0.005018075564144146,0.0,0.0,0.0,0.005018075564144146,0.906686812997409,0.6278441231929603
2014-09-05,0.001900285614597261,1.0,0.0005,0.001400285614597261,0.001900285614597261,0.9079573228293135,0.6290383406662475
2014-09-08,-0.008327946591355929,1.0,0.0,-0.008327946591355929,-0.008327946591355929,0.9004273010672398,0.6238214959145191
2014-09-09,0.008228021535064758,1.0,0.0,0.008228021535064758,0.008228021535064758,0.9078665996755534,0.6289754871150218
2014-09-10,-0.0007997601146066558,1.0,0.0,-0.0007997601146066558,-0.0007997601146066558,0.9071408144454741,0.6284726587052166
2014-09-11,-0.005113562052553973,1.0,0.0,-0.005113562052553973,-0.005113562052553973,0.9025139336037181,0.6252671275927089
2014-09-12,-0.009697045682866874,1.0,0.0,-0.009697045682866874,-0.009697045682866874,0.8938045108427654,0.619233186675047
2014-09-15,0.008691312921837424,1.0,0.0,0.008691312921837424,0.008691312921837424,0.9016067020661188,0.6246385920804525
2014-09-16,0.0015082200837976815,1.0,0.0,0.0015082200837976815,0.0015082200837976815,0.9029675493725177,0.625581395348837
2014-09-17,0.00750716703212048,1.0,0.0,0.00750716703212048,0.00750716703212048,0.9097717859045119,0.6302954116907604
2014-09-18,-0.002996107304668366,1.0,0.0,-0.002996107304668366,-0.002996107304668366,0.9070500912917142,0.628409805153991
2014-09-19,-0.009345392840864428,0.0,0.0005,-0.0005,-0.009345392840864428,0.9065966796084353,0.6225644248900061
2014-09-22,-0.002729618032081101,1.0,0.0005,-0.003229618032081101,-0.002729618032081101,0.9036734416360668,0.6208673790069138
2014-09-23,0.010673749508638768,1.0,0.0,0.010673749508638768,0.010673749508638768,0.9133706865048077,0.627529855436832
2014-09-24,-0.021258012779108895,1.0,0.0,-0.021258012779108895,-0.021258012779108895,0.8941591636516416,0.6143306096794466
2014-09-25,0.010584263270470136,0.0,0.0005,-0.0005,0.010584263270470136,0.8937121958210852,0.6208673790069138
2014-09-26,-0.0013169226438544128,0.0,0.0,-0.0,-0.0013169226438544128,0.8937121958210852,0.6200502828409804
2014-09-29,0.0014181525877583426,1.0,0.0005,0.0009181525877583426,0.0014181525877583426,0.8945331368032617,0.6209302325581395
2014-09-30,-0.016122798223405104,1.0,0.0,-0.016122798223405104,-0.016122798223405104,0.8802264017475966,0.6109993714644876
2014-10-01,0.0,0.0,0.0005,-0.0005,0.0,0.8797863985566873,0.6109993714644876
2014-10-02,0.009827082871452422,0.0,0.0,0.0,0.009827082871452422,0.8797863985566873,0.6170333123821494
2014-10-03,-0.0021414376204630698,0.0,0.0,-0.0,-0.0021414376204630698,0.8797863985566873,0.6157133878064108
2014-10-06,-0.014291098105140523,1.0,0.0005,-0.014791098105140524,-0.014291098105140523,0.86686915721434,0.6069767441860463
2014-10-07,0.01928067110630813,1.0,0.0,0.01928067110630813,0.01928067110630813,0.883745143706656,0.6187932118164675
2014-10-08,-0.016282168110051457,0.0,0.0005,-0.0005,-0.016282168110051457,0.8833033815845366,0.6087994971715901
2014-10-09,-0.025301924757770933,0.0,0.0,-0.0,-0.025301924757770933,0.8833033815845366,0.5935889377749841
2014-10-10,-0.015795419113711105,1.0,0.0005,-0.016295419113711105,-0.015795419113711105,0.8690262248326696,0.5842866121935888
2014-10-13,0.00010756736416560721,1.0,0.0,0.00010756736416560721,0.00010756736416560721,0.8691197087208832,0.5843494657448145
2014-10-14,-0.006474609863247791,0.0,0.0005,-0.0005,-0.006474609863247791,0.868685257488382,0.5805782526712759
2014-10-15,-0.006298891373519066,0.0,0.0,-0.0,-0.006298891373519066,0.868685257488382,0.5769327467001886
2014-10-16,0.013096133922256198,0.0,0.0,0.0,0.013096133922256198,0.868685257488382,0.5845380263984915
2014-10-17,0.014835642183597056,0.0,0.0,0.0,0.014835642183597056,0.868685257488382,0.5932746700188559
2014-10-20,0.02593473810144054,1.0,0.0005,0.02543473810144054,0.02593473810144054,0.8910634245088762,0.6088623507228158
2014-10-21,-0.005174923575097514,0.0,0.0005,-0.0005,-0.005174923575097514,0.8906180041609884,0.6057196731615335
2014-10-22,0.014934105248015018,1.0,0.0005,0.014434105248015017,0.014934105248015018,0.9035665033585268,0.614833438089252
2014-10-23,0.00814502568476914,0.0,0.0005,-0.0005,0.00814502568476914,0.9031148330338385,0.6198617221873036
2014-10-24,0.0007095433879356953,1.0,0.0005,0.00020954338793569526,0.0007095433879356953,0.9033040946042102,0.6203016970458831
2014-10-27,0.014984943745555045,0.0,0.0005,-0.0005,0.014984943745555045,0.9028525554511034,0.6296668761785041
2014-10-28,-0.0037001892309756882,0.0,0.0,-0.0,-0.0037001892309756882,0.9028525554511034,0.6273412947831553
2014-10-29,0.002101787292262605,0.0,0.0,0.0,0.002101787292262605,0.9028525554511034,0.6286612193588939
2014-10-30,0.01370292516632533,0.0,0.0,0.0,0.01370292516632533,0.9028525554511034,0.6373350094280329
2014-10-31,0.0029542118974313827,0.0,0.0,0.0,0.0029542118974313827,0.9028525554511034,0.6392206159648022
2014-11-03,-0.0033487670416306875,0.0,0.0,-0.0,-0.0033487670416306875,0.9028525554511034,0.6370835952231302
2014-11-04,9.865338142464734e-05,0.0,0.0,0.0,9.865338142464734e-05,0.9028525554511034,0.6371464487743559
2014-11-05,0.003151780408737674,1.0,0.0005,0.002651780408737674,0.003151780408737674,0.9052498993796275,0.6391577624135764
2014-11-06,-0.0008854346586645787,1.0,0.0,-0.0008854346586645787,-0.0008854346586645787,0.9044487144947404,0.6385920804525456
2014-11-07,0.0035370443635332136,0.0,0.0005,-0.0005,0.0035370443635332136,0.9039966031747421,0.6408548082966687
2014-11-10,0.0031335709150712037,0.0,0.0,0.0,0.0031335709150712037,0.9039966031747421,0.6428661219358894
2014-11-11,0.001758328088070209,0.0,0.0,0.0,0.001758328088070209,0.9039966031747421,0.6439974858579509
2014-11-12,0.004285164328947885,0.0,0.0,0.0,0.004285164328947885,0.9039966031747421,0.6467630421118794
2014-11-13,0.003104989880577184,0.0,0.0,0.0,0.003104989880577184,0.9039966031747421,0.6487743557511
2014-11-14,-0.003007812872580777,1.0,0.0005,-0.003507812872580777,-0.003007812872580777,0.9008311074825108,0.646825895663105
2014-11-17,0.007454412755964412,0.0,0.0005,-0.0005,0.007454412755964412,0.900380804513893,0.6516656191074798
2014-11-18,-0.004543485026122798,0.0,0.0,-0.0,-0.004543485026122798,0.900380804513893,0.6487115021998744
2014-11-19,0.004447029757178772,0.0,0.0,0.0,0.004447029757178772,0.900380804513893,0.651602765556254
2014-11-20,0.0019273399046994056,1.0,0.0005,0.0014273399046994056,0.0019273399046994056,0.9016668715746771,0.6528598365807669
2014-11-21,0.007767960422224994,1.0,0.0,0.007767960422224994,0.007767960422224994,0.9086982585581707,0.657950974230044
2014-11-24,0.0015273007932604667,1.0,0.0,0.0015273007932604667,0.0015273007932604667,0.9100871745055275,0.6589566310496543
2014-11-25,0.006465129953853539,1.0,0.0,0.006465129953853539,0.006465129953853539,0.9159900672817938,0.6632306725329982
2014-11-26,0.004632920875947321,0.0,0.0005,-0.0005,0.004632920875947321,0.9155321867278305,0.6663104965430549
2014-11-28,-0.011384242102920314,0.0,0.0,-0.0,-0.011384242102920314,0.9155321867278305,0.6587680703959775
2014-12-01,0.0039992435706349,0.0,0.0,0.0,0.0039992435706349,0.9155321867278305,0.6614079195474546
2014-12-02,0.001803940674340055,0.0,0.0,0.0,0.001803940674340055,0.9155321867278305,0.6626021370207419
2014-12-03,-0.00047440581562457364,0.0,0.0,-0.0,-0.00047440581562457364,0.9155321867278305,0.6622878692646137
2014-12-04,9.489916970333442e-05,0.0,0.0,0.0,9.489916970333442e-05,0.9155321867278305,0.6623507228158392
2014-12-05,-0.00714254738818377,1.0,0.0005,-0.007642547388183769,-0.00714254738818377,0.908561858066098,0.6576367064739159
2014-12-08,0.0031490078028228886,1.0,0.0,0.0031490078028228886,0.0031490078028228886,0.9114274359420591,0.6597108736643621
2014-12-09,-0.01584514833442478,0.0,0.0005,-0.0005,-0.01584514833442478,0.9109718361335318,0.6493400377121309
2014-12-10,0.0047317938704341455,1.0,0.0005,0.004231793870434146,0.0047317938704341455,0.9148350495620473,0.6524198617221874
2014-12-11,-0.010946009420914877,1.0,0.0,-0.010946009420914877,-0.010946009420914877,0.904875862606314,0.6453174104336895
2014-12-12,-0.010378005813083367,0.0,0.0005,-0.0005,-0.010378005813083367,0.9044235377656444,0.6386549340037713
2014-12-15,-0.01617178951236565,0.0,0.0,-0.0,-0.01617178951236565,0.9044235377656444,0.6284098051539914
2014-12-16,0.018039938130998058,0.0,0.0,0.0,0.018039938130998058,0.9044235377656444,0.6398491514770586
2014-12-17,0.023781756562488553,0.0,0.0,0.0,0.023781756562488553,0.9044235377656444,0.6552482715273414
2014-12-18,0.000671237499431962,0.0,0.0,0.0,0.000671237499431962,0.9044235377656444,0.6556882463859209
2014-12-19,0.0024892305816417576,0.0,0.0,0.0,0.0024892305816417576,0.9044235377656444,0.6573224387177877
2014-12-22,-0.003544234755648517,1.0,0.0005,-0.004044234755648517,-0.003544234755648517,0.9007732230006343,0.6549968573224388
2014-12-23,0.0008632680023907443,1.0,0.0,0.0008632680023907443,0.0008632680023907443,0.9015511674404201,0.6555625392834697
2014-12-24,0.007069867987814047,0.0,0.0005,-0.0005,0.007069867987814047,0.9011005045318158,0.6602137020741674
2014-12-26,-0.0001904217848276195,0.0,0.0,-0.0,-0.0001904217848276195,0.9011005045318158,0.6600879949717161
2014-12-29,-0.006687710031370472,0.0,0.0,-0.0,-0.006687710031370472,0.9011005045318158,0.6556882463859209
2014-12-30,-0.01030986633720066,1.0,0.0005,-0.010809866337200661,-0.01030986633720066,0.8914121875695347,0.648962916404777
2014-12-31,-0.0030069376165336704,1.0,0.0,-0.0030069376165336704,-0.0030069376165336704,0.8887357926238052,0.647014456316782
2015-01-02,-0.014777388836704094,0.0,0.0005,-0.0005,-0.014777388836704094,0.8882915358009544,0.6375235700817098
2015-01-05,-0.013498964285539735,1.0,0.0005,-0.013998964285539735,-0.013498964285539735,0.8759430092691785,0.628975487115022
2015-01-06,0.012808594910519045,1.0,0.0,0.012808594910519045,0.012808594910519045,0.88723476985634,0.6370835952231303
2015-01-07,0.018958840112709277,1.0,0.0,0.018958840112709277,0.018958840112709277,0.9042161772509858,0.6492771841609053
2015-01-08,-0.006604530611774039,1.0,0.0,-0.006604530611774039,-0.006604530611774039,0.8982639313600791,0.6450031426775615
2015-01-09,-0.01048155748742517,0.0,0.0005,-0.0005,-0.01048155748742517,0.897814911658679,0.6382778126964175
2015-01-12,-0.00029546462026146844,1.0,0.0005,-0.0007954646202614684,-0.00029546462026146844,0.8971010156380688,0.6380892520427406
2015-01-13,-0.005531424613229203,1.0,0.0,-0.005531424613229203,-0.005531424613229203,0.8921524678764718,0.6345694531741045
2015-01-14,-0.013060352134099153,1.0,0.0,-0.013060352134099153,-0.013060352134099153,0.8805764007913078,0.6263356379635452
2015-01-15,0.011672701995680936,0.0,0.0005,-0.0005,0.011672701995680936,0.8801362226446192,0.6336895034569455
2015-01-16,0.007903617511101177,0.0,0.0,0.0,0.007903617511101177,0.8801362226446192,0.6387177875549971
2015-01-20,0.0051040550539118695,0.0,0.0,0.0,0.0051040550539118695,0.8801362226446192,0.6419861722187306
2015-01-21,0.018334897863305933,0.0,0.0,0.0,0.018334897863305933,0.8801362226446192,0.6538654934003773
2015-01-22,0.0022084602571559387,1.0,0.0005,0.0017084602571559387,0.0022084602571559387,0.8816411856205456,0.655311125078567
2015-01-23,-0.001151631605206876,0.0,0.0005,-0.0005,-0.001151631605206876,0.8812004752145183,0.6545568824638592
2015-01-26,-0.026268657045837265,0.0,0.0,-0.0,-0.026268657045837265,0.8812004752145183,0.6375864236329353
2015-01-27,-0.005139366916058765,1.0,0.0005,-0.005639366916058765,-0.005139366916058765,0.876245048276433,0.6343180389692018
2015-01-28,0.009565676213337032,1.0,0.0,0.009565676213337032,0.009565676213337032,0.8846671419826176,0.6404148334380894
2015-01-29,-0.007783673959768293,0.0,0.0005,-0.0005,-0.007783673959768293,0.8842249189765907,0.6354494028912634
2015-01-30,0.008666589600584054,0.0,0.0,0.0,0.008666589600584054,0.8842249189765907,0.6409805153991202
2015-02-02,0.009563847660861474,0.0,0.0,0.0,0.009563847660861474,0.8842249189765907,0.6471401634192333
2015-02-03,-0.0008745081449323979,1.0,0.0005,-0.0013745081449323979,-0.0008745081449323979,0.8830103795119149,0.6465744814582025
2015-02-04,0.008614484865249827,0.0,0.0005,-0.0005,0.008614484865249827,0.8825689846800626,0.652168447517285
2015-02-05,-0.006090211680210868,0.0,0.0,-0.0,-0.006090211680210868,0.8825689846800626,0.6482086737900693
2015-02-06,-0.0032049753069129097,0.0,0.0,-0.0,-0.0032049753069129097,0.8825689846800626,0.6461345065996231
2015-02-09,0.015444322427473775,1.0,0.0005,0.014944322427473775,0.015444322427473775,0.8958574262179393,0.6561910747957262
2015-02-10,0.003633238531535279,0.0,0.0005,-0.0005,0.003633238531535279,0.8954096094683471,0.6585795097423007
2015-02-11,0.011576180131993415,0.0,0.0,0.0,0.011576180131993415,0.8954096094683471,0.6662476429918293
2015-02-12,0.0085482649133413,0.0,0.0,0.0,0.0085482649133413,0.8954096094683471,0.6719673161533629
2015-02-13,0.0009349290135014078,1.0,0.0005,0.0004349290135014078,0.0009349290135014078,0.8957991337880467,0.6725958516656194
2015-02-17,0.0014007566374979713,1.0,0.0,0.0014007566374979713,0.0014007566374979713,0.8970548096133731,0.6735386549340039
2015-02-18,0.004933684664381662,0.0,0.0005,-0.0005,0.004933684664381662,0.8966063943217314,0.6768698931489632
2015-02-19,0.006663606332410837,1.0,0.0005,0.006163606332410837,0.006663606332410837,0.9021497892740953,0.6813953488372095
2015-02-20,0.0010141521175305978,1.0,0.0,0.0010141521175305978,0.0010141521175305978,0.9030651704826568,0.6820867379006915
2015-02-23,0.0007369197091041143,1.0,0.0,0.0007369197091041143,0.0007369197091041143,0.9037309022707015,0.6825895663104967
2015-02-24,-0.0024892835423589803,0.0,0.0005,-0.0005,-0.0024892835423589803,0.9032791497671036,0.6808925204274043
2015-02-25,0.005064234385734463,0.0,0.0,0.0,0.005064234385734463,0.9032791497671036,0.6843494657448147
2015-02-26,-0.004418269337664666,0.0,0.0,-0.0,-0.004418269337664666,0.9032791497671036,0.6813324952859838
2015-02-27,0.008999968913080659,0.0,0.0,0.0,0.008999968913080659,0.9032791497671036,0.6874921433060969
2015-03-02,-0.004673548025537885,0.0,0.0,-0.0,-0.004673548025537885,0.9032791497671036,0.6842866121935891
2015-03-03,-0.0038652726202052343,0.0,0.0,-0.0,-0.0038652726202052343,0.9032791497671036,0.681646763042112
2015-03-04,0.0017504265375026058,0.0,0.0,0.0,0.0017504265375026058,0.9032791497671036,0.6828409805153993
2015-03-05,-0.011386376200430435,1.0,0.0005,-0.011886376200430435,-0.011386376200430435,0.892605992225488,0.6751099937146451
2015-03-06,0.0028819803334426144,1.0,0.0,0.0028819803334426144,0.0028819803334426144,0.8951821756124156,0.6770584538026401
2015-03-09,-0.018741178207309712,1.0,0.0,-0.018741178207309712,-0.018741178207309712,0.8785616376322372,0.6644877435575113
2015-03-10,-0.0057866689008254585,0.0,0.0005,-0.0005,-0.0057866689008254585,0.8781224666153247,0.6606536769327469
2015-03-11,0.006543098588935887,0.0,0.0,0.0,0.006543098588935887,0.8781224666153247,0.6649905719673163
2015-03-12,-0.004357305368955701,0.0,0.0,-0.0,-0.004357305368955701,0.8781224666153247,0.6620993086109367
2015-03-13,0.012827944252464411,0.0,0.0,0.0,0.012827944252464411,0.8781224666153247,0.6706473915776243
2015-03-16,0.0015919842290977163,0.0,0.0,0.0,0.0015919842290977163,0.8781224666153247,0.6717159019484603
2015-03-17,0.009777069362695155,1.0,0.0005,0.009277069362695154,0.009777069362695155,0.8863067741435884,0.678315524827153
2015-03-18,0.0014814817524428803,0.0,0.0005,-0.0005,0.0014814817524428803,0.885863731526401,0.6793211816467633
2015-03-19,0.004154938805980085,1.0,0.0005,0.003654938805980085,0.004154938805980085,0.8891074334105766,0.6821495914519172
2015-03-20,-0.001936823293958842,1.0,0.0,-0.001936823293958842,-0.001936823293958842,0.8873870559940445,0.6808296668761786
2015-03-23,-0.0036069403267098257,0.0,0.0005,-0.0005,-0.0036069403267098257,0.8869434733709446,0.6783783783783786
2015-03-24,-0.023151134734931328,0.0,0.0,-0.0,-0.023151134734931328,0.8869434733709446,0.6628535512256444
2015-03-25,-0.003419456219418228,0.0,0.0,-0.0,-0.003419456219418228,0.8869434733709446,0.6605908233815212
2015-03-26,0.0039882305261537765,0.0,0.0,0.0,0.0039882305261537765,0.8869434733709446,0.6632306725329983
2015-03-27,0.011401772516814462,0.0,0.0,0.0,0.011401772516814462,0.8869434733709446,0.6708359522313012
2015-03-30,-0.010643909653712575,1.0,0.0005,-0.011143909653712576,-0.010643909653712575,0.8771143247285728,0.6637335009428034
2015-03-31,-0.005221943981151601,1.0,0.0,-0.005221943981151601,-0.005221943981151601,0.8725460209539448,0.660276555625393
2015-04-01,0.0006661274452909275,0.0,0.0005,-0.0005,0.0006661274452909275,0.8721098569935447,0.6607165304839725
2015-04-02,0.008147842328315606,1.0,0.0005,0.007647842328315606,0.008147842328315606,0.8788051854471443,0.6661219358893778
2015-04-06,-0.0016998776404170595,1.0,0.0,-0.0016998776404170595,-0.0016998776404170595,0.8773125931336843,0.6649905719673163
2015-04-07,0.007908156446254254,1.0,0.0,0.007908156446254254,0.007908156446254254,0.8842780239298307,0.6702702702702703
2015-04-08,0.006263166068582922,0.0,0.0005,-0.0005,0.006263166068582922,0.8838359954341987,0.6744814582023886
2015-04-09,0.004091887044821075,0.0,0.0,0.0,0.004091887044821075,0.8838359954341987,0.6772470144563169
2015-04-10,-0.002508945236566603,0.0,0.0,-0.0,-0.002508945236566603,0.8838359954341987,0.6755499685732246
2015-04-13,-0.0028884250223848145,0.0,0.0,-0.0,-0.0028884250223848145,0.8838359954341987,0.6736015084852296
2015-04-14,0.0062322884390911375,0.0,0.0,0.0,0.0062322884390911375,0.8838359954341987,0.6778126964173476
2015-04-15,-0.001391917823207362,1.0,0.0005,-0.001891917823207362,-0.001391917823207362,0.882165431145116,0.6768698931489631
2015-04-16,-0.015723300055783207,0.0,0.0005,-0.0005,-0.015723300055783207,0.8817244586818462,0.6663104965430549
2015-04-17,0.01488721844267768,1.0,0.0005,0.01438721844267768,0.01488721844267768,0.894501715267496,0.6763042111879323
2015-04-20,0.0042659806882356455,0.0,0.0005,-0.0005,0.0042659806882356455,0.8940545762039436,0.6791954745443118
2015-04-21,0.005445078286518928,0.0,0.0,0.0,0.005445078286518928,0.8940545762039436,0.6829038340666248
2015-04-22,0.0037664827954768648,0.0,0.0,0.0,0.0037664827954768648,0.8940545762039436,0.6854808296668763
2015-04-23,0.013479256907201342,1.0,0.0005,0.012979256907201342,0.013479256907201342,0.9057343738189763,0.6947831552482716
2015-04-24,-0.002536233243579416,0.0,0.0005,-0.0005,-0.002536233243579416,0.9052816198299964,0.6930232558139535
2015-04-27,-0.001997277105163678,0.0,0.0,-0.0,-0.001997277105163678,0.9052816198299964,0.6916404776869893
2015-04-28,-0.006290188933597087,0.0,0.0,-0.0,-0.006290188933597087,0.9052816198299964,0.6873035826524199
2015-04-29,-0.015854327846569934,0.0,0.0,-0.0,-0.015854327846569934,0.9052816198299964,0.676492771841609
2015-04-30,0.013107073371431157,1.0,0.0005,0.012607073371431157,0.013107073371431157,0.9167668168745101,0.6854179761156505
2015-05-01,0.001649258207813789,0.0,0.0005,-0.0005,0.001649258207813789,0.916308548042828,0.6865493400377122
2015-05-04,-0.016430127766932322,0.0,0.0,-0.0,-0.016430127766932322,0.916308548042828,0.6753614079195475
2015-05-05,-0.0069107484600460034,1.0,0.0005,-0.007410748460046003,-0.0069107484600460034,0.9095431153042641,0.6707102451288498
2015-05-06,0.005979649696316416,1.0,0.0,0.005979649696316416,0.005979649696316416,0.9149981578850412,0.674732872407291
2015-05-07,0.012405269250305611,1.0,0.0,0.012405269250305611,0.012405269250305611,0.9264196532885435,0.6831552482715273
2015-05-08,-0.0038716862522887225,0.0,0.0005,-0.0005,-0.0038716862522887225,0.9259565592450578,0.6805153991200502
2015-05-11,-0.004535994817456204,1.0,0.0005,-0.005035994817456204,-0.004535994817456204,0.9213051688309363,0.6774355751099936
2015-05-12,0.0020391146188689794,1.0,0.0,0.0020391146188689794,0.0020391146188689794,0.9231857323598173,0.6788183532369578
2015-05-13,0.014523648986049895,1.0,0.0,0.014523648986049895,0.014523648986049895,0.9366915977035997,0.6887492143306095
2015-05-14,0.0,1.0,0.0,0.0,0.0,0.9366915977035997,0.6887492143306095
2015-05-15,0.00437079552134314,0.0,0.0005,-0.0005,0.00437079552134314,0.9362233689716857,0.6917661847894405
2015-05-18,-0.0010909091990984967,1.0,0.0005,-0.0015909091990984967,-0.0010909091990984967,0.9347351067604972,0.6910119421747327
2015-05-19,0.0006365083188300872,0.0,0.0005,-0.0005,0.0006365083188300872,0.934267856029534,0.6914519170333123
2015-05-20,0.005167970158442598,0.0,0.0,0.0,0.005167970158442598,0.934267856029534,0.695034569453174
2015-05-21,-0.0009952500256031557,1.0,0.0005,-0.0014952500256031557,-0.0009952500256031557,0.9328719358787863,0.694343180389692
2015-05-22,-0.011562927573379081,0.0,0.0005,-0.0005,-0.011562927573379081,0.9324056165004064,0.6863607793840352
2015-05-26,0.015988712695771425,0.0,0.0,0.0,0.015988712695771425,0.9324056165004064,0.6974230043997485
2015-05-27,-0.0022556061352006773,0.0,0.0,-0.0,-0.0022556061352006773,0.9324056165004064,0.6958516656191074
2015-05-28,-0.005979361898904762,0.0,0.0,-0.0,-0.005979361898904762,0.9324056165004064,0.6917033312382149
2015-05-29,0.003356468883427814,1.0,0.0005,0.002856468883427814,0.003356468883427814,0.9350728116971536,0.6940289126335637
2015-06-01,-0.0031747498205982076,0.0,0.0005,-0.0005,-0.0031747498205982076,0.9346053921559282,0.6918290383406661
2015-06-02,0.002993606807694697,1.0,0.0005,0.002493606807694697,0.002993606807694697,0.936938838664237,0.6939032055311125
2015-06-03,-0.007637789448117538,0.0,0.0005,-0.0005,-0.007637789448117538,0.9364704863427427,0.6886235072281583
2015-06-04,-0.0023759492123845323,1.0,0.0005,-0.0028759492123845323,-0.0023759492123845323,0.9337811138880887,0.6869893148962916
2015-06-05,-0.010207454483010818,1.0,0.0,-0.010207454483010818,-0.010207454483010818,0.9242980668943488,0.6800125707102451
2015-06-08,-0.0016651252690991752,1.0,0.0,-0.0016651252690991752,-0.0016651252690991752,0.9227602754899586,0.6788812067881835
2015-06-09,0.013609405454950698,0.0,0.0005,-0.0005,0.013609405454950698,0.9222990106780263,0.6881835323695789
2015-06-10,0.0014602539785637761,0.0,0.0,0.0,0.0014602539785637761,0.9222990106780263,0.6891891891891893
2015-06-11,-0.008241804895103755,1.0,0.0005,-0.008741804895103756,-0.008241804895103755,0.9142715908613096,0.6835323695788813
2015-06-12,-0.004977886385236239,1.0,0.0,-0.004977886385236239,-0.004977886385236239,0.9097317595135843,0.6801382778126964
2015-06-15,0.0054375508382848966,0.0,0.0005,-0.0005,0.0054375508382848966,0.9092770073313471,0.6838466373350094
2015-06-16,0.0027535584171828166,1.0,0.0005,0.0022535584171828166,0.0027535584171828166,0.9113284268134079,0.6857322438717787
2015-06-17,0.01446860855850754,1.0,0.0,0.01446860855850754,0.01446860855850754,0.9246099318421276,0.6957259585166562
2015-06-18,-0.007253635938699917,0.0,0.0005,-0.0005,-0.007253635938699917,0.9241477424331878,0.6906976744186046
2015-06-19,0.007343974255758505,0.0,0.0,0.0,0.007343974255758505,0.9241477424331878,0.6957888120678818
2015-06-22,0.0008126778179902578,1.0,0.0005,0.0003126778179902578,0.0008126778179902578,0.9244367481132705,0.6963544940289126
2015-06-23,-0.005158149077492333,0.0,0.0005,-0.0005,-0.005158149077492333,0.9239746452745506,0.6927718416090508
2015-06-24,-0.0019980026626729977,0.0,0.0,-0.0,-0.0019980026626729977,0.9239746452745506,0.6913890634820866
2015-06-25,-0.006658482209762254,1.0,0.0005,-0.0071584822097622534,-0.006658482209762254,0.9173840068421921,0.6868007542426147
2015-06-26,-0.023894450379284074,0.0,0.0005,-0.0005,-0.023894450379284074,0.9169254294926621,0.6705845380263984
2015-06-29,0.0035553929668086393,0.0,0.0,0.0,0.0035553929668086393,0.9169254294926621,0.6729729729729728
2015-06-30,0.007907385729321915,0.0,0.0,0.0,0.007907385729321915,0.9169254294926621,0.6783155248271526
2015-07-01,0.0002779450613158449,1.0,0.0005,-0.0002220549386841551,0.0002779450613158449,0.916721844277026,0.6785040854808295
2015-07-02,-0.0023185727984735213,1.0,0.0,-0.0023185727984735213,-0.0023185727984735213,0.9145988200892607,0.6769327467001884
2015-07-06,0.0025038265967061487,1.0,0.0,0.0025038265967061487,0.0025038265967061487,0.9168916862120472,0.6786297925832808
2015-07-07,-0.017565620287868827,1.0,0.0,-0.017565620287868827,-0.017565620287868827,0.9009265443200527,0.6668133249528597
2015-07-08,-0.0005657175334733461,0.0,0.0005,-0.0005,-0.0005657175334733461,0.9004761936449437,0.6664362036455058
2015-07-09,0.015163150872665223,1.0,0.0005,0.014663150872665223,0.015163150872665223,0.9137772916133998,0.6766184789440602
2015-07-10,0.017404555545203176,0.0,0.0005,-0.0005,0.017404555545203176,0.9133205171707199,0.6884978001257069
2015-07-13,0.006551433805962181,1.0,0.0005,0.006051433805962181,0.006551433805962181,0.9188641724381438,0.6930232558139533
2015-07-14,0.0010877448498176057,1.0,0.0,0.0010877448498176057,0.0010877448498176057,0.9198642060014719,0.693777498428661
2015-07-15,0.01403405545185821,0.0,0.0005,-0.0005,0.01403405545185821,0.9194043888623356,0.7035826524198614
2015-07-16,0.014632460780116813,0.0,0.0,0.0,0.014632460780116813,0.9194043888623356,0.7139534883720927
2015-07-17,0.003427520163523262,1.0,0.0005,0.002927520163523262,0.003427520163523262,0.9220999074164877,0.7164047768698929
2015-07-20,-0.0006143314950328883,0.0,0.0005,-0.0005,-0.0006143314950328883,0.9216389727060599,0.7159648020113133
2015-07-21,-0.011389343085348114,0.0,0.0,-0.0,-0.011389343085348114,0.9216389727060599,0.7078566939032053
2015-07-22,-0.0037363267378765067,0.0,0.0,-0.0,-0.0037363267378765067,0.9216389727060599,0.7052168447517283
2015-07-23,-0.009852296443011707,0.0,0.0,-0.0,-0.009852296443011707,0.9216389727060599,0.6983029541169073
2015-07-24,-0.008315304601013722,0.0,0.0,-0.0,-0.008315304601013722,0.9216389727060599,0.6925204274041481
2015-07-27,0.008585295152984458,0.0,0.0,0.0,0.008585295152984458,0.9216389727060599,0.6984915147705842
2015-07-28,0.0037722336809864953,0.0,0.0,0.0,0.0037722336809864953,0.9216389727060599,0.7011313639220613
2015-07-29,0.004739981150210132,0.0,0.0,0.0,0.004739981150210132,0.9216389727060599,0.7044626021370205
2015-07-30,-0.0011605589839876456,1.0,0.0005,-0.0016605589839876456,-0.0011605589839876456,0.9201098068164016,0.7036455059710872
2015-07-31,-0.003131293097553397,1.0,0.0,-0.003131293097553397,-0.003131293097553397,0.9172331794614597,0.7014456316781896
2015-08-03,-0.001883493090112113,1.0,0.0,-0.001883493090112113,-0.001883493090112113,0.9155072030484946,0.7001257071024511
2015-08-04,0.007601878937107082,1.0,0.0,0.007601878937107082,0.007601878937107082,0.9224932980533534,0.7054682589566309
2015-08-05,-0.016076505928079275,1.0,0.0,-0.016076505928079275,-0.016076505928079275,0.9077814038666508,0.6942174732872406
2015-08-06,-0.001268345884835885,0.0,0.0005,-0.0005,-0.001268345884835885,0.9073276266184832,0.6933375235700815
2015-08-07,0.011357612623797963,1.0,0.0005,0.010857612623797962,0.011357612623797963,0.9172327140049176,0.7012570710245126
2015-08-10,-0.01289991277075283,0.0,0.0005,-0.0005,-0.01289991277075283,0.9167742122828978,0.6922690131992456
2015-08-11,0.0034442162208804168,1.0,0.0005,0.0029442162208804168,0.0034442162208804168,0.9194773711790472,0.6946574481458201
2015-08-12,-0.001629992210930953,0.0,0.0005,-0.0005,-0.001629992210930953,0.9190177474089756,0.6935260842237586
2015-08-13,0.0015395067564061525,0.0,0.0,0.0,0.0015395067564061525,0.9190177474089756,0.6945945945945946
2015-08-14,0.008290576458271817,1.0,0.0005,0.007790576458271817,0.008290576458271817,0.9262053870113159,0.7003771213073539
2015-08-17,-0.0051284470673040325,1.0,0.0,-0.0051284470673040325,-0.0051284470673040325,0.9214675509653996,0.6967944688874921
2015-08-18,-0.006606657814806041,1.0,0.0,-0.006606657814806041,-0.006606657814806041,0.9153997960294015,0.69220615964802
2015-08-19,-0.02808526752470079,0.0,0.0005,-0.0005,-0.02808526752470079,0.9149422105372929,0.6730358265241986
2015-08-20,-0.044689506046744334,0.0,0.0,-0.0,-0.044689506046744334,0.9149422105372929,0.6436203645505971
2015-08-21,-0.03923633827535297,1.0,0.0005,-0.03973633827535297,-0.03923633827535297,0.8792986201489434,0.6188560653676932
2015-08-24,-0.003764949753830146,1.0,0.0,-0.003764949753830146,-0.003764949753830146,0.8759943291733686,0.6165304839723444
2015-08-25,0.04913478338075235,1.0,0.0,0.04913478338075235,0.04913478338075235,0.9201110789553693,0.6475801382778127
2015-08-26,0.025016879471954766,0.0,0.0005,-0.0005,0.025016879471954766,0.9196511384106099,0.6639849151477057
2015-08-27,-0.0001893401501442957,0.0,0.0,-0.0,-0.0001893401501442957,0.9196511384106099,0.6638592080452546
2015-08-28,-0.01248051259090744,0.0,0.0,-0.0,-0.01248051259090744,0.9196511384106099,0.6556253928346951
2015-08-31,-0.03175179083824977,0.0,0.0,-0.0,-0.03175179083824977,0.9196511384106099,0.6351351351351351
2015-09-01,0.027813454255551703,1.0,0.0005,0.027313454255551702,0.027813454255551703,0.9451161736387994,0.6530483972344437
2015-09-02,-0.004920652506580053,0.0,0.0005,-0.0005,-0.004920652506580053,0.9446437336718142,0.6498428661219358
2015-09-03,-0.011968033874317956,0.0,0.0,-0.0,-0.011968033874317956,0.9446437336718142,0.6421118793211815
2015-09-04,0.027801018270257088,0.0,0.0,0.0,0.027801018270257088,0.9446437336718142,0.6602137020741672
2015-09-08,-0.011297391578367923,0.0,0.0,-0.0,-0.011297391578367923,0.9446437336718142,0.6527969830295411
2015-09-09,0.010821269110676966,0.0,0.0,0.0,0.010821269110676966,0.9446437336718142,0.6598994343180389
2015-09-10,0.005509132474753578,0.0,0.0,0.0,0.005509132474753578,0.9446437336718142,0.6635449402891263
2015-09-11,-0.003035767439112574,0.0,0.0,-0.0,-0.003035767439112574,0.9446437336718142,0.6615336266499058
2015-09-14,0.011712611464801558,0.0,0.0,0.0,0.011712611464801558,0.9446437336718142,0.6693274670018856
2015-09-15,0.005618518385491373,0.0,0.0,0.0,0.005618518385491373,0.9446437336718142,0.6730986800754244
2015-09-16,0.0003734478616830945,0.0,0.0,0.0,0.0003734478616830945,0.9446437336718142,0.6733500942803269
2015-09-17,-0.016754910024268748,0.0,0.0,-0.0,-0.016754910024268748,0.9446437336718142,0.6621621621621622
2015-09-18,0.0031275199638718812,0.0,0.0,0.0,0.0031275199638718812,0.9446437336718142,0.6642363293526086
2015-09-21,-0.015063684593146833,0.0,0.0,-0.0,-0.015063684593146833,0.9446437336718142,0.6543054682589566
2015-09-22,0.0007681966961223688,0.0,0.0,0.0,0.0007681966961223688,0.9446437336718142,0.6548082966687618
2015-09-23,-0.003654201585257305,1.0,0.0005,-0.004154201585257305,-0.003654201585257305,0.940727632943623,0.6524198617221872
2015-09-24,-0.008513983318244765,0.0,0.0005,-0.0005,-0.008513983318244765,0.9402573866985093,0.6468887492143307
2015-09-25,-0.02898182142811908,0.0,0.0,-0.0,-0.02898182142811908,0.9402573866985093,0.6284098051539913
2015-09-28,-0.005114074821101826,1.0,0.0005,-0.005614074821101826,-0.005114074821101826,0.9349935011277285,0.6252042740414834
2015-09-29,0.022564448230296286,1.0,0.0,0.022564448230296286,0.022564448230296286,0.9563309420401638,0.6394720301697046
2015-09-30,0.004706813945514676,1.0,0.0,0.004706813945514676,0.004706813945514676,0.9608428238190049,0.6424890006285355
2015-10-01,0.017359695024908386,0.0,0.0005,-0.0005,0.017359695024908386,0.9603625224924333,0.653739786297926
2015-10-02,0.014223904551079308,0.0,0.0,0.0,0.014223904551079308,0.9603625224924333,0.6631049654305469
2015-10-05,-0.004750602758597865,0.0,0.0,-0.0,-0.004750602758597865,0.9603625224924333,0.6599622878692647
2015-10-06,0.005982071677547469,0.0,0.0,0.0,0.005982071677547469,0.9603625224924333,0.6639220615964803
2015-10-07,0.00396825917562067,0.0,0.0,0.0,0.00396825917562067,0.9603625224924333,0.6665619107479573
2015-10-08,0.004515954612414831,0.0,0.0,0.0,0.004515954612414831,0.9603625224924333,0.6695788812067883
2015-10-09,0.0024376535603477306,1.0,0.0005,0.0019376535603477306,0.0024376535603477306,0.9622251763595359,0.6712130735386551
2015-10-12,-0.006482243563516525,0.0,0.0005,-0.0005,-0.006482243563516525,0.9617441840294594,0.6668761785040856
2015-10-13,-0.0016035470115325974,0.0,0.0,-0.0,-0.0016035470115325974,0.9617441840294594,0.6658076681332498
2015-10-14,0.01629249521922078,0.0,0.0,0.0,0.01629249521922078,0.9617441840294594,0.6767441860465118
2015-10-15,0.0041707275806213175,1.0,0.0005,0.0036707275806213174,0.0041707275806213175,0.9652809722530241,0.6795725958516659
2015-10-16,0.005717990309527741,1.0,0.0,0.005717990309527741,0.005717990309527741,0.9708162497483707,0.6834695160276557
2015-10-19,-0.0051632052744936445,1.0,0.0,-0.0051632052744936445,-0.0051632052744936445,0.9658166442687028,0.6799497171590198
2015-10-20,-0.006119629668441597,0.0,0.0005,-0.0005,-0.006119629668441597,0.9653338566535303,0.6758013827781271
2015-10-21,0.020163644054560156,0.0,0.0,0.0,0.020163644054560156,0.9653338566535303,0.6895663104965433
2015-10-22,0.02759849754963654,0.0,0.0,0.0,0.02759849754963654,0.9653338566535303,0.708862350722816
2015-10-23,0.0006204848845084816,1.0,0.0005,0.00012048488450848156,0.0006204848845084816,0.9654501717987292,0.7093023255813955
2015-10-26,0.0020360295618448983,0.0,0.0005,-0.0005,0.0020360295618448983,0.9649675673739901,0.7107479572595853
2015-10-27,0.008278338778046164,0.0,0.0,0.0,0.008278338778046164,0.9649675673739901,0.7166561910747958
2015-10-28,-0.0015799178218388384,0.0,0.0,-0.0,-0.0015799178218388384,0.9649675673739901,0.7155248271527342
2015-10-29,-0.0044900370367399346,1.0,0.0005,-0.004990037036739935,-0.0044900370367399346,0.9601643375876916,0.7123192960402264
2015-10-30,0.011231143763750824,1.0,0.0,0.011231143763750824,0.011231143763750824,0.9710088655336216,0.7203645505971088
2015-11-02,0.0034840205958822463,1.0,0.0,0.0034840205958822463,0.0034840205958822463,0.9743977805167248,0.7228786926461347
2015-11-03,8.694518111803747e-05,1.0,0.0,8.694518111803747e-05,8.694518111803747e-05,0.9744825033913024,0.7229415461973603
2015-11-04,-0.0026988219924318833,0.0,0.0005,-0.0005,-0.0026988219924318833,0.9739953839296204,0.7209930861093652
2015-11-05,0.0006971677842291247,1.0,0.0005,0.00019716778422912472,0.0006971677842291247,0.9741874433746647,0.7214959145191704
2015-11-06,-0.010684985173850551,0.0,0.0005,-0.0005,-0.010684985173850551,0.9737004714061147,0.7138277812696417
2015-11-09,-0.0025567569581452848,0.0,0.0,-0.0,-0.0025567569581452848,0.9737004714061147,0.7120050282840981
2015-11-10,-0.0012366400303999397,0.0,0.0,-0.0,-0.0012366400303999397,0.9737004714061147,0.7111250785669392
2015-11-11,-0.009770039523101796,1.0,0.0005,-0.010270039523101796,-0.009770039523101796,0.9637517036444717,0.7042111879321183
2015-11-12,-0.01983118893219221,1.0,0.0,-0.01983118893219221,-0.01983118893219221,0.9448276252080398,0.6903834066624766
2015-11-13,0.014282083132953765,0.0,0.0005,-0.0005,0.014282083132953765,0.9443553294792074,0.7003142677561283
2015-11-16,0.0006280561868105382,0.0,0.0,0.0,0.0006280561868105382,0.9443553294792074,0.7007542426147078
2015-11-17,0.019012655150437537,1.0,0.0005,0.018512655150437537,0.019012655150437537,0.9620006812434272,0.7142049025769955
2015-11-18,0.0007037917067137724,0.0,0.0005,-0.0005,0.0007037917067137724,0.9615198011328514,0.7147077309868007
2015-11-19,0.006748787611564119,1.0,0.0005,0.006248787611564119,0.006748787611564119,0.9675469457156576,0.7195474544311754
2015-11-20,-0.002886762272390943,1.0,0.0,-0.002886762272390943,-0.002886762272390943,0.9647578952956176,0.7174732872407291
2015-11-23,-0.0008764242454076153,0.0,0.0005,-0.0005,-0.0008764242454076153,0.9642756369226101,0.7168447517284726
2015-11-24,0.0008764242454076204,0.0,0.0,0.0,0.0008764242454076204,0.9642756369226101,0.7174732872407291
2015-11-25,0.001400683061882571,1.0,0.0005,0.0009006830618825709,0.001400683061882571,0.9651445348978771,0.7184789440603395
2015-11-27,-0.0025401844342512834,1.0,0.0,-0.0025401844342512834,-0.0025401844342512834,0.9626960009540367,0.7166561910747957
2015-11-30,0.009948594140539217,0.0,0.0005,-0.0005,0.009948594140539217,0.9622147732705062,0.7238214959145192
2015-12-01,-0.006184419345399409,1.0,0.0005,-0.006684419345399409,-0.006184419345399409,0.9558043749895809,0.7193588937774984
2015-12-02,-0.01709593981559521,0.0,0.0005,-0.0005,-0.01709593981559521,0.9553265922577229,0.7071653048397234
2015-12-03,0.02310667266468293,1.0,0.0005,0.022606672664682928,0.02310667266468293,0.9771693131978011,0.7236957888120678
2015-12-04,-0.004526470124072066,0.0,0.0005,-0.0005,-0.004526470124072066,0.9766808506670112,0.7204274041483343
2015-12-07,8.72410033267414e-05,1.0,0.0005,-0.0004127589966732586,8.72410033267414e-05,0.9762778000461272,0.7204902576995598
2015-12-08,-0.01529565685346261,0.0,0.0005,-0.0005,-0.01529565685346261,0.9757897831604925,0.7095537397862978
2015-12-09,0.004507498020196069,1.0,0.0005,0.004007498020196069,0.004507498020196069,0.9797081048738577,0.7127592708988056
2015-12-10,-0.0232848737610702,1.0,0.0,-0.0232848737610702,-0.0232848737610702,0.9571592675394595,0.6963544940289125
2015-12-11,0.00755331349405914,1.0,0.0,0.00755331349405914,0.00755331349405914,0.9644163646125989,0.7016341923318664
2015-12-14,0.0060730739483038955,0.0,0.0005,-0.0005,0.0060730739483038955,0.9639342769622488,0.7059082338152103
2015-12-15,0.014760089431908891,1.0,0.0005,0.01426008943190889,0.014760089431908891,0.9777785415820319,0.7164047768698929
2015-12-16,-0.014671054129352658,0.0,0.0005,-0.0005,-0.014671054129352658,0.9772897745131908,0.7059710873664359
2015-12-17,-0.02241822447724638,0.0,0.0,-0.0,-0.02241822447724638,0.9772897745131908,0.6903205531112505
2015-12-18,0.011046834540181886,0.0,0.0,0.0,0.011046834540181886,0.9772897745131908,0.697988686360779
2015-12-21,0.006552103501115712,1.0,0.0005,0.006052103501115713,0.006552103501115712,0.983222367604617,0.7025769956002512
2015-12-22,0.0073978678673820636,1.0,0.0,0.0073978678673820636,0.0073978678673820636,0.9905230883517259,0.7077938403519796
2015-12-23,-0.0001776198938950095,1.0,0.0,-0.0001776198938950095,-0.0001776198938950095,0.9903471673698678,0.7076681332495284
2015-12-24,-0.0005330490531334694,1.0,0.0,-0.0005330490531334694,-0.0005330490531334694,0.9898194044242937,0.7072910119421745
2015-12-28,0.01560671803885934,1.0,0.0,0.01560671803885934,0.01560671803885934,1.0053884113187308,0.7184160905091136
2015-12-29,-0.009052221588142773,0.0,0.0005,-0.0005,-0.009052221588142773,1.00488584276568,0.7119421747328721
2015-12-30,-0.012526259819180256,0.0,0.0,-0.0,-0.012526259819180256,1.00488584276568,0.7030798240100563
2015-12-31,-0.021323540136886362,0.0,0.0,-0.0,-0.021323540136886362,1.00488584276568,0.6882463859208043
2016-01-04,-0.0017366669508114304,0.0,0.0,-0.0,-0.0017366669508114304,1.00488584276568,0.687052168447517
2016-01-05,-0.009652140936912246,0.0,0.0,-0.0,-0.009652140936912246,1.00488584276568,0.6804525455688245
2016-01-06,-0.0318142535225181,1.0,0.0005,-0.0323142535225181,-0.0318142535225181,0.9729327573644331,0.6591451917033311
2016-01-07,-0.008234439481272017,0.0,0.0005,-0.0005,-0.008234439481272017,0.9724464125820786,0.6537397862979256
2016-01-08,0.003071904114836071,0.0,0.0,0.0,0.003071904114836071,0.9724464125820786,0.6557510999371461
2016-01-11,0.011531075497643956,0.0,0.0,0.0,0.011531075497643956,0.9724464125820786,0.6633563796354492
2016-01-12,-0.035098087748842675,0.0,0.0,-0.0,-0.035098087748842675,0.9724464125820786,0.6404776869893147
2016-01-13,0.02107180942108869,0.0,0.0,0.0,0.02107180942108869,0.9724464125820786,0.6541169076052794
2016-01-14,-0.03152864733004888,1.0,0.0005,-0.03202864733004888,-0.03152864733004888,0.9417937710415948,0.6338152105593964
2016-01-15,0.002179297544043425,0.0,0.0005,-0.0005,0.002179297544043425,0.9413229918606771,0.6351979886863605
2016-01-19,-0.0030721990369701403,0.0,0.0,-0.0,-0.0030721990369701403,0.9413229918606771,0.6332495285983656
2016-01-20,0.0009920635734284695,0.0,0.0,0.0,0.0009920635734284695,0.9413229918606771,0.633878064110622
2016-01-21,0.02854264721696627,0.0,0.0,0.0,0.02854264721696627,0.9413229918606771,0.6522313010685101
2016-01-22,-0.01495173484826423,0.0,0.0,-0.0,-0.01495173484826423,0.9413229918606771,0.642551854179761
2016-01-25,0.008959062748338043,0.0,0.0,0.0,0.008959062748338043,0.9413229918606771,0.6483343808925202
2016-01-26,-0.025230808773442144,0.0,0.0,-0.0,-0.025230808773442144,0.9413229918606771,0.6321810182275296
2016-01-27,0.014019382540452457,0.0,0.0,0.0,0.014019382540452457,0.9413229918606771,0.6411062225015711
2016-01-28,0.02066730525753339,0.0,0.0,0.0,0.02066730525753339,0.9413229918606771,0.6544940289126333
2016-01-29,0.0026853377602144416,0.0,0.0,0.0,0.0026853377602144416,0.9413229918606771,0.6562539283469514
2016-02-01,-0.02188313503838779,0.0,0.0,-0.0,-0.02188313503838779,0.9413229918606771,0.6420490257699559
2016-02-02,-0.004808409244874705,0.0,0.0,-0.0,-0.004808409244874705,0.9413229918606771,0.6389692017598992
2016-02-03,-9.837194440067792e-05,0.0,0.0,-0.0,-9.837194440067792e-05,0.9413229918606771,0.6389063482086738
2016-02-04,-0.035344320684067045,0.0,0.0,-0.0,-0.035344320684067045,0.9413229918606771,0.6167190446260213
2016-02-05,-0.015405460264027917,0.0,0.0,-0.0,-0.015405460264027917,0.9413229918606771,0.6072910119421747
2016-02-08,-0.003109777565749864,0.0,0.0,-0.0,-0.003109777565749864,0.9413229918606771,0.6054054054054053
2016-02-09,0.0038340029349452805,0.0,0.0,0.0,0.0038340029349452805,0.9413229918606771,0.6077309868007541
2016-02-10,-0.0014489756209327533,0.0,0.0,-0.0,-0.0014489756209327533,0.9413229918606771,0.6068510370835951
2016-02-11,0.015110530606877892,0.0,0.0,0.0,0.015110530606877892,0.9413229918606771,0.6160905091137647
2016-02-12,0.022296005555373435,0.0,0.0,0.0,0.022296005555373435,0.9413229918606771,0.6299811439346321
2016-02-16,0.02239525354168793,0.0,0.0,0.0,0.02239525354168793,0.9413229918606771,0.6442489000628533
2016-02-17,-0.0114802811182367,0.0,0.0,-0.0,-0.0114802811182367,0.9413229918606771,0.636895034569453
2016-02-18,0.002956249689448816,0.0,0.0,0.0,0.002956249689448816,0.9413229918606771,0.6387806411062222
2016-02-19,0.01610497938871207,0.0,0.0,0.0,0.01610497938871207,0.9413229918606771,0.6491514770584536
2016-02-22,-0.016597081165288168,0.0,0.0,-0.0,-0.016597081165288168,0.9413229918606771,0.6384663733500939
2016-02-23,0.009503819145290764,0.0,0.0,0.0,0.009503819145290764,0.9413229918606771,0.6445631678189815
2016-02-24,0.009800670364947221,0.0,0.0,0.0,0.009800670364947221,0.9413229918606771,0.6509113764927715
2016-02-25,-0.0012560994936245747,0.0,0.0,-0.0,-0.0012560994936245747,0.9413229918606771,0.6500942803268381
2016-02-26,-0.009032256811249454,0.0,0.0,-0.0,-0.009032256811249454,0.9413229918606771,0.6442489000628532
2016-02-29,0.031593198420220354,0.0,0.0,0.0,0.031593198420220354,0.9413229918606771,0.6649277184160902
2016-03-01,0.0003780361069498565,0.0,0.0,0.0,0.0003780361069498565,0.9413229918606771,0.6651791326209927
2016-03-02,-0.0018916112705622918,0.0,0.0,-0.0,-0.0018916112705622918,0.9413229918606771,0.6639220615964798
2016-03-03,0.00037860861786857987,0.0,0.0,0.0,0.00037860861786857987,0.9413229918606771,0.6641734758013824
2016-03-04,-0.006170222243226191,0.0,0.0,-0.0,-0.006170222243226191,0.9413229918606771,0.6600879949717156
2016-03-07,-0.008318640502732157,0.0,0.0,-0.0,-0.008318640502732157,0.9413229918606771,0.6546197360150845
2016-03-08,0.006412425667039125,0.0,0.0,0.0,0.006412425667039125,0.9413229918606771,0.6588309239472027
2016-03-09,-0.0015275924299584518,0.0,0.0,-0.0,-0.0015275924299584518,0.9413229918606771,0.6578252671275924
2016-03-10,0.01733408308323054,0.0,0.0,0.0,0.01733408308323054,0.9413229918606771,0.6693274670018852
2016-03-11,0.0016888726100991425,0.0,0.0,0.0,0.0016888726100991425,0.9413229918606771,0.6704588309239469
2016-03-14,-0.00037505860730340304,0.0,0.0,-0.0,-0.00037505860730340304,0.9413229918606771,0.6702074167190442
2016-03-15,0.008869858815008368,0.0,0.0,0.0,0.008869858815008368,0.9413229918606771,0.6761785040854804
2016-03-16,-0.0005578800702570945,0.0,0.0,-0.0,-0.0005578800702570945,0.9413229918606771,0.6758013827781265
2016-03-17,-0.00139606332879519,0.0,0.0,-0.0,-0.00139606332879519,0.9413229918606771,0.6748585795097419
2016-03-18,0.0039040763474929964,0.0,0.0,0.0,0.0039040763474929964,0.9413229918606771,0.677498428661219
2016-03-21,0.003056831614709714,0.0,0.0,0.0,0.003056831614709714,0.9413229918606771,0.6795725958516652
2016-03-22,-0.008265661176192596,1.0,0.0005,-0.008765661176192596,-0.008265661176192596,0.9331077321510103,0.6739786297925828
2016-03-23,0.0002797333227247582,1.0,0.0,0.0002797333227247582,0.0002797333227247582,0.933368789988971,0.6741671904462597
2016-03-24,-0.0013994497782408924,1.0,0.0,-0.0013994497782408924,-0.0013994497782408924,0.9320635007991672,0.673224387177875
2016-03-28,0.01593068793143206,0.0,0.0005,-0.0005,0.01593068793143206,0.9315975855372897,0.6840351979886858
2016-03-29,0.004858160707723928,0.0,0.0,0.0,0.004858160707723928,0.9315975855372897,0.687366436203645
2016-03-30,-0.0014641291048894242,1.0,0.0005,-0.001964129104889424,-0.0014641291048894242,0.9297696033896271,0.6863607793840347
2016-03-31,0.010566686038280631,1.0,0.0,0.010566686038280631,0.010566686038280631,0.9396462768322276,0.6936517913262095
2016-04-01,-0.0038129869165710777,0.0,0.0005,-0.0005,-0.0038129869165710777,0.9391765711300225,0.6910119421747324
2016-04-04,-0.00968840408930368,1.0,0.0005,-0.01018840408930368,-0.00968840408930368,0.929656440532723,0.6843494657448141
2016-04-05,0.01630644193348338,0.0,0.0005,-0.0005,0.01630644193348338,0.9291917285001463,0.6956002514142045
2016-04-06,-0.01447124229930626,0.0,0.0,-0.0,-0.01447124229930626,0.9291917285001463,0.685606536769327
2016-04-07,-0.0007336757482440227,0.0,0.0,-0.0,-0.0007336757482440227,0.9291917285001463,0.6851037083595218
2016-04-08,-0.003676474729308637,0.0,0.0,-0.0,-0.003676474729308637,0.9291917285001463,0.682589566310496
2016-04-11,0.008344461787832849,0.0,0.0,0.0,0.008344461787832849,0.9291917285001463,0.6883092394720298
2016-04-12,0.012703192328982456,0.0,0.0,0.0,0.012703192328982456,0.9291917285001463,0.69710873664362
2016-04-13,9.015913092720354e-05,0.0,0.0,0.0,9.015913092720354e-05,0.9291917285001463,0.6971715901948458
2016-04-14,-0.0025275333910745163,1.0,0.0005,-0.0030275333910745163,-0.0025275333910745163,0.9263828236874833,0.6954116907605277
2016-04-15,0.0053184422474352,1.0,0.0,0.0053184422474352,0.0053184422474352,0.9313228622447466,0.6991200502828407
2016-04-18,-0.006132222300482658,1.0,0.0,-0.006132222300482658,-0.006132222300482658,0.9256292584838329,0.694846008799497
2016-04-19,0.0008137800530474868,0.0,0.0005,-0.0005,0.0008137800530474868,0.9251665595389668,0.6954116907605278
2016-04-20,9.03791405559673e-05,1.0,0.0005,-0.00040962085944403273,9.03791405559673e-05,0.9247876696236237,0.6954745443117535
2016-04-21,-0.015207687342106405,0.0,0.0005,-0.0005,-0.015207687342106405,0.9243253913680066,0.6849780012570709
2016-04-22,0.0,1.0,0.0005,-0.0005,0.0,0.9238633441937422,0.6849780012570709
2016-04-25,-0.004875141882068956,1.0,0.0,-0.004875141882068956,-0.004875141882068956,0.9193703402258334,0.6816467630421117
2016-04-26,-0.008054480427786958,1.0,0.0,-0.008054480427786958,-0.008054480427786958,0.9119950318256814,0.6761785040854805
2016-04-27,-0.012157635953483759,0.0,0.0005,-0.0005,-0.012157635953483759,0.91153914829015,0.6680075424261468
2016-04-28,-0.005283031155524336,0.0,0.0,-0.0,-0.005283031155524336,0.91153914829015,0.6644877435575107
2016-04-29,0.009414492431225146,0.0,0.0,0.0,0.009414492431225146,0.91153914829015,0.6707730986800752
2016-05-02,-0.009319907422878346,0.0,0.0,-0.0,-0.009319907422878346,0.91153914829015,0.6645505971087364
2016-05-03,-0.006452247453425762,0.0,0.0,-0.0,-0.006452247453425762,0.91153914829015,0.6602765556253927
2016-05-04,-0.00028561908129616417,0.0,0.0,-0.0,-0.00028561908129616417,0.91153914829015,0.6600879949717158
2016-05-05,0.005318151185756993,0.0,0.0,0.0,0.005318151185756993,0.91153914829015,0.6636077938403518
2016-05-06,0.002837417963430264,0.0,0.0,0.0,0.002837417963430264,0.91153914829015,0.6654934003771211
2016-05-09,0.01360182313453258,0.0,0.0,0.0,0.01360182313453258,0.91153914829015,0.6746071653048396
2016-05-10,-0.009078634118613997,0.0,0.0,-0.0,-0.009078634118613997,0.91153914829015,0.6685103708359521
2016-05-11,-0.004428746932455982,0.0,0.0,-0.0,-0.004428746932455982,0.91153914829015,0.6655562539283468
2016-05-12,-0.003689866526241916,1.0,0.0005,-0.004189866526241916,-0.003689866526241916,0.9077279107891001,0.6631049654305466
2016-05-13,0.01243422199550293,1.0,0.0,0.01243422199550293,0.01243422199550293,0.9190852647439968,0.6714016341923316
2016-05-16,-0.01262381342653819,0.0,0.0005,-0.0005,-0.01262381342653819,0.9186258369781376,0.6629792583280953
2016-05-17,0.0035961049447554494,0.0,0.0,0.0,0.0035961049447554494,0.9186258369781376,0.6653676932746697
2016-05-18,-0.00520908503733562,0.0,0.0,-0.0,-0.00520908503733562,0.9186258369781376,0.6619107479572593
2016-05-19,0.010954873934009046,1.0,0.0005,0.010454873934009045,0.010954873934009046,0.9282803346344604,0.6692017598994342
2016-05-20,-0.0013157896635199685,0.0,0.0005,-0.0005,-0.0013157896635199685,0.9278163104828482,0.6683218101822751
2016-05-23,0.019833975749919824,1.0,0.0005,0.019333975749919824,0.019833975749919824,0.9459292216046802,0.6817096165933374
2016-05-24,0.00716585519258971,1.0,0.0,0.00716585519258971,0.00716585519258971,0.9527319580314888,0.6866121935889377
2016-05-25,0.00292504778937315,0.0,0.0005,-0.0005,0.00292504778937315,0.9522557111241217,0.6886235072281582
2016-05-26,0.00518914178197509,0.0,0.0,0.0,0.00518914178197509,0.9522557111241217,0.6922061596480199
2016-05-27,0.0019050216674321144,1.0,0.0005,0.0014050216674321144,0.0019050216674321144,0.9535945913888226,0.6935260842237585
2016-05-31,9.062485846056668e-05,0.0,0.0005,-0.0005,9.062485846056668e-05,0.9531179132725881,0.693588937774984
2016-06-01,0.0020821082070414804,1.0,0.0005,0.0015821082070414804,0.0020821082070414804,0.9546270424334828,0.6950345694531738
2016-06-02,-0.0047135692781741225,0.0,0.0005,-0.0005,-0.0047135692781741225,0.9541498482207609,0.6917661847894403
2016-06-03,0.0036277928414286363,0.0,0.0,0.0,0.0036277928414286363,0.9541498482207609,0.694280326838466
2016-06-06,-0.0025380724284708887,0.0,0.0,-0.0,-0.0025380724284708887,0.9541498482207609,0.6925204274041481
2016-06-07,0.0017229657402222153,0.0,0.0,0.0,0.0017229657402222153,0.9541498482207609,0.6937146448774353
2016-06-08,-0.0016322092851071472,0.0,0.0,-0.0,-0.0016322092851071472,0.9541498482207609,0.6925832809553737
2016-06-09,-0.011408876544157268,0.0,0.0,-0.0,-0.011408876544157268,0.9541498482207609,0.684726587052168
2016-06-10,-0.008388305626634856,1.0,0.0005,-0.008888305626634856,-0.008388305626634856,0.9457066511996604,0.6790069138906345
2016-06-13,0.0,1.0,0.0,0.0,0.0,0.9457066511996604,0.6790069138906345
2016-06-14,-0.0028736983854954633,1.0,0.0,-0.0028736983854954633,-0.0028736983854954633,0.9429928766752513,0.6770584538026395
2016-06-15,0.0029662609810166564,1.0,0.0,0.0029662609810166564,0.0029662609810166564,0.9457941923133509,0.6790697674418601
2016-06-16,-0.014450444897122492,0.0,0.0005,-0.0005,-0.014450444897122492,0.9453214134217667,0.6693274670018852
2016-06-17,0.006271960649115634,1.0,0.0005,0.005771960649115634,0.006271960649115634,0.9507935487033107,0.6735386549340033
2016-06-20,0.0031678028913096176,1.0,0.0,0.0031678028913096176,0.0031678028913096176,0.9538102508921791,0.6756756756756753
2016-06-21,-0.002421534199958989,0.0,0.0005,-0.0005,-0.002421534199958989,0.9533334649731457,0.6740414833438085
2016-06-22,0.01416624773800029,0.0,0.0,0.0,0.01416624773800029,0.9533334649731457,0.683658076681332
2016-06-23,-0.04206008097263733,0.0,0.0,-0.0,-0.04206008097263733,0.9533334649731457,0.6554996857322436
2016-06-24,-0.020048126792988098,1.0,0.0005,-0.0205481267929881,-0.020048126792988098,0.9339441374565977,0.6424890006285351
2016-06-27,0.02167686966801917,0.0,0.0005,-0.0005,0.02167686966801917,0.9334772821114318,0.6565681961030794
2016-06-28,0.017555131292361213,0.0,0.0,0.0,0.017555131292361213,0.9334772821114318,0.6681961030798236
2016-06-29,0.011503517081018254,0.0,0.0,0.0,0.011503517081018254,0.9334772821114318,0.6759270898805779
2016-06-30,0.00500882227041138,0.0,0.0,0.0,0.00500882227041138,0.9334772821114318,0.6793211816467627
2016-07-01,-0.006125309174630054,1.0,0.0005,-0.006625309174630055,-0.006125309174630054,0.927313148702491,0.6751728472658702
2016-07-05,0.008158769529631604,1.0,0.0,0.008158769529631604,0.008158769529631604,0.9349098306132915,0.6807039597737269
2016-07-06,0.0029503985997544387,1.0,0.0,0.0029503985997544387,0.0029503985997544387,0.9376722603990373,0.6827152734129476
2016-07-07,0.015348373652757395,1.0,0.0,0.015348373652757395,0.015348373652757395,0.9521750167742017,0.6932746700188557
2016-07-08,0.005695445491111471,0.0,0.0005,-0.0005,0.005695445491111471,0.9516990482678572,0.6972344437460712
2016-07-11,0.005035529028911799,1.0,0.0005,0.004535529028911798,0.005035529028911799,0.9560253104556325,0.7007542426147073
2016-07-12,-0.002424679020062117,0.0,0.0005,-0.0005,-0.002424679020062117,0.9555474172836539,0.699057196731615
2016-07-13,0.006810062161329355,0.0,0.0,0.0,0.006810062161329355,0.9555474172836539,0.703834066624764
2016-07-14,-0.0016087231997485147,1.0,0.0005,-0.0021087231997485145,-0.0016087231997485147,0.9535345553066275,0.7027027027027023
2016-07-15,0.0065971532841342575,0.0,0.0005,-0.0005,0.0065971532841342575,0.9530579072009308,0.7073538654934001
2016-07-18,-0.003649801532343636,1.0,0.0005,-0.004149801532343636,-0.003649801532343636,0.9491111009325123,0.7047768698931486
2016-07-19,0.011615150311028034,0.0,0.0005,-0.0005,0.011615150311028034,0.9486366640011629,0.713010685103708
2016-07-20,-0.0022945910694395634,1.0,0.0005,-0.0027945910694395634,-0.0022945910694395634,0.9459893133060338,0.7113764927718413
2016-07-21,0.004144078584174441,0.0,0.0005,-0.0005,0.004144078584174441,0.9455164368783393,0.7143306096794466
2016-07-22,8.798557042304028e-05,0.0,0.0,0.0,8.798557042304028e-05,0.9455164368783393,0.7143934632306721
2016-07-25,0.0011431084999420063,0.0,0.0,0.0,0.0011431084999420063,0.9455164368783393,0.7152105593966056
2016-07-26,0.006918624611514343,0.0,0.0,0.0,0.006918624611514343,0.9455164368783393,0.7201759899434313
2016-07-27,0.0034849312147131363,0.0,0.0,0.0,0.0034849312147131363,0.9455164368783393,0.7226901319924571
2016-07-28,0.0021719308307782265,1.0,0.0005,0.0016719308307782265,0.0021719308307782265,0.9470985972229354,0.7242614707730982
2016-07-29,0.005279797611483013,0.0,0.0005,-0.0005,0.005279797611483013,0.9466251662919198,0.7280955373978625
2016-08-01,-0.007625686866636855,0.0,0.0,-0.0,-0.007625686866636855,0.9466251662919198,0.7225644248900057
2016-08-02,0.0033000464164971255,0.0,0.0,0.0,0.0033000464164971255,0.9466251662919198,0.7249528598365802
2016-08-03,0.002857021120043673,0.0,0.0,0.0,0.002857021120043673,0.9466251662919198,0.7270270270270265
2016-08-04,0.009550513548081284,1.0,0.0005,0.009050513548081283,0.009550513548081284,0.9552314972954845,0.7340037712130729
2016-08-05,-0.0011138243879524874,0.0,0.0005,-0.0005,-0.0011138243879524874,0.9547540009308758,0.7331866750471396
2016-08-08,0.0023119417756062633,0.0,0.0,0.0,0.0023119417756062633,0.9547540009308758,0.734883720930232
2016-08-09,-0.0025691544490351907,1.0,0.0005,-0.0030691544490351907,-0.0025691544490351907,0.9518282055967461,0.7329981143934627
2016-08-10,0.004278264418991558,1.0,0.0,0.004278264418991558,0.004278264418991558,0.9559091016934566,0.736140791954745
2016-08-11,0.0006828269299107297,1.0,0.0,0.0006828269299107297,0.0006828269299107297,0.9565620450689302,0.7366436203645501
2016-08-12,0.00425713712331869,0.0,0.0005,-0.0005,0.00425713712331869,0.9560838835967255,0.7397862979258323
2016-08-15,-0.005537820329311348,1.0,0.0005,-0.006037820329311348,-0.005537820329311348,0.9503286130168256,0.7357008170961653
2016-08-16,0.0017924975991494311,0.0,0.0005,-0.0005,0.0017924975991494311,0.9498535674815978,0.737020741671904
2016-08-17,0.0002558089973447228,1.0,0.0005,-0.0002441910026552772,0.0002558089973447228,0.9496216501037996,0.737209302325581
2016-08-18,-0.0002558089973447116,1.0,0.0,-0.0002558089973447116,-0.0002558089973447116,0.9493787594097668,0.737020741671904
2016-08-19,0.0007672307609634458,0.0,0.0005,-0.0005,0.0007672307609634458,0.9489041886826305,0.7375864236329348
2016-08-22,0.001787919253684073,0.0,0.0,0.0,0.001787919253684073,0.9489041886826305,0.7389063482086733
2016-08-23,-0.006485771156589972,1.0,0.0005,-0.006985771156589972,-0.006485771156589972,0.9422984610854425,0.7341294783155243
2016-08-24,-0.0016280368618851724,1.0,0.0,-0.0016280368618851724,-0.0016280368618851724,0.9407656125614166,0.7329352608422371
2016-08-25,0.0014567893231500226,1.0,0.0,0.0014567893231500226,0.0014567893231500226,0.9421371086092292,0.734003771213073
2016-08-26,0.0013691598921327876,0.0,0.0005,-0.0005,0.0013691598921327876,0.9416661578024378,0.7350094280326832
2016-08-29,-0.0032548208605749896,1.0,0.0005,-0.0037548208605749896,-0.0032548208605749896,0.938136999893663,0.7326209930861088
2016-08-30,-0.0010300430095269704,1.0,0.0,-0.0010300430095269704,-0.0010300430095269704,0.9371711759404436,0.731866750471401
2016-08-31,0.002573120898222394,1.0,0.0,0.002573120898222394,0.002573120898222394,0.9395857358234918,0.7337523570081702
2016-09-01,0.0032498104373566384,1.0,0.0,0.0032498104373566384,0.0032498104373566384,0.9426441783420196,0.7361407919547448
2016-09-02,0.006213579169138495,1.0,0.0,0.006213579169138495,0.006213579169138495,0.9485196073907701,0.7407291011942168
2016-09-06,0.000593799058886313,1.0,0.0,0.000593799058886313,0.000593799058886313,0.9490830046968147,0.7411690760527962
2016-09-07,-0.005868611357289519,0.0,0.0005,-0.0005,-0.005868611357289519,0.9486085818100718,0.7368321810182268
2016-09-08,-0.025486239721164636,1.0,0.0005,-0.025986239721164636,-0.025486239721164636,0.9242753457605201,0.7182903834066617
2016-09-09,0.017779402466102604,0.0,0.0005,-0.0005,0.017779402466102604,0.9238133236028047,0.7311753614079187
2016-09-12,-0.00898028658381269,1.0,0.0005,-0.00948028658381269,-0.00898028658381269,0.9150966919127863,0.7246385920804518
2016-09-13,0.004759235392543956,1.0,0.0,0.004759235392543956,0.004759235392543956,0.9194622325542299,0.7280955373978623
2016-09-14,0.015419185048387997,0.0,0.0005,-0.0005,0.015419185048387997,0.9190026163515788,0.7394091766184782
2016-09-15,-0.0029796131523805525,0.0,0.0,-0.0,-0.0029796131523805525,0.9190026163515788,0.7372093023255806
2016-09-16,-0.004357677678022153,0.0,0.0,-0.0,-0.004357677678022153,0.9190026163515788,0.7340037712130728
2016-09-19,0.0018821119423646443,1.0,0.0005,0.0013821119423646443,0.0018821119423646443,0.9202736590019834,0.735386549340037
2016-09-20,0.009781068835160691,1.0,0.0,0.009781068835160691,0.009781068835160691,0.9293190838554217,0.742614707730986
2016-09-21,0.007924506146987557,0.0,0.0005,-0.0005,0.007924506146987557,0.928854540459021,0.7485229415461966
2016-09-22,-0.006402178383437042,1.0,0.0005,-0.006902178383437043,-0.006402178383437042,0.9224654952578712,0.7437460716530475
2016-09-23,-0.008401627898753629,0.0,0.0005,-0.0005,-0.008401627898753629,0.9220043777992136,0.7375235700817088
2016-09-26,0.009837257077472057,1.0,0.0005,0.009337257077472056,0.009837257077472057,0.9306536872740425,0.7448145820238835
2016-09-27,0.001686341040436412,0.0,0.0005,-0.0005,0.001686341040436412,0.9301884767427302,0.7460716530483963
2016-09-28,-0.007271529461247525,1.0,0.0005,-0.0077715294612475255,-0.007271529461247525,0.9229875071078902,0.7406662476429909
2016-09-29,0.007440007264695348,1.0,0.0,0.007440007264695348,0.007440007264695348,0.9298801497271616,0.7461973601508475
2016-09-30,-0.0014329669076558601,0.0,0.0005,-0.0005,-0.0014329669076558601,0.9294153258679466,0.7451288497800115
2016-10-03,-0.0015195005456121807,0.0,0.0,-0.0,-0.0015195005456121807,0.9294153258679466,0.74399748585795
2016-10-04,0.0035419163356459906,0.0,0.0,0.0,0.0035419163356459906,0.9294153258679466,0.746637335009427
2016-10-05,-0.0005052206237473819,1.0,0.0005,-0.001005220623747382,-0.0005052206237473819,0.9284815278295117,0.7462602137020732
2016-10-06,-0.002192243711033174,1.0,0.0,-0.002192243711033174,-0.002192243711033174,0.9264482995196012,0.7446260213702064
2016-10-07,0.006310761825112786,1.0,0.0,0.006310761825112786,0.006310761825112786,0.9323133811828046,0.7493400377121298
2016-10-10,-0.014361993926158598,0.0,0.0005,-0.0005,-0.014361993926158598,0.931847341011965,0.7386549340037702
2016-10-11,-0.0008512812295819727,1.0,0.0005,-0.0013512812295819728,-0.0008512812295819727,0.9305890035665778,0.7380263984915139
2016-10-12,-0.003583315838283796,1.0,0.0,-0.003583315838283796,-0.003583315838283796,0.9272603765737489,0.7353865493400368
2016-10-13,0.0011958658638801835,1.0,0.0,0.0011958658638801835,0.0011958658638801835,0.928369918904692,0.7362664990571959
2016-10-14,-0.0027355120494729126,1.0,0.0,-0.0027355120494729126,-0.0027355120494729126,0.9258338221482509,0.7342551854179752
2016-10-17,0.00886319079760398,1.0,0.0,0.00886319079760398,0.00886319079760398,0.9340761366066842,0.7407919547454422
2016-10-18,-8.485002762725114e-05,0.0,0.0005,-0.0005,-8.485002762725114e-05,0.9336092152784405,0.7407291011942165
2016-10-19,-0.0011886569577508849,1.0,0.0005,-0.0016886569577508849,-0.0011886569577508849,0.9320339999547171,0.7398491514770575
2016-10-20,0.0037310312085276948,1.0,0.0,0.0037310312085276948,0.0037310312085276948,0.935517943204909,0.7426147077309859
2016-10-21,0.011946970298571587,1.0,0.0,0.011946970298571587,0.011946970298571587,0.9467615782396187,0.7515399120050272
2016-10-24,-0.0031831154368713453,0.0,0.0005,-0.0005,-0.0031831154368713453,0.9462883157759744,0.7491514770584529
2016-10-25,-0.006819069232038279,0.0,0.0,-0.0,-0.006819069232038279,0.9462883157759744,0.7440603394091756
2016-10-26,-0.0045720171082040545,0.0,0.0,-0.0,-0.0045720171082040545,0.9462883157759744,0.7406662476429909
2016-10-27,-0.006299501550703226,0.0,0.0,-0.0,-0.006299501550703226,0.9462883157759744,0.7360150848522932
2016-10-28,-0.0009398095441614749,0.0,0.0,-0.0,-0.0009398095441614749,0.9462883157759744,0.7353236957888112
2016-10-31,-0.007550443420595379,0.0,0.0,-0.0,-0.007550443420595379,0.9462883157759744,0.7297925832809545
2016-11-01,-0.00804189556038837,0.0,0.0,-0.0,-0.00804189556038837,0.9462883157759744,0.7239472030169697
2016-11-02,-0.009859173348129389,0.0,0.0,-0.0,-0.009859173348129389,0.9462883157759744,0.7168447517284717
2016-11-03,-0.003513398431844765,0.0,0.0,-0.0,-0.003513398431844765,0.9462883157759744,0.7143306096794461
2016-11-04,0.023479339449748497,0.0,0.0,0.0,0.023479339449748497,0.9462883157759744,0.7313010685103699
2016-11-07,0.006510774305745248,0.0,0.0,0.0,0.006510774305745248,0.9462883157759744,0.736077938403519
2016-11-08,0.00460045111932559,0.0,0.0,0.0,0.00460045111932559,0.9462883157759744,0.7394720301697038
2016-11-09,-0.016281422207028027,0.0,0.0,-0.0,-0.016281422207028027,0.9462883157759744,0.7275298554368314
2016-11-10,0.000431872172551305,1.0,0.0005,-6.812782744869503e-05,0.000431872172551305,0.9462238494048824,0.7278441231929595
2016-11-11,-0.010155015011976564,1.0,0.0,-0.010155015011976564,-0.010155015011976564,0.9366635566259212,0.7204902576995591
2016-11-14,0.01377539652004119,0.0,0.0005,-0.0005,0.01377539652004119,0.9361953419110414,0.7304839723444365
2016-11-15,0.005919461371768047,1.0,0.0005,0.005419461371768047,0.005919461371768047,0.941282789564216,0.734820867379006
2016-11-16,0.0072442469618386445,1.0,0.0,0.0072442469618386445,0.0072442469618386445,0.9481264331458565,0.7401634192331857
2016-11-17,-0.0037434108713159417,0.0,0.0005,-0.0005,-0.0037434108713159417,0.9476524884253376,0.7373978629792572
2016-11-18,0.010345212250441833,1.0,0.0005,0.009845212250441833,0.010345212250441833,0.9570284065329976,0.7450659962287859
2016-11-21,0.0030323473370439703,0.0,0.0005,-0.0005,0.0030323473370439703,0.9565500119383463,0.7473287240729091
2016-11-22,-0.004045176593106106,0.0,0.0,-0.0,-0.004045176593106106,0.9565500119383463,0.7443117536140781
2016-11-23,0.0032037798249143694,0.0,0.0,0.0,0.0032037798249143694,0.9565500119383463,0.7467001885606525
2016-11-25,-0.002275313837135428,0.0,0.0,-0.0,-0.002275313837135428,0.9565500119383463,0.7450031426775602
2016-11-28,0.0034530711870386283,0.0,0.0,0.0,0.0034530711870386283,0.9565500119383463,0.7475801382778117
2016-11-29,-0.01218083069423396,0.0,0.0,-0.0,-0.01218083069423396,0.9565500119383463,0.7385292269013188
2016-11-30,-0.017427577620449237,0.0,0.0,-0.0,-0.017427577620449237,0.9565500119383463,0.7257699560025132
2016-12-01,0.001989878235866462,0.0,0.0,0.0,0.001989878235866462,0.9565500119383463,0.7272155876807029
2016-12-02,0.007748639716761098,0.0,0.0,0.0,0.007748639716761098,0.9565500119383463,0.7328724072910109
2016-12-05,0.0023984935260520585,1.0,0.0005,0.0018984935260520585,0.0023984935260520585,0.9583677408706948,0.7346323067253289
2016-12-06,0.012583060089564816,0.0,0.0005,-0.0005,0.012583060089564816,0.9578886767762635,0.7439346323067242
2016-12-07,0.0017726759379702727,1.0,0.0005,0.0012726759379702727,0.0017726759379702727,0.9591085347237288,0.7452545568824628
2016-12-08,0.007812867901586282,1.0,0.0,0.007812867901586282,0.007812867901586282,0.9666312718182137,0.7510999371464477
2016-12-09,-0.004529069219665774,1.0,0.0,-0.004529069219665774,-0.004529069219665774,0.9622632309246418,0.7477058453802629
2016-12-12,0.012530445463675384,0.0,0.0005,-0.0005,0.012530445463675384,0.9617822195720388,0.7571338780641095
2016-12-13,-0.0020775342994121004,0.0,0.0,-0.0,-0.0020775342994121004,0.9617822195720388,0.7555625392834685
2016-12-14,0.0015793195585579194,0.0,0.0,0.0,0.0015793195585579194,0.9617822195720388,0.7567567567567558
2016-12-15,-0.006666691358189345,0.0,0.0,-0.0,-0.006666691358189345,0.9617822195720388,0.7517284726587042
2016-12-16,0.00408862015606067,0.0,0.0,0.0,0.00408862015606067,0.9617822195720388,0.7548082966687608
2016-12-19,0.0038231429545880716,0.0,0.0,0.0,0.0038231429545880716,0.9617822195720388,0.7576995600251405
2016-12-20,-0.0007468570116050831,1.0,0.0005,-0.001246857011605083,-0.0007468570116050831,0.9605837619758222,0.7571338780641096
2016-12-21,-0.002826504500445412,0.0,0.0005,-0.0005,-0.002826504500445412,0.9601035901477949,0.7549968573224378
2016-12-22,0.0006657789859776547,0.0,0.0,0.0,0.0006657789859776547,0.9601035901477949,0.7554996857322429
2016-12-23,0.005144812609487939,1.0,0.0005,0.004644812609487939,0.005144812609487939,0.9645734642373033,0.7593966059082328
2016-12-27,-0.007810592262132678,0.0,0.0005,-0.0005,-0.007810592262132678,0.9640912980567748,0.7534883720930223
2016-12-28,-0.0014190911851840137,1.0,0.0005,-0.0019190911851840137,-0.0014190911851840137,0.9622428931410443,0.7524198617221863
2016-12-29,-0.010327981303735101,1.0,0.0,-0.010327981303735101,-0.010327981303735101,0.9523560101858736,0.7446888749214321
2016-12-30,0.008906873436564761,0.0,0.0005,-0.0005,0.008906873436564761,0.9518799512054437,0.7513513513513504
2017-01-03,0.005422780568589251,1.0,0.0005,0.00492278056858925,0.005422780568589251,0.9565774001015377,0.7554368321810172
2017-01-04,0.005641763906668094,1.0,0.0,0.005641763906668094,0.005641763906668094,0.9619894363114474,0.759710873664361
2017-01-05,0.008731521700807824,0.0,0.0005,-0.0005,0.008731521700807824,0.9615085618219322,0.7663733500942793
2017-01-06,0.0032752014866514814,0.0,0.0,0.0,0.0032752014866514814,0.9615085618219322,0.768887492143305
2017-01-09,0.002204712443286063,0.0,0.0,0.0,0.002204712443286063,0.9615085618219322,0.7705845380263974
2017-01-10,0.002688064177138732,1.0,0.0005,0.002188064177138732,0.002688064177138732,0.9636147076128592,0.7726587052168438
2017-01-11,-0.0015467907182987934,0.0,0.0005,-0.0005,-0.0015467907182987934,0.9631330206908184,0.7714644877435565
2017-01-12,0.00341602609534878,1.0,0.0005,0.00291602609534878,0.00341602609534878,0.9659456405558823,0.7741043368950337
2017-01-13,-0.0030087438838781668,1.0,0.0,-0.0030087438838781668,-0.0030087438838781668,0.9630437252667814,0.7717787554996849
2017-01-17,0.002033926584912525,1.0,0.0,0.002033926584912525,0.002033926584912525,0.9650044788404983,0.773350094280326
2017-01-18,-0.00048776523201023256,1.0,0.0,-0.00048776523201023256,-0.00048776523201023256,0.9645338979828062,0.7729729729729721
2017-01-19,0.002193072397475843,0.0,0.0005,-0.0005,0.002193072397475843,0.9640517515804602,0.7746700188560645
2017-01-20,0.0008110300525662442,1.0,0.0005,0.0003110300525662442,0.0008110300525662442,0.9643516472833012,0.775298554368321
2017-01-23,0.006706282961381187,1.0,0.0,0.006706282961381187,0.006706282961381187,0.9708405963489288,0.7805153991200495
2017-01-24,0.010015708099836674,1.0,0.0,0.010015708099836674,0.010015708099836674,0.9806131100019823,0.7883720930232551
2017-01-25,0.0010358979371693348,0.0,0.0005,-0.0005,0.0010358979371693348,0.9801229260031931,0.7891891891891883
2017-01-26,0.0019096122925873439,1.0,0.0005,0.0014096122925873439,0.0019096122925873439,0.9815054935411013,0.7906976744186038
2017-01-27,-0.007820644760443226,0.0,0.0005,-0.0005,-0.007820644760443226,0.981014863462072,0.7845380263984907
2017-01-30,-0.0020048926078956525,0.0,0.0,-0.0,-0.0020048926078956525,0.981014863462072,0.7829666876178496
2017-01-31,0.006880027138582237,1.0,0.0005,0.006380027138582238,0.006880027138582237,0.9872937734238524,0.7883720930232552
2017-02-01,-0.0008773679525924384,1.0,0.0,-0.0008773679525924384,-0.0008773679525924384,0.9864279333929457,0.787680703959773
2017-02-02,0.0028685278633749462,1.0,0.0,0.0028685278633749462,0.0028685278633749462,0.9892615916759131,0.7899434318038964
2017-02-03,0.0011927956565106776,1.0,0.0,0.0011927956565106776,0.0011927956565106776,0.9904422826271493,0.7908862350722808
2017-02-06,0.003649060054202286,1.0,0.0,0.003649060054202286,0.003649060054202286,0.9940630682109409,0.7937774984286606
2017-02-07,0.0016614585094961536,1.0,0.0,0.0016614585094961536,0.0016614585094961536,0.9957160355426719,0.7950974230043991
2017-02-08,0.003629768050578731,1.0,0.0,0.003629768050578731,0.003629768050578731,0.9993368211264634,0.7979886863607787
2017-02-09,0.0033026687250660718,1.0,0.0,0.0033026687250660718,0.0033026687250660718,1.0026427557899251,0.8006285355122558
2017-02-10,0.005636463959468933,1.0,0.0,0.005636463959468933,0.005636463959468933,1.0083100723558598,0.8051539912005022
2017-02-13,0.0033511312193520723,0.0,0.0005,-0.0005,0.0033511312193520723,1.0078060433374372,0.807856693903205
2017-02-14,0.005895603144421325,0.0,0.0,0.0,0.005895603144421325,1.0078060433374372,0.812633563796354
2017-02-15,-0.00030942987792332286,0.0,0.0,-0.0,-0.00030942987792332286,1.0078060433374372,0.8123821495914514
2017-02-16,0.00432332951636459,0.0,0.0,0.0,0.00432332951636459,1.0078060433374372,0.8159019484600875
2017-02-17,0.004918168677834232,0.0,0.0,0.0,0.004918168677834232,1.0078060433374372,0.8199245757385286
2017-02-21,0.00038321518001075935,0.0,0.0,0.0,0.00038321518001075935,1.0078060433374372,0.8202388434946569
2017-02-22,-0.0037618561886708884,0.0,0.0,-0.0,-0.0037618561886708884,1.0078060433374372,0.8171590194846002
2017-02-23,0.0019210825441782337,0.0,0.0,0.0,0.0019210825441782337,1.0078060433374372,0.8187303582652414
2017-02-24,0.0012275588468007436,0.0,0.0,0.0,0.0012275588468007436,1.0078060433374372,0.8197360150848517
2017-02-27,-0.003071727188733373,0.0,0.0,-0.0,-0.003071727188733373,1.0078060433374372,0.817221873035826
2017-02-28,0.010862188952689913,0.0,0.0,0.0,0.010862188952689913,1.0078060433374372,0.8261470773098676
2017-03-01,-0.0050339515958827755,0.0,0.0,-0.0,-0.0050339515958827755,1.0078060433374372,0.821998742928975
2017-03-02,0.0018334611706005346,0.0,0.0,0.0,0.0018334611706005346,1.0078060433374372,0.8235072281583906
2017-03-03,-0.0022158557299617296,0.0,0.0,-0.0,-0.0022158557299617296,1.0078060433374372,0.8216844751728468
2017-03-06,-0.0016842753943324346,0.0,0.0,-0.0,-0.0016842753943324346,1.0078060433374372,0.8203016970458826
2017-03-07,0.0017607660051472543,1.0,0.0005,0.0012607660051472543,0.0017607660051472543,1.0090774522428103,0.8217473287240724
2017-03-08,0.0007645844855995707,1.0,0.0,0.0007645844855995707,0.0007645844855995707,1.009849272230758,0.8223758642363288
2017-03-09,0.004194796983547528,0.0,0.0005,-0.0005,0.004194796983547528,1.0093444738047657,0.8258328095537392
2017-03-10,0.0016730041925017872,0.0,0.0,0.0,0.0016730041925017872,1.0093444738047657,0.8272155876807036
2017-03-13,-0.002434386900213448,0.0,0.0,-0.0,-0.002434386900213448,1.0093444738047657,0.8252042740414828
2017-03-14,0.006150594582260625,0.0,0.0,0.0,0.006150594582260625,1.0093444738047657,0.83029541169076
2017-03-15,-0.0006815342356114453,0.0,0.0,-0.0,-0.0006815342356114453,1.0093444738047657,0.8297297297297291
2017-03-16,-0.0024270015705394046,0.0,0.0,-0.0,-0.0024270015705394046,1.0093444738047657,0.8277184160905086
2017-03-17,0.0009108160022455787,0.0,0.0,0.0,0.0009108160022455787,1.0093444738047657,0.8284726587052164
2017-03-20,-0.015289648819471185,0.0,0.0,-0.0,-0.015289648819471185,1.0093444738047657,0.8159019484600876
2017-03-21,0.006756263704041502,1.0,0.0005,0.006256263704041502,0.006756263704041502,1.015678993552576,0.8214330609679443
2017-03-22,-0.0025282526395836247,1.0,0.0,-0.0025282526395836247,-0.0025282526395836247,1.0131143438634467,0.8193588937774982
2017-03-23,0.0020690455291109094,0.0,0.0005,-0.0005,0.0020690455291109094,1.012607913309704,0.8210559396605903
2017-03-24,0.001606303171711403,1.0,0.0005,0.001106303171711403,0.001606303171711403,1.0137287845532843,0.822375864236329
2017-03-27,0.006095721404955909,1.0,0.0,0.006095721404955909,0.006095721404955909,1.0199270651069576,0.8274041483343805
2017-03-28,0.004623146663269573,0.0,0.0005,-0.0005,0.004623146663269573,1.0194172290440415,0.8312382149591447
2017-03-29,0.001662133957761417,1.0,0.0005,0.001162133957761417,0.001662133957761417,1.0206026170794742,0.8326209930861089
2017-03-30,-0.0006796300053934816,0.0,0.0005,-0.0005,-0.0006796300053934816,1.0200924433250016,0.832055311125078
2017-03-31,-0.0006045035698665836,0.0,0.0,-0.0,-0.0006045035698665836,1.0200924433250016,0.831552482715273
2017-04-03,0.001586043155634558,0.0,0.0,0.0,0.001586043155634558,1.0200924433250016,0.8328724072910114
2017-04-04,-0.0040834902478067,0.0,0.0,-0.0,-0.0040834902478067,1.0200924433250016,0.8294783155248266
2017-04-05,0.0005302829562540304,1.0,0.0005,3.0282956254030352e-05,0.0005302829562540304,1.0201233352075842,0.829918290383406
2017-04-06,-0.0005302829562541554,0.0,0.0005,-0.0005,-0.0005302829562541554,1.0196134010341475,0.8294783155248265
2017-04-07,0.0003788022318868366,0.0,0.0,0.0,0.0003788022318868366,1.0196134010341475,0.8297925832809548
2017-04-10,-0.0043268750847346524,0.0,0.0,-0.0,-0.0043268750847346524,1.0196134010341475,0.8262099308610931
2017-04-11,-0.00404010154291048,1.0,0.0005,-0.00454010154291048,-0.00404010154291048,1.014994745175744,0.8228786926461339
2017-04-12,-0.003979800140427063,1.0,0.0,-0.003979800140427063,-0.003979800140427063,1.010963296447579,0.8196103079824005
2017-04-13,0.008248099303465923,1.0,0.0,0.008248099303465923,0.008248099303465923,1.0193363053445372,0.82639849151477
2017-04-17,-0.0015223020141830915,1.0,0.0,-0.0015223020141830915,-0.0015223020141830915,1.017785748141397,0.8251414204902572
2017-04-18,0.001598356316992026,1.0,0.0,0.001598356316992026,0.001598356316992026,1.0194138332046945,0.8264613450659957
2017-04-19,0.008330857027799924,1.0,0.0,0.008330857027799924,0.008330857027799924,1.027941897821967,0.8333752357008166
2017-04-20,-0.00022628700831991497,0.0,0.0005,-0.0005,-0.00022628700831991497,1.0274280553443804,0.8331866750471396
2017-04-21,0.01199774439664589,0.0,0.0,0.0,0.01199774439664589,1.0274280553443804,0.8432432432432426
2017-04-24,0.007204160535041378,1.0,0.0005,0.006704160535041378,0.007204160535041378,1.034339238922025,0.8493400377121303
2017-04-25,-0.0014070428507153415,1.0,0.0,-0.0014070428507153415,-0.0014070428507153415,1.0328849026873237,0.848145820238843
2017-04-26,0.005984723614765464,1.0,0.0,0.005984723614765464,0.005984723614765464,1.0390849676878924,0.8532369578881202
2017-04-27,0.0017663948068227955,0.0,0.0005,-0.0005,0.0017663948068227955,1.0385655550680244,0.8547454431175356
2017-04-28,0.008858361670917025,0.0,0.0,0.0,0.008858361670917025,1.0385655550680244,0.8623507228158385
2017-05-01,0.0016749812749758328,1.0,0.0005,0.0011749812749758328,0.0016749812749758328,1.0397865673408673,0.8637963544940285
2017-05-02,-0.0032067661034622295,0.0,0.0005,-0.0005,-0.0032067661034622295,1.0392668040088582,0.8610307982401001
2017-05-03,0.0003649235525662536,0.0,0.0,0.0,0.0003649235525662536,1.0392668040088582,0.8613450659962283
2017-05-04,0.0036419298758256307,0.0,0.0,0.0,0.0036419298758256307,1.0392668040088582,0.8644877435575106
2017-05-05,0.002178808327984314,1.0,0.0005,0.0016788083279843141,0.002178808327984314,1.0410129991277572,0.8663733500942801
2017-05-08,0.003476249155360909,0.0,0.0005,-0.0005,0.003476249155360909,1.0404926227331333,0.869390320553111
2017-05-09,0.0005782018085341511,0.0,0.0,0.0,0.0005782018085341511,1.0404926227331333,0.8698931489629161
2017-05-10,-0.0007951137070023246,0.0,0.0,-0.0,-0.0007951137070023246,1.0404926227331333,0.8692017598994339
2017-05-11,0.002239157279235889,0.0,0.0,0.0,0.002239157279235889,1.0404926227331333,0.8711502199874289
2017-05-12,0.0031695747612790395,0.0,0.0,0.0,0.0031695747612790395,1.0404926227331333,0.8739157762413573
2017-05-15,0.00416278502517362,0.0,0.0,0.0,0.00416278502517362,1.0404926227331333,0.8775612822124448
2017-05-16,-0.025754987339488333,0.0,0.0,-0.0,-0.025754987339488333,1.0404926227331333,0.8552482715273411
2017-05-17,0.008707478277721491,1.0,0.0005,0.00820747827772149,0.008707478277721491,1.04906758460299,0.8627278441231927
2017-05-18,0.0042166547391855975,1.0,0.0,0.0042166547391855975,0.0042166547391855975,1.0535004798315326,0.8663733500942801
2017-05-19,0.008380340911017444,1.0,0.0,0.008380340911017444,0.008380340911017444,1.0623662702886172,0.8736643620364547
2017-05-22,0.0010066873648033716,0.0,0.0005,-0.0005,0.0010066873648033716,1.0618352199271268,0.8745443117536136
2017-05-23,0.004589137553487789,0.0,0.0,0.0,0.004589137553487789,1.0618352199271268,0.8785669390320548
2017-05-24,0.008477343733851115,0.0,0.0,0.0,0.008477343733851115,1.0618352199271268,0.8860465116279066
2017-05-25,0.0017718563053667619,1.0,0.0005,0.0012718563053667619,0.0017718563053667619,1.0631865809331944,0.8876178504085477
2017-05-26,0.0008493771745074925,1.0,0.0,0.0008493771745074925,0.0008493771745074925,1.0640900109693932,0.8883720930232555
2017-05-30,-0.0003538194849918545,1.0,0.0,-0.0003538194849918545,-0.0003538194849918545,1.0637135817876435,0.8880578252671272
2017-05-31,0.0038851459882360694,0.0,0.0005,-0.0005,0.0038851459882360694,1.0631818579387895,0.8915147705845377
2017-06-01,0.011356588932335975,0.0,0.0,0.0,0.011356588932335975,1.0631818579387895,0.9016970458830921
2017-06-02,-0.00020913939216666406,0.0,0.0,-0.0,-0.00020913939216666406,1.0631818579387895,0.9015084852294152
2017-06-05,-0.003981981579295243,0.0,0.0,-0.0,-0.003981981579295243,1.0631818579387895,0.8979258328095535
2017-06-06,0.003912258727602165,0.0,0.0,0.0,0.003912258727602165,1.0631818579387895,0.9014456316781894
2017-06-07,0.0010453326851738386,0.0,0.0,0.0,0.0010453326851738386,1.0631818579387895,0.9023884349465741
2017-06-08,-0.025323165878208927,0.0,0.0,-0.0,-0.025323165878208927,1.0631818579387895,0.8798240100565679
2017-06-09,-0.005372313340199494,0.0,0.0,-0.0,-0.005372313340199494,1.0631818579387895,0.8751099937146445
2017-06-12,0.008083308793820422,1.0,0.0005,0.007583308793820421,0.008083308793820422,1.0712749416642646,0.8822124450031424
2017-06-13,-0.004355438679805917,1.0,0.0,-0.004355438679805917,-0.004355438679805917,1.0666192155712522,0.8783783783783781
2017-06-14,-0.0044463641814232,0.0,0.0005,-0.0005,-0.0044463641814232,1.06608603926865,0.8744814582023881
2017-06-15,-0.007068696484359729,1.0,0.0005,-0.007568696484359729,-0.007068696484359729,1.0580476161770063,0.8683218101822751
2017-06-16,0.016582699361448818,1.0,0.0,0.016582699361448818,0.016582699361448818,1.0757391832661767,0.8828409805153988
2017-06-19,-0.007862237626681664,0.0,0.0005,-0.0005,-0.007862237626681664,1.0752014481195329,0.8759270898805781
2017-06-20,0.009853703434210185,1.0,0.0005,0.009353703434210185,0.009853703434210185,1.085305746231115,0.8846008799497169
2017-06-21,-0.0002842524180596142,1.0,0.0,-0.0002842524180596142,-0.0002842524180596142,1.0849972892903075,0.8843494657448142
2017-06-22,0.003830606939842406,1.0,0.0,0.003830606939842406,0.003830606939842406,1.0891614579912086,0.8877435575109992
2017-06-23,-0.004683849312426314,0.0,0.0005,-0.0005,-0.004683849312426314,1.088617013384707,0.8835952231301067
2017-06-26,-0.01830566891227246,0.0,0.0,-0.0,-0.01830566891227246,1.088617013384707,0.8675675675675674
2017-06-27,0.014314216713564682,1.0,0.0005,0.013814216713564682,0.014314216713564682,1.1037597564831103,0.8800754242614706
2017-06-28,-0.017507021109326483,0.0,0.0005,-0.0005,-0.017507021109326483,1.1032080145518464,0.864802011313639
2017-06-29,0.00036333248955432515,1.0,0.0005,-0.00013666751044567486,0.00036333248955432515,1.1030572521613886,0.8651162790697671
2017-06-30,-0.010590611348413565,1.0,0.0,-0.010590611348413565,-0.010590611348413565,1.0914368437362651,0.8560025141420488
2017-07-03,0.00979110554575044,1.0,0.0,0.00979110554575044,0.00979110554575044,1.1021757039360347,0.8644248900062851
2017-07-05,-0.009057106687194881,1.0,0.0,-0.009057106687194881,-0.009057106687194881,1.0922382512138598,0.856631049654305
2017-07-06,0.010728072239999078,1.0,0.0,0.010728072239999078,0.010728072239999078,1.1040189411345025,0.8658705216844748
2017-07-07,0.0065118528349237745,1.0,0.0,0.0065118528349237745,0.0065118528349237745,1.111231608432855,0.8715273412947828
2017-07-10,0.0028086871656294882,1.0,0.0,0.0028086871656294882,0.0028086871656294882,1.1143570975954746,0.873978629792583
2017-07-11,0.011796383440369344,1.0,0.0,0.011796383440369344,0.011796383440369344,1.1275803209757873,0.8843494657448141
2017-07-12,0.0022008457287954293,1.0,0.0,0.0022008457287954293,0.0022008457287954293,1.130064684156331,0.8862979258328092
2017-07-13,0.00784096130368763,0.0,0.0005,-0.0005,0.00784096130368763,1.1294997930487984,0.8932746700188557
2017-07-14,0.0004924202554565872,1.0,0.0005,-7.579744543412779e-06,0.0004924202554565872,1.1294912317613515,0.893714644877435
2017-07-17,0.0066589809021681805,1.0,0.0,0.0066589809021681805,0.0066589809021681805,1.1370375899452831,0.899685732243871
2017-07-18,0.005851228730705351,1.0,0.0,0.005851228730705351,0.005851228730705351,1.143710159286865,0.9049654305468252
2017-07-19,0.0013187577826554578,1.0,0.0,0.0013187577826554578,0.0013187577826554578,1.1452194309236514,0.9061596480201123
2017-07-20,-0.0004162619735419824,1.0,0.0,-0.0004162619735419824,-0.0004162619735419824,1.1447428188278244,0.9057825267127586
2017-07-21,0.004569379315681908,1.0,0.0,0.004569379315681908,0.004569379315681908,1.1499855518819244,0.9099308610936511
2017-07-24,-0.0025590497072263143,1.0,0.0,-0.0025590497072263143,-0.0025590497072263143,1.1470464439576562,0.9076052796983023
2017-07-25,0.0032495620948342708,1.0,0.0,0.0032495620948342708,0.0032495620948342708,1.1507799053749697,0.9105593966059075
2017-07-26,-0.006301305342730213,1.0,0.0,-0.006301305342730213,-0.006301305342730213,1.143551288588256,0.9048397234443739
2017-07-27,-0.0008339124875198234,1.0,0.0,-0.0008339124875198234,-0.0008339124875198234,1.1425980643966014,0.9040854808296662
2017-07-28,-0.004249840931536442,0.0,0.0005,-0.0005,-0.004249840931536442,1.14202690816536,0.9002514142049018
2017-07-31,0.0023013364876328987,1.0,0.0005,0.0018013364876328986,0.0023013364876328987,1.1440859368498826,0.9023255813953482
2017-08-01,0.002712950778778184,1.0,0.0,0.002712950778778184,0.002712950778778184,1.1471939997878278,0.9047768698931482
2017-08-02,-0.0038978263312370418,1.0,0.0,-0.0038978263312370418,-0.0038978263312370418,1.142731140184624,0.9012570710245121
2017-08-03,0.0018115946983508241,1.0,0.0,0.0018115946983508241,0.0018115946983508241,1.1448031821432545,0.9028912633563789
2017-08-04,0.006314860858674472,1.0,0.0,0.006314860858674472,0.006314860858674472,1.1520553289984605,0.9086109365179126
2017-08-07,-0.0017308828359866902,1.0,0.0,-0.0017308828359866902,-0.0017308828359866902,1.150062980961316,0.9070395977372714
2017-08-08,-0.0013174775680939168,1.0,0.0,-0.0013174775680939168,-0.0013174775680939168,1.1485487964530863,0.9058453802639842
2017-08-09,-0.021673652175743647,1.0,0.0,-0.021673652175743647,-0.021673652175743647,1.1239233747139796,0.88642363293526
2017-08-10,0.007558401398905986,1.0,0.0,0.007558401398905986,0.007558401398905986,1.1324506243129582,0.8931489629164039
2017-08-11,0.012796035171524493,1.0,0.0,0.012796035171524493,0.012796035171524493,1.1470346119448562,0.9046511627906969
2017-08-14,0.0006945409363793315,0.0,0.0005,-0.0005,0.0006945409363793315,1.1464612379943169,0.9052796983029533
2017-08-15,0.0017342448243794996,0.0,0.0,0.0,0.0017342448243794996,1.1464612379943169,0.9068510370835944
2017-08-16,-0.020658274655278773,0.0,0.0,-0.0,-0.020658274655278773,1.1464612379943169,0.8883092394720293
2017-08-17,-0.0007078142990870918,1.0,0.0005,-0.0012078142990870917,-0.0007078142990870918,1.1450773616187904,0.8876807039597728
2017-08-18,-0.0012753296329670026,0.0,0.0005,-0.0005,-0.0012753296329670026,1.1445049660487985,0.8865493400377114
2017-08-21,0.015127817078539822,1.0,0.0005,0.014627817078539822,0.015127817078539822,1.16136962116869,0.9000628535512247
2017-08-22,-0.003567809584061369,0.0,0.0005,-0.0005,-0.003567809584061369,1.160789081505116,0.896857322438717
2017-08-23,-0.0029477842794080845,1.0,0.0005,-0.0034477842794080845,-0.0029477842794080845,1.1567938225114776,0.89421747328724
2017-08-24,-0.002110892987593089,0.0,0.0005,-0.0005,-0.002110892987593089,1.1562155701753527,0.8923318667504706
2017-08-25,0.003094453555853858,1.0,0.0005,0.002594453555853858,0.003094453555853858,1.1592192124931335,0.895097423004399
2017-08-28,0.003924596809736514,1.0,0.0,0.003924596809736514,0.003924596809736514,1.163777619620415,0.8986172218730352
2017-08-29,0.011682213381071293,1.0,0.0,0.011682213381071293,0.011682213381071293,1.1774528410022596,0.9091766184789434
2017-08-30,0.010658515893533848,0.0,0.0005,-0.0005,0.010658515893533848,1.1768642617388363,0.9189189189189181
2017-08-31,-0.001368925607341621,1.0,0.0005,-0.001868925607341621,-0.001368925607341621,1.174666844028432,0.9176618478944053
2017-09-01,-0.00901309895934621,1.0,0.0,-0.00901309895934621,-0.00901309895934621,1.1641270250854372,0.9094280326838459
2017-09-05,0.003036369733281283,0.0,0.0005,-0.0005,0.003036369733281283,1.163545107064523,0.9121935889377742
2017-09-06,0.0023399873030991603,0.0,0.0,0.0,0.0023399873030991603,1.163545107064523,0.9143306096794462
2017-09-07,-0.008699309211391554,0.0,0.0,-0.0,-0.008699309211391554,1.163545107064523,0.906411062225015
2017-09-08,0.01144524352414275,1.0,0.0005,0.01094524352414275,0.01144524352414275,1.1763503419830337,0.9168447517284719
2017-09-11,0.002396522767047889,0.0,0.0005,-0.0005,0.002396522767047889,1.1757623138313307,0.9190446260213694
2017-09-12,0.0013668673533267048,0.0,0.0,0.0,0.0013668673533267048,1.1757623138313307,0.9203016970458822
2017-09-13,-0.005890831474537409,0.0,0.0,-0.0,-0.005890831474537409,1.1757623138313307,0.9148962916404769
2017-09-14,0.0034291234480045944,0.0,0.0,0.0,0.0034291234480045944,1.1757623138313307,0.9180389692017591
2017-09-15,-0.003497826000331402,1.0,0.0005,-0.003997826000331402,-0.003497826000331402,1.1710712040512248,0.9148334380892513
2017-09-18,0.001716149382925475,1.0,0.0,0.001716149382925475,0.001716149382925475,1.1730826626634736,0.9164047768698923
2017-09-19,-0.0030911925696729694,1.0,0.0,-0.0030911925696729694,-0.0030911925696729694,1.1694620371614255,0.9135763670647382
2017-09-20,-0.006141974382184067,1.0,0.0,-0.006141974382184067,-0.006141974382184067,1.1623012445018202,0.907982401005656
2017-09-21,-0.0009695963083873779,1.0,0.0,-0.0009695963083873779,-0.0009695963083873779,1.1611748276789606,0.9071024512884969
2017-09-22,-0.010588006408829372,1.0,0.0,-0.010588006408829372,-0.010588006408829372,1.1489451593164883,0.8975487115021991
2017-09-25,0.0025876854667519177,1.0,0.0,0.0025876854667519177,0.0025876854667519177,1.1519221180626162,0.8998742928975477
2017-09-26,0.0089699172504647,1.0,0.0,0.0089699172504647,0.0089699172504647,1.16230124450182,0.9079824010056559
2017-09-27,-0.0003461764842270389,1.0,0.0,-0.0003461764842270389,-0.0003461764842270389,1.1618989527793702,0.9076681332495277
2017-09-28,0.0071759088027368535,1.0,0.0,0.0071759088027368535,0.0071759088027368535,1.170266620606325,0.9142049025769946
2017-09-29,0.0008933787489013323,0.0,0.0005,-0.0005,0.0008933787489013323,1.1696816335549718,0.9150219987429281
2017-10-02,0.0021271493936921844,0.0,0.0,0.0,0.0021271493936921844,1.1696816335549718,0.916970458830923
2017-10-03,0.0009591669685760334,0.0,0.0,0.0,0.0009591669685760334,1.1696816335549718,0.9178504085480821
2017-10-04,0.009744872509124574,0.0,0.0,0.0,0.009744872509124574,1.1696816335549718,0.9268384663733493
2017-10-05,0.001355381069514992,1.0,0.0005,0.000855381069514992,0.001355381069514992,1.1706825851181524,0.9280955373978622
2017-10-06,-0.0011519567596084803,1.0,0.0,-0.0011519567596084803,-0.0011519567596084803,1.1693347858531513,0.9270270270270263
2017-10-09,0.0007455352949611398,0.0,0.0005,-0.0005,0.0007455352949611398,1.1687502646027148,0.9277184160905084
2017-10-10,0.0029765953515831322,0.0,0.0,0.0,0.0029765953515831322,1.1687502646027148,0.9304839723444368
2017-10-11,-0.0018254966024125897,1.0,0.0005,-0.0023254966024125897,-0.0018254966024125897,1.1660354976474179,0.9287869264613444
2017-10-12,0.00384992539286945,0.0,0.0005,-0.0005,0.00384992539286945,1.1654526256287419,0.9323695788812062
2017-10-13,0.0034321511533732824,1.0,0.0005,0.0029321511533732824,0.0034321511533732824,1.1688749237849876,0.935575109993714
2017-10-16,0.0012756388315475552,1.0,0.0,0.0012756388315475552,0.0012756388315475552,1.1703669374599566,0.9367693274670011
2017-10-17,-0.0012084593615682721,1.0,0.0,-0.0012084593615682721,-0.0012084593615682721,1.1689534508205124,0.9356379635449396
2017-10-18,-0.0037015891778935032,0.0,0.0005,-0.0005,-0.0037015891778935032,1.168369120189933,0.9321810182275292
2017-10-19,0.0026934229467211338,0.0,0.0,0.0,0.0026934229467211338,1.168369120189933,0.934695160276555
2017-10-20,-0.006544128600000467,0.0,0.0,-0.0,-0.006544128600000467,1.168369120189933,0.9285983658076675
2017-10-23,0.0016907318131649581,1.0,0.0005,0.001190731813164958,0.0016907318131649581,1.169761163081266,0.9301697045883087
2017-10-24,-0.00379121705202819,0.0,0.0005,-0.0005,-0.00379121705202819,1.169176428695504,0.9266499057196727
2017-10-25,-0.003193045954858138,1.0,0.0005,-0.003693045954858138,-0.003193045954858138,1.1648665695672693,0.9236957888120674
2017-10-26,0.028707538115861807,1.0,0.0,0.028707538115861807,0.028707538115861807,1.1987916438578783,0.950597108736643
2017-10-27,0.0022455593611508864,0.0,0.0005,-0.0005,0.0022455593611508864,1.1981923978599331,0.9527341294783149
2017-10-30,0.003753337959097029,1.0,0.0005,0.003253337959097029,0.003753337959097029,1.2020968705109234,0.9563167818981766
2017-10-31,-0.0003286770777330065,1.0,0.0,-0.0003286770777330065,-0.0003286770777330065,1.2017018337476926,0.9560025141420483
2017-11-01,-0.0019084603206233623,1.0,0.0,-0.0019084603206233623,-0.0019084603206233623,1.1994106205209547,0.9541797611565047
2017-11-02,0.009571333066192586,0.0,0.0005,-0.0005,0.009571333066192586,1.1988110651120372,0.9633563796354487
2017-11-03,0.003386963441015659,1.0,0.0005,0.002886963441015659,0.003386963441015659,1.2022769894208398,0.9666247642991821
2017-11-06,0.0005850424322622968,0.0,0.0005,-0.0005,0.0005850424322622968,1.2016760011857088,0.967190446260213
2017-11-07,0.004021018453705918,0.0,0.0,0.0,0.004021018453705918,1.2016760011857088,0.9710873664362031
2017-11-08,-0.005256509718579557,0.0,0.0,-0.0,-0.005256509718579557,1.2016760011857088,0.9659962287869258
2017-11-09,-6.506815891934049e-05,0.0,0.0,-0.0,-6.506815891934049e-05,1.2016760011857088,0.9659333752357002
2017-11-10,0.0012355716089855967,0.0,0.0,0.0,0.0012355716089855967,1.2016760011857088,0.9671275927089875
2017-11-13,-0.0036460747469239012,0.0,0.0,-0.0,-0.0036460747469239012,1.2016760011857088,0.9636077938403514
2017-11-14,-0.004707429418718571,0.0,0.0,-0.0,-0.004707429418718571,1.2016760011857088,0.9590823381521051
2017-11-15,0.012698376601793519,0.0,0.0,0.0,0.012698376601793519,1.2016760011857088,0.9713387806411057
2017-11-16,-0.003825088134928436,0.0,0.0,-0.0,-0.003825088134928436,1.2016760011857088,0.9676304211187927
2017-11-17,-0.0007797778028495344,0.0,0.0,-0.0,-0.0007797778028495344,1.2016760011857088,0.966876178504085
2017-11-20,0.010797635051629083,1.0,0.0005,0.010297635051629082,0.010797635051629083,1.214114354995582,0.9773727215587676
2017-11-21,0.001221119082294412,0.0,0.0005,-0.0005,0.001221119082294412,1.2135074495570877,0.9785669390320549
2017-11-22,0.003654435867015013,0.0,0.0,0.0,0.003654435867015013,1.2135074495570877,0.9821495914519166
2017-11-24,-0.00044807169896716515,0.0,0.0,-0.0,-0.00044807169896716515,1.2135074495570877,0.9817096165933371
2017-11-27,0.0025577096877204344,0.0,0.0,0.0,0.0025577096877204344,1.2135074495570877,0.9842237586423628
2017-11-28,-0.017587826526562916,0.0,0.0,-0.0,-0.017587826526562916,1.2135074495570877,0.9670647391577619
2017-11-29,0.008349292863600593,1.0,0.0005,0.007849292863600593,0.008349292863600593,1.2230701058684579,0.9751728472658701
2017-11-30,-0.0042630215704308715,0.0,0.0005,-0.0005,-0.0042630215704308715,1.2224587236738094,0.9710245128849776
2017-12-01,-0.011588671358868164,1.0,0.0005,-0.012088671358868165,-0.011588671358868164,1.2077697856670437,0.9598365807668129
2017-12-04,0.0006546216520757201,1.0,0.0,0.0006546216520757201,0.0006546216520757201,1.2085606767584374,0.9604651162790694
2017-12-05,0.004505247410085969,1.0,0.0,0.004505247410085969,0.004505247410085969,1.2140178252890526,0.9648020113136387
2017-12-06,0.0033818970838522967,1.0,0.0,0.0033818970838522967,0.0033818970838522967,1.218130458964299,0.9680703959773724
2017-12-07,0.004405293467916197,1.0,0.0,0.004405293467916197,0.004405293467916197,1.2235085183857746,0.972344437460716
2017-12-08,0.007727018484710591,1.0,0.0,0.007727018484710591,0.007727018484710591,1.232999211482497,0.9798868636077935
2017-12-11,-0.0013479253621477443,1.0,0.0,-0.0013479253621477443,-0.0013479253621477443,1.2313383401905706,0.9785669390320549
2017-12-12,0.0019250519291942045,0.0,0.0005,-0.0005,0.0019250519291942045,1.2307228249121183,0.9804525455688243
2017-12-13,-0.000705422160268921,0.0,0.0,-0.0,-0.000705422160268921,1.2307228249121183,0.9797611565053421
2017-12-14,0.011290905520561305,0.0,0.0,0.0,0.011290905520561305,1.2307228249121183,0.9908862350722811
2017-12-15,0.006260098220470681,1.0,0.0005,0.005760098220470682,0.006260098220470681,1.2378323654345258,0.9971087366436199
2017-12-18,-0.005942990242547784,1.0,0.0,-0.005942990242547784,-0.005942990242547784,1.2304977561083252,0.9912005028284093
2017-12-19,-0.0010785776511150035,1.0,0.0,-0.0010785776511150035,-0.0010785776511150035,1.2291712842089062,0.9901319924575734
2017-12-20,0.0001269518854059593,0.0,0.0005,-0.0005,0.0001269518854059593,1.2285568521876076,0.9902576995600247
2017-12-21,-0.0011431475905106462,0.0,0.0,-0.0,-0.0011431475905106462,1.2285568521876076,0.989126335637963
2017-12-22,-0.005415923270561249,1.0,0.0005,-0.005915923270561249,-0.005415923270561249,1.221310260391824,0.9837837837837834
2017-12-26,0.00012777103448018354,1.0,0.0,0.00012777103448018354,0.00012777103448018354,1.2214663184368522,0.9839094908862345
2017-12-27,0.0012130112892846006,1.0,0.0,0.0012130112892846006,0.0012130112892846006,1.2229488698646214,0.9851037083595217
2017-12-28,-0.0062082186020324965,0.0,0.0005,-0.0005,-0.0062082186020324965,1.222337548272823,0.9790069138906342
2017-12-29,0.01737513878038993,1.0,0.0005,0.01687513878038993,0.01737513878038993,1.2431396898994997,0.9961659333752351
2018-01-02,0.009669797813564633,0.0,0.0005,-0.0005,0.009669797813564633,1.2425182754211157,1.0058453802639842
2018-01-03,0.0017481430436834117,0.0,0.0,0.0,0.0017481430436834117,1.2425182754211157,1.0076052796983024
2018-01-04,0.009992945397518486,1.0,0.0005,0.009492945397518486,0.009992945397518486,1.2543695965378825,1.017724701445631
2018-01-05,0.003883260650813706,1.0,0.0,0.003883260650813706,0.003883260650813706,1.259250110654847,1.0216844751728467
2018-01-08,6.15176402027626e-05,0.0,0.0005,-0.0005,6.15176402027626e-05,1.2586206429795523,1.0217473287240724
2018-01-09,-0.002340334873705856,0.0,0.0,-0.0,-0.002340334873705856,1.2586206429795523,1.0193588937774978
2018-01-10,0.006820931597807116,0.0,0.0,0.0,0.006820931597807116,1.2586206429795523,1.0263356379635444
2018-01-11,0.0073220169698485615,0.0,0.0,0.0,0.0073220169698485615,1.2586206429795523,1.0338780641106218
2018-01-12,-0.0028614064758016662,0.0,0.0,-0.0,-0.0028614064758016662,1.2586206429795523,1.0309239472030165
2018-01-16,0.010733555643108633,0.0,0.0,0.0,0.010733555643108633,1.2586206429795523,1.0420490257699555
2018-01-17,0.0001809354366987233,0.0,0.0,0.0,0.0001809354366987233,1.2586206429795523,1.0422375864236322
2018-01-18,0.003131023752468975,1.0,0.0005,0.002631023752468975,0.003131023752468975,1.2619364638755928,1.045505971087366
2018-01-19,0.010644123696374394,0.0,0.0005,-0.0005,0.010644123696374394,1.2613056533594258,1.0566939032055305
2018-01-22,0.008233911993478836,1.0,0.0005,0.007733911993478835,0.008233911993478836,1.2710982991990378,1.0654305468258949
2018-01-23,-0.00651043966243201,1.0,0.0,-0.00651043966243201,-0.00651043966243201,1.262849770326883,1.058516656191074
2018-01-24,-0.0003563368608794882,0.0,0.0005,-0.0005,-0.0003563368608794882,1.2622185032716349,1.0581395348837201
2018-01-25,0.015208970361093357,1.0,0.0005,0.014708970361093357,0.015208970361093357,1.2809216526535212,1.0743557510999364
2018-01-26,-0.004867616566360753,1.0,0.0,-0.004867616566360753,-0.004867616566360753,1.2747017674858945,1.069138906348208
2018-01-29,-0.008264509849893536,0.0,0.0005,-0.0005,-0.008264509849893536,1.2740645759133196,1.0603394091766176
2018-01-30,0.004140792666031608,0.0,0.0,0.0,0.004140792666031608,1.2740645759133196,1.064739157762413
2018-01-31,-0.008536926401961504,0.0,0.0,-0.0,-0.008536926401961504,1.2740645759133196,1.05568824638592
2018-02-01,-0.020146816076998832,0.0,0.0,-0.0,-0.020146816076998832,1.2740645759133196,1.0346323067253294
2018-02-02,-0.04022480131050899,0.0,0.0,-0.0,-0.04022480131050899,1.2740645759133196,0.9938403519798862
2018-02-05,0.026153848488494325,0.0,0.0,0.0,0.026153848488494325,1.2740645759133196,1.020175989943431
2018-02-06,-0.013022632258356256,0.0,0.0,-0.0,-0.013022632258356256,1.2740645759133196,1.0069767441860458
2018-02-07,-0.04311067359287789,0.0,0.0,-0.0,-0.04311067359287789,1.2740645759133196,0.9644877435575101
2018-02-08,0.017122046455641332,1.0,0.0005,0.01662204645564133,0.017122046455641332,1.295419122945333,0.981143934632306
2018-02-09,0.017589430210545955,0.0,0.0005,-0.0005,0.017589430210545955,1.2947715752842661,0.9985543683218095
2018-02-12,0.005148178120843473,0.0,0.0,0.0,0.005148178120843473,1.2947715752842661,1.0037083595223122
2018-02-13,0.018550645186248053,0.0,0.0,0.0,0.018550645186248053,1.2947715752842661,1.02250157133878
2018-02-14,0.01839384339349344,1.0,0.0005,0.01789384339349344,0.01839384339349344,1.3181485432325901,1.0414833438089244
2018-02-15,-0.004475904163867274,0.0,0.0005,-0.0005,-0.004475904163867274,1.3174896337020836,1.0368321810182268
2018-02-16,0.001998486660612024,1.0,0.0005,0.0014984866606120241,0.001998486660612024,1.3194653542694381,1.0389063482086731
2018-02-20,-0.002847537594024515,0.0,0.0005,-0.0005,-0.002847537594024515,1.3188057864979872,1.0359522313010676
2018-02-21,-0.00012135185986605489,0.0,0.0,-0.0,-0.00012135185986605489,1.3188057864979872,1.0358265241986166
2018-02-22,0.020242755059287045,0.0,0.0,0.0,0.020242755059287045,1.3188057864979872,1.0570081709616583
2018-02-23,0.013173241860556914,1.0,0.0005,0.012673241860556914,0.013173241860556914,1.3356256874123178,1.0710245128849771
2018-02-26,-0.01245993267023346,1.0,0.0,-0.01245993267023346,-0.01245993267023346,1.3190871298979985,1.0577624135763664
2018-02-27,-0.006438174250404134,0.0,0.0005,-0.0005,-0.006438174250404134,1.3184277511914633,1.0509742300439968
2018-02-28,-0.016461525207777564,0.0,0.0,-0.0,-0.016461525207777564,1.3184277511914633,1.0338152105593958
2018-03-01,0.009138563311327919,1.0,0.0005,0.008638563311327918,0.009138563311327919,1.329866408440114,1.0433060967944683
2018-03-02,0.011024016741959854,0.0,0.0005,-0.0005,0.011024016741959854,1.3292016414414929,1.0548711502199868
2018-03-05,0.004221548024119345,0.0,0.0,0.0,0.004221548024119345,1.3292016414414929,1.0593337523570074
2018-03-06,0.002311317590429551,1.0,0.0005,0.001811317590429551,0.002311317590429551,1.3316114295428019,1.0617850408548075
2018-03-07,0.005490140417226405,1.0,0.0,0.005490140417226405,0.005490140417226405,1.3389422685262555,1.0676304211187926
2018-03-08,0.019241454221916456,1.0,0.0,0.019241454221916456,0.019241454221916456,1.364954922983671,1.088372093023255
2018-03-09,0.00529894109379817,0.0,0.0005,-0.0005,0.00529894109379817,1.3642726161131116,1.0941546197360144
2018-03-12,-0.01370795634186662,0.0,0.0,-0.0,-0.01370795634186662,1.3642726161131116,1.0792583280955366
2018-03-13,-0.00017472844332289765,0.0,0.0,-0.0,-0.00017472844332289765,1.3642726161131116,1.0790697674418597
2018-03-14,-0.0008741004606547182,0.0,0.0,-0.0,-0.0008741004606547182,1.3642726161131116,1.078126964173475
2018-03-15,-0.002977669693924392,0.0,0.0,-0.0,-0.002977669693924392,1.3642726161131116,1.0749214330609673
2018-03-16,-0.023188073126461286,0.0,0.0,-0.0,-0.023188073126461286,1.3642726161131116,1.0502828409805147
2018-03-19,0.0032860373108896737,1.0,0.0005,0.0027860373108896737,0.0032860373108896737,1.3680788301890552,1.0537397862979252
2018-03-20,-0.004363817188885788,0.0,0.0005,-0.0005,-0.004363817188885788,1.3673949617553163,1.0491514770584531
2018-03-21,-0.024992202154911772,1.0,0.0005,-0.025492202154911773,-0.024992202154911772,1.3329776039164207,1.0232558139534877
2018-03-22,-0.026704770758638783,1.0,0.0,-0.026704770758638783,-0.026704770758638783,1.2978518427321366,0.9962916404776864
2018-03-23,0.03648479981227829,0.0,0.0005,-0.0005,0.03648479981227829,1.2972030790152156,1.0333123821495909
2018-03-26,-0.03289526228258959,0.0,0.0,-0.0,-0.03289526228258959,1.2972030790152156,0.9998742928975481
2018-03-27,-0.01157032475894004,0.0,0.0,-0.0,-0.01157032475894004,1.2972030790152156,0.9883720930232552
2018-03-28,0.018149089753835525,0.0,0.0,0.0,0.018149089753835525,1.2972030790152156,1.0064739157762408
2018-03-29,-0.02927594710113911,0.0,0.0,-0.0,-0.02927594710113911,1.2972030790152156,0.9774355751099931
2018-04-02,0.01119044833012385,0.0,0.0,0.0,0.01119044833012385,1.2972030790152156,0.988434946574481
2018-04-03,0.01564700692587309,0.0,0.0,0.0,0.01564700692587309,1.2972030790152156,1.004022627278441
2018-04-04,0.005680592072624579,0.0,0.0,0.0,0.005680592072624579,1.2972030790152156,1.0097423004399746
2018-04-05,-0.0253417494712968,0.0,0.0,-0.0,-0.0253417494712968,1.2972030790152156,0.9844751728472656
2018-04-06,0.006998374408811892,0.0,0.0,0.0,0.006998374408811892,1.2972030790152156,0.9913890634820863
2018-04-09,0.02182315238852453,0.0,0.0,0.0,0.02182315238852453,1.2972030790152156,1.0132620993086106
2018-04-10,-0.005785577119963421,0.0,0.0,-0.0,-0.005785577119963421,1.2972030790152156,1.0074167190446257
2018-04-11,0.011969506294079512,0.0,0.0,0.0,0.011969506294079512,1.2972030790152156,1.0195474544311751
2018-04-12,-0.00519192710876233,0.0,0.0,-0.0,-0.00519192710876233,1.2972030790152156,1.014267756128221
2018-04-13,0.007593332160449354,1.0,0.0005,0.007093332160449354,0.007593332160449354,1.3064372832546878,1.0219987429289752
2018-04-16,0.02129681950553901,1.0,0.0,0.02129681950553901,0.02129681950553901,1.3345586269901824,1.0439974858579508
2018-04-17,0.00204486749549126,1.0,0.0,0.00204486749549126,0.00204486749549126,1.3372904146673446,1.0461345065996226
2018-04-18,-0.009235013574061864,0.0,0.0005,-0.0005,-0.009235013574061864,1.3366219365934562,1.036517913262099
2018-04-19,-0.015953396020133074,0.0,0.0,-0.0,-0.015953396020133074,1.3366219365934562,1.0201131363922058
2018-04-20,-0.0025293822671312647,1.0,0.0005,-0.0030293822671312648,-0.0025293822671312647,1.3325789248069329,1.0175361407919543
2018-04-23,-0.021414896716318438,1.0,0.0,-0.021414896716318438,-0.021414896716318438,1.3043452741052974,0.9959773727215585
2018-04-24,0.0011983224921087163,1.0,0.0,0.0011983224921087163,0.0011983224921087163,1.3059092372636971,0.9971715901948457
2018-04-25,0.020834086902842053,0.0,0.0005,-0.0005,0.020834086902842053,1.3052564458565168,1.018164676304211
2018-04-26,0.0006171315920374406,1.0,0.0005,0.00011713159203744058,0.0006171315920374406,1.305409341576322,1.0187932118164673
2018-04-27,-0.007120111806097344,1.0,0.0,-0.007120111806097344,-0.007120111806097344,1.29614769222835,1.0115650534255183
2018-04-30,0.01136797118090869,1.0,0.0,0.01136797118090869,0.01136797118090869,1.3109663311851052,1.0231301068510368
2018-05-01,-0.0059149895192018125,1.0,0.0,-0.0059149895192018125,-0.0059149895192018125,1.3032348673815808,1.017096165933375
2018-05-02,-0.00012360175530211516,1.0,0.0,-0.00012360175530211516,-0.00012360175530211516,1.3030737952190075,1.0169704588309239
2018-05-03,0.018796279948695812,0.0,0.0005,-0.0005,0.018796279948695812,1.3024224211784783,1.0362664990571966
2018-05-04,0.008275242777830021,1.0,0.0005,0.007775242777830021,0.008275242777830021,1.3125885425176784,1.0448774355751098
2018-05-07,-0.0010231411322556344,1.0,0.0,-0.0010231411322556344,-0.0010231411322556344,1.3112462659763644,1.0438089252042737
2018-05-08,0.01084005224672844,1.0,0.0,0.01084005224672844,0.01084005224672844,1.3255375632691762,1.0551854179761153
2018-05-09,0.010311202468163819,1.0,0.0,0.010311202468163819,0.010311202468163819,1.3392761584567408,1.0661219358893774
2018-05-10,-0.000943730163235877,0.0,0.0005,-0.0005,-0.000943730163235877,1.338606687759134,1.0651162790697672
2018-05-11,0.0017098556684873628,0.0,0.0,0.0,0.0017098556684873628,1.338606687759134,1.0669390320553107
2018-05-14,-0.011136896104482876,0.0,0.0,-0.0,-0.011136896104482876,1.338606687759134,1.0551225644248896
2018-05-15,0.00659049439037595,0.0,0.0,0.0,0.00659049439037595,1.338606687759134,1.062099308610936
2018-05-16,-0.003854026293708277,0.0,0.0,-0.0,-0.003854026293708277,1.338606687759134,1.0580138277812692
2018-05-17,-0.005181821654704521,1.0,0.0005,-0.005681821654704522,-0.005181821654704521,1.3310225296138154,1.0525455688246381
2018-05-18,0.005597585031940435,1.0,0.0,0.005597585031940435,0.005597585031940435,1.338493932801663,1.0584538026398487
2018-05-21,-0.001307267403474434,1.0,0.0,-0.001307267403474434,-0.001307267403474434,1.336745306523656,1.0570710245128845
2018-05-22,0.008407888953050615,0.0,0.0005,-0.0005,0.008407888953050615,1.3360771009357122,1.0659962287869258
2018-05-23,-0.00029485478615495596,0.0,0.0,-0.0,-0.00029485478615495596,1.3360771009357122,1.0656819610307977
2018-05-24,0.0010021517624764426,1.0,0.0005,0.0005021517624764426,0.0010021517624764426,1.3367481828851417,1.0667504714016336
2018-05-25,-0.004428835961565744,1.0,0.0,-0.004428835961565744,-0.004428835961565744,1.330841035011209,1.0620364550597101
2018-05-29,0.0071355160488529475,0.0,0.0005,-0.0005,0.0071355160488529475,1.3301757808211103,1.0696417347580132
2018-05-30,-0.0006465834170893094,0.0,0.0,-0.0,-0.0006465834170893094,1.3301757808211103,1.068950345694531
2018-05-31,0.015577456847817634,0.0,0.0,0.0,0.015577456847817634,1.3301757808211103,1.0857322438717782
2018-06-01,0.008990378673835732,0.0,0.0,0.0,0.008990378673835732,1.3301757808211103,1.0955373978629788
2018-06-04,0.0030933174691386025,0.0,0.0,0.0,0.0030933174691386025,1.3301757808211103,1.0989314896291635
2018-06-05,0.005816953955742407,0.0,0.0,0.0,0.005816953955742407,1.3301757808211103,1.1053425518541795
2018-06-06,-0.00816470892081262,1.0,0.0005,-0.00866470892081262,-0.00816470892081262,1.318699983884277,1.0963544940289123
2018-06-07,5.732794452212342e-05,0.0,0.0005,-0.0005,5.732794452212342e-05,1.3180407987023635,1.0964173475801378
2018-06-08,0.002690712944406101,1.0,0.0005,0.002190712944406101,0.002690712944406101,1.32093141283818,1.099371464487743
2018-06-11,0.005246063237475888,1.0,0.0,0.005246063237475888,0.005246063237475888,1.327879311184822,1.1051539912005026
2018-06-12,-5.687473341514843e-05,1.0,0.0,-5.687473341514843e-05,-5.687473341514843e-05,1.327803790550619,1.1050911376492767
2018-06-13,0.010073086135037062,0.0,0.0005,-0.0005,0.010073086135037062,1.3271400546031584,1.1162790697674414
2018-06-14,-0.0034970987188656134,0.0,0.0,-0.0,-0.0034970987188656134,1.3271400546031584,1.1123821495914512
2018-06-15,-0.0027158554658526226,0.0,0.0,-0.0,-0.0027158554658526226,1.3271400546031584,1.1093651791326204
2018-06-18,-0.0028368813351997263,1.0,0.0005,-0.0033368813351997264,-0.0028368813351997263,1.3227189262185066,1.106222501571338
2018-06-19,0.007077170374085079,0.0,0.0005,-0.0005,0.007077170374085079,1.32205773206771,1.1140791954745437
2018-06-20,-0.008726256642436186,1.0,0.0005,-0.009226256642436186,-0.008726256642436186,1.3099161847789738,1.1043997485857946
2018-06-21,-0.0022220332191922143,0.0,0.0005,-0.0005,-0.0022220332191922143,1.3092613903988208,1.1019484600879943
2018-06-22,-0.022787913877850553,0.0,0.0,-0.0,-0.022787913877850553,1.3092613903988208,1.077121307353865
2018-06-25,0.004076409092308419,0.0,0.0,0.0,0.004076409092308419,1.3092613903988208,1.08152105593966
2018-06-26,-0.013692431591626315,1.0,0.0005,-0.014192431591626316,-0.013692431591626315,1.290811025149553,1.0668133249528593
2018-06-27,0.00856511161324705,1.0,0.0,0.00856511161324705,0.00856511161324705,1.301914448803111,1.0759899434318034
2018-06-28,0.0026834691170140867,1.0,0.0,0.0026834691170140867,0.0026834691170140867,1.305412787762451,1.078881206788183
2018-06-29,0.006677336466254235,1.0,0.0,0.006677336466254235,0.006677336466254235,1.3141586351608014,1.0861093651791323
2018-07-02,-0.011641575015485755,1.0,0.0,-0.011641575015485755,-0.011641575015485755,1.2989484657723662,1.0735386549340034
2018-07-03,0.012335778444961358,1.0,0.0,0.012335778444961358,0.012335778444961358,1.3150712453241071,1.0868636077938396
2018-07-05,0.015436567388332458,1.0,0.0,0.015436567388332458,0.015436567388332458,1.3355289231515528,1.1037712130735382
2018-07-06,0.008956975982214642,0.0,0.0005,-0.0005,0.008956975982214642,1.3348613256032724,1.11370207416719
2018-07-09,0.0007334067068747537,1.0,0.0005,0.00023340670687475374,0.0007334067068747537,1.3351729275529938,1.1145191703331232
2018-07-10,-0.005088494046231914,1.0,0.0,-0.005088494046231914,-0.005088494046231914,1.3283961644422466,1.1088623507228152
2018-07-11,0.0170848260392908,1.0,0.0,0.0170848260392908,0.0170848260392908,1.3512865642829928,1.127969830295411
2018-07-12,0.0008354917354587274,1.0,0.0,0.0008354917354587274,0.0008354917354587274,1.3524160248014505,1.1289126335637958
2018-07-13,-0.0023969464359381003,1.0,0.0,-0.0023969464359381003,-0.0023969464359381003,1.3491782379818713,1.1262099308610931
2018-07-16,0.006064839844514017,0.0,0.0005,-0.0005,0.006064839844514017,1.3485038174820558,1.1330609679446884
2018-07-17,-0.001887840649518927,0.0,0.0,-0.0,-0.001887840649518927,1.3485038174820558,1.1309239472030164
2018-07-18,-0.005014496801245664,0.0,0.0,-0.0,-0.005014496801245664,1.3485038174820558,1.1252671275927084
2018-07-19,-0.00022345120477308632,0.0,0.0,-0.0,-0.00022345120477308632,1.3485038174820558,1.125015713387806
2018-07-20,0.003179475555322786,0.0,0.0,0.0,0.003179475555322786,1.3485038174820558,1.1285983658076677
2018-07-23,0.0041127162955402466,0.0,0.0,0.0,0.0041127162955402466,1.3485038174820558,1.1332495285983653
2018-07-24,0.013879932016400903,0.0,0.0,0.0,0.013879932016400903,1.3485038174820558,1.1490886235072275
2018-07-25,-0.015267472130788308,0.0,0.0,-0.0,-0.015267472130788308,1.3485038174820558,1.1316781898177242
2018-07-26,-0.013588153264526226,0.0,0.0,-0.0,-0.013588153264526226,1.3485038174820558,1.1164047768698926
2018-07-27,-0.01423208894654865,1.0,0.0005,-0.014732088946548651,-0.01423208894654865,1.3287831592145434,1.100628535512256
2018-07-30,0.0076232022374695405,1.0,0.0,0.0076232022374695405,0.0076232022374695405,1.3389514501936277,1.1090509113764921
2018-07-31,0.0037899188390476883,1.0,0.0,0.0037899188390476883,0.0037899188390476883,1.3440355956831698,1.1132620993086102
2018-08-01,0.013514855922410774,1.0,0.0,0.013514855922410774,0.013514855922410774,1.3623233428918218,1.1284098051539906
2018-08-02,0.003058871715739377,0.0,0.0005,-0.0005,0.003058871715739377,1.3616423514824156,1.131866750471401
2018-08-03,0.0058690163483255545,0.0,0.0,0.0,0.0058690163483255545,1.3616423514824156,1.1385292269013192
2018-08-06,0.003636968796576213,0.0,0.0,0.0,0.003636968796576213,1.3616423514824156,1.142677561282212
2018-08-07,0.0012093894058311293,1.0,0.0005,0.0007093894058311293,0.0012093894058311293,1.3626086288340244,1.1440603394091762
2018-08-08,-0.0006045118750849407,1.0,0.0,-0.0006045118750849407,-0.0006045118750849407,1.3617851646588144,1.1433689503456939
2018-08-09,-0.007670484315324274,0.0,0.0005,-0.0005,-0.007670484315324274,1.3611044422712635,1.1346323067253294
2018-08-10,-0.0011085246673343708,0.0,0.0,-0.0,-0.0011085246673343708,1.3611044422712635,1.1333752357008164
2018-08-13,0.006247083367613211,0.0,0.0,0.0,0.006247083367613211,1.3611044422712635,1.1404776869893143
2018-08-14,-0.012310236415573423,0.0,0.0,-0.0,-0.012310236415573423,1.3611044422712635,1.1265241986172212
2018-08-15,0.0032864533131208486,0.0,0.0,0.0,0.0032864533131208486,1.3611044422712635,1.130232558139534
2018-08-16,0.0002224199297427035,1.0,0.0005,-0.00027758007025729654,0.0002224199297427035,1.3607266792367207,1.1304839723444369
2018-08-17,-0.0008899766968561929,1.0,0.0,-0.0008899766968561929,-0.0008899766968561929,1.3595162029291599,1.1294783155248265
2018-08-20,0.003666059763370194,1.0,0.0,0.003666059763370194,0.003666059763370194,1.364509417697848,1.133626649905719
2018-08-21,0.0038736144944107828,1.0,0.0,0.0038736144944107828,0.0038736144944107828,1.3698052515434262,1.138026398491514
2018-08-22,-0.001437020089218134,0.0,0.0005,-0.0005,-0.001437020089218134,1.369120520114777,1.1363922061596474
2018-08-23,0.009249130018056361,1.0,0.0005,0.008749130018056361,0.009249130018056361,1.3811516879354202,1.1469516027655555
2018-08-24,0.010141300589385744,0.0,0.0005,-0.0005,0.010141300589385744,1.380461284706643,1.1586423632935254
2018-08-27,0.0014636132169598703,1.0,0.0005,0.0009636132169598703,0.0014636132169598703,1.3817921565659628,1.1603394091766177
2018-08-28,0.01147178327330178,1.0,0.0,0.01147178327330178,0.01147178327330178,1.3977350485733595,1.1737272155876801
2018-08-29,-0.0017687261746257127,1.0,0.0,-0.0017687261746257127,-0.0017687261746257127,1.3952650230510868,1.1716530483972338
2018-08-30,0.0012866564794386782,1.0,0.0,0.0012866564794386782,0.0012866564794386782,1.3970614052491033,1.1731615336266492
2018-08-31,-0.00429530861733171,0.0,0.0005,-0.0005,-0.00429530861733171,1.3963630491500525,1.1681332495285977
2018-09-04,-0.012997745941970116,0.0,0.0,-0.0,-0.012997745941970116,1.3963630491500525,1.153048397234443
2018-09-05,-0.008979965070109563,0.0,0.0,-0.0,-0.008979965070109563,1.3963630491500525,1.1427404148334375
2018-09-06,-0.003857604254736934,1.0,0.0005,-0.004357604254736934,-0.003857604254736934,1.3902914899196757,1.1383406662476423
2018-09-07,0.0033624594147579428,1.0,0.0,0.0033624594147579428,0.0033624594147579428,1.3949741568560732,1.1421747328724066
2018-09-10,0.007674634753108666,1.0,0.0,0.007674634753108666,0.007674634753108666,1.4057212613002648,1.1509742300439967
2018-09-11,-0.0029532425073764902,1.0,0.0,-0.0029532425073764902,-0.0029532425073764902,1.4015759495860767,1.147580138277812
2018-09-12,0.010623618751451734,1.0,0.0,0.010623618751451734,0.010623618751451734,1.4165451307762005,1.1598365807668123
2018-09-13,-0.00293064358238451,0.0,0.0005,-0.0005,-0.00293064358238451,1.415837035249446,1.1564424890006277
2018-09-14,-0.014507686088092019,1.0,0.0005,-0.015007686088092019,-0.014507686088092019,1.3947472477650211,1.139786297925832
2018-09-17,0.008237731245633645,0.0,0.0005,-0.0005,0.008237731245633645,1.394050048455491,1.1492143306096787
2018-09-18,-0.0007659900795826456,1.0,0.0005,-0.0012659900795826456,-0.0007659900795826456,1.3922863115959545,1.1483343808925195
2018-09-19,0.010995701662278954,1.0,0.0,0.010995701662278954,0.010995701662278954,1.407679953355253,1.1610307982400998
2018-09-20,-0.005482737725394112,0.0,0.0005,-0.0005,-0.005482737725394112,1.4069762893092466,1.1546825895663098
2018-09-21,0.0009793254319158547,0.0,0.0,0.0,0.0009793254319158547,1.4069762893092466,1.1558139534883711
2018-09-24,0.0013585851069379906,0.0,0.0,0.0,0.0013585851069379906,1.4069762893092466,1.1573852922690122
2018-09-25,0.0007057354870697693,0.0,0.0,0.0,0.0007057354870697693,1.4069762893092466,1.1582023884349455
2018-09-26,0.008430203938789899,0.0,0.0,0.0,0.008430203938789899,1.4069762893092466,1.1680075424261462
2018-09-27,-0.0002152736674802546,0.0,0.0,-0.0,-0.0002152736674802546,1.4069762893092466,1.1677561282212434
2018-09-28,0.0020432311657264312,0.0,0.0,0.0,0.0020432311657264312,1.4069762893092466,1.170144563167818
2018-10-01,-0.0022585511859370185,0.0,0.0,-0.0,-0.0022585511859370185,1.4069762893092466,1.167504714016341
2018-10-02,0.0010761367732104335,0.0,0.0,0.0,0.0010761367732104335,1.4069762893092466,1.1687617850408538
2018-10-03,-0.019385397865559602,0.0,0.0,-0.0,-0.019385397865559602,1.4069762893092466,1.146323067253299
2018-10-04,-0.012302585311417136,1.0,0.0005,-0.012802585311417137,-0.012302585311417136,1.3890781708952116,1.1323067253299803
2018-10-05,-0.006124740749660544,1.0,0.0,-0.006124740749660544,-0.006124740749660544,1.3805964279699563,1.1253928346951594
2018-10-08,0.003234083336302436,0.0,0.0005,-0.0005,0.003234083336302436,1.379906302301766,1.1290383406662465
2018-10-09,-0.044975703784973585,1.0,0.0005,-0.045475703784973585,-0.044975703784973585,1.3185595571792714,1.0793840351979878
2018-10-10,-0.012480752637967935,0.0,0.0005,-0.0005,-0.012480752637967935,1.3179004421931597,1.0659962287869256
2018-10-11,0.027449967278561815,0.0,0.0,0.0,0.027449967278561815,1.3179004421931597,1.0956631049654297
2018-10-12,-0.012178028319556262,0.0,0.0,-0.0,-0.012178028319556262,1.3179004421931597,1.082401005656819
2018-10-15,0.028677236302348277,0.0,0.0,0.0,0.028677236302348277,1.3179004421931597,1.1138906348208666
2018-10-16,0.00039491129113271734,0.0,0.0,0.0,0.00039491129113271734,1.3179004421931597,1.114330609679446
2018-10-17,-0.023455293890633867,0.0,0.0,-0.0,-0.023455293890633867,1.3179004421931597,1.0884978001257064
2018-10-18,-0.0009243212674268515,1.0,0.0005,-0.0014243212674268516,-0.0009243212674268515,1.316024664736969,1.0874921433060962
2018-10-19,0.005130729267522807,1.0,0.0,0.005130729267522807,0.005130729267522807,1.322794182432125,1.0930861093651782
2018-10-22,-0.0036868524969957068,0.0,0.0005,-0.0005,-0.0036868524969957068,1.322132950662627,1.0890634820867373
2018-10-23,-0.04684711169822581,1.0,0.0005,-0.04734711169822581,-0.04684711169822581,1.2609926049065423,1.0392206159648014
2018-10-24,0.034010412328105984,0.0,0.0005,-0.0005,0.034010412328105984,1.2603622662018972,1.0751728472658697
2018-10-25,-0.02605856319857494,1.0,0.0005,-0.02655856319857494,-0.02605856319857494,1.2273294490219044,1.0475172847265863
2018-10-26,-0.02079555978811705,0.0,0.0005,-0.0005,-0.02079555978811705,1.2267159376880084,1.0259585166561904
2018-10-29,0.01634549531527351,0.0,0.0,0.0,0.01634549531527351,1.2267159376880084,1.0428661219358886
2018-10-30,0.02323330809000016,0.0,0.0,0.0,0.02323330809000016,1.2267159376880084,1.0673790069138898
2018-10-31,0.013104200621984693,0.0,0.0,0.0,0.013104200621984693,1.2267159376880084,1.081458202388434
2018-11-01,-0.01569854169974912,0.0,0.0,-0.0,-0.01569854169974912,1.2267159376880084,1.0646134506599616
2018-11-02,-0.002482710975556217,0.0,0.0,-0.0,-0.002482710975556217,1.2267159376880084,1.0619736015084846
2018-11-05,0.007547205635382904,0.0,0.0,0.0,0.007547205635382904,1.2267159376880084,1.070018856065367
2018-11-06,0.030885573344783188,0.0,0.0,0.0,0.030885573344783188,1.2267159376880084,1.103582652419861
2018-11-07,-0.006399290492990261,0.0,0.0,-0.0,-0.006399290492990261,1.2267159376880084,1.096543054682589
2018-11-08,-0.016995611122635305,0.0,0.0,-0.0,-0.016995611122635305,1.2267159376880084,1.0780641106222495
2018-11-09,-0.03072611107999357,0.0,0.0,-0.0,-0.03072611107999357,1.2267159376880084,1.04544311753614
2018-11-12,0.0008413462034759727,0.0,0.0,0.0,0.0008413462034759727,1.2267159376880084,1.046323067253299
2018-11-13,-0.00765825191904193,0.0,0.0,-0.0,-0.00765825191904193,1.2267159376880084,1.0383406662476422
2018-11-14,0.017342689158425233,0.0,0.0,0.0,0.017342689158425233,1.2267159376880084,1.0565053425518536
2018-11-15,-0.003516198980181696,0.0,0.0,-0.0,-0.003516198980181696,1.2267159376880084,1.0527969830295405
2018-11-16,-0.03301671423254193,0.0,0.0,-0.0,-0.03301671423254193,1.2267159376880084,1.01860465116279
2018-11-19,-0.018056651473851375,1.0,0.0005,-0.018556651473851375,-0.018056651473851375,1.2041621065626849,1.0003771213073531
2018-11-20,0.0075736599619895305,0.0,0.0005,-0.0005,0.0075736599619895305,1.203560176004583,1.0079824010056562
2018-11-21,-0.007259560012804111,1.0,0.0005,-0.007759560012804111,-0.007259560012804111,1.1942572186957614,1.0006913890634814
2018-11-23,0.02285104086160025,1.0,0.0,0.02285104086160025,0.02285104086160025,1.221861430521654,1.0238214959145184
2018-11-26,0.003370824139853115,0.0,0.0005,-0.0005,0.003370824139853115,1.2212506525136197,1.027278441231929
2018-11-27,0.031676039042555934,0.0,0.0,0.0,0.031676039042555934,1.2212506525136197,1.0603394091766178
2018-11-28,-0.003265551365643885,1.0,0.0005,-0.003765551365643885,-0.003265551365643885,1.2166606178804955,1.0568824638592074
2018-11-29,0.007229232716751225,0.0,0.0005,-0.0005,0.007229232716751225,1.2160524396287886,1.064550597108736
2018-11-30,0.017325572390455832,1.0,0.0005,0.01682557239045583,0.017325572390455832,1.2366863196179536,1.0831552482715268
2018-12-03,-0.03911162608428473,0.0,0.0005,-0.0005,-0.03911162608428473,1.2360681310181736,1.0416090509113758
2018-12-04,0.007035295546110326,0.0,0.0,0.0,0.007035295546110326,1.2360681310181736,1.048962916404776
2018-12-06,-0.03357308033495098,0.0,0.0,-0.0,-0.03357308033495098,1.2360681310181736,1.014330609679446
2018-12-07,0.010417724052825312,1.0,0.0005,0.009917724052825311,0.010417724052825312,1.2483881057229893,1.02495285983658
2018-12-10,0.0033059905217995163,1.0,0.0,0.0033059905217995163,0.0033059905217995163,1.2525220946669424,1.0283469516027648
2018-12-11,0.008762911304216834,1.0,0.0,0.008762911304216834,0.008762911304216834,1.2635460651841504,1.0373978629792577
2018-12-12,0.0003028926268801313,1.0,0.0,0.0003028926268801313,0.0003028926268801313,1.26392884193822,1.0377121307353856
2018-12-13,-0.024650214942828805,1.0,0.0,-0.024650214942828805,-0.024650214942828805,1.2331535909110145,1.0124450031426768
2018-12-14,-0.022920220956715802,1.0,0.0,-0.022920220956715802,-0.022920220956715802,1.2052108878639247,0.9895034569453167
2018-12-17,0.0062688190095958095,0.0,0.0005,-0.0005,0.0062688190095958095,1.2046084330462483,0.9957259585166552
2018-12-18,-0.024861481790530035,1.0,0.0005,-0.025361481790530035,-0.024861481790530035,1.1744419287507732,0.9712759270898798
2018-12-19,-0.01460165438200415,0.0,0.0005,-0.0005,-0.01460165438200415,1.1738548545671743,0.9571967316153354
2018-12-20,-0.03148395838824132,0.0,0.0,-0.0,-0.03148395838824132,1.1738548545671743,0.9275298554368313
2018-12-21,-0.027967604275682234,1.0,0.0005,-0.028467604275682235,-0.027967604275682234,1.1409091861292058,0.9019484600879942
2018-12-24,0.06056723136045197,1.0,0.0,0.06056723136045197,0.06056723136045197,1.2121464426289807,0.9582652419861715
2018-12-26,0.003862398831293847,1.0,0.0,0.003862398831293847,0.003862398831293847,1.2168372887601042,0.9619736015084845
2018-12-27,-0.0005228416562475018,0.0,0.0005,-0.0005,-0.0005228416562475018,1.2162290221950378,0.9614707730986793
2018-12-28,0.008397666770678942,1.0,0.0005,0.007897666770678942,0.008397666770678942,1.225872423791283,0.9695788812067874
2018-12-31,0.004011133022413707,0.0,0.0005,-0.0005,0.004011133022413707,1.2252596407879044,0.9734758013827772
2019-01-02,-0.033216050008530076,0.0,0.0,-0.0,-0.033216050008530076,1.2252596407879044,0.9416719044626012
2019-01-03,0.04189470690407487,0.0,0.0,0.0,0.04189470690407487,1.2252596407879044,0.981961030798239
2019-01-04,0.011835210684284714,1.0,0.0005,0.011335210684284714,0.011835210684284714,1.2392272301893419,0.9936517913262091
2019-01-07,0.009004815105431892,0.0,0.0005,-0.0005,0.009004815105431892,1.238607771451837,1.002639849151476
2019-01-08,0.008116420906474743,0.0,0.0,0.0,0.008116420906474743,1.238607771451837,1.0108108108108098
2019-01-09,0.0028562577630008123,0.0,0.0,0.0,0.0028562577630008123,1.238607771451837,1.0137020741671896
2019-01-10,-0.003664941829342028,0.0,0.0,-0.0,-0.003664941829342028,1.238607771451837,1.0099937146448765
2019-01-11,-0.008876167789971951,0.0,0.0,-0.0,-0.008876167789971951,1.238607771451837,1.001068510370835
2019-01-14,0.01933839217061057,0.0,0.0,0.0,0.01933839217061057,1.238607771451837,1.0206159648020103
2019-01-15,-0.0001847688854454118,1.0,0.0005,-0.0006847688854454117,-0.0001847688854454118,1.237759901719213,1.0204274041483334
2019-01-16,0.00785328289194923,0.0,0.0005,-0.0005,0.00785328289194923,1.2371411764625577,1.028472658705216
2019-01-17,0.009851697290991493,0.0,0.0,0.0,0.009851697290991493,1.2371411764625577,1.0386549340037703
2019-01-18,-0.020233582473827443,0.0,0.0,-0.0,-0.020233582473827443,1.2371411764625577,1.017850408548082
2019-01-22,0.001295936495358741,0.0,0.0,0.0,0.001295936495358741,1.2371411764625577,1.0191703331238207
2019-01-23,0.006454609776679472,0.0,0.0,0.0,0.006454609776679472,1.2371411764625577,1.025769956002513
2019-01-24,0.01187770930679204,0.0,0.0,0.0,0.01187770930679204,1.2371411764625577,1.0380263984915137
2019-01-25,-0.012429332010859634,0.0,0.0,-0.0,-0.012429332010859634,1.2371411764625577,1.0252042740414824
2019-01-28,-0.009486334537200028,1.0,0.0005,-0.009986334537200029,-0.009486334537200028,1.224848154083524,1.0155248271527328
2019-01-29,0.025119731798589656,1.0,0.0,0.025119731798589656,0.025119731798589656,1.2560057075481728,1.0413576367064727
2019-01-30,0.014857690041312278,1.0,0.0,0.014857690041312278,0.014857690041312278,1.2748063724124863,1.0569453174104324
2019-01-31,-0.004231107888427471,1.0,0.0,-0.004231107888427471,-0.004231107888427471,1.2694239240037513,1.0524827152734118
2019-02-01,0.012345103069648124,0.0,0.0005,-0.0005,0.012345103069648124,1.268789370693297,1.0655562539283459
2019-02-04,0.008809077401738462,0.0,0.0,0.0,0.008809077401738462,1.268789370693297,1.0749842866121924
2019-02-05,-0.0029863878145905227,1.0,0.0005,-0.0034863878145905227,-0.0029863878145905227,1.2643735809426084,1.0717787554996845
2019-02-06,-0.013520501165940713,1.0,0.0,-0.013520501165940713,-0.013520501165940713,1.2473936636287533,1.057385292269012
2019-02-07,0.0019596787648646307,0.0,0.0005,-0.0005,0.0019596787648646307,1.2467701226951626,1.0594594594594582
2019-02-08,-0.0009496676877072478,1.0,0.0005,-0.0014496676877072479,-0.0009496676877072478,1.244964029767869,1.0584538026398478
2019-02-11,0.01467797285059108,1.0,0.0,0.01467797285059108,0.01467797285059108,1.2633723458849828,1.0741043368950332
2019-02-12,0.000701959666145026,1.0,0.0,0.000701959666145026,0.000701959666145026,1.2642594936496632,1.074858579509741
2019-02-13,0.0012272449893771938,1.0,0.0,0.0012272449893771938,0.0012272449893771938,1.2658120022378536,1.0761785040854797
2019-02-14,0.004196299431958386,1.0,0.0,0.004196299431958386,0.004196299431958386,1.2711348888259346,1.080703959773726
2019-02-15,0.0019754814396118663,1.0,0.0,0.0019754814396118663,0.0019754814396118663,1.2736484741591954,1.0828409805153978
2019-02-19,-0.0001741502921418817,1.0,0.0,-0.0001741502921418817,-0.0001741502921418817,1.2734266872180253,1.082652419861721
2019-02-20,-0.003664179514793092,1.0,0.0,-0.003664179514793092,-0.003664179514793092,1.2687691614534542,1.0786926461345054
2019-02-21,0.007372823737709591,1.0,0.0,0.007372823737709591,0.007372823737709591,1.278158141962986,1.086675047140162
2019-02-22,0.003637312401934372,1.0,0.0,0.003637312401934372,0.003637312401934372,1.282815667727557,1.0906348208673777
2019-02-25,0.0010368067284400866,1.0,0.0,0.0010368067284400866,0.0010368067284400866,1.284146389374577,1.091766184789439
2019-02-26,-0.0006334763666013914,1.0,0.0,-0.0006334763666013914,-0.0006334763666013914,1.283333170590287,1.091074795725957
2019-02-27,-0.0023069391395059637,1.0,0.0,-0.0023069391395059637,-0.0023069391395059637,1.2803760113746863,1.0885606536769312
2019-02-28,0.006904912640417012,1.0,0.0,0.006904912640417012,0.006904912640417012,1.2892474890214882,1.0961030798240083
2019-03-01,0.00017201341747075772,0.0,0.0005,-0.0005,0.00017201341747075772,1.2886030264060577,1.0962916404776855
2019-03-04,0.0007450497522056488,0.0,0.0,0.0,0.0007450497522056488,1.2886030264060577,1.097108736643619
2019-03-05,-0.005687872620895129,1.0,0.0005,-0.006187872620895129,-0.005687872620895129,1.2806539343683054,1.09088623507228
2019-03-06,-0.012348340910760211,0.0,0.0005,-0.0005,-0.012348340910760211,1.2800137674561862,1.0774984286612181
2019-03-07,-0.0015178053118169244,0.0,0.0,-0.0,-0.0015178053118169244,1.2800137674561862,1.0758642363293511
2019-03-08,0.020584710643374235,1.0,0.0005,0.020084710643374235,0.020584710643374235,1.3059823867340503,1.0982401005656806
2019-03-11,0.005479153026015892,0.0,0.0005,-0.0005,0.005479153026015892,1.305329558761277,1.1042740414833425
2019-03-12,0.007485149776102208,0.0,0.0,0.0,0.007485149776102208,1.305329558761277,1.1125707102451274
2019-03-13,-0.001696257333100815,0.0,0.0,-0.0,-0.001696257333100815,1.305329558761277,1.1106851037083583
2019-03-14,0.00923794098493614,0.0,0.0,0.0,0.00923794098493614,1.305329558761277,1.1209930861093638
2019-03-15,0.0005605381312688887,0.0,0.0,0.0,0.0005605381312688887,1.305329558761277,1.1216216216216202
2019-03-18,0.0033566465082724988,1.0,0.0005,0.0028566465082724988,0.0033566465082724988,1.3090637549873758,1.125392834695159
2019-03-19,0.003957531432631903,0.0,0.0005,-0.0005,0.003957531432631903,1.3084093867155828,1.1298554368321796
2019-03-20,0.015511033248345149,0.0,0.0,0.0,0.015511033248345149,1.3084093867155828,1.1475172847265855
2019-03-21,-0.02220898193247269,1.0,0.0005,-0.02270898193247269,-0.02220898193247269,1.2790315741946616,1.1223130106851025
2019-03-22,-0.0019059370083723587,0.0,0.0005,-0.0005,-0.0019059370083723587,1.2783922182598677,1.1201759899434305
2019-03-25,0.004646354259867951,0.0,0.0,0.0,0.004646354259867951,1.2783922182598677,1.125392834695159
2019-03-26,-0.006443501772652333,0.0,0.0,-0.0,-0.006443501772652333,1.2783922182598677,1.11816467630421
2019-03-27,0.002302013874165712,0.0,0.0,0.0,0.002302013874165712,1.2783922182598677,1.1207416719044612
2019-03-28,0.007542567255105284,0.0,0.0,0.0,0.007542567255105284,1.2783922182598677,1.129226901319923
2019-03-29,0.013160267347380612,0.0,0.0,0.0,0.013160267347380612,1.2783922182598677,1.1441860465116263
2019-04-01,0.0037832103680616336,0.0,0.0,0.0,0.0037832103680616336,1.2783922182598677,1.1485229415461957
2019-04-02,0.005729736556236006,1.0,0.0005,0.005229736556236006,0.005729736556236006,1.2850953853983136,1.1551225644248884
2019-04-03,-0.00038096275189316697,1.0,0.0,-0.00038096275189316697,-0.00038096275189316697,1.284605905166635,1.1546825895663089
2019-04-04,0.005157869023636058,1.0,0.0,0.005157869023636058,0.005157869023636058,1.2912488511679865,1.160653676932745
2019-04-05,0.002541984656603362,1.0,0.0,0.002541984656603362,0.002541984656603362,1.294535361294971,1.1636077938403502
2019-04-08,-0.0035172244803363274,1.0,0.0,-0.0035172244803363274,-0.0035172244803363274,1.2899901877150988,1.1595223130106833
2019-04-09,0.005352087380446658,1.0,0.0,0.005352087380446658,0.005352087380446658,1.2969128367059812,1.1657448145820222
2019-04-10,-0.0023751698075707016,1.0,0.0,-0.0023751698075707016,-0.0023751698075707016,1.2938361038211446,1.1629792583280938
2019-04-11,0.004314303191934536,1.0,0.0,0.004314303191934536,0.004314303191934536,1.2994301636117565,1.1680075424261454
2019-04-12,0.00016142484363384295,1.0,0.0,0.00016142484363384295,0.00016142484363384295,1.2996399408539043,1.1681961030798222
2019-04-15,0.003437536954676877,1.0,0.0,0.003437536954676877,0.003437536954676877,1.3041151886863938,1.1722187303582634
2019-04-16,0.0034791952665677657,1.0,0.0,0.0034791952665677657,0.0034791952665677657,1.3086603622662658,1.1763042111879303
2019-04-17,0.0012815722371363847,1.0,0.0,0.0012815722371363847,0.0012815722371363847,1.3103385802034493,1.1778126964173454
2019-04-18,0.00282433376308292,1.0,0.0,0.00282433376308292,0.00282433376308292,1.3140446448147298,1.1811439346323047
2019-04-22,0.012637981178278824,1.0,0.0,0.012637981178278824,0.012637981178278824,1.3307568984391829,1.196165933375234
2019-04-23,-0.003157731164481927,0.0,0.0005,-0.0005,-0.003157731164481927,1.330091686306855,1.1923947203016954
2019-04-24,0.0040506118141532535,1.0,0.0005,0.0035506118141532535,0.0040506118141532535,1.334822719623274,1.1972344437460698
2019-04-25,0.0008920841249655017,0.0,0.0005,-0.0005,0.0008920841249655017,1.334155475088497,1.198302954116906
2019-04-26,0.001938848303018774,1.0,0.0005,0.001438848303018774,0.001938848303018774,1.3360765041330587,1.2006285355122548
2019-04-29,-0.007778050564542763,1.0,0.0,-0.007778050564542763,-0.007778050564542763,1.3257247439712068,1.1913262099308592
2019-04-30,-0.0032235079568221584,0.0,0.0005,-0.0005,-0.0032235079568221584,1.3250620472871983,1.187492143306095
2019-05-01,-0.004349677980297309,0.0,0.0,-0.0,-0.004349677980297309,1.3250620472871983,1.1823381521055922
2019-05-02,0.015822280395960616,0.0,0.0,0.0,0.015822280395960616,1.3250620472871983,1.2011942174732855
2019-05-03,-0.006140945686083469,0.0,0.0,-0.0,-0.006140945686083469,1.3250620472871983,1.193840351979885
2019-05-06,-0.019672068271733352,0.0,0.0,-0.0,-0.019672068271733352,1.3250620472871983,1.1705845380263968
2019-05-07,-0.002526815139760274,0.0,0.0,-0.0,-0.002526815139760274,1.3250620472871983,1.1676304211187916
2019-05-08,-0.005397541036251191,1.0,0.0005,-0.0058975410362511905,-0.005397541036251191,1.3172704377395774,1.1613450659962272
2019-05-09,0.001244016711263196,1.0,0.0,0.001244016711263196,0.001244016711263196,1.3189101638892775,1.162790697674417
2019-05-10,-0.03531914498925434,1.0,0.0,-0.03531914498925434,-0.03531914498925434,1.2731404165802551,1.1224387177875534
2019-05-13,0.01091567978093831,0.0,0.0005,-0.0005,0.01091567978093831,1.2725040054879966,1.1347580138277795
2019-05-14,0.014025475354504458,0.0,0.0,0.0,0.014025475354504458,1.2725040054879966,1.150785669390319
2019-05-15,0.009999539872271949,0.0,0.0,0.0,0.009999539872271949,1.2725040054879966,1.1623507228158374
2019-05-16,-0.01027266690535217,0.0,0.0,-0.0,-0.01027266690535217,1.2725040054879966,1.1504714016341906
2019-05-17,-0.017025673666393366,1.0,0.0005,-0.017525673666393366,-0.017025673666393366,1.2503968032030606,1.1310496543054664
2019-05-20,0.010393150106263788,1.0,0.0,0.010393150106263788,0.010393150106263788,1.263460131850028,1.1428661219358878
2019-05-21,-0.004464662232278652,1.0,0.0,-0.004464662232278652,-0.004464662232278652,1.257831782805324,1.1377749842866105
2019-05-22,-0.01542046310461944,1.0,0.0,-0.01542046310461944,-0.01542046310461944,1.2385842187882499,1.1203645505971072
2019-05-23,-0.0005050363452930988,1.0,0.0,-0.0005050363452930988,-0.0005050363452930988,1.2379588466721718,1.1197988686360763
2019-05-24,-0.003767753648856905,1.0,0.0,-0.003767753648856905,-0.003767753648856905,1.233303298696923,1.1155876807039584
2019-05-28,-0.008259834242374304,0.0,0.0005,-0.0005,-0.008259834242374304,1.2326868011847962,1.1064110622250143
2019-05-29,0.00419501748991083,0.0,0.0,0.0,0.00419501748991083,1.2326868011847962,1.1110622250157118
2019-05-30,-0.016081550949840796,0.0,0.0,-0.0,-0.016081550949840796,1.2326868011847962,1.0933375235700802
2019-05-31,-0.022263831212518126,0.0,0.0,-0.0,-0.022263831212518126,1.2326868011847962,1.0692646134506585
2019-06-03,0.027767485533538947,0.0,0.0,0.0,0.027767485533538947,1.2326868011847962,1.0993714644877421
2019-06-04,0.007404909661667588,1.0,0.0005,0.006904909661667588,0.007404909661667588,1.2412278458241242,1.1075424261470759
2019-06-05,0.007913669698596183,0.0,0.0005,-0.0005,0.007913669698596183,1.2406073870288372,1.116341923318666
2019-06-06,0.019127866046046306,0.0,0.0,0.0,0.019127866046046306,1.2406073870288372,1.137900691389062
2019-06-07,0.011587487899541555,1.0,0.0005,0.011087487899541554,0.011587487899541555,1.2544391444448004,1.151162790697673
2019-06-10,0.0013640705975410158,0.0,0.0005,-0.0005,0.0013640705975410158,1.2538120816513403,1.1527341294783138
2019-06-11,-0.005796483665607762,0.0,0.0,-0.0,-0.005796483665607762,1.2538120816513403,1.1460716530483956
2019-06-12,0.005905528974041296,0.0,0.0,0.0,0.005905528974041296,1.2538120816513403,1.152859836580765
2019-06-13,-0.004261602909258052,0.0,0.0,-0.0,-0.004261602909258052,1.2538120816513403,1.1479572595851648
2019-06-14,0.006004712621780448,0.0,0.0,0.0,0.006004712621780448,1.2538120816513403,1.1548711502199858
2019-06-17,0.014426834037833668,0.0,0.0,0.0,0.014426834037833668,1.2538120816513403,1.1716530483972327
2019-06-18,0.0037481303249868566,0.0,0.0,0.0,0.0037481303249868566,1.2538120816513403,1.176052796983028
2019-06-19,0.009256369952324916,0.0,0.0,0.0,0.009256369952324916,1.2538120816513403,1.18698931489629
2019-06-20,-0.0014837584196345874,0.0,0.0,-0.0,-0.0014837584196345874,1.2538120816513403,1.1852294154619718
2019-06-21,-0.00217662602856918,0.0,0.0,-0.0,-0.00217662602856918,1.2538120816513403,1.1826524198617205
2019-06-24,-0.01731528961347688,0.0,0.0,-0.0,-0.01731528961347688,1.2538120816513403,1.1623507228158374
2019-06-25,0.004639628521293988,0.0,0.0,0.0,0.004639628521293988,1.2538120816513403,1.1677561282212428
2019-06-26,0.0038142354657910204,1.0,0.0005,0.0033142354657910203,0.0038142354657910204,1.2579744037676093,1.1722187303582636
2019-06-27,0.0012860359719095475,1.0,0.0,0.0012860359719095475,0.0012860359719095475,1.259593244823396,1.173727215587679
2019-06-28,0.01340445602430681,1.0,0.0,0.01340445602430681,0.01340445602430681,1.2765910759091568,1.1895663104965413
2019-07-01,0.003954971274353999,0.0,0.0005,-0.0005,0.003954971274353999,1.2759529399184943,1.1942803268384647
2019-07-02,0.007497741245677286,0.0,0.0,0.0,0.007497741245677286,1.2759529399184943,1.2032683846637318
2019-07-03,-0.0020392697072088863,0.0,0.0,-0.0,-0.0020392697072088863,1.2759529399184943,1.2008170961659317
2019-07-05,-0.007038583528454972,0.0,0.0,-0.0,-0.007038583528454972,1.2759529399184943,1.1923947203016954
2019-07-08,0.004995146700978092,0.0,0.0,0.0,0.004995146700978092,1.2759529399184943,1.1983658076681316
2019-07-09,0.009916056409384444,0.0,0.0,0.0,0.009916056409384444,1.2759529399184943,1.210307982401004
2019-07-10,-0.0007273105416980584,1.0,0.0005,-0.0012273105416980585,-0.0007273105416980584,1.2743879100099234,1.209428032683845
2019-07-11,0.005752056279141461,1.0,0.0,0.005752056279141461,0.005752056279141461,1.2817393837658273,1.2164047768698913
2019-07-12,0.0031985169654163447,1.0,0.0,0.0031985169654163447,0.0031985169654163447,1.285845612350206,1.2203016970458813
2019-07-15,-0.005163967065386027,1.0,0.0,-0.005163967065386027,-0.005163967065386027,1.279222663020563,1.214016341923317
2019-07-16,-0.004930592576098303,1.0,0.0,-0.004930592576098303,-0.004930592576098303,1.272930861157402,1.2080452545568805
2019-07-17,0.0011439863969265158,1.0,0.0,0.0011439863969265158,0.0011439863969265158,1.2743879100099234,1.209428032683845
2019-07-18,-0.0073547002360748615,0.0,0.0005,-0.0005,-0.0073547002360748615,1.2737508753268607,1.200565681961029
2019-07-19,0.007926203044200558,0.0,0.0,0.0,0.007926203044200558,1.2737508753268607,1.210119421747327
2019-07-22,0.006523112796913776,0.0,0.0,0.0,0.006523112796913776,1.2737508753268607,1.2180389692017581
2019-07-23,0.00699339508846589,0.0,0.0,0.0,0.00699339508846589,1.2737508753268607,1.2265870521684457
2019-07-24,-0.009525107412338687,0.0,0.0,-0.0,-0.009525107412338687,1.2737508753268607,1.2149591451917015
2019-07-25,0.01024224708040563,0.0,0.0,0.0,0.01024224708040563,1.2737508753268607,1.2274670018856046
2019-07-26,-0.003436693900847965,0.0,0.0,-0.0,-0.003436693900847965,1.2737508753268607,1.2232558139534864
2019-07-29,-0.0043254444369848575,0.0,0.0,-0.0,-0.0043254444369848575,1.2737508753268607,1.2179761156505324
2019-07-30,-0.013926643710630796,0.0,0.0,-0.0,-0.013926643710630796,1.2737508753268607,1.2011313639220598
2019-07-31,-0.004983616871958593,1.0,0.0005,-0.005483616871958592,-0.004983616871958593,1.266785229457623,1.1951602765556235
2019-08-01,-0.014834709134572346,1.0,0.0,-0.014834709134572346,-0.014834709134572346,1.2481315421450732,1.177561282212443
2019-08-02,-0.035974320392149185,1.0,0.0,-0.035974320392149185,-0.035974320392149185,1.2040288957132588,1.1359522313010666
2019-08-05,0.013901704689519826,0.0,0.0005,-0.0005,0.013901704689519826,1.2034270317439333,1.1518541797611546
2019-08-06,0.005387621532378821,0.0,0.0,0.0,0.005387621532378821,1.2034270317439333,1.1580766813324932
2019-08-07,0.021530455049628208,0.0,0.0,0.0,0.021530455049628208,1.2034270317439333,1.1832809553739767
2019-08-08,-0.009446367775719085,0.0,0.0,-0.0,-0.009446367775719085,1.2034270317439333,1.1721558768070377
2019-08-09,-0.01154149366320157,1.0,0.0005,-0.01204149366320157,-0.01154149366320157,1.1890228706214458,1.1587052168447498
2019-08-12,0.021678157497129497,1.0,0.0,0.021678157497129497,0.021678157497129497,1.215080111724297,1.18409805153991
2019-08-13,-0.030340465482212274,1.0,0.0,-0.030340465482212274,-0.030340465482212274,1.1787676692963136,1.1487115021998724
2019-08-14,-0.001149708593424824,0.0,0.0005,-0.0005,-0.001149708593424824,1.1781784327830696,1.147391577624134
2019-08-15,0.01592295142161403,1.0,0.0005,0.015422951421614029,0.01592295142161403,1.1964902698234032,1.1658076681332474
2019-08-16,0.01577952561113908,1.0,0.0,0.01577952561113908,0.01577952561113908,1.215520064388742,1.1843494657448126
2019-08-19,-0.007778408957216297,0.0,0.0005,-0.0005,-0.007778408957216297,1.2149124562712357,1.1751728472658685
2019-08-20,0.008839248180450392,1.0,0.0005,0.008339248180450391,0.008839248180450392,1.2250862748006273,1.1856065367693254
2019-08-21,-0.003239084207228336,1.0,0.0,-0.003239084207228336,-0.003239084207228336,1.2211245368605945,1.181772470144561
2019-08-22,-0.0321571116345314,1.0,0.0,-0.0321571116345314,-0.0321571116345314,1.1824813553143732,1.1443746071653027
2019-08-23,0.014991149944020796,0.0,0.0005,-0.0005,0.014991149944020796,1.1818902624222534,1.1616593337523549
2019-08-26,-0.0021123907651796787,1.0,0.0005,-0.0026123907651796788,-0.0021123907651796787,1.1788067326612324,1.1592080452545548
2019-08-27,0.0035722055739108222,1.0,0.0,0.0035722055739108222,0.0035722055739108222,1.1830252027775716,1.1633563796354474
2019-08-28,0.015174147082031901,1.0,0.0,0.015174147082031901,0.015174147082031901,1.2011134913067223,1.1811439346323045
2019-08-29,-0.002397507741557309,1.0,0.0,-0.002397507741557309,-0.002397507741557309,1.1982372616819457,1.1783155248271506
2019-08-30,-0.009755651986010931,0.0,0.0005,-0.0005,-0.009755651986010931,1.1976382928058023,1.1668761785040833
2019-09-03,0.014332562583566822,1.0,0.0005,0.013832562583566821,0.014332562583566822,1.2143198075059454,1.1837209302325562
2019-09-04,0.01815313851887923,1.0,0.0,0.01815313851887923,0.01815313851887923,1.2365648207056241,1.2054054054054033
2019-09-05,-0.000991209617634152,1.0,0.0,-0.000991209617634152,-0.000991209617634152,1.2353397330221636,1.204211187932116
2019-09-06,-0.0020899741135886442,1.0,0.0,-0.0020899741135886442,-0.0020899741135886442,1.2327606010569834,1.20169704588309
2019-09-09,-0.002880865203825782,0.0,0.0005,-0.0005,-0.002880865203825782,1.2321443748258507,1.1982401005656798
2019-09-10,0.009345618441981035,1.0,0.0005,0.008845618441981035,0.009345618441981035,1.2430918008259983,1.20949088623507
2019-09-11,0.004148737994441241,0.0,0.0005,-0.0005,0.004148737994441241,1.2424704102861661,1.2145191703331213
2019-09-12,-0.0035772648770884736,0.0,0.0,-0.0,-0.0035772648770884736,1.2424704102861661,1.210182275298552
2019-09-13,-0.004476609422735951,0.0,0.0,-0.0,-0.004476609422735951,1.2424704102861661,1.2047768698931467
2019-09-16,0.004788184436940689,1.0,0.0005,0.004288184436940689,0.004788184436940689,1.2478097925088447,1.2105593966059058
2019-09-17,-0.00041545492911648134,1.0,0.0,-0.00041545492911648134,-0.00041545492911648134,1.2472914914527664,1.2100565681961009
2019-09-18,0.0016607851025127979,1.0,0.0,0.0016607851025127979,0.0016607851025127979,1.24936469567708,1.2120678818353214
2019-09-19,-0.010635070523235349,1.0,0.0,-0.010635070523235349,-0.010635070523235349,1.23614801874708,1.19924575738529
2019-09-20,-0.001573564447430552,1.0,0.0,-0.001573564447430552,-0.001573564447430552,1.2342043897867856,1.1973601508485205
2019-09-23,-0.013369818938251659,1.0,0.0,-0.013369818938251659,-0.013369818938251659,1.217813118888305,1.1814582023884326
2019-09-24,0.011162660545776122,1.0,0.0,0.011162660545776122,0.011162660545776122,1.2314833092423738,1.1947203016970436
2019-09-25,-0.0036894576189261683,0.0,0.0005,-0.0005,-0.0036894576189261683,1.2308677214975137,1.1903205531112484
2019-09-26,-0.012486546760445324,1.0,0.0005,-0.012986546760445325,-0.012486546760445324,1.214986345591179,1.175549968573222
2019-09-27,0.009472186615532,1.0,0.0,0.009472186615532,0.009472186615532,1.2265496011926988,1.1867379006913865
2019-09-30,-0.008189792638023712,1.0,0.0,-0.008189792638023712,-0.008189792638023712,1.2165454362340804,1.1770584538026374
2019-10-01,-0.017343965947386887,1.0,0.0,-0.017343965947386887,-0.017343965947386887,1.1956276367751508,1.15681961030798
2019-10-02,0.010915487174519846,0.0,0.0005,-0.0005,0.010915487174519846,1.1950299723853122,1.16951602765556
2019-10-03,0.014618271410890879,0.0,0.0,0.0,0.014618271410890879,1.1950299723853122,1.1867379006913867
2019-10-04,-0.003023473991333712,0.0,0.0,-0.0,-0.003023473991333712,1.1950299723853122,1.183155248271525
2019-10-07,-0.015094222240270763,1.0,0.0005,-0.015594222240270763,-0.015094222240270763,1.1765389606042083,1.1654305468258932
2019-10-08,0.00971428543522503,1.0,0.0,0.00971428543522503,0.00971428543522503,1.1880238895152946,1.176807039597735
2019-10-09,0.007714650801999696,1.0,0.0,0.007714650801999696,0.007714650801999696,1.1972245231733474,1.1859208045254535
2019-10-10,0.012796720084828902,0.0,0.0005,-0.0005,0.012796720084828902,1.1966260605398868,1.201194217473285
2019-10-11,-0.0001046572476100016,0.0,0.0,-0.0,-0.0001046572476100016,1.1966260605398868,1.2010685103708336
2019-10-14,0.012636345048491971,0.0,0.0,0.0,0.012636345048491971,1.1966260605398868,1.2163419233186652
2019-10-15,-0.002483444984995618,1.0,0.0005,-0.002983444984995618,-0.002483444984995618,1.1930613127792036,1.2133249528598342
2019-10-16,0.0026384557068810112,1.0,0.0,0.0026384557068810112,0.0026384557068810112,1.196213308580682,1.2165304839723423
2019-10-17,-0.009656393173588209,1.0,0.0,-0.009656393173588209,-0.009656393173588209,1.1847177944811726,1.2048397234443724
2019-10-18,0.008829391524138011,0.0,0.0005,-0.0005,0.008829391524138011,1.1841255836489777,1.2155248271527317
2019-10-21,-0.007995058681245656,1.0,0.0005,-0.008495058681245657,-0.007995058681245656,1.1741089734139527,1.2058453802639826
2019-10-22,0.0019267327021770277,1.0,0.0,0.0019267327021770277,0.0019267327021770277,1.1763733482910086,1.2081709616593317
2019-10-23,0.009681419617497473,1.0,0.0,0.009681419617497473,0.009681419617497473,1.187817621318291,1.219924575738527
2019-10-24,0.007954266658520549,1.0,0.0,0.007954266658520549,0.007954266658520549,1.1973035160735246,1.2296668761785017
2019-10-25,0.009816716254157263,1.0,0.0,0.009816716254157263,0.009816716254157263,1.209114985026816,1.241797611565051
2019-10-28,-0.007774231883966922,1.0,0.0,-0.007774231883966922,-0.007774231883966922,1.199751488913585,1.2321810182275275
2019-10-29,0.004834245986917556,0.0,0.0005,-0.0005,0.004834245986917556,1.1991517631130726,1.238152105593964
2019-10-30,0.0004567716474980824,0.0,0.0,0.0,0.0004567716474980824,1.1991517631130726,1.2387177875549946
2019-10-31,0.009041607245647412,0.0,0.0,0.0,0.009041607245647412,1.1991517631130726,1.2499685732243846
2019-11-01,0.006165896668277908,0.0,0.0,0.0,0.006165896668277908,1.1991517631130726,1.257699560025139
2019-11-04,0.0005495740939203912,1.0,0.0005,4.957409392039114e-05,0.0005495740939203912,1.1992112114487385,1.2583909490886211
2019-11-05,-0.0022501697120903314,1.0,0.0,-0.0022501697120903314,-0.0022501697120903314,1.196515816387793,1.255562539283467
2019-11-06,0.003348412633977959,1.0,0.0,0.003348412633977959,0.003348412633977959,1.200528960145201,1.2597737272155853
2019-11-07,0.003983473872781267,1.0,0.0,0.003983473872781267,0.003983473872781267,1.205320773586882,1.264802011313637
2019-11-08,-0.0013426491984429654,1.0,0.0,-0.0013426491984429654,-0.0013426491984429654,1.2037035365503148,1.2631049654305446
2019-11-11,0.0028819895724225258,1.0,0.0,0.0028819895724225258,0.0028819895724225258,1.2071776012955338,1.266750471401632
2019-11-12,0.0002480589400759404,1.0,0.0,0.0002480589400759404,0.0002480589400759404,1.2074770896356388,1.2670647391577603
2019-11-13,-0.0007940053019995118,1.0,0.0,-0.0007940053019995118,-0.0007940053019995118,1.2065187269473026,1.2660590823381501
2019-11-14,0.007320604489200247,1.0,0.0,0.007320604489200247,0.007320604489200247,1.215383581814413,1.2753614079195454
2019-11-15,0.000788216209093131,1.0,0.0,0.000788216209093131,0.000788216209093131,1.2163419445027492,1.2763670647391558
2019-11-18,0.0014762329223581103,1.0,0.0,0.0014762329223581103,0.0014762329223581103,1.2181388745433799,1.2782526712759252
2019-11-19,-0.006016984024204093,1.0,0.0,-0.006016984024204093,-0.006016984024204093,1.210831359044816,1.2705845380263967
2019-11-20,-0.0022285511266138605,0.0,0.0005,-0.0005,-0.0022285511266138605,1.210226094693991,1.2677561282212426
2019-11-21,0.0006443139518616686,0.0,0.0,0.0,0.0006443139518616686,1.210226094693991,1.2685732243871761
2019-11-22,0.01177208521536425,1.0,0.0005,0.01127208521536425,0.01177208521536425,1.2239450416725755,1.283595223130105
2019-11-25,0.001907884051076143,0.0,0.0005,-0.0005,0.001907884051076143,1.2233332221193738,1.2860465116279054
2019-11-26,0.006964596518916411,1.0,0.0005,0.006464596518916411,0.006964596518916411,1.2312671951450544,1.2950345694531724
2019-11-27,-0.004572659619049487,1.0,0.0,-0.004572659619049487,-0.004572659619049487,1.2256498821794346,1.2891263356379619
2019-11-29,-0.010291686036547525,1.0,0.0,-0.010291686036547525,-0.010291686036547525,1.2131005659796452,1.2759270898805766
2019-12-02,-0.007863347556997443,0.0,0.0005,-0.0005,-0.007863347556997443,1.2124941673089564,1.2659333752356992
2019-12-03,0.005051516288696206,0.0,0.0,0.0,0.005051516288696206,1.2124941673089564,1.2723444374607151
2019-12-04,0.0019740419972102655,0.0,0.0,0.0,0.0019740419972102655,1.2124941673089564,1.274858579509741
2019-12-05,0.01064178936771184,1.0,0.0005,0.01014178936771184,0.01064178936771184,1.2248535951840072,1.2884978001257055
2019-12-06,-0.004546906897413791,0.0,0.0005,-0.0005,-0.004546906897413791,1.2242413214676,1.2826524198617206
2019-12-09,-0.000833394660584824,0.0,0.0,-0.0,-0.000833394660584824,1.2242413214676,1.2815839094908847
2019-12-10,0.005282735823007295,1.0,0.0005,0.004782735823007296,0.005282735823007295,1.230110568633091,1.288372093023254
2019-12-11,0.007436423975283547,0.0,0.0005,-0.0005,0.007436423975283547,1.2294956670869717,1.297988686360778
2019-12-12,0.003287409293690927,0.0,0.0,0.0,0.003287409293690927,1.2294956670869717,1.3022627278441217
2019-12-13,0.009989037580187184,0.0,0.0,0.0,0.009989037580187184,1.2294956670869717,1.315336266499056
2019-12-16,0.0005732575516467078,0.0,0.0,0.0,0.0005732575516467078,1.2294956670869717,1.3160905091137636
2019-12-17,0.0007638325668555764,0.0,0.0,0.0,0.0007638325668555764,1.2294956670869717,1.317096165933374
2019-12-18,0.006232031777723047,1.0,0.0005,0.005732031777723048,0.006232031777723047,1.2365634122396063,1.3253299811439334
2019-12-19,0.004023007532044888,1.0,0.0,0.004023007532044888,0.004023007532044888,1.2415481362290004,1.330672532998113
2019-12-20,0.0004722327250583983,0.0,0.0005,-0.0005,0.0004722327250583983,1.2409275173285406,1.3313010685103694
2019-12-23,0.0005191985579071437,0.0,0.0,0.0,0.0005191985579071437,1.2409275173285406,1.3319924575738513
2019-12-24,0.008785379848502394,1.0,0.0005,0.008285379848502394,0.008785379848502394,1.2512517843498219,1.343746071653047
2019-12-26,-0.0008423023427331089,1.0,0.0,-0.0008423023427331089,-0.0008423023427331089,1.2501982957807452,1.3426147077309856
2019-12-27,-0.0065755720466250086,1.0,0.0,-0.0065755720466250086,-0.0065755720466250086,1.2420044957990353,1.3338152105593954
2019-12-30,0.0018831510673159289,1.0,0.0,0.0018831510673159289,0.0018831510673159289,1.244345581508095,1.336329352608421
2019-12-31,0.01655937272161428,1.0,0.0,0.01655937272161428,0.01655937272161428,1.2651227171760022,1.3586423632935245
2020-01-02,-0.009202091239159759,0.0,0.0005,-0.0005,-0.009202091239159759,1.2644903139314003,1.346197360150847
2020-01-03,0.006422510092566968,0.0,0.0,0.0,0.006422510092566968,1.2644903139314003,1.3548711502199857
2020-01-06,-0.0001391820735736144,1.0,0.0005,-0.0006391820735736144,-0.0001391820735736144,1.2636823326416147,1.3546825895663088
2020-01-07,0.007488247989108504,1.0,0.0,0.007488247989108504,0.007488247989108504,1.2731806177011395,1.3648648648648631
2020-01-08,0.008437707692667998,0.0,0.0005,-0.0005,0.008437707692667998,1.2725441865133449,1.3764299182903819
2020-01-09,-0.0025604695987694144,1.0,0.0005,-0.0030604695987694144,-0.0025604695987694144,1.2686555572684508,1.3729101194217457
2020-01-10,0.011470834502019503,1.0,0.0,0.011470834502019503,0.011470834502019503,1.2832918801376376,1.388749214330608
2020-01-13,-0.0039453149604297445,1.0,0.0,-0.0039453149604297445,-0.0039453149604297445,1.2782388639089899,1.383280955373977
2020-01-14,0.0004088586087619618,0.0,0.0005,-0.0005,0.0004088586087619618,1.2775999042302668,1.3838466373350078
2020-01-15,0.009537873186639468,0.0,0.0,0.0,0.009537873186639468,1.2775999042302668,1.3971087366436188
2020-01-16,0.004936508700959959,1.0,0.0005,0.004436508700959959,0.004936508700959959,1.2832805791861253,1.4040226272784395
2020-01-17,-0.00044776788461378024,1.0,0.0,-0.00044776788461378024,-0.00044776788461378024,1.28270609598298,1.4033940917661831
2020-01-21,0.002638937011723337,1.0,0.0,0.002638937011723337,0.002638937011723337,1.2860955468815376,1.4071024512884962
2020-01-22,0.003210991475841103,0.0,0.0005,-0.0005,0.003210991475841103,1.2854526598432499,1.4116279069767423
2020-01-23,-0.008450943452309423,0.0,0.0,-0.0,-0.008450943452309423,1.2854526598432499,1.3997485857950955
2020-01-24,-0.020871901055738516,0.0,0.0,-0.0,-0.020871901055738516,1.2854526598432499,1.3708359522312994
2020-01-27,0.015243157161623895,0.0,0.0,0.0,0.015243157161623895,1.2854526598432499,1.3918918918918903
2020-01-28,0.0016243291934908508,0.0,0.0,0.0,0.0016243291934908508,1.2854526598432499,1.3941546197360135
2020-01-29,0.003555279278746457,0.0,0.0,0.0,0.003555279278746457,1.2854526598432499,1.3991200502828394
2020-01-30,-0.01598512539403634,0.0,0.0,-0.0,-0.01598512539403634,1.2854526598432499,1.376932746700187
2020-01-31,0.014996316827695113,0.0,0.0,0.0,0.014996316827695113,1.2854526598432499,1.3977372721558754
2020-02-03,0.022630731288667275,1.0,0.0005,0.022130731288667275,0.022630731288667275,1.3142177899110774,1.4297297297297282
2020-02-04,0.003291714442763105,1.0,0.0,0.003291714442763105,0.003291714442763105,1.3185509474370514,1.4344437460716515
2020-02-05,0.00859497885114986,0.0,0.0005,-0.0005,0.00859497885114986,1.3178918367547348,1.446825895663103
2020-02-06,-0.0043100700170990705,1.0,0.0005,-0.00481007001709907,-0.0043100700170990705,1.3115679062122687,1.4406033940917644
2020-02-07,0.012013068119594543,1.0,0.0,0.012013068119594543,0.012013068119594543,1.3274188795988655,1.458013827781268
2020-02-10,0.00017242122547983998,1.0,0.0,0.00017242122547983998,0.00017242122547983998,1.3276477745214155,1.4582652419861704
2020-02-11,0.009693822157034635,1.0,0.0,0.009693822157034635,0.009693822157034635,1.3405803376454983,1.472470144563166
2020-02-12,-0.0012813943321770454,1.0,0.0,-0.0012813943321770454,-0.0012813943321770454,1.3388636257263722,1.4705845380263967
2020-02-13,0.002859522658679185,1.0,0.0,0.002859522658679185,0.002859522658679185,1.3426976156790869,1.4747957259585147
2020-02-14,0.0003834927716002056,1.0,0.0,0.0003834927716002056,0.0003834927716002056,1.3432126292548245,1.4753614079195456
2020-02-18,0.009539831947798047,1.0,0.0,0.009539831947798047,0.009539831947798047,1.3560879686482696,1.4895034569453154
2020-02-19,-0.009326843938217796,1.0,0.0,-0.009326843938217796,-0.009326843938217796,1.3434987479080123,1.4756756756756737
2020-02-20,-0.019396371980848107,0.0,0.0005,-0.0005,-0.019396371980848107,1.3428271664434157,1.4473287240729082
2020-02-21,-0.039326681333394425,0.0,0.0,-0.0,-0.039326681333394425,1.3428271664434157,1.391514770584536
2020-02-24,-0.027568372879632246,1.0,0.0005,-0.028068372879632247,-0.027568372879632246,1.3056602404718438,1.3536769327466984
2020-02-25,0.005140685165976546,1.0,0.0,0.005140685165976546,0.005140685165976546,1.3123895104115928,1.3606536769327449
2020-02-26,-0.051371097235173975,0.0,0.0005,-0.0005,-0.051371097235173975,1.3117334796777378,1.2925204274041466
2020-02-27,0.0007777562126453683,1.0,0.0005,0.0002777562126453683,0.0007777562126453683,1.3120978724048824,1.293526084223757
2020-02-28,0.05031614074355332,1.0,0.0,0.05031614074355332,0.05031614074355332,1.3798067130508485,1.360276555625391
2020-03-02,-0.03259269473221566,1.0,0.0,-0.03259269473221566,-0.03259269473221566,1.3355600695402077,1.316656191074794
2020-03-03,0.04087545881566572,1.0,0.0,0.04087545881566572,0.04087545881566572,1.3912827877366056,1.371590194846007
2020-03-04,-0.03085328833875516,0.0,0.0005,-0.0005,-0.03085328833875516,1.3905873202241044,1.329918290383405
2020-03-05,-0.017016210963210415,0.0,0.0,-0.0,-0.017016210963210415,1.3905873202241044,1.3074795725958501
2020-03-06,-0.07199502476753283,0.0,0.0,-0.0,-0.07199502476753283,1.3905873202241044,1.216656191074794
2020-03-09,0.053019860048496924,1.0,0.0005,0.05251986004849692,0.053019860048496924,1.4655726456329041,1.282903834066623
2020-03-10,-0.04453193645913227,0.0,0.0005,-0.0005,-0.04453193645913227,1.4648400424761394,1.2270270270270254
2020-03-11,-0.0961711178699663,1.0,0.0005,-0.0966711178699663,-0.0961711178699663,1.3298616744005325,1.1145191703331223
2020-03-12,0.08130862940748297,1.0,0.0,0.08130862940748297,0.08130862940748297,1.4425084280069842,1.2089252042740397
2020-03-13,-0.12759235014524606,0.0,0.0005,-0.0005,-0.12759235014524606,1.4417873540764856,1.0641106222501557
2020-03-16,0.0731033330005828,1.0,0.0005,0.0726033330005828,0.0731033330005828,1.5503595860459458,1.1448145820238826
2020-03-17,-0.030888333969812817,1.0,0.0,-0.030888333969812817,-0.030888333969812817,1.503203595562282,1.109993714644876
2020-03-18,0.005984323171695342,1.0,0.0,0.005984323171695342,0.005984323171695342,1.5122262219003115,1.1166561910747943
2020-03-19,-0.039963981541159974,0.0,0.0005,-0.0005,-0.039963981541159974,1.5114702977861385,1.0729101194217459
2020-03-20,-0.0014069647062431945,1.0,0.0005,-0.0019069647062431945,-0.0014069647062431945,1.5085907237693692,1.0714016341923307
2020-03-23,0.07458555709122454,0.0,0.0005,-0.0005,0.07458555709122454,1.5078366169499,1.154368321810181
2020-03-24,-0.007432540500758729,0.0,0.0,-0.0,-0.007432540500758729,1.5078366169499,1.1458202388434933
2020-03-25,0.05132072132903687,0.0,0.0,0.0,0.05132072132903687,1.5078366169499,1.2061596480201118
2020-03-26,-0.03499826972234012,0.0,0.0,-0.0,-0.03499826972234012,1.5078366169499,1.1646763042111865
2020-03-27,0.03572755037142548,1.0,0.0005,0.03522755037142548,0.03572755037142548,1.5619006888110383,1.2070395977372708
2020-03-30,-0.008576561305474645,0.0,0.0005,-0.0005,-0.008576561305474645,1.5611199336716832,1.196731615336265
2020-03-31,-0.04341858754189147,0.0,0.0,-0.0,-0.04341858754189147,1.5611199336716832,1.145883092394719
2020-04-01,0.020091900893485837,0.0,0.0,0.0,0.020091900893485837,1.5611199336716832,1.1691389063482072
2020-04-02,-0.01429446614778619,0.0,0.0,-0.0,-0.01429446614778619,1.5611199336716832,1.152545568824637
2020-04-03,0.06905467539770443,0.0,0.0,0.0,0.06905467539770443,1.5611199336716832,1.2349465744814567
2020-04-06,-0.00040724903841207315,0.0,0.0,-0.0,-0.00040724903841207315,1.5611199336716832,1.2344437460716515
2020-04-07,0.02100991707758992,0.0,0.0,0.0,0.02100991707758992,1.5611199336716832,1.2606536769327452
2020-04-08,0.0014448349672376408,0.0,0.0,0.0,0.0014448349672376408,1.5611199336716832,1.262476429918289
2020-04-09,0.010745603408956932,0.0,0.0,0.0,0.010745603408956932,1.5611199336716832,1.2761156505342537
2020-04-13,0.04257192779420026,0.0,0.0,0.0,0.04257192779420026,1.5611199336716832,1.3316153362664978
2020-04-14,-0.011536124517930372,0.0,0.0,-0.0,-0.011536124517930372,1.5611199336716832,1.3163419233186662
2020-04-15,0.01807563172136864,0.0,0.0,0.0,0.01807563172136864,1.5611199336716832,1.3403519798868622
2020-04-16,0.009520770101448988,0.0,0.0,0.0,0.009520770101448988,1.5611199336716832,1.3531741043368934
2020-04-17,-0.01191519364971863,0.0,0.0,-0.0,-0.01191519364971863,1.5611199336716832,1.3371464487743543
2020-04-20,-0.03759751306441115,1.0,0.0005,-0.03809751306441115,-0.03759751306441115,1.5027638161791679,1.2878064110622234
2020-04-21,0.029242693513624136,0.0,0.0005,-0.0005,0.029242693513624136,1.5020126220852517,1.326021370207415
2020-04-22,-0.002135282787153628,0.0,0.0,-0.0,-0.002135282787153628,1.5020126220852517,1.3231929604022612
2020-04-23,0.015647411345085363,0.0,0.0,0.0,0.015647411345085363,1.5020126220852517,1.344060339409175
2020-04-24,0.008011221234632293,1.0,0.0005,0.007511221234632293,0.008011221234632293,1.5133370480792843,1.3548711502199857
2020-04-27,-0.01901429457896329,1.0,0.0,-0.01901429457896329,-0.01901429457896329,1.4848338544663602,1.3293526084223741
2020-04-28,0.0348467313301681,0.0,0.0005,-0.0005,0.0348467313301681,1.4840916231124286,1.3764927718416071
2020-04-29,-0.0004110433708623841,1.0,0.0005,-0.000911043370862384,-0.0004110433708623841,1.4827401669884868,1.3759270898805762
2020-04-30,-0.0285899236221196,1.0,0.0,-0.0285899236221196,-0.0285899236221196,1.4409489887402616,1.3371464487743538
2020-05-01,0.011589997948727353,0.0,0.0005,-0.0005,0.011589997948727353,1.440228694334499,1.3527341294783135
2020-05-04,0.01127345149566946,0.0,0.0,0.0,0.01127345149566946,1.440228694334499,1.3680703959773708
2020-05-05,0.006137517548585299,1.0,0.0005,0.005637517548585299,0.006137517548585299,1.4483709383300376,1.3764927718416073
2020-05-06,0.012794512360094793,1.0,0.0,0.012794512360094793,0.012794512360094793,1.46702119424826,1.394217473287239
2020-05-07,0.013611744145018059,0.0,0.0005,-0.0005,0.013611744145018059,1.466287866998226,1.4133249528598348
2020-05-08,0.008899179887155818,0.0,0.0,0.0,0.008899179887155818,1.466287866998226,1.4259585166561894
2020-05-11,-0.021159389835362852,0.0,0.0,-0.0,-0.021159389835362852,1.466287866998226,1.3961030798240084
2020-05-12,-0.012594739041343601,0.0,0.0,-0.0,-0.012594739041343601,1.466287866998226,1.3786297925832793
2020-05-13,0.011288285426079897,1.0,0.0005,0.010788285426079897,0.011288285426079897,1.4821922352010692,1.394280326838465
2020-05-14,0.0064704786522029965,0.0,0.0005,-0.0005,0.0064704786522029965,1.481451324326623,1.4033312382149576
2020-05-15,0.018460697325976636,0.0,0.0,0.0,0.018460697325976636,1.481451324326623,1.4294783155248258
2020-05-18,-0.0025094116054256957,0.0,0.0,-0.0,-0.0025094116054256957,1.481451324326623,1.4258956631049642
2020-05-19,0.019771511483120865,1.0,0.0005,0.019271511483120864,0.019771511483120865,1.5102780052321096,1.4543683218101808
2020-05-20,-0.010950441843769747,0.0,0.0005,-0.0005,-0.010950441843769747,1.509523054982784,1.4385292269013186
2020-05-21,0.0034457975777955527,1.0,0.0005,0.0029457975777955527,0.0034457975777955527,1.5139763603895402,1.4434946574481444
2020-05-22,-0.0027032935581837035,0.0,0.0005,-0.0005,-0.0027032935581837035,1.5132195614248531,1.4395977372721542
2020-05-26,0.005442723470065124,0.0,0.0,0.0,0.005442723470065124,1.5132195614248531,1.4474544311753599
2020-05-27,-0.0013035545428058872,1.0,0.0005,-0.0018035545428058872,-0.0013035545428058872,1.510492847038765,1.4455688246385905
2020-05-28,0.014546495842347183,1.0,0.0,0.014546495842347183,0.014546495842347183,1.5326258132308632,1.4667504714016326
2020-05-29,0.002995167187154145,0.0,0.0005,-0.0005,0.002995167187154145,1.5318596918705487,1.4711502199874278
2020-06-01,0.006685285389661786,1.0,0.0005,0.006185285389661786,0.006685285389661786,1.541364044507191,1.4810182275298538
2020-06-02,0.004488489920437749,0.0,0.0005,-0.0005,0.004488489920437749,1.5405935551233352,1.487680703959772
2020-06-03,-0.00703810248588276,0.0,0.0,-0.0,-0.00703810248588276,1.5405935551233352,1.4772470144563152
2020-06-04,0.019633256184062066,0.0,0.0,0.0,0.019633256184062066,1.5405935551233352,1.5065367693274654
2020-06-05,0.007730069245516757,0.0,0.0,0.0,0.007730069245516757,1.5405935551233352,1.5182275298554355
2020-06-08,0.007218758789061334,0.0,0.0,0.0,0.007218758789061334,1.5405935551233352,1.5292269013199233
2020-06-09,0.011930195429991896,0.0,0.0,0.0,0.011930195429991896,1.5405935551233352,1.5475801382778112
2020-06-10,-0.050818863428657046,0.0,0.0,-0.0,-0.050818863428657046,1.5405935551233352,1.4708988057825254
2020-06-11,0.007916619341491557,1.0,0.0005,0.0074166193414915565,0.007916619341491557,1.552062027157646,1.482589566310495
2020-06-12,0.012093778228536302,0.0,0.0005,-0.0005,0.012093778228536302,1.5512861901194899,1.5006285355122553
2020-06-15,0.017026989430914203,0.0,0.0,0.0,0.017026989430914203,1.5512861901194899,1.5263984915147693
2020-06-16,0.003165665480059003,0.0,0.0,0.0,0.003165665480059003,1.5512861901194899,1.5312382149591437
2020-06-17,0.002705474083121122,0.0,0.0,0.0,0.002705474083121122,1.5512861901194899,1.5353865493400363
2020-06-18,-0.00016375992831157749,1.0,0.0005,-0.0006637599283115774,-0.00016375992831157749,1.5502568501642449,1.5351351351351337
2020-06-19,0.010183802216696122,1.0,0.0,0.010183802216696122,0.010183802216696122,1.5661250213295355,1.5508485229415447
2020-06-22,0.00847496900350045,0.0,0.0005,-0.0005,0.00847496900350045,1.5653421545518749,1.56404776869893
2020-06-23,-0.020831125799264,0.0,0.0,-0.0,-0.020831125799264,1.5653421545518749,1.5318038969201746
2020-06-24,0.009474485868874432,1.0,0.0005,0.008974485868874432,0.009474485868874432,1.5794535220195087,1.5463859208045239
2020-06-25,-0.023898309590085345,1.0,0.0,-0.023898309590085345,-0.023898309590085345,1.54215471714639,1.5098680075424247
2020-06-26,0.010847620135889108,0.0,0.0005,-0.0005,0.010847620135889108,1.5413838325250324,1.5263356379635435
2020-06-29,0.0194117505482076,1.0,0.0005,0.0189117505482076,0.0194117505482076,1.5708114862156606,1.5562539283469499
2020-06-30,0.011604458757967192,1.0,0.0,0.011604458757967192,0.011604458757967192,1.5891460790878873,1.5744186046511612
2020-07-01,0.006763772105707646,1.0,0.0,0.006763772105707646,0.006763772105707646,1.5999311337186086,1.5851037083595207
2020-07-02,0.024287299795076073,1.0,0.0,0.024287299795076073,0.024287299795076073,1.6392648623718276,1.6240729101194198
2020-07-06,-0.006912648885671197,0.0,0.0005,-0.0005,-0.006912648885671197,1.6384454348146025,1.6128849780012553
2020-07-07,0.013085746153881533,1.0,0.0005,0.012585746153881533,0.013085746153881533,1.6591968049635824,1.634129478315523
2020-07-08,0.00838812203226087,0.0,0.0005,-0.0005,0.00838812203226087,1.658367413926139,1.6478944060339389
2020-07-09,0.006804169555916021,1.0,0.0005,0.006304169555916022,0.006804169555916021,1.668855066525833,1.6591451917033295
2020-07-10,-0.02078503946977746,1.0,0.0,-0.02078503946977746,-0.02078503946977746,1.6345258510421217,1.6250157133878047
2020-07-13,0.00705327546846138,1.0,0.0,0.00705327546846138,0.00705327546846138,1.646095365652654,1.6365179132620975
2020-07-14,0.0020334958184196005,0.0,0.0005,-0.0005,0.0020334958184196005,1.645272523697459,1.6398491514770566
2020-07-15,-0.006845917279608777,1.0,0.0005,-0.0073459172796087775,-0.006845917279608777,1.6332307708463465,1.628661219358892
2020-07-16,0.0011570950494533103,1.0,0.0,0.0011570950494533103,0.0011570950494533103,1.6351216678487162,1.6305468258956617
2020-07-17,0.027975978800370758,0.0,0.0005,-0.0005,0.027975978800370758,1.6343043113709395,1.6768070395977355
2020-07-20,-0.010475245566581772,0.0,0.0,-0.0,-0.010475245566581772,1.6343043113709395,1.6593337523570064
2020-07-21,0.003516537002504505,1.0,0.0005,0.003016537002504505,0.003516537002504505,1.6392416939541978,1.6651791326209915
2020-07-22,-0.026467296288418055,0.0,0.0005,-0.0005,-0.026467296288418055,1.6384222779782858,1.6216844751728459
2020-07-23,-0.00954112812625999,1.0,0.0005,-0.01004112812625999,-0.00954112812625999,1.6220529905512506,1.6062853551225629
2020-07-24,0.017685847266808614,1.0,0.0,0.017685847266808614,0.017685847266808614,1.6509955544771926,1.6349465744814569
2020-07-27,-0.01280655113334984,1.0,0.0,-0.01280655113334984,-0.01280655113334984,1.6299868074169146,1.6141420490257685
2020-07-28,0.011460112260218213,0.0,0.0005,-0.0005,0.011460112260218213,1.6291720177276032,1.6327467001885592
2020-07-29,0.0052217434832553524,0.0,0.0,0.0,0.0052217434832553524,1.6291720177276032,1.641294783155247
2020-07-30,0.017688155687949517,1.0,0.0005,0.017188155687949517,0.017688155687949517,1.6574165201038087,1.670584538026397
2020-07-31,0.013416498871644502,1.0,0.0,0.013416498871644502,0.013416498871644502,1.6798030858405657,1.6931489629164034
2020-08-03,0.003705354765590484,1.0,0.0,0.003705354765590484,0.003705354765590484,1.6860388980235066,1.6994343180389677
2020-08-04,0.002474928770087851,1.0,0.0,0.002474928770087851,0.002474928770087851,1.6902168921860767,1.7036455059710858
2020-08-05,0.013157843443089273,1.0,0.0,0.013157843443089273,0.013157843443089273,1.7126034579228335,1.7262099308610919
2020-08-06,-0.011609513118284858,0.0,0.0005,-0.0005,-0.011609513118284858,1.7117473702336297,1.706285355122563
2020-08-07,-0.004282187502634627,1.0,0.0005,-0.004782187502634627,-0.004282187502634627,1.703581015435201,1.698994343180388
2020-08-10,-0.01912289831839963,0.0,0.0005,-0.0005,-0.01912289831839963,1.7027294378396234,1.6668133249528583
2020-08-11,0.024840677696984486,0.0,0.0,0.0,0.024840677696984486,1.7027294378396234,1.708736643620363
2020-08-12,0.0022779890072762285,1.0,0.0005,0.0017779890072762284,0.0022779890072762285,1.7057595650306383,1.7126335637963528
2020-08-13,-0.0011750882668264944,1.0,0.0,-0.0011750882668264944,-0.0011750882668264944,1.7037563242026517,1.7106222501571324
2020-08-14,0.01154392888261178,1.0,0.0,0.01154392888261178,0.01154392888261178,1.72353832737902,1.7304839723444359
2020-08-17,0.009579136668310152,1.0,0.0,0.009579136668310152,0.009579136668310152,1.7401276654857847,1.7471401634192318
2020-08-18,-0.0067500752623646226,1.0,0.0,-0.0067500752623646226,-0.0067500752623646226,1.7284212268972379,1.7353865493400364
2020-08-19,0.013776452977931408,1.0,0.0,0.013776452977931408,0.013776452977931408,1.752397515557203,1.759459459459458
2020-08-20,0.006906399826374104,0.0,0.0005,-0.0005,0.006906399826374104,1.7515215358126102,1.7716530483972328
2020-08-21,0.006224600115618665,1.0,0.0005,0.0057246001156186655,0.006224600115618665,1.7615770506389032,1.782715273412946
2020-08-24,0.007831608624936195,1.0,0.0,0.007831608624936195,0.007831608624936195,1.775427196331971,1.7967316153362651
2020-08-25,0.021114626102462394,1.0,0.0,0.021114626102462394,0.021114626102462394,1.8133132450887925,1.835072281583908
2020-08-26,-0.0031217328656869413,0.0,0.0005,-0.0005,-0.0031217328656869413,1.8124068150926311,1.8293526084223746
2020-08-27,0.005072151797392749,1.0,0.0005,0.004572151797392749,0.005072151797392749,1.820712386868629,1.8386549340037697
2020-08-28,0.008001268406375795,1.0,0.0,0.008001268406375795,0.008001268406375795,1.835338832392648,1.853425518541796
2020-08-31,0.016947278506143453,1.0,0.0,0.016947278506143453,0.016947278506143453,1.8667078900271399,1.8851037083595208
2020-09-01,0.009424640013310049,1.0,0.0,0.009424640013310049,0.009424640013310049,1.884384105043401,1.9029541169076034
2020-09-02,-0.052030644690160055,0.0,0.0005,-0.0005,-0.052030644690160055,1.8834421484996393,1.80647391577624
2020-09-03,-0.013415497441394782,1.0,0.0005,-0.013915497441394782,-0.013415497441394782,1.8574146270536225,1.7824010056568178
2020-09-04,-0.049257513645115845,0.0,0.0005,-0.0005,-0.049257513645115845,1.8564861518782327,1.6967316153362648
2020-09-08,0.028952609160384182,1.0,0.0005,0.028452609160384182,0.028952609160384182,1.910066664835272,1.7465744814582007
2020-09-09,-0.02013808012825101,0.0,0.0005,-0.0005,-0.02013808012825101,1.9091118702213996,1.7117536140791938
2020-09-10,-0.006964047378993226,0.0,0.0,-0.0,-0.006964047378993226,1.9091118702213996,1.699874292897547
2020-09-11,0.017265508340377485,0.0,0.0,0.0,0.017265508340377485,1.9091118702213996,1.7294783155248254
2020-09-14,0.014074065806247149,0.0,0.0,0.0,0.014074065806247149,1.9091118702213996,1.7539912005028264
2020-09-15,-0.016074903187286063,0.0,0.0,-0.0,-0.016074903187286063,1.9091118702213996,1.726021370207415
2020-09-16,-0.01574546687074002,0.0,0.0,-0.0,-0.01574546687074002,1.9091118702213996,1.6990571967316135
2020-09-17,-0.012844793961652275,0.0,0.0,-0.0,-0.012844793961652275,1.9091118702213996,1.6773727215587662
2020-09-18,0.002395300370515444,0.0,0.0,0.0,0.002395300370515444,1.9091118702213996,1.6813953488372073
2020-09-21,0.018408268099480398,0.0,0.0,0.0,0.018408268099480398,1.9091118702213996,1.7126335637963523
2020-09-22,-0.031010236742560208,0.0,0.0,-0.0,-0.031010236742560208,1.9091118702213996,1.6603394091766166
2020-09-23,0.004645462041286863,0.0,0.0,0.0,0.004645462041286863,1.9091118702213996,1.6680703959773708
2020-09-24,0.02298266722034154,0.0,0.0,0.0,0.02298266722034154,1.9091118702213996,1.7068510370835934
2020-09-25,0.020556157882301706,0.0,0.0,0.0,0.020556157882301706,1.9091118702213996,1.7423004399748565
2020-09-28,-0.004519577430237831,0.0,0.0,-0.0,-0.004519577430237831,1.9091118702213996,1.734443746071651
2020-09-29,0.0068257185503082535,1.0,0.0005,0.006325718550308253,0.0068257185503082535,1.9212266515445138,1.7463230672532977
2020-09-30,0.015747794593952917,0.0,0.0005,-0.0005,0.015747794593952917,1.9202662783320523,1.774041483343807
2020-10-01,-0.028534349316172852,1.0,0.0005,-0.029034349316172853,-0.028534349316172852,1.8653142055639271,1.7241357636706454
2020-10-02,0.02110201482394332,0.0,0.0005,-0.0005,0.02110201482394332,1.864381781586565,1.7609050911376478
2020-10-05,-0.01800812187972839,0.0,0.0,-0.0,-0.01800812187972839,1.864381781586565,1.7294783155248257
2020-10-06,0.017151101401619205,1.0,0.0005,0.016651101401619205,0.017151101401619205,1.8956856906941701,1.7593966059082322
2020-10-07,0.005308832592146711,1.0,0.0,0.005308832592146711,0.005308832592146711,1.9057763297308032,1.7687617850408532
2020-10-08,0.015164629722688495,0.0,0.0005,-0.0005,0.015164629722688495,1.9048236797482805,1.7957888120678802
2020-10-09,0.030403555101380864,0.0,0.0,0.0,0.030403555101380864,1.9048236797482805,1.8512256442488983
2020-10-12,-3.395297513267283e-05,1.0,0.0005,-0.0005339529751326728,-3.395297513267283e-05,1.9038068649671727,1.8511627906976726
2020-10-13,-0.008387651888190573,0.0,0.0005,-0.0005,-0.008387651888190573,1.9028551994708895,1.8357008170961644
2020-10-14,-0.00673356948496699,1.0,0.0005,-0.007233569484966991,-0.00673356948496699,1.8891404273457837,1.8233815210559385
2020-10-15,-0.005495943734858389,0.0,0.0005,-0.0005,-0.005495943734858389,1.8881960932353121,1.8133878064110607
2020-10-16,-0.016459982666557803,0.0,0.0,-0.0,-0.016459982666557803,1.8881960932353121,1.7837837837837822
2020-10-19,0.002147094329006428,1.0,0.0005,0.001647094329006428,0.002147094329006428,1.8913086929815413,1.7876178504085467
2020-10-20,-0.0007738304993959688,1.0,0.0,-0.0007738304993959688,-0.0007738304993959688,1.889845706755825,1.7862350722815823
2020-10-21,-3.518834562357422e-05,1.0,0.0,-3.518834562357422e-05,-3.518834562357422e-05,1.8897792073819288,1.7861722187303568
2020-10-22,0.0019686429756704165,1.0,0.0,0.0019686429756704165,0.0019686429756704165,1.8935031723201154,1.7896920175989928
2020-10-23,-0.015109715814265623,1.0,0.0,-0.015109715814265623,-0.015109715814265623,1.8651079396664427,1.762853551225643
2020-10-26,0.007777994568670778,0.0,0.0005,-0.0005,0.007777994568670778,1.8641756187962504,1.776618478944059
2020-10-27,-0.03976710169441418,1.0,0.0005,-0.04026710169441418,-0.03976710169441418,1.7906019105809217,1.7073538654933988
2020-10-28,0.017335251543359836,0.0,0.0005,-0.0005,0.017335251543359836,1.7897068334135704,1.7372093023255801
2020-10-29,-0.025689889618281503,0.0,0.0,-0.0,-0.025689889618281503,1.7897068334135704,1.6931489629164036
2020-10-30,0.0022248600100122913,0.0,0.0,0.0,0.0022248600100122913,1.7897068334135704,1.6969201759899424
2020-11-02,0.01714967760794821,0.0,0.0,0.0,0.01714967760794821,1.7897068334135704,1.7262727844123178
2020-11-03,0.04367101794155256,0.0,0.0,0.0,0.04367101794155256,1.7897068334135704,1.803331238214958
2020-11-04,0.025736841156330015,1.0,0.0005,0.025236841156330014,0.025736841156330015,1.8354481357891879,1.8503456945317396
2020-11-05,0.0007470288972188503,1.0,0.0,0.0007470288972188503,0.0007470288972188503,1.8368197808514306,1.8517284726587038
2020-11-06,-0.020645452078936744,0.0,0.0005,-0.0005,-0.020645452078936744,1.8359016005252151,1.8138906348208659
2020-11-09,-0.01807709930806962,0.0,0.0,-0.0,-0.01807709930806962,1.8359016005252151,1.781395348837208
2020-11-10,0.022123097738378752,1.0,0.0005,0.02162309773837875,0.022123097738378752,1.8760317861462736,1.821244500314266
2020-11-11,-0.0047045887243092385,0.0,0.0005,-0.0005,-0.0047045887243092385,1.8750940047180946,1.8126964173475786
2020-11-12,0.008734282995769406,0.0,0.0,0.0,0.008734282995769406,1.8750940047180946,1.8285983658076665
2020-11-13,0.007772281605933004,0.0,0.0,0.0,0.007772281605933004,1.8750940047180946,1.8428661219358877
2020-11-16,-0.0031769374424037372,1.0,0.0005,-0.0036769374424037373,-0.0031769374424037372,1.8682120613553128,1.8370207416719027
2020-11-17,-0.007417871164728044,1.0,0.0,-0.007417871164728044,-0.007417871164728044,1.8544051771300163,1.8234443746071638
2020-11-18,0.0077941646781052604,1.0,0.0,0.0077941646781052604,0.0077941646781052604,1.8689151897186382,1.837712130735385
2020-11-19,-0.0068639160279282,1.0,0.0,-0.0068639160279282,-0.0068639160279282,1.856131037658178,1.825141420490256
2020-11-20,3.4437040484108845e-05,1.0,0.0,3.4437040484108845e-05,3.4437040484108845e-05,1.8561949584184805,1.8252042740414816
2020-11-23,0.013952283234605959,1.0,0.0,0.013952283234605959,0.013952283234605959,1.8822746286218188,1.8508485229415446
2020-11-24,0.00612782281445665,1.0,0.0,0.00612782281445665,0.00612782281445665,1.8938442862365348,1.862225015713386
2020-11-25,0.009172064502386107,1.0,0.0,0.009172064502386107,0.009172064502386107,1.9112946537990625,1.8793840351979867
2020-11-27,0.002037987441761449,1.0,0.0,0.002037987441761449,0.002037987441761449,1.9151938201775032,1.8832181018227512
2020-11-30,0.012734801007859153,1.0,0.0,0.012734801007859153,0.012734801007859153,1.9397393921335861,1.9073538654933986
2020-12-01,0.0012843524842693767,1.0,0.0,0.0012843524842693767,0.0012843524842693767,1.9422323017853762,1.909805153991199
2020-12-02,0.0014141715477361122,1.0,0.0,0.0014141715477361122,0.0014141715477361122,1.944980894478375,1.9125078566939018
2020-12-03,0.004066912788160347,1.0,0.0,0.004066912788160347,0.004066912788160347,1.95290706875586,1.9203016970458815
2020-12-04,0.005646505528883403,1.0,0.0,0.005646505528883403,0.005646505528883403,1.9639653602881577,1.931175361407918
2020-12-07,0.0033791499808835546,0.0,0.0005,-0.0005,0.0033791499808835546,1.962983623062773,1.9377121307353846
2020-12-08,-0.02290126332941784,0.0,0.0,-0.0,-0.02290126332941784,1.962983623062773,1.8938403519798848
2020-12-09,0.004007755890218727,1.0,0.0005,0.003507755890218727,0.004007755890218727,1.9698813811821085,1.9014456316781878
2020-12-10,-0.0022171857453934405,0.0,0.0005,-0.0005,-0.0022171857453934405,1.9688966866856563,1.89723444374607
2020-12-11,0.007229066455404554,0.0,0.0,0.0,0.007229066455404554,1.9688966866856563,1.910999371464486
2020-12-14,0.010632655418713268,0.0,0.0,0.0,0.010632655418713268,1.9688966866856563,1.9314267756128205
2020-12-15,0.005484622767350809,1.0,0.0005,0.004984622767350809,0.005484622767350809,1.9787353946892121,1.9420490257699545
2020-12-16,0.006516362295330397,1.0,0.0,0.006516362295330397,0.006516362295330397,1.9916716543088384,1.9547454431175344
2020-12-17,-0.003027085041017978,1.0,0.0,-0.003027085041017978,-0.003027085041017978,1.9856518107234675,1.9488372093023238
2020-12-18,-0.003683483437152897,0.0,0.0005,-0.0005,-0.003683483437152897,1.9846592329832198,1.9416719044626007
2020-12-21,0.0027154603871490683,0.0,0.0,0.0,0.0027154603871490683,1.9846592329832198,1.946951602765555
2020-12-22,-0.0050488812021968615,1.0,0.0005,-0.005548881202196862,-0.0050488812021968615,1.973677092148376,1.9371464487743544
2020-12-23,0.00440301151624309,1.0,0.0,0.00440301151624309,0.00440301151624309,1.9823863745796604,1.9456945317410423
2020-12-24,0.010028368949871249,1.0,0.0,0.010028368949871249,0.010028368949871249,2.0023664930984886,1.9653048397234432
2020-12-28,0.000895083494322645,1.0,0.0,0.000895083494322645,0.000895083494322645,2.0041595806578703,1.967064739157761
2020-12-29,3.1952454750163e-05,1.0,0.0,3.1952454750163e-05,3.1952454750163e-05,2.0042236194992773,1.9671275927089866
2020-12-30,0.002457278126891703,1.0,0.0,0.002457278126891703,0.002457278126891703,2.009154610287578,1.9719673161533613
2020-12-31,-0.014220607189549749,1.0,0.0,-0.014220607189549749,-0.014220607189549749,1.9807854035444974,1.9441231929604008
2021-01-04,0.008210358918194898,0.0,0.0005,-0.0005,0.008210358918194898,1.9797952583996397,1.9601508485229402
2021-01-05,-0.01394920906919252,1.0,0.0005,-0.01444920906919252,-0.01394920906919252,1.951394461447243,1.932998114393462
2021-01-06,0.02390398465888784,0.0,0.0005,-0.0005,0.02390398465888784,1.950419008100178,1.9797611565053415
2021-01-07,0.012775997503708074,1.0,0.0005,0.012275997503708074,0.012775997503708074,1.9745099143864149,2.005216844751727
2021-01-08,-0.014555470486774837,0.0,0.0005,-0.0005,-0.014555470486774837,1.9735229062018305,1.9762413576367053
2021-01-11,-0.0015914953863695644,1.0,0.0005,-0.0020914953863695645,-0.0015914953863695644,1.9693996055837886,1.973098680075423
2021-01-12,0.006730611477534357,0.0,0.0005,-0.0005,0.006730611477534357,1.9684151519149236,1.9864236329352598
2021-01-13,-0.005361773025462388,1.0,0.0005,-0.005861773025462388,-0.005361773025462388,1.9569105008431762,1.9758013827781262
2021-01-14,-0.007952645672330727,1.0,0.0,-0.007952645672330727,-0.007952645672330727,1.9414096032859964,1.9601508485229409
2021-01-15,0.014484471799893239,0.0,0.0005,-0.0005,0.014484471799893239,1.940439141120113,1.9887492143306091
2021-01-19,0.02299454621082845,1.0,0.0005,0.02249454621082845,0.02299454621082845,1.9845830765431216,2.0350094280326827
2021-01-20,0.007967679393138392,1.0,0.0,0.007967679393138392,0.007967679393138392,2.000458760418239,2.0512884978001247
2021-01-21,-0.002884410849426464,1.0,0.0,-0.002884410849426464,-0.002884410849426464,1.9946969292048762,2.045380263984914
2021-01-22,0.008232262304071238,1.0,0.0,0.008232262304071238,0.008232262304071238,2.0111855738473725,2.0622878692646127
2021-01-25,0.0014618549885205613,0.0,0.0005,-0.0005,0.0014618549885205613,2.0101802324167513,2.0653048397234435
2021-01-26,-0.02827261552217471,1.0,0.0005,-0.02877261552217471,-0.02827261552217471,1.953166243512191,2.0077309868007536
2021-01-27,0.0058993538240218,0.0,0.0005,-0.0005,0.0058993538240218,1.9521899044955295,2.0196103079824
2021-01-28,-0.021262674346810048,0.0,0.0,-0.0,-0.021262674346810048,1.9521899044955295,1.977121307353865
2021-01-29,0.02468020648905085,0.0,0.0,0.0,0.02468020648905085,1.9521899044955295,2.0265241986172216
2021-02-01,0.016182478963235894,1.0,0.0005,0.015682478963235894,0.016182478963235894,1.9830464023928909,2.0595851665619107
2021-02-02,-0.003975175708299717,0.0,0.0005,-0.0005,-0.003975175708299717,1.9820551270311864,2.0514142049025765
2021-02-03,0.011757316150354732,1.0,0.0005,0.011257316150354732,0.011757316150354732,2.0044938109375714,2.0756756756756753
2021-02-04,0.0033857347941309247,1.0,0.0,0.0033857347941309247,0.0033857347941309247,2.0112919973118752,2.0827152734129477
2021-02-05,0.00667731900175306,1.0,0.0,0.00667731900175306,0.00667731900175306,2.024766973875227,2.096668761785041
2021-02-08,-0.0002098667353937527,1.0,0.0,-0.0002098667353937527,-0.0002098667353937527,2.024342087226833,2.0962287869264613
2021-02-09,-0.002281392638412293,1.0,0.0,-0.002281392638412293,-0.002281392638412293,2.019729032187127,2.0914519170333126
2021-02-10,0.005484556627913661,0.0,0.0005,-0.0005,0.005484556627913661,2.01871942009509,2.1029541169076054
2021-02-11,0.005573535731192325,0.0,0.0,0.0,0.005573535731192325,2.01871942009509,2.114707730986801
2021-02-12,-0.0027083752920725175,0.0,0.0,-0.0,-0.0027083752920725175,2.01871942009509,2.1089880578252673
2021-02-16,-0.004809784169010312,0.0,0.0,-0.0,-0.004809784169010312,2.01871942009509,2.0988686360779387
2021-02-17,-0.004381759711816011,1.0,0.0005,-0.004881759711816012,-0.004381759711816011,2.0088885324998955,2.089692017598995
2021-02-18,-0.0043708339490337285,0.0,0.0005,-0.0005,-0.0043708339490337285,2.0078843393028656,2.0805782526712764
2021-02-19,-0.026261724096994198,0.0,0.0,-0.0,-0.026261724096994198,2.0078843393028656,2.0266499057196734
2021-02-22,-0.0029817390708824745,0.0,0.0,-0.0,-0.0029817390708824745,2.0078843393028656,2.0206159648020114
2021-02-23,0.008209336542648703,0.0,0.0,0.0,0.008209336542648703,2.0078843393028656,2.037272155876807
2021-02-24,-0.035484757886493024,0.0,0.0,-0.0,-0.035484757886493024,2.0078843393028656,1.966247642991829
2021-02-25,0.004178834414212891,0.0,0.0,0.0,0.004178834414212891,2.0078843393028656,1.9744814582023884
2021-02-26,0.02963853594338448,0.0,0.0,0.0,0.02963853594338448,2.0078843393028656,2.033878064110622
2021-03-01,-0.016168828388042816,0.0,0.0,-0.0,-0.016168828388042816,2.0078843393028656,2.001257071024513
2021-03-02,-0.029449511731557607,0.0,0.0,-0.0,-0.029449511731557607,2.0078843393028656,1.9431803896920177
2021-03-03,-0.016502347555351262,0.0,0.0,-0.0,-0.016502347555351262,2.0078843393028656,1.9113764927718417
2021-03-04,0.014948546906083337,0.0,0.0,0.0,0.014948546906083337,2.0078843393028656,1.940163419233187
2021-03-05,-0.028722686935868304,0.0,0.0,-0.0,-0.028722686935868304,2.0078843393028656,1.8852294154619738
2021-03-08,0.038683281818360685,0.0,0.0,0.0,0.038683281818360685,2.0078843393028656,1.9595851665619106
2021-03-09,-0.002858750842764795,0.0,0.0,-0.0,-0.002858750842764795,2.0078843393028656,1.9539912005028286
2021-03-10,0.02277017540415294,0.0,0.0,0.0,0.02277017540415294,2.0078843393028656,1.99899434318039
2021-03-11,-0.008145269973954867,0.0,0.0,-0.0,-0.008145269973954867,2.0078843393028656,1.9827781269641738
2021-03-12,0.010626154315155074,0.0,0.0,0.0,0.010626154315155074,2.0078843393028656,2.003959773727216
2021-03-15,0.005473809823251982,1.0,0.0005,0.004973809823251981,0.005473809823251982,2.017896051690564,2.0149591451917037
2021-03-16,0.004109083107027532,1.0,0.0,0.004109083107027532,0.004109083107027532,2.0262048132734187,2.023255813953489
2021-03-17,-0.03110955358465,0.0,0.0005,-0.0005,-0.03110955358465,2.0251919641001765,1.961282212445004
2021-03-18,0.0035189901632644116,1.0,0.0005,0.0030189901632644116,0.0035189901632644116,2.031315237118242,1.9681961030798245
2021-03-19,0.0173174094195227,0.0,0.0005,-0.0005,0.0173174094195227,2.030299833371774,2.0025769956002524
2021-03-22,-0.0043722448274856164,1.0,0.0005,-0.004872244827485616,-0.0043722448274856164,2.0204317748302665,1.9938403519798877
2021-03-23,-0.01700910516227394,1.0,0.0,-0.01700910516227394,-0.01700910516227394,1.9863566534780757,1.960213702074168
2021-03-24,-0.0017329914478391893,1.0,0.0,-0.0017329914478391893,-0.0017329914478391893,1.9829172954350505,1.956819610307983
2021-03-25,0.014888770721611318,1.0,0.0,0.014888770721611318,0.014888770721611318,2.0126613733256544,1.986172218730359
2021-03-26,-0.00028485069268892343,1.0,0.0,-0.00028485069268892343,-0.00028485069268892343,2.0120881469851506,1.9856065367693283
2021-03-29,-0.005045787644018939,1.0,0.0,-0.005045787644018939,-0.005045787644018939,2.0019611483029105,1.9756128221244504
2021-03-30,0.015186968030459005,1.0,0.0,0.015186968030459005,0.015186968030459005,2.0325969116120763,2.0058453802639855
2021-03-31,0.01690268608692829,1.0,0.0,0.01690268608692829,0.01690268608692829,2.0672452593047708,2.0400377121307356
2021-04-01,0.019768192003263404,0.0,0.0005,-0.0005,0.019768192003263404,2.0662118950377137,2.0807668133249533
2021-04-05,-0.0006950005567801158,1.0,0.0005,-0.0011950005567801158,-0.0006950005567801158,2.0637442453877264,2.079321181646763
2021-04-06,0.002415314259151531,0.0,0.0005,-0.0005,0.002415314259151531,2.062712631190074,2.0843494657448147
2021-04-07,0.010379574212382154,1.0,0.0005,0.009879574212382154,0.010379574212382154,2.083192352594118,2.1060967944688875
2021-04-08,0.006039977302311998,1.0,0.0,0.006039977302311998,0.006039977302311998,2.095812862549251,2.1188560653676936
2021-04-09,-0.0013060644796407015,1.0,0.0,-0.0013060644796407015,-0.0013060644796407015,2.093077382558976,2.116090509113765
2021-04-12,0.01160554612030789,1.0,0.0,0.01160554612030789,0.01160554612030789,2.117510192472116,2.1407919547454433
2021-04-13,-0.012080901903346255,1.0,0.0,-0.012080901903346255,-0.012080901903346255,2.092082662562512,2.1150848522941548
2021-04-14,0.015041869165381671,0.0,0.0005,-0.0005,0.015041869165381671,2.091036882697984,2.1471401634192335
2021-04-15,0.0011702409105900607,0.0,0.0,0.0,0.0011702409105900607,2.091036882697984,2.149654305468259
2021-04-16,-0.009193913988171723,0.0,0.0,-0.0,-0.009193913988171723,2.091036882697984,2.1299811439346326
2021-04-19,-0.007315408240020385,0.0,0.0,-0.0,-0.007315408240020385,2.091036882697984,2.1144563167818986
2021-04-20,0.008524544739576688,0.0,0.0,0.0,0.008524544739576688,2.091036882697984,2.132558139534884
2021-04-21,-0.01212783030467,0.0,0.0,-0.0,-0.01212783030467,2.091036882697984,2.106851037083595
2021-04-22,0.012510909975191366,0.0,0.0,0.0,0.012510909975191366,2.091036882697984,2.133375235700817
2021-04-23,0.006490001489219565,1.0,0.0005,0.005990001489219564,0.006490001489219565,2.103599785078162,2.147265870521684
2021-04-26,-0.004341583281269299,1.0,0.0,-0.004341583281269299,-0.004341583281269299,2.094486628499654,2.1379635449402885
2021-04-27,-0.003386589410619481,1.0,0.0,-0.003386589410619481,-0.003386589410619481,2.0874054595366243,2.1307353865493392
2021-04-28,0.0035923598009865968,1.0,0.0,0.0035923598009865968,0.0035923598009865968,2.0949176561756646,2.1384035197988682
2021-04-29,-0.006576157934902984,1.0,0.0,-0.006576157934902984,-0.006576157934902984,2.0811863459256155,2.1243871778755494
2021-04-30,-0.005339832914267156,0.0,0.0005,-0.0005,-0.005339832914267156,2.0801460128575933,2.113073538654933
2021-05-03,-0.018159669412871823,1.0,0.0005,-0.018659669412871824,-0.018159669412871823,2.0416910699621753,2.0750471401634183
2021-05-04,-0.0033678749008255334,0.0,0.0005,-0.0005,-0.0033678749008255334,2.040670479596048,2.068070395977372
2021-05-05,0.00750904306488462,0.0,0.0,0.0,0.00750904306488462,2.040670479596048,2.0836580766813317
2021-05-06,0.008081641077839272,0.0,0.0,0.0,0.008081641077839272,2.040670479596048,2.10056568196103
2021-05-07,-0.02557870223919006,0.0,0.0,-0.0,-0.02557870223919006,2.040670479596048,2.0475172847265863
2021-05-10,-0.0013823400606920969,0.0,0.0,-0.0,-0.0013823400606920969,2.040670479596048,2.0446888749214325
2021-05-11,-0.026223863358230678,0.0,0.0,-0.0,-0.026223863358230678,2.040670479596048,1.99176618478944
2021-05-12,0.007701655408374812,0.0,0.0,0.0,0.007701655408374812,2.040670479596048,2.007165304839723
2021-05-13,0.021836619454164537,0.0,0.0,0.0,0.021836619454164537,2.040670479596048,2.051477058453802
2021-05-14,-0.006084837459010255,0.0,0.0,-0.0,-0.006084837459010255,2.040670479596048,2.0390320553111247
2021-05-17,-0.006773605843868769,0.0,0.0,-0.0,-0.006773605843868769,2.040670479596048,2.0252671275927088
2021-05-18,0.0011476250077039113,0.0,0.0,0.0,0.0011476250077039113,2.040670479596048,2.0275927089880574
2021-05-19,0.019158732825197068,0.0,0.0,0.0,0.019158732825197068,2.040670479596048,2.0668133249528595
2021-05-20,-0.0055501484263233624,1.0,0.0005,-0.006050148426323362,-0.0055501484263233624,2.0283613937505502,2.055373978629792
2021-05-21,0.016679183362210984,0.0,0.0005,-0.0005,0.016679183362210984,2.027347466556597,2.0899434318038965
2021-05-24,0.001382461000368488,1.0,0.0005,0.000882461000368488,0.001382461000368488,2.029137311247946,2.0928346951602763
2021-05-25,0.003477742974527666,1.0,0.0,0.003477742974527666,0.003477742974527666,2.036206414413539,2.1001257071024506
2021-05-26,-0.003748074131839679,0.0,0.0005,-0.0005,-0.003748074131839679,2.0351885656897184,2.092269013199245
2021-05-27,0.0031493254985583545,1.0,0.0005,0.0026493254985583544,0.0031493254985583545,2.0405875913814446,2.0988686360779383
2021-05-28,-0.003329586878045952,1.0,0.0,-0.003329586878045952,-0.003329586878045952,2.0338045762991417,2.091891891891892
2021-06-01,0.001951102991795995,1.0,0.0,0.001951102991795995,0.001951102991795995,2.037776612158148,2.095977372721559
2021-06-02,-0.010460251826468162,1.0,0.0,-0.010460251826468162,-0.010460251826468162,2.0165720514954537,2.07416719044626
2021-06-03,0.0168273201325253,1.0,0.0,0.0168273201325253,0.0168273201325253,2.0507926681268915,2.109365179132621
2021-06-04,0.0029753071636545734,0.0,0.0005,-0.0005,0.0029753071636545734,2.0497675280991925,2.115650534255186
2021-06-07,0.00047522871275754457,1.0,0.0005,-2.4771287242455445e-05,0.00047522871275754457,2.0497167533478544,2.116656191074796
2021-06-08,0.00023752969232825201,1.0,0.0,0.00023752969232825201,0.00023752969232825201,2.050203679765089,2.117159019484601
2021-06-09,0.010366459732169186,1.0,0.0,0.010366459732169186,0.010366459732169186,2.071567576321245,2.1392206159648026
2021-06-10,0.0026115421465336456,0.0,0.0005,-0.0005,0.0026115421465336456,2.070532051435879,2.1448145820238853
2021-06-11,0.009537075568124666,0.0,0.0,0.0,0.009537075568124666,2.070532051435879,2.165367693274671
2021-06-14,-0.0065524354593130075,1.0,0.0005,-0.007052435459313007,-0.0065524354593130075,2.0559811278112603,2.151225644248901
2021-06-15,-0.0036588797825768374,0.0,0.0005,-0.0005,-0.0036588797825768374,2.0549533942021685,2.1433689503456956
2021-06-16,0.012617636617555295,1.0,0.0005,0.012117636617555294,0.012617636617555295,2.0800060556688007,2.1705845380263993
2021-06-17,-0.007878291253658777,1.0,0.0,-0.007878291253658777,-0.007878291253658777,2.0636835433306344,2.1535512256442497
2021-06-18,0.005036474059128624,0.0,0.0005,-0.0005,0.005036474059128624,2.062651959476424,2.164424890006287
2021-06-21,0.009278461777933037,1.0,0.0005,0.008778461777933037,0.009278461777933037,2.0808385793472004,2.184600879949718
2021-06-22,0.0004889905319567756,0.0,0.0005,-0.0005,0.0004889905319567756,2.079798420119004,2.185669390320554
2021-06-23,0.006163745271424475,1.0,0.0005,0.0056637452714244745,0.006163745271424475,2.0916112895503987,2.1991829038340676
2021-06-24,-0.001229713460175908,0.0,0.0005,-0.0005,-0.001229713460175908,2.090565745313465,2.196480201131365
2021-06-25,0.012088262448238272,0.0,0.0,0.0,0.012088262448238272,2.090565745313465,2.223192960402264
2021-06-28,0.0036122517054466975,1.0,0.0005,0.0031122517054466975,0.0036122517054466975,2.097082247357002,2.2312382149591463
2021-06-29,-0.0015787548034030489,0.0,0.0005,-0.0005,-0.0015787548034030489,2.096033968324921,2.2277184160905104
2021-06-30,0.00039492243108482346,0.0,0.0,0.0,0.00039492243108482346,2.096033968324921,2.2285983658076693
2021-07-01,0.011413312154925042,0.0,0.0,0.0,0.011413312154925042,2.096033968324921,2.2541797611565064
2021-07-02,0.004312570155042753,1.0,0.0005,0.003812570155042753,0.004312570155042753,2.1040404979060074,2.2639220615964812
2021-07-06,0.0021077745829432924,1.0,0.0,0.0021077745829432924,0.0021077745829432924,2.1084800180992627,2.2686989314896304
2021-07-07,-0.0060579299363442635,1.0,0.0,-0.0060579299363442635,-0.0060579299363442635,2.095745604913347,2.25499685732244
2021-07-08,0.006224144131419101,0.0,0.0005,-0.0005,0.006224144131419101,2.094697994035435,2.269076052796984
2021-07-09,0.003898101503766811,1.0,0.0005,0.003398101503766811,0.003898101503766811,2.101828097986386,2.2779384035198
2021-07-12,0.0,1.0,0.0,0.0,0.0,2.101828097986386,2.2779384035198
2021-07-13,0.0017918928556496538,1.0,0.0,0.0017918928556496538,0.0017918928556496538,2.1055977251142792,2.2820238843494667
2021-07-14,-0.007048219451452386,0.0,0.0005,-0.0005,-0.007048219451452386,2.1045451894075766,2.2659962287869275
2021-07-15,-0.0081323903888498,0.0,0.0,-0.0,-0.0081323903888498,2.1045451894075766,2.2476429918290397
2021-07-16,-0.008227263613804086,0.0,0.0,-0.0,-0.008227263613804086,2.1045451894075766,2.2292269013199255
2021-07-19,0.011549479430646919,1.0,0.0005,0.011049479430646918,0.011549479430646919,2.127928265694259,2.2551225644248913
2021-07-20,0.0076907438140083025,1.0,0.0,0.0076907438140083025,0.0076907438140083025,2.1443567093408853,2.2725329981143947
2021-07-21,0.006588492634056672,0.0,0.0005,-0.0005,0.006588492634056672,2.143284798986135,2.2875549968573234
2021-07-22,0.011609773234710484,1.0,0.0005,0.011109773234710484,0.011609773234710484,2.1672289679446233,2.314267756128222
2021-07-23,0.000787305420135338,1.0,0.0,0.000787305420135338,0.000787305420135338,2.168935910912315,2.3160905091137662
2021-07-26,-0.011079085108937655,1.0,0.0,-0.011079085108937655,-0.011079085108937655,2.145038709364637,2.2905719673161546
2021-07-27,0.0038342555122185583,0.0,0.0005,-0.0005,0.0038342555122185583,2.1439664580951105,2.299371464487745
2021-07-28,0.0017752049560930741,1.0,0.0005,0.0012752049560930741,0.0017752049560930741,2.146702198692428,2.3034569453174116
2021-07-29,-0.005225372672094733,1.0,0.0,-0.005225372672094733,-0.005225372672094733,2.135514136043709,2.291451917033313
2021-07-30,8.228533817067499e-05,0.0,0.0005,-0.0005,8.228533817067499e-05,2.13444664587047,2.2916404776869905
2021-08-02,0.006043140579645751,1.0,0.0005,0.005543140579645752,0.006043140579645751,2.146311036301149,2.305531112507858
2021-08-03,0.0014438468761805681,0.0,0.0005,-0.0005,0.0014438468761805681,2.145238149027169,2.308862350722817
2021-08-04,0.006322866073766327,0.0,0.0,0.0,0.006322866073766327,2.145238149027169,2.3235072281583924
2021-08-05,-0.004391917269440143,0.0,0.0,-0.0,-0.004391917269440143,2.145238149027169,2.3133249528598383
2021-08-06,0.0018458703902841309,0.0,0.0,0.0,0.0018458703902841309,2.145238149027169,2.3175989943431823
2021-08-09,-0.005138883204255737,0.0,0.0,-0.0,-0.005138883204255737,2.145238149027169,2.3057196731615353
2021-08-10,-0.0017188463409254868,0.0,0.0,-0.0,-0.0017188463409254868,2.145238149027169,2.3017598994343196
2021-08-11,0.0035980086243709553,1.0,0.0005,0.0030980086243709553,0.0035980086243709553,2.1518944205838118,2.3100565681961047
2021-08-12,0.003503772172784234,1.0,0.0,0.003503772172784234,0.003503772172784234,2.159447392593044,2.318164676304213
2021-08-13,0.00043372188264625836,0.0,0.0005,-0.0005,0.00043372188264625836,2.1583679387826886,2.3191703331238234
2021-08-16,-0.00884708578445474,0.0,0.0,-0.0,-0.00884708578445474,2.1583679387826886,2.298742928975489
2021-08-17,-0.009671202121204325,1.0,0.0005,-0.010171202121204325,-0.009671202121204325,2.1365260098636853,2.276618478944062
2021-08-18,0.004819817364529783,1.0,0.0,0.004819817364529783,0.004819817364529783,2.1468485313767895,2.28761785040855
2021-08-19,0.010305001741887896,0.0,0.0005,-0.0005,0.010305001741887896,2.1457753754224473,2.311313639220618
2021-08-20,0.014845878364131624,0.0,0.0,0.0,0.014845878364131624,2.1457753754224473,2.3458830923947227
2021-08-23,0.0030497615933632012,1.0,0.0005,0.0025497615933632012,0.0030497615933632012,2.1512535721425405,2.353048397234446
2021-08-24,0.001147937176394563,1.0,0.0,0.001147937176394563,0.001147937176394563,2.1537244940540754,2.355751099937149
2021-08-25,-0.006370300710650763,1.0,0.0,-0.006370300710650763,-0.006370300710650763,2.1400482285902314,2.3407919547454457
2021-08-26,0.009673271056733873,0.0,0.0005,-0.0005,0.009673271056733873,2.1389784719373863,2.363544940289129
2021-08-27,0.011159708571089812,1.0,0.0005,0.010659708571089811,0.011159708571089812,2.161901317455835,2.390069138906351
2021-08-30,-0.0008155641656460647,1.0,0.0,-0.0008155641656460647,-0.0008155641656460647,2.160138867005061,2.3881206788183555
2021-08-31,0.0016567397580668738,0.0,0.0005,-0.0005,0.0016567397580668738,2.1590590675439194,2.3920804525455717
2021-09-01,-0.00047307420262558984,0.0,0.0,-0.0,-0.00047307420262558984,2.1590590675439194,2.39094908862351
2021-09-02,0.0030709894602675763,0.0,0.0,0.0,0.0030709894602675763,2.1590590675439194,2.3983029541169105
2021-09-03,0.0014142051382750387,1.0,0.0005,0.0009142051382750387,0.0014142051382750387,2.1610337929518297,2.4016970458830955
2021-09-07,-0.003486744740247531,1.0,0.0,-0.003486744740247531,-0.003486744740247531,2.153511940750563,2.393337523570084
2021-09-08,-0.0034462382019701393,1.0,0.0,-0.0034462382019701393,-0.0034462382019701393,2.1461031991087145,2.3851037083595252
2021-09-09,-0.007618479829333519,1.0,0.0,-0.007618479829333519,-0.007618479829333519,2.1298152785525883,2.3670018856065393
2021-09-10,-0.0006906444518269576,0.0,0.0005,-0.0005,-0.0006906444518269576,2.128750637095856,2.3653676932746728
2021-09-13,-0.002847298987171167,1.0,0.0005,-0.003347298987171167,-0.002847298987171167,2.121636984647206,2.3586423632935287
2021-09-14,0.007407342945050394,1.0,0.0,0.007407342945050394,0.007407342945050394,2.1374110271435174,2.3761785040854835
2021-09-15,0.0006875033323840259,1.0,0.0,0.0006875033323840259,0.0006875033323840259,2.1388810095983706,2.3778126964173505
2021-09-16,-0.011912816713777053,1.0,0.0,-0.011912816713777053,-0.011912816713777053,2.1135520811455124,2.3496543054682615
2021-09-17,-0.0219878234675504,1.0,0.0,-0.0219878234675504,-0.0219878234675504,2.067586860537982,2.298554368321813
2021-09-20,0.0012297603517432778,1.0,0.0,0.0012297603517432778,0.0012297603517432778,2.0701310609406134,2.3013827781269667
2021-09-21,0.009297082134913773,0.0,0.0005,-0.0005,0.009297082134913773,2.0690962541334033,2.3228786926461376
2021-09-22,0.00918463126130792,0.0,0.0,0.0,0.00918463126130792,2.0690962541334033,2.3443117536140825
2021-09-23,0.0009379481064417124,0.0,0.0,0.0,0.0009379481064417124,2.0690962541334033,2.34651162790698
2021-09-24,-0.008014242550443675,0.0,0.0,-0.0,-0.008014242550443675,2.0690962541334033,2.327781269641738
2021-09-27,-0.028705649336571663,1.0,0.0005,-0.029205649336571663,-0.028705649336571663,2.0095408645894377,2.2619107479572627
2021-09-28,-0.0016408263432440527,1.0,0.0,-0.0016408263432440527,-0.0016408263432440527,2.006246260676614,2.25820238843495
2021-09-29,-0.003680780464825134,1.0,0.0,-0.003680780464825134,-0.003680780464825134,1.9988752824309755,2.2499057196731647
2021-09-30,0.006182658177149255,1.0,0.0,0.006182658177149255,0.006182658177149255,2.011271927662277,2.2638592080452575
2021-10-01,-0.02121291663919265,1.0,0.0,-0.02121291663919265,-0.02121291663919265,1.9690563249827089,2.2163419233186707
2021-10-04,0.013408651597901122,1.0,0.0,0.013408651597901122,0.013408651597901122,1.995636519262437,2.2462602137020773
2021-10-05,0.006387302937156843,1.0,0.0,0.006387302937156843,0.006387302937156843,2.008424049703735,2.26065367693275
2021-10-06,0.009133241833824296,1.0,0.0,0.009133241833824296,0.009133241833824296,2.0268514953178323,2.2813953488372127
2021-10-07,-0.004999112782217772,1.0,0.0,-0.004999112782217772,-0.004999112782217772,2.0167443206022213,2.270018856065371
2021-10-08,-0.007699294513479498,1.0,0.0,-0.007699294513479498,-0.007699294513479498,2.0012764344352365,2.252608422375867
2021-10-11,-0.003493917156820374,1.0,0.0,-0.003493917156820374,-0.003493917156820374,1.9942963413995938,2.244751728472662
2021-10-12,0.007976169681177127,1.0,0.0,0.007976169681177127,0.007976169681177127,2.010266794265145,2.262727844123196
2021-10-13,0.018249133667863255,1.0,0.0,0.018249133667863255,0.018249133667863255,2.0472892077261946,2.3043997485857988
2021-10-14,0.00628086407541458,1.0,0.0,0.00628086407541458,0.00628086407541458,2.060188419656063,2.3189189189189228
2021-10-15,0.010005612134269403,0.0,0.0005,-0.0005,0.010005612134269403,2.059158582926872,2.3422375864236367
2021-10-18,0.007538933209466775,0.0,0.0,0.0,0.007538933209466775,2.059158582926872,2.3599622878692688
2021-10-19,-0.0013058833223649194,1.0,0.0005,-0.0018058833223649194,-0.0013058833223649194,2.0554433384425708,2.356882463859212
2021-10-20,0.006088420269777251,1.0,0.0,0.006088420269777251,0.006088420269777251,2.0679959152334217,2.371275927089884
2021-10-21,-0.008437970130481507,1.0,0.0,-0.008437970130481507,-0.008437970130481507,2.0506196408111514,2.3513513513513553
2021-10-22,0.010185851931408342,1.0,0.0,0.010185851931408342,0.010185851931408342,2.071613688456986,2.375424261470777
2021-10-25,0.0031437843738238436,1.0,0.0,0.0031437843738238436,0.0031437843738238436,2.0781366432085635,2.382903834066628
2021-10-26,0.002318475061098662,1.0,0.0,0.002318475061098662,0.002318475061098662,2.0829603408399824,2.3884349465744847
2021-10-27,0.011044052479865151,1.0,0.0,0.011044052479865151,0.011044052479865151,2.1060921635724683,2.4149591451917067
2021-10-28,0.004906997760394209,0.0,0.0005,-0.0005,0.004906997760394209,2.1050393807083316,2.4268384663733538
2021-10-29,0.003412884353118211,0.0,0.0,0.0,0.003412884353118211,2.1050393807083316,2.435135135135139
2021-11-01,0.0041726827491301915,1.0,0.0005,0.0036726827491301915,0.0041726827491301915,2.1127847369400428,2.4453174104336934
2021-11-02,0.010559652216521309,1.0,0.0,0.010559652216521309,0.010559652216521309,2.135213219046616,2.4712759270898843
2021-11-03,0.01273709410642825,0.0,0.0005,-0.0005,0.01273709410642825,2.1341458792942674,2.5029541169076093
2021-11-04,0.0009537913928057214,0.0,0.0,0.0,0.0009537913928057214,2.1341458792942674,2.505342551854184
2021-11-05,-0.0013556600876199409,0.0,0.0,-0.0,-0.0013556600876199409,2.1341458792942674,2.501948460087999
2021-11-08,-0.006907184183091345,1.0,0.0005,-0.007407184183091345,-0.006907184183091345,2.1183962698320675,2.4847265870521724
2021-11-09,-0.014806024585800263,0.0,0.0005,-0.0005,-0.014806024585800263,2.1173373364525574,2.448208673790073
2021-11-10,0.002768877554163168,0.0,0.0,0.0,0.002768877554163168,2.1173373364525574,2.4549968573224423
2021-11-11,0.010467566192455393,0.0,0.0,0.0,0.010467566192455393,2.1173373364525574,2.4808296668761827
2021-11-12,-0.00022804728279137606,0.0,0.0,-0.0,-0.00022804728279137606,2.1173373364525574,2.480263984915152
2021-11-15,0.007095720591660171,0.0,0.0,0.0,0.007095720591660171,2.1173373364525574,2.4979258328095577
2021-11-16,0.0005282686746333988,0.0,0.0,0.0,0.0005282686746333988,2.1173373364525574,2.499245757385296
2021-11-17,0.010308079965318295,0.0,0.0,0.0,0.010308079965318295,2.1173373364525574,2.525141420490262
2021-11-18,0.005560120561933046,0.0,0.0,0.0,0.005560120561933046,2.1173373364525574,2.539220615964806
2021-11-19,-0.011677111110379373,0.0,0.0,-0.0,-0.011677111110379373,2.1173373364525574,2.509742300439979
2021-11-22,-0.004568395706012971,0.0,0.0,-0.0,-0.004568395706012971,2.1173373364525574,2.4983029541169115
2021-11-23,0.0032151137913405585,0.0,0.0,0.0,0.0032151137913405585,2.1173373364525574,2.506348208673794
2021-11-24,-0.019140793993840992,0.0,0.0,-0.0,-0.019140793993840992,2.1173373364525574,2.4588309239472066
2021-11-26,0.021470308479568136,1.0,0.0005,0.020970308479568135,0.021470308479568136,2.162207378563167,2.512193588937779
2021-11-29,-0.014795294523206165,1.0,0.0,-0.014795294523206165,-0.014795294523206165,2.130452375155111,2.475298554368326
2021-11-30,-0.017159229631960916,0.0,0.0005,-0.0005,-0.017159229631960916,2.1293874152297017,2.433186675047144
2021-12-01,0.007181220776543654,1.0,0.0005,0.006681220776543654,0.007181220776543654,2.143661955246597,2.4507228158390992
2021-12-02,-0.017541586085326414,1.0,0.0,-0.017541586085326414,-0.017541586085326414,2.1063866146383234,2.408108108108112
2021-12-03,0.007981012818133649,1.0,0.0,0.007981012818133649,0.007981012818133649,2.1232649768311553,2.427404148334385
2021-12-06,0.029669408363203285,0.0,0.0005,-0.0005,0.029669408363203285,2.122203609706633,2.5005028284098096
2021-12-07,0.004464293128685528,1.0,0.0005,0.003964293128685528,0.004464293128685528,2.130633344824894,2.5116907605279746
2021-12-08,-0.01482367628729479,0.0,0.0005,-0.0005,-0.01482367628729479,2.1295682944372674,2.4747328724072957
2021-12-09,0.010811735397927026,0.0,0.0,0.0,0.010811735397927026,2.1295682944372674,2.501634192331871
2021-12-10,-0.014552245363570197,0.0,0.0,-0.0,-0.014552245363570197,2.1295682944372674,2.4654934003771256
2021-12-13,-0.010404214498454975,1.0,0.0005,-0.010904214498454976,-0.010404214498454975,2.106473170893483,2.439974858579514
2021-12-14,0.02254154660631013,0.0,0.0005,-0.0005,0.02254154660631013,2.105420197573303,2.4956002514142095
2021-12-15,-0.026051046492457604,1.0,0.0005,-0.026551046492457604,-0.026051046492457604,2.0502546798772694,2.4314267756128265
2021-12-16,-0.005001630122329328,0.0,0.0005,-0.0005,-0.005001630122329328,2.0492298087764573,2.419296040226277
2021-12-17,-0.0110241450851296,0.0,0.0,-0.0,-0.0110241450851296,2.0492298087764573,2.392771841609055
2021-12-20,0.022133648071197855,1.0,0.0005,0.021633648071197855,0.022133648071197855,2.094045136956383,2.446323067253304
2021-12-21,0.01210495397919556,0.0,0.0005,-0.0005,0.01210495397919556,2.092998376099927,2.476115650534259
2021-12-22,0.007510751354343647,0.0,0.0,0.0,0.007510751354343647,2.092998376099927,2.4947831552482755
2021-12-23,0.01639217114059394,1.0,0.0005,0.01589217114059394,0.01639217114059394,2.126526375186904,2.5360150848522984
2021-12-27,-0.004645451720718656,1.0,0.0,-0.004645451720718656,-0.004645451720718656,2.1166706095439984,2.524261470773103
2021-12-28,-0.00014940983144479713,1.0,0.0,-0.00014940983144479713,-0.00014940983144479713,2.11635438176936,2.523884349465749
2021-12-29,-0.002992894115828358,1.0,0.0,-0.002992894115828358,-0.002992894115828358,2.110029826276586,2.5163419233186715
2021-12-30,-0.006264114695098959,1.0,0.0,-0.006264114695098959,-0.006264114695098959,2.096853668999975,2.5006285355122606
2021-12-31,0.009580701902906243,1.0,0.0,0.009580701902906243,0.009580701902906243,2.117039541947744,2.5247014456316825
2022-01-03,-0.013055375556939287,1.0,0.0,-0.013055375556939287,-0.013055375556939287,2.089580430183285,2.491954745443122
2022-01-04,-0.03120290027477018,1.0,0.0,-0.03120290027477018,-0.03120290027477018,2.0253861919316334,2.4153991200502873
2022-01-05,-0.000702841329970304,0.0,0.0005,-0.0005,-0.000702841329970304,2.0243737519667517,2.4137020741671944
2022-01-06,-0.010891870780680239,0.0,0.0,-0.0,-0.010891870780680239,2.0243737519667517,2.3875549968573266
2022-01-07,0.0006579207311287267,1.0,0.0005,0.00015792073112872666,0.0006579207311287267,2.0246934677939543,2.3891263356379677
2022-01-10,0.014910254944524382,1.0,0.0,0.014910254944524382,0.014910254944524382,2.0551083469107976,2.4250157133878103
2022-01-11,0.003957737618168435,0.0,0.0005,-0.0005,0.003957737618168435,2.0540810495830764,2.4346323067253346
2022-01-12,-0.025334357124479623,1.0,0.0005,-0.025834357124479623,-0.025334357124479623,2.0016947825295563,2.373727215587685
2022-01-13,0.006203248210218904,1.0,0.0,0.006203248210218904,0.006203248210218904,2.014150384761576,2.3884978001257116
2022-01-14,-0.02520917976628285,1.0,0.0,-0.02520917976628285,-0.02520917976628285,1.9640099604573615,2.329038340666252
2022-01-18,-0.011044438818881175,1.0,0.0,-0.011044438818881175,-0.011044438818881175,1.9424379174427577,2.3034569453174147
2022-01-19,-0.013073517706207282,1.0,0.0,-0.013073517706207282,-0.013073517706207282,1.9172086976025824,2.273538654934008
2022-01-20,-0.028120326120432915,1.0,0.0,-0.028120326120432915,-0.028120326120432915,1.8640471272250694,2.2104965430546866
2022-01-21,0.0045674486132530655,1.0,0.0,0.0045674486132530655,0.0045674486132530655,1.8725805398180702,2.2206159648020156
2022-01-24,-0.023454347572885458,1.0,0.0,-0.023454347572885458,-0.023454347572885458,1.8291714409754154,2.169138906348213
2022-01-25,-0.0015659439460275102,1.0,0.0,-0.0015659439460275102,-0.0015659439460275102,1.8263093025901853,2.165744814582028
2022-01-26,-0.010121573421586413,1.0,0.0,-0.010121573421586413,-0.010121573421586413,1.8079174133369484,2.14393463230673
2022-01-27,0.03088714287885771,1.0,0.0,0.03088714287885771,0.03088714287885771,1.8646301554146538,2.2111879321181696
2022-01-28,0.03147773352279796,0.0,0.0005,-0.0005,0.03147773352279796,1.8636980733768744,2.2818981772470193
2022-01-31,0.006780431428760173,0.0,0.0,0.0,0.006780431428760173,1.8636980733768744,2.297423004399753
2022-02-01,0.008092576964096702,0.0,0.0,0.0,0.008092576964096702,1.8636980733768744,2.31609050911377
2022-02-02,-0.04138865616886282,0.0,0.0,-0.0,-0.04138865616886282,1.8636980733768744,2.222187303582657
2022-02-03,0.012536000921226295,1.0,0.0005,0.012036000921226295,0.012536000921226295,1.8862650809360757,2.2502199874292943
2022-02-04,-0.008076999346785725,0.0,0.0005,-0.0005,-0.008076999346785725,1.8853221841394505,2.232118164676309
2022-02-07,0.011172674848986167,1.0,0.0005,0.010672674848986166,0.011172674848986167,1.9055513725531061,2.2571967316153407
2022-02-08,0.020969288001764962,1.0,0.0,0.020969288001764962,0.020969288001764962,1.9459313178224569,2.3050282840980563
2022-02-09,-0.022892499520621317,1.0,0.0,-0.022892499520621317,-0.022892499520621317,1.9018901160175148,2.2528598365807717
2022-02-10,-0.032235707292462557,1.0,0.0,-0.032235707292462557,-0.032235707292462557,1.8415589757136361,2.181395348837214
2022-02-11,0.0012382119500065284,1.0,0.0,0.0012382119500065284,0.0012382119500065284,1.8438406283372655,2.1840980515399164
2022-02-14,0.02455994512118791,0.0,0.0005,-0.0005,0.02455994512118791,1.842918938464767,2.238403519798873
2022-02-15,-0.0002527486428214364,1.0,0.0005,-0.0007527486428214364,-0.0002527486428214364,1.8415322057310797,2.2378378378378425
2022-02-16,-0.030195169155926956,1.0,0.0,-0.030195169155926956,-0.030195169155926956,1.786757949864626,2.171275927089885
2022-02-17,-0.011470953775818702,1.0,0.0,-0.011470953775818702,-0.011470953775818702,1.7663792371060019,2.146511627906981
2022-02-18,-0.010094407291238665,0.0,0.0005,-0.0005,-0.010094407291238665,1.7654962682480588,2.124952859836585
2022-02-22,-0.02594902151321671,1.0,0.0005,-0.026449021513216712,-0.02594902151321671,1.719412738057679,2.0705216844751773
2022-02-23,0.033052224228148075,1.0,0.0,0.033052224228148075,0.033052224228148075,1.7771927726952188,2.140100565681965
2022-02-24,0.015388057553135763,1.0,0.0,0.015388057553135763,0.015388057553135763,1.804751813606349,2.1732872407291053
2022-02-25,0.0029744307705730374,1.0,0.0,0.0029744307705730374,0.0029744307705730374,1.810127914390149,2.1797611565053465
2022-02-28,-0.015429848901151805,1.0,0.0,-0.015429848901151805,-0.015429848901151805,1.7824122880192963,2.1463859208045295
2022-03-01,0.016640188808567595,1.0,0.0,0.016640188808567595,0.016640188808567595,1.8123201108262619,2.182401005656824
2022-03-02,-0.014387902664496842,0.0,0.0005,-0.0005,-0.014387902664496842,1.8114141772731107,2.151225644248904
2022-03-03,-0.014597940081701045,1.0,0.0005,-0.015097940081701046,-0.014597940081701045,1.7842709733952145,2.120050282840985
2022-03-04,-0.037578421776354856,1.0,0.0,-0.037578421776354856,-0.037578421776354856,1.7184650709077063,2.041860465116283
2022-03-07,-0.00465899239864788,1.0,0.0,-0.00465899239864788,-0.00465899239864788,1.7104773769562485,2.032369578881211
2022-03-08,0.03536535274065357,0.0,0.0005,-0.0005,0.03536535274065357,1.7096223520418121,2.105531112507861
2022-03-09,-0.011166927796972334,1.0,0.0005,-0.011666927796972334,-0.011166927796972334,1.6897922148247342,2.082149591451921
2022-03-10,-0.020956430595025388,1.0,0.0,-0.020956430595025388,-0.020956430595025388,1.6547486777829075,2.038969201759903
2022-03-11,-0.01939149110907907,1.0,0.0,-0.01939149110907907,-0.01939149110907907,1.6229697497231435,1.9998114393463269
2022-03-14,0.03088498978755294,1.0,0.0,0.03088498978755294,0.03088498978755294,1.6738772460371798,2.0625392834695195
2022-03-15,0.03641553053219528,1.0,0.0,0.03641553053219528,0.03641553053219528,1.735955826211711,2.1390320553111284
2022-03-16,0.012033558376037312,1.0,0.0,0.012033558376037312,0.012033558376037312,1.7569717465337378,2.164927718416094
2022-03-17,0.0202613515159267,1.0,0.0,0.0202613515159267,0.0202613515159267,1.7929334548517697,2.2092394720301733
2022-03-18,-0.004019561550329473,1.0,0.0,-0.004019561550329473,-0.004019561550329473,1.7857411131881633,2.2003771213073575
2022-03-21,0.01946203089066068,0.0,0.0005,-0.0005,0.01946203089066068,1.78484846581201,2.2436203645506008
2022-03-22,-0.014475626291688824,0.0,0.0,-0.0,-0.014475626291688824,1.78484846581201,2.211376492771845
2022-03-23,0.02198323192083158,0.0,0.0,0.0,0.02198323192083158,1.78484846581201,2.260527969830299
2022-03-24,-0.0008344923989134286,0.0,0.0,-0.0,-0.0008344923989134286,1.78484846581201,2.25864236329353
2022-03-25,0.015353903920876308,1.0,0.0005,0.014853903920876307,0.015353903920876308,1.811558315104203,2.2935889377749885
2022-03-28,0.017063313058666225,0.0,0.0005,-0.0005,0.017063313058666225,1.8106527623537043,2.333060967944693
2022-03-29,-0.011107011296150035,0.0,0.0,-0.0,-0.011107011296150035,1.8106527623537043,2.307291011942179
2022-03-30,-0.01247223656307097,0.0,0.0,-0.0,-0.01247223656307097,1.8106527623537043,2.278692646134511
2022-03-31,-0.001905051722636288,1.0,0.0005,-0.002405051722636288,-0.001905051722636288,1.8063032812685464,2.2743557510999417
2022-04-01,0.020379560546380817,1.0,0.0,0.020379560546380817,0.020379560546380817,1.843492612332387,2.3211816467630464
2022-04-04,-0.02245439357510547,0.0,0.0005,-0.0005,-0.02245439357510547,1.8425710964243962,2.269641734758018
2022-04-05,-0.021950598556114715,1.0,0.0005,-0.022450598556114715,-0.021950598556114715,1.8016651718080725,2.220364550597113
2022-04-06,0.0023750293905606523,1.0,0.0,0.0023750293905606523,0.0023750293905606523,1.805949264952835,2.225644248900067
2022-04-07,-0.01407772982581385,0.0,0.0005,-0.0005,-0.01407772982581385,1.8050465160263975,2.194531741043373
2022-04-08,-0.02394178469401687,0.0,0.0,-0.0,-0.02394178469401687,1.8050465160263975,2.1426147077309903
2022-04-11,-0.004233183850371376,1.0,0.0005,-0.004733183850371376,-0.004233183850371376,1.7965230863998491,2.1335637963544976
2022-04-12,0.020123163720958067,1.0,0.0,0.020123163720958067,0.020123163720958067,1.833041010383231,2.176932746700192
2022-04-13,-0.023132548183675414,0.0,0.0005,-0.0005,-0.023132548183675414,1.8321247189699823,2.127152734129482
2022-04-14,0.0007679584498409085,1.0,0.0005,0.00026795844984090844,0.0007679584498409085,1.832615718050331,2.128786926461349
2022-04-18,0.02210470321615053,0.0,0.0005,-0.0005,0.02210470321615053,1.8316996392300962,2.1763670647391615
2022-04-19,-0.014691814439322664,0.0,0.0,-0.0,-0.014691814439322664,1.8316996392300962,2.144626021370211
2022-04-20,-0.02090812955452826,0.0,0.0,-0.0,-0.02090812955452826,1.8316996392300962,2.100251414204906
2022-04-21,-0.026534799172141667,1.0,0.0005,-0.027034799172141667,-0.026534799172141667,1.7828433923870644,2.0452545568824676
2022-04-22,0.012763921797646608,1.0,0.0,0.012763921797646608,0.012763921797646608,1.8057453142683733,2.0715273412947868
2022-04-25,-0.03847579982116258,0.0,0.0005,-0.0005,-0.03847579982116258,1.8048426672917885,1.9933375235700854
2022-04-26,-0.0011989274192097225,0.0,0.0,-0.0,-0.0011989274192097225,1.8048426672917885,1.990949088623511
2022-04-27,0.03489970638206632,1.0,0.0005,0.03439970638206632,0.03489970638206632,1.8680089470425678,2.061659333752361
2022-04-28,-0.046042501948100376,0.0,0.0005,-0.0005,-0.046042501948100376,1.8670751760312532,1.96888749214331
2022-04-29,0.016558084915884216,1.0,0.0005,0.016058084915884216,0.016558084915884216,1.8972988454182877,2.001759899434322
2022-05-02,0.0010670015134387608,1.0,0.0,0.0010670015134387608,0.0010670015134387608,1.8993243465720249,2.0038969201759937
2022-05-03,0.03325311782981621,0.0,0.0005,-0.0005,0.03325311782981621,1.898374921774718,2.0716530483972386
2022-05-04,-0.05167660749516354,1.0,0.0005,-0.05217660749516354,-0.05167660749516354,1.8018638625660506,1.9673161533626689
2022-05-05,-0.012053179267555897,0.0,0.0005,-0.0005,-0.012053179267555897,1.8009631558302164,1.9437460716530524
2022-05-06,-0.03991294945992777,0.0,0.0,-0.0,-0.03991294945992777,1.8009631558302164,1.8676932746700226
2022-05-09,0.012075542697156534,0.0,0.0,0.0,0.012075542697156534,1.8009631558302164,1.89038340666248
2022-05-10,-0.030106897623859652,0.0,0.0,-0.0,-0.030106897623859652,1.8009631558302164,1.834318038969205
2022-05-11,-0.002367108602837626,0.0,0.0,-0.0,-0.002367108602837626,1.8009631558302164,1.8299811439346356
2022-05-12,0.0363897238564612,0.0,0.0,0.0,0.0363897238564612,1.8009631558302164,1.8978001257071062
2022-05-13,-0.011659414536276379,0.0,0.0,-0.0,-0.011659414536276379,1.8009631558302164,1.8758013827781308
2022-05-16,0.02557159564076724,1.0,0.0005,0.02507159564076724,0.02557159564076724,1.8466869651837963,1.924387177875554
2022-05-17,-0.050336252107566065,0.0,0.0005,-0.0005,-0.050336252107566065,1.8457638524986073,1.8299182903834104
2022-05-18,-0.005372653783239172,1.0,0.0005,-0.005872653783239172,-0.005372653783239172,1.8349560866224035,1.8201131363922098
2022-05-19,-0.0031127891492030257,0.0,0.0005,-0.0005,-0.0031127891492030257,1.8340388379103796,1.8144563167819021
2022-05-20,0.016490685641720963,1.0,0.0005,0.015990685641720962,0.016490685641720963,1.8636021150109665,1.8446260213702113
2022-05-23,-0.021491390603676712,1.0,0.0,-0.021491390603676712,-0.021491390603676712,1.8239780275172075,1.8054054054054094
2022-05-24,0.01389823581231738,1.0,0.0,0.01389823581231738,0.01389823581231738,1.849505083883379,1.8306725329981182
2022-05-25,0.02733030466019048,1.0,0.0,0.02733030466019048,0.02733030466019048,1.9007496970363655,1.8813953488372133
2022-05-26,0.032118205423446,1.0,0.0,0.032118205423446,0.032118205423446,1.9627893340257934,1.942803268384668
2022-05-27,-0.0026563882282782435,0.0,0.0005,-0.0005,-0.0026563882282782435,1.961808184666561,1.937649277184165
2022-05-31,-0.007423358957411713,0.0,0.0,-0.0,-0.007423358957411713,1.961808184666561,1.923318667504718
2022-06-01,0.027017343347711154,1.0,0.0005,0.026517343347711154,0.027017343347711154,2.014526005059593,1.975989943431808
2022-06-02,-0.026363962076508523,0.0,0.0005,-0.0005,-0.026363962076508523,2.01351899383085,1.9245757385292308
2022-06-03,0.003325620097416226,1.0,0.0005,0.002825620097416226,0.003325620097416226,2.0192164792401988,1.9309868007542468
2022-06-06,0.00858875136565226,0.0,0.0005,-0.0005,0.00858875136565226,2.0182071233605767,1.9476429918290425
2022-06-07,-0.007222586497798825,1.0,0.0005,-0.007722586497798825,-0.007222586497798825,2.0026813709237876,1.9336266499057235
2022-06-08,-0.02714979620332508,0.0,0.0005,-0.0005,-0.02714979620332508,2.0016802805317795,1.8818353236957928
2022-06-09,-0.03590757040254708,1.0,0.0005,-0.03640757040254708,-0.03590757040254708,1.9301146353417094,1.8154619736015123
2022-06-10,-0.04761200512702361,0.0,0.0005,-0.0005,-0.04761200512702361,1.9291498192481624,1.7310496543054723
2022-06-13,0.0018138291267588151,1.0,0.0005,0.0013138291267588151,0.0018138291267588151,1.9316860581980477,1.7341923318667545
2022-06-14,0.024665208439701634,1.0,0.0,0.024665208439701634,0.024665208439701634,1.9799239507752813,1.7774984286612234
2022-06-15,-0.04118303328426667,1.0,0.0,-0.04118303328426667,-0.04118303328426667,1.9000408804841002,1.705782526712763
2022-06-16,0.012086288351351056,1.0,0.0,0.012086288351351056,0.012086288351351056,1.9231446606734866,1.7265241986172257
2022-06-17,0.022996137234494875,0.0,0.0005,-0.0005,0.022996137234494875,1.922183328696172,1.7666876178504125
2022-06-21,-0.0014597243357441802,0.0,0.0,-0.0,-0.0014597243357441802,1.922183328696172,1.7641106222501612
2022-06-22,0.01478312393815192,0.0,0.0,0.0,0.01478312393815192,1.922183328696172,1.7903834066624809
2022-06-23,0.03368972185732614,0.0,0.0,0.0,0.03368972185732614,1.922183328696172,1.8517284726587095
2022-06-24,-0.007358735894696129,0.0,0.0,-0.0,-0.007358735894696129,1.922183328696172,1.83815210559397
2022-06-27,-0.030940505199549186,0.0,0.0,-0.0,-0.030940505199549186,1.922183328696172,1.7821495914519212
2022-06-28,0.0009165580364567448,1.0,0.0005,0.0004165580364567448,0.0009165580364567448,1.9229841964016425,1.7837837837837878
2022-06-29,-0.012480661223609255,1.0,0.0,-0.012480661223609255,-0.012480661223609255,1.8991332296245678,1.761659333752361
2022-06-30,0.006578854118996009,1.0,0.0,0.006578854118996009,0.006578854118996009,1.9116685388682009,1.7732872407291054
2022-07-01,0.016974875602698072,1.0,0.0,0.016974875602698072,0.016974875602698072,1.9443958597583346,1.8036455059710916
2022-07-05,0.006391573794644139,0.0,0.0005,-0.0005,0.006391573794644139,1.9434239048374349,1.8152105593966104
2022-07-06,0.02117315041268504,1.0,0.0005,0.02067315041268504,0.02117315041268504,1.9840187655961852,1.8540540540540584
2022-07-07,0.00125353632188799,1.0,0.0,0.00125353632188799,0.00125353632188799,1.9865073646309352,1.8563796354494073
2022-07-08,-0.021596006913859437,0.0,0.0005,-0.0005,-0.021596006913859437,1.98551435922066,1.8167190446260257
2022-07-11,-0.009734467078975748,1.0,0.0005,-0.010234467078975748,-0.009734467078975748,1.9652973097083277,1.7991200502828455
2022-07-12,-0.002063334589937646,0.0,0.0005,-0.0005,-0.002063334589937646,1.9643149066746988,1.795411690760532
2022-07-13,0.0035644432483454037,0.0,0.0,0.0,0.0035644432483454037,1.9643149066746988,1.8018227529855477
2022-07-14,0.017976769236629022,0.0,0.0,0.0,0.017976769236629022,1.9643149066746988,1.8345065996228829
2022-07-15,-0.008498683458062593,0.0,0.0,-0.0,-0.008498683458062593,1.9643149066746988,1.8189817724701485
2022-07-18,0.030289877323319357,0.0,0.0,0.0,0.030289877323319357,1.9643149066746988,1.874921433060972
2022-07-19,0.015732118988499636,1.0,0.0005,0.015232118988499636,0.015732118988499636,1.9944646241701072,1.9046511627907017
2022-07-20,0.01425295666996347,0.0,0.0005,-0.0005,0.01425295666996347,1.9934676411245542,1.9319924575738572
2022-07-21,-0.01769086293531134,0.0,0.0,-0.0,-0.01769086293531134,1.9934676411245542,1.8981143934632352
2022-07-22,-0.0057118343448174696,1.0,0.0005,-0.006211834344817469,-0.0057118343448174696,1.9811229317064036,1.887303582652424
2022-07-25,-0.019844590410608223,1.0,0.0,-0.019844590410608223,-0.019844590410608223,1.942195881727825,1.850219987429294
2022-07-26,0.04139118399760214,1.0,0.0,0.04139118399760214,0.04139118399760214,2.0242725769368954,1.9284098051539953
2022-07-27,0.009730542865391174,1.0,0.0,0.009730542865391174,0.009730542865391174,2.044065992180241,1.9472658705216885
2022-07-28,0.018072684707905514,0.0,0.0005,-0.0005,0.018072684707905514,2.0430442146498202,1.9827781269641773
2022-07-29,-0.0006024765137131421,0.0,0.0,-0.0,-0.0006024765137131421,2.0430442146498202,1.98158390949089
2022-08-01,-0.0029860250903653,1.0,0.0005,-0.0034860250903653,-0.0029860250903653,2.0359345107598763,1.9756756756756795
2022-08-02,0.026868318489067042,1.0,0.0,0.026868318489067042,0.026868318489067042,2.0913781509218228,2.0294783155248313
2022-08-03,0.004665614296941257,0.0,0.0005,-0.0005,0.004665614296941257,2.0903327232250657,2.0389692017599033
2022-08-04,-0.008202475765021705,0.0,0.0,-0.0,-0.008202475765021705,2.0903327232250657,2.0223130106851075
2022-08-05,-0.0032375584734339984,1.0,0.0005,-0.0037375584734339984,-0.0032375584734339984,2.0825345645580087,2.0157762413576408
2022-08-08,-0.011383180033846887,1.0,0.0,-0.011383180033846887,-0.011383180033846887,2.05896311225111,1.9929604022627319
2022-08-09,0.0275285264148894,0.0,0.0005,-0.0005,0.0275285264148894,2.057933888022484,2.0485857950974276
2022-08-10,-0.005692235489409328,0.0,0.0,-0.0,-0.005692235489409328,2.057933888022484,2.0369578881206833
2022-08-11,0.019283375950527284,0.0,0.0,0.0,0.019283375950527284,2.057933888022484,2.076618478944065
2022-08-12,0.00804887908516273,0.0,0.0,0.0,0.00804887908516273,2.057933888022484,2.0934003771213123
2022-08-15,-0.0023446669592542455,0.0,0.0,-0.0,-0.0023446669592542455,2.057933888022484,2.0884978001257117
2022-08-16,-0.011471590909858762,1.0,0.0005,-0.011971590909858762,-0.011471590909858762,2.033444029169145,2.0646763042111926
2022-08-17,0.002402056584672822,0.0,0.0005,-0.0005,0.002402056584672822,2.0324275612927063,2.0696417347580187
2022-08-18,-0.019689659916301387,0.0,0.0,-0.0,-0.019689659916301387,2.0324275612927063,2.0292897548711553
2022-08-19,-0.026679966731409113,0.0,0.0,-0.0,-0.026679966731409113,2.0324275612927063,1.9758642363293575
2022-08-22,-0.0008274194533733203,0.0,0.0,-0.0,-0.0008274194533733203,2.0324275612927063,1.9742300439974907
2022-08-23,0.0028929778088834456,0.0,0.0,0.0,0.0028929778088834456,2.0324275612927063,1.979949717159024
2022-08-24,0.01752747084425043,0.0,0.0,0.0,0.01752747084425043,2.0324275612927063,2.0149591451917077
2022-08-25,-0.041851908941146446,0.0,0.0,-0.0,-0.041851908941146446,2.0324275612927063,1.9323695788812112
2022-08-26,-0.009904469297487157,0.0,0.0,-0.0,-0.009904469297487157,2.0324275612927063,1.9133249528598413
2022-08-29,-0.011198769234884798,1.0,0.0005,-0.011698769234884799,-0.011198769234884798,2.008789199732282,1.8920175989943473
2022-08-30,-0.00583053176836538,0.0,0.0005,-0.0005,-0.00583053176836538,2.0077850561892214,1.8810182275298597
2022-08-31,0.000434296029676882,1.0,0.0005,-6.570397032311799e-05,0.000434296029676882,2.0076531410731953,1.8818353236957934
2022-09-01,-0.014229010439744097,0.0,0.0005,-0.0005,-0.014229010439744097,2.0066495654174803,1.855248271527346
2022-09-02,-0.007208218623345586,1.0,0.0005,-0.007708218623345586,-0.007208218623345586,1.9912413331702146,1.8419233186675092
2022-09-06,0.019999990986250323,1.0,0.0,0.019999990986250323,0.019999990986250323,2.0314670581057808,1.8791326209930908
2022-09-07,0.0051710735922713726,0.0,0.0005,-0.0005,0.0051710735922713726,2.0304515784677934,1.8888749214330658
2022-09-08,0.021626556732476106,0.0,0.0,0.0,0.021626556732476106,2.0304515784677934,1.9301697045883142
2022-09-09,0.01181568543041936,0.0,0.0,0.0,0.01181568543041936,2.0304515784677934,1.9531112507856747
2022-09-12,-0.05639771145928082,1.0,0.0005,-0.05689771145928082,-0.05639771145928082,1.9181487137549855,1.8460087994971763
2022-09-13,0.007901962335136061,0.0,0.0005,-0.0005,0.007901962335136061,1.9171898791267408,1.8606536769327515
2022-09-14,-0.01679394978813277,1.0,0.0005,-0.01729394978813277,-0.01679394978813277,1.884319145279224,1.829666876178509
2022-09-15,-0.006133508770497625,1.0,0.0,-0.006133508770497625,-0.006133508770497625,1.8727970288979217,1.8184789440603442
2022-09-16,0.005961731736664683,1.0,0.0,0.005961731736664683,0.005961731736664683,1.8839954903246932,1.829352608422381
2022-09-19,-0.008003078349871632,1.0,0.0,-0.008003078349871632,-0.008003078349871632,1.8689779004344569,1.8147705845380315
2022-09-20,-0.018068254381056106,1.0,0.0,-0.018068254381056106,-0.018068254381056106,1.835511978135956,1.7822752985543733
2022-09-21,-0.012384169062359889,1.0,0.0,-0.012384169062359889,-0.012384169062359889,1.812920862309695,1.7603394091766233
2022-09-22,-0.01641564634957787,1.0,0.0,-0.01641564634957787,-0.01641564634957787,1.783403530456472,1.7316781898177296
2022-09-23,-0.004146365146112586,1.0,0.0,-0.004146365146112586,-0.004146365146112586,1.7760241974931663,1.7245128849780063
2022-09-26,0.0004008381214277402,1.0,0.0,0.0004008381214277402,0.0004008381214277402,1.7767362383931344,1.7252042740414884
2022-09-27,0.019696895942305538,1.0,0.0,0.019696895942305538,0.019696895942305538,1.8120793594279148,1.75952231301069
2022-09-28,-0.029251283623261893,0.0,0.0005,-0.0005,-0.029251283623261893,1.811173546220374,1.708799497171595
2022-09-29,-0.01710204351632313,1.0,0.0005,-0.01760204351632313,-0.01710204351632313,1.77957213130751,1.6798240100565727
2022-09-30,0.02318933770759302,1.0,0.0,0.02318933770759302,0.02318933770759302,1.821321428857828,1.7192331866750517
2022-10-03,0.030956652560821217,0.0,0.0005,-0.0005,0.030956652560821217,1.8204109957706385,1.773287240729106
2022-10-04,-0.0005318111841140121,0.0,0.0,-0.0,-0.0005318111841140121,1.8204109957706385,1.7723444374607213
2022-10-05,-0.007904053682094746,1.0,0.0005,-0.008404053682094747,-0.007904053682094746,1.8051762704300633,1.758390949088628
2022-10-06,-0.03884903502226014,0.0,0.0005,-0.0005,-0.03884903502226014,1.804273907904279,1.6913890634820914
2022-10-07,-0.010046582233604247,1.0,0.0005,-0.010546582233604248,-0.010046582233604247,1.7853449779763666,1.674481458202393
2022-10-10,-0.01383346574219544,0.0,0.0005,-0.0005,-0.01383346574219544,1.7844525286183106,1.651477058453807
2022-10-11,-0.00034258960004657734,1.0,0.0005,-0.0008425896000465773,-0.00034258960004657734,1.7829496007405377,1.6509113764927763
2022-10-12,0.023181590485988213,1.0,0.0,0.023181590485988213,0.023181590485988213,1.8247639978339727,1.689629164047773
2022-10-13,-0.030518268408369516,0.0,0.0005,-0.0005,-0.030518268408369516,1.8238518438925442,1.6388434946574524
2022-10-14,0.03248790689191006,1.0,0.0005,0.031987906891910056,0.03248790689191006,1.8831361827949649,1.6929604022627323
2022-10-17,0.00787682270901472,1.0,0.0,0.00787682270901472,0.00787682270901472,1.8980278852985966,1.7063482086737942
2022-10-18,-0.003653342809085853,1.0,0.0,-0.003653342809085853,-0.003653342809085853,1.8911063897687395,1.7001257071024556
2022-10-19,-0.005114911077334884,0.0,0.0005,-0.0005,-0.005114911077334884,1.890161072922761,1.6914519170333167
2022-10-20,0.023176987349842876,0.0,0.0,0.0,0.023176987349842876,1.890161072922761,1.731112507856698
2022-10-21,0.010941304736697615,1.0,0.0005,0.010441304736697615,0.010941304736697615,1.9100002137042347,1.7501571338780681
2022-10-24,0.02047489149668111,0.0,0.0005,-0.0005,0.02047489149668111,1.9090454523076226,1.7863607793840393
2022-10-25,-0.022344118109452984,0.0,0.0,-0.0,-0.022344118109452984,1.9090454523076226,1.7468887492143346
2022-10-26,-0.01837379212882742,0.0,0.0,-0.0,-0.01837379212882742,1.9090454523076226,1.7150848522941584
2022-10-27,0.030141789868591385,1.0,0.0005,0.029641789868591385,0.030141789868591385,1.96648000261457,1.7675675675675715
2022-10-28,-0.011696039763191411,0.0,0.0005,-0.0005,-0.011696039763191411,1.9654970083822998,1.7470144563167855
2022-10-31,-0.010270223711580215,1.0,0.0005,-0.010770223711580216,-0.010270223711580215,1.9444417543255548,1.7291640477687025
2022-11-01,-0.034878440619407106,1.0,0.0,-0.034878440619407106,-0.034878440619407106,1.877791738901579,1.6698931489629198
2022-11-02,-0.019728104327827695,1.0,0.0,-0.019728104327827695,-0.019728104327827695,1.8411094928729008,1.6372721558768104
2022-11-03,0.015957076403195176,1.0,0.0,0.015957076403195176,0.015957076403195176,1.8707238687611785,1.6636077938403553
2022-11-04,0.010934409204195542,0.0,0.0005,-0.0005,0.010934409204195542,1.869788740628313,1.6818981772470176
2022-11-07,0.007260843992958955,1.0,0.0005,0.006760843992958955,0.007260843992958955,1.882472920167943,1.6941546197360184
2022-11-08,-0.023346779741337382,1.0,0.0,-0.023346779741337382,-0.023346779741337382,1.8390323118595484,1.6550597108736675
2022-11-09,0.07119309239655384,0.0,0.0005,-0.0005,0.07119309239655384,1.8381130255443494,1.7771841609050945
2022-11-10,0.01825846660487219,1.0,0.0005,0.01775846660487219,0.01825846660487219,1.8710466541969426,1.8099308610936549
2022-11-11,-0.008789732209457541,1.0,0.0,-0.008789732209457541,-0.008789732209457541,1.8546727218154442,1.7940917661847926
2022-11-14,0.013743409958554205,0.0,0.0005,-0.0005,0.013743409958554205,1.8537456172499926,1.8189189189189219
2022-11-15,-0.01374340995855421,0.0,0.0,-0.0,-0.01374340995855421,1.8537456172499926,1.7940917661847926
2022-11-16,-0.0022095581106978,0.0,0.0,-0.0,-0.0022095581106978,1.8537456172499926,1.790131992457577
2022-11-17,3.5110510334876864e-05,1.0,0.0005,-0.00046488948966512313,3.5110510334876864e-05,1.8528840306828074,1.7901948460088026
2022-11-18,-0.010340477872605624,1.0,0.0,-0.010340477872605624,-0.010340477872605624,1.8338230440600258,1.7717787554996887
2022-11-21,0.014300046442649013,1.0,0.0,0.014300046442649013,0.014300046442649013,1.8602351961721393,1.7972972972973003
2022-11-22,0.009986686337093839,1.0,0.0,0.009986686337093839,0.009986686337093839,1.8789058554238058,1.8153362664990602
2022-11-23,-0.006600225440185324,1.0,0.0,-0.006600225440185324,-0.006600225440185324,1.8665454886718316,1.8033940917661877
2022-11-25,-0.014781793997181403,1.0,0.0,-0.014781793997181403,-0.014781793997181403,1.8391575181319304,1.7769327467001914
2022-11-28,-0.007598389064611474,0.0,0.0005,-0.0005,-0.007598389064611474,1.838238169229243,1.7634820867379035
2022-11-29,0.04457727556662969,0.0,0.0,0.0,0.04457727556662969,1.838238169229243,1.8438717787555026
2022-11-30,0.0012264088203391282,1.0,0.0005,0.0007264088203391282,0.0012264088203391282,1.8395739667580706,1.8461345065996257
2022-12-01,-0.003991340349164685,0.0,0.0005,-0.0005,-0.003991340349164685,1.8386544096831179,1.838780641106225
2022-12-02,-0.0169258939999519,0.0,0.0,-0.0,-0.0169258939999519,1.8386544096831179,1.8079195474544336
2022-12-05,-0.02093802338749611,1.0,0.0005,-0.021438023387496112,-0.02093802338749611,1.7996568028115498,1.7704588309239497
2022-12-06,-0.004091003731332123,1.0,0.0,-0.004091003731332123,-0.004091003731332123,1.7923094394089891,1.7632306725330005
2022-12-07,0.011765258501270392,0.0,0.0005,-0.0005,0.011765258501270392,1.7914135086906295,1.784098051539915
2022-12-08,-0.006397024765895444,0.0,0.0,-0.0,-0.006397024765895444,1.7914135086906295,1.7727215587680734
2022-12-09,0.012473295151309176,0.0,0.0,0.0,0.012473295151309176,1.7914135086906295,1.794971715901951
2022-12-12,0.010692681504793432,0.0,0.0,0.0,0.010692681504793432,1.7914135086906295,1.8142677561282239
2022-12-13,-0.007441441947317564,1.0,0.0005,-0.007941441947317563,-0.007441441947317564,1.777243442159393,1.800817096165936
2022-12-14,-0.03415312415546054,0.0,0.0005,-0.0005,-0.03415312415546054,1.7763550425567225,1.740351979886866
2022-12-15,-0.009580216248824725,1.0,0.0005,-0.010080216248824726,-0.009580216248824725,1.7585389455072191,1.723758642363296
2022-12-16,-0.01654449501709555,1.0,0.0,-0.01654449501709555,-0.01654449501709555,1.7296841587988052,1.6954745443117563
2022-12-19,-0.0007788017972307635,1.0,0.0,-0.0007788017972307635,-0.0007788017972307635,1.7283376020857462,1.6941546197360178
2022-12-20,0.01440198745176851,1.0,0.0,0.01440198745176851,0.01440198745176851,1.7534092056479456,1.7187303582652447
2022-12-21,-0.024769412028676194,0.0,0.0005,-0.0005,-0.024769412028676194,1.7525327201847476,1.6766813324952885
2022-12-22,0.002246687082978194,1.0,0.0005,0.001746687082978194,0.002246687082978194,1.7555965214216638,1.6804525455688273
2022-12-23,-0.014239137631340515,0.0,0.0005,-0.0005,-0.014239137631340515,1.7547189425739478,1.6566939032055334
2022-12-27,-0.013290754761137141,1.0,0.0005,-0.013790754761137142,-0.013290754761137141,1.7306861400933098,1.6348208673790094
2022-12-28,0.0240829050903728,1.0,0.0,0.0240829050903728,0.0240829050903728,1.7728720306284562,1.674670018856068
2022-12-29,-0.0006006908124759151,0.0,0.0005,-0.0005,-0.0006006908124759151,1.7719858161852158,1.6736643620364575
2022-12-30,-0.006782752659788627,1.0,0.0005,-0.0072827526597886265,-0.006782752659788627,1.7591277596230368,1.6623507228158418
2023-01-03,0.004752753090447845,0.0,0.0005,-0.0005,0.004752753090447845,1.7582484155975515,1.6702702702702732
2023-01-04,-0.01577822310215559,1.0,0.0005,-0.01627822310215559,-0.01577822310215559,1.7298589475520378,1.644123192960405
2023-01-05,0.02722744458798825,1.0,0.0,0.02722744458798825,0.02722744458798825,1.7776056468460426,1.6895034569453202
2023-01-06,0.0064523530120532855,1.0,0.0,0.0064523530120532855,0.0064523530120532855,1.7891124691135727,1.7004399748585821
2023-01-09,0.008428928936414592,1.0,0.0,0.008428928936414592,0.008428928936414592,1.8042565053162414,1.7148334380892545
2023-01-10,0.01715220653870786,1.0,0.0,0.01715220653870786,0.01715220653870786,1.8354704139959785,1.7445003142677589
2023-01-11,0.005389880098272339,1.0,0.0,0.005389880098272339,0.005389880098272339,1.845390088364539,1.7539283469516056
2023-01-12,0.00685692483404522,0.0,0.0005,-0.0005,0.00685692483404522,1.8444676239556772,1.765996228786929
2023-01-13,0.002026631331331342,1.0,0.0005,0.0015266313313313418,0.002026631331331342,1.8472855964753059,1.7695788812067905
2023-01-17,-0.013085167575139178,1.0,0.0,-0.013085167575139178,-0.013085167575139178,1.8232710149483482,1.7465744814582047
2023-01-18,-0.00987296231891241,0.0,0.0005,-0.0005,-0.00987296231891241,1.822359607311771,1.7294154619736035
2023-01-19,0.026999112316885843,0.0,0.0,0.0,0.026999112316885843,1.822359607311771,1.776744186046514
2023-01-20,0.021972754405966907,1.0,0.0005,0.021472754405966906,0.021972754405966907,1.8619138369371893,1.8162162162162185
2023-01-23,-0.002043892419910665,1.0,0.0,-0.002043892419910665,-0.002043892419910665,1.8581121717800988,1.8125078566939057
2023-01-24,-0.0022218374007403046,0.0,0.0005,-0.0005,-0.0022218374007403046,1.8571833479195243,1.8084852294154645
2023-01-25,0.019309805410639626,1.0,0.0005,0.018809805410639625,0.019309805410639626,1.892447218864894,1.8437460716530507
2023-01-26,0.009905101335296951,0.0,0.0005,-0.0005,0.009905101335296951,1.891501231771943,1.862099308610939
2023-01-27,-0.020425922834404774,0.0,0.0,-0.0,-0.020425922834404774,1.891501231771943,1.8244500314267782
2023-01-30,0.014874866067290967,1.0,0.0005,0.014374866067290966,0.014874866067290967,1.9188876752880102,1.8517913262099333
2023-01-31,0.021158058305228593,0.0,0.0005,-0.0005,0.021158058305228593,1.9179284712713538,1.8913890634820893
2023-02-01,0.035260900283339336,0.0,0.0,0.0,0.035260900283339336,1.9179284712713538,1.959270898805785
2023-02-02,-0.017932184671425197,0.0,0.0,-0.0,-0.017932184671425197,1.9179284712713538,1.9244500314267778
2023-02-03,-0.008495057401347055,0.0,0.0,-0.0,-0.008495057401347055,1.9179284712713538,1.9081709616593356
2023-02-06,0.020507018861113776,1.0,0.0005,0.020007018861113775,0.020507018861113776,1.9566869301321108,1.9477058453802663
2023-02-07,-0.017941059166496708,0.0,0.0005,-0.0005,-0.017941059166496708,1.955708831212152,1.9130735386549362
2023-02-08,-0.008877213647103447,1.0,0.0005,-0.009377213647103448,-0.008877213647103447,1.9374554483604556,1.8961659333752376
2023-02-09,-0.0065848786274842015,0.0,0.0005,-0.0005,-0.0065848786274842015,1.936486962777848,1.88372093023256
2023-02-10,0.01588911282733427,0.0,0.0,0.0,0.01588911282733427,1.936486962777848,1.9138906348208695
2023-02-13,0.00736199644106904,0.0,0.0,0.0,0.00736199644106904,1.936486962777848,1.9280326838466393
2023-02-14,0.007631765547049985,0.0,0.0,0.0,0.007631765547049985,1.936486962777848,1.942803268384666
2023-02-15,-0.018942434443535192,0.0,0.0,-0.0,-0.018942434443535192,1.936486962777848,1.9063482086737924
2023-02-16,-0.007080729712613811,0.0,0.0,-0.0,-0.007080729712613811,1.936486962777848,1.8928975487115047
2023-02-17,-0.023959882032723492,1.0,0.0005,-0.024459882032723493,-0.023959882032723492,1.8896953121132778,1.84808296668762
2023-02-21,0.0007479431911879181,1.0,0.0,0.0007479431911879181,0.0007479431911879181,1.8911092255529434,1.8494657448145841
2023-02-22,0.008696148327286112,1.0,0.0,0.008696148327286112,0.008696148327286112,1.907626305279948,1.8656191074795747
2023-02-23,-0.01688592281787213,1.0,0.0,-0.01688592281787213,-0.01688592281787213,1.8756847153020444,1.8343808925204297
2023-02-24,0.007135693228738356,1.0,0.0,0.007135693228738356,0.007135693228738356,1.8891168929788689,1.847517284726589
2023-02-27,-0.0012936172016763897,0.0,0.0005,-0.0005,-0.0012936172016763897,1.8881725706326395,1.8451288497800145
2023-02-28,-0.00807173135433114,0.0,0.0,-0.0,-0.00807173135433114,1.8881725706326395,1.8302954116907624
2023-03-01,0.008242039783307061,0.0,0.0,0.0,0.008242039783307061,1.8881725706326395,1.845443117536143
2023-03-02,0.020462882589940553,0.0,0.0,0.0,0.020462882589940553,1.8881725706326395,1.8835952231301092
2023-03-03,0.0011339004049657725,0.0,0.0,0.0,0.0011339004049657725,1.8881725706326395,1.8857322438717807
2023-03-06,-0.012341695320155789,1.0,0.0005,-0.01284169532015579,-0.012341695320155789,1.864080257924347,1.8626021370207435
2023-03-07,0.00498183338147072,0.0,0.0005,-0.0005,0.00498183338147072,1.863148450766587,1.8719044626021393
2023-03-08,-0.017477751497778457,0.0,0.0,-0.0,-0.017477751497778457,1.863148450766587,1.8394720301697072
2023-03-09,-0.014143144507305033,0.0,0.0,-0.0,-0.014143144507305033,1.863148450766587,1.8136392206159673
2023-03-10,0.0073890260913683885,0.0,0.0,0.0,0.0073890260913683885,1.863148450766587,1.827089880578255
2023-03-13,0.02271974744611894,0.0,0.0,0.0,0.02271974744611894,1.863148450766587,1.8690760527969854
2023-03-14,0.005232277574955974,1.0,0.0005,0.0047322775749559735,0.005232277574955974,1.8719862814397255,1.878881206788186
2023-03-15,0.02601923121661233,1.0,0.0,0.02601923121661233,0.02601923121661233,1.9213331248403376,1.9284098051539935
2023-03-16,-0.004737255049056799,1.0,0.0,-0.004737255049056799,-0.004737255049056799,1.9122528046714433,1.9192960402262753
2023-03-17,0.001995649493562157,0.0,0.0005,-0.0005,0.001995649493562157,1.9112969172608747,1.9231301068510396
2023-03-20,0.014181412724801215,1.0,0.0005,0.013681412724801214,0.014181412724801215,1.9376258570831069,1.9505971087366456
2023-03-21,-0.013691288713617486,1.0,0.0,-0.013691288713617486,-0.013691288713617486,1.9112780414071042,1.9240729101194238
2023-03-22,0.011788338567531436,0.0,0.0005,-0.0005,0.011788338567531436,1.9103226412563428,1.9468887492143327
2023-03-23,0.003673631354983793,0.0,0.0,0.0,0.003673631354983793,1.9103226412563428,1.9540540540540559
2023-03-24,-0.0068748757825826375,1.0,0.0005,-0.007374875782582637,-0.0068748757825826375,1.8962860716702592,1.9406662476429937
2023-03-27,-0.005325725389110831,0.0,0.0005,-0.0005,-0.005325725389110831,1.8953381656306822,1.9303582652419882
2023-03-28,0.018069670792157225,1.0,0.0005,0.017569670792157224,0.018069670792157225,1.9289328931911673,1.9655562539283493
2023-03-29,0.009420820789605723,1.0,0.0,0.009420820789605723,0.009420820789605723,1.9471908919243657,1.9841609050911397
2023-03-30,0.01649398853948467,1.0,0.0,0.01649398853948467,0.01649398853948467,1.979574166704532,2.017159019484603
2023-03-31,-0.002433394848978851,0.0,0.0005,-0.0005,-0.002433394848978851,1.9785846270267147,2.0122564424890026
2023-04-03,-0.003379121515789206,1.0,0.0005,-0.003879121515789206,-0.003379121515789206,1.9709243240579892,2.005468258956633
2023-04-04,-0.009921497470627936,0.0,0.0005,-0.0005,-0.009921497470627936,1.969939108220445,1.985669390320555
2023-04-05,0.006719586146419332,0.0,0.0,0.0,0.006719586146419332,1.969939108220445,1.9990571967316173
2023-04-06,-0.0005661089596402201,0.0,0.0,-0.0,-0.0005661089596402201,1.969939108220445,1.9979258328095555
2023-04-10,-0.006438400022105922,1.0,0.0005,-0.006938400022105922,-0.006438400022105922,1.9563181909987162,1.985103708359524
2023-04-11,-0.008873116240910037,1.0,0.0,-0.008873116240910037,-0.008873116240910037,1.939036337619093,1.9675675675675695
2023-04-12,0.019392898294227256,1.0,0.0,0.019392898294227256,0.019392898294227256,1.9770068613528173,2.006096794468889
2023-04-13,-0.0018816451125205768,1.0,0.0,-0.0018816451125205768,-0.0018816451125205768,1.973290333744296,2.0023255813953504
2023-04-14,0.0008471784758586172,1.0,0.0,0.0008471784758586172,0.0008471784758586172,1.9749627711681306,2.004022627278443
2023-04-17,6.272541949700338e-05,1.0,0.0,6.272541949700338e-05,6.272541949700338e-05,1.9750866554217483,2.004148334380895
2023-04-18,-0.000470536577215347,1.0,0.0,-0.000470536577215347,-0.000470536577215347,1.974157523519618,2.00320553111251
2023-04-19,-0.0076537011992777295,1.0,0.0,-0.0076537011992777295,-0.0076537011992777295,1.9591055867051073,1.9879321181646783
2023-04-20,0.0010428353423388617,1.0,0.0,0.0010428353423388617,0.0010428353423388617,1.961149676889794,1.9900062853551246
2023-04-21,-0.0020867593256008983,1.0,0.0,-0.0020867593256008983,-0.0020867593256008983,1.9570614965204207,1.985857950974232
2023-04-24,-0.019043934325090914,0.0,0.0005,-0.0005,-0.019043934325090914,1.9560832103640806,1.9483972344437483
2023-04-25,0.006046395418766588,0.0,0.0,0.0,0.006046395418766588,1.9560832103640806,1.9602137020741692
2023-04-26,0.026827713771890624,1.0,0.0005,0.026327713771890623,0.026827713771890624,2.008266326122317,2.013513513513516
2023-04-27,0.006875017357918575,1.0,0.0,0.006875017357918575,0.006875017357918575,2.0221207621476966,2.027404148334383
2023-04-28,-0.0011477318049364117,1.0,0.0,-0.0011477318049364117,-0.0011477318049364117,2.0198012411841715,2.0250785669390345
2023-05-01,-0.008759817225291611,1.0,0.0,-0.008759817225291611,-0.008759817225291611,2.0021854198125353,2.0074167190446284
2023-05-02,-0.006565434235745298,0.0,0.0005,-0.0005,-0.006565434235745298,2.0011845773340995,1.994280326838469
2023-05-03,-0.0035361385630205858,0.0,0.0,-0.0,-0.0035361385630205858,2.0011845773340995,1.9872407291011966
2023-05-04,0.02103166433036152,0.0,0.0,0.0,0.02103166433036152,2.0011845773340995,2.02947831552483
2023-05-05,0.002474559708712574,1.0,0.0005,0.001974559708712574,0.002474559708712574,2.005139939534492,2.0345065996228815
2023-05-08,-0.0063533599730808766,1.0,0.0,-0.0063533599730808766,-0.0063533599730808766,1.992440947053891,2.021621621621624
2023-05-09,0.01082295112612958,0.0,0.0005,-0.0005,0.01082295112612958,1.9914449755939787,2.0436203645505997
2023-05-10,0.00325483138083558,1.0,0.0005,0.00275483138083558,0.00325483138083558,1.996938634283304,2.0502828409805183
2023-05-11,-0.0035932044249612103,1.0,0.0,-0.0035932044249612103,-0.0035932044249612103,1.989776101474869,2.0429289754871176
2023-05-12,0.005400277000511534,1.0,0.0,0.005400277000511534,0.005400277000511534,2.0005505098020873,2.053991200502831
2023-05-15,0.0011315851043096517,1.0,0.0,0.0011315851043096517,0.0011315851043096517,2.0028155842799684,2.0563167818981802
2023-05-16,0.012031499573703459,1.0,0.0,0.012031499573703459,0.012031499573703459,2.0270580030162093,2.0812067881835348
2023-05-17,0.01840294907657009,1.0,0.0,0.01840294907657009,0.01840294907657009,2.0647072139323415,2.119861722187306
2023-05-18,-0.002255930191805351,0.0,0.0005,-0.0005,-0.002255930191805351,2.063675118370768,2.115084852294157
2023-05-19,0.0033523727902773945,0.0,0.0,0.0,0.0033523727902773945,2.063675118370768,2.122187303582655
2023-05-22,-0.012757252001321122,1.0,0.0005,-0.013257252001321123,-0.012757252001321122,2.0364970088566547,2.095285983658079
2023-05-23,-0.005142791142633152,0.0,0.0005,-0.0005,-0.005142791142633152,2.035479014871931,2.084538026398494
2023-05-24,0.02404155294024368,0.0,0.0,0.0,0.02404155294024368,2.035479014871931,2.1352608422375887
2023-05-25,0.02522949606653903,1.0,0.0005,0.024729496066539028,0.02522949606653903,2.0864429440931613,2.189817724701448
2023-05-26,0.004524765015253688,0.0,0.0005,-0.0005,0.004524765015253688,2.0853999833830206,2.1997485857951
2023-05-30,-0.005702266264187078,0.0,0.0,-0.0,-0.005702266264187078,2.0853999833830206,2.1872407291011964
2023-05-31,0.011485840556061253,1.0,0.0005,0.010985840556061253,0.011485840556061253,2.108436159290486,2.212507856693905
2023-06-01,0.007471803362620085,0.0,0.0005,-0.0005,0.007471803362620085,2.1073822047214406,2.2291011942174754
2023-06-02,0.000704672004354947,1.0,0.0005,0.000204672004354947,0.000704672004354947,2.107813571004018,2.230672532998116
2023-06-05,-0.0001690760000646671,1.0,0.0,-0.0001690760000646671,-0.0001690760000646671,2.107457220442563,2.2302954116907623
2023-06-06,-0.017110953811863634,1.0,0.0,-0.017110953811863634,-0.017110953811863634,2.071703380776617,2.1924575738529244
2023-06-07,0.012336866014408693,0.0,0.0005,-0.0005,0.012336866014408693,2.0706677880059967,2.219673161533628
2023-06-08,0.003815450117250954,0.0,0.0,0.0,0.003815450117250954,2.0706677880059967,2.22815839094909
2023-06-09,0.01675587111704128,0.0,0.0,0.0,0.01675587111704128,2.0706677880059967,2.265807668133251
2023-06-12,0.007654614232073824,0.0,0.0,0.0,0.007654614232073824,2.0706677880059967,2.283218101822754
2023-06-13,0.00724124070386362,1.0,0.0005,0.006741240703863619,0.00724124070386362,2.084673813937576,2.2998114393463243
2023-06-14,0.01184538953586933,0.0,0.0005,-0.0005,0.01184538953586933,2.0836317375714084,2.327215587680705
2023-06-15,-0.006312758877026332,0.0,0.0,-0.0,-0.006312758877026332,2.0836317375714084,2.31257071024513
2023-06-16,-0.002803371322767771,1.0,0.0005,-0.003303371322767771,-0.002803371322767771,2.0767600843022533,2.3060967944688886
2023-06-20,-0.013721400791539645,1.0,0.0,-0.013721400791539645,-0.013721400791539645,2.0484586386181127,2.2746700188560665
2023-06-21,0.011729775868136416,0.0,0.0005,-0.0005,0.011729775868136416,2.0474346653134625,2.3015084852294168
2023-06-22,-0.009962893403059973,0.0,0.0,-0.0,-0.009962893403059973,2.0474346653134625,2.278692646134508
2023-06-23,-0.013496081109047871,0.0,0.0,-0.0,-0.013496081109047871,2.0474346653134625,2.248145820238845
2023-06-26,0.017047993650117943,0.0,0.0,0.0,0.017047993650117943,2.0474346653134625,2.2868007542426154
2023-06-27,0.0019495592209441712,0.0,0.0,0.0,0.0019495592209441712,2.0474346653134625,2.2912633563796363
2023-06-28,-0.002004531459977276,0.0,0.0,-0.0,-0.002004531459977276,2.0474346653134625,2.2866750471401645
2023-06-29,0.015302454814363662,0.0,0.0,0.0,0.015302454814363662,2.0474346653134625,2.321935889377751
2023-06-30,0.002352274272773228,0.0,0.0,0.0,0.002352274272773228,2.0474346653134625,2.3274041483343817
2023-07-03,-2.700622493663253e-05,0.0,0.0,-0.0,-2.700622493663253e-05,2.0474346653134625,2.3273412947831558
2023-07-05,-0.007645007007421735,0.0,0.0,-0.0,-0.007645007007421735,2.0474346653134625,2.309616593337524
2023-07-06,-0.003325612987332089,0.0,0.0,-0.0,-0.003325612987332089,2.0474346653134625,2.3019484600879956
2023-07-07,0.0003276003305303374,1.0,0.0005,-0.0001723996694696626,0.0003276003305303374,2.0470817186787174,2.3027027027027036
2023-07-10,0.00492833148681893,1.0,0.0,0.00492833148681893,0.00492833148681893,2.0571953170814044,2.314079195474545
2023-07-11,0.012550941419493599,1.0,0.0,0.012550941419493599,0.012550941419493599,2.083177766016485,2.3433060967944694
2023-07-12,0.0168361757058451,1.0,0.0,0.0168361757058451,0.0168361757058451,2.1185474223087555,2.383092394720302
2023-07-13,-0.00021102054890886456,0.0,0.0005,-0.0005,-0.00021102054890886456,2.117488413371898,2.3825895663104975
2023-07-14,0.009295309024210795,1.0,0.0005,0.008795309024210794,0.009295309024210795,2.1361945207322015,2.404839723444376
2023-07-17,0.00814737375940394,0.0,0.0005,-0.0005,0.00814737375940394,2.135126690451652,2.424512884978002
2023-07-18,-0.00023334500164227424,0.0,0.0,-0.0,-0.00023334500164227424,2.135126690451652,2.423947203016971
2023-07-19,-0.023321842425391728,1.0,0.0005,-0.023821842425391728,-0.023321842425391728,2.0848650778313282,2.3680703959773735
2023-07-20,-0.003003763605650395,0.0,0.0005,-0.0005,-0.003003763605650395,2.0838229058571183,2.3609679446888756
2023-07-21,0.001596042155102072,0.0,0.0,0.0,0.001596042155102072,2.0838229058571183,2.3647391577624144
2023-07-24,0.006754903103520956,0.0,0.0,0.0,0.006754903103520956,2.0838229058571183,2.380766813324953
2023-07-25,-0.0033320141894571395,0.0,0.0,-0.0,-0.0033320141894571395,2.0838229058571183,2.372847265870522
2023-07-26,-0.002386825860636677,1.0,0.0005,-0.002886825860636677,-0.002386825860636677,2.0778159466977395,2.3671904462602145
2023-07-27,0.01805074665130049,1.0,0.0,0.01805074665130049,0.01805074665130049,2.1156626287495333,2.4103079824010063
2023-07-28,0.0005214036303536659,1.0,0.0,0.0005214036303536659,0.0005214036303536659,2.116766030558624,2.4115650534255195
2023-07-31,-0.0023223359035549783,1.0,0.0,-0.0023223359035549783,-0.0023223359035549783,2.111855892508172,2.405971087366437
2023-08-01,-0.02218850109056938,1.0,0.0,-0.02218850109056938,-0.02218850109056938,2.065513016526384,2.3531741043368957
2023-08-02,-0.0016038924553543582,1.0,0.0,-0.0016038924553543582,-0.0016038924553543582,2.0622028110991137,2.3494028912633573
2023-08-03,-0.004692767015404491,0.0,0.0005,-0.0005,-0.004692767015404491,2.0611719674259583,2.3384035197988697
2023-08-04,0.008431188950594944,1.0,0.0005,0.007931188950594944,0.008431188950594944,2.0775845112181375,2.3582023884349477
2023-08-07,-0.008538710051714514,1.0,0.0,-0.008538710051714514,-0.008538710051714514,2.059920142256316,2.3381521055939674
2023-08-08,-0.011055511232556476,0.0,0.0005,-0.0005,-0.011055511232556476,2.0588904396322962,2.3124450031426793
2023-08-09,0.0018465721472466618,0.0,0.0,0.0,0.0018465721472466618,2.0588904396322962,2.316719044626023
2023-08-10,-0.006396058983580021,0.0,0.0,-0.0,-0.006396058983580021,2.0588904396322962,2.301948460087997
2023-08-11,0.011159648255041755,0.0,0.0,0.0,0.011159648255041755,2.0588904396322962,2.327781269641737
2023-08-14,-0.010668287996199795,0.0,0.0,-0.0,-0.010668287996199795,2.0588904396322962,2.3030798240100587
2023-08-15,-0.010645403428325395,0.0,0.0,-0.0,-0.010645403428325395,2.0588904396322962,2.278692646134509
2023-08-16,-0.010983025867491902,1.0,0.0005,-0.011483025867491902,-0.010983025867491902,2.0353833718918324,2.2538026398491535
2023-08-17,-0.0012557381901547877,1.0,0.0,-0.0012557381901547877,-0.0012557381901547877,2.032829067364666,2.2509742300439997
2023-08-18,0.015983055640987686,1.0,0.0,0.015983055640987686,0.015983055640987686,2.0655809276352213,2.287240729101196
2023-08-21,-0.0014299859438196298,0.0,0.0005,-0.0005,-0.0014299859438196298,2.064548395325992,2.283972344437463
2023-08-22,0.0156455839233974,0.0,0.0,0.0,0.0156455839233974,2.064548395325992,2.3199874292897573
2023-08-23,-0.021607511602174223,0.0,0.0,-0.0,-0.021607511602174223,2.064548395325992,2.2703959773727242
2023-08-24,0.0077216201867438185,1.0,0.0005,0.007221620186743818,0.0077216201867438185,2.079511744475922,2.287994971715904
2023-08-25,0.007498871999438688,1.0,0.0,0.007498871999438688,0.007498871999438688,2.0951643519696423,2.305216844751731
2023-08-28,0.021604821289545724,1.0,0.0,0.021604821289545724,0.021604821289545724,2.1409225220516497,2.355562539283472
2023-08-29,0.0055612612230986486,1.0,0.0,0.0055612612230986486,0.0055612612230986486,2.152861919738465,2.368698931489632
2023-08-30,0.002993974548847904,1.0,0.0,0.002993974548847904,0.002993974548847904,2.159317192172007,2.3758013827781292
2023-08-31,-0.0010587893733764319,1.0,0.0,-0.0010587893733764319,-0.0010587893733764319,2.157032139983142,2.3732872407291032
2023-09-01,0.0012704127902970254,1.0,0.0,0.0012704127902970254,0.0012704127902970254,2.1597742026097793,2.376304211187934
2023-09-05,-0.008846911489746574,1.0,0.0,-0.008846911489746574,-0.008846911489746574,2.1407511431374844,2.3553739786297947
2023-09-06,-0.007177320580524911,1.0,0.0,-0.007177320580524911,-0.007177320580524911,2.1254412934720937,2.338529226901322
2023-09-07,0.0013966482717208183,0.0,0.0005,-0.0005,0.0013966482717208183,2.124378838461245,2.341797611565055
2023-09-08,0.011713828823325514,1.0,0.0005,0.011213828823325514,0.011713828823325514,2.1483353300662213,2.369390320553113
2023-09-11,-0.011150350267557464,1.0,0.0,-0.011150350267557464,-0.011150350267557464,2.124513695242026,2.343117536140794
2023-09-12,0.0038018787427654775,1.0,0.0,0.0038018787427654775,0.0038018787427654775,2.132606212335413,2.3520427404148347
2023-09-13,0.008143974324485933,1.0,0.0,0.008143974324485933,0.008143974324485933,2.150045016776091,2.371275927089882
2023-09-14,-0.017271309440242067,1.0,0.0,-0.017271309440242067,-0.017271309440242067,2.1132297629568813,2.330672532998116
2023-09-15,-0.00040460167517566075,1.0,0.0,-0.00040460167517566075,-0.00040460167517566075,2.112374919601946,2.3297297297297317
2023-09-18,-0.0021336078205931005,1.0,0.0,-0.0021336078205931005,-0.0021336078205931005,2.107872744599287,2.3247642991829056
2023-09-19,-0.01451530775178362,1.0,0.0,-0.01451530775178362,-0.01451530775178362,2.0774973107205885,2.291263356379637
2023-09-20,-0.01849443633307158,0.0,0.0005,-0.0005,-0.01849443633307158,2.0764588217091164,2.2492771841609067
2023-09-21,0.00013970968350532391,1.0,0.0005,-0.0003602903164946761,0.00013970968350532391,2.075710828458509,2.249591451917035
2023-09-22,0.004738552739896975,1.0,0.0,0.004738552739896975,0.004738552739896975,2.08557003442755,2.2602765556253943
2023-09-25,-0.015130153299990137,1.0,0.0,-0.015130153299990137,-0.015130153299990137,2.054252556643537,2.2263356379635466
2023-09-26,0.00234050159715582,1.0,0.0,0.00234050159715582,0.00234050159715582,2.0590661689695984,2.231552482715275
2023-09-27,0.00833045978719233,1.0,0.0,0.00833045978719233,0.00833045978719233,2.076290781750805,2.250219987429291
2023-09-28,0.0007259731150363124,1.0,0.0,0.0007259731150363124,0.0007259731150363124,2.077798660310776,2.2518541797611578
2023-09-29,0.008311028617898751,1.0,0.0,0.008311028617898751,0.008311028617898751,2.095139263750442,2.2706473915776253
2023-10-02,-0.0177055087372744,1.0,0.0,-0.0177055087372744,-0.0177055087372744,2.0583702250188423,2.230798240100567
2023-10-03,0.013516933800340225,1.0,0.0,0.013516933800340225,0.013516933800340225,2.086381969036765,2.2611565053425533
2023-10-04,-0.002950840067809703,1.0,0.0,-0.002950840067809703,-0.002950840067809703,2.080234464138422,2.254494028912635
2023-10-05,0.01661659211496705,1.0,0.0,0.01661659211496705,0.01661659211496705,2.115089657005443,2.2922690131992476
2023-10-06,0.005087120890550974,1.0,0.0,0.005087120890550974,0.005087120890550974,2.125876788242159,2.3039597737272177
2023-10-09,0.005522696482651237,1.0,0.0,0.005522696482651237,0.005522696482651237,2.137649840075778,2.3167190446260233
2023-10-10,0.007109963583115755,1.0,0.0,0.007109963583115755,0.007109963583115755,2.152902611663177,2.3332495285983677
2023-10-11,-0.003481080220403738,1.0,0.0,-0.003481080220403738,-0.003481080220403738,2.1454212141925515,2.3251414204902594
2023-10-12,-0.012649615769063491,0.0,0.0005,-0.0005,-0.012649615769063491,2.1443487717184166,2.2959145191703345
2023-10-13,0.011242955543069144,0.0,0.0,0.0,0.011242955543069144,2.1443487717184166,2.321873035826526
2023-10-16,-0.003280869525576942,1.0,0.0005,-0.003780869525576942,-0.003280869525576942,2.1362565762027366,2.3142677561282228
2023-10-17,-0.013204669904526484,0.0,0.0005,-0.0005,-0.013204669904526484,2.1351887149022075,2.2839094908862365
2023-10-18,-0.009400904250043661,0.0,0.0,-0.0,-0.009400904250043661,2.1351887149022075,2.2625392834695175
2023-10-19,-0.01503030100429975,0.0,0.0,-0.0,-0.01503030100429975,2.1351887149022075,2.2287869264613467
2023-10-20,0.0030129410208462335,1.0,0.0005,0.0025129410208462335,0.0030129410208462335,2.1405610655841945,2.2355122564424903
2023-10-23,0.00968110527043429,0.0,0.0005,-0.0005,0.00968110527043429,2.1394910525769464,2.257259585166563
2023-10-24,-0.024780328407887055,1.0,0.0005,-0.025280328407887055,-0.024780328407887055,2.086081960265574,2.202011313639222
2023-10-25,-0.01925131500490203,1.0,0.0,-0.01925131500490203,-0.01925131500490203,2.0463062352710715,2.1600251414204914
2023-10-26,0.004789767782361044,1.0,0.0,0.004789767782361044,0.004789767782361044,2.0561310775227075,2.170395977372723
2023-10-27,0.011202259664487018,1.0,0.0,0.011202259664487018,0.011202259664487018,2.079293887437171,2.1948460087994985
2023-10-30,0.004770960526002866,1.0,0.0,0.004770960526002866,0.004770960526002866,2.0892378186857967,2.2053425518541814
2023-10-31,0.01720794619277228,1.0,0.0,0.01720794619277228,0.01720794619277228,2.1255004182691084,2.2436203645505985
2023-11-01,0.017990490766925517,1.0,0.0,0.017990490766925517,0.017990490766925517,2.164085253293716,2.2843494657448162
2023-11-02,0.011680362570035619,1.0,0.0,0.011680362570035619,0.011680362570035619,2.1895107541509797,2.311187932118166
2023-11-03,0.004071003831171527,0.0,0.0005,-0.0005,0.004071003831171527,2.1884162724171397,2.320615964802013
2023-11-06,0.00940821863285774,1.0,0.0005,0.00890821863285774,0.00940821863285774,2.2079982538212835,2.3425518541797627
2023-11-07,0.0006437423107346973,0.0,0.0005,-0.0005,0.0006437423107346973,2.2068945306481607,2.344060339409179
2023-11-08,-0.007725371862505841,1.0,0.0005,-0.008225371862505841,-0.007725371862505841,2.1888164538495634,2.3260213702074184
2023-11-09,0.022233232833769937,1.0,0.0,0.022233232833769937,0.022233232833769937,2.2380259355585057,2.378315524827155
2023-11-10,-0.0031233482246464405,1.0,0.0,-0.0031233482246464405,-0.0031233482246464405,2.2310467061815165,2.3708988057825287
2023-11-13,0.021298048465201037,1.0,0.0,0.021298048465201037,0.021298048465201037,2.279073267657071,2.421935889377752
2023-11-14,0.0007523186034838091,0.0,0.0005,-0.0005,0.0007523186034838091,2.2779340158599264,2.4237586423632957
2023-11-15,0.0008553987846129312,0.0,0.0,0.0,0.0008553987846129312,2.2779340158599264,2.4258328095537416
2023-11-16,0.00023316364307245094,1.0,0.0005,-0.00026683635692754904,0.00023316364307245094,2.2773262613349203,2.4263984915147723
2023-11-17,0.012101386124554163,1.0,0.0,0.012101386124554163,0.012101386124554163,2.3050524902963603,2.4559396605908255
2023-11-20,-0.0058264304146309395,0.0,0.0005,-0.0005,-0.0058264304146309395,2.3039002521347576,2.4416719044626043
2023-11-21,0.004084626695573907,1.0,0.0005,0.0035846266955739067,0.004084626695573907,2.3121736942240236,2.4516656191074815
2023-11-22,-0.0014110345222495132,1.0,0.0,-0.0014110345222495132,-0.0014110345222495132,2.308913438027994,2.4482086737900706
2023-11-24,-0.0008732727734297608,0.0,0.0005,-0.0005,-0.0008732727734297608,2.3077592698750635,2.446071653048399
2023-11-27,0.002617533828721009,0.0,0.0,0.0,0.002617533828721009,2.3077592698750635,2.4524827152734145
2023-11-28,-0.0009743590514450082,0.0,0.0,-0.0,-0.0009743590514450082,2.3077592698750635,2.45009428032684
2023-11-29,-0.002517210822635823,0.0,0.0,-0.0,-0.002517210822635823,2.3077592698750635,2.4439346323067266
2023-11-30,0.0028506510309191705,0.0,0.0,0.0,0.0028506510309191705,2.3077592698750635,2.4509113764927735
2023-12-01,-0.009326839569026031,0.0,0.0,-0.0,-0.009326839569026031,2.3077592698750635,2.4281583909490903
2023-12-04,0.0025077248441340355,0.0,0.0,0.0,0.0025077248441340355,2.3077592698750635,2.434255185417978
2023-12-05,-0.005800570424161266,0.0,0.0,-0.0,-0.005800570424161266,2.3077592698750635,2.420175989943434
2023-12-06,0.01387549986360429,1.0,0.0005,0.01337549986360429,0.01387549986360429,2.3388340608232436,2.45399120050283
2023-12-07,0.004446723401826506,1.0,0.0,0.004446723401826506,0.004446723401826506,2.3492573665780077,2.4649277184160927
2023-12-08,0.008505935578581376,1.0,0.0,0.008505935578581376,0.008505935578581376,2.369325225358731,2.4859836580766834
2023-12-11,0.00793265218225496,1.0,0.0,0.00793265218225496,0.00793265218225496,2.3881950030182173,2.505782526712762
2023-12-12,0.012637099416755566,0.0,0.0005,-0.0005,0.012637099416755566,2.387001203991336,2.537649277184163
2023-12-13,-0.0008672705064561735,1.0,0.0005,-0.0013672705064561735,-0.0008672705064561735,2.3837397577939274,2.5354494028912655
2023-12-14,0.004822385169341595,0.0,0.0005,-0.0005,0.004822385169341595,2.382548185832845,2.5477058453802663
2023-12-15,0.004283505232563732,0.0,0.0,0.0,0.004283505232563732,2.382548185832845,2.5586423632935285
2023-12-18,0.005096551265075884,1.0,0.0005,0.004596551265075884,0.005096551265075884,2.3935248988961124,2.571715901948463
2023-12-19,-0.014971224176605017,0.0,0.0005,-0.0005,-0.014971224176605017,2.392328435587418,2.533500942803271
2023-12-20,0.011568236548809674,0.0,0.0,0.0,0.011568236548809674,2.392328435587418,2.562979258328098
2023-12-21,0.001494823533877242,1.0,0.0005,0.000994823533877242,0.001494823533877242,2.394709564421026,2.566813324952862
2023-12-22,0.006103087566652981,0.0,0.0005,-0.0005,0.006103087566652981,2.393512508927628,2.582526712759273
2023-12-26,0.0015078190555828973,1.0,0.0005,0.0010078190555828973,0.0015078190555828973,2.3959259523967824,2.5864236329352632
2023-12-27,-0.0004861448807461197,0.0,0.0005,-0.0005,-0.0004861448807461197,2.3947282888614194,2.5851665619107504
2023-12-28,-0.004337133087050629,0.0,0.0,-0.0,-0.004337133087050629,2.3947282888614194,2.5739786297925855
2023-12-29,-0.017067067801547306,0.0,0.0,-0.0,-0.017067067801547306,2.3947282888614194,2.530421118793214
2024-01-02,-0.010637866886129584,0.0,0.0,-0.0,-0.010637866886129584,2.3947282888614194,2.5036455059710896
2024-01-03,-0.005159775356821426,1.0,0.0005,-0.005659775356821425,-0.005159775356821426,2.381212947681435,2.4907605279698326
2024-01-04,0.0011853273016890788,1.0,0.0,0.0011853273016890788,0.0011853273016890788,2.384037137863656,2.4937146448774383
2024-01-05,0.02045724328848035,1.0,0.0,0.02045724328848035,0.02045724328848035,2.4333102431704785,2.5452545568824663
2024-01-08,0.0019736036997017956,1.0,0.0,0.0019736036997017956,0.0019736036997017956,2.4381173753955343,2.550282840980518
2024-01-09,0.006754707905356918,1.0,0.0,0.006754707905356918,0.006754707905356918,2.454641892419164,2.5675675675675698
2024-01-10,0.0020786215223997204,1.0,0.0,0.0020786215223997204,0.0020786215223997204,2.459749470408286,2.57291011942175
2024-01-11,0.0005128768841588317,1.0,0.0,0.0005128768841588317,0.0005128768841588317,2.461011342617363,2.5742300439974883
2024-01-12,-9.767055728826789e-05,1.0,0.0,-9.767055728826789e-05,-9.767055728826789e-05,2.46077098600611,2.5739786297925855
2024-01-16,-0.005656719257778516,1.0,0.0,-0.005656719257778516,-0.005656719257778516,2.446890391706261,2.5594594594594615
2024-01-17,0.014094356701281853,0.0,0.0005,-0.0005,0.014094356701281853,2.4456672523207366,2.5957888120678847
2024-01-18,0.019636916158801337,1.0,0.0005,0.019136916158801337,0.019636916158801337,2.4929204799210423,2.6472658705216876
2024-01-19,0.0013050030918026697,1.0,0.0,0.0013050030918026697,0.0013050030918026697,2.4961758725416714,2.650722815839098
2024-01-22,0.004140988631744015,0.0,0.0005,-0.0005,0.004140988631744015,2.494928096575388,2.6617221873035857
2024-01-23,0.005533918115283674,1.0,0.0005,0.005033918115283673,0.005533918115283674,2.5075190245791723,2.676492771841612
2024-01-24,0.0012203995975958168,1.0,0.0,0.0012203995975958168,0.0012203995975958168,2.5105810678658855,2.6797611565053456
2024-01-25,-0.005975363596376085,1.0,0.0,-0.005975363596376085,-0.005975363596376085,2.495624164119247,2.6637963544940315
2024-01-26,0.01018835988051842,1.0,0.0,0.01018835988051842,0.01018835988051842,2.5211804484737397,2.691074795725961
2024-01-29,-0.006678799212613155,0.0,0.0005,-0.0005,-0.006678799212613155,2.519920173344541,2.6731615336266525
2024-01-30,-0.019780525494811477,0.0,0.0,-0.0,-0.019780525494811477,2.519920173344541,2.620804525455691
2024-01-31,0.011706636643636947,0.0,0.0,0.0,0.011706636643636947,2.519920173344541,2.6516656191074817
2024-02-01,0.016759315271239236,0.0,0.0,0.0,0.016759315271239236,2.519920173344541,2.6964802011313664
2024-02-02,-0.0013061835645248657,0.0,0.0,-0.0,-0.0013061835645248657,2.519920173344541,2.6929604022627305
2024-02-05,-0.002009252580078531,0.0,0.0,-0.0,-0.002009252580078531,2.519920173344541,2.6875549968573247
2024-02-06,0.010237647292990362,0.0,0.0,0.0,0.010237647292990362,2.519920173344541,2.7152105593966085
2024-02-07,0.001850182076855559,0.0,0.0,0.0,0.001850182076855559,2.519920173344541,2.72023884349466
2024-02-08,0.009794983121601623,0.0,0.0,0.0,0.009794983121601623,2.519920173344541,2.747014456316784
2024-02-09,-0.003920270039805942,0.0,0.0,-0.0,-0.003920270039805942,2.519920173344541,2.7362664990571983
2024-02-12,-0.015719917641799235,0.0,0.0,-0.0,-0.015719917641799235,2.519920173344541,2.693588937774986
2024-02-13,0.010838264767940257,0.0,0.0,0.0,0.010838264767940257,2.519920173344541,2.722941546197362
2024-02-14,0.0029732772874981766,0.0,0.0,0.0,0.0029732772874981766,2.519920173344541,2.73104965430547
2024-02-15,-0.009109047124740234,0.0,0.0,-0.0,-0.009109047124740234,2.519920173344541,2.706285355122566
2024-02-16,-0.007576765197903524,0.0,0.0,-0.0,-0.007576765197903524,2.519920173344541,2.6858579509742313
2024-02-20,-0.004009713085682794,1.0,0.0005,-0.0045097130856827945,-0.004009713085682794,2.5085816423412046,2.6751099937146465
2024-02-21,0.02885528096660793,0.0,0.0005,-0.0005,0.02885528096660793,2.507327665040484,2.753425518541799
2024-02-22,-0.00294907912198587,1.0,0.0005,-0.00344907912198587,-0.00294907912198587,2.49869459017651,2.74531741043369
2024-02-23,-0.000526719579809345,1.0,0.0,-0.000526719579809345,-0.000526719579809345,2.4973788253618654,2.7438717787555005
2024-02-26,0.0024023348509547918,1.0,0.0,0.0024023348509547918,0.0024023348509547918,2.5033855777765486,2.750471401634193
2024-02-27,-0.005338722912068065,1.0,0.0,-0.005338722912068065,-0.005338722912068065,2.490056308132537,2.735826524198618
2024-02-28,0.008532884879467998,1.0,0.0,0.008532884879467998,0.008532884879467998,2.5113945809961264,2.7592708988057835
2024-02-29,0.014944716937798459,1.0,0.0,0.014944716937798459,0.014944716937798459,2.5492085176257038,2.8008170961659347
2024-03-01,-0.0035745235501976184,1.0,0.0,-0.0035745235501976184,-0.0035745235501976184,2.5401125782548974,2.790823381521057
2024-03-04,-0.0181126907897775,0.0,0.0005,-0.0005,-0.0181126907897775,2.53884283942693,2.7407291011942188
2024-03-05,0.006264023042691197,1.0,0.0005,0.005764023042691196,0.006264023042691197,2.5535190444135694,2.757950974230045
2024-03-06,0.015064068450966979,1.0,0.0,0.015064068450966979,0.015064068450966979,2.592276620556586,2.7998114393463243
2024-03-07,-0.014540037042659165,0.0,0.0005,-0.0005,-0.014540037042659165,2.5909808062268866,2.7593966059082353
2024-03-08,-0.003719724511215403,1.0,0.0005,-0.004219724511215403,-0.003719724511215403,2.580070616197873,2.749151477058455
2024-03-11,0.0142332577053099,1.0,0.0,0.0142332577053099,0.0142332577053099,2.6170560131286686,2.7885606536769343
2024-03-12,-0.00771575594177251,1.0,0.0,-0.00771575594177251,-0.00771575594177251,2.596941148131218,2.76712759270899
2024-03-13,-0.0025244785351247767,1.0,0.0,-0.0025244785351247767,-0.0025244785351247767,2.5903934941291156,2.760150848522943
2024-03-14,-0.011958083529214633,1.0,0.0,-0.011958083529214633,-0.011958083529214633,2.5596018239570655,2.727341294783157
2024-03-15,0.008170805155048986,1.0,0.0,0.008170805155048986,0.008170805155048986,2.5806015070629083,2.749717159019487
2024-03-18,0.0024884437246092054,1.0,0.0,0.0024884437246092054,0.0024884437246092054,2.587031185317225,2.756568196103082
2024-03-19,0.011786976004885482,1.0,0.0,0.011786976004885482,0.011786976004885482,2.617704879741489,2.7892520427404164
2024-03-20,0.004721019514417051,1.0,0.0,0.004721019514417051,0.004721019514417051,2.6300923332589803,2.8024512884978017
2024-03-21,0.001143177485102368,0.0,0.0005,-0.0005,0.001143177485102368,2.628777615799106,2.805656819610309
2024-03-22,-0.003635796360990732,1.0,0.0005,-0.004135796360990732,-0.003635796360990732,2.6179279783125273,2.7954745443117544
2024-03-25,-0.003242953927596161,1.0,0.0,-0.003242953927596161,-0.003242953927596161,2.6094519096715296,2.7864236329352616
2024-03-26,0.003400329797703632,1.0,0.0,0.003400329797703632,0.003400329797703632,2.61834000942702,2.795914519170334
2024-03-27,-0.001845102004036944,0.0,0.0005,-0.0005,-0.001845102004036944,2.617031166660266,2.790760527969831
2024-03-28,0.002114831601752241,1.0,0.0005,0.001614831601752241,0.002114831601752241,2.621260645319764,2.796668761785042
2024-04-01,-0.008667638852714533,0.0,0.0005,-0.0005,-0.008667638852714533,2.6199503426000823,2.772532998114395
2024-04-02,0.0022418233820408703,1.0,0.0005,0.0017418233820408703,0.0022418233820408703,2.624517810072641,2.778755499685734
2024-04-03,-0.015408765845506631,0.0,0.0005,-0.0005,-0.015408765845506631,2.6232058791776605,2.736266499057198
2024-04-04,0.011715003643543814,0.0,0.0,0.0,0.011715003643543814,2.6232058791776605,2.768510370835954
2024-04-05,0.0002950957380080848,0.0,0.0,0.0,0.0002950957380080848,2.6232058791776605,2.7693274670018875
2024-04-08,0.0036926743590538114,0.0,0.0,0.0,0.0036926743590538114,2.6232058791776605,2.7795725958516675
2024-04-09,-0.00876680609190925,0.0,0.0,-0.0,-0.00876680609190925,2.6232058791776605,2.7553111250785687
2024-04-10,0.015842094733068128,1.0,0.0005,0.015342094733068128,0.015842094733068128,2.663761662114113,2.7993086109365195
2024-04-11,-0.01607023855592315,0.0,0.0005,-0.0005,-0.01607023855592315,2.6624301141977758,2.754682589566312
2024-04-12,-0.01658786726086476,0.0,0.0,-0.0,-0.01658786726086476,2.6624301141977758,2.7093651791326225
2024-04-15,9.279020142128858e-05,0.0,0.0,0.0,9.279020142128858e-05,2.6624301141977758,2.709616593337525
2024-04-16,-0.012276392888587099,1.0,0.0005,-0.012776392888587099,-0.012276392888587099,2.6286302410290032,2.676555625392836
2024-04-17,-0.005722712114822937,1.0,0.0,-0.005722712114822937,-0.005722712114822937,2.6136303079891285,2.661282212445005
2024-04-18,-0.020906185852466178,1.0,0.0,-0.020906185852466178,-0.020906185852466178,2.5595564753021707,2.6062225015713403
2024-04-19,0.010006442450793502,1.0,0.0,0.010006442450793502,0.010006442450793502,2.585297101136031,2.6324324324324344
2024-04-22,0.014812627896238892,1.0,0.0,0.014812627896238892,0.014812627896238892,2.6238771758270683,2.671715901948462
2024-04-23,0.0033819520714711768,0.0,0.0005,-0.0005,0.0033819520714711768,2.6225655651691446,2.6807668133249547
2024-04-24,-0.004841600131739463,1.0,0.0005,-0.005341600131739463,-0.004841600131739463,2.608594216499688,2.667818981772472
2024-04-25,0.015313876919770916,1.0,0.0,0.015313876919770916,0.015313876919770916,2.6488493516583,2.7089880578252687
2024-04-26,0.004052103952570829,1.0,0.0,0.004052103952570829,0.004052103952570829,2.6596045404411353,2.719987429289757
2024-04-29,-0.01903619664246146,1.0,0.0,-0.01903619664246146,-0.01903619664246146,2.6094546316023144,2.6686989314896308
2024-04-30,-0.007256771512826843,1.0,0.0,-0.007256771512826843,-0.007256771512826843,2.5905869575661407,2.649402891263358
2024-05-01,0.012682567862885996,1.0,0.0,0.012682567862885996,0.012682567862885996,2.6236514807956572,2.6832181018227548
2024-05-02,0.019899077249063018,1.0,0.0,0.019899077249063018,0.019899077249063018,2.6763826349423585,2.7371464487743578
2024-05-03,0.010893876363336196,1.0,0.0,0.010893876363336196,0.010893876363336196,2.705698206653287,2.76712759270899
2024-05-06,0.00015898792860857114,1.0,0.0,0.00015898792860857114,0.00015898792860857114,2.7061284142046,2.767567567567569
2024-05-07,-0.0005906540529291615,1.0,0.0,-0.0005906540529291615,-0.0005906540529291615,2.704530500442579,2.765933375235702
2024-05-08,0.002179144640426831,1.0,0.0,0.002179144640426831,0.002179144640426831,2.710430489717734,2.771967316153364
2024-05-09,0.002355393578874296,1.0,0.0,0.002355393578874296,0.002355393578874296,2.716822144765819,2.778504085480831
2024-05-10,0.0023047211774360034,1.0,0.0,0.0023047211774360034,0.0023047211774360034,2.7230908833706717,2.784915147705847
2024-05-13,0.00641164838064049,1.0,0.0,0.00641164838064049,0.00641164838064049,2.740606476531289,2.8028284098051555
2024-05-14,0.015509361532795434,1.0,0.0,0.015509361532795434,0.015509361532795434,2.7834428569977816,2.8466373350094294
2024-05-15,-0.002033419496509813,0.0,0.0005,-0.0005,-0.002033419496509813,2.7820514834416588,2.8408548082966703
2024-05-16,-0.0004868657010771622,1.0,0.0005,-0.0009868657010771622,-0.0004868657010771622,2.779307326533897,2.8394720301697056
2024-05-17,0.006948531823132312,0.0,0.0005,-0.0005,0.006948531823132312,2.7779180202261506,2.8592708988057844
2024-05-20,0.001954519623870354,1.0,0.0005,0.0014545196238703539,0.001954519623870354,2.7819614964449535,2.8648648648648662
2024-05-21,-0.0001974745209433014,0.0,0.0005,-0.0005,-0.0001974745209433014,2.780570863383968,2.8642991829038356
2024-05-22,-0.004508623492407011,1.0,0.0005,-0.005008623492407011,-0.004508623492407011,2.7666788498096935,2.851414204902579
2024-05-23,0.009411989050763028,0.0,0.0005,-0.0005,0.009411989050763028,2.7652958561620133,2.8783783783783807
2024-05-24,0.0037705873819828964,0.0,0.0,0.0,0.0037705873819828964,2.7652958561620133,2.8892520427404174
2024-05-28,-0.007073338664500525,1.0,0.0005,-0.007573338664500525,-0.007073338664500525,2.7444324367254582,2.8688874921433083
2024-05-29,-0.010771147869671087,1.0,0.0,-0.010771147869671087,-0.010771147869671087,2.7150303803421716,2.8381521055939687
2024-05-30,-0.0018619915383390603,0.0,0.0005,-0.0005,-0.0018619915383390603,2.7136732044742424,2.832872407291014
2024-05-31,0.005354942872349604,1.0,0.0005,0.004854942872349603,0.005354942872349604,2.7268799659516536,2.84808296668762
2024-06-03,0.002732784069872197,1.0,0.0,0.002732784069872197,0.002732784069872197,2.7343421316828564,2.8558768070396
2024-06-04,0.019959263729746008,0.0,0.0005,-0.0005,0.019959263729746008,2.7329753023528234,2.9134506599622902
2024-06-05,-0.00034523681430391825,1.0,0.0005,-0.0008452368143039182,-0.00034523681430391825,2.7306662669930066,2.91244500314268
2024-06-06,-0.0008852137505492057,0.0,0.0005,-0.0005,-0.0008852137505492057,2.729301275135912,2.9098680075424284
2024-06-07,0.004031090079096102,0.0,0.0,0.0,0.004031090079096102,2.729301275135912,2.921621621621624
2024-06-10,0.006839282702586575,0.0,0.0,0.0,0.006839282702586575,2.729301275135912,2.9416719044626043
2024-06-11,0.01301269728247063,0.0,0.0,0.0,0.01301269728247063,2.729301275135912,2.9802011313639247
2024-06-12,0.005405589108987094,1.0,0.0005,0.004905589108987094,0.005405589108987094,2.7427229995630293,2.9963544940289153
2024-06-13,0.005167862031251512,0.0,0.0005,-0.0005,0.005167862031251512,2.74135198084649,3.0118793211816492
2024-06-14,0.01217541615609773,1.0,0.0005,0.01167541615609773,0.01217541615609773,2.7735459795087727,3.0487743557511022
2024-06-17,0.0003091922891463394,0.0,0.0005,-0.0005,0.0003091922891463394,2.772159553154491,3.0497171590194867
2024-06-18,-0.007737862914044295,1.0,0.0005,-0.008237862914044295,-0.007737862914044295,2.749416687698973,3.0262099308610964
2024-06-20,-0.002682890394164811,1.0,0.0,-0.002682890394164811,-0.002682890394164811,2.7420501902492216,3.0181018227529877
2024-06-21,-0.013038103658470617,0.0,0.0005,-0.0005,-0.013038103658470617,2.740679507853252,2.9790069138906365
2024-06-24,0.011370672366305285,0.0,0.0,0.0,0.011370672366305285,2.740679507853252,3.013073538654936
2024-06-25,0.0020630379809957722,0.0,0.0,0.0,0.0020630379809957722,2.740679507853252,3.019296040226275
2024-06-26,0.00257801760280116,0.0,0.0,0.0,0.00257801760280116,2.740679507853252,3.027089880578255
2024-06-27,-0.005204441758178706,0.0,0.0,-0.0,-0.005204441758178706,2.740679507853252,3.011376492771844
2024-06-28,0.005847909031011501,0.0,0.0,0.0,0.005847909031011501,2.740679507853252,3.02903834066625
2024-07-01,0.010444929306005032,0.0,0.0,0.0,0.010444929306005032,2.740679507853252,3.0608422375864257
2024-07-02,0.008302536393946925,0.0,0.0,0.0,0.008302536393946925,2.740679507853252,3.086360779384037
2024-07-03,0.010372864480712687,0.0,0.0,0.0,0.010372864480712687,2.740679507853252,3.1185417976115666
2024-07-05,0.0023754414793510244,0.0,0.0,0.0,0.0023754414793510244,2.740679507853252,3.1259585166561927
2024-07-08,0.0008642261192499693,1.0,0.0005,0.0003642261192499693,0.0008642261192499693,2.7416779167267626,3.128661219358895
2024-07-09,0.010372521124065727,1.0,0.0,0.010372521124065727,0.010372521124065727,2.7702640275566877,3.1612822124450046
2024-07-10,-0.022174214127512006,0.0,0.0005,-0.0005,-0.022174214127512006,2.7688792417682064,3.0919547454431187
2024-07-11,0.005857630126025553,0.0,0.0,0.0,0.005857630126025553,2.7688792417682064,3.1101194217473305
2024-07-12,0.0026842402869314106,0.0,0.0,0.0,0.0026842402869314106,2.7688792417682064,3.1184789440603407
2024-07-15,0.00038287539888769644,1.0,0.0005,-0.00011712460111230357,0.00038287539888769644,2.768554956882726,3.1196731615336275
2024-07-16,-0.02979435401762903,0.0,0.0005,-0.0005,-0.02979435401762903,2.7671710254159834,3.0280955373978635
2024-07-17,-0.004743782692837453,0.0,0.0,-0.0,-0.004743782692837453,2.7671710254159834,3.0137649277184173
2024-07-18,-0.00890309945858512,1.0,0.0005,-0.009403099458585121,-0.00890309945858512,2.7412729927548716,2.987052168447519
2024-07-19,0.014787854591063361,1.0,0.0,0.014787854591063361,0.014787854591063361,2.7821117537781532,3.0315524827152744
2024-07-22,-0.0035308570962907923,0.0,0.0005,-0.0005,-0.0035308570962907923,2.78072104560728,3.0208673790069147
2024-07-23,-0.0365294852756318,0.0,0.0,-0.0,-0.0365294852756318,2.78072104560728,2.9125078566939044
2024-07-24,-0.011088921742834391,0.0,0.0,-0.0,-0.011088921742834391,2.78072104560728,2.8803896920175998
2024-07-25,0.010203727104151497,1.0,0.0005,0.009703727104151497,0.010203727104151497,2.807835747857258,2.909930861093653
2024-07-26,0.0020067545871532157,0.0,0.0005,-0.0005,0.0020067545871532157,2.806432180904309,2.915776241357637
2024-07-29,-0.013826555421495869,0.0,0.0,-0.0,-0.013826555421495869,2.806432180904309,2.875738529226902
2024-07-30,0.029164246594901057,1.0,0.0005,0.028664246594901056,0.029164246594901057,2.8880404775218578,2.9608422375864247
2024-07-31,-0.024519617174318498,0.0,0.0005,-0.0005,-0.024519617174318498,2.886596818227997,2.8891263356379646
2024-08-01,-0.024021145954296,1.0,0.0005,-0.024521145954296,-0.024021145954296,2.816674942156769,2.8205531112507862
2024-08-02,-0.030269695534838627,1.0,0.0,-0.030269695534838627,-0.030269695534838627,2.7326925227115155,2.7364550597108743
2024-08-05,0.009509729913681356,0.0,0.0005,-0.0005,0.009509729913681356,2.731326517979801,2.762602137020742
2024-08-06,-0.01088881855480641,1.0,0.0005,-0.011388818554806411,-0.01088881855480641,2.70039639892518,2.7326838466373355
2024-08-07,0.03013231458270047,0.0,0.0005,-0.0005,0.03013231458270047,2.699046538219016,2.8162790697674422
2024-08-08,0.0052088088564624,0.0,0.0,0.0,0.0052088088564624,2.699046538219016,2.830986800754243
2024-08-09,0.0021512777344975744,0.0,0.0,0.0,0.0021512777344975744,2.699046538219016,2.8370835952231306
2024-08-12,0.024509958167167833,1.0,0.0005,0.024009958167167833,0.024509958167167833,2.7646347671920304,2.907479572595852
2024-08-13,0.0003242156711026025,0.0,0.0005,-0.0005,0.0003242156711026025,2.763252795330191,2.9084223758642365
2024-08-14,0.02494927467243515,0.0,0.0,0.0,0.02494927467243515,2.763252795330191,2.981898177247015
2024-08-15,0.001284954624111364,1.0,0.0005,0.000784954624111364,0.001284954624111364,2.765422674906563,2.985732243871779
2024-08-16,0.013050483245022053,1.0,0.0,0.013050483245022053,0.013050483245022053,2.8017493016278583,3.0249528598365805
2024-08-19,-0.0021008192598558624,0.0,0.0005,-0.0005,-0.0021008192598558624,2.8003487771373443,3.01860465116279
2024-08-20,0.004653296858872257,1.0,0.0005,0.004153296858872257,0.004653296858872257,2.8120036432227837,3.0326838466373345
2024-08-21,-0.015981956090079043,1.0,0.0,-0.015981956090079043,-0.015981956090079043,2.7674195440089924,2.9846008799497166
2024-08-22,0.010787139212975104,1.0,0.0,0.010787139212975104,0.010787139212975104,2.797433676159453,3.016970458830923
2024-08-23,-0.009755766448716195,1.0,0.0,-0.009755766448716195,-0.009755766448716195,2.7702752575534046,2.9876807039597724
2024-08-26,0.002982882161287307,1.0,0.0,0.002982882161287307,0.002982882161287307,2.7785509988453763,2.996605908233814
2024-08-27,-0.011412301772348447,1.0,0.0,-0.011412301772348447,-0.011412301772348447,2.7470215901203296,2.962602137020741
2024-08-28,-0.0014649528633453386,1.0,0.0,-0.0014649528633453386,-0.0014649528633453386,2.7430002792108508,2.958265241986172
2024-08-29,0.011848955330997885,0.0,0.0005,-0.0005,0.011848955330997885,2.7416291218891415,2.993526084223758
2024-08-30,-0.030831369228027688,0.0,0.0,-0.0,-0.030831369228027688,2.7416291218891415,2.902639849151476
2024-09-03,-0.0026018531188913355,1.0,0.0005,-0.0031018531188913355,-0.0026018531188913355,2.7331381667024517,2.895097423004399
2024-09-04,0.0009331091655180036,0.0,0.0005,-0.0005,0.0009331091655180036,2.731771939204438,2.8978001257071018
2024-09-05,-0.02715258100057336,0.0,0.0,-0.0,-0.02715258100057336,2.731771939204438,2.820175989943431
2024-09-06,0.01277767481581391,0.0,0.0,0.0,0.01277767481581391,2.731771939204438,2.8564424890006275
2024-09-09,0.009199293892174285,1.0,0.0005,0.008699293892174284,0.009199293892174285,2.7556400936714005,2.882840980515398
2024-09-10,0.021483010651460598,0.0,0.0005,-0.0005,0.021483010651460598,2.754262618022175,2.9454431175361395
2024-09-11,0.00976819115066799,0.0,0.0,0.0,0.00976819115066799,2.754262618022175,2.9743557510999357
2024-09-12,0.004469940815265907,0.0,0.0,0.0,0.004469940815265907,2.754262618022175,2.9876807039597724
2024-09-13,-0.004427678067758385,1.0,0.0005,-0.004927678067758385,-0.004427678067758385,2.740723883185492,2.9744814582023875
2024-09-16,0.0005281336934731271,1.0,0.0,0.0005281336934731271,0.0005281336934731271,2.742171734108483,2.976052796983028
2024-09-17,-0.0043389525492774006,1.0,0.0,-0.0043389525492774006,-0.0043389525492774006,2.7302993565399545,2.9631678189817707
2024-09-18,0.024969877108703895,0.0,0.0005,-0.0005,0.024969877108703895,2.72893454809223,3.0380892520427385
2024-09-19,-0.0019051569233196626,1.0,0.0005,-0.0024051569233196624,-0.0019051569233196626,2.7223789190890804,3.0323067253299794
2024-09-20,0.0012429052434864889,1.0,0.0,0.0012429052434864889,0.0012429052434864889,2.7257646817776084,3.036077938403518
2024-09-23,0.004812020726826285,1.0,0.0,0.004812020726826285,0.004812020726826285,2.7389127268847253,3.050722815839093
2024-09-24,0.0009266982407228952,1.0,0.0,0.0009266982407228952,0.0009266982407228952,2.7414520489011216,3.053551225644247
2024-09-25,0.0074849881387814374,1.0,0.0,0.0074849881387814374,0.0074849881387814374,2.7620487719230007,3.076492771841608
2024-09-26,-0.0055725288125503,1.0,0.0,-0.0055725288125503,-0.0055725288125503,2.7466999810683403,3.0593966059082325
2024-09-27,0.0027081939368795564,1.0,0.0,0.0027081939368795564,0.0027081939368795564,2.754148658983102,3.0676932746700176
2024-09-30,-0.014030395009164339,1.0,0.0,-0.014030395009164339,-0.014030395009164339,2.7157766818464513,3.0249528598365796
2024-10-01,0.001411931049952819,1.0,0.0,0.001411931049952819,0.001411931049952819,2.719613879560116,3.029226901319923
2024-10-02,-0.0007472445705445171,1.0,0.0,-0.0007472445705445171,-0.0007472445705445171,2.7175824219469993,3.0269641734758
2024-10-03,0.011827861826774087,1.0,0.0,0.011827861826774087,0.011827861826774087,2.7499164556224414,3.062979258328094
2024-10-04,-0.010769430074630104,1.0,0.0,-0.010769430074630104,-0.010769430074630104,2.720460320232248,3.030169704588307
2024-10-07,0.01482423688350135,1.0,0.0,0.01482423688350135,0.01482423688350135,2.7610894724945845,3.0754242614707716
2024-10-08,0.007837589104924625,1.0,0.0,0.007837589104924625,0.007837589104924625,2.782814783079306,3.099622878692645
2024-10-09,-0.001136202366231721,1.0,0.0,-0.001136202366231721,-0.001136202366231721,2.779654737903346,3.0961030798240086
2024-10-10,0.0015619456494666423,1.0,0.0,0.0015619456494666423,0.0015619456494666423,2.7839998000202906,3.1009428032683832
2024-10-11,0.00835642591540996,1.0,0.0,0.00835642591540996,0.00835642591540996,2.807361562571133,3.1269641734757996
2024-10-14,-0.013456974460117056,0.0,0.0005,-0.0005,-0.013456974460117056,2.8059582326515637,3.0851665619107465
2024-10-15,0.00012222946560200775,1.0,0.0005,-0.00037777053439799226,0.00012222946560200775,2.8048984245052653,3.0855436832181002
2024-10-16,0.0006923515793384924,1.0,0.0,0.0006923515793384924,0.0006923515793384924,2.806841072779555,3.0876807039597716
2024-10-17,0.0065333186982101665,1.0,0.0,0.0065333186982101665,0.0065333186982101665,2.8252390946713626,3.1079195474544297
2024-10-18,0.0019194057757111205,1.0,0.0,0.0019194057757111205,0.0019194057757111205,2.8306670824965847,3.1138906348208653
2024-10-21,0.001089390654249127,1.0,0.0,0.001089390654249127,0.001089390654249127,2.833752465049869,3.1172847265870502
2024-10-22,-0.015442439510986542,0.0,0.0005,-0.0005,-0.015442439510986542,2.832335942977373,3.069516027655561
2024-10-23,0.008076072773077035,1.0,0.0005,0.007576072773077034,0.008076072773077035,2.8538754154799824,3.0944060339409165
2024-10-24,0.006075106773166096,1.0,0.0,0.006075106773166096,0.006075106773166096,2.8712657840338496,3.1132620993086095
2024-10-25,0.00016149870836134364,0.0,0.0005,-0.0005,0.00016149870836134364,2.8698305099902455,3.1137649277184147
2024-10-28,0.00956253017785279,0.0,0.0,0.0,0.00956253017785279,2.8698305099902455,3.143683218101822
2024-10-29,-0.00758628480296532,1.0,0.0005,-0.00808628480296532,-0.00758628480296532,2.8467178170001963,3.1199245757385285
2024-10-30,-0.025566821103194977,0.0,0.0005,-0.0005,-0.025566821103194977,2.8452948138721244,3.041169076052796
2024-10-31,0.007371749057366306,1.0,0.0005,0.006871749057366306,0.007371749057366306,2.864914298711363,3.063670647391577
2024-11-01,-0.0029174905638226214,0.0,0.0005,-0.0005,-0.0029174905638226214,2.8634821996166164,3.0547454431175356
2024-11-04,0.01267625487440547,0.0,0.0,0.0,0.01267625487440547,2.8634821996166164,3.0937146448774353
2024-11-05,0.026800830393324256,0.0,0.0,0.0,0.026800830393324256,2.8634821996166164,3.1777498428661213
2024-11-06,0.015621638033348149,1.0,0.0005,0.015121638033348149,0.015621638033348149,2.907111784979965,3.2277812696417336
2024-11-07,0.0011676787875090876,0.0,0.0005,-0.0005,0.0011676787875090876,2.9056585924158913,3.231552482715272
2024-11-08,-0.0005836689595453468,1.0,0.0005,-0.0010836689595453467,-0.0005836689595453468,2.902511525889385,3.2296668761785026
2024-11-11,-0.0018115417664095626,1.0,0.0,-0.0018115417664095626,-0.0018115417664095626,2.8972582647203886,3.2238214959145175
2024-11-12,-0.001287604064118326,0.0,0.0005,-0.0005,-0.001287604064118326,2.8958099976849594,3.2196731615336254
2024-11-13,-0.0069739934351512635,1.0,0.0005,-0.007473993435151264,-0.0069739934351512635,2.874247412457812,3.197297297297296
2024-11-14,-0.024114333227992134,1.0,0.0,-0.024114333227992134,-0.024114333227992134,2.8057658644836265,3.1211187932118154
2024-11-15,0.006923637166347413,1.0,0.0,0.006923637166347413,0.006923637166347413,2.8252593744267736,3.142803268384663
2024-11-18,0.00685616748781993,1.0,0.0,0.00685616748781993,0.00685616748781993,2.8446963814425494,3.1644248900062846
2024-11-19,-0.0005761799430235307,0.0,0.0005,-0.0005,-0.0005761799430235307,2.843274388779619,3.1626021370207416
2024-11-20,0.0035907393636968508,1.0,0.0005,0.0030907393636968507,0.0035907393636968508,2.8520758032875326,3.1739786297925834
2024-11-21,0.0016027388493763393,1.0,0.0,0.0016027388493763393,0.0016027388493763393,2.8566506011026194,3.17906976744186
2024-11-22,0.001580434553266792,0.0,0.0005,-0.0005,0.001580434553266792,2.8552226328238874,3.184098051539911
2024-11-25,0.005354870557302359,1.0,0.0005,0.0048548705573023595,0.005354870557302359,2.869118072105372,3.2011942174732866
2024-11-26,-0.007904556192788981,1.0,0.0,-0.007904556192788981,-0.007904556192788981,2.8465283655040046,3.175989943431803
2024-11-27,0.00874847950473771,1.0,0.0,0.00874847950473771,0.00874847950473771,2.87154040972098,3.2038969201759886
2024-11-29,0.010829057172113252,1.0,0.0,0.010829057172113252,0.010829057172113252,2.902805464992199,3.238780641106221
2024-12-02,0.00306154323771073,1.0,0.0,0.00306154323771073,0.00306154323771073,2.911706147393736,3.2487115021998734
2024-12-03,0.012287080254524758,1.0,0.0,0.012287080254524758,0.012287080254524758,2.9477032110303294,3.2888749214330604
2024-12-04,-0.002774935517140207,0.0,0.0005,-0.0005,-0.002774935517140207,2.946229727826313,3.2797611565053417
2024-12-05,0.008909807198054726,1.0,0.0005,0.008409807198054725,0.008909807198054726,2.97111143031278,3.3091137649277176
2024-12-06,-0.007818051757729283,1.0,0.0,-0.007818051757729283,-0.007818051757729283,2.9479736912452323,3.283343808925203
2024-12-09,-0.003413299829669369,1.0,0.0,-0.003413299829669369,-0.003413299829669369,2.9379285264793213,3.2721558768070387
2024-12-10,0.017744059196375058,0.0,0.0005,-0.0005,0.017744059196375058,2.9364599293959484,3.330735386549339
2024-12-11,-0.0064747201828099545,0.0,0.0,-0.0,-0.0064747201828099545,2.9364599293959484,3.309239472030169
2024-12-12,0.007625175305220822,0.0,0.0,0.0,0.007625175305220822,2.9364599293959484,3.3345694531741032
2024-12-13,0.014297988499857812,1.0,0.0005,0.013797988499857812,0.014297988499857812,2.9772579880295686,3.3825895663104952
2024-12-16,-0.0044135382686005566,0.0,0.0005,-0.0005,-0.0044135382686005566,2.975769731130784,3.3676932746700174
2024-12-17,-0.03674375349037452,1.0,0.0005,-0.03724375349037452,-0.03674375349037452,2.8669793527819283,3.246197360150848
2024-12-18,-0.004463253547543272,0.0,0.0005,-0.0005,-0.004463253547543272,2.8655462214182355,3.231741043368949
2024-12-19,0.00869461244459308,0.0,0.0,0.0,0.00869461244459308,2.8655462214182355,3.259962287869263
2024-12-20,0.008084304684516284,1.0,0.0005,0.007584304684516284,0.008084304684516284,2.8873620213123523,3.286423632935259
2024-12-23,0.01346866479822245,1.0,0.0,0.01346866479822245,0.01346866479822245,2.9265140031263877,3.330986800754241
2024-12-24,-0.0006795273771239808,1.0,0.0,-0.0006795273771239808,-0.0006795273771239808,2.924526032258538,3.3287240729101173
2024-12-26,-0.0133821948406983,1.0,0.0,-0.0133821948406983,-0.0133821948406983,2.8856501575094815,3.2844751728472636
2024-12-27,-0.013389144025394381,1.0,0.0,-0.013389144025394381,-0.013389144025394381,2.847271275477388,3.240791954745441
2024-12-30,-0.008531078969294783,1.0,0.0,-0.008531078969294783,-0.008531078969294783,2.8230842965852196,3.213262099308609
2024-12-31,-0.00195798233797617,1.0,0.0,-0.00195798233797617,-0.00195798233797617,2.8175621552856382,3.206976744186045
2025-01-02,0.016232702543166916,1.0,0.0,0.016232702543166916,0.016232702543166916,2.8636720351371467,3.259459459459458
2025-01-03,0.011427381043588581,0.0,0.0005,-0.0005,0.011427381043588581,2.8622405570189304,3.2969201759899414
2025-01-06,-0.01800533387533403,1.0,0.0005,-0.01850533387533403,-0.01800533387533403,2.8097609141540203,3.238089252042738
2025-01-07,0.0001746809650712339,0.0,0.0005,-0.0005,0.0001746809650712339,2.8083563848585285,3.238654934003769
2025-01-08,-0.01580534828560434,0.0,0.0,-0.0,-0.01580534828560434,2.8083563848585285,3.1878692646134485
2025-01-10,-0.0032189610613979815,0.0,0.0,-0.0,-0.0032189610613979815,2.8083563848585285,3.1776241357636685
2025-01-13,-0.0009498932084459785,0.0,0.0,-0.0,-0.0009498932084459785,2.8083563848585285,3.1746071653048373
2025-01-14,0.02274560272265942,1.0,0.0005,0.022245602722659418,0.02274560272265942,2.871530027993317,3.2476429918290357
2025-01-15,-0.007030656861489003,1.0,0.0,-0.007030656861489003,-0.007030656861489003,2.8514120897286834,3.2248900062853525
2025-01-16,0.016737601074615513,0.0,0.0005,-0.0005,0.016737601074615513,2.8499867400509338,3.27932118164676
2025-01-17,0.0058478581236138414,0.0,0.0,0.0,0.0058478581236138414,2.8499867400509338,3.2985543683218075
2025-01-21,0.012704774650576534,1.0,0.0005,0.012204774650576533,0.012704774650576534,2.8849833142080255,3.3407291011942153
2025-01-22,0.0021237615462590537,0.0,0.0005,-0.0005,0.0021237615462590537,2.8835411831137394,3.3478315524827127
2025-01-23,-0.005667124282590487,1.0,0.0005,-0.006167124282590487,-0.005667124282590487,2.865812749180592,3.3289126335637937
2025-01-24,-0.02954690721571355,1.0,0.0,-0.02954690721571355,-0.02954690721571355,2.782375571165063,3.231992457573851
2025-01-27,0.014671794621398145,1.0,0.0,0.014671794621398145,0.014671794621398145,2.823498953325764,3.2797611565053395
2025-01-28,-0.001879844027842163,1.0,0.0,-0.001879844027842163,-0.001879844027842163,2.818196201415568,3.2736015084852266
2025-01-29,0.004253368867802892,1.0,0.0,0.004253368867802892,0.004253368867802892,2.830208557783562,3.2875549968573186
2025-01-30,-0.001454072615431148,1.0,0.0,-0.001454072615431148,-0.001454072615431148,2.826096219567492,3.28277812696417
2025-01-31,-0.008035414246676994,1.0,0.0,-0.008035414246676994,-0.008035414246676994,2.803478359379106,3.2565053425518506
2025-02-03,0.012200653942069319,1.0,0.0,0.012200653942069319,0.012200653942069319,2.83789213708201,3.2964802011313608
2025-02-04,0.004527649175805766,1.0,0.0,0.004527649175805766,0.004527649175805766,2.8507702488639137,3.3114393463230645
2025-02-05,0.005206126577261924,1.0,0.0,0.005206126577261924,0.005206126577261924,2.8656504200404833,3.3287240729101164
2025-02-06,-0.012693515929139242,1.0,0.0,-0.012693515929139242,-0.012693515929139242,2.829505131509761,3.286737900691386
2025-02-07,0.012032421321315224,0.0,0.0005,-0.0005,0.012032421321315224,2.828090732573207,3.3265241986172187
2025-02-10,-0.0023835658820050253,1.0,0.0005,-0.0028835658820050253,-0.0023835658820050253,2.8199474930519237,3.3186046511627874
2025-02-11,0.0005869600373005646,1.0,0.0,0.0005869600373005646,0.0005869600373005646,2.821603175399783,3.320553111250782
2025-02-12,0.014283272330534363,1.0,0.0,0.014283272330534363,0.014283272330534363,2.8621940974763267,3.3683218101822714
2025-02-13,0.004189755209502721,0.0,0.0005,-0.0005,0.004189755209502721,2.8607633581422296,3.3824638592080416
2025-02-14,0.0022644600960060354,0.0,0.0,0.0,0.0022644600960060354,2.8607633581422296,3.39013199245757
2025-02-18,0.0002780635671227278,1.0,0.0005,-0.00022193643287727222,0.0002780635671227278,2.860128520976571,3.3910747957259546
2025-02-19,-0.0042535471607749505,0.0,0.0005,-0.0005,-0.0042535471607749505,2.8586988141725693,3.376681332495282
2025-02-20,-0.020973015784900455,0.0,0.0,-0.0,-0.020973015784900455,2.8586988141725693,3.3065996228786894
2025-02-21,-0.01187451210749677,1.0,0.0005,-0.012374512107496771,-0.01187451210749677,2.823541785252515,3.2675675675675637
2025-02-24,-0.01267934794400333,1.0,0.0,-0.01267934794400333,-0.01267934794400333,2.7879671248693354,3.2263984915147677
2025-02-25,0.002412734174286459,1.0,0.0,0.002412734174286459,0.002412734174286459,2.794701869735769,3.2341923318667476
2025-02-26,-0.028164213875888286,0.0,0.0005,-0.0005,-0.028164213875888286,2.7933048680804196,3.1443746071653025
2025-02-27,0.015668084591741682,1.0,0.0005,0.015168084591741682,0.015668084591741682,2.8359969123666597,3.194028912633561
2025-02-28,-0.022125412608246027,0.0,0.0005,-0.0005,-0.022125412608246027,2.8345792683510145,3.124135763670645
2025-03-03,-0.003022367805436653,1.0,0.0005,-0.003522367805436653,-0.003022367805436653,2.824612401384848,3.1147077309867983
2025-03-04,0.012951782959329833,1.0,0.0,0.012951782959329833,0.012951782959329833,2.8614341067888356,3.155311125078564
2025-03-05,-0.027894881853187684,0.0,0.0005,-0.0005,-0.027894881853187684,2.860003747355099,3.0685103708359494
2025-03-06,0.007326638147615067,0.0,0.0,0.0,0.007326638147615067,2.860003747355099,3.0910747957259566
2025-03-07,-0.03952739512119919,0.0,0.0,-0.0,-0.03952739512119919,2.860003747355099,2.9712759270898785
2025-03-10,-0.0023932323220595578,1.0,0.0005,-0.0028932323220595578,-0.0023932323220595578,2.851741050786206,2.964173475801381
2025-03-11,0.011217593274715373,1.0,0.0,0.011217593274715373,0.011217593274715373,2.8839108183650497,2.997611565053424
2025-03-12,-0.018154234064064856,1.0,0.0,-0.018154234064064856,-0.018154234064064856,2.832027997720975,2.943683218101821
2025-03-13,0.023882991708153018,1.0,0.0,0.023882991708153018,0.023882991708153018,2.900479458057913,3.0148334380892514
2025-03-14,0.006462830179672,0.0,0.0005,-0.0005,0.006462830179672,2.899029580828398,3.034380892520427
2025-03-17,-0.017194436002310326,0.0,0.0,-0.0,-0.017194436002310326,2.899029580828398,2.9826524198617217
2025-03-18,0.013292639964092178,1.0,0.0005,0.012792639964092177,0.013292639964092178,2.9363540527505734,3.022564424890006
2025-03-19,-0.0033953060790510095,0.0,0.0005,-0.0005,-0.0033953060790510095,2.9348862427072886,3.0123192960402254
2025-03-20,0.0032913267916312924,1.0,0.0005,0.0027913267916312924,0.0032913267916312924,2.9430899135434667,3.022250157133877
2025-03-21,0.020216849135833128,0.0,0.0005,-0.0005,0.020216849135833128,2.9416187364116277,3.08397234443746
2025-03-24,0.0056903783185460535,1.0,0.0005,0.005190378318546053,0.0056903783185460535,2.9569265428096996,3.10157133878064
2025-03-25,-0.018572079255453667,1.0,0.0,-0.018572079255453667,-0.018572079255453667,2.9025170810322263,3.044500314267755
2025-03-26,-0.005714301263438664,1.0,0.0,-0.005714301263438664,-0.005714301263438664,2.8859785221659457,3.0271527341294773
2025-03-27,-0.026680592878950762,1.0,0.0,-0.026680592878950762,-0.026680592878950762,2.809997027084628,2.9474544311753603
2025-03-28,-4.26502889621754e-05,0.0,0.0005,-0.0005,-4.26502889621754e-05,2.80859237976218,2.9473287240729094
2025-03-31,0.008028759595563144,1.0,0.0005,0.007528759595563143,0.008028759595563144,2.829817395354586,2.9710873664362025
2025-04-01,0.007271992840864276,1.0,0.0,0.007271992840864276,0.007271992840864276,2.8504708119274085,2.9927718416090494
2025-04-02,-0.05501975571407946,1.0,0.0,-0.05501975571407946,-0.05501975571407946,2.6978749891908143,2.8325581395348824
2025-04-03,-0.06412144219268044,0.0,0.0005,-0.0005,-0.06412144219268044,2.6965263888743936,2.656631049654304
2025-04-04,0.002410323015787155,1.0,0.0005,0.0019103230157871548,0.002410323015787155,2.7016825486950817,2.66304211187932
2025-04-07,-0.01817257511884545,1.0,0.0,-0.01817257511884545,-0.01817257511884545,2.653029434752002,2.6150848522941534
2025-04-08,0.11335615349540927,1.0,0.0,0.11335615349540927,0.11335615349540927,2.9714745868250567,2.9289754871150206
2025-04-09,-0.04346317608114219,0.0,0.0005,-0.0005,-0.04346317608114219,2.9699892209040697,2.8043997485857943
2025-04-10,0.018255409362437823,0.0,0.0,0.0,0.018255409362437823,2.9699892209040697,2.8560653676932737
2025-04-11,0.006755300506074558,0.0,0.0,0.0,0.006755300506074558,2.9699892209040697,2.8754242614707723
2025-04-14,0.0011141819016669495,0.0,0.0,0.0,0.0011141819016669495,2.9699892209040697,2.87862979258328
2025-04-15,-0.030617464131621065,0.0,0.0,-0.0,-0.030617464131621065,2.9699892209040697,2.791829038340665
2025-04-16,-0.000180123385005334,0.0,0.0,-0.0,-0.000180123385005334,2.9699892209040697,2.79132620993086
2025-04-17,-0.02505802498822373,0.0,0.0,-0.0,-0.02505802498822373,2.9699892209040697,2.722250157133877
2025-04-21,0.02591332225614612,0.0,0.0,0.0,0.02591332225614612,2.9699892209040697,2.7937146448774346
2025-04-22,0.02242485853989883,0.0,0.0,0.0,0.02242485853989883,2.9699892209040697,2.857071024512883
2025-04-23,0.027748523522714754,0.0,0.0,0.0,0.027748523522714754,2.9699892209040697,2.937460716530483
2025-04-24,0.011086281370387245,0.0,0.0,0.0,0.011086281370387245,2.9699892209040697,2.970207416719043
2025-04-25,-0.0003174703985520059,1.0,0.0005,-0.0008174703985520059,-0.0003174703985520059,2.9675623347209186,2.969264613450658
2025-04-28,0.006582718877482998,0.0,0.0005,-0.0005,0.006582718877482998,2.9660789244370336,2.9888749214330588
2025-04-29,-0.0001261829654669907,0.0,0.0,-0.0,-0.0001261829654669907,2.9660789244370336,2.988497800125705
2025-04-30,0.012976204643748447,1.0,0.0005,0.012476204643748446,0.012976204643748447,3.0033161386260336,3.0275298554368297
2025-05-01,0.014734787613254826,1.0,0.0,0.014734787613254826,0.014734787613254826,3.0478970022516276,3.0724701445631655
2025-05-02,-0.005950200164501514,0.0,0.0005,-0.0005,-0.005950200164501514,3.046373434674137,3.0542426147077286
2025-05-05,-0.00934528272556755,1.0,0.0005,-0.00984528272556755,-0.00934528272556755,3.016528185454002,3.0258328095537377
2025-05-06,0.003918280971660209,1.0,0.0,0.003918280971660209,0.003918280971660209,3.0283709769841076,3.0377121307353843
2025-05-07,0.010271912793276012,1.0,0.0,0.010271912793276012,0.010271912793276012,3.059638453034492,3.0690760527969805
2025-05-08,-0.0006555630906937166,1.0,0.0,-0.0006555630906937166,-0.0006555630906937166,3.0576333243098177,3.06706473915776
2025-05-09,0.03993219983188958,1.0,0.0,0.03993219983188958,0.03993219983188958,3.1822019463301867,3.192017598994341
2025-05-12,0.015125747611687229,0.0,0.0005,-0.0005,0.015125747611687229,3.1806112430659774,3.2406662476429897
2025-05-13,0.005975246683485812,0.0,0.0,0.0,0.005975246683485812,3.1806112430659774,3.2600879949717125
2025-05-14,0.001098340075538202,0.0,0.0,0.0,0.001098340075538202,3.1806112430659774,3.2636706473915744
2025-05-15,0.004342986956175698,0.0,0.0,0.0,0.004342986956175698,3.1806112430659774,3.2778755499685697
2025-05-16,0.0009582950748690498,0.0,0.0,0.0,0.0009582950748690498,3.1806112430659774,3.2810182275298514
2025-05-19,-0.0033388371962152818,0.0,0.0,-0.0,-0.0033388371962152818,3.1806112430659774,3.270081709616589
2025-05-20,-0.013994092750443958,1.0,0.0005,-0.014494092750443959,-0.013994092750443958,3.1348436498070336,3.224638592080448
2025-05-21,0.001869450614557799,0.0,0.0005,-0.0005,0.001869450614557799,3.1332766197722854,3.2306725329981103
2025-05-22,-0.009303847261720514,0.0,0.0,-0.0,-0.009303847261720514,3.1332766197722854,3.2007542426147033
2025-05-23,0.023252799306439507,0.0,0.0,0.0,0.023252799306439507,3.1332766197722854,3.276052796983025
2025-05-27,-0.004441759775942576,0.0,0.0,-0.0,-0.004441759775942576,3.1332766197722854,3.261533626649901
2025-05-28,0.001963729405451779,0.0,0.0,0.0,0.001963729405451779,3.1332766197722854,3.267944688874916
2025-05-29,-0.001578380370799464,0.0,0.0,-0.0,-0.001578380370799464,3.1332766197722854,3.262790697674414
2025-05-30,0.007867106351588224,0.0,0.0,0.0,0.007867106351588224,3.1332766197722854,3.2885606536769285
2025-06-02,0.00778673342624178,0.0,0.0,0.0,0.00778673342624178,3.1332766197722854,3.3142677561282166
2025-06-03,0.002783908167815893,0.0,0.0,0.0,0.002783908167815893,3.1332766197722854,3.323507228158386
2025-06-04,-0.007555372133955925,0.0,0.0,-0.0,-0.007555372133955925,3.1332766197722854,3.2984915147705802
2025-06-05,0.00972786918655611,0.0,0.0,0.0,0.00972786918655611,3.1332766197722854,3.3307353865493354
2025-06-06,0.0014708380770092405,0.0,0.0,0.0,0.0014708380770092405,3.1332766197722854,3.335637963544936
2025-06-09,0.006592130247483411,1.0,0.0005,0.006092130247483412,0.006592130247483411,3.1524232115896442,3.3576995600251367
2025-06-10,-0.003375150866749657,1.0,0.0,-0.003375150866749657,-0.003375150866749657,3.1418012431112152,3.3463859208045204
2025-06-11,0.002345062843614029,0.0,0.0005,-0.0005,0.002345062843614029,3.1402307351493692,3.3542426147077267
2025-06-12,-0.012634287725759502,0.0,0.0,-0.0,-0.012634287725759502,3.1402307351493692,3.3121307353865457
2025-06-13,0.013814118379029818,0.0,0.0,0.0,0.013814118379029818,3.1402307351493692,3.3582023884349423
2025-06-16,-0.009799113553620706,0.0,0.0,-0.0,-0.009799113553620706,3.1402307351493692,3.325455688246383
2025-06-17,-0.00017012106990482983,0.0,0.0,-0.0,-0.00017012106990482983,3.1402307351493692,3.3248900062853517
2025-06-18,-0.004091612232068815,0.0,0.0,-0.0,-0.004091612232068815,3.1402307351493692,3.3113136392206126
2025-06-20,0.009107462241222008,0.0,0.0,0.0,0.009107462241222008,3.1402307351493692,3.3416090509113725
2025-06-23,0.015176271040872283,0.0,0.0,0.0,0.015176271040872283,3.1402307351493692,3.392708988057821
2025-06-24,0.002553334597192239,0.0,0.0,0.0,0.002553334597192239,3.1402307351493692,3.4013827781269605
2025-06-25,0.009306841258020282,0.0,0.0,0.0,0.009306841258020282,3.1402307351493692,3.433186675047137
2025-06-26,0.0034176820466208188,0.0,0.0,0.0,0.0034176820466208188,3.1402307351493692,3.4449402891263325
2025-06-27,0.006456152566336343,0.0,0.0,0.0,0.006456152566336343,3.1402307351493692,3.467253299811435
2025-06-30,-0.008465138886913987,1.0,0.0005,-0.008965138886913988,-0.008465138886913987,3.1122039501994316,3.438026398491511
2025-07-01,0.006941246135276686,1.0,0.0,0.006941246135276686,0.006941246135276686,3.1338816720046925,3.4619736015084808
2025-07-02,0.009792132587266545,0.0,0.0005,-0.0005,0.009792132587266545,3.132315122838618,3.4960402262727803
2025-07-03,-0.007561506815373562,0.0,0.0,-0.0,-0.007561506815373562,3.132315122838618,3.4697045883092352
2025-07-07,0.0005614060652537651,1.0,0.0005,6.140606525376513e-05,0.0005614060652537651,3.1325074718910852,3.4716530483972305
2025-07-08,0.007054034788803655,0.0,0.0005,-0.0005,0.007054034788803655,3.130941609653321,3.4962287869264577
2025-07-09,-0.0014392374527185067,0.0,0.0,-0.0,-0.0014392374527185067,3.130941609653321,3.491200502828406
2025-07-10,-0.0022529635988532974,0.0,0.0,-0.0,-0.0022529635988532974,3.130941609653321,3.4833438089252007
2025-07-11,0.003620288353556368,0.0,0.0,0.0,0.003620288353556368,3.130941609653321,3.4959773727215553
2025-07-14,0.0009164997541601784,0.0,0.0,0.0,0.0009164997541601784,3.130941609653321,3.499182903834063
2025-07-15,0.0010233302209894295,0.0,0.0,0.0,0.0010233302209894295,3.130941609653321,3.5027655562539244
2025-07-16,0.008060163912559221,0.0,0.0,0.0,0.008060163912559221,3.130941609653321,3.5311125078566903
2025-07-17,-0.0009616584004689948,0.0,0.0,-0.0,-0.0009616584004689948,3.130941609653321,3.5277184160905057
2025-07-18,0.005171368250689296,0.0,0.0,0.0,0.005171368250689296,3.130941609653321,3.546008799497168
2025-07-21,-0.005189185463899399,0.0,0.0,-0.0,-0.005189185463899399,3.130941609653321,3.52765556253928
2025-07-22,0.004550876252347379,0.0,0.0,0.0,0.004550876252347379,3.130941609653321,3.5437460716530444
2025-07-23,0.0021261147960462226,0.0,0.0,0.0,0.0021261147960462226,3.130941609653321,3.5512884978001225
2025-07-24,0.002404144770203983,0.0,0.0,0.0,0.002404144770203983,3.130941609653321,3.55983658076681
2025-07-25,0.0031202923484020205,0.0,0.0,0.0,0.0031202923484020205,3.130941609653321,3.570961659333748
2025-07-28,-0.001550114807485334,0.0,0.0,-0.0,-0.001550114807485334,3.130941609653321,3.5654305468258918
2025-07-29,0.0013388769528763897,0.0,0.0,0.0,0.0013388769528763897,3.130941609653321,3.5702074167190405
2025-07-30,-0.005313199263997172,0.0,0.0,-0.0,-0.005313199263997172,3.130941609653321,3.5512884978001216
2025-07-31,-0.01989537331834457,0.0,0.0,-0.0,-0.01989537331834457,3.130941609653321,3.481332495285979
2025-08-01,0.01828348395941723,0.0,0.0,0.0,0.01828348395941723,3.130941609653321,3.5455688246385875
2025-08-04,-0.006812730353113683,0.0,0.0,-0.0,-0.006812730353113683,3.130941609653321,3.5214959145191655
2025-08-05,0.012504708033590111,1.0,0.0005,0.012004708033590111,0.012504708033590111,3.168754159753783,3.565807668133245
2025-08-06,0.0033786193890522585,1.0,0.0,0.0033786193890522585,0.0033786193890522585,3.179478280156249,3.577875549968568
2025-08-07,0.009284987888183388,1.0,0.0,0.009284987888183388,0.009284987888183388,3.209137175644319,3.6112507856693843
2025-08-08,-0.002963223364007737,0.0,0.0005,-0.0005,-0.002963223364007737,3.2075330081317954,3.600565681961025
2025-08-11,0.012490404381780834,0.0,0.0,0.0,0.012490404381780834,3.2075330081317954,3.6458202388434886
2025-08-12,0.0004998319634564901,0.0,0.0,0.0,0.0004998319634564901,3.2075330081317954,3.647642991829033
2025-08-13,-0.0007757083036375455,1.0,0.0005,-0.0012757083036375456,-0.0007757083036375455,3.203443740550019,3.6448145820238786
2025-08-14,-0.0044070826495231415,1.0,0.0,-0.0044070826495231415,-0.0044070826495231415,3.1893569628190663,3.62878692646134
2025-08-15,-0.00039845814551187417,0.0,0.0005,-0.0005,-0.00039845814551187417,3.187762682940841,3.6273412947831503
2025-08-18,-0.013660485108729485,0.0,0.0,-0.0,-0.013660485108729485,3.187762682940841,3.5781269641734705
2025-08-19,-0.005955020328992139,0.0,0.0,-0.0,-0.005955020328992139,3.187762682940841,3.556882463859203
2025-08-20,-0.004640543937600442,0.0,0.0,-0.0,-0.004640543937600442,3.187762682940841,3.5404148334380836
2025-08-21,0.01530970224105165,1.0,0.0005,0.01480970224105165,0.01530970224105165,3.2353238128921475,3.5950345694531682
2025-08-22,-0.00288893564255633,1.0,0.0,-0.00288893564255633,-0.00288893564255633,3.225990658546164,3.5846637335009373
2025-08-25,0.0040072499005375265,0.0,0.0005,-0.0005,0.0040072499005375265,3.2243780663985238,3.599057196731609
2025-08-26,0.00153564291586177,0.0,0.0,0.0,0.00153564291586177,3.2243780663985238,3.6045883092394653
2025-08-27,0.00624040545179923,1.0,0.0005,0.0057404054517992305,0.00624040545179923,3.2429405308928376,3.627152734129472
2025-08-28,-0.01164303597748548,1.0,0.0,-0.01164303597748548,-0.01164303597748548,3.2054018139968017,3.5851665619107416
2025-08-29,-0.008415394463972185,1.0,0.0,-0.008415394463972185,-0.008415394463972185,3.1785402770562254,3.5551225644248836
2025-09-02,0.007836685669861291,0.0,0.0005,-0.0005,0.007836685669861291,3.1769514041690208,3.5830923947202953
2025-09-03,0.009010800512702127,0.0,0.0,0.0,0.009010800512702127,3.1769514041690208,3.6155248271527274
2025-09-04,0.0014418611189099737,0.0,0.0,0.0,0.0014418611189099737,3.1769514041690208,3.620741671904456
2025-09-05,0.004866105382708958,1.0,0.0005,0.004366105382708959,0.004866105382708958,3.190852633829079,3.638403519798862
2025-09-08,0.002829100198129219,0.0,0.0005,-0.0005,0.002829100198129219,3.189257606302276,3.6487115021998675
2025-09-09,0.0003272448595786138,0.0,0.0,0.0,0.0003272448595786138,3.189257606302276,3.6499057196731552
2025-09-10,0.005803687369826154,0.0,0.0,0.0,0.005803687369826154,3.189257606302276,3.6711502199874233
2025-09-11,0.004407475915327099,1.0,0.0005,0.003907475915327099,0.004407475915327099,3.201743932709381,3.6873664362036394
2025-09-12,,0.0,0.0005,,,3.201743932709381,3.6873664362036394
