date,y_reg,pos,costs,r_strategy,r_bh,eq_strat,eq_bh
2019-09-26,-0.004387649964335447,0.0,0.0,-0.0,-0.004387649964335447,1.0,0.995621961709078
2019-09-27,-0.00024270548779154496,0.0,0.0,-0.0,-0.00024270548779154496,1.0,0.9953803481168638
2019-09-30,-0.010556235153251096,0.0,0.0,-0.0,-0.010556235153251096,1.0,0.9849281441176756
2019-10-01,-0.012917741288949321,0.0,0.0,-0.0,-0.012917741288949321,1.0,0.9722869209730263
2019-10-02,0.0,0.0,0.0,0.0,0.0,1.0,0.9722869209730263
2019-10-03,0.0,0.0,0.0,0.0,0.0,1.0,0.9722869209730263
2019-10-04,0.01734803997990166,0.0,0.0,0.0,0.01734803997990166,1.0,0.9893013501367534
2019-10-07,-0.010369706809921204,0.0,0.0,-0.0,-0.010369706809921204,1.0,0.9790955920016238
2019-10-08,0.0,0.0,0.0,0.0,0.0,1.0,0.9790955920016238
2019-10-09,0.0,0.0,0.0,0.0,0.0,1.0,0.9790955920016238
2019-10-10,0.014785327515914173,0.0,0.0,0.0,0.014785327515914173,1.0,0.9936793884276754
2019-10-11,0.0,0.0,0.0,0.0,0.0,1.0,0.9936793884276754
2019-10-15,0.0,0.0,0.0,0.0,0.0,1.0,0.9936793884276754
2019-10-16,0.0,0.0,0.0,0.0,0.0,1.0,0.9936793884276754
2019-10-17,-0.0004912845730881573,0.0,0.0,-0.0,-0.0004912845730881573,1.0,0.9931913289714026
2019-10-18,0.0,0.0,0.0,0.0,0.0,1.0,0.9931913289714026
2019-10-21,0.0,0.0,0.0,0.0,0.0,1.0,0.9931913289714026
2019-10-22,0.0009774672706715788,0.0,0.0,0.0,0.0009774672706715788,1.0,0.9941626156121038
2019-10-23,0.0,0.0,0.0,0.0,0.0,1.0,0.9941626156121038
2019-10-24,0.005366309914793792,0.0,0.0,0.0,0.005366309914793792,1.0,0.9995119405437273
2019-10-25,0.0029158621239751387,0.0,0.0,0.0,0.0029158621239751387,1.0,1.0024306327376753
2019-10-28,0.0,0.0,0.0,0.0,0.0,1.0,1.0024306327376753
2019-10-29,0.0,0.0,0.0,0.0,0.0,1.0,1.0024306327376753
2019-10-30,0.003387925106608971,0.0,0.0,0.0,0.003387925106608971,1.0,1.0058325521160518
2019-10-31,0.005781982791258617,0.0,0.0,0.0,0.005781982791258617,1.0,1.0116651042321037
2019-11-01,0.010515034223034446,0.0,0.0,0.0,0.010515034223034446,1.0,1.0223589218235059
2019-11-04,0.0,0.0,0.0,0.0,0.0,1.0,1.0223589218235059
2019-11-05,0.004743680855839312,0.0,0.0,0.0,0.004743680855839312,1.0,1.0272201872988564
2019-11-06,0.0,0.0,0.0,0.0,0.0,1.0,1.0272201872988564
2019-11-07,0.0,0.0,0.0,0.0,0.0,1.0,1.0272201872988564
2019-11-08,0.0,0.0,0.0,0.0,0.0,1.0,1.0272201872988564
2019-11-11,0.0033109891585422716,0.0,0.0,0.0,0.0033109891585422716,1.0,1.0306269389490772
2019-11-12,0.0,0.0,0.0,0.0,0.0,1.0,1.0306269389490772
2019-11-13,0.0,0.0,0.0,0.0,0.0,1.0,1.0306269389490772
2019-11-14,0.0,0.0,0.0,0.0,0.0,1.0,1.0306269389490772
2019-11-15,0.006579954950079043,0.0,0.0,0.0,0.006579954950079043,1.0,1.0374307777058305
2019-11-18,0.00047033951462772207,0.0,0.0,0.0,0.00047033951462772207,1.0,1.037918837162103
2019-11-19,0.0037408584389504937,0.0,0.0,0.0,0.0037408584389504937,1.0,1.0418088159967522
2019-11-20,-0.0023358149399149296,0.0,0.0,-0.0,-0.0023358149399149296,1.0,1.039378183259077
2019-11-21,0.0,0.0,0.0,0.0,0.0,1.0,1.039378183259077
2019-11-22,0.0,0.0,0.0,0.0,0.0,1.0,1.039378183259077
2019-11-25,0.0046661865605137675,0.0,0.0,0.0,0.0046661865605137675,1.0,1.0442394487344275
2019-11-26,0.0,0.0,0.0,0.0,0.0,1.0,1.0442394487344275
2019-11-27,0.0,0.0,0.0,0.0,0.0,1.0,1.0442394487344275
2019-11-28,0.0,0.0,0.0,0.0,0.0,1.0,1.0442394487344275
2019-11-29,0.00417918913319405,0.0,0.0,0.0,0.00417918913319405,1.0,1.0486126547535055
2019-12-02,-0.01589041826907289,0.0,0.0,-0.0,-0.01589041826907289,1.0,1.032081452774207
2019-12-03,0.0037619767383680167,0.0,0.0,0.0,0.0037619767383680167,1.0,1.0359714316088562
2019-12-04,-0.004703514793828656,0.0,0.0,-0.0,-0.004703514793828656,1.0,1.0311101661335058
2019-12-05,0.012185275230861338,0.0,0.0,0.0,0.012185275230861338,1.0,1.043751389278155
2019-12-06,-0.0013991523976322297,0.0,0.0,-0.0,-0.0013991523976322297,1.0,1.042292043181181
2019-12-09,0.0,0.0,0.0,0.0,0.0,1.0,1.042292043181181
2019-12-10,0.0,0.0,0.0,0.0,0.0,1.0,1.042292043181181
2019-12-11,0.0,0.0,0.0,0.0,0.0,1.0,1.042292043181181
2019-12-12,0.0,0.0,0.0,0.0,0.0,1.0,1.042292043181181
2019-12-13,0.0,0.0,0.0,0.0,0.0,1.0,1.042292043181181
2019-12-16,0.0,0.0,0.0,0.0,0.0,1.0,1.042292043181181
2019-12-17,0.0,0.0,0.0,0.0,0.0,1.0,1.042292043181181
2019-12-18,0.010671022766923586,0.0,0.0,0.0,0.010671022766923586,1.0,1.053473920228856
2019-12-19,0.007813146575440551,0.0,0.0,0.0,0.007813146575440551,1.0,1.0617371050825835
2019-12-20,0.0,0.0,0.0,0.0,0.0,1.0,1.0617371050825835
2019-12-23,0.0009189379180818255,0.0,0.0,0.0,0.0009189379180818255,1.0,1.0627132239951287
2019-12-24,0.00045460745429923017,0.0,0.0,0.0,0.00045460745429923017,1.0,1.063196451179557
2019-12-27,-0.01520454276897617,0.0,0.0,-0.0,-0.01520454276897617,1.0,1.0471533086565314
2019-12-30,-0.004653171945769074,0.0,0.0,-0.0,-0.004653171945769074,1.0,1.0422920431811808
2019-12-31,0.006045833491304323,0.0,0.0,0.0,0.006045833491304323,1.0,1.0486126547535053
2020-01-02,-0.0009266879868698811,0.0,0.0,-0.0,-0.0009266879868698811,1.0,1.047641368112804
2020-01-03,-0.003719993106802221,0.0,0.0,-0.0,-0.003719993106802221,1.0,1.043751389278155
2020-01-06,0.006037405830034374,0.0,0.0,0.0,0.006037405830034374,1.0,1.0500720008504796
2020-01-07,0.004156024286929966,0.0,0.0,0.0,0.004156024286929966,1.0,1.0544452068695573
2020-01-08,0.005976359152238349,0.0,0.0,0.0,0.005976359152238349,1.0,1.0607658184418818
2020-01-09,-0.0032121944896945226,0.0,0.0,-0.0,-0.0032121944896945226,1.0,1.0573638990635055
2020-01-10,0.003672189715677165,0.0,0.0,0.0,0.003672189715677165,1.0,1.0612538778981546
2020-01-13,0.0032004391549368713,0.0,0.0,0.0,0.0032004391549368713,1.0,1.0646557972765314
2020-01-14,-0.0004585250555317676,0.0,0.0,-0.0,-0.0004585250555317676,1.0,1.0641677378202585
2020-01-15,0.005921918834327794,0.0,0.0,0.0,0.005921918834327794,1.0,1.0704883493925832
2020-01-16,0.004530886183108854,0.0,0.0,0.0,0.004530886183108854,1.0,1.0753496148679338
2020-01-17,0.008555206526619936,0.0,0.0,0.0,0.008555206526619936,1.0,1.0845889186342066
2020-01-20,-0.01036329754966608,0.0,0.0,-0.0,-0.01036329754966608,1.0,1.0734070415865313
2020-01-21,0.0045185940803940915,0.0,0.0,0.0,0.0045185940803940915,1.0,1.078268307061882
2020-01-22,-0.0009011897659076757,0.0,0.0,-0.0,-0.0009011897659076757,1.0,1.0772970204211807
2020-01-23,-0.0054332804327387515,0.0,0.0,-0.0,-0.0054332804327387515,1.0,1.0714596360332844
2020-01-24,-0.010946813286146637,0.0,0.0,-0.0,-0.010946813286146637,1.0,1.0597945318011808
2020-01-27,0.005946282920627062,0.0,0.0,0.0,0.005946282920627062,1.0,1.0661151433735054
2020-01-28,0.0018204465573184053,0.0,0.0,0.0,0.0018204465573184053,1.0,1.068057716654908
2020-01-29,-0.0031902290124050546,0.0,0.0,-0.0,-0.0031902290124050546,1.0,1.0646557972765314
2020-01-30,-0.011480763084309663,0.0,0.0,-0.0,-0.011480763084309663,1.0,1.052502633588155
2020-01-31,0.010568045597807931,0.0,0.0,0.0,0.010568045597807931,1.0,1.0636845106358301
2020-02-03,0.012263167330152255,0.0,0.0,0.0,0.012263167330152255,1.0,1.0768089609649079
2020-02-04,0.00943759279923207,0.0,0.0,0.0,0.00943759279923207,1.0,1.0870195513718819
2020-02-05,0.0035721851588829154,0.0,0.0,0.0,0.0035721851588829154,1.0,1.0909095302065313
2020-02-06,-0.006711136299766168,0.0,0.0,-0.0,-0.006711136299766168,1.0,1.083612799721661
2020-02-07,0.004924420034179724,0.0,0.0,0.0,0.004924420034179724,1.0,1.0889621246532843
2020-02-10,0.0035658241717053747,0.0,0.0,0.0,0.0035658241717053747,1.0,1.0928521034879337
2020-02-11,0.003553154235070976,0.0,0.0,0.0,0.003553154235070976,1.0,1.096742082322583
2020-02-12,-0.002664785835265096,0.0,0.0,-0.0,-0.002664785835265096,1.0,1.093823390128635
2020-02-13,-0.0013350605633633825,0.0,0.0,-0.0,-0.0013350605633633825,1.0,1.0923640440316609
2020-02-14,-0.0008895557455093411,0.0,0.0,-0.0,-0.0008895557455093411,1.0,1.0913927573909596
2020-02-18,0.0031121962106896743,0.0,0.0,0.0,0.0031121962106896743,1.0,1.0947946767693362
2020-02-19,-0.0022226404651802716,0.0,0.0,-0.0,-0.0022226404651802716,1.0,1.0923640440316609
2020-02-20,-0.00894029505172318,0.0,0.0,-0.0,-0.00894029505172318,1.0,1.0826415130809597
2020-02-21,-0.025926390109797744,0.0,0.0,-0.0,-0.025926390109797744,1.0,1.0549332663258304
2020-02-24,-0.02567140210773903,0.0,0.0,-0.0,-0.02567140210773903,1.0,1.0281963062114021
2020-02-25,-0.0014203345346758733,0.0,0.0,-0.0,-0.0014203345346758733,1.0,1.026736960114428
2020-02-26,-0.014788182191707447,0.0,0.0,-0.0,-0.014788182191707447,1.0,1.0116651042321037
2020-02-27,-0.030244138006787897,0.0,0.0,-0.0,-0.030244138006787897,1.0,0.9815262247392988
2020-02-28,0.021556169442087533,0.0,0.0,0.0,0.021556169442087533,1.0,1.0029138599221037
2020-03-02,-0.006807187341795256,0.0,0.0,-0.0,-0.006807187341795256,1.0,0.9961100211653506
2020-03-03,0.02886098334360874,0.0,0.0,0.0,0.02886098334360874,1.0,1.0252776140174542
2020-03-04,-0.028375986704828535,0.0,0.0,-0.0,-0.028375986704828535,1.0,0.996593248349779
2020-03-05,-0.01276065907659816,0.0,0.0,-0.0,-0.01276065907659816,1.0,0.9839568574769743
2020-03-06,-0.06955710103386245,0.0,0.0,-0.0,-0.06955710103386245,1.0,0.9178417141034685
2020-03-09,0.037423998741148726,0.0,0.0,0.0,0.037423998741148726,1.0,0.9528418590716238
2020-03-10,-0.047004333820386233,0.0,0.0,-0.0,-0.047004333820386233,1.0,0.9090904697934684
2020-03-11,-0.09648825706872705,0.0,0.0,-0.0,-0.09648825706872705,1.0,0.825472837799963
2020-03-12,0.027876510344769595,0.0,0.0,0.0,0.027876510344769595,1.0,0.8488078785360147
2020-03-13,-0.0589771416009008,0.0,0.0,-0.0,-0.0589771416009008,1.0,0.800195223782509
2020-03-16,0.04745669903774038,0.0,0.0,0.0,0.04745669903774038,1.0,0.8390853475853136
2020-03-17,-0.05538689701754625,0.0,0.0,-0.0,-0.05538689701754625,1.0,0.7938746122101843
2020-03-18,0.017599831642462226,0.0,0.0,0.0,0.017599831642462226,1.0,0.8079703491799634
2020-03-19,-0.023742124571777882,0.0,0.0,-0.0,-0.023742124571777882,1.0,0.7890133467348337
2020-03-20,-0.023692225099763372,0.0,0.0,-0.0,-0.023692225099763372,1.0,0.7705395714741327
2020-03-23,0.07649314041733053,0.0,0.0,0.0,0.07649314041733053,1.0,0.8317934493722876
2020-03-24,0.03333632503051708,0.0,0.0,0.0,0.03333632503051708,1.0,0.85998975558369
2020-03-25,0.017373819918129366,0.0,0.0,0.0,0.017373819918129366,1.0,0.8750616114660144
2020-03-26,-0.0396694379571861,0.0,0.0,-0.0,-0.0396694379571861,1.0,0.841027920866716
2020-03-27,0.03465376040282592,0.0,0.0,0.0,0.03465376040282592,1.0,0.8706835731750924
2020-03-30,-0.007845056588099596,0.0,0.0,-0.0,-0.007845056588099596,1.0,0.8638797344183393
2020-03-31,-0.03551673018433108,0.0,0.0,-0.0,-0.03551673018433108,1.0,0.8337360226536903
2020-04-01,0.019059677398615825,0.0,0.0,0.0,0.019059677398615825,1.0,0.8497791651767161
2020-04-02,-0.020811580575480434,0.0,0.0,-0.0,-0.020811580575480434,1.0,0.8322766765567163
2020-04-03,0.05952803624267837,0.0,0.0,0.0,0.05952803624267837,1.0,0.8833247963197417
2020-04-06,-0.0038587019294682966,0.0,0.0,-0.0,-0.0038587019294682966,1.0,0.8799228769413652
2020-04-07,0.027248609062565276,0.0,0.0,0.0,0.027248609062565276,1.0,0.904229204318118
2020-04-08,0.012290360781676423,0.0,0.0,0.0,0.012290360781676423,1.0,0.9154110813657932
2020-04-09,-0.015523404851201624,0.0,0.0,-0.0,-0.015523404851201624,1.0,0.90131051212417
2020-04-13,0.024509654968090416,0.0,0.0,0.0,0.024509654968090416,1.0,0.9236742662195203
2020-04-14,-0.015914867802918786,0.0,0.0,-0.0,-0.015914867802918786,1.0,0.9090904697934686
2020-04-15,0.0037351288377580516,0.0,0.0,0.0,0.0037351288377580516,1.0,0.9124923891718452
2020-04-16,0.022650657363322134,0.0,0.0,0.0,0.022650657363322134,1.0,0.9333967971702216
2020-04-17,-0.0041762595295604275,0.0,0.0,-0.0,-0.0041762595295604275,1.0,0.9295068183355722
2020-04-20,-0.023816097998786517,0.0,0.0,-0.0,-0.023816097998786517,1.0,0.9076311236964947
2020-04-21,0.020676328949323954,0.0,0.0,0.0,0.020676328949323954,1.0,0.9265929584134687
2020-04-22,-0.008431753157937878,0.0,0.0,-0.0,-0.008431753157937878,1.0,0.9188130007441699
2020-04-23,0.01314031295017491,0.0,0.0,0.0,0.01314031295017491,1.0,0.9309661644325463
2020-04-24,0.012969882218400484,0.0,0.0,0.0,0.012969882218400484,1.0,0.9431193281209228
2020-04-27,0.0005173610603998928,0.0,0.0,0.0,0.0005173610603998928,1.0,0.9436073875771958
2020-04-28,0.022412766920421594,0.0,0.0,0.0,0.022412766920421594,1.0,0.9649950227600005
2020-04-29,-0.015741839211026416,0.0,0.0,-0.0,-0.015741839211026416,1.0,0.9499231668776761
2020-04-30,-0.017027953566896094,0.0,0.0,-0.0,-0.017027953566896094,1.0,0.9338848566264946
2020-05-01,0.005706547039549922,0.0,0.0,0.0,0.005706547039549922,1.0,0.9392293492862737
2020-05-04,0.0056792828601209275,0.0,0.0,0.0,0.0056792828601209275,1.0,0.9445786742178971
2020-05-05,-0.0005168289334554433,0.0,0.0,-0.0,-0.0005168289334554433,1.0,0.9440906147616244
2020-05-06,0.002060607099623691,0.0,0.0,0.0,0.002060607099623691,1.0,0.9460380203148712
2020-05-07,0.0127645649737127,0.0,0.0,0.0,0.0127645649737127,1.0,0.9581911840032478
2020-05-08,0.007075619738370988,0.0,0.0,0.0,0.007075619738370988,1.0,0.9649950227600008
2020-05-11,-0.0167648519962921,0.0,0.0,-0.0,-0.0167648519962921,1.0,0.948951880236975
2020-05-12,-0.013405610596030756,0.0,0.0,-0.0,-0.013405610596030756,1.0,0.9363154893641702
2020-05-13,-0.0010430544883044694,0.0,0.0,-0.0,-0.0010430544883044694,1.0,0.9353393704516247
2020-05-14,0.00776576023838376,0.0,0.0,0.0,0.00776576023838376,1.0,0.9426312686646506
2020-05-15,0.014337692201718965,0.0,0.0,0.0,0.014337692201718965,1.0,0.956243778450001
2020-05-19,0.01213006693582861,0.0,0.0,0.0,0.01213006693582861,1.0,0.9679137149539491
2020-05-20,-0.0035208838573063607,0.0,0.0,-0.0,-0.0035208838573063607,1.0,0.9645117955755725
2020-05-21,0.00201202276095406,0.0,0.0,0.0,0.00201202276095406,1.0,0.9664543688569749
2020-05-22,0.02090496067989637,0.0,0.0,0.0,0.02090496067989637,1.0,0.9868707173990786
2020-05-25,-0.012887189086312995,0.0,0.0,-0.0,-0.012887189086312995,1.0,0.9742343265262736
2020-05-26,0.00943405552007856,0.0,0.0,0.0,0.00943405552007856,1.0,0.983468798020702
2020-05-27,0.001482776500118198,0.0,0.0,0.0,0.001482776500118198,1.0,0.9849281441176759
2020-05-28,0.0,0.0,0.0,0.0,0.0,1.0,0.9849281441176759
2020-05-29,-0.0009866363131480166,0.0,0.0,-0.0,-0.0009866363131480166,1.0,0.9839568574769747
2020-06-01,0.006890976046286649,0.0,0.0,0.0,0.006890976046286649,1.0,0.9907606962337279
2020-06-02,0.01751148252681251,0.0,0.0,0.0,0.01751148252681251,1.0,1.0082631848537278
2020-06-03,-0.006775774610066245,0.0,0.0,-0.0,-0.006775774610066245,1.0,1.0014545138251303
2020-06-04,0.018278862962360733,0.0,0.0,0.0,0.018278862962360733,1.0,1.0199282890858314
2020-06-05,0.0075990000869405475,0.0,0.0,0.0,0.0075990000869405475,1.0,1.02770824675513
2020-06-08,-0.0023679012309074585,0.0,0.0,-0.0,-0.0023679012309074585,1.0,1.0252776140174547
2020-06-09,-0.00904760749492848,0.0,0.0,-0.0,-0.00904760749492848,1.0,1.0160431425230263
2020-06-10,-0.03903277483606189,0.0,0.0,-0.0,-0.03903277483606189,1.0,0.9771481864483773
2020-06-11,0.010395160254821666,0.0,0.0,0.0,0.010395160254821666,1.0,0.9873587768553513
2020-06-12,0.003439552341028658,0.0,0.0,0.0,0.003439552341028658,1.0,0.9907606962337279
2020-06-15,0.01413173855115324,0.0,0.0,0.0,0.01413173855115324,1.0,1.004861265475351
2020-06-16,-0.0009718688068606397,0.0,0.0,-0.0,-0.0009718688068606397,1.0,1.0038851465628056
2020-06-17,0.0014526426697160696,0.0,0.0,0.0,0.0014526426697160696,1.0,1.0053444926597797
2020-06-18,-0.0014526426697160483,0.0,0.0,-0.0,-0.0014526426697160483,1.0,1.0038851465628056
2020-06-19,0.0014526426697160696,0.0,0.0,0.0,0.0014526426697160696,1.0,1.0053444926597797
2020-06-22,0.006267329884018496,0.0,0.0,0.0,0.006267329884018496,1.0,1.0116651042321045
2020-06-23,-0.025798518209815016,0.0,0.0,-0.0,-0.025798518209815016,1.0,0.9858994307583775
2020-06-24,0.01078835894209968,0.0,0.0,0.0,0.01078835894209968,1.0,0.9965932483497799
2020-06-25,-0.016968456342373595,0.0,0.0,-0.0,-0.016968456342373595,1.0,0.9798252650501116
2020-06-26,0.012078637428233082,0.0,0.0,0.0,0.012078637428233082,1.0,0.9917319828744293
2020-06-29,0.004889818914140559,0.0,0.0,0.0,0.004889818914140559,1.0,0.99659324834978
2020-06-30,0.01164179949650096,0.0,0.0,0.0,0.01164179949650096,1.0,1.0082631848537282
2020-07-02,-0.0009637907929647697,0.0,0.0,-0.0,-0.0009637907929647697,1.0,1.0072918982130268
2020-07-03,0.010560445541980556,0.0,0.0,0.0,0.010560445541980556,1.0,1.0179857158044294
2020-07-06,-0.005268668442340192,0.0,0.0,-0.0,-0.005268668442340192,1.0,1.012636390872806
2020-07-07,0.0009634739224167535,0.0,0.0,0.0,0.0009634739224167535,1.0,1.0136125097853514
2020-07-08,-0.0009634739224168618,0.0,0.0,-0.0,-0.0009634739224168618,1.0,1.0126363908728058
2020-07-09,0.010032679403635648,0.0,0.0,0.0,0.010032679403635648,1.0,1.0228469812797798
2020-07-10,-0.007635253937449791,0.0,0.0,-0.0,-0.007635253937449791,1.0,1.015067023610481
2020-07-13,0.01473898418379528,0.0,0.0,0.0,0.01473898418379528,1.0,1.0301388794928057
2020-07-14,0.004240944043555523,0.0,0.0,0.0,0.004240944043555523,1.0,1.0345169177837277
2020-07-15,-0.0014116505564849753,0.0,0.0,-0.0,-0.0014116505564849753,1.0,1.0330575716867536
2020-07-16,0.005160133874473102,0.0,0.0,0.0,0.005160133874473102,1.0,1.0384020643465328
2020-07-17,0.004207267214163747,0.0,0.0,0.0,0.004207267214163747,1.0,1.0427801026374548
2020-07-20,-0.004207267214163703,0.0,0.0,-0.0,-0.004207267214163703,1.0,1.0384020643465328
2020-07-21,0.002338008088334252,0.0,0.0,0.0,0.002338008088334252,1.0,1.0408326970842081
2020-07-22,-0.009853767397904138,0.0,0.0,-0.0,-0.009853767397904138,1.0,1.0306269389490783
2020-07-23,-0.004727963426400873,0.0,0.0,-0.0,-0.004727963426400873,1.0,1.0257656734737277
2020-07-24,0.006845000740650681,0.0,0.0,0.0,0.006845000740650681,1.0,1.032811125822695
2020-07-27,-0.004478224825282709,0.0,0.0,-0.0,-0.004478224825282709,1.0,1.0281963062114028
2020-07-28,0.009876946820602698,0.0,0.0,0.0,0.009876946820602698,1.0,1.0384020643465328
2020-07-29,0.0009395786541727784,0.0,0.0,0.0,0.0009395786541727784,1.0,1.0393781832590783
2020-07-30,-0.008455337963742544,0.0,0.0,-0.0,-0.008455337963742544,1.0,1.0306269389490783
2020-07-31,0.010554569171628466,0.0,0.0,0.0,0.010554569171628466,1.0,1.041562370132695
2020-08-04,0.005819456498951723,0.0,0.0,0.0,0.005819456498951723,1.0,1.0476413681128052
2020-08-05,0.004629467459010218,0.0,0.0,0.0,0.004629467459010218,1.0,1.0525026335881558
2020-08-06,0.0029981593419558614,0.0,0.0,0.0,0.0029981593419558614,1.0,1.055662939374318
2020-08-07,0.001609974871739631,0.0,0.0,0.0,0.001609974871739631,1.0,1.0573638990635061
2020-08-10,-0.006920188949473874,0.0,0.0,-0.0,-0.006920188949473874,1.0,1.0500720008504802
2020-08-11,0.010132383439168419,0.0,0.0,0.0,0.010132383439168419,1.0,1.0607658184418827
2020-08-12,-0.004593321745485332,0.0,0.0,-0.0,-0.004593321745485332,1.0,1.0559045529665323
2020-08-13,0.00046211250287616447,0.0,0.0,0.0,0.00046211250287616447,1.0,1.0563926124228051
2020-08-14,0.0025264017713874467,0.0,0.0,0.0,0.0025264017713874467,1.0,1.0590648587526945
2020-08-17,-0.0006892160782571166,0.0,0.0,-0.0,-0.0006892160782571166,1.0,1.0583351857042076
2020-08-18,-0.0018371856931301957,0.0,0.0,-0.0,-0.0018371856931301957,1.0,1.0563926124228051
2020-08-19,-0.0009244386524502044,0.0,0.0,-0.0,-0.0009244386524502044,1.0,1.0554164935102597
2020-08-20,-0.0009207112571789917,0.0,0.0,-0.0,-0.0009207112571789917,1.0,1.0544452068695584
2020-08-21,0.011233180233964938,0.0,0.0,0.0,0.011233180233964938,1.0,1.0663567569657206
2020-08-24,0.0004575840097601314,0.0,0.0,0.0,0.0004575840097601314,1.0,1.0668448164219932
2020-08-25,0.006582297674910028,0.0,0.0,0.0,0.006582297674910028,1.0,1.0738902687709606
2020-08-26,-0.0031728746066812838,0.0,0.0,-0.0,-0.0031728746066812838,1.0,1.070488349392584
2020-08-27,0.002268009205559871,0.0,0.0,0.0,0.002268009205559871,1.0,1.0729189821302594
2020-08-28,-0.007731402984355896,0.0,0.0,-0.0,-0.007731402984355896,1.0,1.0646557972765323
2020-08-31,0.005919212127283687,0.0,0.0,0.0,0.005919212127283687,1.0,1.070976408848857
2020-09-01,0.01128383908988358,0.0,0.0,0.0,0.01128383908988358,1.0,1.0831295725372332
2020-09-02,-0.02315750914756586,0.0,0.0,-0.0,-0.02315750914756586,1.0,1.0583351857042074
2020-09-03,-0.010621746171586817,0.0,0.0,-0.0,-0.010621746171586817,1.0,1.0471533086565323
2020-09-04,-0.008857757647208055,0.0,0.0,-0.0,-0.008857757647208055,1.0,1.0379188371621038
2020-09-08,0.015797168216035537,0.0,0.0,0.0,0.015797168216035537,1.0,1.0544452068695582
2020-09-09,-0.012524892693517415,0.0,0.0,-0.0,-0.012524892693517415,1.0,1.0413207565404803
2020-09-10,0.002331462576553152,0.0,0.0,0.0,0.002331462576553152,1.0,1.0437513892781558
2020-09-11,0.01019343011696428,0.0,0.0,0.0,0.01019343011696428,1.0,1.0544452068695582
2020-09-14,0.005976359152238349,0.0,0.0,0.0,0.005976359152238349,1.0,1.0607658184418827
2020-09-15,-0.003673882401443759,0.0,0.0,-0.0,-0.003673882401443759,1.0,1.0568758396072335
2020-09-16,-0.006458501037724678,0.0,0.0,-0.0,-0.006458501037724678,1.0,1.0500720008504802
2020-09-17,-0.00464020832495958,0.0,0.0,-0.0,-0.00464020832495958,1.0,1.0452107353751297
2020-09-18,-0.009345515131818742,0.0,0.0,-0.0,-0.009345515131818742,1.0,1.0354882044244285
2020-09-21,0.006085437966623339,0.0,0.0,0.0,0.006085437966623339,1.0,1.0418088159967531
2020-09-22,-0.015519116330058286,0.0,0.0,-0.0,-0.015519116330058286,1.0,1.0257656734737273
2020-09-23,-0.0028494348719184425,0.0,0.0,-0.0,-0.0028494348719184425,1.0,1.0228469812797794
2020-09-24,0.013453759533077484,0.0,0.0,0.0,0.013453759533077484,1.0,1.036701104657344
2020-09-25,0.013275156116717372,0.0,0.0,0.0,0.013275156116717372,1.0,1.0505552280349086
2020-09-28,-0.0004600789576633348,0.0,0.0,-0.0,-0.0004600789576633348,1.0,1.05007200085048
2020-09-29,-0.002317412723231972,0.0,0.0,-0.0,-0.002317412723231972,1.0,1.047641368112805
2020-09-30,0.0037062060300776817,0.0,0.0,0.0,0.0037062060300776817,1.0,1.051531346947454
2020-10-01,-0.002083913910634722,0.0,0.0,-0.0,-0.002083913910634722,1.0,1.049342327801993
2020-10-02,0.011742731718486532,0.0,0.0,0.0,0.011742731718486532,1.0,1.061737105082584
2020-10-05,-0.0068915868277674795,0.0,0.0,-0.0,-0.0068915868277674795,1.0,1.054445206869558
2020-10-06,0.011917213520055057,0.0,0.0,0.0,0.011917213520055057,1.0,1.067086430014207
2020-10-07,0.0031829737918987453,0.0,0.0,0.0,0.0031829737918987453,1.0,1.0704883493925836
2020-10-08,0.0020427910808551723,0.0,0.0,0.0,0.0020427910808551723,1.0,1.0726773685380449
2020-10-09,0.0033909161422614477,0.0,0.0,0.0,0.0033909161422614477,1.0,1.0763209015086355
2020-10-13,-0.004071382941686203,0.0,0.0,-0.0,-0.004071382941686203,1.0,1.0719476954895577
2020-10-14,0.0009056849241293749,0.0,0.0,0.0,0.0009056849241293749,1.0,1.072918982130259
2020-10-15,-0.0013610901637495728,0.0,0.0,-0.0,-0.0013610901637495728,1.0,1.0714596360332849
2020-10-16,-0.010486396578106842,0.0,0.0,-0.0,-0.010486396578106842,1.0,1.060282591257454
2020-10-19,0.0,0.0,0.0,0.0,0.0,1.0,1.060282591257454
2020-10-20,-0.002299638273036798,0.0,0.0,-0.0,-0.002299638273036798,1.0,1.0578471262479343
2020-10-21,0.0036705153251469728,0.0,0.0,0.0,0.0036705153251469728,1.0,1.0617371050825837
2020-10-22,0.0036570918982730266,0.0,0.0,0.0,0.0036570918982730266,1.0,1.0656270839172328
2020-10-23,-0.013780159066927207,0.0,0.0,-0.0,-0.013780159066927207,1.0,1.0510432874911813
2020-10-26,-0.0051025339848140795,0.0,0.0,-0.0,-0.0051025339848140795,1.0,1.0456939625595578
2020-10-27,-0.023040889145867088,0.0,0.0,-0.0,-0.023040889145867088,1.0,1.0218756946390777
2020-10-28,0.008527440790825494,1.0,0.0005,0.008027440790825494,0.008527440790825494,1.0080597470814032,1.0306269389490776
2020-10-29,-0.012104092644914298,0.0,0.0005,-0.0005,-0.012104092644914298,1.0075558431943323,1.0182273293966426
2020-10-30,0.007847107543377866,0.0,0.0,0.0,0.007847107543377866,1.0075558431943323,1.0262489006581557
2020-11-02,0.01598001162526998,0.0,0.0,0.0,0.01598001162526998,1.0075558431943323,1.0427801026374541
2020-11-03,0.01296958606663797,0.0,0.0,0.0,0.01296958606663797,1.0075558431943323,1.0563926124228047
2020-11-04,0.015523046607884623,0.0,0.0,0.0,0.015523046607884623,1.0075558431943323,1.072918982130259
2020-11-05,-0.0009056849241293956,0.0,0.0,-0.0,-0.0009056849241293956,1.0075558431943323,1.0719476954895577
2020-11-06,0.014406769034416398,0.0,0.0,0.0,0.014406769034416398,1.0075558431943323,1.0875027785563105
2020-11-09,0.003570600704174751,0.0,0.0,0.0,0.003570600704174751,1.0075558431943323,1.09139275739096
2020-11-10,0.010635938413424712,0.0,0.0,0.0,0.010635938413424712,1.0075558431943323,1.103062693894908
2020-11-11,-0.00707804155173878,0.0,0.0,-0.0,-0.00707804155173878,1.0075558431943323,1.0952827362256092
2020-11-12,0.012351709308727934,0.0,0.0,0.0,0.012351709308727934,1.0075558431943323,1.1088952460109598
2020-11-13,0.009165760260198975,0.0,0.0,0.0,0.009165760260198975,1.0075558431943323,1.1191058364179336
2020-11-16,-0.00043621067507491445,0.0,0.0,-0.0,-0.00043621067507491445,1.0075558431943323,1.118617776961661
2020-11-17,-0.007854028191087102,0.0,0.0,-0.0,-0.007854028191087102,1.0075558431943323,1.109866532651661
2020-11-18,0.005241423055156117,1.0,0.0005,0.004741423055156117,0.005241423055156117,1.0123444350975754,1.1156990847677128
2020-11-19,-0.0004332098752958901,0.0,0.0005,-0.0005,-0.0004332098752958901,1.0118383894019933,1.1152158575832845
2020-11-20,0.004780892489113511,1.0,0.0005,0.0042808924891135115,0.004780892489113511,1.0161792455032979,1.1205603502430634
2020-11-23,0.009502298986085766,0.0,0.0005,-0.0005,0.009502298986085766,1.015671282881784,1.1312590001063103
2020-11-24,-0.0008632331607310192,0.0,0.0,-0.0,-0.0008632331607310192,1.015671282881784,1.1302828811937649
2020-11-25,0.009420945385846934,1.0,0.0005,0.008920945385846934,0.009420945385846934,1.0247725665947405,1.1409815310570115
2020-11-26,0.0017010980836843544,0.0,0.0005,-0.0005,0.0017010980836843544,1.0242603083866673,1.1429241043384142
2020-11-27,-0.017594335882887464,0.0,0.0,-0.0,-0.017594335882887464,1.0242603083866673,1.122990982980739
2020-11-30,0.009051231098538745,1.0,0.0005,0.008551231098538744,0.009051231098538745,1.03305655073834,1.133201573387713
2020-12-01,0.0008567501563028839,0.0,0.0005,-0.0005,0.0008567501563028839,1.0325401515735204,1.134172860028414
2020-12-02,-0.0012875336985034022,0.0,0.0,-0.0,-0.0012875336985034022,1.0325401515735204,1.13271351393144
2020-12-03,0.0038576385130801244,0.0,0.0,0.0,0.0038576385130801244,1.0325401515735204,1.137091552222362
2020-12-04,-0.00042930951962489786,0.0,0.0,-0.0,-0.00042930951962489786,1.0325401515735204,1.1366034927660893
2020-12-07,0.004695372008044118,0.0,0.0,0.0,0.004695372008044118,1.0325401515735204,1.1419528176977123
2020-12-08,-0.005550289216090165,0.0,0.0,-0.0,-0.005550289216090165,1.0325401515735204,1.1356322061253878
2020-12-09,-0.0017120301955636952,1.0,0.0005,-0.0022120301955636953,-0.0017120301955636952,1.030258665868034,1.1336896328439852
2020-12-10,-0.0017192360248741835,0.0,0.0005,-0.0005,-0.0017192360248741835,1.0297436652959722,1.1317422272907385
2020-12-11,-0.0034430803573935543,0.0,0.0,-0.0,-0.0034430803573935543,1.0297436652959722,1.1278522484560891
2020-12-14,0.0064444852546874775,0.0,0.0,0.0,0.0064444852546874775,1.0297436652959722,1.1351441466691152
2020-12-15,0.005129239780599448,0.0,0.0,0.0,0.005129239780599448,1.0297436652959722,1.1409815310570113
2020-12-16,0.006791305070089711,0.0,0.0,0.0,0.006791305070089711,1.0297436652959722,1.1487566564544658
2020-12-17,0.0004247686441620253,0.0,0.0,0.0,0.0004247686441620253,1.0297436652959722,1.1492447159107386
2020-12-18,-0.0025428915923387395,0.0,0.0,-0.0,-0.0025428915923387395,1.0297436652959722,1.1463260237167905
2020-12-21,0.0029674798847048114,0.0,0.0,0.0,0.0029674798847048114,1.0297436652959722,1.1497327753670112
2020-12-22,0.0008444367457845616,0.0,0.0,0.0,0.0008444367457845616,1.0297436652959722,1.1507040620077125
2020-12-23,-0.00042422982971892896,0.0,0.0,-0.0,-0.00042422982971892896,1.0297436652959722,1.1502160025514399
2020-12-24,0.0033762491153045177,0.0,0.0,0.0,0.0033762491153045177,1.0297436652959722,1.1541059813860888
2020-12-29,-0.005491681832917159,0.0,0.0,-0.0,-0.005491681832917159,1.0297436652959722,1.1477853698137643
2020-12-30,-0.0033948730008590065,0.0,0.0,-0.0,-0.0033948730008590065,1.0297436652959722,1.143895390979115
2020-12-31,-0.0008494651205274685,0.0,0.0,-0.0,-0.0008494651205274685,1.0297436652959722,1.1429241043384137
2021-01-04,0.002550450878123898,0.0,0.0,0.0,0.002550450878123898,1.0297436652959722,1.1458427965323617
2021-01-05,0.008867338593276295,0.0,0.0,0.0,0.008867338593276295,1.0297436652959722,1.1560485546674912
2021-01-06,0.014198470075697951,0.0,0.0,0.0,0.014198470075697951,1.0297436652959722,1.17257975664679
2021-01-07,0.004137216532959662,0.0,0.0,0.0,0.004137216532959662,1.0297436652959722,1.1774410221221405
2021-01-08,-0.0012401905405019264,0.0,0.0,-0.0,-0.0012401905405019264,1.0297436652959722,1.1759816760251665
2021-01-11,-0.00041099832069233796,0.0,0.0,-0.0,-0.00041099832069233796,1.0297436652959722,1.175498448840738
2021-01-12,-0.002279995884452444,0.0,0.0,-0.0,-0.002279995884452444,1.0297436652959722,1.1728213702390042
2021-01-13,-0.000206031787312993,0.0,0.0,-0.0,-0.000206031787312993,1.0297436652959722,1.17257975664679
2021-01-14,-0.004572451456300024,0.0,0.0,-0.0,-0.004572451456300024,1.0297436652959722,1.1672304317151665
2021-01-15,0.009948322362128672,0.0,0.0,0.0,0.009948322362128672,1.0297436652959722,1.1789003682191144
2021-01-18,-0.003099517438120836,0.0,0.0,-0.0,-0.003099517438120836,1.0297436652959722,1.1752520029766795
2021-01-19,0.006802217681195351,0.0,0.0,0.0,0.006802217681195351,1.0297436652959722,1.1832735742381921
2021-01-20,-0.004526931878309954,0.0,0.0,-0.0,-0.004526931878309954,1.0297436652959722,1.1779290815784131
2021-01-21,0.00206135364132616,0.0,0.0,0.0,0.00206135364132616,1.0297436652959722,1.1803597143160884
2021-01-22,0.0028779586372022154,0.0,0.0,0.0,0.0028779586372022154,1.0297436652959722,1.1837616336944647
2021-01-25,-0.005768329571208686,0.0,0.0,-0.0,-0.005768329571208686,1.0297436652959722,1.1769529626658675
2021-01-26,-0.01707709026536756,0.0,0.0,-0.0,-0.01707709026536756,1.0297436652959722,1.1570246735800367
2021-01-27,0.010031499823667267,1.0,0.0005,0.009531499823667267,0.010031499823667267,1.0396055916724545,1.1686897778121401
2021-01-28,-0.019742840205187157,0.0,0.0005,-0.0005,-0.019742840205187157,1.0390859188056616,1.1458427965323612
2021-01-29,0.022649494935531582,1.0,0.0005,0.02214949493553158,0.022649494935531582,1.0623579272891068,1.1720916971905169
2021-02-01,0.007029306645362112,0.0,0.0005,-0.0005,0.007029306645362112,1.0618268810980733,1.1803597143160882
2021-02-02,0.0012315045753518992,0.0,0.0,0.0,0.0012315045753518992,1.0618268810980733,1.181814228141218
2021-02-03,0.012672514908351713,0.0,0.0,0.0,0.012672514908351713,1.0618268810980733,1.1968860840235425
2021-02-04,0.0004076912421017906,0.0,0.0,0.0,0.0004076912421017906,1.0618268810980733,1.1973741434798153
2021-02-05,0.005666216350302029,0.0,0.0,0.0,0.005666216350302029,1.0618268810980733,1.2041779822365686
2021-02-08,0.0016159011361052385,0.0,0.0,0.0,0.0016159011361052385,1.0618268810980733,1.2061253877898153
2021-02-09,0.00040056399945947004,0.0,0.0,0.0,0.00040056399945947004,1.0618268810980733,1.2066086149742437
2021-02-10,0.001208730220129963,0.0,0.0,0.0,0.001208730220129963,1.0618268810980733,1.2080679610712177
2021-02-11,0.004816382585578939,0.0,0.0,0.0,0.004816382585578939,1.0618268810980733,1.2139005131872698
2021-02-12,0.00040197805581934225,0.0,0.0,0.0,0.00040197805581934225,1.0618268810980733,1.2143885726435426
2021-02-16,-0.0032083820025332888,0.0,0.0,-0.0,-0.0032083820025332888,1.0618268810980733,1.210498593808893
2021-02-17,-0.005435840207056264,0.0,0.0,-0.0,-0.005435840207056264,1.0618268810980733,1.2039363686443543
2021-02-18,-0.0018198732718769234,1.0,0.0005,-0.0023198732718769234,-0.0018198732718769234,1.0593664323653522,1.201747349498893
2021-02-19,-0.006086230029960291,1.0,0.0,-0.006086230029960291,-0.006086230029960291,1.0529384654567289,1.1944554512858672
2021-02-22,-0.0020370028689259564,1.0,0.0,-0.0020370028689259564,-0.0020370028689259564,1.0507958098205212,1.1920248185481919
2021-02-23,0.004881047042599823,1.0,0.0,0.004881047042599823,0.004881047042599823,1.0559373313968685,1.1978573706642435
2021-02-24,-0.018016231741961306,0.0,0.0005,-0.0005,-0.018016231741961306,1.0554094947013404,1.1764697354814388
2021-02-25,0.009048688398040237,1.0,0.0005,0.008548688398040237,0.009048688398040237,1.0644705364333071,1.1871635530728413
2021-02-26,0.007752542578879743,0.0,0.0005,-0.0005,0.007752542578879743,1.0639384342017337,1.196402856839114
2021-03-01,-0.006117565092146255,0.0,0.0,-0.0,-0.006117565092146255,1.0639384342017337,1.189106126354244
2021-03-02,-0.007796205047455119,0.0,0.0,-0.0,-0.007796205047455119,1.0639384342017337,1.1798716548598154
2021-03-03,-0.013271384267259755,0.0,0.0,-0.0,-0.013271384267259755,1.0639384342017337,1.1643165717930624
2021-03-04,0.014094259422948145,0.0,0.0,0.0,0.014094259422948145,1.0639384342017337,1.1808429415005164
2021-03-05,-0.0016464279925839608,0.0,0.0,-0.0,-0.0016464279925839608,1.0639384342017337,1.1789003682191141
2021-03-08,0.011071276698938278,0.0,0.0,0.0,0.011071276698938278,1.0639384342017337,1.1920248185481916
2021-03-09,0.003258023988225393,0.0,0.0,0.0,0.003258023988225393,1.0639384342017337,1.195914797382841
2021-03-10,0.004865208910660722,0.0,0.0,0.0,0.004865208910660722,1.0639384342017337,1.2017473494988926
2021-03-11,-0.000808555445180208,0.0,0.0,-0.0,-0.000808555445180208,1.0639384342017337,1.2007760628581914
2021-03-12,0.004444996065658992,0.0,0.0,0.0,0.004444996065658992,1.0639384342017337,1.2061253877898148
2021-03-15,-0.004038625293011664,0.0,0.0,-0.0,-0.004038625293011664,1.0639384342017337,1.2012641223144642
2021-03-16,0.0016158014391975206,0.0,0.0,0.0,0.0016158014391975206,1.0639384342017337,1.2032066955958667
2021-03-17,-0.006078825677325476,0.0,0.0,-0.0,-0.006078825677325476,1.0639384342017337,1.1959147973828408
2021-03-18,0.0012195320447323285,0.0,0.0,0.0,0.0012195320447323285,1.0639384342017337,1.1973741434798149
2021-03-19,0.0032434921933956217,0.0,0.0,0.0,0.0032434921933956217,1.0639384342017337,1.2012641223144642
2021-03-22,-0.00813056939641421,0.0,0.0,-0.0,-0.00813056939641421,1.0639384342017337,1.1915367590919188
2021-03-23,-0.00449546740026053,0.0,0.0,-0.0,-0.00449546740026053,1.0639384342017337,1.1861922664321396
2021-03-24,0.0012295217000173424,0.0,0.0,0.0,0.0012295217000173424,1.0639384342017337,1.1876516125291137
2021-03-25,0.011798699769190278,0.0,0.0,0.0,0.011798699769190278,1.0639384342017337,1.2017473494988926
2021-03-26,-0.004457186621327621,0.0,0.0,-0.0,-0.004457186621327621,1.0639384342017337,1.1964028568391136
2021-03-29,0.0028394214399932696,0.0,0.0,0.0,0.0028394214399932696,1.0639384342017337,1.1998047762174904
2021-03-30,-0.0016244206749517843,0.0,0.0,-0.0,-0.0016244206749517843,1.0639384342017337,1.1978573706642435
2021-03-31,0.010901006860628884,0.0,0.0,0.0,0.010901006860628884,1.0639384342017337,1.2109866532651656
2021-04-01,0.009191321493846832,0.0,0.0,0.0,0.009191321493846832,1.0639384342017337,1.2221685303128405
2021-04-05,0.0015881861278617402,0.0,0.0,0.0,0.0015881861278617402,1.0639384342017337,1.2241111035942431
2021-04-06,0.0031727603002810697,0.0,0.0,0.0,0.0031727603002810697,1.0639384342017337,1.2280010824288923
2021-04-07,0.0019773845614520992,0.0,0.0,0.0,0.0019773845614520992,1.0639384342017337,1.2304317151665676
2021-04-08,0.0011853411598287448,0.0,0.0,0.0,0.0011853411598287448,1.0639384342017337,1.2318910612635416
2021-04-09,-0.000988995543791856,0.0,0.0,-0.0,-0.000988995543791856,1.0639384342017337,1.2306733287587819
2021-04-12,0.002169015321576621,0.0,0.0,0.0,0.002169015321576621,1.0639384342017337,1.2333455750886715
2021-04-13,-0.0023653609376133792,0.0,0.0,-0.0,-0.0023653609376133792,1.0639384342017337,1.2304317151665678
2021-04-14,0.010217506949619464,0.0,0.0,0.0,0.010217506949619464,1.0639384342017337,1.2430681060393725
2021-04-15,0.001953440403391151,0.0,0.0,0.0,0.001953440403391151,1.0639384342017337,1.2454987387770478
2021-04-16,-0.004888825161990235,0.0,0.0,-0.0,-0.004888825161990235,1.0639384342017337,1.2394245730687816
2021-04-19,-0.004125634365529034,0.0,0.0,-0.0,-0.004125634365529034,1.0639384342017337,1.2343216940012167
2021-04-20,0.001177697444435476,0.0,0.0,0.0,0.001177697444435476,1.0639384342017337,1.2357762078263466
2021-04-21,-0.005123883870061289,0.0,0.0,-0.0,-0.005123883870061289,1.0639384342017337,1.2294604285258663
2021-04-22,0.008266741926680794,0.0,0.0,0.0,0.008266741926680794,1.0639384342017337,1.239666186660996
2021-04-23,-0.0015682422519850872,0.0,0.0,-0.0,-0.0015682422519850872,1.0639384342017337,1.2377236133795935
2021-04-26,-0.0011797521545215527,0.0,0.0,-0.0,-0.0011797521545215527,1.0639384342017337,1.2362642672826194
2021-04-27,-0.0015725610945483673,0.0,0.0,-0.0,-0.0015725610945483673,1.0639384342017337,1.2343216940012167
2021-04-28,-0.0023674123571821456,0.0,0.0,-0.0,-0.0023674123571821456,1.0639384342017337,1.2314030018072688
2021-04-29,-0.00713209953646678,0.0,0.0,-0.0,-0.00713209953646678,1.0639384342017337,1.2226517574972686
2021-04-30,0.003968118301979769,0.0,0.0,0.0,0.003968118301979769,1.0639384342017337,1.2275130229726194
2021-05-03,-0.007154782149683085,0.0,0.0,-0.0,-0.007154782149683085,1.0639384342017337,1.2187617786626195
2021-05-04,0.0015965805673060704,0.0,0.0,0.0,0.0015965805673060704,1.0639384342017337,1.2207091842158664
2021-05-05,-0.0015965805673060758,0.0,0.0,-0.0,-0.0015965805673060758,1.0639384342017337,1.2187617786626195
2021-05-06,0.007945733083099012,0.0,0.0,0.0,0.007945733083099012,1.0639384342017337,1.2284843096133207
2021-05-07,-0.01194240122937577,0.0,0.0,-0.0,-0.01194240122937577,1.0639384342017337,1.2139005131872689
2021-05-10,-0.008442950641277484,0.0,0.0,-0.0,-0.008442950641277484,1.0639384342017337,1.2036947550521393
2021-05-11,-0.015466551000990572,0.0,0.0,-0.0,-0.015466551000990572,1.0639384342017337,1.1852209797914384
2021-05-12,0.011012559091957362,0.0,0.0,0.0,0.011012559091957362,1.0639384342017337,1.1983454301205159
2021-05-13,0.011295386866674181,0.0,0.0,0.0,0.011295386866674181,1.0639384342017337,1.2119579399058662
2021-05-14,-0.0036189085319289853,0.0,0.0,-0.0,-0.0036189085319289853,1.0639384342017337,1.207579901614944
2021-05-17,-0.002014841607323689,0.0,0.0,-0.0,-0.002014841607323689,1.0639384342017337,1.2051492688772687
2021-05-18,-0.0008062721183845488,0.0,0.0,-0.0,-0.0008062721183845488,1.0639384342017337,1.2041779822365675
2021-05-19,0.006440022257637267,0.0,0.0,0.0,0.006440022257637267,1.0639384342017337,1.2119579399058664
2021-05-20,-0.0008017407376680823,0.0,0.0,-0.0,-0.0008017407376680823,1.0639384342017337,1.210986653265165
2021-05-21,0.006399964567581325,0.0,0.0,0.0,0.006399964567581325,1.0639384342017337,1.2187617786626195
2021-05-25,0.007154782149683043,0.0,0.0,0.0,0.007154782149683043,1.0639384342017337,1.2275130229726192
2021-05-26,-0.000791577032040902,0.0,0.0,-0.0,-0.000791577032040902,1.0639384342017337,1.2265417363319182
2021-05-27,0.0031664827982187567,0.0,0.0,0.0,0.0031664827982187567,1.0639384342017337,1.2304317151665676
2021-05-28,-0.0007896986001344472,0.0,0.0,-0.0,-0.0007896986001344472,1.0639384342017337,1.2294604285258661
2021-05-31,0.0035507012169038593,0.0,0.0,0.0,0.0035507012169038593,1.0639384342017337,1.233833634544944
2021-06-01,-0.0015756614569408512,0.0,0.0,-0.0,-0.0015756614569408512,1.0639384342017337,1.2318910612635414
2021-06-02,0.0007881410670668322,0.0,0.0,0.0,0.0007881410670668322,1.0639384342017337,1.2328623479042429
2021-06-03,0.0062867609199222015,0.0,0.0,0.0,0.0062867609199222015,1.0639384342017337,1.2406374733016972
2021-06-04,0.0015684507275635076,0.0,0.0,0.0,0.0015684507275635076,1.0639384342017337,1.242584878854944
2021-06-07,0.002734035373619983,0.0,0.0,0.0,0.002734035373619983,1.0639384342017337,1.2459867982333204
2021-06-08,-0.0023452222983816945,0.0,0.0,-0.0,-0.0023452222983816945,1.0639384342017337,1.2430681060393725
2021-06-09,0.0015653862572079654,0.0,0.0,0.0,0.0015653862572079654,1.0639384342017337,1.2450155115926194
2021-06-10,0.007389781948116172,0.0,0.0,0.0,0.007389781948116172,1.0639384342017337,1.2542499830870477
2021-06-11,0.0003890488575021016,0.0,0.0,0.0,0.0003890488575021016,1.0639384342017337,1.2547380425433206
2021-06-14,0.0019352896180878257,0.0,0.0,0.0,0.0019352896180878257,1.0639384342017337,1.2571686752809959
2021-06-15,-0.00038829651732260316,0.0,0.0,-0.0,-0.00038829651732260316,1.0639384342017337,1.256680615824723
2021-06-16,0.0034777570146470216,0.0,0.0,0.0,0.0034777570146470216,1.0639384342017337,1.261058654115645
2021-06-17,-0.007353596461685739,0.0,0.0,-0.0,-0.007353596461685739,1.0639384342017337,1.2518193503493724
2021-06-18,0.006583084416419959,0.0,0.0,0.0,0.006583084416419959,1.0639384342017337,1.2600873674749438
2021-06-21,0.0003834135353606013,0.0,0.0,0.0,0.0003834135353606013,1.0639384342017337,1.2605705946593724
2021-06-22,-0.002314216185761646,0.0,0.0,-0.0,-0.002314216185761646,1.0639384342017337,1.2576567347372687
2021-06-23,0.0011558586224224864,0.0,0.0,0.0,0.0011558586224224864,1.0639384342017337,1.2591112485623985
2021-06-24,0.0015454560732446284,0.0,0.0,0.0,0.0015454560732446284,1.0639384342017337,1.2610586541156454
2021-06-25,0.0011565697892679193,0.0,0.0,0.0,0.0011565697892679193,1.0639384342017337,1.2625180002126193
2021-06-28,0.0038430583912747707,0.0,0.0,0.0,0.0038430583912747707,1.0639384342017337,1.2673792656879699
2021-06-29,-0.0015377427216244108,0.0,0.0,-0.0,-0.0015377427216244108,1.0639384342017337,1.2654318601347232
2021-06-30,0.0019189506980619264,0.0,0.0,0.0,0.0019189506980619264,1.0639384342017337,1.2678624928723983
2021-07-02,0.005162469221082739,0.0,0.0,0.0,0.005162469221082739,1.0639384342017337,1.274424718036937
2021-07-05,0.0013375850062818159,0.0,0.0,0.0,0.0013375850062818159,1.0639384342017337,1.2761305099979696
2021-07-06,0.0028510731626777675,0.0,0.0,0.0,0.0028510731626777675,1.0639384342017337,1.2797740429685602
2021-07-07,-0.007816330430276911,0.0,0.0,-0.0,-0.007816330430276911,1.0639384342017337,1.2698098984256447
2021-07-08,0.008005106557453467,0.0,0.0,0.0,0.008005106557453467,1.0639384342017337,1.2800156565607745
2021-07-09,0.0018971079516666778,0.0,0.0,0.0,0.0018971079516666778,1.0639384342017337,1.2824462892984498
2021-07-12,0.0003804967223353311,0.0,0.0,0.0,0.0003804967223353311,1.0639384342017337,1.2829343487547225
2021-07-13,-0.0018963855608717895,0.0,0.0,-0.0,-0.0018963855608717895,1.0639384342017337,1.2805037160170472
2021-07-14,0.0022767375605165334,0.0,0.0,0.0,0.0022767375605165334,1.0639384342017337,1.2834224082109955
2021-07-15,-0.007224995341869345,0.0,0.0,-0.0,-0.007224995341869345,1.0639384342017337,1.2741831044447227
2021-07-16,-0.007273755884982644,0.0,0.0,-0.0,-0.007273755884982644,1.0639384342017337,1.2649486329502944
2021-07-19,0.008800945263350896,0.0,0.0,0.0,0.008800945263350896,1.0639384342017337,1.2761305099979694
2021-07-20,0.0034210684029844863,0.0,0.0,0.0,0.0034210684029844863,1.0639384342017337,1.2805037160170472
2021-07-21,-0.0003812191131302032,0.0,0.0,-0.0,-0.0003812191131302032,1.0639384342017337,1.2800156565607743
2021-07-22,0.006438537432587921,0.0,0.0,0.0,0.006438537432587921,1.0639384342017337,1.2882836736863457
2021-07-23,-0.0003789164909649783,0.0,0.0,-0.0,-0.0003789164909649783,1.0639384342017337,1.2877956142300728
2021-07-26,-0.0007545087886587204,0.0,0.0,-0.0,-0.0007545087886587204,1.0639384342017337,1.2868243275893716
2021-07-27,0.00018774195299267574,0.0,0.0,0.0,0.00018774195299267574,1.0639384342017337,1.2870659411815857
2021-07-28,-0.00018774195299262915,0.0,0.0,-0.0,-0.00018774195299262915,1.0639384342017337,1.2868243275893716
2021-07-29,-0.004165661380722027,0.0,0.0,-0.0,-0.004165661380722027,1.0639384342017337,1.2814750026577484
2021-07-30,0.01112976708555723,0.0,0.0,0.0,0.01112976708555723,1.0639384342017337,1.2958171854915856
2021-08-03,-0.0016907247456364267,0.0,0.0,-0.0,-0.0016907247456364267,1.0639384342017337,1.2936281663461247
2021-08-04,0.0018771639073494495,0.0,0.0,0.0,0.0018771639073494495,1.0639384342017337,1.2960587990838
2021-08-05,0.0031827421878691895,0.0,0.0,0.0,0.0031827421878691895,1.0639384342017337,1.3001903915106634
2021-08-06,0.0007504690783741788,0.0,0.0,0.0,0.0007504690783741788,1.0639384342017337,1.3011665104232089
2021-08-09,-0.0018697882327725031,0.0,0.0,-0.0,-0.0018697882327725031,1.0639384342017337,1.2987358776855336
2021-08-10,0.0026159835069677778,0.0,0.0,0.0,0.0026159835069677778,1.0639384342017337,1.30213779706391
2021-08-11,0.0013054299573447862,0.0,0.0,0.0,0.0013054299573447862,1.0639384342017337,1.3038387567530982
2021-08-12,0.0003742549683417037,0.0,0.0,0.0,0.0003742549683417037,1.0639384342017337,1.304326816209371
2021-08-13,0.0014882222196570274,0.0,0.0,0.0,0.0014882222196570274,1.0639384342017337,1.3062693894907735
2021-08-16,-0.0037284296709372854,0.0,0.0,-0.0,-0.0037284296709372854,1.0639384342017337,1.3014081240154232
2021-08-17,-0.004868580534777226,0.0,0.0,-0.0,-0.004868580534777226,1.0639384342017337,1.2950875124430985
2021-08-18,0.005989311576464401,0.0,0.0,0.0,0.005989311576464401,1.0639384342017337,1.3028674701123972
2021-08-19,0.007062805278033202,0.0,0.0,0.0,0.007062805278033202,1.0639384342017337,1.3121019416068256
2021-08-20,-0.0014816018749901109,0.0,0.0,-0.0,-0.0014816018749901109,1.0639384342017337,1.3101593683254231
2021-08-23,0.0011132492542324983,0.0,0.0,0.0,0.0011132492542324983,1.0639384342017337,1.3116187144223974
2021-08-24,0.0018514399954475606,0.0,0.0,0.0,0.0018514399954475606,1.0639384342017337,1.3140493471600725
2021-08-25,0.0,0.0,0.0,0.0,0.0,1.0639384342017337,1.3140493471600725
2021-08-26,0.005164406495866339,0.0,0.0,0.0,0.005164406495866339,1.0639384342017337,1.3208531859168258
2021-08-27,0.0007350776825330048,0.0,0.0,0.0,0.0007350776825330048,1.0639384342017337,1.3218244725575268
2021-08-30,0.0,0.0,0.0,0.0,0.0,1.0639384342017337,1.3218244725575268
2021-08-31,0.005137743734636381,0.0,0.0,0.0,0.005137743734636381,1.0639384342017337,1.3286331435861243
2021-09-01,-0.0010989851869749288,0.0,0.0,-0.0,-0.0010989851869749288,1.0639384342017337,1.3271737974891502
2021-09-02,0.00018203463805348065,0.0,0.0,0.0,0.00018203463805348065,1.0639384342017337,1.3274154110813645
2021-09-03,0.005478272202793569,0.0,0.0,0.0,0.005478272202793569,1.0639384342017337,1.3347073092943904
2021-09-07,-0.0023705970214414254,0.0,0.0,-0.0,-0.0023705970214414254,1.0639384342017337,1.331547003508228
2021-09-08,-0.004021823602914197,0.0,0.0,-0.0,-0.004021823602914197,1.0639384342017337,1.3262025108484492
2021-09-09,-0.0036722875133258946,0.0,0.0,-0.0,-0.0036722875133258946,1.0639384342017337,1.3213412453730986
2021-09-10,0.0018378294676633191,0.0,0.0,0.0,0.0018378294676633191,1.0639384342017337,1.323771878110774
2021-09-13,-0.0033127263001290963,0.0,0.0,-0.0,-0.0033127263001290963,1.0639384342017337,1.3193938398198517
2021-09-14,0.0025750773218477406,0.0,0.0,0.0,0.0025750773218477406,1.0639384342017337,1.3227957591982282
2021-09-15,0.0011026204780586934,0.0,0.0,0.0,0.0011026204780586934,1.0639384342017337,1.3242551052952023
2021-09-16,-0.0040440142721258595,0.0,0.0,-0.0,-0.0040440142721258595,1.0639384342017337,1.3189106126354233
2021-09-17,-0.014105865625871778,0.0,0.0,-0.0,-0.014105865625871778,1.0639384342017337,1.3004368373747222
2021-09-20,0.002986821258200668,0.0,0.0,0.0,0.002986821258200668,1.0639384342017337,1.3043268162093713
2021-09-21,0.005202802323934312,0.0,0.0,0.0,0.005202802323934312,1.0639384342017337,1.3111306549661244
2021-09-22,0.003146213067552222,0.0,0.0,0.0,0.003146213067552222,1.0639384342017337,1.315262247392988
2021-09-23,-0.0053747824667299635,0.0,0.0,-0.0,-0.0053747824667299635,1.0639384342017337,1.3082119627721764
2021-09-24,-0.0022298449642815816,1.0,0.0005,-0.0027298449642815816,-0.0022298449642815816,1.06103800788309,1.3052981028500728
2021-09-27,-0.016524736106578956,0.0,0.0005,-0.0005,-0.016524736106578956,1.0605076214867974,1.2839056353954237
2021-09-28,0.004157791508827241,1.0,0.0005,0.003657791508827241,0.004157791508827241,1.0643938404160675,1.2892549603270467
2021-09-29,-0.012142341037274029,0.0,0.0005,-0.0005,-0.012142341037274029,1.0638617765229175,1.2736950449884497
2021-09-30,0.005712442142540214,1.0,0.0005,0.005212442142540213,0.005712442142540214,1.0694215719486029,1.2809917754733198
2021-10-01,-0.01491311381430981,0.0,0.0005,-0.0005,-0.01491311381430981,1.0688869948180482,1.262029940756346
2021-10-04,0.008437806830736447,1.0,0.0005,0.007937806830736447,0.008437806830736447,1.077405377216102,1.2727237583477484
2021-10-05,0.0011459753617235312,0.0,0.0005,-0.0005,0.0011459753617235312,1.076866809180723,1.2741831044447225
2021-10-06,0.0068446433422246124,0.0,0.0,0.0,0.0068446433422246124,1.076866809180723,1.2829343487547222
2021-10-07,-0.005699979736933757,0.0,0.0,-0.0,-0.005699979736933757,1.076866809180723,1.2756424505416963
2021-10-08,-0.005732655848083661,1.0,0.0005,-0.006232655848083661,-0.005732655848083661,1.070175941561911,1.2683505523286704
2021-10-12,0.006876010696548965,1.0,0.0,0.006876010696548965,0.006876010696548965,1.0775598395718877,1.2771017966386704
2021-10-13,0.008717557647054517,0.0,0.0005,-0.0005,0.008717557647054517,1.0770211943246355,1.2882836736863457
2021-10-14,0.006956244257657215,0.0,0.0,0.0,0.006956244257657215,1.0770211943246355,1.2972765315885597
2021-10-15,0.002433145537191843,0.0,0.0,0.0,0.002433145537191843,1.0770211943246355,1.3004368373747222
2021-10-18,0.00484860218362301,0.0,0.0,0.0,0.00484860218362301,1.0770211943246355,1.3067574489470466
2021-10-19,0.0009277449995220715,0.0,0.0,0.0,0.0009277449995220715,1.0770211943246355,1.3079703491799621
2021-10-20,0.0035257014158180285,0.0,0.0,0.0,0.0035257014158180285,1.0770211943246355,1.3125900010630984
2021-10-21,0.0,0.0,0.0,0.0,0.0,1.0770211943246355,1.3125900010630984
2021-10-22,0.004250424736456093,1.0,0.0005,0.003750424736456093,0.004250424736456093,1.0810680652524343,1.318180939586936
2021-10-25,0.0005533922904523459,0.0,0.0005,-0.0005,0.0005533922904523459,1.0805276663307968,1.3189106126354229
2021-10-26,-0.010004520452035702,0.0,0.0,-0.0,-0.010004520452035702,1.0805276663307968,1.305781330034501
2021-10-27,0.00889742945852953,1.0,0.0005,0.00839742945852953,0.00889742945852953,1.0896395257402285,1.3174512665384488
2021-10-28,-0.00037052594930964513,0.0,0.0005,-0.0005,-0.00037052594930964513,1.0890948421596012,1.3169632070821757
2021-10-29,0.006991117760826731,1.0,0.0005,0.006491117760826731,0.006991117760826731,1.0961872790512346,1.3262025108484485
2021-11-01,0.000732113783508543,0.0,0.0005,-0.0005,0.000732113783508543,1.0956393224122845,1.3271737974891498
2021-11-02,0.005844933921820102,1.0,0.0005,0.0053449339218201025,0.005844933921820102,1.101511120399906,1.3349537551584485
2021-11-03,0.005807370257727056,0.0,0.0005,-0.0005,0.005807370257727056,1.1009605025056508,1.3427288805559026
2021-11-04,0.0036138991086880224,0.0,0.0,0.0,0.0036138991086880224,1.1009605025056508,1.3475901460312534
2021-11-05,0.001802063724687715,0.0,0.0,0.0,0.001802063724687715,1.1009605025056508,1.3500207787689287
2021-11-08,-0.0018020637246876532,1.0,0.0005,-0.0023020637246876532,-0.0018020637246876532,1.098428936301883,1.3475901460312534
2021-11-09,-0.005425758092085484,1.0,0.0,-0.005425758092085484,-0.005425758092085484,1.0924852656529513,1.3402982478182275
2021-11-10,0.009026643948474545,1.0,0.0,0.009026643948474545,0.009026643948474545,1.102391383401171,1.352451411506604
2021-11-11,0.0046625615154098675,0.0,0.0005,-0.0005,0.0046625615154098675,1.1018403254854297,1.3587720230789289
2021-11-12,-0.0035841055311562372,0.0,0.0,-0.0,-0.0035841055311562372,1.1018403254854297,1.353910757603578
2021-11-15,0.00465754754396282,1.0,0.0005,0.00415754754396282,0.00465754754396282,1.1064308150014044,1.3602313691759027
2021-11-16,-0.00017764261195574906,0.0,0.0005,-0.0005,-0.00017764261195574906,1.1058777378747078,1.3599897555836884
2021-11-17,0.0008914476669538932,0.0,0.0,0.0,0.0008914476669538932,1.1058777378747078,1.361202655816604
2021-11-18,-0.0032179235732855706,0.0,0.0,-0.0,-0.0032179235732855706,1.1058777378747078,1.356829449797526
2021-11-19,-0.0021534290256755234,1.0,0.0005,-0.0026534290256755235,-0.0021534290256755234,1.1029472594138674,1.3539107576035778
2021-11-22,-0.002158076291601352,0.0,0.0005,-0.0005,-0.002158076291601352,1.1023959236295928,1.3509920654096297
2021-11-23,0.0010796203073478142,0.0,0.0,0.0,0.0010796203073478142,1.1023959236295928,1.352451411506604
2021-11-24,0.002872114475529482,0.0,0.0,0.0,0.002872114475529482,1.1023959236295928,1.3563413903412531
2021-11-25,-0.018812466258753584,0.0,0.0,-0.0,-0.018812466258753584,1.1023959236295928,1.3310637763237991
2021-11-26,0.004372300318420309,1.0,0.0005,0.003872300318420309,0.004372300318420309,1.1066730074477364,1.336896328439851
2021-11-29,-0.013914768175812936,0.0,0.0005,-0.0005,-0.013914768175812936,1.1061198092550857,1.3184225531791498
2021-11-30,-0.008144143671044575,1.0,0.0005,-0.008644143671044576,-0.008144143671044575,1.0965995572001004,1.3077287355877474
2021-12-01,0.011455653359584593,1.0,0.0,0.011455653359584593,0.011455653359584593,1.1092340516253911,1.3227957591982276
2021-12-02,-0.005895139582326447,0.0,0.0005,-0.0005,-0.005895139582326447,1.1086795732307286,1.315020633800773
2021-12-03,0.006446601792837778,0.0,0.0,0.0,0.006446601792837778,1.1086795732307286,1.3235254322467143
2021-12-06,0.012593203793090762,0.0,0.0,0.0,0.012593203793090762,1.1086795732307286,1.3402982478182273
2021-12-07,0.0010882295724680597,0.0,0.0,0.0,0.0010882295724680597,1.1086795732307286,1.3417575939152013
2021-12-08,-0.0034489261715591646,0.0,0.0,-0.0,-0.0034489261715591646,1.1086795732307286,1.3371379420320648
2021-12-09,0.00417255558248863,1.0,0.0005,0.00367255558248863,0.00417255558248863,1.1127587464969881,1.3427288805559026
2021-12-10,-0.0047184021914588965,0.0,0.0005,-0.0005,-0.0047184021914588965,1.1122025061954035,1.336408268983578
2021-12-13,-0.003644192168682712,1.0,0.0005,-0.0041441921686827116,-0.003644192168682712,1.1076028627653605,1.3315470035082273
2021-12-14,0.010892976453502722,1.0,0.0,0.010892976453502722,0.010892976453502722,1.1197339063026321,1.3461307999342789
2021-12-15,-0.008703419471370788,0.0,0.0005,-0.0005,-0.008703419471370788,1.1191741792928942,1.3344656957021752
2021-12-16,-0.0010941792212135336,1.0,0.0005,-0.0015941792212135336,-0.0010941792212135336,1.1173914364546977,1.3330063496052011
2021-12-17,-0.00548528186464217,0.0,0.0005,-0.0005,-0.00548528186464217,1.116832880387124,1.3257144513921753
2021-12-20,0.013115915669012823,0.0,0.0,0.0,0.013115915669012823,1.116832880387124,1.3432169400121752
2021-12-21,0.006494006653452801,0.0,0.0,0.0,0.006494006653452801,1.116832880387124,1.351968184322175
2021-12-22,0.005019922621886159,0.0,0.0,0.0,0.005019922621886159,1.116832880387124,1.358772023078928
2021-12-23,0.007129902313001401,0.0,0.0,0.0,0.007129902313001401,1.116832880387124,1.3684945540296292
2021-12-24,0.001422016079399445,0.0,0.0,0.0,0.001422016079399445,1.116832880387124,1.3704419595828758
2021-12-29,-0.01636006499791796,0.0,0.0,-0.0,-0.01636006499791796,1.116832880387124,1.348203844555477
2021-12-30,-0.007916558077851136,1.0,0.0005,-0.008416558077851136,-0.007916558077851136,1.1074724381952987,1.3375728464980503
2021-12-31,0.00899124920761659,1.0,0.0,0.00899124920761659,0.00899124920761659,1.1174748988003864,1.3496535261087623
2022-01-04,-0.01224799172789071,0.0,0.0005,-0.0005,-0.01224799172789071,1.1169163010120708,1.333223801838194
2022-01-05,-0.0039949208750461535,1.0,0.0005,-0.004494920875046153,-0.0039949208750461535,1.1119071169918064,1.3279083028094805
2022-01-06,-0.005473467414172043,0.0,0.0005,-0.0005,-0.005473467414172043,1.1113513023985382,1.320659895043053
2022-01-07,-0.0010982977490624545,0.0,0.0,-0.0,-0.0010982977490624545,1.1113513023985382,1.3192102134897676
2022-01-10,0.004750602758597799,0.0,0.0,0.0,0.004750602758597799,1.1113513023985382,1.325492166887338
2022-01-11,0.00036449790817277773,0.0,0.0,0.0,0.00036449790817277773,1.1113513023985382,1.3259753940717667
2022-01-12,-0.01025650016718911,0.0,0.0,-0.0,-0.01025650016718911,1.1113513023985382,1.312445032907769
2022-01-13,0.0033082184187576916,1.0,0.0005,0.0028082184187576916,0.0033082184187576916,1.1144766058090765,1.3167940775676255
2022-01-14,0.01058597219125574,0.0,0.0005,-0.0005,0.01058597219125574,1.1139195067925323,1.3308076659160515
2022-01-17,-0.02779746396758508,0.0,0.0,-0.0,-0.02779746396758508,1.1139195067925323,1.294324013491701
2022-01-18,-0.0065549443433258955,1.0,0.0005,-0.007054944343325896,-0.0065549443433258955,1.1060885227279713,1.2858675377642024
2022-01-19,-0.007733698830701305,0.0,0.0005,-0.0005,-0.007733698830701305,1.1055356167046322,1.2759613804834185
2022-01-20,-0.013535617959520584,0.0,0.0,-0.0,-0.013535617959520584,1.1055356167046322,1.258806815436207
2022-01-21,0.0019175461292718545,0.0,0.0,0.0,0.0019175461292718545,1.1055356167046322,1.2612229513583497
2022-01-24,-0.008078520565201436,0.0,0.0,-0.0,-0.008078520565201436,1.1055356167046322,1.2510751804853515
2022-01-25,0.000386174942045713,0.0,0.0,0.0,0.000386174942045713,1.1055356167046322,1.2515584076697799
2022-01-26,-0.0021258100574893923,0.0,0.0,-0.0,-0.0021258100574893923,1.1055356167046322,1.2489006581554232
2022-01-27,0.014405319687551233,0.0,0.0,0.0,0.014405319687551233,1.1055356167046322,1.2670216775714915
2022-01-28,0.016641836415008774,0.0,0.0,0.0,0.016641836415008774,1.1055356167046322,1.288283673686345
2022-01-31,0.007846107876837295,0.0,0.0,0.0,0.007846107876837295,1.1055356167046322,1.2984314445593432
2022-02-01,0.0033438634167064687,0.0,0.0,0.0,0.0033438634167064687,1.1055356167046322,1.3027804892191996
2022-02-02,-0.01607811789445804,0.0,0.0,-0.0,-0.01607811789445804,1.1055356167046322,1.2820017202887746
2022-02-03,0.009005689382612855,1.0,0.0005,0.008505689382612855,0.009005689382612855,1.114979063842272,1.2935991727150582
2022-02-04,-0.006746652277332667,0.0,0.0005,-0.0005,-0.006746652277332667,1.114421713659508,1.2849010833953456
2022-02-07,0.010475217372471477,1.0,0.0005,0.009975217372471477,0.010475217372471477,1.1255939425629236,1.2984314445593432
2022-02-08,0.01220655067455178,0.0,0.0005,-0.0005,0.01220655067455178,1.1250312862674379,1.3143779416454833
2022-02-09,-0.00923367594694544,0.0,0.0,-0.0,-0.00923367594694544,1.1250312862674379,1.3022972620347713
2022-02-10,-0.01194489752916535,1.0,0.0005,-0.01244489752916535,-0.01194489752916535,1.1111171467921719,1.2868339921330596
2022-02-11,-0.00602638358683099,1.0,0.0,-0.00602638358683099,-0.00602638358683099,1.1044412645733679,1.2791023571822038
2022-02-14,0.01574245404176346,1.0,0.0,0.01574245404176346,0.01574245404176346,1.1219654553977283,1.2993978989282002
2022-02-15,-0.0022338058432406216,0.0,0.0005,-0.0005,-0.0022338058432406216,1.1214046128923398,1.2964985358216292
2022-02-16,-0.016914517148364182,1.0,0.0005,-0.017414517148364183,-0.016914517148364182,1.1020449518625182,1.2747533125223474
2022-02-17,-0.004178543591720054,1.0,0.0,-0.004178543591720054,-0.004178543591720054,1.0974496165818177,1.269437813493634
2022-02-18,-0.011485578022791475,1.0,0.0,-0.011485578022791475,-0.011485578022791475,1.0849168839980892,1.2549409979607793
2022-02-22,-0.012788393622187673,1.0,0.0,-0.012788393622187673,-0.012788393622187673,1.071130878155988,1.2389945008746395
2022-02-23,0.008543741291242161,1.0,0.0,0.008543741291242161,0.008543741291242161,1.080321548717389,1.249625498932066
2022-02-24,0.014206420535070886,0.0,0.0005,-0.0005,0.014206420535070886,1.07978152296072,1.2675049047559201
2022-02-25,-0.005735056820330231,0.0,0.0,-0.0,-0.005735056820330231,1.07978152296072,1.2602564969894927
2022-02-28,-0.013705455338338834,0.0,0.0,-0.0,-0.013705455338338834,1.07978152296072,1.2431019319422816
2022-03-01,0.011402191364245943,1.0,0.0005,0.010902191364245943,0.011402191364245943,1.091617911806739,1.257357133882922
2022-03-02,-0.006168099740647773,0.0,0.0005,-0.0005,-0.006168099740647773,1.0910722392803354,1.249625498932066
2022-03-03,-0.008153801726932957,1.0,0.0005,-0.008653801726932957,-0.008153801726932957,1.0816710531221667,1.2394777280590679
2022-03-04,-0.019685675071030327,1.0,0.0,-0.019685675071030327,-0.019685675071030327,1.0605858474082843,1.2153163688376436
2022-03-07,0.0027794339910252558,1.0,0.0,0.0027794339910252558,0.0027794339910252558,1.0635377762082276,1.2186989591286428
2022-03-08,0.02273716139079838,0.0,0.0005,-0.0005,0.02273716139079838,1.0630061402401914,1.2467261358254953
2022-03-09,-0.007391591716137946,0.0,0.0,-0.0,-0.007391591716137946,1.0630061402401914,1.2375448193213539
2022-03-10,-0.012969330932777084,1.0,0.0005,-0.013469330932777085,-0.012969330932777084,1.0487841540882088,1.221598322235214
2022-03-11,-0.0015835316056443847,1.0,0.0,-0.0015835316056443847,-0.0015835316056443847,1.0471246854899678,1.2196654134975
2022-03-14,0.008678555456248249,0.0,0.0005,-0.0005,0.008678555456248249,1.0466012540159961,1.2302964115549269
2022-03-15,0.02098794489222161,0.0,0.0,0.0,0.02098794489222161,1.0466012540159961,1.2563906795140651
2022-03-16,0.007090189709968978,0.0,0.0,0.0,0.007090189709968978,1.0466012540159961,1.2653303824259923
2022-03-17,0.008555998577589877,1.0,0.0005,0.008055998577589877,0.008555998577589877,1.0550667253587853,1.2762029940756332
2022-03-18,-0.0011365790198723255,0.0,0.0005,-0.0005,-0.0011365790198723255,1.0545393238574687,1.2747533125223476
2022-03-21,0.007929057965759887,1.0,0.0005,0.007429057965759886,0.007929057965759887,1.0624027303070656,1.2849010833953458
2022-03-22,-0.010966266071209575,0.0,0.0005,-0.0005,-0.010966266071209575,1.0618716617201227,1.2708874950469198
2022-03-23,0.006065219503090722,1.0,0.0005,0.005565219503090722,0.006065219503090722,1.0677976851173052,1.2786191299977754
2022-03-24,-0.004925185178591659,1.0,0.0,-0.004925185178591659,-0.004925185178591659,1.062551513572889,1.2723371766002052
2022-03-25,0.006435759483958631,1.0,0.0,0.006435759483958631,0.006435759483958631,1.0694118917463562,1.2805520387354896
2022-03-28,0.012375931445356265,0.0,0.0005,-0.0005,0.012375931445356265,1.068877319454693,1.2964985358216297
2022-03-29,-0.008609448649879246,0.0,0.0,-0.0,-0.008609448649879246,1.068877319454693,1.2853843105797746
2022-03-30,-0.009442940800282072,1.0,0.0005,-0.009942940800282072,-0.009442940800282072,1.0583021965780195,1.2733036309690624
2022-03-31,0.005676458004805122,1.0,0.0,0.005676458004805122,0.005676458004805122,1.0643266872606267,1.2805520387354896
2022-04-01,0.00564441761967691,0.0,0.0005,-0.0005,0.00564441761967691,1.0637946569356616,1.2878004465019168
2022-04-04,-0.01208017710363554,0.0,0.0,-0.0,-0.01208017710363554,1.0637946569356616,1.2723371766002052
2022-04-05,-0.008007669099987609,1.0,0.0005,-0.00850766909998761,-0.008007669099987609,1.054782634016356,1.2621894057272072
2022-04-06,0.005345564466419898,1.0,0.0,0.005345564466419898,0.005345564466419898,1.0604361397116964,1.268954586309206
2022-04-07,-0.0022874581075990807,0.0,0.0005,-0.0005,-0.0022874581075990807,1.0599060541742682,1.266055223202635
2022-04-08,-0.007086116024784322,0.0,0.0,-0.0,-0.007086116024784322,1.0599060541742682,1.257115520290708
2022-04-11,-0.0036584232581929007,1.0,0.0005,-0.004158423258192901,-0.0036584232581929007,1.0555076677016442,1.2525248620386373
2022-04-12,0.00634556499028206,1.0,0.0,0.00634556499028206,0.00634556499028206,1.0622267558640968,1.2604981105817072
2022-04-13,-0.004418410799699011,0.0,0.0005,-0.0005,-0.004418410799699011,1.0616957752423821,1.2549409979607797
2022-04-14,-0.001155846786359162,0.0,0.0,-0.0,-0.001155846786359162,1.0616957752423821,1.2534913164074943
2022-04-18,0.009973231878753342,0.0,0.0,0.0,0.009973231878753342,1.0616957752423821,1.266055223202635
2022-04-19,-0.006509691760577123,0.0,0.0,-0.0,-0.006509691760577123,1.0616957752423821,1.2578403610673508
2022-04-20,-0.010815091896728883,1.0,0.0005,-0.011315091896728883,-0.010815091896728883,1.0497502995062962,1.2443099999033531
2022-04-21,-0.013685453085254314,1.0,0.0,-0.013685453085254314,-0.013685453085254314,1.035481848833395,1.227397048448356
2022-04-22,0.0,1.0,0.0,0.0,0.0,1.035481848833395,1.227397048448356
2022-04-25,-0.019881370553828933,0.0,0.0005,-0.0005,-0.019881370553828933,1.0349642373226395,1.2032356892269318
2022-04-26,0.003207701226769859,1.0,0.0005,0.002707701226769859,0.003207701226769859,1.0377704086800268,1.2071015067023598
2022-04-27,0.01785407473659661,0.0,0.0005,-0.0005,0.01785407473659661,1.0372516531753702,1.2288467300016417
2022-04-28,-0.021463463054527572,0.0,0.0,-0.0,-0.021463463054527572,1.0372516531753702,1.2027524620425034
2022-04-29,0.0036093883179309227,1.0,0.0005,0.0031093883179309227,0.0036093883179309227,1.0404818907774664,1.2071015067023598
2022-05-02,0.0027983228334422412,0.0,0.0005,-0.0005,0.0027983228334422412,1.03996177987064,1.2104840969933592
2022-05-03,0.01819670462284626,0.0,0.0,0.0,0.01819670462284626,1.03996177987064,1.2327125474770697
2022-05-04,-0.028630186106621,0.0,0.0,-0.0,-0.028630186106621,1.03996177987064,1.1979201901982186
2022-05-05,-0.004042042690010931,1.0,0.0005,-0.004542042690010932,-0.004042042690010931,1.0352489401323428,1.1930879183539338
2022-05-06,-0.025847592810555393,0.0,0.0005,-0.0005,-0.025847592810555393,1.0347314450468292,1.1626446057349389
2022-05-09,0.002490661312452052,1.0,0.0005,0.001990661312452052,0.002490661312452052,1.0367932964462876,1.1655439688415101
2022-05-10,-0.012515807931830646,0.0,0.0005,-0.0005,-0.012515807931830646,1.0362750293756293,1.1510471533086555
2022-05-11,0.0004197271834966851,1.0,0.0005,-8.027281650331493e-05,0.0004197271834966851,1.0361918479989958,1.1515303804930839
2022-05-12,0.01829572862785933,0.0,0.0005,-0.0005,0.01829572862785933,1.0356738815773925,1.1727923766079376
2022-05-13,-0.004542646671895843,0.0,0.0,-0.0,-0.004542646671895843,1.0356738815773925,1.1674768775792241
2022-05-16,0.01682781346647351,0.0,0.0,0.0,0.01682781346647351,1.0356738815773925,1.187289192140792
2022-05-17,-0.026393284612805774,0.0,0.0,-0.0,-0.026393284612805774,1.0356738815773925,1.156362652337369
2022-05-18,-0.001672940582563745,1.0,0.0005,-0.002172940582563745,-0.001672940582563745,1.0334258670553362,1.154429743599655
2022-05-19,0.003760188261649957,0.0,0.0005,-0.0005,0.003760188261649957,1.032909283278515,1.1587787882595113
2022-05-20,0.005406542593711554,0.0,0.0,0.0,0.005406542593711554,1.032909283278515,1.1650607416570817
2022-05-24,0.006614327545430435,0.0,0.0,0.0,0.006614327545430435,1.032909283278515,1.1727923766079376
2022-05-25,0.013098836489591106,0.0,0.0,0.0,0.013098836489591106,1.032909283278515,1.188255646509649
2022-05-26,0.011322401587212115,0.0,0.0,0.0,0.011322401587212115,1.032909283278515,1.2017860076736466
2022-05-27,0.01079794534678813,0.0,0.0,0.0,0.01079794534678813,1.032909283278515,1.2148331416532159
2022-05-30,-0.016443121628776477,0.0,0.0,-0.0,-0.016443121628776477,1.032909283278515,1.195020827091648
2022-05-31,-0.0038488855373983843,1.0,0.0005,-0.004348885537398385,-0.0038488855373983843,1.0284270324971454,1.1904301688395775
2022-06-01,0.008689556546711288,1.0,0.0,0.008689556546711288,0.008689556546711288,1.0374025474955981,1.2008195533047898
2022-06-02,-0.010517896314536649,0.0,0.0005,-0.0005,-0.010517896314536649,1.036883975875559,1.1882556465096492
2022-06-03,0.002031282437217841,1.0,0.0005,0.001531282437217841,0.002031282437217841,1.0384729543741942,1.1906717824317916
2022-06-06,0.003645942868005786,1.0,0.0,0.003645942868005786,0.003645942868005786,1.0422660779900088,1.195020827091648
2022-06-07,-0.008120223262926916,1.0,0.0,-0.008120223262926916,-0.008120223262926916,1.0338369143993094,1.1853562834030782
2022-06-08,-0.011892697069284319,1.0,0.0,-0.011892697069284319,-0.011892697069284319,1.0216146271927946,1.171342695054652
2022-06-09,-0.01831858052368463,1.0,0.0,-0.01831858052368463,-0.01831858052368463,1.0030704672932556,1.1500806989397987
2022-06-10,-0.028555104434081324,1.0,0.0,-0.028555104434081324,-0.028555104434081324,0.9748327692644118,1.11770447758309
2022-06-13,-0.0034647068006901645,1.0,0.0,-0.0034647068006901645,-0.0034647068006901645,0.971461103828132,1.1138386601076622
2022-06-14,0.01207431659068095,0.0,0.0005,-0.0005,0.01207431659068095,0.9709754946886197,1.1273690212716596
2022-06-15,-0.0309056153453641,0.0,0.0,-0.0,-0.0309056153453641,0.9709754946886197,1.0930598911772371
2022-06-16,0.0057306747089850745,1.0,0.0005,0.005230674708985075,0.0057306747089850745,0.9760676577659343,1.0993418445748075
2022-06-17,0.010276683861231812,0.0,0.0005,-0.0005,0.010276683861231812,0.9755797459251764,1.1106976834088769
2022-06-20,0.0028239401844663246,0.0,0.0,0.0,0.0028239401844663246,0.9755797459251764,1.1138386601076622
2022-06-21,-0.004783657741432875,0.0,0.0,-0.0,-0.004783657741432875,0.9755797459251764,1.108523161078949
2022-06-22,0.002612104227924961,1.0,0.0005,0.002112104227924961,0.002612104227924961,0.9776424495869781,1.1114225241855198
2022-06-23,0.01167076138505076,0.0,0.0005,-0.0005,0.01167076138505076,0.9771537505471257,1.124469658165089
2022-06-24,0.0008591065820491685,0.0,0.0,0.0,0.0008591065820491685,0.9771537505471257,1.1254361125339458
2022-06-27,-0.011009285508369255,0.0,0.0,-0.0,-0.011009285508369255,0.9771537505471257,1.1131138193310195
2022-06-28,-0.004132686686655661,1.0,0.0005,-0.004632686686655662,-0.004132686686655661,0.9726373729348265,1.1085231610789488
2022-06-29,-0.007438231625576512,1.0,0.0,-0.007438231625576512,-0.007438231625576512,0.9654295109732345,1.1003082989436643
2022-06-30,0.008745136625358632,0.0,0.0005,-0.0005,0.008745136625358632,0.964946916876326,1.1099728426322342
2022-07-04,-0.001742919831193824,0.0,0.0,-0.0,-0.001742919831193824,0.964946916876326,1.1080399338945202
2022-07-05,0.0008718396367409824,1.0,0.0005,0.0003718396367409824,0.0008718396367409824,0.9653057891046963,1.1090063882633772
2022-07-06,0.01341721058396423,0.0,0.0005,-0.0005,0.01341721058396423,0.9648232568532595,1.1239864309806602
2022-07-07,-0.002582868418254189,0.0,0.0,-0.0,-0.002582868418254189,0.9648232568532595,1.1210870678740892
2022-07-08,-0.009963261971257423,1.0,0.0005,-0.010463261971257423,-0.009963261971257423,0.9547806889914455,1.109972842632234
2022-07-11,-0.005237899360793106,1.0,0.0,-0.005237899360793106,-0.005237899360793106,0.9497927184786474,1.1041741164190921
2022-07-12,-0.005705523487263265,1.0,0.0,-0.005705523487263265,-0.005705523487263265,0.9443890837564494,1.0978921630215217
2022-07-13,-0.002644338253090313,1.0,0.0,-0.002644338253090313,-0.002644338253090313,0.9418950985000503,1.0949927999149507
2022-07-14,0.008349861740353405,1.0,0.0,0.008349861740353405,0.008349861740353405,0.9497927184786473,1.104174116419092
2022-07-15,-0.00043773255240427605,0.0,0.0005,-0.0005,-0.00043773255240427605,0.9493179408237129,1.1036908892346635
2022-07-18,0.018221762302708958,1.0,0.0005,0.017721762302708957,0.018221762302708958,0.9662914840450846,1.12398643098066
2022-07-19,0.0034334797678915365,0.0,0.0005,-0.0005,0.0034334797678915365,0.965808459069369,1.1278522484560878
2022-07-20,0.006831794291703272,1.0,0.0005,0.006331794291703273,0.006831794291703272,0.9719431608965582,1.1355838834069436
2022-07-21,-0.0034100629805419547,1.0,0.0,-0.0034100629805419547,-0.0034100629805419547,0.9686344182211657,1.1317180659315156
2022-07-22,-0.0004270766667519373,1.0,0.0,-0.0004270766667519373,-0.0004270766667519373,0.9682208253867416,1.1312348387470872
2022-07-25,-0.008149305233074047,1.0,0.0,-0.008149305233074047,-0.008149305233074047,0.9603625615326842,1.1220535222429457
2022-07-26,0.017926216268152113,1.0,0.0,0.017926216268152113,0.017926216268152113,0.9777334605784951,1.1423490639889424
2022-07-27,0.01010109598650392,0.0,0.0005,-0.0005,0.01010109598650392,0.9772447160445216,1.153946516415226
2022-07-28,0.012070906190990459,0.0,0.0,0.0,0.012070906190990459,0.9772447160445216,1.1679601047636523
2022-07-29,-0.007058364367446048,0.0,0.0,-0.0,-0.007058364367446048,0.9772447160445216,1.159745242628368
2022-08-02,0.008298802814695064,1.0,0.0005,0.007798802814695064,0.008298802814695064,0.9848958509535798,1.1694097863169377
2022-08-03,0.0024762703532635053,0.0,0.0005,-0.0005,0.0024762703532635053,0.9844035261195683,1.1723091494235087
2022-08-04,0.0028812532795270554,1.0,0.0005,0.0023812532795270554,0.0028812532795270554,0.9867504334258931,1.1756917397145081
2022-08-05,-0.0008223684673991892,1.0,0.0,-0.0008223684673991892,-0.0008223684673991892,0.9859392945574789,1.1747252853456511
2022-08-08,-0.006603408229450265,1.0,0.0,-0.006603408229450265,-0.006603408229450265,0.9794501836101652,1.1669936503947955
2022-08-09,0.014796817441439585,1.0,0.0,0.014796817441439585,0.014796817441439585,0.9940506832416212,1.184389829034221
2022-08-10,0.0016306567005083114,0.0,0.0005,-0.0005,0.0016306567005083114,0.993553782135629,1.186322737771935
2022-08-11,0.01214589830210812,0.0,0.0,0.0,0.01214589830210812,0.993553782135629,1.2008195533047894
2022-08-12,0.008016074988236125,0.0,0.0,0.0,0.008016074988236125,0.993553782135629,1.2104840969933592
2022-08-15,-0.0011983224921087556,0.0,0.0,-0.0,-0.0011983224921087556,0.993553782135629,1.2090344154400738
2022-08-16,-0.004807701568103232,0.0,0.0,-0.0,-0.004807701568103232,0.993553782135629,1.2032356892269318
2022-08-17,0.004008021397538868,1.0,0.0005,0.0035080213975388678,0.004008021397538868,0.9970453106607304,1.2080679610712168
2022-08-18,-0.01005033585350145,0.0,0.0005,-0.0005,-0.01005033585350145,0.9965469126152947,1.1959872814605046
2022-08-19,-0.01301360374505018,1.0,0.0005,-0.01351360374505018,-0.01301360374505018,0.9831705574687698,1.180524011558793
2022-08-22,-0.004924096941617098,1.0,0.0,-0.004924096941617098,-0.004924096941617098,0.9783412301295863,1.1747252853456511
2022-08-23,0.0020546545136643757,0.0,0.0005,-0.0005,0.0020546545136643757,0.9778521817867957,1.1771414212677938
2022-08-24,0.011022769290750285,0.0,0.0,0.0,0.011022769290750285,0.9778521817867957,1.190188555247363
2022-08-25,-0.020509332495506204,0.0,0.0,-0.0,-0.020509332495506204,0.9778521817867957,1.1660271960259385
2022-08-26,-0.005818802785337179,1.0,0.0005,-0.006318802785337179,-0.005818802785337179,0.9716928071276529,1.1592620154439397
2022-08-29,-0.00585285951725287,0.0,0.0005,-0.0005,-0.00585285951725287,0.9712070821654489,1.152496834861941
2022-08-30,-0.0050441468866780255,0.0,0.0,-0.0,-0.0050441468866780255,0.9712070821654489,1.146698108648799
2022-08-31,-0.00549335841610773,0.0,0.0,-0.0,-0.00549335841610773,0.9712070821654489,1.1404161552512289
2022-09-01,-0.004671913360743082,0.0,0.0,-0.0,-0.004671913360743082,0.9712070821654489,1.1351006562225154
2022-09-02,-0.00726343718852977,0.0,0.0,-0.0,-0.00726343718852977,0.9712070821654489,1.1268857940872312
2022-09-06,0.012358989615129944,0.0,0.0,0.0,0.012358989615129944,0.9712070821654489,1.1408993824356572
2022-09-07,0.0054910380841003735,0.0,0.0,0.0,0.0054910380841003735,0.9712070821654489,1.1471813358332277
2022-09-08,0.013804862613458773,0.0,0.0,0.0,0.013804862613458773,0.9712070821654489,1.163127832919368
2022-09-09,0.008274767943529335,0.0,0.0,0.0,0.008274767943529335,0.9712070821654489,1.1727923766079376
2022-09-12,-0.02250094929083779,0.0,0.0,-0.0,-0.02250094929083779,0.9712070821654489,1.1466981086487993
2022-09-13,0.004205220662978427,1.0,0.0005,0.0037052206629784273,0.004205220662978427,0.9748122936417882,1.1515303804930839
2022-09-14,-0.005470242969565199,0.0,0.0005,-0.0005,-0.005470242969565199,0.974325009326198,1.1452484270955137
2022-09-15,-0.007623925110659371,1.0,0.0005,-0.008123925110659371,-0.007623925110659371,0.9664417308557244,1.1365503377758008
2022-09-16,0.006357300495466498,1.0,0.0,0.006357300495466498,0.006357300495466498,0.9726052623025084,1.1437987455422283
2022-09-19,-0.0063573004954665235,0.0,0.0005,-0.0005,-0.0063573004954665235,0.9721190812267549,1.1365503377758008
2022-09-20,-0.008539761548134496,0.0,0.0,-0.0,-0.008539761548134496,0.9721190812267549,1.1268857940872312
2022-09-21,-0.006884708777497144,1.0,0.0005,-0.007384708777497143,-0.006884708777497144,0.9649667065208744,1.1191541591363754
2022-09-22,-0.02094317384524325,0.0,0.0005,-0.0005,-0.02094317384524325,0.9644843437683512,1.095959254283808
2022-09-23,-0.004861888030106954,0.0,0.0,-0.0,-0.004861888030106954,0.9644843437683512,1.0906437552550947
2022-09-26,-0.002661935910803433,0.0,0.0,-0.0,-0.002661935910803433,0.9644843437683512,1.0877443921485237
2022-09-27,0.014991462421572798,0.0,0.0,0.0,0.014991462421572798,0.9644843437683512,1.1041741164190924
2022-09-28,-0.012772690710355656,0.0,0.0,-0.0,-0.012772690710355656,0.9644843437683512,1.090160528070666
2022-09-29,-0.0008869180182278928,1.0,0.0005,-0.0013869180182278927,-0.0008869180182278928,0.9631476102378616,1.089194073701809
2022-09-30,0.012345835822299362,0.0,0.0005,-0.0005,0.012345835822299362,0.9626661568061309,1.1027244348658067
2022-10-03,0.025525937068889795,0.0,0.0,0.0,0.025525937068889795,0.9626661568061309,1.1312348387470874
2022-10-04,-0.0004272591391637224,0.0,0.0,-0.0,-0.0004272591391637224,0.9626661568061309,1.1307516115626588
2022-10-05,-0.0034246608813639917,1.0,0.0005,-0.003924660881363992,-0.0034246608813639917,0.9588954228647362,1.1268857940872312
2022-10-06,-0.02430675222416143,1.0,0.0,-0.02430675222416143,-0.02430675222416143,0.9358687746312776,1.099825071759236
2022-10-07,-0.014159528603634616,1.0,0.0,-0.014159528603634616,-0.014159528603634616,0.9227106899264442,1.0843618018575243
2022-10-11,-0.0004457321223786557,1.0,0.0,-0.0004457321223786557,-0.0004457321223786557,0.9222994997794182,1.0838785746730957
2022-10-12,0.01855176880809683,0.0,0.0005,-0.0005,0.01855176880809683,0.9218384652977537,1.1041741164190924
2022-10-13,-0.013216051391526375,0.0,0.0,-0.0,-0.013216051391526375,0.9218384652977537,1.0896773008862377
2022-10-14,0.015401844611506484,1.0,0.0005,0.014901844611506483,0.015401844611506484,0.9356784232023844,1.1065902523412345
2022-10-17,0.009128513726095449,0.0,0.0005,-0.0005,0.009128513726095449,0.9352107009310952,1.1167380232142328
2022-10-18,-0.007383312585064596,0.0,0.0,-0.0,-0.007383312585064596,0.9352107009310952,1.1085231610789488
2022-10-19,-0.00436872691341526,1.0,0.0005,-0.00486872691341526,-0.00436872691341526,0.9306684818065902,1.1036908892346637
2022-10-20,0.011752039498479834,1.0,0.0,0.011752039498479834,0.011752039498479834,0.9416702545775087,1.1167380232142328
2022-10-21,0.008187936285365663,0.0,0.0005,-0.0005,0.008187936285365663,0.9411995371393861,1.1259193397183742
2022-10-24,0.010247741260475632,0.0,0.0,0.0,0.010247741260475632,0.9411995371393861,1.1375167921446578
2022-10-25,0.0,0.0,0.0,0.0,0.0,0.9411995371393861,1.1375167921446578
2022-10-26,-0.003830606939842313,0.0,0.0,-0.0,-0.003830606939842313,0.9411995371393861,1.1331677474848014
2022-10-27,0.017332921777481657,1.0,0.0005,0.016832921777481656,0.017332921777481657,0.9571767698220683,1.1529800620463693
2022-10-28,-0.005042027488248088,0.0,0.0005,-0.0005,-0.005042027488248088,0.9566983010643149,1.1471813358332275
2022-10-31,0.0025241914959071438,1.0,0.0005,0.0020241914959071437,0.0025241914959071438,0.9586368029170671,1.1500806989397985
2022-11-01,-0.0148150857851407,0.0,0.0005,-0.0005,-0.0148150857851407,0.9581576043252398,1.1331677474848014
2022-11-02,-0.004701868033878431,1.0,0.0005,-0.005201868033878431,-0.004701868033878431,0.9531863360625836,1.127852248456088
2022-11-03,0.005128216366919529,0.0,0.0005,-0.0005,0.005128216366919529,0.9527098620229888,1.13365097466923
2022-11-04,0.007220247973486877,0.0,0.0,0.0,0.007220247973486877,0.9527098620229888,1.141865836804514
2022-11-07,0.005065439281833897,0.0,0.0,0.0,0.005065439281833897,0.9527098620229888,1.147664563017656
2022-11-08,-0.014846508116994585,0.0,0.0,-0.0,-0.014846508116994585,0.9527098620229888,1.1307516115626588
2022-11-09,0.03691694382764185,1.0,0.0005,0.03641694382764185,0.03691694382764185,0.9880441215036663,1.1732756037923657
2022-11-10,0.009020151359383744,0.0,0.0005,-0.0005,0.009020151359383744,0.9875502229278479,1.1839066018497926
2022-11-11,-0.005730674708985095,0.0,0.0,-0.0,-0.005730674708985095,0.9875502229278479,1.1771414212677935
2022-11-14,0.004505434612884042,1.0,0.0005,0.0040054346128840426,0.004505434612884042,0.9915137232443669,1.182456920296507
2022-11-15,-0.0028647451554241676,0.0,0.0005,-0.0005,-0.0028647451554241676,0.9910180903013063,1.1790743300055075
2022-11-16,-0.0024620447397750386,0.0,0.0,-0.0,-0.0024620447397750386,0.9910180903013063,1.1761749668989365
2022-11-17,0.006552029991300114,0.0,0.0,0.0,0.006552029991300114,0.9910180903013063,1.1839066018497924
2022-11-18,-0.001225240096101021,0.0,0.0,-0.0,-0.001225240096101021,0.9910180903013063,1.1824569202965067
2022-11-21,0.008950425902507891,0.0,0.0,0.0,0.008950425902507891,0.9910180903013063,1.1930879183539336
2022-11-22,0.004042042690010942,0.0,0.0,0.0,0.004042042690010942,0.9910180903013063,1.1979201901982184
2022-11-23,0.015609682569102022,0.0,0.0,0.0,0.015609682569102022,0.9910180903013063,1.2167660503909294
2022-11-24,0.0011907125836273628,0.0,0.0,0.0,0.0011907125836273628,0.9910180903013063,1.2182157319442148
2022-11-25,-0.018011293383433127,0.0,0.0,-0.0,-0.018011293383433127,0.9910180903013063,1.196470508644933
2022-11-28,0.00764437438113229,1.0,0.0005,0.007144374381132289,0.00764437438113229,0.998123646710973,1.2056518251490742
2022-11-29,0.012348294724817412,0.0,0.0005,-0.0005,0.012348294724817412,0.9976247096322817,1.2206318678663572
2022-11-30,0.003951012646679989,0.0,0.0,0.0,0.003951012646679989,0.9976247096322817,1.225464139710642
2022-12-01,0.0015760444554657142,0.0,0.0,0.0,0.0015760444554657142,0.9976247096322817,1.2273970484483558
2022-12-02,-0.009891277478742667,0.0,0.0,-0.0,-0.009891277478742667,0.9976247096322817,1.2153163688376438
2022-12-05,-0.008384956293857727,0.0,0.0,-0.0,-0.008384956293857727,0.9976247096322817,1.2051685979646458
2022-12-06,-0.0016051367812285446,0.0,0.0,-0.0,-0.0016051367812285446,0.9976247096322817,1.2032356892269316
2022-12-07,0.002006018726865766,0.0,0.0,0.0,0.002006018726865766,0.9976247096322817,1.2056518251490742
2022-12-08,-0.00040088194563719134,0.0,0.0,-0.0,-0.00040088194563719134,0.9976247096322817,1.2051685979646458
2022-12-09,0.004800009216031768,0.0,0.0,0.0,0.004800009216031768,0.9976247096322817,1.2109673241777874
2022-12-12,0.005967791731906267,0.0,0.0,0.0,0.005967791731906267,0.9976247096322817,1.2182157319442148
2022-12-13,-0.004372895062090213,0.0,0.0,-0.0,-0.004372895062090213,0.9976247096322817,1.2129002329155016
2022-12-14,-0.017279915596472833,0.0,0.0,-0.0,-0.017279915596472833,0.9976247096322817,1.1921214639850766
2022-12-15,-0.006506733001244087,0.0,0.0,-0.0,-0.006506733001244087,0.9976247096322817,1.184389829034221
2022-12-16,-0.010664580156529123,0.0,0.0,-0.0,-0.010664580156529123,0.9976247096322817,1.17182592223908
2022-12-19,0.0012363488078053497,0.0,0.0,0.0,0.0012363488078053497,0.9976247096322817,1.1732756037923657
2022-12-20,0.011466137087644006,0.0,0.0,0.0,0.011466137087644006,0.9976247096322817,1.1868059649563631
2022-12-21,-0.009820046180975348,0.0,0.0,-0.0,-0.009820046180975348,0.9976247096322817,1.1752085125300795
2022-12-22,0.0028741551298627384,0.0,0.0,0.0,0.0028741551298627384,0.9976247096322817,1.178591102821079
2022-12-23,-0.011131840368844181,0.0,0.0,-0.0,-0.011131840368844181,0.9976247096322817,1.16554396884151
2022-12-28,0.005375245524507458,0.0,0.0,0.0,0.005375245524507458,0.9976247096322817,1.17182592223908
2022-12-29,-0.005789925190412523,0.0,0.0,-0.0,-0.005789925190412523,0.9976247096322817,1.1650607416570813
2022-12-30,0.008261096134952385,0.0,0.0,0.0,0.008261096134952385,0.9976247096322817,1.1747252853456511
2023-01-03,0.0004112687699342843,0.0,0.0,0.0,0.0004112687699342843,0.9976247096322817,1.1752085125300797
2023-01-04,-0.003707522269531888,0.0,0.0,-0.0,-0.003707522269531888,0.9976247096322817,1.1708594678702233
2023-01-05,0.012712904454330888,0.0,0.0,0.0,0.012712904454330888,0.9976247096322817,1.1858395105875061
2023-01-06,0.00040741495776418094,0.0,0.0,0.0,0.00040741495776418094,0.9976247096322817,1.1863227377719348
2023-01-09,0.006496165759989222,0.0,0.0,0.0,0.006496165759989222,0.9976247096322817,1.1940543727227906
2023-01-10,0.008462673918733728,0.0,0.0,0.0,0.008462673918733728,0.9976247096322817,1.2042021435957888
2023-01-11,0.0056022555486697516,0.0,0.0,0.0,0.0056022555486697516,0.9976247096322817,1.2109673241777876
2023-01-12,0.006760813185044195,0.0,0.0,0.0,0.006760813185044195,0.9976247096322817,1.2191821863130718
2023-01-13,0.0086819803435653,0.0,0.0,0.0,0.0086819803435653,0.9976247096322817,1.2298131843704985
2023-01-16,-0.007097821596428828,0.0,0.0,-0.0,-0.007097821596428828,0.9976247096322817,1.2211150950507859
2023-01-17,-0.0035678927839016992,0.0,0.0,-0.0,-0.0035678927839016992,0.9976247096322817,1.2167660503909294
2023-01-18,-0.005575482384303395,0.0,0.0,-0.0,-0.005575482384303395,0.9976247096322817,1.2100008698089306
2023-01-19,0.008747570690447414,0.0,0.0,0.0,0.008747570690447414,0.9976247096322817,1.2206318678663575
2023-01-20,0.007886476206915363,0.0,0.0,0.0,0.007886476206915363,0.9976247096322817,1.230296411554927
2023-01-23,-0.0007858546573390916,0.0,0.0,-0.0,-0.0007858546573390916,0.9976247096322817,1.22932995718607
2023-01-24,0.0023557136924589835,0.0,0.0,0.0,0.0023557136924589835,0.9976247096322817,1.232229320292641
2023-01-25,0.0031323439863162024,0.0,0.0,0.0,0.0031323439863162024,0.9976247096322817,1.236095137768069
2023-01-26,0.0003908540210008852,0.0,0.0,0.0,0.0003908540210008852,0.9976247096322817,1.2365783649524975
2023-01-27,-0.005878911699775997,0.0,0.0,-0.0,-0.005878911699775997,0.9976247096322817,1.2293299571860703
2023-01-30,0.005097050831173897,0.0,0.0,0.0,0.005097050831173897,0.9976247096322817,1.2356119105836407
2023-01-31,0.007403111933057624,0.0,0.0,0.0,0.007403111933057624,0.9976247096322817,1.244793227087782
2023-02-01,0.007733990599736257,0.0,0.0,0.0,0.007733990599736257,0.9976247096322817,1.2544577707763516
2023-02-02,-0.0023139231303972345,0.0,0.0,-0.0,-0.0023139231303972345,0.9976247096322817,1.2515584076697805
2023-02-03,-0.004643971194450593,0.0,0.0,-0.0,-0.004643971194450593,0.9976247096322817,1.2457596814566387
2023-02-06,0.00580160203953168,0.0,0.0,0.0,0.00580160203953168,0.9976247096322817,1.2530080892230662
2023-02-07,-0.004638585820050561,0.0,0.0,-0.0,-0.004638585820050561,0.9976247096322817,1.2472093630099241
2023-02-08,-0.004271021829348309,0.0,0.0,-0.0,-0.004271021829348309,0.9976247096322817,1.241893863981211
2023-02-09,-0.0070285334245849575,0.0,0.0,-0.0,-0.0070285334245849575,0.9976247096322817,1.2331957746614983
2023-02-10,0.008195167817063644,0.0,0.0,0.0,0.008195167817063644,0.9976247096322817,1.2433435455344963
2023-02-13,0.0011652749425002074,0.0,0.0,0.0,0.0011652749425002074,0.9976247096322817,1.2447932270877822
2023-02-14,0.004261094961784941,0.0,0.0,0.0,0.004261094961784941,0.9976247096322817,1.2501087261164956
2023-02-15,-0.005426369904285028,0.0,0.0,-0.0,-0.005426369904285028,0.9976247096322817,1.2433435455344966
2023-02-16,-0.0007776050158546732,0.0,0.0,-0.0,-0.0007776050158546732,0.9976247096322817,1.2423770911656398
2023-02-17,-0.012918558991556547,0.0,0.0,-0.0,-0.012918558991556547,0.9976247096322817,1.2264305940794995
2023-02-21,-0.002366865010266168,0.0,0.0,-0.0,-0.002366865010266168,0.9976247096322817,1.2235312309729287
2023-02-22,0.003548200056097177,0.0,0.0,0.0,0.003548200056097177,0.9976247096322817,1.227880275632785
2023-02-23,-0.005524875931969916,0.0,0.0,-0.0,-0.005524875931969916,0.9976247096322817,1.221115095050786
2023-02-24,0.003160808637089441,0.0,0.0,0.0,0.003160808637089441,0.9976247096322817,1.224980912526214
2023-02-27,0.0007886435739983844,0.0,0.0,0.0,0.0007886435739983844,0.9976247096322817,1.2259473668950711
2023-02-28,-0.0015779095976067856,0.0,0.0,-0.0,-0.0015779095976067856,0.9976247096322817,1.224014458157357
2023-03-01,0.004333274458337737,0.0,0.0,0.0,0.004333274458337737,0.9976247096322817,1.2293299571860705
2023-03-02,0.014051753455650287,0.0,0.0,0.0,0.014051753455650287,0.9976247096322817,1.246726135825496
2023-03-03,-0.0007754944165303904,0.0,0.0,-0.0,-0.0007754944165303904,0.9976247096322817,1.2457596814566392
2023-03-06,-0.00700664602552455,0.0,0.0,-0.0,-0.00700664602552455,0.9976247096322817,1.2370615921369263
2023-03-07,0.004287669792281189,0.0,0.0,0.0,0.004287669792281189,0.9976247096322817,1.2423770911656395
2023-03-08,-0.01134375551649014,0.0,0.0,-0.0,-0.01134375551649014,0.9976247096322817,1.2283635028172133
2023-03-09,-0.015061719529410275,1.0,0.0005,-0.015561719529410276,-0.015061719529410275,0.9822201254867315,1.2100008698089308
2023-03-10,-0.010437670030901272,0.0,0.0005,-0.0005,-0.010437670030901272,0.9817291381810435,1.1974369630137902
2023-03-13,0.008838948667204232,0.0,0.0,0.0,0.008838948667204232,0.9817291381810435,1.2080679610712168
2023-03-14,-0.014098924379501648,0.0,0.0,-0.0,-0.014098924379501648,0.9817291381810435,1.1911550096162198
2023-03-15,0.014898604550066035,1.0,0.0005,0.014398604550066035,0.014898604550066035,0.9959669239601331,1.2090344154400738
2023-03-16,-0.01125413807442332,0.0,0.0005,-0.0005,-0.01125413807442332,0.9954690649732718,1.1955040542760762
2023-03-17,0.006446436506320049,1.0,0.0005,0.0059464365063200495,0.006446436506320049,1.0014061934461067,1.2032356892269318
2023-03-20,0.015145765807994841,0.0,0.0005,-0.0005,0.015145765807994841,1.000905615504298,1.2215983222352145
2023-03-21,-0.01354062902676624,0.0,0.0,-0.0,-0.01354062902676624,1.000905615504298,1.205168597964646
2023-03-22,0.0,1.0,0.0005,-0.0005,0.0,1.000405287788898,1.205168597964646
2023-03-23,0.003602165191792392,0.0,0.0005,-0.0005,0.003602165191792392,0.9999052101748254,1.2095176426245022
2023-03-24,0.0003994407882148664,0.0,0.0,0.0,0.0003994407882148664,0.9999052101748254,1.2100008698089306
2023-03-27,-0.003200002730670791,0.0,0.0,-0.0,-0.003200002730670791,0.9999052101748254,1.2061350523335028
2023-03-28,0.00996619769860145,1.0,0.0005,0.00946619769860145,0.00996619769860145,1.0094154524743306,1.218215731944215
2023-03-29,0.004748722813755211,0.0,0.0005,-0.0005,0.004748722813755211,1.0089108709039982,1.2240144581573567
2023-03-30,0.009430325289511461,0.0,0.0,0.0,0.009430325289511461,1.0089108709039982,1.2356119105836403
2023-03-31,0.0007818608686020742,0.0,0.0,0.0,0.0007818608686020742,1.0089108709039982,1.2365783649524973
2023-04-03,-0.0019557995673041926,0.0,0.0,-0.0,-0.0019557995673041926,1.0089108709039982,1.2341622290303549
2023-04-04,-0.004316271170364989,0.0,0.0,-0.0,-0.004316271170364989,1.0089108709039982,1.2288467300016415
2023-04-05,0.004707737215685307,0.0,0.0,0.0,0.004707737215685307,1.0089108709039982,1.2346454562147835
2023-04-06,0.002345583561720456,0.0,0.0,0.0,0.002345583561720456,1.0089108709039982,1.2375448193213543
2023-04-10,0.0015606714053445513,0.0,0.0,0.0,0.0015606714053445513,1.0089108709039982,1.2394777280590683
2023-04-11,-0.0015606714053446214,0.0,0.0,-0.0,-0.0015606714053446214,1.0089108709039982,1.2375448193213543
2023-04-12,0.0062281244528398045,0.0,0.0,0.0,0.0062281244528398045,1.0089108709039982,1.2452764542722101
2023-04-13,-0.0017477429441602854,0.0,0.0,-0.0,-0.0017477429441602854,1.0089108709039982,1.243101931942282
2023-04-14,0.0032987320104091275,0.0,0.0,0.0,0.0032987320104091275,1.0089108709039982,1.2472093630099241
2023-04-17,0.002708455902177271,0.0,0.0,0.0,0.002708455902177271,1.0089108709039982,1.2505919533009233
2023-04-18,0.002315709255598125,0.0,0.0,0.0,0.002315709255598125,1.0089108709039982,1.2534913164074946
2023-04-19,-0.001929385124851588,0.0,0.0,-0.0,-0.001929385124851588,1.0089108709039982,1.251075180485352
2023-04-20,0.00577702357692208,0.0,0.0,0.0,0.00577702357692208,1.0089108709039982,1.2583235882517791
2023-04-21,0.0,0.0,0.0,0.0,0.0,1.0089108709039982,1.2583235882517791
2023-04-24,-0.009646997447115106,0.0,0.0,-0.0,-0.009646997447115106,1.0089108709039982,1.246242908641067
2023-04-25,-0.002329193599600537,0.0,0.0,-0.0,-0.002329193599600537,1.0089108709039982,1.243343545534496
2023-04-26,0.011592092712821307,0.0,0.0,0.0,0.011592092712821307,1.0089108709039982,1.2578403610673508
2023-04-27,0.0026855953221736977,0.0,0.0,0.0,0.0026855953221736977,1.0089108709039982,1.2612229513583502
2023-04-28,-0.0007665772701956842,0.0,0.0,-0.0,-0.0007665772701956842,1.0089108709039982,1.260256496989493
2023-05-01,-0.006925768352960154,0.0,0.0,-0.0,-0.006925768352960154,1.0089108709039982,1.25155840766978
2023-05-02,-0.0023192897910908937,0.0,0.0,-0.0,-0.0023192897910908937,1.0089108709039982,1.2486590445632093
2023-05-03,-0.010112882763704475,0.0,0.0,-0.0,-0.010112882763704475,1.0089108709039982,1.2360951377680687
2023-05-04,0.007400228513577162,0.0,0.0,0.0,0.007400228513577162,1.0089108709039982,1.2452764542722101
2023-05-05,0.0011634672632980494,0.0,0.0,0.0,0.0011634672632980494,1.0089108709039982,1.2467261358254955
2023-05-08,-0.00310559255815313,0.0,0.0,-0.0,-0.00310559255815313,1.0089108709039982,1.2428603183500677
2023-05-09,0.0003887269242342976,0.0,0.0,0.0,0.0003887269242342976,1.0089108709039982,1.2433435455344963
2023-05-10,0.002716865633919051,0.0,0.0,0.0,0.002716865633919051,1.0089108709039982,1.2467261358254957
2023-05-11,0.0027095042703661164,0.0,0.0,0.0,0.0027095042703661164,1.0089108709039982,1.2501087261164954
2023-05-12,0.0011589725075542132,0.0,0.0,0.0,0.0011589725075542132,1.0089108709039982,1.2515584076697808
2023-05-15,-0.008919973822442917,0.0,0.0,-0.0,-0.008919973822442917,1.0089108709039982,1.2404441824279255
2023-05-16,0.005439018847473276,0.0,0.0,0.0,0.005439018847473276,1.0089108709039982,1.2472093630099241
2023-05-17,0.006949834922876274,0.0,0.0,0.0,0.006949834922876274,1.0089108709039982,1.2559074523296367
2023-05-18,0.0019219686869696242,0.0,0.0,0.0,0.0019219686869696242,1.0089108709039982,1.2583235882517794
2023-05-19,-0.010810916104215506,0.0,0.0,-0.0,-0.010810916104215506,1.0089108709039982,1.2447932270877817
2023-05-23,-0.00584000102471912,0.0,0.0,-0.0,-0.00584000102471912,1.0089108709039982,1.2375448193213543
2023-05-24,0.0027295786103265158,0.0,0.0,0.0,0.0027295786103265158,1.0089108709039982,1.2409274096123537
2023-05-25,0.010073700066537482,0.0,0.0,0.0,0.010073700066537482,1.0089108709039982,1.2534913164074946
2023-05-26,0.002310359133184085,0.0,0.0,0.0,0.002310359133184085,1.0089108709039982,1.2563906795140651
2023-05-29,-0.008497540510440663,0.0,0.0,-0.0,-0.008497540510440663,1.0089108709039982,1.2457596814566385
2023-05-30,-0.00817920820794611,0.0,0.0,-0.0,-0.00817920820794611,1.0089108709039982,1.2356119105836403
2023-05-31,0.00312378231368327,0.0,0.0,0.0,0.00312378231368327,1.0089108709039982,1.2394777280590683
2023-06-01,0.014321901467580818,0.0,0.0,0.0,0.014321901467580818,1.0089108709039982,1.2573571338829224
2023-06-02,-0.002501203805166889,0.0,0.0,-0.0,-0.002501203805166889,1.0089108709039982,1.2542161571841373
2023-06-05,0.004037302417506818,0.0,0.0,0.0,0.004037302417506818,1.0089108709039982,1.2592900426206364
2023-06-06,-0.0061586029912069785,0.0,0.0,-0.0,-0.0061586029912069785,1.0089108709039982,1.2515584076697805
2023-06-07,0.0038535693159899723,0.0,0.0,0.0,0.0038535693159899723,1.0089108709039982,1.2563906795140656
2023-06-08,0.0,0.0,0.0,0.0,0.0,1.0089108709039982,1.2563906795140656
2023-06-09,0.005752652489449841,0.0,0.0,0.0,0.005752652489449841,1.0089108709039982,1.2636390872804928
2023-06-12,0.003816798526700811,0.0,0.0,0.0,0.003816798526700811,1.0089108709039982,1.2684713591247776
2023-06-13,0.0026631174194836284,0.0,0.0,0.0,0.0026631174194836284,1.0089108709039982,1.271853949415777
2023-06-14,0.0026560440581162104,0.0,0.0,0.0,0.0026560440581162104,1.0089108709039982,1.2752365397067762
2023-06-15,-0.00417695689882295,0.0,0.0,-0.0,-0.00417695689882295,1.0089108709039982,1.269921040678063
2023-06-16,0.000760745567309132,0.0,0.0,0.0,0.000760745567309132,1.0089108709039982,1.27088749504692
2023-06-19,-0.00801684003508184,0.0,0.0,-0.0,-0.00801684003508184,1.0089108709039982,1.2607397241739215
2023-06-20,-0.007309130443145071,0.0,0.0,-0.0,-0.007309130443145071,1.0089108709039982,1.2515584076697803
2023-06-21,-0.0023192897910908937,0.0,0.0,-0.0,-0.0023192897910908937,1.0089108709039982,1.2486590445632095
2023-06-22,-0.007770046861931788,0.0,0.0,-0.0,-0.007770046861931788,1.0089108709039982,1.2389945008746397
2023-06-23,-0.009404458027978518,0.0,0.0,-0.0,-0.009404458027978518,1.0089108709039982,1.227397048448356
2023-06-26,0.010963304797269594,0.0,0.0,0.0,0.010963304797269594,1.0089108709039982,1.2409274096123537
2023-06-27,0.005436906596736044,0.0,0.0,0.0,0.005436906596736044,1.0089108709039982,1.2476925901943525
2023-06-28,0.0030935832869955723,0.0,0.0,0.0,0.0030935832869955723,1.0089108709039982,1.2515584076697803
2023-06-29,0.011134689814128507,0.0,0.0,0.0,0.011134689814128507,1.0089108709039982,1.2655719960182066
2023-06-30,0.0038109802221691536,0.0,0.0,0.0,0.0038109802221691536,1.0089108709039982,1.2704042678624912
2023-07-04,-0.004192878260035927,0.0,0.0,-0.0,-0.004192878260035927,1.0089108709039982,1.265088768833778
2023-07-05,-0.008438868645864595,0.0,0.0,-0.0,-0.008438868645864595,1.0089108709039982,1.2544577707763513
2023-07-06,-0.0023139231303972345,1.0,0.0005,-0.0028139231303972345,-0.0023139231303972345,1.0060758638844363,1.2515584076697803
2023-07-07,0.0019286409064056863,0.0,0.0005,-0.0005,0.0019286409064056863,1.0055729516910197,1.2539745435919227
2023-07-10,0.004997127446554428,0.0,0.0,0.0,0.004997127446554428,1.0055729516910197,1.260256496989493
2023-07-11,0.00840020212526667,0.0,0.0,0.0,0.00840020212526667,1.0055729516910197,1.2708874950469198
2023-07-12,0.006065219503090722,0.0,0.0,0.0,0.006065219503090722,1.0055729516910197,1.2786191299977754
2023-07-13,0.0033955890011381075,0.0,0.0,0.0,0.0033955890011381075,1.0055729516910197,1.2829681746576316
2023-07-14,0.0003765769202851333,0.0,0.0,0.0,0.0003765769202851333,1.0055729516910197,1.28345140184206
2023-07-17,0.005257240797970698,0.0,0.0,0.0,0.005257240797970698,1.0055729516910197,1.2902165824240588
2023-07-18,0.002618292126057367,0.0,0.0,0.0,0.002618292126057367,1.0055729516910197,1.2935991727150582
2023-07-19,-0.005619044565295488,0.0,0.0,-0.0,-0.005619044565295488,1.0055729516910197,1.286350764948631
2023-07-20,0.0037495357014793104,0.0,0.0,0.0,0.0037495357014793104,1.0055729516910197,1.2911830367929158
2023-07-21,-0.00037432154657536125,0.0,0.0,-0.0,-0.00037432154657536125,1.0055729516910197,1.2906998096084874
2023-07-24,0.0022438304103915793,0.0,0.0,0.0,0.0022438304103915793,1.0055729516910197,1.2935991727150582
2023-07-25,0.0037285650951388123,0.0,0.0,0.0,0.0037285650951388123,1.0055729516910197,1.2984314445593432
2023-07-26,-0.005598073958954913,0.0,0.0,-0.0,-0.005598073958954913,1.0055729516910197,1.2911830367929158
2023-07-27,0.00931278848319352,0.0,0.0,0.0,0.00931278848319352,1.0055729516910197,1.3032637164036278
2023-07-28,-0.000370851107532254,0.0,0.0,-0.0,-0.000370851107532254,1.0055729516910197,1.3027804892191994
2023-07-31,0.0,0.0,0.0,0.0,0.0,1.0055729516910197,1.3027804892191994
2023-08-01,-0.012691473077140731,0.0,0.0,-0.0,-0.012691473077140731,1.0055729516910197,1.286350764948631
2023-08-02,-0.0018800531952435013,0.0,0.0,-0.0,-0.0018800531952435013,1.0055729516910197,1.2839346290264884
2023-08-03,0.001128456015931205,0.0,0.0,0.0,0.001128456015931205,1.0055729516910197,1.2853843105797738
2023-08-04,0.00262812240626963,0.0,0.0,0.0,0.00262812240626963,1.0055729516910197,1.2887669008707734
2023-08-08,-0.0018765252269573457,0.0,0.0,-0.0,-0.0018765252269573457,1.0055729516910197,1.286350764948631
2023-08-09,0.0026261504494671972,0.0,0.0,0.0,0.0026261504494671972,1.0055729516910197,1.2897333552396302
2023-08-10,-0.0022505635905919457,0.0,0.0,-0.0,-0.0022505635905919457,1.0055729516910197,1.2868339921330594
2023-08-11,0.0015009383680820733,0.0,0.0,0.0,0.0015009383680820733,1.0055729516910197,1.2887669008707734
2023-08-14,-0.011691628559616566,0.0,0.0,-0.0,-0.011691628559616566,1.0055729516910197,1.2737868581534901
2023-08-15,-0.004181720596673657,0.0,0.0,-0.0,-0.004181720596673657,1.0055729516910197,1.2684713591247767
2023-08-16,-0.005730674708984983,0.0,0.0,-0.0,-0.005730674708984983,1.0055729516910197,1.2612229513583495
2023-08-17,0.0,0.0,0.0,0.0,0.0,1.0055729516910197,1.2612229513583495
2023-08-18,0.0034423441909726986,0.0,0.0,0.0,0.0034423441909726986,1.0055729516910197,1.2655719960182057
2023-08-21,-0.0022935789870995125,0.0,0.0,-0.0,-0.0022935789870995125,1.0055729516910197,1.2626726329116347
2023-08-22,0.009142920832674244,0.0,0.0,0.0,0.009142920832674244,1.0055729516910197,1.2742700853379185
2023-08-23,-0.007231239883441458,0.0,0.0,-0.0,-0.007231239883441458,1.0055729516910197,1.2650887688337773
2023-08-24,0.005713213026464123,1.0,0.0005,0.005213213026464124,0.005713213026464123,1.0108289060029023,1.2723371766002045
2023-08-25,0.008320774179729961,0.0,0.0005,-0.0005,0.008320774179729961,1.010323617882458,1.2829681746576314
2023-08-28,0.01123607326692597,0.0,0.0,0.0,0.01123607326692597,1.010323617882458,1.297464990190486
2023-08-29,0.0003723701402177658,0.0,0.0,0.0,0.0003723701402177658,1.010323617882458,1.2979482173749146
2023-08-30,-0.0026095075385742053,0.0,0.0,-0.0,-0.0026095075385742053,1.010323617882458,1.294565627083915
2023-08-31,0.009288567618245968,0.0,0.0,0.0,0.009288567618245968,1.010323617882458,1.3066463066946272
2023-09-01,-0.004076344351255752,0.0,0.0,-0.0,-0.004076344351255752,1.010323617882458,1.301330807665914
2023-09-05,-0.005959049291246384,0.0,0.0,-0.0,-0.005959049291246384,1.010323617882458,1.2935991727150582
2023-09-06,-0.001495327381433501,0.0,0.0,-0.0,-0.001495327381433501,1.010323617882458,1.2916662639773442
2023-09-07,-0.0029973795389741844,0.0,0.0,-0.0,-0.0029973795389741844,1.010323617882458,1.2878004465019162
2023-09-08,0.0033714210619434906,0.0,0.0,0.0,0.0033714210619434906,1.010323617882458,1.2921494911617726
2023-09-11,-0.0037467260016086166,0.0,0.0,-0.0,-0.0037467260016086166,1.010323617882458,1.2873172193174878
2023-09-12,-0.0011267606825906176,0.0,0.0,-0.0,-0.0011267606825906176,1.010323617882458,1.2858675377642024
2023-09-13,0.008978735965275963,0.0,0.0,0.0,0.008978735965275963,1.010323617882458,1.297464990190486
2023-09-14,-0.005227793833004188,0.0,0.0,-0.0,-0.005227793833004188,1.010323617882458,1.2906998096084872
2023-09-15,-0.0037509421322716972,0.0,0.0,-0.0,-0.0037509421322716972,1.010323617882458,1.2858675377642024
2023-09-18,-0.0067873563733999885,0.0,0.0,-0.0,-0.0067873563733999885,1.010323617882458,1.2771694484444895
2023-09-19,-0.0037907551079798905,0.0,0.0,-0.0,-0.0037907551079798905,1.010323617882458,1.2723371766002047
2023-09-20,-0.01685217974477163,0.0,0.0,-0.0,-0.01685217974477163,1.010323617882458,1.2510751804853515
2023-09-21,-0.000772797565508449,0.0,0.0,-0.0,-0.000772797565508449,1.010323617882458,1.2501087261164945
2023-09-22,-0.004261094961784831,0.0,0.0,-0.0,-0.004261094961784831,1.010323617882458,1.2447932270877813
2023-09-25,-0.009752369082432794,0.0,0.0,-0.0,-0.009752369082432794,1.010323617882458,1.2327125474770693
2023-09-26,-0.001961939024459618,1.0,0.0005,-0.002461939024459618,-0.001961939024459618,1.0078393220874489,1.2302964115549266
2023-09-27,0.0054837583562562875,1.0,0.0,0.0054837583562562875,0.0054837583562562875,1.0133812508027764,1.2370615921369255
2023-09-28,0.003898640415657323,0.0,0.0005,-0.0005,0.003898640415657323,1.012874686828922,1.2418938639812103
2023-09-29,-0.0046801957504774665,0.0,0.0,-0.0,-0.0046801957504774665,1.012874686828922,1.2360951377680685
2023-10-02,-0.010611221593663983,0.0,0.0,-0.0,-0.010611221593663983,1.012874686828922,1.2230480037884992
2023-10-03,0.0063017144343328725,1.0,0.0005,0.005801714434332873,0.0063017144343328725,1.0187681761595524,1.230779638739355
2023-10-04,0.0019611694852235797,0.0,0.0005,-0.0005,0.0019611694852235797,1.018258919396273,1.2331957746614974
2023-10-05,0.007028533424584992,1.0,0.0005,0.006528533424584992,0.007028533424584992,1.024928404074515,1.2418938639812103
2023-10-06,0.006979477731525676,0.0,0.0005,-0.0005,0.006979477731525676,1.0244160679671783,1.2505919533009229
2023-10-10,0.005779249373774263,0.0,0.0,0.0,0.005779249373774263,1.0244160679671783,1.2578403610673503
2023-10-11,-0.0023076933318169927,0.0,0.0,-0.0,-0.0023076933318169927,1.0244160679671783,1.2549409979607793
2023-10-12,-0.00850739856491185,1.0,0.0005,-0.00900739856491185,-0.00850739856491185,1.015230176745071,1.244309999903353
2023-10-13,0.007351551778552783,0.0,0.0005,-0.0005,0.007351551778552783,1.0147226885393228,1.2534913164074941
2023-10-16,0.003463540118176089,0.0,0.0,0.0,0.003463540118176089,1.0147226885393228,1.2578403610673505
2023-10-17,-0.01120351683849346,0.0,0.0,-0.0,-0.01120351683849346,1.0147226885393228,1.2438267727189243
2023-10-18,-0.008191970914588035,1.0,0.0005,-0.008691970914588036,-0.008191970914588035,1.0059409689581915,1.2336790018459263
2023-10-19,-0.011424193580380201,1.0,0.0,-0.011424193580380201,-0.011424193580380201,0.9945142991188699,1.2196654134975
2023-10-20,-0.0023800090568112326,0.0,0.0005,-0.0005,-0.0023800090568112326,0.9940171662628814,1.216766050390929
2023-10-23,0.005939435397382593,0.0,0.0,0.0,0.005939435397382593,0.9940171662628814,1.2240144581573562
2023-10-24,-0.007131567467835578,1.0,0.0005,-0.007631567467835578,-0.007131567467835578,0.9864601298881335,1.2153163688376436
2023-10-25,-0.004383350313850403,0.0,0.0005,-0.0005,-0.004383350313850403,0.985967023110157,1.2100008698089302
2023-10-26,-0.004001605980007298,0.0,0.0,-0.0,-0.004001605980007298,0.985967023110157,1.2051685979646454
2023-10-27,0.008782491580349232,0.0,0.0,0.0,0.008782491580349232,0.985967023110157,1.215799596022072
2023-10-30,0.006339165443735676,0.0,0.0,0.0,0.006339165443735676,0.985967023110157,1.2235312309729278
2023-10-31,0.010997754209541502,0.0,0.0,0.0,0.010997754209541502,0.985967023110157,1.2370615921369255
2023-11-01,0.013193827402780944,0.0,0.0,0.0,0.013193827402780944,0.985967023110157,1.253491316407494
2023-11-02,0.007680529307777978,0.0,0.0,0.0,0.007680529307777978,0.985967023110157,1.2631558600960635
2023-11-03,0.0,0.0,0.0,0.0,0.0,0.985967023110157,1.2631558600960635
2023-11-06,0.0005736686264986042,0.0,0.0,0.0,0.0005736686264986042,0.985967023110157,1.2638807008727064
2023-11-07,0.0013372816970460743,0.0,0.0,0.0,0.0013372816970460743,0.985967023110157,1.2655719960182061
2023-11-08,-0.00344234419097279,0.0,0.0,-0.0,-0.00344234419097279,0.985967023110157,1.2612229513583497
2023-11-09,0.009153381986487201,1.0,0.0005,0.008653381986487201,0.009153381986487201,0.9945359942062305,1.2728204037846333
2023-11-10,0.0007590133191715234,0.0,0.0005,-0.0005,0.0007590133191715234,0.9940388505054097,1.2737868581534904
2023-11-13,0.015434147897954598,0.0,0.0,0.0,0.015434147897954598,0.9940388505054097,1.2935991727150582
2023-11-14,0.0011200299845499052,0.0,0.0,0.0,0.0011200299845499052,0.9940388505054097,1.2950488542683438
2023-11-15,0.0037243990909822727,0.0,0.0,0.0,0.0037243990909822727,0.9940388505054097,1.2998811261126284
2023-11-16,0.003340140422119864,0.0,0.0,0.0,0.003340140422119864,0.9940388505054097,1.3042301707724848
2023-11-17,0.006278875660582251,0.0,0.0,0.0,0.006278875660582251,0.9940388505054097,1.3124450329077693
2023-11-20,-0.005167970158442561,0.0,0.0,-0.0,-0.005167970158442561,0.9940388505054097,1.3056798523257704
2023-11-21,0.0022181155120213586,0.0,0.0,0.0,0.0022181155120213586,0.9940388505054097,1.3085792154323412
2023-11-22,0.0025815983358701044,0.0,0.0,0.0,0.0025815983358701044,0.9940388505054097,1.3119618057233406
2023-11-23,-0.0029509427537345334,0.0,0.0,-0.0,-0.0029509427537345334,0.9940388505054097,1.3080959882479128
2023-11-24,-0.0040718175821035625,0.0,0.0,-0.0,-0.0040718175821035625,0.9940388505054097,1.3027804892191994
2023-11-27,-0.0018563213052918655,0.0,0.0,-0.0,-0.0018563213052918655,0.9940388505054097,1.300364353297057
2023-11-28,0.002968462291098892,0.0,0.0,0.0,0.002968462291098892,0.9940388505054097,1.304230170772485
2023-11-29,0.0018508241448499721,0.0,0.0,0.0,0.0018508241448499721,0.9940388505054097,1.3066463066946272
2023-11-30,0.004796172263493235,0.0,0.0,0.0,0.004796172263493235,0.9940388505054097,1.3129282600921979
2023-12-01,-0.00184196036606163,0.0,0.0,-0.0,-0.00184196036606163,0.9940388505054097,1.3105121241700552
2023-12-04,0.0,0.0,0.0,0.0,0.0,0.9940388505054097,1.3105121241700552
2023-12-05,-0.0014760150281206525,0.0,0.0,-0.0,-0.0014760150281206525,0.9940388505054097,1.3085792154323412
2023-12-06,0.004789104751080851,0.0,0.0,0.0,0.004789104751080851,0.9940388505054097,1.3148611688299119
2023-12-07,0.002935781925092072,0.0,0.0,0.0,0.002935781925092072,0.9940388505054097,1.3187269863053395
2023-12-08,0.0014646652197295596,0.0,0.0,0.0,0.0014646652197295596,0.9940388505054097,1.3206598950430535
2023-12-11,0.002558013454047863,0.0,0.0,0.0,0.002558013454047863,0.9940388505054097,1.3240424853340529
2023-12-12,0.010167117355444242,0.0,0.0,0.0,0.010167117355444242,0.9940388505054097,1.3375728464980505
2023-12-13,0.0025257094429747924,0.0,0.0,0.0,0.0025257094429747924,0.9940388505054097,1.34095543678905
2023-12-14,-0.007233304593519949,0.0,0.0,-0.0,-0.007233304593519949,0.9940388505054097,1.3312908931004803
2023-12-15,0.004346258199911111,0.0,0.0,0.0,0.004346258199911111,0.9940388505054097,1.3370896193136224
2023-12-18,0.00576578173896465,0.0,0.0,0.0,0.00576578173896465,0.9940388505054097,1.3448212542644777
2023-12-19,-0.011928570865273732,0.0,0.0,-0.0,-0.011928570865273732,0.9940388505054097,1.328874757178338
2023-12-20,0.006885332510344937,0.0,0.0,0.0,0.006885332510344937,0.9940388505054097,1.3380560736824791
2023-12-21,0.0007220216920166442,0.0,0.0,0.0,0.0007220216920166442,0.9940388505054097,1.3390225280513364
2023-12-22,0.0053986094767725385,0.0,0.0,0.0,0.0053986094767725385,0.9940388505054097,1.3462709358177636
2023-12-27,-0.006843174552825046,0.0,0.0,-0.0,-0.006843174552825046,0.9940388505054097,1.3370896193136224
2023-12-28,-0.00036146756222241443,0.0,0.0,-0.0,-0.00036146756222241443,0.9940388505054097,1.3366063921291937
2023-12-29,-0.001809300294549094,0.0,0.0,-0.0,-0.001809300294549094,0.9940388505054097,1.3341902562070513
2024-01-02,-0.006540720992551193,0.0,0.0,-0.0,-0.006540720992551193,0.9940388505054097,1.3254921668873385
2024-01-03,-0.00036463081534347574,0.0,0.0,-0.0,-0.00036463081534347574,0.9940388505054097,1.3250089397029101
2024-01-04,0.002913330538357307,0.0,0.0,0.0,0.002913330538357307,0.9940388505054097,1.328874757178338
2024-01-05,0.00977029664618248,0.0,0.0,0.0,0.00977029664618248,0.9940388505054097,1.3419218911579072
2024-01-08,-0.002162942443821115,0.0,0.0,-0.0,-0.002162942443821115,0.9940388505054097,1.3390225280513361
2024-01-09,0.003242661821704435,0.0,0.0,0.0,0.003242661821704435,0.9940388505054097,1.3433715727111928
2024-01-10,0.001078554841207844,0.0,0.0,0.0,0.001078554841207844,0.9940388505054097,1.344821254264478
2024-01-11,0.0017950103545238145,0.0,0.0,0.0,0.0017950103545238145,0.9940388505054097,1.3472373901866206
2024-01-12,0.003222921321545174,0.0,0.0,0.0,0.003222921321545174,0.9940388505054097,1.3515864348464768
2024-01-15,-0.006456263459456018,0.0,0.0,-0.0,-0.006456263459456018,0.9940388505054097,1.3428883455267642
2024-01-16,-0.007585371389256612,0.0,0.0,-0.0,-0.007585371389256612,0.9940388505054097,1.332740574653766
2024-01-17,0.005784542521529858,0.0,0.0,0.0,0.005784542521529858,0.9940388505054097,1.3404722096046218
2024-01-18,0.005034171005637659,0.0,0.0,0.0,0.005034171005637659,0.9940388505054097,1.3472373901866206
2024-01-19,0.005365779284373768,0.0,0.0,0.0,0.005365779284373768,0.9940388505054097,1.3544857979530478
2024-01-22,0.0010697094976179606,0.0,0.0,0.0,0.0010697094976179606,0.9940388505054097,1.3559354795063334
2024-01-23,0.005685871750353147,0.0,0.0,0.0,0.005685871750353147,0.9940388505054097,1.3636671144571892
2024-01-24,0.0007084662003734174,0.0,0.0,0.0,0.0007084662003734174,0.9940388505054097,1.3646335688260463
2024-01-25,-0.0007084662003734228,0.0,0.0,-0.0,-0.0007084662003734228,0.9940388505054097,1.3636671144571892
2024-01-26,0.004948755239258827,0.0,0.0,0.0,0.004948755239258827,0.9940388505054097,1.370432295039188
2024-01-29,-0.0017646025401185698,0.0,0.0,-0.0,-0.0017646025401185698,0.9940388505054097,1.3680161591170454
2024-01-30,-0.009226467155102856,0.0,0.0,-0.0,-0.009226467155102856,0.9940388505054097,1.355452252321905
2024-01-31,0.006750780656335841,0.0,0.0,0.0,0.006750780656335841,0.9940388505054097,1.364633568826046
2024-02-01,0.0056497325421191276,0.0,0.0,0.0,0.0056497325421191276,0.9940388505054097,1.3723652037769019
2024-02-02,-0.0010568963464003187,0.0,0.0,-0.0,-0.0010568963464003187,0.9940388505054097,1.3709155222236165
2024-02-05,0.0010568963464002538,0.0,0.0,0.0,0.0010568963464002538,0.9940388505054097,1.3723652037769019
2024-02-06,0.0028129413766146577,0.0,0.0,0.0,0.0028129413766146577,0.9940388505054097,1.3762310212523297
2024-02-07,-0.0007024938820686669,0.0,0.0,-0.0,-0.0007024938820686669,0.9940388505054097,1.3752645668834729
2024-02-08,0.004907125164100696,0.0,0.0,0.0,0.004907125164100696,0.9940388505054097,1.3820297474654717
2024-02-09,0.0019212301778938723,0.0,0.0,0.0,0.0019212301778938723,0.9940388505054097,1.3846874969798284
2024-02-12,-0.010700917829939649,0.0,0.0,-0.0,-0.010700917829939649,0.9940388505054097,1.3699490678547597
2024-02-13,0.009828088936262473,0.0,0.0,0.0,0.009828088936262473,0.9940388505054097,1.383479429018757
2024-02-14,0.006267429986413351,0.0,0.0,0.0,0.006267429986413351,0.9940388505054097,1.3921775183384697
2024-02-15,0.0,0.0,0.0,0.0,0.0,0.9940388505054097,1.3921775183384697
2024-02-16,-0.0006944444723525925,0.0,0.0,-0.0,-0.0006944444723525925,0.9940388505054097,1.3912110639696127
2024-02-20,-0.0010425717712384877,0.0,0.0,-0.0,-0.0010425717712384877,0.9940388505054097,1.3897613824163273
2024-02-21,0.012783038118497158,0.0,0.0,0.0,0.012783038118497158,0.9940388505054097,1.4076407882401811
2024-02-22,0.0034270081518113543,0.0,0.0,0.0,0.0034270081518113543,0.9940388505054097,1.4124730600844662
2024-02-23,-0.003083778356095834,0.0,0.0,-0.0,-0.003083778356095834,0.9940388505054097,1.4081240154246095
2024-02-26,0.00342583411451901,0.0,0.0,0.0,0.00342583411451901,0.9940388505054097,1.4129562872688946
2024-02-27,-0.001368925607341621,0.0,0.0,-0.0,-0.001368925607341621,0.9940388505054097,1.4110233785311808
2024-02-28,0.004442173715123655,0.0,0.0,0.0,0.004442173715123655,0.9940388505054097,1.4173053319287512
2024-02-29,0.009163478340655068,0.0,0.0,0.0,0.009163478340655068,0.9940388505054097,1.4303524659083202
2024-03-01,0.0,0.0,0.0,0.0,0.0,0.9940388505054097,1.4303524659083202
2024-03-04,-0.006099646156723222,0.0,0.0,-0.0,-0.006099646156723222,0.9940388505054097,1.4216543765886076
2024-03-05,0.0027155481724826097,0.0,0.0,0.0,0.0027155481724826097,0.9940388505054097,1.4255201940640354
2024-03-06,0.006420025429894303,0.0,0.0,0.0,0.006420025429894303,0.9940388505054097,1.4347015105681766
2024-03-07,-0.0016854883477823005,0.0,0.0,-0.0,-0.0016854883477823005,0.9940388505054097,1.432285374646034
2024-03-08,-0.0023644665635003392,0.0,0.0,-0.0,-0.0023644665635003392,0.9940388505054097,1.4289027843550346
2024-03-11,0.00774805964697291,0.0,0.0,0.0,0.00774805964697291,0.9940388505054097,1.4400170095968898
2024-03-12,-0.0010072184836737875,0.0,0.0,-0.0,-0.0010072184836737875,0.9940388505054097,1.4385673280436042
2024-03-13,-0.002017485553168713,0.0,0.0,-0.0,-0.002017485553168713,0.9940388505054097,1.4356679649370334
2024-03-14,-0.0006734006988477839,0.0,0.0,-0.0,-0.0006734006988477839,0.9940388505054097,1.4347015105681764
2024-03-15,0.013050210305970564,0.0,0.0,0.0,0.013050210305970564,0.9940388505054097,1.4535473707608875
2024-03-18,-0.007005866853620545,0.0,0.0,-0.0,-0.007005866853620545,0.9940388505054097,1.4433995998878892
2024-03-19,0.00534224976722056,0.0,0.0,0.0,0.00534224976722056,0.9940388505054097,1.4511312348387453
2024-03-20,0.004982571344463873,0.0,0.0,0.0,0.004982571344463873,0.9940388505054097,1.4583796426051725
2024-03-21,-0.001658100197493049,0.0,0.0,-0.0,-0.001658100197493049,0.9940388505054097,1.4559635066830299
2024-03-22,-0.0036575269368939144,0.0,0.0,-0.0,-0.0036575269368939144,0.9940388505054097,1.4506480076543167
2024-03-25,-0.0013333335308642164,0.0,0.0,-0.0,-0.0013333335308642164,0.9940388505054097,1.4487150989166027
2024-03-26,0.007642502724128927,0.0,0.0,0.0,0.007642502724128927,0.9940388505054097,1.459829324158458
2024-03-27,-0.0006622516798331541,0.0,0.0,-0.0,-0.0006622516798331541,0.9940388505054097,1.458862869789601
2024-03-28,0.0029766848505005865,0.0,0.0,0.0,0.0029766848505005865,0.9940388505054097,1.4632119144494573
2024-04-01,-0.00995693589479645,0.0,0.0,-0.0,-0.00995693589479645,0.9940388505054097,1.4487150989166027
2024-04-02,0.0006668889877037743,0.0,0.0,0.0,0.0006668889877037743,0.9940388505054097,1.4496815532854597
2024-04-03,-0.007024614936964466,0.0,0.0,-0.0,-0.007024614936964466,0.9940388505054097,1.4395337824124614
2024-04-04,0.010020123916763003,0.0,0.0,0.0,0.010020123916763003,0.9940388505054097,1.454030597945316
2024-04-05,0.0013284625002560006,0.0,0.0,0.0,0.0013284625002560006,0.9940388505054097,1.4559635066830299
2024-04-08,0.0016581001974930473,0.0,0.0,0.0,0.0016581001974930473,0.9940388505054097,1.4583796426051725
2024-04-09,-0.004982571344463939,0.0,0.0,-0.0,-0.004982571344463939,0.9940388505054097,1.4511312348387453
2024-04-10,0.003324471146970846,0.0,0.0,0.0,0.003324471146970846,0.9940388505054097,1.4559635066830299
2024-04-11,-0.0090015610311655,0.0,0.0,-0.0,-0.0090015610311655,0.9940388505054097,1.4429163727034608
2024-04-12,-0.008069983271391514,0.0,0.0,-0.0,-0.008069983271391514,0.9940388505054097,1.4313189202771772
2024-04-15,-0.0037206198848046376,0.0,0.0,-0.0,-0.0037206198848046376,0.9940388505054097,1.4260034212484638
2024-04-16,-0.004074708524022124,0.0,0.0,-0.0,-0.004074708524022124,0.9940388505054097,1.420204695035322
2024-04-17,-0.0020435974414663976,0.0,0.0,-0.0,-0.0020435974414663976,0.9940388505054097,1.417305331928751
2024-04-18,-0.0034153038662050415,1.0,0.0005,-0.003915303866205042,-0.0034153038662050415,0.9901544955280324,1.4124730600844662
2024-04-19,0.005458901307671431,1.0,0.0,0.005458901307671431,0.005458901307671431,0.9955744311860716,1.420204695035322
2024-04-22,0.008132881154647767,0.0,0.0005,-0.0005,0.008132881154647767,0.9950767683965438,1.4318021474616054
2024-04-23,0.0003374388424122416,0.0,0.0,0.0,0.0003374388424122416,0.9950767683965438,1.4322853746460338
2024-04-24,-0.005073577600701339,0.0,0.0,-0.0,-0.005073577600701339,0.9950767683965438,1.4250369668796066
2024-04-25,0.007768997022373448,0.0,0.0,0.0,0.007768997022373448,0.9950767683965438,1.4361511921214616
2024-04-26,0.0033590894870339444,0.0,0.0,0.0,0.0033590894870339444,0.9950767683965438,1.4409834639657464
2024-04-29,-0.008418975472206472,0.0,0.0,-0.0,-0.008418975472206472,0.9950767683965438,1.4289027843550344
2024-04-30,-0.002031144909537732,1.0,0.0005,-0.002531144909537732,-0.002031144909537732,0.9925612697883687,1.4260034212484636
2024-05-01,0.005744229344331565,0.0,0.0005,-0.0005,0.005744229344331565,0.9920651132029574,1.4342182833837476
2024-05-02,0.00972346302939205,0.0,0.0,0.0,0.00972346302939205,0.9920651132029574,1.4482318717321736
2024-05-03,0.008968669982760316,0.0,0.0,0.0,0.008968669982760316,0.9920651132029574,1.4612790057117426
2024-05-06,0.005277057100843819,0.0,0.0,0.0,0.005277057100843819,0.9920651132029574,1.4690106406625985
2024-05-07,-0.0009873293545185756,0.0,0.0,-0.0,-0.0009873293545185756,0.9920651132029574,1.467560959109313
2024-05-08,0.0026307150982485847,0.0,0.0,0.0,0.0026307150982485847,0.9920651132029574,1.4714267765847409
2024-05-09,0.0,0.0,0.0,0.0,0.0,0.9920651132029574,1.4714267765847409
2024-05-10,-0.0009857073247591882,0.0,0.0,-0.0,-0.0009857073247591882,0.9920651132029574,1.4699770950314555
2024-05-13,0.003937012959339599,0.0,0.0,0.0,0.003937012959339599,0.9920651132029574,1.4757758212445973
2024-05-14,0.007502889543464102,0.0,0.0,0.0,0.007502889543464102,0.9920651132029574,1.4868900464864525
2024-05-15,-0.001626281054479031,0.0,0.0,-0.0,-0.001626281054479031,0.9920651132029574,1.48447391056431
2024-05-16,0.0026007817000574403,0.0,0.0,0.0,0.0026007817000574403,0.9920651132029574,1.4883397280397381
2024-05-17,0.002594035177046528,0.0,0.0,0.0,0.002594035177046528,0.9920651132029574,1.492205545515166
2024-05-21,-0.0032435967458421546,0.0,0.0,-0.0,-0.0032435967458421546,0.9920651132029574,1.4873732736708811
2024-05-22,-0.004558783538342672,0.0,0.0,-0.0,-0.004558783538342672,0.9920651132029574,1.4806080930888823
2024-05-23,0.003258393238059075,0.0,0.0,0.0,0.003258393238059075,0.9920651132029574,1.485440364933167
2024-05-24,0.006485107034470327,0.0,0.0,0.0,0.006485107034470327,0.9920651132029574,1.4951049086217367
2024-05-27,-0.009417182762699735,0.0,0.0,-0.0,-0.009417182762699735,0.9920651132029574,1.4810913202733105
2024-05-28,-0.007861160692947077,0.0,0.0,-0.0,-0.007861160692947077,0.9920651132029574,1.4694938678470268
2024-05-29,0.0003287851418735406,0.0,0.0,0.0,0.0003287851418735406,0.9920651132029574,1.4699770950314555
2024-05-30,0.0052459136697693256,0.0,0.0,0.0,0.0052459136697693256,0.9920651132029574,1.477708729982311
2024-05-31,-0.0003270645981730432,0.0,0.0,-0.0,-0.0003270645981730432,0.9920651132029574,1.4772255027978827
2024-06-03,-0.0006544502851388419,0.0,0.0,-0.0,-0.0006544502851388419,0.9920651132029574,1.4762590484290257
2024-06-04,0.010096161317410321,0.0,0.0,0.0,0.010096161317410321,0.9920651132029574,1.4912390911463085
2024-06-05,0.0,0.0,0.0,0.0,0.0,0.9920651132029574,1.4912390911463085
2024-06-06,-0.0006482982398860706,0.0,0.0,-0.0,-0.0006482982398860706,0.9920651132029574,1.4902726367774515
2024-06-07,0.002914038001849498,0.0,0.0,0.0,0.002914038001849498,0.9920651132029574,1.494621681437308
2024-06-10,-0.005186397363027775,0.0,0.0,-0.0,-0.005186397363027775,0.9920651132029574,1.486890046486452
2024-06-11,0.006801645654772245,0.0,0.0,0.0,0.006801645654772245,0.9920651132029574,1.4970378173594505
2024-06-12,-0.005502522380146066,0.0,0.0,-0.0,-0.005502522380146066,0.9920651132029574,1.488822955224166
2024-06-13,-0.004554334482416332,0.0,0.0,-0.0,-0.004554334482416332,0.9920651132029574,1.4820577746421675
2024-06-14,0.004554334482416326,0.0,0.0,0.0,0.004554334482416326,0.9920651132029574,1.488822955224166
2024-06-17,0.0019455259054913527,0.0,0.0,0.0,0.0019455259054913527,0.9920651132029574,1.491722318330737
2024-06-18,0.000971345389631659,0.0,0.0,0.0,0.000971345389631659,0.9920651132029574,1.4931719998840223
2024-06-19,-0.003566221967290786,0.0,0.0,-0.0,-0.003566221967290786,0.9920651132029574,1.4878565008553089
2024-06-20,-0.0022760536569376294,0.0,0.0,-0.0,-0.0022760536569376294,0.9920651132029574,1.4844739105643094
2024-06-21,0.0016262810544791155,0.0,0.0,0.0,0.0016262810544791155,0.9920651132029574,1.4868900464864518
2024-06-24,-0.005540180375615356,0.0,0.0,-0.0,-0.005540180375615356,0.9920651132029574,1.4786751843511676
2024-06-25,0.001306335914055457,0.0,0.0,0.0,0.001306335914055457,0.9920651132029574,1.4806080930888816
2024-06-26,0.002281989580340392,0.0,0.0,0.0,0.002281989580340392,0.9920651132029574,1.4839906833798808
2024-06-27,-0.002281989580340409,0.0,0.0,-0.0,-0.002281989580340409,0.9920651132029574,1.4806080930888814
2024-06-28,0.0048836170640183,0.0,0.0,0.0,0.0048836170640183,0.9920651132029574,1.4878565008553086
2024-07-02,0.0077645165238799056,0.0,0.0,0.0,0.0077645165238799056,0.9920651132029574,1.4994539532815923
2024-07-03,0.0019317456103736417,0.0,0.0,0.0,0.0019317456103736417,0.9920651132029574,1.5023533163881633
2024-07-04,-0.0009654063501214423,0.0,0.0,-0.0,-0.0009654063501214423,0.9920651132029574,1.5009036348348777
2024-07-05,0.000643707778905692,0.0,0.0,0.0,0.000643707778905692,0.9920651132029574,1.5018700892037349
2024-07-08,-0.0028999536997898717,0.0,0.0,-0.0,-0.0028999536997898717,0.9920651132029574,1.4975210445438785
2024-07-09,0.01154969527927301,0.0,0.0,0.0,0.01154969527927301,0.9920651132029574,1.5149172231833041
2024-07-10,0.002230365748545504,0.0,0.0,0.0,0.002230365748545504,0.9920651132029574,1.5182998134743038
2024-07-11,0.006028893400051166,0.0,0.0,0.0,0.006028893400051166,0.9920651132029574,1.5274811299784448
2024-07-12,0.0031585623227297238,0.0,0.0,0.0,0.0031585623227297238,0.9920651132029574,1.5323134018227298
2024-07-15,0.00754009227328786,0.0,0.0,0.0,0.00754009227328786,0.9920651132029574,1.5439108542490134
2024-07-16,-0.008486613877318694,0.0,0.0,-0.0,-0.008486613877318694,0.9920651132029574,1.5308637202694444
2024-07-17,-0.006650855869909686,0.0,0.0,-0.0,-0.006650855869909686,0.9920651132029574,1.520715949396446
2024-07-18,-0.005736153395524746,0.0,0.0,-0.0,-0.005736153395524746,0.9920651132029574,1.5120178600767331
2024-07-19,0.01207130286975784,0.0,0.0,0.0,0.01207130286975784,0.9920651132029574,1.530380493085016
2024-07-22,-0.002054524626286413,0.0,0.0,-0.0,-0.002054524626286413,0.9920651132029574,1.5272395163862307
2024-07-23,-0.012897241108825461,0.0,0.0,-0.0,-0.012897241108825461,0.9920651132029574,1.507668815416877
2024-07-24,-0.0035318707447742157,0.0,0.0,-0.0,-0.0035318707447742157,0.9920651132029574,1.5023533163881635
2024-07-25,0.011830673559469332,0.0,0.0,0.0,0.011830673559469332,0.9920651132029574,1.5202327222120176
2024-07-26,-0.0012722648026566544,0.0,0.0,-0.0,-0.0012722648026566544,0.9920651132029574,1.5182998134743035
2024-07-29,-0.00063673991326754,0.0,0.0,-0.0,-0.00063673991326754,0.9920651132029574,1.5173333591054465
2024-07-30,0.011084832424492914,0.0,0.0,0.0,0.011084832424492914,0.9920651132029574,1.5342463105604436
2024-07-31,-0.014594167657909867,0.0,0.0,-0.0,-0.014594167657909867,0.9920651132029574,1.5120178600767331
2024-08-01,-0.020339684237122672,0.0,0.0,-0.0,-0.020339684237122672,0.9920651132029574,1.4815745474577384
2024-08-02,-0.02209488068275043,0.0,0.0,-0.0,-0.02209488068275043,0.9920651132029574,1.4491983261010297
2024-08-06,-0.0053493942342606,0.0,0.0,-0.0,-0.0053493942342606,0.9920651132029574,1.441466691150174
2024-08-07,0.01958568830448971,0.0,0.0,0.0,0.01958568830448971,0.9920651132029574,1.4699770950314548
2024-08-08,0.0036095199156397357,0.0,0.0,0.0,0.0036095199156397357,0.9920651132029574,1.4752925940601682
2024-08-09,0.000654878870817857,0.0,0.0,0.0,0.000654878870817857,0.9920651132029574,1.476259048429025
2024-08-12,0.013331363103922064,0.0,0.0,0.0,0.013331363103922064,0.9920651132029574,1.496071362990593
2024-08-13,0.004190175349136011,0.0,0.0,0.0,0.004190175349136011,0.9920651132029574,1.5023533163881633
2024-08-14,0.014687364916559649,0.0,0.0,0.0,0.014687364916559649,0.9920651132029574,1.5245817668718735
2024-08-15,0.0006337135826780587,0.0,0.0,0.0,0.0006337135826780587,0.9920651132029574,1.5255482212407303
2024-08-16,0.006629858538669582,0.0,0.0,0.0,0.006629858538669582,0.9920651132029574,1.5356959921137285
2024-08-19,-0.004099012518384807,0.0,0.0,-0.0,-0.004099012518384807,0.9920651132029574,1.529414038716158
2024-08-20,0.0037842996912396273,1.0,0.0005,0.0032842996912396272,0.0037842996912396273,0.9953287087272281,1.5352127649293
2024-08-21,-0.005681833467430946,0.0,0.0005,-0.0005,-0.005681833467430946,0.9948311687682196,1.5265146756095873
2024-08-22,0.007882746162188396,1.0,0.0005,0.0073827461621883955,0.007882746162188396,1.002202933211192,1.5385953552202993
2024-08-23,-0.0028306356374815603,0.0,0.0005,-0.0005,-0.0028306356374815603,1.0017019569990764,1.5342463105604431
2024-08-26,-0.0015760444554657658,0.0,0.0,-0.0,-0.0015760444554657658,1.0017019569990764,1.5318301746383005
2024-08-27,-0.0034760660692411058,0.0,0.0,-0.0,-0.0034760660692411058,1.0017019569990764,1.526514675609587
2024-08-28,0.0018975337761914111,0.0,0.0,0.0,0.0018975337761914111,1.0017019569990764,1.529414038716158
2024-08-29,0.005828164878803611,0.0,0.0,0.0,0.005828164878803611,1.0017019569990764,1.5383537416280855
2024-08-30,-0.013758420554780998,0.0,0.0,-0.0,-0.013758420554780998,1.0017019569990764,1.517333359105446
2024-09-03,-0.0038289772370972393,0.0,0.0,-0.0,-0.0038289772370972393,1.0017019569990764,1.5115346328923045
2024-09-04,-0.003041705699024509,0.0,0.0,-0.0,-0.003041705699024509,1.0017019569990764,1.5069439746402338
2024-09-05,-0.011773380086116239,0.0,0.0,-0.0,-0.011773380086116239,1.0017019569990764,1.489306182408594
2024-09-06,0.010329336513882513,0.0,0.0,0.0,0.010329336513882513,1.0017019569990764,1.5047694523103055
2024-09-09,0.0028860048891348514,0.0,0.0,0.0,0.0028860048891348514,1.0017019569990764,1.5091184969701616
2024-09-10,0.006701796266018632,0.0,0.0,0.0,0.006701796266018632,1.0017019569990764,1.51926626784316
2024-09-11,0.009811757777694897,0.0,0.0,0.0,0.009811757777694897,1.0017019569990764,1.5342463105604431
2024-09-12,0.005340047242907371,0.0,0.0,0.0,0.005340047242907371,1.0017019569990764,1.5424611726957274
2024-09-13,0.004376374599799003,0.0,0.0,0.0,0.004376374599799003,1.0017019569990764,1.5492263532777264
2024-09-16,-0.0009361835603401133,0.0,0.0,-0.0,-0.0009361835603401133,1.0017019569990764,1.547776671724441
2024-09-17,-0.0009370608213402455,0.0,0.0,-0.0,-0.0009370608213402455,1.0017019569990764,1.5463269901711556
2024-09-18,0.0121138303835114,0.0,0.0,0.0,0.0121138303835114,1.0017019569990764,1.5651728503638664
2024-09-19,-0.0027825029546271916,0.0,0.0,-0.0,-0.0027825029546271916,1.0017019569990764,1.56082380570401
2024-09-20,0.0,0.0,0.0,0.0,0.0,1.0017019569990764,1.56082380570401
2024-09-23,-0.002169534401264355,0.0,0.0,-0.0,-0.002169534401264355,1.0017019569990764,1.5574412154130106
2024-09-24,-0.0018633545764113483,0.0,0.0,-0.0,-0.0018633545764113483,1.0017019569990764,1.5545418523064398
2024-09-25,0.0102057480847567,0.0,0.0,0.0,0.0102057480847567,1.0017019569990764,1.5704883493925799
2024-09-26,-0.0003077396546827899,0.0,0.0,-0.0,-0.0003077396546827899,1.0017019569990764,1.5700051222081515
2024-09-27,0.00030773965468286355,0.0,0.0,0.0,0.00030773965468286355,1.0017019569990764,1.5704883493925799
2024-09-30,-0.006172859107081079,0.0,0.0,-0.0,-0.006172859107081079,1.0017019569990764,1.56082380570401
2024-10-01,0.0009283615087309137,0.0,0.0,0.0,0.0009283615087309137,1.0017019569990764,1.5622734872572954
2024-10-02,-0.0012380069671578565,0.0,0.0,-0.0,-0.0012380069671578565,1.0017019569990764,1.5603405785195816
2024-10-03,0.00894101840371514,0.0,0.0,0.0,0.00894101840371514,1.0017019569990764,1.5743541668680074
2024-10-04,-0.0036900410874537957,0.0,0.0,-0.0,-0.0036900410874537957,1.0017019569990764,1.5685554406548659
2024-10-07,0.003690041087453742,0.0,0.0,0.0,0.003690041087453742,1.0017019569990764,1.5743541668680074
2024-10-08,0.008253141756720482,0.0,0.0,0.0,0.008253141756720482,1.0017019569990764,1.5874013008475767
2024-10-09,0.0015209128407065232,0.0,0.0,0.0,0.0015209128407065232,1.0017019569990764,1.5898174367697189
2024-10-10,0.007268354227090624,0.0,0.0,0.0,0.007268354227090624,1.0017019569990764,1.6014148891960025
2024-10-11,-0.0027194457007217107,0.0,0.0,-0.0,-0.0027194457007217107,1.0017019569990764,1.5970658445361459
2024-10-15,0.003021150334176251,0.0,0.0,0.0,0.003021150334176251,1.0017019569990764,1.6018981163804307
2024-10-16,0.004214334955062046,0.0,0.0,0.0,0.004214334955062046,1.0017019569990764,1.6086632969624295
2024-10-17,0.0047947349873040295,0.0,0.0,0.0,0.0047947349873040295,1.0017019569990764,1.6163949319132855
2024-10-18,-0.004494389587839438,0.0,0.0,-0.0,-0.004494389587839438,1.0017019569990764,1.609146524146858
2024-10-21,-0.002104314619895284,0.0,0.0,-0.0,-0.002104314619895284,1.0017019569990764,1.6057639338558587
2024-10-22,-0.007551765235050106,0.0,0.0,-0.0,-0.007551765235050106,1.0017019569990764,1.5936832542451465
2024-10-23,0.0027252098622487825,0.0,0.0,0.0,0.0027252098622487825,1.0017019569990764,1.598032298905003
2024-10-24,0.000604594939819473,0.0,0.0,0.0,0.000604594939819473,1.0017019569990764,1.5989987532738603
2024-10-25,0.005124351831260564,0.0,0.0,0.0,0.005124351831260564,1.0017019569990764,1.607213615409144
2024-10-28,-0.00030070666291838406,0.0,0.0,-0.0,-0.00030070666291838406,1.0017019569990764,1.606730388224716
2024-10-29,-0.004219415542708211,0.0,0.0,-0.0,-0.004219415542708211,1.0017019569990764,1.599965207642717
2024-10-30,-0.011848839824608605,0.0,0.0,-0.0,-0.011848839824608605,1.0017019569990764,1.581119347450006
2024-10-31,0.0054861460367798855,0.0,0.0,0.0,0.0054861460367798855,1.0017019569990764,1.5898174367697189
2024-11-01,-0.00426439878645754,0.0,0.0,-0.0,-0.00426439878645754,1.0017019569990764,1.58305225618772
2024-11-04,0.006693058146584145,0.0,0.0,0.0,0.006693058146584145,1.0017019569990764,1.5936832542451467
2024-11-05,0.01743356446755274,0.0,0.0,0.0,0.01743356446755274,1.0017019569990764,1.6217104309419992
2024-11-06,0.0059417881287508224,0.0,0.0,0.0,0.0059417881287508224,1.0017019569990764,1.6313749746305688
2024-11-07,-0.00029625240921743435,0.0,0.0,-0.0,-0.00029625240921743435,1.0017019569990764,1.6308917474461404
2024-11-08,0.002071926151895453,0.0,0.0,0.0,0.002071926151895453,1.0017019569990764,1.6342743377371398
2024-11-11,-0.005039287379697447,0.0,0.0,-0.0,-0.005039287379697447,1.0017019569990764,1.6260594756018556
2024-11-12,0.0020780770429178886,0.0,0.0,0.0,0.0020780770429178886,1.0017019569990764,1.629442065892855
2024-11-13,0.0,0.0,0.0,0.0,0.0,1.0017019569990764,1.629442065892855
2024-11-14,-0.006247231384435739,0.0,0.0,-0.0,-0.006247231384435739,1.0017019569990764,1.6192942950198568
2024-11-15,0.0,0.0,0.0,0.0,0.0,1.0017019569990764,1.6192942950198568
2024-11-18,0.000298373864663389,0.0,0.0,0.0,0.000298373864663389,1.0017019569990764,1.6197775222042854
2024-11-19,0.00029828486425476227,0.0,0.0,0.0,0.00029828486425476227,1.0017019569990764,1.6202607493887138
2024-11-20,0.006836109249619044,0.0,0.0,0.0,0.006836109249619044,1.0017019569990764,1.6313749746305686
2024-11-21,0.004433286409790919,0.0,0.0,0.0,0.004433286409790919,1.0017019569990764,1.638623382396996
2024-11-22,0.002944642881556925,0.0,0.0,0.0,0.002944642881556925,1.0017019569990764,1.643455654241281
2024-11-25,0.004986078668340752,0.0,0.0,0.0,0.004986078668340752,1.0017019569990764,1.6516705163765653
2024-11-26,-0.0020500812568905,0.0,0.0,-0.0,-0.0020500812568905,1.0017019569990764,1.6482879260855658
2024-11-27,0.00991840102911328,0.0,0.0,0.0,0.00991840102911328,1.0017019569990764,1.6647176503561345
2024-11-28,0.0005803830691063254,0.0,0.0,0.0,0.0005803830691063254,1.0017019569990764,1.6656841047249913
2024-11-29,-0.00029014942899043087,0.0,0.0,-0.0,-0.00029014942899043087,1.0017019569990764,1.665200877540563
2024-12-02,0.0028977128360713703,0.0,0.0,0.0,0.0028977128360713703,1.0017019569990764,1.6700331493848477
2024-12-03,0.003033588458598844,0.0,0.0,0.0,0.003033588458598844,1.0017019569990764,1.6751070348213466
2024-12-04,-0.0007214487002193015,0.0,0.0,-0.0,-0.0007214487002193015,1.0017019569990764,1.6738989668602755
2024-12-05,0.00747774551414705,0.0,0.0,0.0,0.00747774551414705,1.0017019569990764,1.6864628736554161
2024-12-06,-0.002294894868338402,0.0,0.0,-0.0,-0.002294894868338402,1.0017019569990764,1.6825970561799883
2024-12-09,-0.005182850645808573,0.0,0.0,-0.0,-0.005182850645808573,1.0017019569990764,1.6738989668602755
2024-12-10,0.006330956397640503,0.0,0.0,0.0,0.006330956397640503,1.0017019569990764,1.6845299649177023
2024-12-11,-0.004600353139061283,0.0,0.0,-0.0,-0.004600353139061283,1.0017019569990764,1.6767983299668467
2024-12-12,-0.0011534026653536183,0.0,0.0,-0.0,-0.0011534026653536183,1.0017019569990764,1.6748654212291325
2024-12-13,0.0005768676248810656,0.0,0.0,0.0,0.0005768676248810656,1.0017019569990764,1.6758318755979895
2024-12-16,-0.0005768676248811643,0.0,0.0,-0.0,-0.0005768676248811643,1.0017019569990764,1.6748654212291323
2024-12-17,-0.020992024481379754,0.0,0.0,-0.0,-0.020992024481379754,1.0017019569990764,1.6400730639502814
2024-12-18,-0.004429359079881627,0.0,0.0,-0.0,-0.004429359079881627,1.0017019569990764,1.6328246561838542
2024-12-19,0.006489698292905393,0.0,0.0,0.0,0.006489698292905393,1.0017019569990764,1.6434556542412806
2024-12-20,0.0055710450494554295,0.0,0.0,0.0,0.0055710450494554295,1.0017019569990764,1.652636970745422
2024-12-23,0.006993035490970384,0.0,0.0,0.0,0.006993035490970384,1.0017019569990764,1.6642344231717052
2024-12-24,-0.0031990720899293928,1.0,0.0005,-0.003699072089929393,-0.0031990720899293928,0.9980034340163643,1.6589189241429918
2024-12-27,-0.019709418706940776,0.0,0.0005,-0.0005,-0.019709418706940776,0.9975045570289962,1.6265427027862833
2024-12-30,0.0005940006114662289,0.0,0.0,0.0,0.0005940006114662289,0.9975045570289962,1.6275091571551406
2024-12-31,0.0011869437595286225,0.0,0.0,0.0,0.0011869437595286225,0.9975045570289962,1.6294420658928543
2025-01-02,0.011792589489823624,0.0,0.0,0.0,0.011792589489823624,0.9975045570289962,1.6487711532699938
2025-01-03,-0.0020536900279570177,0.0,0.0,-0.0,-0.0020536900279570177,0.9975045570289962,1.6453885629789944
2025-01-06,-0.004710046976561285,0.0,0.0,-0.0,-0.004710046976561285,0.9975045570289962,1.6376569280281388
2025-01-07,0.0017688683857451637,0.0,0.0,0.0,0.0017688683857451637,0.9975045570289962,1.6405562911347096
2025-01-08,0.0023536345081092173,0.0,0.0,0.0,0.0023536345081092173,0.9975045570289962,1.6444221086101374
2025-01-09,-0.013907606913808856,0.0,0.0,-0.0,-0.013907606913808856,0.9975045570289962,1.6217104309419987
2025-01-10,-0.004180358431757826,0.0,0.0,-0.0,-0.004180358431757826,0.9975045570289962,1.6149452503599997
2025-01-13,0.0005982650492530659,0.0,0.0,0.0,0.0005982650492530659,0.9975045570289962,1.6159117047288565
2025-01-14,0.013072081567352921,1.0,0.0005,0.01257208156735292,0.013072081567352921,1.0101244284890594,1.6371737008437102
2025-01-15,0.004417618728960614,0.0,0.0005,-0.0005,0.004417618728960614,1.0096194925193267,1.6444221086101372
2025-01-16,0.01139530227057904,1.0,0.0005,0.01089530227057904,0.01139530227057904,1.0206797450547442,1.6632679688028482
2025-01-17,0.012989069904166218,0.0,0.0005,-0.0005,0.012989069904166218,1.0201695327459235,1.6850131921021299
2025-01-20,-0.007195310939496602,0.0,0.0,-0.0,-0.007195310939496602,1.0201695327459235,1.6729325124914178
2025-01-21,0.004610959178073887,0.0,0.0,0.0,0.004610959178073887,1.0201695327459235,1.6806641474422737
2025-01-22,0.004160396216888417,0.0,0.0,0.0,0.004160396216888417,1.0201695327459235,1.6876709416164866
2025-01-23,-0.00014317417162389073,0.0,0.0,-0.0,-0.00014317417162389073,1.0201695327459235,1.6874293280242727
2025-01-24,-0.007762005335489301,0.0,0.0,-0.0,-0.007762005335489301,1.0201695327459235,1.6743821940447035
2025-01-27,0.00632913505164753,0.0,0.0,0.0,0.00632913505164753,1.0201695327459235,1.68501319210213
2025-01-28,0.0,0.0,0.0,0.0,0.0,1.0201695327459235,1.68501319210213
2025-01-29,0.011972776999618875,0.0,0.0,0.0,0.011972776999618875,1.0201695327459235,1.7053087338481263
2025-01-30,-0.004828868920262841,0.0,0.0,-0.0,-0.004828868920262841,1.0201695327459235,1.697093871712842
2025-01-31,-0.007430728675041014,0.0,0.0,-0.0,-0.007430728675041014,1.0201695327459235,1.6845299649177015
2025-02-03,-0.005753755804414976,0.0,0.0,-0.0,-0.005753755804414976,1.0201695327459235,1.6748654212291316
2025-02-04,0.007043801134904919,0.0,0.0,0.0,0.007043801134904919,1.0201695327459235,1.6867044872476298
2025-02-05,0.0015744653649698652,0.0,0.0,0.0,0.0015744653649698652,1.0201695327459235,1.6893622367619863
2025-02-06,-0.008329791090402577,0.0,0.0,-0.0,-0.008329791090402577,1.0201695327459235,1.6753486484135602
2025-02-07,0.008901709893523782,0.0,0.0,0.0,0.008901709893523782,1.0201695327459235,1.690328691130843
2025-02-10,-0.0011441648845455247,0.0,0.0,-0.0,-0.0011441648845455247,1.0201695327459235,1.6883957823931293
2025-02-11,-0.0014320495072277254,0.0,0.0,-0.0,-0.0014320495072277254,1.0201695327459235,1.6859796464709869
2025-02-12,0.004575358281916171,0.0,0.0,0.0,0.004575358281916171,1.0201695327459235,1.6937112814218422
2025-02-13,-0.0022850624053145797,0.0,0.0,-0.0,-0.0022850624053145797,1.0201695327459235,1.6898454639464144
2025-02-14,0.005276304575840262,0.0,0.0,0.0,0.005276304575840262,1.0201695327459235,1.6987851668583416
2025-02-18,0.0001422171658514417,0.0,0.0,0.0,0.0001422171658514417,1.0201695327459235,1.6990267804505554
2025-02-19,-0.004703878675473196,0.0,0.0,-0.0,-0.004703878675473196,1.0201695327459235,1.6910535319074855
2025-02-20,-0.00990746850559072,0.0,0.0,-0.0,-0.00990746850559072,1.0201695327459235,1.6743821940447028
2025-02-21,-0.0017331026868347415,0.0,0.0,-0.0,-0.0017331026868347415,1.0201695327459235,1.6714828309381322
2025-02-24,0.0023101367478547694,0.0,0.0,0.0,0.0023101367478547694,1.0201695327459235,1.6753486484135602
2025-02-25,0.003742627083496455,0.0,0.0,0.0,0.003742627083496455,1.0201695327459235,1.6816306018111302
2025-02-26,-0.006631132846895398,0.0,0.0,-0.0,-0.006631132846895398,1.0201695327459235,1.6705163765692752
2025-02-27,0.010073477037868397,0.0,0.0,0.0,0.010073477037868397,1.0201695327459235,1.6874293280242725
2025-02-28,-0.008050647277167132,0.0,0.0,-0.0,-0.008050647277167132,1.0201695327459235,1.6738989668602748
2025-03-03,-0.011030590798260654,0.0,0.0,-0.0,-0.011030590798260654,1.0201695327459235,1.6555363338519922
2025-03-04,0.00871845103988125,0.0,0.0,0.0,0.00871845103988125,1.0201695327459235,1.670033149384847
2025-03-05,-0.014573268701312618,0.0,0.0,-0.0,-0.014573268701312618,1.0201695327459235,1.645871790163423
2025-03-06,0.009351324720161008,0.0,0.0,0.0,0.009351324720161008,1.0201695327459235,1.6613350600651344
2025-03-07,-0.02027394253624184,0.0,0.0,-0.0,-0.02027394253624184,1.0201695327459235,1.6279923843395687
2025-03-10,-0.005655618587440706,0.0,0.0,-0.0,-0.005655618587440706,1.0201695327459235,1.6188110678354277
2025-03-11,0.0038730869211574905,0.0,0.0,0.0,0.0038730869211574905,1.0201695327459235,1.625093021232998
2025-03-12,-0.007761232988895781,0.0,0.0,-0.0,-0.007761232988895781,1.0201695327459235,1.612529114437857
2025-03-13,0.015757721623121956,1.0,0.0005,0.015257721623121955,0.015757721623121956,1.0358543484793152,1.6381401552125667
2025-03-14,0.005295687574710503,0.0,0.0005,-0.0005,0.005295687574710503,1.0353365507652916,1.6468382445322798
2025-03-17,-0.006033422761249951,0.0,0.0,-0.0,-0.006033422761249951,1.0353365507652916,1.6369320872514959
2025-03-18,0.011593056686652644,1.0,0.0005,0.011093056686652643,0.011593056686652644,1.0468855361568425,1.6560195610364212
2025-03-19,-0.004386613263039297,0.0,0.0005,-0.0005,-0.004386613263039297,1.0463622242276487,1.6487711532699936
2025-03-20,-0.00029312619292389826,1.0,0.0005,-0.0007931261929238983,-0.00029312619292389826,1.0455326559599751,1.6482879260855654
2025-03-21,0.009337680919878015,0.0,0.0005,-0.0005,0.009337680919878015,1.045010020301798,1.6637511959872768
2025-03-24,0.00029040220909763194,1.0,0.0005,-0.00020959779090236807,0.00029040220909763194,1.044791011462758,1.6642344231717052
2025-03-25,-0.013005224581107125,1.0,0.0,-0.013005224581107125,-0.013005224581107125,1.0312912437478647,1.6427308134646375
2025-03-26,0.0004411440406810907,1.0,0.0,0.0004411440406810907,0.0004411440406810907,1.0317462920978049,1.6434556542412802
2025-03-27,-0.015407712212990806,1.0,0.0,-0.015407712212990806,-0.015407712212990806,1.0159712826332106,1.6183278406509989
2025-03-28,0.0047661692846235676,0.0,0.0005,-0.0005,0.0047661692846235676,1.0154634239671407,1.6260594756018547
2025-03-31,-0.0008919281102672588,0.0,0.0,-0.0,-0.0008919281102672588,1.0154634239671407,1.624609794048569
2025-04-01,0.007703741803384204,1.0,0.0005,0.007203741803384204,0.007703741803384204,1.0228049718434167,1.63717370084371
2025-04-02,-0.049616952145426066,0.0,0.0005,-0.0005,-0.049616952145426066,1.0222936971868108,1.5579244425974383
2025-04-03,-0.051881164681106484,0.0,0.0,-0.0,-0.051881164681106484,1.0222936971868108,1.4791584115355951
2025-04-04,-0.012822796112727687,0.0,0.0,-0.0,-0.012822796112727687,1.0222936971868108,1.460312551342884
2025-04-07,-0.010979980548746913,0.0,0.0,-0.0,-0.010979980548746913,1.0222936971868108,1.444366054256744
2025-04-08,0.06789937766558,0.0,0.0,0.0,0.06789937766558,1.0222936971868108,1.5458437629867259
2025-04-09,-0.0362866036100297,0.0,0.0,-0.0,-0.0362866036100297,1.0222936971868108,1.4907558639618788
2025-04-10,0.016077516727532843,1.0,0.0005,0.015577516727532843,0.016077516727532843,1.0383431753176318,1.5149172231833028
2025-04-11,0.00952388151125532,0.0,0.0005,-0.0005,0.00952388151125532,1.0378241335012404,1.5294140387161572
2025-04-14,0.00849462399142302,0.0,0.0,0.0,0.00849462399142302,1.0378241335012404,1.5424611726957267
2025-04-15,-0.01546992177213189,0.0,0.0,-0.0,-0.01546992177213189,1.0378241335012404,1.5187830406587306
2025-04-16,0.004444451760423976,1.0,0.0005,0.003944451760423975,0.004444451760423976,1.0419258649544327,1.5255482212407294
2025-04-17,-0.014677991660354623,0.0,0.0005,-0.0005,-0.014677991660354623,1.0414050322409847,1.503319770757019
2025-04-21,0.01910277764071044,1.0,0.0005,0.01860277764071044,0.01910277764071044,1.0609593771377934,1.5323134018227285
2025-04-22,0.014091355760509485,0.0,0.0005,-0.0005,0.014091355760509485,1.060429030047046,1.5540586251220099
2025-04-23,0.013588844061896579,1.0,0.0005,0.013088844061896579,0.013588844061896579,1.0744000530743818,1.5753206212368638
2025-04-24,0.0036742233618843254,0.0,0.0005,-0.0005,0.0036742233618843254,1.0738629873254708,1.5811193474500054
2025-04-25,0.0009164503467146166,1.0,0.0005,0.0004164503467146166,0.0009164503467146166,1.074310291072302,1.582569029003291
2025-04-28,0.005481134307012016,0.0,0.0005,-0.0005,0.005481134307012016,1.0737732701931735,1.5912671183230038
2025-04-29,-0.003650749415262563,0.0,0.0,-0.0,-0.003650749415262563,1.0737732701931735,1.585468392109862
2025-04-30,0.005167970158442377,0.0,0.0,0.0,0.005167970158442377,1.0737732701931735,1.593683254245146
2025-05-01,0.013402805856553984,0.0,0.0,0.0,0.013402805856553984,1.0737732701931735,1.6151868639522136
2025-05-02,-0.002846230668358469,0.0,0.0,-0.0,-0.002846230668358469,1.0737732701931735,1.610596205700143
2025-05-05,-0.005867766779458166,0.0,0.0,-0.0,-0.005867766779458166,1.0737732701931735,1.6011732756037875
2025-05-06,0.005267526665398168,0.0,0.0,0.0,0.005267526665398168,1.0737732701931735,1.6096297513312863
2025-05-07,0.009263475774881179,0.0,0.0,0.0,0.009263475774881179,1.0737732701931735,1.624609794048569
2025-05-08,0.002079929437992027,0.0,0.0,0.0,0.002079929437992027,1.0737732701931735,1.6279923843395685
2025-05-09,0.02143673336493198,0.0,0.0,0.0,0.02143673336493198,1.0737732701931735,1.6632679688028482
2025-05-12,0.002611346326518598,0.0,0.0,0.0,0.002611346326518598,1.0737732701931735,1.6676170134627046
2025-05-13,0.0014478068259428454,0.0,0.0,0.0,0.0014478068259428454,1.0737732701931735,1.670033149384847
2025-05-14,0.00577035646133636,0.0,0.0,0.0,0.00577035646133636,1.0737732701931735,1.6796976930734167
2025-05-15,0.005737250390143593,0.0,0.0,0.0,0.005737250390143593,1.0737732701931735,1.6893622367619867
2025-05-16,0.0,0.0,0.0,0.0,0.0,1.0737732701931735,1.6893622367619867
2025-05-20,-0.01382510499184243,0.0,0.0,-0.0,-0.01382510499184243,1.0737732701931735,1.6661673319094192
2025-05-21,-0.001160766235962276,0.0,0.0,-0.0,-0.001160766235962276,1.0737732701931735,1.6642344231717052
2025-05-22,-0.008748962193235425,0.0,0.0,-0.0,-0.008748962193235425,1.0737732701931735,1.6497376076388508
2025-05-23,0.015405042330637565,0.0,0.0,0.0,0.015405042330637565,1.0737732701931735,1.6753486484135607
2025-05-26,0.006038839343846888,0.0,0.0,0.0,0.006038839343846888,1.0737732701931735,1.685496419286559
2025-05-27,-0.0045977092486295425,0.0,0.0,-0.0,-0.0045977092486295425,1.0737732701931735,1.677764784335703
2025-05-28,0.000575871020809439,0.0,0.0,0.0,0.000575871020809439,1.0737732701931735,1.67873123870456
2025-05-29,-0.0040380787492802685,0.0,0.0,-0.0,-0.0040380787492802685,1.0737732701931735,1.6719660581225613
2025-05-30,0.004901263956091581,0.0,0.0,0.0,0.004901263956091581,1.0737732701931735,1.6801809202578457
2025-06-02,0.0028719146677895165,0.0,0.0,0.0,0.0028719146677895165,1.0737732701931735,1.68501319210213
2025-06-03,-0.0008607087032575666,0.0,0.0,-0.0,-0.0008607087032575666,1.0737732701931735,1.683563510548845
2025-06-04,-0.0034502621921527815,0.0,0.0,-0.0,-0.0034502621921527815,1.0737732701931735,1.6777647843357026
2025-06-05,0.008460651315331611,0.0,0.0,0.0,0.008460651315331611,1.0737732701931735,1.692019986276343
2025-06-06,-0.0004284796180673653,0.0,0.0,-0.0,-0.0004284796180673653,1.0737732701931735,1.6912951454997003
2025-06-09,0.0034227072775021385,0.0,0.0,0.0,0.0034227072775021385,1.0737732701931735,1.6970938717128419
2025-06-10,-0.0011396012629335626,0.0,0.0,-0.0,-0.0011396012629335626,1.0737732701931735,1.695160962975128
2025-06-11,0.0011396012629335743,0.0,0.0,0.0,0.0011396012629335743,1.0737732701931735,1.6970938717128419
2025-06-12,-0.011454878974766478,0.0,0.0,-0.0,-0.011454878974766478,1.0737732701931735,1.6777647843357024
2025-06-13,0.005743841179252093,0.0,0.0,0.0,0.005743841179252093,1.0737732701931735,1.6874293280242723
2025-06-16,-0.004017222045264469,0.0,0.0,-0.0,-0.004017222045264469,1.0737732701931735,1.6806641474422734
2025-06-17,0.004303549892603539,0.0,0.0,0.0,0.004303549892603539,1.0737732701931735,1.6879125552087006
2025-06-18,-0.0014324597779615973,0.0,0.0,-0.0,-0.0014324597779615973,1.0737732701931735,1.6854964192865585
2025-06-19,-0.0011474470564767983,0.0,0.0,-0.0,-0.0011474470564767983,1.0737732701931735,1.6835635105488445
2025-06-20,0.008004616782613598,0.0,0.0,0.0,0.008004616782613598,1.0737732701931735,1.6970938717128414
2025-06-23,0.009634531879146103,0.0,0.0,0.0,0.009634531879146103,1.0737732701931735,1.7135235959834103
2025-06-24,-0.01105923649397511,0.0,0.0,-0.0,-0.01105923649397511,1.0737732701931735,1.6946777357906995
2025-06-25,0.003984069014874513,0.0,0.0,0.0,0.003984069014874513,1.0737732701931735,1.7014429163726983
2025-06-26,0.007920833491444058,0.0,0.0,0.0,0.007920833491444058,1.0737732701931735,1.714973277536696
2025-06-27,-0.0005636978728747042,0.0,0.0,-0.0,-0.0005636978728747042,1.0737732701931735,1.714006823167839
2025-06-30,0.001690141247405221,0.0,0.0,0.0,0.001690141247405221,1.0737732701931735,1.7169061862744097
2025-07-02,0.006172859107081016,0.0,0.0,0.0,0.006172859107081016,1.0737732701931735,1.7275371843318366
2025-07-03,0.0013976242666379351,0.0,0.0,0.0,0.0013976242666379351,1.0737732701931735,1.7299533202539787
2025-07-04,-0.005040615545139051,0.0,0.0,-0.0,-0.005040615545139051,1.0737732701931735,1.7212552309342661
2025-07-07,0.0016830298502931785,0.0,0.0,0.0,0.0016830298502931785,1.0737732701931735,1.7241545940408374
2025-07-08,0.005589729478786812,0.0,0.0,0.0,0.005589729478786812,1.0737732701931735,1.7338191377294072
2025-07-09,0.0011142062434035577,0.0,0.0,0.0,0.0011142062434035577,1.0737732701931735,1.7357520464671212
2025-07-10,-0.003625718656064464,0.0,0.0,-0.0,-0.003625718656064464,1.0737732701931735,1.7294700930695508
2025-07-11,0.0032080367843464828,0.0,0.0,0.0,0.0032080367843464828,1.0737732701931735,1.7350272056904785
2025-07-14,-0.004326292422264218,0.0,0.0,-0.0,-0.004326292422264218,1.0737732701931735,1.7275371843318368
2025-07-15,0.0015372793188863979,0.0,0.0,0.0,0.0015372793188863979,1.0737732701931735,1.7301949338461933
2025-07-16,0.009035996700645865,0.0,0.0,0.0,0.009035996700645865,1.0737732701931735,1.7458998173401192
2025-07-17,-0.002632856783144621,0.0,0.0,-0.0,-0.002632856783144621,1.0737732701931735,1.7413091590880485
2025-07-18,0.0,0.0,0.0,0.0,0.0,1.0737732701931735,1.7413091590880485
2025-07-21,-0.0018054306688717408,0.0,0.0,-0.0,-0.0018054306688717408,1.0737732701931735,1.7381681823892634
2025-07-22,0.009407927718712007,0.0,0.0,0.0,0.009407927718712007,1.0737732701931735,1.7545979066598323
2025-07-23,0.0008258775417807771,0.0,0.0,0.0,0.0008258775417807771,1.0737732701931735,1.7560475882131177
2025-07-24,0.005488487981835521,0.0,0.0,0.0,0.005488487981835521,1.0737732701931735,1.7657121319016875
2025-07-25,-0.003838776307165713,0.0,0.0,-0.0,-0.003838776307165713,1.0737732701931735,1.7589469513196887
2025-07-28,0.0016469946078219973,0.0,0.0,0.0,0.0016469946078219973,1.0737732701931735,1.7618463144262597
2025-07-29,-0.0005486968587594838,0.0,0.0,-0.0,-0.0005486968587594838,1.0737732701931735,1.7608798600574025
2025-07-30,-0.0044004471448215975,0.0,0.0,-0.0,-0.0044004471448215975,1.0737732701931735,1.753148225106547
2025-07-31,-0.013877547166362745,0.0,0.0,-0.0,-0.013877547166362745,1.0737732701931735,1.7289868658851228
2025-08-01,0.013326127246131872,0.0,0.0,0.0,0.013326127246131872,1.0737732701931735,1.7521817707376903
2025-08-05,0.005774799493883958,0.0,0.0,0.0,0.005774799493883958,1.0737732701931735,1.7623295416106886
2025-08-06,0.0008222557678569557,0.0,0.0,0.0,0.0008222557678569557,1.0737732701931735,1.7637792231639742
2025-08-07,0.004646721494788816,0.0,0.0,0.0,0.004646721494788816,1.0737732701931735,1.7719940852992584
2025-08-08,-0.0005455537505742054,0.0,0.0,-0.0,-0.0005455537505742054,1.0737732701931735,1.7710276309304014
2025-08-11,0.010584981445318154,0.0,0.0,0.0,0.010584981445318154,1.0737732701931735,1.7898734911231122
2025-08-12,0.0037725725153194283,0.0,0.0,0.0,0.0037725725153194283,1.0737732701931735,1.7966386717051115
2025-08-13,0.000806560065233166,0.0,0.0,0.0,0.000806560065233166,1.0737732701931735,1.7980883532583969
2025-08-14,0.0,0.0,0.0,0.0,0.0,1.0737732701931735,1.7980883532583969
2025-08-15,0.0,0.0,0.0,0.0,0.0,1.0737732701931735,1.7980883532583969
2025-08-18,-0.0005376344215525309,0.0,0.0,-0.0,-0.0005376344215525309,1.0737732701931735,1.7971218988895397
2025-08-19,0.00026885334212223554,0.0,0.0,0.0,0.00026885334212223554,1.0737732701931735,1.7976051260739683
2025-08-20,0.0005374899350037816,0.0,0.0,0.0,0.0005374899350037816,1.0737732701931735,1.7985715804428253
2025-08-21,0.010689572658779654,0.0,0.0,0.0,0.010689572658779654,1.0737732701931735,1.8179006678199647
2025-08-22,-0.0053305030269407,0.0,0.0,-0.0,-0.0053305030269407,1.0737732701931735,1.8082361241313951
2025-08-25,0.0018689099018770303,0.0,0.0,0.0,0.0018689099018770303,1.0737732701931735,1.8116187144223945
2025-08-26,-0.00160170883148316,0.0,0.0,-0.0,-0.00160170883148316,1.0737732701931735,1.8087193513158233
2025-08-27,0.0010680908892584384,0.0,0.0,0.0,0.0010680908892584384,1.0737732701931735,1.8106522600535373
2025-08-28,-0.004547286155826233,0.0,0.0,-0.0,-0.004547286155826233,1.0737732701931735,1.8024373979182529
2025-08-29,-0.0018784387651443037,0.0,0.0,-0.0,-0.0018784387651443037,1.0737732701931735,1.7990548076272537
2025-09-02,0.0040209141427914805,0.0,0.0,0.0,0.0040209141427914805,1.0737732701931735,1.8063032153936813
2025-09-03,0.008259005251627134,0.0,0.0,0.0,0.008259005251627134,1.0737732701931735,1.8212832581109641
2025-09-04,0.003707631365893944,0.0,0.0,0.0,0.003707631365893944,1.0737732701931735,1.8280484386929632
2025-09-05,0.0018486734434427757,0.0,0.0,0.0,0.0018486734434427757,1.0737732701931735,1.8314310289839626
2025-09-08,0.003161224971902572,0.0,0.0,0.0,0.003161224971902572,1.0737732701931735,1.8372297551971044
2025-09-09,0.002889036809189296,0.0,0.0,0.0,0.002889036809189296,1.0737732701931735,1.8425452542258178
2025-09-10,0.00731646848834082,0.0,0.0,0.0,0.00731646848834082,1.0737732701931735,1.856075615389815
2025-09-11,-0.001824104740314814,0.0,0.0,-0.0,-0.001824104740314814,1.0737732701931735,1.8526930250988158
2025-09-12,,0.0,0.0,,,1.0737732701931735,1.8526930250988158
