date,y_reg,pos,costs,r_strategy,r_bh,eq_strat,eq_bh
2012-12-20,-0.002366865010266168,0.0,0.0,-0.0,-0.002366865010266168,1.0,0.9976359338061466
2012-12-21,-0.010720769745101659,0.0,0.0,-0.0,-0.010720769745101659,1.0,0.9869976359338061
2012-12-24,-0.010836951329877368,0.0,0.0,-0.0,-0.010836951329877368,1.0,0.9763593380614657
2012-12-27,0.0,0.0,0.0,0.0,0.0,1.0,0.9763593380614657
2012-12-28,0.012033839563723463,0.0,0.0,0.0,0.012033839563723463,1.0,0.9881796690307327
2012-12-31,0.011890746521521773,0.0,0.0,0.0,0.011890746521521773,1.0,1.0
2013-01-02,0.0055009961903476476,0.0,0.0,0.0,0.0055009961903476476,1.0,1.0055161544523248
2013-01-03,0.002348337674107429,0.0,0.0,0.0,0.002348337674107429,1.0,1.007880220646178
2013-01-04,-0.0015649455463033672,0.0,0.0,-0.0,-0.0015649455463033672,1.0,1.0063041765169427
2013-01-07,-0.0035301076078614524,0.0,0.0,-0.0,-0.0035301076078614524,1.0,1.0027580772261624
2013-01-08,0.004312886512802297,0.0,0.0,0.0,0.004312886512802297,1.0,1.0070921985815604
2013-01-09,0.0046838493124264375,0.0,0.0,0.0,0.0046838493124264375,1.0,1.0118203309692673
2013-01-10,0.0007785130794136617,0.0,0.0,0.0,0.0007785130794136617,1.0,1.0126083530338852
2013-01-11,-0.0023373598487048154,0.0,0.0,-0.0,-0.0023373598487048154,1.0,1.0102442868400316
2013-01-14,0.002337359848704772,0.0,0.0,0.0,0.002337359848704772,1.0,1.0126083530338852
2013-01-15,0.0019436352085710307,0.0,0.0,0.0,0.0019436352085710307,1.0,1.0145784081954297
2013-01-16,0.006194367464273511,0.0,0.0,0.0,0.006194367464273511,1.0,1.0208825847123721
2013-01-17,0.008837713622057338,0.0,0.0,0.0,0.008837713622057338,1.0,1.029944838455477
2013-01-18,0.0087602921691195,0.0,0.0,0.0,0.0087602921691195,1.0,1.039007092198582
2013-01-21,-0.005323206486413047,0.0,0.0,-0.0,-0.005323206486413047,1.0,1.033490937746257
2013-01-22,0.009863509405195993,0.0,0.0,0.0,0.009863509405195993,1.0,1.0437352245862888
2013-01-23,0.0041439125036751645,0.0,0.0,0.0,0.0041439125036751645,1.0,1.0480693459416868
2013-01-24,0.008236662065879068,0.0,0.0,0.0,0.008236662065879068,1.0,1.0567375886524826
2013-01-25,-0.00037292560566458074,0.0,0.0,-0.0,-0.00037292560566458074,1.0,1.0563435776201737
2013-01-28,0.00037292560566465094,0.0,0.0,0.0,0.00037292560566465094,1.0,1.0567375886524828
2013-01-29,-0.004858914437099695,0.0,0.0,-0.0,-0.004858914437099695,1.0,1.0516154452324669
2013-01-30,-0.005259215728484909,0.0,0.0,-0.0,-0.005259215728484909,1.0,1.0460992907801423
2013-01-31,0.008998935868569535,0.0,0.0,0.0,0.008998935868569535,1.0,1.055555555555556
2013-02-01,-0.010883950564340831,0.0,0.0,-0.0,-0.010883950564340831,1.0,1.0441292356185978
2013-02-04,0.008641797158651128,0.0,0.0,0.0,0.008641797158651128,1.0,1.0531914893617027
2013-02-05,-0.000748503028958129,0.0,0.0,-0.0,-0.000748503028958129,1.0,1.0524034672970848
2013-02-06,0.0007485030289581124,0.0,0.0,0.0,0.0007485030289581124,1.0,1.0531914893617027
2013-02-07,0.010050335853501506,0.0,0.0,0.0,0.010050335853501506,1.0,1.0638297872340432
2013-02-08,0.0018501392881613734,0.0,0.0,0.0,0.0018501392881613734,1.0,1.0657998423955874
2013-02-11,0.0,0.0,0.0,0.0,0.0,1.0,1.0657998423955874
2013-02-12,-0.0011096727604377884,0.0,0.0,-0.0,-0.0011096727604377884,1.0,1.0646178092986607
2013-02-13,0.0022181155120213586,0.0,0.0,0.0,0.0022181155120213586,1.0,1.0669818754925142
2013-02-14,0.0033179753941821937,0.0,0.0,0.0,0.0033179753941821937,1.0,1.0705279747832943
2013-02-15,0.010981076668925926,0.0,0.0,0.0,0.010981076668925926,1.0,1.0823483057525614
2013-02-19,-0.004743668811378983,0.0,0.0,-0.0,-0.004743668811378983,1.0,1.0772261623325454
2013-02-20,-0.005133857993851933,0.0,0.0,-0.0,-0.005133857993851933,1.0,1.0717100078802209
2013-02-21,0.010605328875202782,0.0,0.0,0.0,0.010605328875202782,1.0,1.083136327817179
2013-02-22,-0.011340893454156686,0.0,0.0,-0.0,-0.011340893454156686,1.0,1.070921985815603
2013-02-25,0.004405293467916418,0.0,0.0,0.0,0.004405293467916418,1.0,1.0756501182033098
2013-02-26,0.009841522844791289,0.0,0.0,0.0,0.009841522844791289,1.0,1.0862884160756503
2013-02-27,0.010463743315954175,0.0,0.0,0.0,0.010463743315954175,1.0,1.0977147360126085
2013-02-28,-0.004316553464974098,0.0,0.0,-0.0,-0.004316553464974098,1.0,1.0929866036249016
2013-03-01,0.004675426607171503,0.0,0.0,0.0,0.004675426607171503,1.0,1.0981087470449176
2013-03-04,0.00964121019238621,0.0,0.0,0.0,0.00964121019238621,1.0,1.108747044917258
2013-03-05,0.004962789342129097,0.0,0.0,0.0,0.004962789342129097,1.0,1.1142631993695828
2013-03-06,0.0,0.0,0.0,0.0,0.0,1.0,1.1142631993695828
2013-03-07,0.004938281640582577,0.0,0.0,0.0,0.004938281640582577,1.0,1.1197793538219074
2013-03-08,-0.0007039775017943805,0.0,0.0,-0.0,-0.0007039775017943805,1.0,1.1189913317572895
2013-03-11,-0.0021149109046259755,0.0,0.0,-0.0,-0.0021149109046259755,1.0,1.1166272655634362
2013-03-12,0.0031706914003740093,0.0,0.0,0.0,0.0031706914003740093,1.0,1.1201733648542163
2013-03-13,0.00035167927213170853,0.0,0.0,0.0,0.00035167927213170853,1.0,1.120567375886525
2013-03-14,-0.004581505811231969,0.0,0.0,-0.0,-0.004581505811231969,1.0,1.1154452324665092
2013-03-15,-0.0031841526991402305,0.0,0.0,-0.0,-0.0031841526991402305,1.0,1.111899133175729
2013-03-18,0.0014164308317135062,0.0,0.0,0.0,0.0014164308317135062,1.0,1.113475177304965
2013-03-19,0.008105771253435505,0.0,0.0,0.0,0.008105771253435505,1.0,1.1225374310480696
2013-03-20,-0.010585843383795672,0.0,0.0,-0.0,-0.010585843383795672,1.0,1.1107171000788025
2013-03-21,0.000709219887883662,0.0,0.0,0.0,0.000709219887883662,1.0,1.1115051221434202
2013-03-22,-0.0035511400954644098,0.0,0.0,-0.0,-0.0035511400954644098,1.0,1.1075650118203313
2013-03-25,0.002487121552093554,0.0,0.0,0.0,0.002487121552093554,1.0,1.1103230890464935
2013-03-26,-0.0007099751806925384,0.0,0.0,-0.0,-0.0007099751806925384,1.0,1.1095350669818758
2013-03-27,0.0028368813351995355,0.0,0.0,0.0,0.0028368813351995355,1.0,1.1126871552403468
2013-03-28,-0.00425834568257708,0.0,0.0,-0.0,-0.00425834568257708,1.0,1.10795902285264
2013-04-01,0.003549879482203777,0.0,0.0,0.0,0.003549879482203777,1.0,1.111899133175729
2013-04-02,-0.00889843921079958,0.0,0.0,-0.0,-0.00889843921079958,1.0,1.1020488573680065
2013-04-03,0.0003574620234667225,0.0,0.0,0.0,0.0003574620234667225,1.0,1.1024428684003154
2013-04-04,0.0007145409378688503,0.0,0.0,0.0,0.0007145409378688503,1.0,1.103230890464933
2013-04-05,0.006053071713077463,0.0,0.0,0.0,0.006053071713077463,1.0,1.1099290780141846
2013-04-08,0.004250803425194568,0.0,0.0,0.0,0.004250803425194568,1.0,1.1146572104018915
2013-04-09,0.009498752157907905,0.0,0.0,0.0,0.009498752157907905,1.0,1.125295508274232
2013-04-10,-0.00035020136936430137,0.0,0.0,-0.0,-0.00035020136936430137,1.0,1.1249014972419233
2013-04-11,-0.0010513405559240232,0.0,0.0,-0.0,-0.0010513405559240232,1.0,1.1237194641449966
2013-04-12,-0.009512137953645259,0.0,0.0,-0.0,-0.009512137953645259,1.0,1.113081166272656
2013-04-15,0.008810629682154906,0.0,0.0,0.0,0.008810629682154906,1.0,1.1229314420803787
2013-04-16,-0.00881062968215492,0.0,0.0,-0.0,-0.00881062968215492,1.0,1.113081166272656
2013-04-17,-0.006392067218658765,0.0,0.0,-0.0,-0.006392067218658765,1.0,1.105988967691096
2013-04-18,0.008513708750017116,0.0,0.0,0.0,0.008513708750017116,1.0,1.1154452324665096
2013-04-19,0.005284493537898204,0.0,0.0,0.0,0.005284493537898204,1.0,1.1213553979511433
2013-04-22,0.009094151518317058,0.0,0.0,0.0,0.009094151518317058,1.0,1.1315996847911747
2013-04-23,0.001739433383433195,0.0,0.0,0.0,0.001739433383433195,1.0,1.1335697399527194
2013-04-24,-0.002784547570183008,0.0,0.0,-0.0,-0.002784547570183008,1.0,1.1304176516942483
2013-04-25,-0.004891693891254252,0.0,0.0,-0.0,-0.004891693891254252,1.0,1.1249014972419236
2013-04-26,0.0017497817237877723,0.0,0.0,0.0,0.0017497817237877723,1.0,1.1268715524034683
2013-04-29,-0.002450552600398288,0.0,0.0,-0.0,-0.002450552600398288,1.0,1.1241134751773059
2013-04-30,-0.008094360576216712,0.0,0.0,-0.0,-0.008094360576216712,1.0,1.115051221434201
2013-05-01,0.01054491317661504,0.0,0.0,0.0,0.01054491317661504,1.0,1.1268715524034683
2013-05-02,0.011126679464757053,0.0,0.0,0.0,0.011126679464757053,1.0,1.1394799054373532
2013-05-03,0.0,0.0,0.0,0.0,0.0,1.0,1.1394799054373532
2013-05-06,0.0017274144906950872,0.0,0.0,0.0,0.0017274144906950872,1.0,1.1414499605988977
2013-05-07,0.0034459027895256066,0.0,0.0,0.0,0.0034459027895256066,1.0,1.1453900709219869
2013-05-08,0.0,0.0,0.0,0.0,0.0,1.0,1.1453900709219869
2013-05-09,0.00924505814405099,0.0,0.0,0.0,0.00924505814405099,1.0,1.1560283687943271
2013-05-10,-0.0003408897254760005,0.0,0.0,-0.0,-0.0003408897254760005,1.0,1.1556343577620183
2013-05-13,0.015561883735831256,0.0,0.0,0.0,0.015561883735831256,1.0,1.1737588652482278
2013-05-14,0.006024114603380876,0.0,0.0,0.0,0.006024114603380876,1.0,1.1808510638297882
2013-05-15,-0.0030075210639553284,0.0,0.0,-0.0,-0.0030075210639553284,1.0,1.177304964539008
2013-05-16,0.019553232733001143,0.0,0.0,0.0,0.019553232733001143,1.0,1.2005516154452334
2013-05-17,0.00032813782082783327,0.0,0.0,0.0,0.00032813782082783327,1.0,1.2009456264775422
2013-05-21,0.0009837679101327482,0.0,0.0,0.0,0.0009837679101327482,1.0,1.202127659574469
2013-05-22,-0.010212574347754378,0.0,0.0,-0.0,-0.010212574347754378,1.0,1.1899133175728929
2013-05-23,0.0009928844105426577,0.0,0.0,0.0,0.0009928844105426577,1.0,1.1910953506698194
2013-05-24,0.002642882278345016,0.0,0.0,0.0,0.002642882278345016,1.0,1.1942474389282907
2013-05-27,0.009522317888623438,0.0,0.0,0.0,0.009522317888623438,1.0,1.205673758865249
2013-05-28,-0.008203491452827791,0.0,0.0,-0.0,-0.008203491452827791,1.0,1.1958234830575263
2013-05-29,0.0006587615521501637,0.0,0.0,0.0,0.0006587615521501637,1.0,1.1966115051221442
2013-05-30,-0.007270355884462989,0.0,0.0,-0.0,-0.007270355884462989,1.0,1.1879432624113484
2013-05-31,-0.007323601308586873,0.0,0.0,-0.0,-0.007323601308586873,1.0,1.1792750197005524
2013-06-03,0.003668505031326488,0.0,0.0,0.0,0.003668505031326488,1.0,1.1836091410559504
2013-06-04,-0.012730490186147947,0.0,0.0,-0.0,-0.012730490186147947,1.0,1.168636721828212
2013-06-05,-0.0037155928576787793,0.0,0.0,-0.0,-0.0037155928576787793,1.0,1.164302600472814
2013-06-06,0.008424649659251623,0.0,0.0,0.0,0.008424649659251623,1.0,1.1741528762805369
2013-06-07,-0.0013431835464676259,0.0,0.0,-0.0,-0.0013431835464676259,1.0,1.1725768321513013
2013-06-10,-0.009113987137706317,0.0,0.0,-0.0,-0.009113987137706317,1.0,1.1619385342789608
2013-06-11,-0.005099450112349137,0.0,0.0,-0.0,-0.005099450112349137,1.0,1.1560283687943274
2013-06-12,0.008822588615179077,0.0,0.0,0.0,0.008822588615179077,1.0,1.1662726556343588
2013-06-13,-0.0027063615977430252,0.0,0.0,-0.0,-0.0027063615977430252,1.0,1.1631205673758875
2013-06-14,0.005405418566907982,0.0,0.0,0.0,0.005405418566907982,1.0,1.16942474389283
2013-06-17,0.010723963362975642,0.0,0.0,0.0,0.010723963362975642,1.0,1.182033096926715
2013-06-18,-0.006018072325563021,0.0,0.0,-0.0,-0.006018072325563021,1.0,1.1749408983451548
2013-06-19,-0.018616208632797906,0.0,0.0,-0.0,-0.018616208632797906,1.0,1.153270291568165
2013-06-20,0.014247188071873985,0.0,0.0,0.0,0.014247188071873985,1.0,1.1698187549251389
2013-06-21,-0.01390559968255766,0.0,0.0,-0.0,-0.01390559968255766,1.0,1.1536643026004738
2013-06-24,0.011545119746541845,0.0,0.0,0.0,0.011545119746541845,1.0,1.1670606776989765
2013-06-25,0.0070647896870043745,0.0,0.0,0.0,0.0070647896870043745,1.0,1.1753349093774634
2013-06-26,0.00434856012236159,0.0,0.0,0.0,0.00434856012236159,1.0,1.1804570527974791
2013-06-27,0.0003337226795530057,0.0,0.0,0.0,0.0003337226795530057,1.0,1.180851063829788
2013-06-28,0.004328290426258216,0.0,0.0,0.0,0.004328290426258216,1.0,1.1859732072498037
2013-07-02,0.0016597514183642492,0.0,0.0,0.0,0.0016597514183642492,1.0,1.1879432624113482
2013-07-03,0.014488234989617618,0.0,0.0,0.0,0.014488234989617618,1.0,1.20527974783294
2013-07-04,-0.0019633514160256205,0.0,0.0,-0.0,-0.0019633514160256205,1.0,1.2029156816390865
2013-07-05,0.006204101532684871,0.0,0.0,0.0,0.006204101532684871,1.0,1.2104018912529555
2013-07-08,0.004546938655543437,0.0,0.0,0.0,0.004546938655543437,1.0,1.2159180457052803
2013-07-09,-0.002595718524281513,0.0,0.0,-0.0,-0.002595718524281513,1.0,1.2127659574468093
2013-07-10,0.0035673785197571986,0.0,0.0,0.0,0.0035673785197571986,1.0,1.217100078802207
2013-07-11,0.0009707167887309609,0.0,0.0,0.0,0.0009707167887309609,1.0,1.218282111899134
2013-07-12,0.0064474755909697265,0.0,0.0,0.0,0.0064474755909697265,1.0,1.2261623325453122
2013-07-15,-0.009038150615062147,0.0,0.0,-0.0,-0.009038150615062147,1.0,1.2151300236406628
2013-07-16,0.00614192976516007,0.0,0.0,0.0,0.00614192976516007,1.0,1.222616233254532
2013-07-17,0.0028962208499019562,0.0,0.0,0.0,0.0028962208499019562,1.0,1.226162332545312
2013-07-18,-0.0009644752395284331,0.0,0.0,-0.0,-0.0009644752395284331,1.0,1.2249802994483854
2013-07-19,0.0016069423351899549,0.0,0.0,0.0,0.0016069423351899549,1.0,1.2269503546099298
2013-07-22,-0.00644332126093223,0.0,0.0,-0.0,-0.00644332126093223,1.0,1.2190701339637517
2013-07-23,-0.0029130947935232317,0.0,0.0,-0.0,-0.0029130947935232317,1.0,1.2155240346729717
2013-07-24,-0.0022716219406637016,0.0,0.0,-0.0,-0.0022716219406637016,1.0,1.2127659574468093
2013-07-25,0.0009741841978434143,0.0,0.0,0.0,0.0009741841978434143,1.0,1.213947990543736
2013-07-26,-0.00357665801542504,0.0,0.0,-0.0,-0.00357665801542504,1.0,1.2096138691883382
2013-07-29,0.004874095758245353,0.0,0.0,0.0,0.004874095758245353,1.0,1.2155240346729717
2013-07-30,-0.0029216057139535615,0.0,0.0,-0.0,-0.0029216057139535615,1.0,1.2119779353821916
2013-07-31,0.019318050844763877,0.0,0.0,0.0,0.019318050844763877,1.0,1.2356185973207259
2013-08-01,0.0022296553272690683,0.0,0.0,0.0,0.0022296553272690683,1.0,1.2383766745468883
2013-08-02,-0.005743474627065751,0.0,0.0,-0.0,-0.005743474627065751,1.0,1.2312844759653279
2013-08-06,0.002237494940191867,0.0,0.0,0.0,0.002237494940191867,1.0,1.2340425531914903
2013-08-07,-0.0051216501200548065,0.0,0.0,-0.0,-0.0051216501200548065,1.0,1.2277383766745478
2013-08-08,-0.007408634305569237,0.0,0.0,-0.0,-0.007408634305569237,1.0,1.2186761229314431
2013-08-09,-0.0009704027932785164,0.0,0.0,-0.0,-0.0009704027932785164,1.0,1.2174940898345163
2013-08-12,0.008379037098847748,0.0,0.0,0.0,0.008379037098847748,1.0,1.2277383766745478
2013-08-13,-0.006439172281021089,0.0,0.0,-0.0,-0.006439172281021089,1.0,1.2198581560283699
2013-08-14,-0.016610054565620366,0.0,0.0,-0.0,-0.016610054565620366,1.0,1.1997635933806157
2013-08-15,0.0006565988417116893,0.0,0.0,0.0,0.0006565988417116893,1.0,1.2005516154452334
2013-08-16,-0.004935032223446757,0.0,0.0,-0.0,-0.004935032223446757,1.0,1.1946414499606
2013-08-19,0.007557124843433376,0.0,0.0,0.0,0.007557124843433376,1.0,1.2037037037037046
2013-08-20,0.005874690524788932,0.0,0.0,0.0,0.005874690524788932,1.0,1.2107959022852648
2013-08-21,0.01003731917262475,0.0,0.0,0.0,0.01003731917262475,1.0,1.223010244286841
2013-08-22,0.00032211306446988024,0.0,0.0,0.0,0.00032211306446988024,1.0,1.22340425531915
2013-08-23,-0.0016116038943415328,0.0,0.0,-0.0,-0.0016116038943415328,1.0,1.2214342001576055
2013-08-26,-0.020202707317519466,0.0,0.0,-0.0,-0.020202707317519466,1.0,1.1970055161544533
2013-08-27,0.005580188449977563,0.0,0.0,0.0,0.005580188449977563,1.0,1.2037037037037048
2013-08-28,0.008150004361924408,0.0,0.0,0.0,0.008150004361924408,1.0,1.2135539795114274
2013-08-29,-0.007495554076785691,0.0,0.0,-0.0,-0.007495554076785691,1.0,1.2044917257683225
2013-08-30,0.005870858349783827,0.0,0.0,0.0,0.005870858349783827,1.0,1.211583924349883
2013-09-03,0.004218730904048475,0.0,0.0,0.0,0.004218730904048475,1.0,1.2167060677698986
2013-09-04,0.0019411199883446481,0.0,0.0,0.0,0.0019411199883446481,1.0,1.219070133963752
2013-09-05,-0.004859883208511152,0.0,0.0,-0.0,-0.004859883208511152,1.0,1.2131599684791183
2013-09-06,0.0019467884149879458,0.0,0.0,0.0,0.0019467884149879458,1.0,1.2155240346729719
2013-09-09,0.00485045413374948,0.0,0.0,0.0,0.00485045413374948,1.0,1.2214342001576055
2013-09-10,-0.00032263268548941566,0.0,0.0,-0.0,-0.00032263268548941566,1.0,1.2210401891252967
2013-09-11,-0.0012915726690517688,0.0,0.0,-0.0,-0.0012915726690517688,1.0,1.2194641449960608
2013-09-12,0.0045132249400573355,0.0,0.0,0.0,0.0045132249400573355,1.0,1.2249802994483856
2013-09-13,0.0035318707447741533,0.0,0.0,0.0,0.0035318707447741533,1.0,1.2293144208037834
2013-09-16,0.0016012813669738276,0.0,0.0,0.0,0.0016012813669738276,1.0,1.231284475965328
2013-09-17,0.00415137112247597,0.0,0.0,0.0,0.00415137112247597,1.0,1.2364066193853436
2013-09-18,0.003499287808046714,0.0,0.0,0.0,0.003499287808046714,1.0,1.2407407407407416
2013-09-19,-0.003818012910346423,0.0,0.0,-0.0,-0.003818012910346423,1.0,1.2360126083530347
2013-09-20,-0.010253213823099011,0.0,0.0,-0.0,-0.010253213823099011,1.0,1.2234042553191498
2013-09-23,-0.00096665063109499,0.0,0.0,-0.0,-0.00096665063109499,1.0,1.2222222222222232
2013-09-24,-0.0019361090268663291,0.0,0.0,-0.0,-0.0019361090268663291,1.0,1.2198581560283699
2013-09-25,0.00032294526358498613,0.0,0.0,0.0,0.00032294526358498613,1.0,1.2202521670606785
2013-09-26,-0.003558147050096648,0.0,0.0,-0.0,-0.003558147050096648,1.0,1.2159180457052807
2013-09-27,-0.005523978303369901,0.0,0.0,-0.0,-0.005523978303369901,1.0,1.2092198581560294
2013-09-30,0.008112976513275324,0.0,0.0,0.0,0.008112976513275324,1.0,1.219070133963752
2013-10-01,0.0006462035766063014,0.0,0.0,0.0,0.0006462035766063014,1.0,1.2198581560283699
2013-10-02,-0.006155859387575955,0.0,0.0,-0.0,-0.006155859387575955,1.0,1.2123719464145006
2013-10-03,0.0019480525641084742,0.0,0.0,0.0,0.0019480525641084742,1.0,1.214736012608354
2013-10-04,-0.0048772653990035,0.0,0.0,-0.0,-0.0048772653990035,1.0,1.2088258471237205
2013-10-07,-0.0065402456806098784,0.0,0.0,-0.0,-0.0065402456806098784,1.0,1.2009456264775424
2013-10-08,0.0019665689720408473,0.0,0.0,0.0,0.0019665689720408473,1.0,1.2033096926713958
2013-10-09,0.02041879398875942,0.0,0.0,0.0,0.02041879398875942,1.0,1.228132387706857
2013-10-10,0.002563282403164632,0.0,0.0,0.0,0.002563282403164632,1.0,1.231284475965328
2013-10-11,0.0012791814983802124,0.0,0.0,0.0,0.0012791814983802124,1.0,1.2328605200945635
2013-10-15,0.006371477432142384,0.0,0.0,0.0,0.006371477432142384,1.0,1.2407407407407416
2013-10-16,0.004436002204624108,0.0,0.0,0.0,0.004436002204624108,1.0,1.2462568951930661
2013-10-17,0.006617323658624877,0.0,0.0,0.0,0.006617323658624877,1.0,1.2545311268715533
2013-10-18,-0.000314119682180801,0.0,0.0,-0.0,-0.000314119682180801,1.0,1.2541371158392443
2013-10-21,0.006575880906156959,0.0,0.0,0.0,0.006575880906156959,1.0,1.2624113475177312
2013-10-22,0.0043600193640788,0.0,0.0,0.0,0.0043600193640788,1.0,1.267927501970056
2013-10-23,0.007738778754989406,0.0,0.0,0.0,0.007738778754989406,1.0,1.2777777777777786
2013-10-24,0.004614682854672462,0.0,0.0,0.0,0.004614682854672462,1.0,1.2836879432624122
2013-10-25,0.0018399269220072951,0.0,0.0,0.0,0.0018399269220072951,1.0,1.2860520094562657
2013-10-28,0.00641321483471318,0.0,0.0,0.0,0.00641321483471318,1.0,1.2943262411347527
2013-10-29,-0.0021331716149358584,0.0,0.0,-0.0,-0.0021331716149358584,1.0,1.2915681639085903
2013-10-30,-0.0064269540275415,0.0,0.0,-0.0,-0.0064269540275415,1.0,1.2832939322301034
2013-10-31,-0.0006142506335639772,0.0,0.0,-0.0,-0.0006142506335639772,1.0,1.2825059101654854
2013-11-01,0.003373718887740871,0.0,0.0,0.0,0.003373718887740871,1.0,1.2868400315208834
2013-11-04,0.004277427847778979,0.0,0.0,0.0,0.004277427847778979,1.0,1.292356185973208
2013-11-05,-0.0021364268770089636,0.0,0.0,-0.0,-0.0021364268770089636,1.0,1.2895981087470456
2013-11-06,-0.008591645362989932,0.0,0.0,-0.0,-0.008591645362989932,1.0,1.2785657998423965
2013-11-07,0.01377221462122709,0.0,0.0,0.0,0.01377221462122709,1.0,1.2962962962962972
2013-11-08,0.0015186031771900596,0.0,0.0,0.0,0.0015186031771900596,1.0,1.2982663514578416
2013-11-11,-0.001214697993267833,0.0,0.0,-0.0,-0.001214697993267833,1.0,1.2966903073286058
2013-11-12,0.0030339829098530524,0.0,0.0,0.0,0.0030339829098530524,1.0,1.3006304176516947
2013-11-13,0.009347271433540444,0.0,0.0,0.0,0.009347271433540444,1.0,1.312844759653271
2013-11-14,0.0014994754646405668,0.0,0.0,0.0,0.0014994754646405668,1.0,1.3148148148148153
2013-11-15,-0.0054086670313994055,0.0,0.0,-0.0,-0.0054086670313994055,1.0,1.3077226162332551
2013-11-18,0.002106848032898461,0.0,0.0,0.0,0.002106848032898461,1.0,1.3104806934594175
2013-11-19,-0.005426603609291045,0.0,0.0,-0.0,-0.005426603609291045,1.0,1.3033884948778574
2013-11-20,0.015597196813667988,0.0,0.0,0.0,0.015597196813667988,1.0,1.3238770685579204
2013-11-21,0.004454350349380153,0.0,0.0,0.0,0.004454350349380153,1.0,1.3297872340425538
2013-11-22,0.001480385170434203,0.0,0.0,0.0,0.001480385170434203,1.0,1.331757289204098
2013-11-25,-0.0005918911093189524,0.0,0.0,-0.0,-0.0005918911093189524,1.0,1.3309692671394806
2013-11-26,0.007961121215867199,0.0,0.0,0.0,0.007961121215867199,1.0,1.3416075650118207
2013-11-27,0.0026396847707732454,0.0,0.0,0.0,0.0026396847707732454,1.0,1.345153664302601
2013-11-28,-0.0011723330768234393,0.0,0.0,-0.0,-0.0011723330768234393,1.0,1.3435776201733654
2013-11-29,-0.00029329813965933346,0.0,0.0,-0.0,-0.00029329813965933346,1.0,1.3431836091410565
2013-12-02,-0.0035263039773192942,0.0,0.0,-0.0,-0.0035263039773192942,1.0,1.3384554767533494
2013-12-03,0.004112814258061778,0.0,0.0,0.0,0.004112814258061778,1.0,1.343971631205674
2013-12-04,-0.008538252960120094,0.0,0.0,-0.0,-0.008538252960120094,1.0,1.3325453112687158
2013-12-05,0.011173300598125255,0.0,0.0,0.0,0.011173300598125255,1.0,1.3475177304964543
2013-12-06,0.00029235492095380593,0.0,0.0,0.0,0.00029235492095380593,1.0,1.3479117415287631
2013-12-09,-0.004981695284339976,0.0,0.0,-0.0,-0.004981695284339976,1.0,1.3412135539795116
2013-12-10,-0.013010236736014775,0.0,0.0,-0.0,-0.013010236736014775,1.0,1.32387706855792
2013-12-11,0.002081166203824671,0.0,0.0,0.0,0.002081166203824671,1.0,1.3266351457840824
2013-12-12,-0.0056589875517086986,0.0,0.0,-0.0,-0.0056589875517086986,1.0,1.3191489361702131
2013-12-13,0.005658987551708664,0.0,0.0,0.0,0.005658987551708664,1.0,1.3266351457840824
2013-12-16,-0.0005941770822464334,0.0,0.0,-0.0,-0.0005941770822464334,1.0,1.3258471237194644
2013-12-17,0.023786175009046884,0.0,0.0,0.0,0.023786175009046884,1.0,1.357762017336486
2013-12-18,-0.0029061339837290028,0.0,0.0,-0.0,-0.0029061339837290028,1.0,1.3538219070133968
2013-12-19,0.004066226921259575,0.0,0.0,0.0,0.004066226921259575,1.0,1.3593380614657216
2013-12-20,0.0,0.0,0.0,0.0,0.0,1.0,1.3593380614657216
2013-12-23,0.003761034377016617,0.0,0.0,0.0,0.003761034377016617,1.0,1.3644602048857375
2013-12-24,0.009484192373004158,0.0,0.0,0.0,0.009484192373004158,1.0,1.3774625689519313
2013-12-27,-0.006600684031352136,0.0,0.0,-0.0,-0.006600684031352136,1.0,1.3684003152088264
2013-12-30,0.0014386421701544536,0.0,0.0,0.0,0.0014386421701544536,1.0,1.3703703703703711
2013-12-31,-0.0034562246386771007,0.0,0.0,-0.0,-0.0034562246386771007,1.0,1.365642237982664
2014-01-02,-0.0031787340737811426,0.0,0.0,-0.0,-0.0031787340737811426,1.0,1.361308116627266
2014-01-03,-0.0011584131037668498,0.0,0.0,-0.0,-0.0011584131037668498,1.0,1.3597320724980304
2014-01-06,0.018090945649039264,0.0,0.0,0.0,0.018090945649039264,1.0,1.3845547675334917
2014-01-07,0.001990050408010009,0.0,0.0,0.0,0.001990050408010009,1.0,1.387312844759654
2014-01-08,0.005099161190410934,0.0,0.0,0.0,0.005099161190410934,1.0,1.3944050433412143
2014-01-09,0.005354387880317058,0.0,0.0,0.0,0.005354387880317058,1.0,1.4018912529550835
2014-01-10,-0.016721375858092358,0.0,0.0,-0.0,-0.016721375858092358,1.0,1.3786446020488583
2014-01-13,0.019528001332211938,0.0,0.0,0.0,0.019528001332211938,1.0,1.4058313632781727
2014-01-14,0.005589729478786812,0.0,0.0,0.0,0.005589729478786812,1.0,1.4137115839243508
2014-01-15,-0.004749275584238382,0.0,0.0,-0.0,-0.004749275584238382,1.0,1.4070133963750995
2014-01-16,0.0022377631715772956,0.0,0.0,0.0,0.0022377631715772956,1.0,1.4101654846335705
2014-01-17,-0.0013980150466523526,0.0,0.0,-0.0,-0.0013980150466523526,1.0,1.4081954294720262
2014-01-20,0.0039095274593133125,0.0,0.0,0.0,0.0039095274593133125,1.0,1.4137115839243508
2014-01-21,0.01108658805634055,0.0,0.0,0.0,0.01108658805634055,1.0,1.429472025216707
2014-01-22,-0.007747686790825938,0.0,0.0,-0.0,-0.007747686790825938,1.0,1.4184397163120577
2014-01-23,-0.022472855852058514,0.0,0.0,-0.0,-0.022472855852058514,1.0,1.3869188337273453
2014-01-24,0.0005680204640086013,0.0,0.0,0.0,0.0005680204640086013,1.0,1.387706855791963
2014-01-27,0.007636863590345191,0.0,0.0,0.0,0.007636863590345191,1.0,1.3983451536643037
2014-01-28,-0.008773227348993018,0.0,0.0,-0.0,-0.008773227348993018,1.0,1.3861308116627278
2014-01-29,0.011867898548572751,0.0,0.0,0.0,0.011867898548572751,1.0,1.4026792750197017
2014-01-30,-0.011015504691023673,0.0,0.0,-0.0,-0.011015504691023673,1.0,1.3873128447596543
2014-01-31,-0.026476366692132165,0.0,0.0,-0.0,-0.026476366692132165,1.0,1.351063829787235
2014-02-03,0.004655230984838794,0.0,0.0,0.0,0.004655230984838794,1.0,1.357368006304178
2014-02-04,0.0005803830691063254,0.0,0.0,0.0,0.0005803830691063254,1.0,1.3581560283687957
2014-02-05,0.010389703849135868,0.0,0.0,0.0,0.010389703849135868,1.0,1.3723404255319163
2014-02-06,0.011702716690069098,0.0,0.0,0.0,0.011702716690069098,1.0,1.3884948778565815
2014-02-07,0.0022675746677805605,0.0,0.0,0.0,0.0022675746677805605,1.0,1.3916469661150528
2014-02-10,0.00789626212222554,0.0,0.0,0.0,0.00789626212222554,1.0,1.4026792750197024
2014-02-11,-0.001968227825049056,0.0,0.0,-0.0,-0.001968227825049056,1.0,1.39992119779354
2014-02-12,0.004212897678872941,0.0,0.0,0.0,0.004212897678872941,1.0,1.4058313632781736
2014-02-13,0.005589729478786812,0.0,0.0,0.0,0.005589729478786812,1.0,1.4137115839243517
2014-02-14,-0.001394505873733017,0.0,0.0,-0.0,-0.001394505873733017,1.0,1.411741528762807
2014-02-18,0.00501114634392145,0.0,0.0,0.0,0.00501114634392145,1.0,1.4188337273443674
2014-02-19,0.00939752631874457,0.0,0.0,0.0,0.00939752631874457,1.0,1.4322301024428703
2014-02-20,0.002198407040943947,0.0,0.0,0.0,0.002198407040943947,1.0,1.4353821907013413
2014-02-21,-0.0005491488331304612,0.0,0.0,-0.0,-0.0005491488331304612,1.0,1.4345941686367234
2014-02-24,-0.0013741928780639202,0.0,0.0,-0.0,-0.0013741928780639202,1.0,1.4326241134751792
2014-02-25,0.0032948958968524846,0.0,0.0,0.0,0.0032948958968524846,1.0,1.4373522458628858
2014-02-26,0.006829694625445275,0.0,0.0,0.0,0.006829694625445275,1.0,1.4472025216706084
2014-02-27,-0.0029993205852112477,0.0,0.0,-0.0,-0.0029993205852112477,1.0,1.4428684003152106
2014-02-28,-0.008225985513272019,0.0,0.0,-0.0,-0.008225985513272019,1.0,1.4310480693459435
2014-03-03,0.01881959266497192,0.0,0.0,0.0,0.01881959266497192,1.0,1.4582348305752577
2014-03-04,-0.005690301223179418,0.0,0.0,-0.0,-0.005690301223179418,1.0,1.4499605988967705
2014-03-05,-0.0016317653879055589,0.0,0.0,-0.0,-0.0016317653879055589,1.0,1.4475965327029172
2014-03-06,0.008132329990998955,0.0,0.0,0.0,0.008132329990998955,1.0,1.4594168636721843
2014-03-07,0.0013489817235209335,0.0,0.0,0.0,0.0013489817235209335,1.0,1.461386918833729
2014-03-10,-0.004323162637027674,0.0,0.0,-0.0,-0.004323162637027674,1.0,1.4550827423167865
2014-03-11,-0.001354830176078703,0.0,0.0,-0.0,-0.001354830176078703,1.0,1.453112687155242
2014-03-12,-0.014750335720367914,0.0,0.0,-0.0,-0.014750335720367914,1.0,1.4318360914105612
2014-03-13,0.0005502063412529128,0.0,0.0,0.0,0.0005502063412529128,1.0,1.432624113475179
2014-03-14,0.005485477276671278,0.0,0.0,0.0,0.005485477276671278,1.0,1.440504334121357
2014-03-17,0.015201161332050338,0.0,0.0,0.0,0.015201161332050338,1.0,1.4625689519306555
2014-03-18,0.004032805573167472,0.0,0.0,0.0,0.004032805573167472,1.0,1.4684791174152894
2014-03-19,0.005084983524775254,0.0,0.0,0.0,0.005084983524775254,1.0,1.4759653270291584
2014-03-20,-0.005353331842500152,0.0,0.0,-0.0,-0.005353331842500152,1.0,1.4680851063829803
2014-03-21,-0.0105221529273893,0.0,0.0,-0.0,-0.0105221529273893,1.0,1.452718676122933
2014-03-24,0.000813338800428281,0.0,0.0,0.0,0.000813338800428281,1.0,1.4539007092198595
2014-03-25,-0.012270092591814247,0.0,0.0,-0.0,-0.012270092591814247,1.0,1.436170212765959
2014-03-26,-0.008541173290584741,0.0,0.0,-0.0,-0.008541173290584741,1.0,1.423955870764383
2014-03-27,0.005793918815445919,0.0,0.0,0.0,0.005793918815445919,1.0,1.4322301024428699
2014-03-28,0.009310034387662123,0.0,0.0,0.0,0.009310034387662123,1.0,1.4456264775413723
2014-03-31,0.005165160321202465,0.0,0.0,0.0,0.005165160321202465,1.0,1.4531126871552418
2014-04-01,0.00297820715596949,0.0,0.0,0.0,0.00297820715596949,1.0,1.4574468085106396
2014-04-02,-0.0016233769798908598,0.0,0.0,-0.0,-0.0016233769798908598,1.0,1.455082742316786
2014-04-03,-0.016105165896446606,0.0,0.0,-0.0,-0.016105165896446606,1.0,1.4318360914105608
2014-04-04,-0.01051185336460563,0.0,0.0,-0.0,-0.01051185336460563,1.0,1.4168636721828223
2014-04-07,-0.0033426214966897263,0.0,0.0,-0.0,-0.0033426214966897263,1.0,1.4121355397951156
2014-04-08,0.007782140442054729,0.0,0.0,0.0,0.007782140442054729,1.0,1.4231678486997645
2014-04-09,-0.01393945068726904,0.0,0.0,-0.0,-0.01393945068726904,1.0,1.4034672970843194
2014-04-10,-0.006195457721786758,0.0,0.0,-0.0,-0.006195457721786758,1.0,1.3947990543735236
2014-04-11,0.001129305597151487,0.0,0.0,0.0,0.001129305597151487,1.0,1.3963750985027592
2014-04-14,0.012338911453715318,0.0,0.0,0.0,0.012338911453715318,1.0,1.4137115839243513
2014-04-15,0.013564221808302088,0.0,0.0,0.0,0.013564221808302088,1.0,1.4330181245074873
2014-04-16,0.0024715102516194402,0.0,0.0,0.0,0.0024715102516194402,1.0,1.4365642237982676
2014-04-17,0.0027389773354322177,0.0,0.0,0.0,0.0027389773354322177,1.0,1.4405043341213566
2014-04-21,0.005999472590225682,0.0,0.0,0.0,0.005999472590225682,1.0,1.4491725768321524
2014-04-22,-0.0008159935173294136,0.0,0.0,-0.0,-0.0008159935173294136,1.0,1.4479905437352256
2014-04-23,0.0002720718286405469,0.0,0.0,0.0,0.0002720718286405469,1.0,1.4483845547675342
2014-04-24,-0.006276456680295133,0.0,0.0,-0.0,-0.006276456680295133,1.0,1.4393223010244296
2014-04-25,-0.0027412297867187474,0.0,0.0,-0.0,-0.0027412297867187474,1.0,1.4353821907013404
2014-04-28,0.0021935846470730624,0.0,0.0,0.0,0.0021935846470730624,1.0,1.4385342789598117
2014-04-29,0.003554344138384176,0.0,0.0,0.0,0.003554344138384176,1.0,1.4436564223798276
2014-04-30,0.0,0.0,0.0,0.0,0.0,1.0,1.4436564223798276
2014-05-01,0.00027288852673086346,0.0,0.0,0.0,0.00027288852673086346,1.0,1.4440504334121365
2014-05-02,0.0,0.0,0.0,0.0,0.0,1.0,1.4440504334121365
2014-05-05,-0.014013143168578037,0.0,0.0,-0.0,-0.014013143168578037,1.0,1.4239558707643822
2014-05-06,0.0030390961366013806,0.0,0.0,0.0,0.0030390961366013806,1.0,1.4282899921197802
2014-05-07,-0.0052551635255124836,0.0,0.0,-0.0,-0.0052551635255124836,1.0,1.4208037825059112
2014-05-08,0.006908967651073199,0.0,0.0,0.0,0.006908967651073199,1.0,1.4306540583136338
2014-05-09,0.010956012082498377,0.0,0.0,0.0,0.010956012082498377,1.0,1.4464144996059898
2014-05-12,0.0019050216674321144,0.0,0.0,0.0,0.0019050216674321144,1.0,1.4491725768321522
2014-05-13,-0.006273032980387607,0.0,0.0,-0.0,-0.006273032980387607,1.0,1.440110323089047
2014-05-14,-0.010451140231780847,0.0,0.0,-0.0,-0.010451140231780847,1.0,1.425137903861309
2014-05-15,0.0019334352107719232,0.0,0.0,0.0,0.0019334352107719232,1.0,1.4278959810874712
2014-05-16,0.001103144072157168,0.0,0.0,0.0,0.001103144072157168,1.0,1.4294720252167066
2014-05-20,0.010419617164622965,0.0,0.0,0.0,0.010419617164622965,1.0,1.4444444444444449
2014-05-21,0.0005454049767051708,0.0,0.0,0.0,0.0005454049767051708,1.0,1.4452324665090628
2014-05-22,0.001906578270581669,0.0,0.0,0.0,0.001906578270581669,1.0,1.4479905437352252
2014-05-23,-0.0010890281501026967,0.0,0.0,-0.0,-0.0010890281501026967,1.0,1.4464144996059896
2014-05-26,0.0059750313557288045,0.0,0.0,0.0,0.0059750313557288045,1.0,1.4550827423167854
2014-05-27,0.0002707459066221031,0.0,0.0,0.0,0.0002707459066221031,1.0,1.4554767533490944
2014-05-28,0.0013526310732688152,0.0,0.0,0.0,0.0013526310732688152,1.0,1.4574468085106391
2014-05-29,0.002430134853291669,0.0,0.0,0.0,0.002430134853291669,1.0,1.460992907801419
2014-05-30,0.0064516352814888165,0.0,0.0,0.0,0.0064516352814888165,1.0,1.470449172576833
2014-06-02,0.0010712373814988586,0.0,0.0,0.0,0.0010712373814988586,1.0,1.4720252167060688
2014-06-03,0.004806417797720814,0.0,0.0,0.0,0.004806417797720814,1.0,1.479117415287629
2014-06-04,0.005048502817856278,0.0,0.0,0.0,0.005048502817856278,1.0,1.486603624901498
2014-06-05,0.003967734341658456,0.0,0.0,0.0,0.003967734341658456,1.0,1.4925137903861316
2014-06-06,-0.00026402640417412385,0.0,0.0,-0.0,-0.00026402640417412385,1.0,1.4921197793538228
2014-06-09,-0.00026409613252662435,0.0,0.0,-0.0,-0.00026409613252662435,1.0,1.491725768321514
2014-06-10,-0.006625173298931727,0.0,0.0,-0.0,-0.006625173298931727,1.0,1.4818754925137911
2014-06-11,-0.010155084597619539,0.0,0.0,-0.0,-0.010155084597619539,1.0,1.4669030732860528
2014-06-12,0.003218023694200793,0.0,0.0,0.0,0.003218023694200793,1.0,1.4716312056737597
2014-06-13,0.0010703774101960954,0.0,0.0,0.0,0.0010703774101960954,1.0,1.4732072498029953
2014-06-16,0.004536365351039898,0.0,0.0,0.0,0.004536365351039898,1.0,1.4799054373522469
2014-06-17,0.006104863021335344,0.0,0.0,0.0,0.006104863021335344,1.0,1.4889676910953515
2014-06-18,-0.0029150676532353013,0.0,0.0,-0.0,-0.0029150676532353013,1.0,1.4846335697399535
2014-06-19,-0.0026574557228431074,0.0,0.0,-0.0,-0.0026574557228431074,1.0,1.4806934594168644
2014-06-20,-0.0074786673355494585,0.0,0.0,-0.0,-0.0074786673355494585,1.0,1.469661150512215
2014-06-23,-0.0037604127041321587,0.0,0.0,-0.0,-0.0037604127041321587,1.0,1.4641449960598902
2014-06-24,0.0024190308799309336,0.0,0.0,0.0,0.0024190308799309336,1.0,1.4676910953506708
2014-06-25,-0.0034960369075688123,0.0,0.0,-0.0,-0.0034960369075688123,1.0,1.4625689519306548
2014-06-26,-0.0032379952737753384,0.0,0.0,-0.0,-0.0032379952737753384,1.0,1.457840819542948
2014-06-27,0.0026990569691649835,0.0,0.0,0.0,0.0026990569691649835,1.0,1.461780929866037
2014-06-30,0.006715941965436809,0.0,0.0,0.0,0.006715941965436809,1.0,1.4716312056737595
2014-07-02,0.0010703774101960954,0.0,0.0,0.0,0.0010703774101960954,1.0,1.4732072498029953
2014-07-03,0.0034708351490016173,0.0,0.0,0.0,0.0034708351490016173,1.0,1.478329393223011
2014-07-04,-0.0016004271220814827,0.0,0.0,-0.0,-0.0016004271220814827,1.0,1.4759653270291575
2014-07-07,-0.0064274458018377814,0.0,0.0,-0.0,-0.0064274458018377814,1.0,1.4665090622537438
2014-07-08,0.001342462277062489,0.0,0.0,0.0,0.001342462277062489,1.0,1.4684791174152885
2014-07-09,-0.0032249423273990104,0.0,0.0,-0.0,-0.0032249423273990104,1.0,1.4637509850275814
2014-07-10,0.008576841641827926,0.0,0.0,0.0,0.008576841641827926,1.0,1.4763593380614666
2014-07-11,0.003729359676649021,0.0,0.0,0.0,0.003729359676649021,1.0,1.4818754925137911
2014-07-14,0.001859477225917292,0.0,0.0,0.0,0.001859477225917292,1.0,1.4846335697399535
2014-07-15,0.0026504123652011284,0.0,0.0,0.0,0.0026504123652011284,1.0,1.4885736800630425
2014-07-16,-0.010644060045946667,0.0,0.0,-0.0,-0.010644060045946667,1.0,1.4728132387706865
2014-07-17,0.007728219676532959,0.0,0.0,0.0,0.007728219676532959,1.0,1.4842395587076447
2014-07-18,-0.0018599713081008855,0.0,0.0,-0.0,-0.0018599713081008855,1.0,1.4814814814814825
2014-07-21,0.004775811677514683,0.0,0.0,0.0,0.004775811677514683,1.0,1.4885736800630427
2014-07-22,0.00211528370781322,0.0,0.0,0.0,0.00211528370781322,1.0,1.491725768321514
2014-07-23,0.002374358060462297,0.0,0.0,0.0,0.002374358060462297,1.0,1.4952718676122942
2014-07-24,0.0,0.0,0.0,0.0,0.0,1.0,1.4952718676122942
2014-07-25,-0.0002635393347709328,0.0,0.0,-0.0,-0.0002635393347709328,1.0,1.4948778565799852
2014-07-28,0.0052576356654049795,0.0,0.0,0.0,0.0052576356654049795,1.0,1.5027580772261635
2014-07-29,0.00026215755819300923,0.0,0.0,0.0,0.00026215755819300923,1.0,1.5031520882584724
2014-07-30,-0.020122468741443647,0.0,0.0,-0.0,-0.020122468741443647,1.0,1.4732072498029956
2014-07-31,-0.0008026756283805144,0.0,0.0,-0.0,-0.0008026756283805144,1.0,1.472025216706069
2014-08-01,0.000267630136750713,0.0,0.0,0.0,0.000267630136750713,1.0,1.4724192277383779
2014-08-05,-0.003484791088526044,0.0,0.0,-0.0,-0.003484791088526044,1.0,1.4672970843183624
2014-08-06,-0.007006226449887664,0.0,0.0,-0.0,-0.007006226449887664,1.0,1.4570527974783307
2014-08-07,0.017424378646367353,0.0,0.0,0.0,0.017424378646367353,1.0,1.48266351457841
2014-08-08,-0.0007975542094971329,0.0,0.0,-0.0,-0.0007975542094971329,1.0,1.481481481481483
2014-08-11,-0.0013306721857051726,0.0,0.0,-0.0,-0.0013306721857051726,1.0,1.4795114263199385
2014-08-12,0.005841758514221878,0.0,0.0,0.0,0.005841758514221878,1.0,1.4881796690307345
2014-08-13,0.003172088306143979,0.0,0.0,0.0,0.003172088306143979,1.0,1.4929078014184414
2014-08-14,-0.0010562451470516284,0.0,0.0,-0.0,-0.0010562451470516284,1.0,1.4913317572892058
2014-08-15,0.007370393986014671,0.0,0.0,0.0,0.007370393986014671,1.0,1.5023640661938553
2014-08-18,0.011473398350663994,0.0,0.0,0.0,0.011473398350663994,1.0,1.5197005516154471
2014-08-19,0.0031063964922851553,0.0,0.0,0.0,0.0031063964922851553,1.0,1.524428684003154
2014-08-20,0.003096776668393484,0.0,0.0,0.0,0.003096776668393484,1.0,1.5291568163908609
2014-08-21,-0.0028383453450788274,0.0,0.0,-0.0,-0.0028383453450788274,1.0,1.524822695035463
2014-08-22,0.008234735159229104,0.0,0.0,0.0,0.008234735159229104,1.0,1.537431048069348
2014-08-25,-0.0020523352509116306,0.0,0.0,-0.0,-0.0020523352509116306,1.0,1.5342789598108766
2014-08-26,-0.00851068966790862,0.0,0.0,-0.0,-0.00851068966790862,1.0,1.5212765957446828
2014-08-27,-0.0015552102668065855,0.0,0.0,-0.0,-0.0015552102668065855,1.0,1.5189125295508292
2014-08-28,0.00465839351732231,0.0,0.0,0.0,0.00465839351732231,1.0,1.5260047281323896
2014-08-29,0.005407506417392934,0.0,0.0,0.0,0.005407506417392934,1.0,1.5342789598108768
2014-09-02,-0.0051493419652036704,0.0,0.0,-0.0,-0.0051493419652036704,1.0,1.526398739164699
2014-09-03,-0.00232588294541892,0.0,0.0,-0.0,-0.00232588294541892,1.0,1.5228526398739186
2014-09-04,0.004131170347384157,0.0,0.0,0.0,0.004131170347384157,1.0,1.5291568163908613
2014-09-05,0.007700243386607787,0.0,0.0,0.0,0.007700243386607787,1.0,1.5409771473601286
2014-09-08,-0.006412744818128737,0.0,0.0,-0.0,-0.006412744818128737,1.0,1.5311268715524058
2014-09-09,0.0,0.0,0.0,0.0,0.0,1.0,1.5311268715524058
2014-09-10,0.009986000279123337,0.0,0.0,0.0,0.009986000279123337,1.0,1.546493301812453
2014-09-11,-0.0007646234602172852,0.0,0.0,-0.0,-0.0007646234602172852,1.0,1.5453112687155262
2014-09-12,-0.004600059223308454,0.0,0.0,-0.0,-0.004600059223308454,1.0,1.538219070133966
2014-09-15,0.000512163903641298,0.0,0.0,0.0,0.000512163903641298,1.0,1.539007092198584
2014-09-16,0.005107263399782084,0.0,0.0,0.0,0.005107263399782084,1.0,1.546887312844762
2014-09-17,-0.0007644286268538146,0.0,0.0,-0.0,-0.0007644286268538146,1.0,1.5457052797478352
2014-09-18,0.0,0.0,0.0,0.0,0.0,1.0,1.5457052797478352
2014-09-19,-0.005367425026495927,0.0,0.0,-0.0,-0.005367425026495927,1.0,1.5374310480693483
2014-09-22,-0.0017955628782079327,0.0,0.0,-0.0,-0.0017955628782079327,1.0,1.5346729708431859
2014-09-23,0.006142839894782792,0.0,0.0,0.0,0.006142839894782792,1.0,1.5441292356185996
2014-09-24,-0.010001365582312396,0.0,0.0,-0.0,-0.010001365582312396,1.0,1.5287628053585522
2014-09-25,0.012040621960690672,0.0,0.0,0.0,0.012040621960690672,1.0,1.547281323877071
2014-09-26,-0.0035714323675971335,0.0,0.0,-0.0,-0.0035714323675971335,1.0,1.5417651694247465
2014-09-29,0.003826047263943957,0.0,0.0,0.0,0.003826047263943957,1.0,1.54767533490938
2014-09-30,-0.016945206485896886,0.0,0.0,-0.0,-0.016945206485896886,1.0,1.521670606776992
2014-10-01,-0.0018141769910299489,0.0,0.0,-0.0,-0.0018141769910299489,1.0,1.5189125295508297
2014-10-02,0.020793972174714324,0.0,0.0,0.0,0.020793972174714324,1.0,1.5508274231678512
2014-10-03,-0.014329825554824968,0.0,0.0,-0.0,-0.014329825554824968,1.0,1.5287628053585525
2014-10-06,-0.011404996613990245,0.0,0.0,-0.0,-0.011404996613990245,1.0,1.5114263199369606
2014-10-07,0.011662695365577479,0.0,0.0,0.0,0.011662695365577479,1.0,1.5291568163908613
2014-10-08,-0.013228049194214721,0.0,0.0,-0.0,-0.013228049194214721,1.0,1.509062253743107
2014-10-09,-0.008390190802460439,0.0,0.0,-0.0,-0.008390190802460439,1.0,1.4964539007092221
2014-10-10,-0.006869247618883047,0.0,0.0,-0.0,-0.006869247618883047,1.0,1.4862096138691907
2014-10-14,-0.012001744274089583,0.0,0.0,-0.0,-0.012001744274089583,1.0,1.46847911741529
2014-10-15,-0.0005367686655985835,0.0,0.0,-0.0,-0.0005367686655985835,1.0,1.467691095350672
2014-10-16,0.01465715779997344,0.0,0.0,0.0,0.01465715779997344,1.0,1.489361702127662
2014-10-17,0.009478743954543739,0.0,0.0,0.0,0.009478743954543739,1.0,1.5035460992907825
2014-10-20,0.01353482400500798,0.0,0.0,0.0,0.01353482400500798,1.0,1.5240346729708458
2014-10-21,-0.0051840447875879546,0.0,0.0,-0.0,-0.0051840447875879546,1.0,1.5161544523246675
2014-10-22,0.009826818151788246,0.0,0.0,0.0,0.009826818151788246,1.0,1.531126871552406
2014-10-23,0.0074349784875179905,0.0,0.0,0.0,0.0074349784875179905,1.0,1.542553191489364
2014-10-24,-0.0002554604688818787,0.0,0.0,-0.0,-0.0002554604688818787,1.0,1.5421591804570554
2014-10-27,0.004842624475787991,0.0,0.0,0.0,0.004842624475787991,1.0,1.5496453900709244
2014-10-28,0.0025393614458177837,0.0,0.0,0.0,0.0025393614458177837,1.0,1.5535855003940138
2014-10-29,0.004049613228503566,0.0,0.0,0.0,0.004049613228503566,1.0,1.5598896769109565
2014-10-30,0.01975805176665207,0.0,0.0,0.0,0.01975805176665207,1.0,1.5910165484633598
2014-10-31,0.007401958295667739,0.0,0.0,0.0,0.007401958295667739,1.0,1.6028368794326269
2014-11-03,0.0012283504799618697,0.0,0.0,0.0,0.0012283504799618697,1.0,1.6048069345941713
2014-11-04,0.00465401942310458,0.0,0.0,0.0,0.00465401942310458,1.0,1.6122931442080406
2014-11-05,0.007789718065333437,0.0,0.0,0.0,0.007789718065333437,1.0,1.6249014972419256
2014-11-06,-0.008278596100003172,0.0,0.0,-0.0,-0.008278596100003172,1.0,1.6115051221434227
2014-11-07,0.006822638550887337,0.0,0.0,0.0,0.006822638550887337,1.0,1.622537431048072
2014-11-10,-0.0026747736311761973,0.0,0.0,-0.0,-0.0026747736311761973,1.0,1.618203309692674
2014-11-11,-0.0021937851577135507,0.0,0.0,-0.0,-0.0021937851577135507,1.0,1.614657210401894
2014-11-12,0.006324516338005563,0.0,0.0,0.0,0.006324516338005563,1.0,1.6249014972419256
2014-11-13,-0.00876771325331015,0.0,0.0,-0.0,-0.00876771325331015,1.0,1.610717100078805
2014-11-14,0.0026871886207971217,0.0,0.0,0.0,0.0026871886207971217,1.0,1.6150512214342028
2014-11-17,0.006080524632513005,0.0,0.0,0.0,0.006080524632513005,1.0,1.6249014972419256
2014-11-18,0.0031473213245609417,0.0,0.0,0.0,0.0031473213245609417,1.0,1.6300236406619413
2014-11-19,-0.0021778593000127047,0.0,0.0,-0.0,-0.0021778593000127047,1.0,1.6264775413711614
2014-11-20,-0.0019398648178265917,0.0,0.0,-0.0,-0.0019398648178265917,1.0,1.62332545311269
2014-11-21,0.008940496909065222,0.0,0.0,0.0,0.008940496909065222,1.0,1.6379038613081194
2014-11-24,-0.0036148972971079734,0.0,0.0,-0.0,-0.0036148972971079734,1.0,1.6319936958234857
2014-11-25,0.0007240256138659976,0.0,0.0,0.0,0.0007240256138659976,1.0,1.6331757289204127
2014-11-26,0.01032050442103221,0.0,0.0,0.0,0.01032050442103221,1.0,1.6501182033096957
2014-11-27,0.004526511600093383,0.0,0.0,0.0,0.004526511600093383,1.0,1.6576044129235648
2014-11-28,-0.01581250004495376,0.0,0.0,-0.0,-0.01581250004495376,1.0,1.631599684791177
2014-12-01,0.012717627916298014,0.0,0.0,0.0,0.012717627916298014,1.0,1.6524822695035488
2014-12-02,0.0014295928095943715,0.0,0.0,0.0,0.0014295928095943715,1.0,1.6548463356974024
2014-12-03,-0.0014295928095944335,0.0,0.0,-0.0,-0.0014295928095944335,1.0,1.6524822695035488
2014-12-04,0.007364328329408953,0.0,0.0,0.0,0.007364328329408953,1.0,1.664696611505125
2014-12-05,-0.003794171020703467,0.0,0.0,-0.0,-0.003794171020703467,1.0,1.6583924349881827
2014-12-08,-0.003808621599808107,0.0,0.0,-0.0,-0.003808621599808107,1.0,1.65208825847124
2014-12-09,-0.012962255422030278,0.0,0.0,-0.0,-0.012962255422030278,1.0,1.630811662726559
2014-12-10,0.00866014553622341,0.0,0.0,0.0,0.00866014553622341,1.0,1.6449960598896796
2014-12-11,-0.01083695132987748,0.0,0.0,-0.0,-0.01083695132987748,1.0,1.6272655634357787
2014-12-12,0.0009680542866352744,0.0,0.0,0.0,0.0009680542866352744,1.0,1.6288416075650145
2014-12-15,-0.01070049120486626,0.0,0.0,-0.0,-0.01070049120486626,1.0,1.6115051221434225
2014-12-16,0.020808880525627214,0.0,0.0,0.0,0.020808880525627214,1.0,1.6453900709219882
2014-12-17,0.018740911444999772,0.0,0.0,0.0,0.018740911444999772,1.0,1.6765169424743915
2014-12-18,0.006325428142153637,0.0,0.0,0.0,0.006325428142153637,1.0,1.687155240346732
2014-12-19,0.00558920877468029,0.0,0.0,0.0,0.00558920877468029,1.0,1.696611505122146
2014-12-22,0.001856149024793216,0.0,0.0,0.0,0.001856149024793216,1.0,1.699763593380617
2014-12-23,-0.003948443174106593,0.0,0.0,-0.0,-0.003948443174106593,1.0,1.6930654058313657
2014-12-24,0.0037166128728481768,0.0,0.0,0.0,0.0037166128728481768,1.0,1.6993695823483084
2014-12-29,-0.006980019032472247,0.0,0.0,-0.0,-0.006980019032472247,1.0,1.687549251379041
2014-12-30,-0.008676335352169521,0.0,0.0,-0.0,-0.008676335352169521,1.0,1.6729708431836117
2014-12-31,0.012172434939254287,0.0,0.0,0.0,0.012172434939254287,1.0,1.6934594168636745
2015-01-02,-0.02044964904052797,0.0,0.0,-0.0,-0.02044964904052797,1.0,1.6591804570528
2015-01-05,-0.0026156238904680444,0.0,0.0,-0.0,-0.0026156238904680444,1.0,1.654846335697402
2015-01-06,0.011363758650315003,0.0,0.0,0.0,0.011363758650315003,1.0,1.6737588652482294
2015-01-07,0.019119258074760694,0.0,0.0,0.0,0.019119258074760694,1.0,1.7060677698975593
2015-01-08,-0.005325935942424932,0.0,0.0,-0.0,-0.005325935942424932,1.0,1.6970055161544546
2015-01-09,-0.0004644681922794857,0.0,0.0,-0.0,-0.0004644681922794857,1.0,1.6962174940898365
2015-01-12,-0.003956714111193092,0.0,0.0,-0.0,-0.003956714111193092,1.0,1.6895193065405854
2015-01-13,-0.006551263487221815,0.0,0.0,-0.0,-0.006551263487221815,1.0,1.678486997635936
2015-01-14,-0.006594465725280825,0.0,0.0,-0.0,-0.006594465725280825,1.0,1.6674546887312867
2015-01-15,0.012912493059841773,0.0,0.0,0.0,0.012912493059841773,1.0,1.6891252955082765
2015-01-16,-0.0009334889826060727,0.0,0.0,-0.0,-0.0009334889826060727,1.0,1.687549251379041
2015-01-19,0.014141883998400412,0.0,0.0,0.0,0.014141883998400412,1.0,1.7115839243498843
2015-01-20,0.023658974316646986,0.0,0.0,0.0,0.023658974316646986,1.0,1.7525610717100106
2015-01-21,0.01848810873671997,0.0,0.0,0.0,0.01848810873671997,1.0,1.7852639873916498
2015-01-22,-0.001767175189295198,0.0,0.0,-0.0,-0.001767175189295198,1.0,1.7821118991331786
2015-01-23,0.005292184347167367,0.0,0.0,0.0,0.005292184347167367,1.0,1.791568163908592
2015-01-26,-0.017079266217395955,0.0,0.0,-0.0,-0.017079266217395955,1.0,1.7612293144208067
2015-01-27,-0.0031369060004945467,0.0,0.0,-0.0,-0.0031369060004945467,1.0,1.7557131599684819
2015-01-28,0.014702871230795023,0.0,0.0,0.0,0.014702871230795023,1.0,1.7817178881008695
2015-01-29,-0.005099223996742765,0.0,0.0,-0.0,-0.005099223996742765,1.0,1.7726556343577649
2015-01-30,0.0011107409783539701,0.0,0.0,0.0,0.0011107409783539701,1.0,1.774625689519309
2015-02-02,0.001331262677197806,0.0,0.0,0.0,0.001331262677197806,1.0,1.7769897557131629
2015-02-03,0.008390422373702513,0.0,0.0,0.0,0.008390422373702513,1.0,1.791962174940901
2015-02-04,0.00021985269957745947,0.0,0.0,0.0,0.00021985269957745947,1.0,1.79235618597321
2015-02-05,0.004605776318246246,0.0,0.0,0.0,0.004605776318246246,1.0,1.8006304176516967
2015-02-06,-0.008349861740353503,0.0,0.0,-0.0,-0.008349861740353503,1.0,1.7856579984239584
2015-02-09,0.01944778872236941,0.0,0.0,0.0,0.01944778872236941,1.0,1.820724980299451
2015-02-10,0.004964931947515706,0.0,0.0,0.0,0.004964931947515706,1.0,1.8297872340425556
2015-02-11,-0.0019398648178264805,0.0,0.0,-0.0,-0.0019398648178264805,1.0,1.8262411347517757
2015-02-12,0.002155173247983412,0.0,0.0,0.0,0.002155173247983412,1.0,1.830181245074865
2015-02-13,-0.0062628430600035045,0.0,0.0,-0.0,-0.0062628430600035045,1.0,1.8187549251379065
2015-02-17,0.0032442982928165,0.0,0.0,0.0,0.0032442982928165,1.0,1.82466509062254
2015-02-18,0.0062426206389395375,0.0,0.0,0.0,0.0062426206389395375,1.0,1.836091410559498
2015-02-19,0.009822842167616277,0.0,0.0,0.0,0.009822842167616277,1.0,1.8542159180457078
2015-02-20,0.0021226923699536886,0.0,0.0,0.0,0.0021226923699536886,1.0,1.8581560283687968
2015-02-23,-0.0031857306331309855,0.0,0.0,-0.0,-0.0031857306331309855,1.0,1.8522458628841634
2015-02-24,-0.006188006516067513,0.0,0.0,-0.0,-0.006188006516067513,1.0,1.840819542947205
2015-02-25,0.006825965070399891,0.0,0.0,0.0,0.006825965070399891,1.0,1.8534278959810901
2015-02-26,-0.0042607648608548095,0.0,0.0,-0.0,-0.0042607648608548095,1.0,1.845547675334912
2015-02-27,0.008291745178508942,0.0,0.0,0.0,0.008291745178508942,1.0,1.860914105594959
2015-03-02,-0.008718821845261016,0.0,0.0,-0.0,-0.008718821845261016,1.0,1.844759653270294
2015-03-03,-0.009442130235379074,0.0,0.0,-0.0,-0.009442130235379074,1.0,1.827423167848702
2015-03-04,0.009228523484593661,0.0,0.0,0.0,0.009228523484593661,1.0,1.844365642237985
2015-03-05,-0.006429512075973601,0.0,0.0,-0.0,-0.006429512075973601,1.0,1.8325453112687178
2015-03-06,0.003005584057347094,0.0,0.0,0.0,0.003005584057347094,1.0,1.8380614657210423
2015-03-09,-0.009909602850838885,0.0,0.0,-0.0,-0.009909602850838885,1.0,1.8199369582348326
2015-03-10,0.0036736940290369034,0.0,0.0,0.0,0.0036736940290369034,1.0,1.826635145784084
2015-03-11,0.008591118132316644,0.0,0.0,0.0,0.008591118132316644,1.0,1.84239558707644
2015-03-12,0.0004276245521654578,0.0,0.0,0.0,0.0004276245521654578,1.0,1.843183609141058
2015-03-13,0.012322229419717185,0.0,0.0,0.0,0.012322229419717185,1.0,1.8660362490149744
2015-03-16,-0.003384097984240457,0.0,0.0,-0.0,-0.003384097984240457,1.0,1.8597320724980322
2015-03-17,-0.004671913360743082,0.0,0.0,-0.0,-0.004671913360743082,1.0,1.851063829787236
2015-03-18,0.008900249470264078,0.0,0.0,0.0,0.008900249470264078,1.0,1.86761229314421
2015-03-19,-0.002957956942269085,0.0,0.0,-0.0,-0.002957956942269085,1.0,1.8620961386918853
2015-03-20,-0.013420160938532183,0.0,0.0,-0.0,-0.013420160938532183,1.0,1.8372734436564244
2015-03-23,-0.006454411391672606,0.0,0.0,-0.0,-0.006454411391672606,1.0,1.8254531126871572
2015-03-24,-0.013035161758593193,0.0,0.0,-0.0,-0.013035161758593193,1.0,1.8018124507486228
2015-03-25,-0.006802000992551254,0.0,0.0,-0.0,-0.006802000992551254,1.0,1.7895981087470472
2015-03-26,0.013558047176269336,1.0,0.0005,0.013058047176269336,0.013558047176269336,1.0131436757824954,1.814026792750199
2015-03-27,0.018933439931592973,1.0,0.0,0.018933439931592973,0.018933439931592973,1.0325087156323782,1.8486997635933828
2015-03-30,-0.010067558525427149,1.0,0.0,-0.010067558525427149,-0.010067558525427149,1.0221660238943728,1.8301812450748645
2015-03-31,-0.008865881406165723,1.0,0.0,-0.008865881406165723,-0.008865881406165723,1.0131436757824956,1.8140267927501992
2015-04-01,0.0017361115471762956,0.0,0.0005,-0.0005,0.0017361115471762956,1.0126372305664593,1.8171788810086702
2015-04-02,-0.0019533375717081356,0.0,0.0,-0.0,-0.0019533375717081356,1.0126372305664593,1.8136327817178903
2015-04-06,0.0004344048721658038,0.0,0.0,0.0,0.0004344048721658038,1.0126372305664593,1.8144208037825083
2015-04-07,0.005414198390872541,1.0,0.0005,0.004914198390872541,0.005414198390872541,1.0176257781324816,1.8242710795902308
2015-04-08,0.008388047890657259,1.0,0.0,0.008388047890657259,0.008388047890657259,1.0261975719439647,1.8396375098502782
2015-04-09,0.004487666469387977,1.0,0.0,0.004487666469387977,0.004487666469387977,1.0308131532270708,1.8479117415287651
2015-04-10,-0.0029895388483660483,1.0,0.0,-0.0029895388483660483,-0.0029895388483660483,1.0277360990383333,1.8423955870764404
2015-04-13,-0.006436409261604559,1.0,0.0,-0.006436409261604559,-0.006436409261604559,1.0211424114910386,1.8305752561071733
2015-04-14,-0.011037878540566993,1.0,0.0,-0.011037878540566993,-0.011037878540566993,1.0099331426606377,1.810480693459419
2015-04-15,-0.009841522844791433,1.0,0.0,-0.009841522844791433,-0.009841522844791433,1.0000426113396956,1.792750197005518
2015-04-16,-0.00838671876710129,1.0,0.0,-0.00838671876710129,-0.00838671876710129,0.9916906071131222,1.7777777777777797
2015-04-17,0.009485016516163956,1.0,0.0,0.009485016516163956,0.009485016516163956,1.0011415592642448,1.7947202521670627
2015-04-20,0.003068831869212723,1.0,0.0,0.003068831869212723,0.003068831869212723,1.0042186134529822,1.8002364066193872
2015-04-21,0.0002188423249789017,1.0,0.0,0.0002188423249789017,0.0002188423249789017,1.004438403037892,1.8006304176516963
2015-04-22,-0.003287674194191861,1.0,0.0,-0.003287674194191861,-0.003287674194191861,1.0011415592642445,1.7947202521670624
2015-04-23,0.003943913963996383,1.0,0.0,0.003943913963996383,0.003943913963996383,1.0050977717926213,1.8018124507486224
2015-04-24,-0.010109976222096445,0.0,0.0005,-0.0005,-0.010109976222096445,1.0045953485230095,1.783687943262413
2015-04-27,-0.0035406100275627433,1.0,0.0005,-0.004040610027562744,-0.0035406100275627433,1.0005443602276352,1.7773837667454704
2015-04-28,-0.003998228338236024,1.0,0.0,-0.003998228338236024,-0.003998228338236024,0.9965519420312048,1.77029156816391
2015-04-29,-0.0064754050090130594,1.0,0.0,-0.0064754050090130594,-0.0064754050090130594,0.9901197127147336,1.7588652482269518
2015-04-30,0.018642350809279774,1.0,0.0,0.018642350809279774,0.018642350809279774,1.0087509976314086,1.7919621749408998
2015-05-01,-0.0019808524139609926,1.0,0.0,-0.0019808524139609926,-0.0019808524139609926,1.0067547885331936,1.7884160756501197
2015-05-04,-0.013976933024649772,1.0,0.0,-0.013976933024649772,-0.013976933024649772,0.9927813248456873,1.7635933806146589
2015-05-05,-0.00852596593927648,1.0,0.0,-0.00852596593927648,-0.00852596593927648,0.984352886431001,1.7486209613869206
2015-05-06,0.012539349252735173,1.0,0.0,0.012539349252735173,0.012539349252735173,0.9967737430421176,1.7706855791962193
2015-05-07,0.010844413014128876,1.0,0.0,0.010844413014128876,0.010844413014128876,1.007641992576845,1.7899921197793556
2015-05-08,-0.0035281183234446662,1.0,0.0,-0.0035281183234446662,-0.0035281183234446662,1.00409317640224,1.783687943262413
2015-05-11,-0.010436422026927841,1.0,0.0,-0.010436422026927841,-0.010436422026927841,0.9936685288893384,1.7651694247438945
2015-05-12,-0.004025950416553065,1.0,0.0,-0.004025950416553065,-0.004025950416553065,0.9896761106929081,1.758077226162334
2015-05-13,0.013136112302127377,1.0,0.0,0.013136112302127377,0.013136112302127377,1.0027623703367632,1.7813238770685595
2015-05-14,0.0028713437728692197,1.0,0.0,0.0028713437728692197,0.0028713437728692197,1.0056457834786297,1.7864460204885755
2015-05-15,0.019439292920750948,1.0,0.0,0.019439292920750948,0.019439292920750948,1.0253860734498685,1.8215130023640678
2015-05-19,-0.002382242599275791,1.0,0.0,-0.002382242599275791,-0.002382242599275791,1.0229462623298278,1.8171788810086698
2015-05-20,0.0028147685575760652,1.0,0.0,0.0028147685575760652,0.0028147685575760652,1.0258296754716942,1.822301024428686
2015-05-21,0.005390848634876373,1.0,0.0,0.005390848634876373,0.005390848634876373,1.0313747007445142,1.8321513002364085
2015-05-22,0.004077696389535085,1.0,0.0,0.004077696389535085,0.004077696389535085,1.0355889199518575,1.8396375098502777
2015-05-25,-0.004292773280352158,1.0,0.0,-0.004292773280352158,-0.004292773280352158,1.0311528997336017,1.8317572892040999
2015-05-26,0.012611046689582586,1.0,0.0,0.012611046689582586,0.012611046689582586,1.0442391593774567,1.8550039401103253
2015-05-27,-0.003404258606801154,1.0,0.0,-0.003404258606801154,-0.003404258606801154,1.040690343202852,1.8486997635933828
2015-05-28,-0.005771096491921953,1.0,0.0,-0.005771096491921953,-0.005771096491921953,1.0347017159082064,1.8380614657210423
2015-05-29,0.008962928119698038,1.0,0.0,0.008962928119698038,0.008962928119698038,1.044017358366544,1.8546099290780163
2015-06-01,-0.01110885168997489,1.0,0.0,-0.01110885168997489,-0.01110885168997489,1.0324837057990783,1.834121355397953
2015-06-02,0.006424004961355101,1.0,0.0,0.006424004961355101,0.006424004961355101,1.0391377361264622,1.8459416863672202
2015-06-03,-0.00470689786420166,1.0,0.0,-0.00470689786420166,-0.00470689786420166,1.034258113886381,1.8372734436564244
2015-06-04,-0.006454411391672606,1.0,0.0,-0.006454411391672606,-0.006454411391672606,1.0276040835589968,1.825453112687157
2015-06-05,-0.009760407167386928,0.0,0.0005,-0.0005,-0.009760407167386928,1.0270904099463218,1.8077226162332565
2015-06-08,-0.003930994361010889,1.0,0.0005,-0.0044309943610108884,-0.003930994361010889,1.0225494460539637,1.8006304176516963
2015-06-09,0.0058907119179775645,0.0,0.0005,-0.0005,0.0058907119179775645,1.022038299128317,1.8112687155240366
2015-06-10,0.002390006569499272,1.0,0.0005,0.001890006569499272,0.002390006569499272,1.0239717848027083,1.8156028368794348
2015-06-11,-0.003478264376324697,1.0,0.0,-0.003478264376324697,-0.003478264376324697,1.020416327216588,1.8092986603624925
2015-06-12,-0.00458365966765804,1.0,0.0,-0.00458365966765804,-0.00458365966765804,1.0157497891348048,1.8010244286840054
2015-06-15,0.005019104917299108,0.0,0.0005,-0.0005,0.005019104917299108,1.0152420411878023,1.81008668242711
2015-06-16,-0.00348888273653147,0.0,0.0,-0.0,-0.00348888273653147,1.0152420411878023,1.8037825059101678
2015-06-17,0.008482921994476844,1.0,0.0005,0.007982921994476843,0.008482921994476844,1.0233790746474272,1.819148936170215
2015-06-18,-0.0008667389491684297,0.0,0.0005,-0.0005,-0.0008667389491684297,1.0228675130111702,1.8175728920409793
2015-06-19,0.005189200833640142,1.0,0.0005,0.004689200833640142,0.005189200833640142,1.0276752075188944,1.8270291568163926
2015-06-22,0.0015084584263211872,1.0,0.0,0.0015084584263211872,0.0015084584263211872,1.0292265826434646,1.8297872340425547
2015-06-23,-0.0017241383581398043,1.0,0.0,-0.0017241383581398043,-0.0017241383581398043,1.0274535825010986,1.8266351457840835
2015-06-24,-0.009318520133848884,0.0,0.0005,-0.0005,-0.009318520133848884,1.0269399841201432,1.8096926713948005
2015-06-25,-0.0010892060765321106,1.0,0.0005,-0.0015892060765321106,-0.0010892060765321106,1.0253092609779186,1.8077226162332563
2015-06-26,-0.01471099095465624,1.0,0.0,-0.01471099095465624,-0.01471099095465624,1.0103363489278923,1.7813238770685593
2015-06-29,0.011654887288121214,1.0,0.0,0.011654887288121214,0.011654887288121214,1.0221805927883607,1.8022064617809312
2015-06-30,0.010872035769486903,1.0,0.0,0.010872035769486903,0.010872035769486903,1.0333544077510668,1.8219070133963764
2015-07-02,0.004100577667708165,1.0,0.0,0.004100577667708165,0.004100577667708165,1.037600457436895,1.8293932230102454
2015-07-03,-0.00021540118553933947,1.0,0.0,-0.00021540118553933947,-0.00021540118553933947,1.037376981137641,1.8289992119779368
2015-07-06,0.010926728960035274,0.0,0.0005,-0.0005,0.010926728960035274,1.0368584222975854,1.8490937746256908
2015-07-07,-0.014379473003033166,0.0,0.0,-0.0,-0.014379473003033166,1.0368584222975854,1.822695035460994
2015-07-08,0.0,0.0,0.0,0.0,0.0,1.0368584222975854,1.822695035460994
2015-07-09,0.010536598931402845,1.0,0.0005,0.010036598931402844,0.010536598931402845,1.0473173526788282,1.8420015760441304
2015-07-10,0.015494314006771292,0.0,0.0005,-0.0005,0.015494314006771292,1.0467938248953415,1.8707643814026804
2015-07-13,0.004622828152828302,0.0,0.0,0.0,0.004622828152828302,1.0467938248953415,1.8794326241134764
2015-07-14,0.013121087962697058,1.0,0.0005,0.012621087962697057,0.013121087962697058,1.0600892265681883,1.9042553191489373
2015-07-15,0.011315829006347297,0.0,0.0005,-0.0005,0.011315829006347297,1.0595593144439752,1.9259259259259272
2015-07-16,0.0026560440581162104,0.0,0.0,0.0,0.0026560440581162104,1.0595593144439752,1.931048069345943
2015-07-17,0.0018346758790187881,0.0,0.0,0.0,0.0018346758790187881,1.0595593144439752,1.9345941686367232
2015-07-20,-0.007974686982023561,0.0,0.0,-0.0,-0.007974686982023561,1.0595593144439752,1.919227738376676
2015-07-21,0.004097526732814502,0.0,0.0,0.0,0.004097526732814502,1.0595593144439752,1.9271079590228541
2015-07-22,-0.005124537195889292,0.0,0.0,-0.0,-0.005124537195889292,1.0595593144439752,1.9172576832151313
2015-07-23,-0.009498316298821818,0.0,0.0,-0.0,-0.009498316298821818,1.0595593144439752,1.8991331757289218
2015-07-24,-0.0068700176521370475,1.0,0.0005,-0.007370017652137047,-0.0068700176521370475,1.0517790491560863,1.886130811662728
2015-07-27,0.003753132011883886,1.0,0.0,0.003753132011883886,0.003753132011883886,1.055733931730728,1.8932230102442882
2015-07-28,0.008702914440983194,0.0,0.0005,-0.0005,0.008702914440983194,1.0552061967096125,1.9097714736012623
2015-07-29,0.005144573544356987,0.0,0.0,0.0,0.005144573544356987,1.0552061967096125,1.919621749408985
2015-07-30,0.0020504415631723964,0.0,0.0,0.0,0.0020504415631723964,1.0552061967096125,1.9235618597320738
2015-07-31,0.003067800749412065,0.0,0.0,0.0,0.003067800749412065,1.0552061967096125,1.9294720252167075
2015-08-04,0.004482485093022405,0.0,0.0,0.0,0.004482485093022405,1.0552061967096125,1.9381402679275033
2015-08-05,-0.013302150508793147,0.0,0.0,-0.0,-0.013302150508793147,1.0552061967096125,1.9125295508274245
2015-08-06,-0.0016494849100756389,0.0,0.0,-0.0,-0.0016494849100756389,1.0552061967096125,1.9093774625689532
2015-08-07,0.002679033029431952,0.0,0.0,0.0,0.002679033029431952,1.0552061967096125,1.914499605988969
2015-08-10,-0.0004116920601582537,0.0,0.0,-0.0,-0.0004116920601582537,1.0552061967096125,1.913711583924351
2015-08-11,-0.009931801068082101,0.0,0.0,-0.0,-0.009931801068082101,1.0552061967096125,1.8947990543735238
2015-08-12,0.006838696220341185,0.0,0.0,0.0,0.006838696220341185,1.0552061967096125,1.9078014184397176
2015-08-13,0.0053553166094140224,0.0,0.0,0.0,0.0053553166094140224,1.0552061967096125,1.9180457052797493
2015-08-14,0.004918042699645293,0.0,0.0,0.0,0.004918042699645293,1.0552061967096125,1.927501970055163
2015-08-17,-0.00471264062436215,0.0,0.0,-0.0,-0.00471264062436215,1.0552061967096125,1.9184397163120581
2015-08-18,-0.0016443991372453472,0.0,0.0,-0.0,-0.0016443991372453472,1.0552061967096125,1.9152876280535869
2015-08-19,-0.025840154121703766,0.0,0.0,-0.0,-0.025840154121703766,1.0552061967096125,1.8664302600472824
2015-08-20,-0.025009318847967085,0.0,0.0,-0.0,-0.025009318847967085,1.0552061967096125,1.820330969267141
2015-08-21,-0.03412549076518523,0.0,0.0,-0.0,-0.03412549076518523,1.0552061967096125,1.7592592592592604
2015-08-24,-0.006065389818060143,0.0,0.0,-0.0,-0.006065389818060143,1.0552061967096125,1.7486209613869201
2015-08-25,0.03498253547610701,1.0,0.0005,0.03448253547610701,0.03498253547610701,1.0922269991780704,1.8108747044917268
2015-08-26,0.016828876130156885,1.0,0.0,0.016828876130156885,0.016828876130156885,1.1107634887202569,1.8416075650118213
2015-08-27,-0.0012845216923567388,1.0,0.0,-0.0012845216923567388,-0.0012845216923567388,1.1093376049093193,1.839243498817968
2015-08-28,-0.010552482975841274,1.0,0.0,-0.010552482975841274,-0.010552482975841274,1.097692887119997,1.8199369582348313
2015-08-31,-0.023659373022209437,0.0,0.0005,-0.0005,-0.023659373022209437,1.097144177865182,1.7773837667454697
2015-09-01,0.01888505839783209,0.0,0.0,0.0,0.01888505839783209,1.097144177865182,1.8112687155240355
2015-09-02,-0.0013060515570059979,1.0,0.0005,-0.0018060515570059979,-0.0013060515570059979,1.095164467182391,1.808904649330182
2015-09-03,-0.009190436679217878,1.0,0.0,-0.009190436679217878,-0.009190436679217878,1.0851455371842076,1.792356185973208
2015-09-04,0.017649439510275543,1.0,0.0,0.017649439510275543,0.017649439510275543,1.1044677593235614,1.824271079590229
2015-09-08,-0.011950169370657971,1.0,0.0,-0.011950169370657971,-0.011950169370657971,1.091347731944988,1.8026004728132394
2015-09-09,0.002837500539639747,1.0,0.0,0.002837500539639747,0.002837500539639747,1.0944488293253782,1.8077226162332554
2015-09-10,0.006517511665179334,1.0,0.0,0.006517511665179334,0.006517511665179334,1.1016052078955092,1.8195429472025224
2015-09-11,-0.0015169577077351719,1.0,0.0,-0.0015169577077351719,-0.0015169577077351719,1.0999353862291452,1.81678486997636
2015-09-14,0.013142492301357415,1.0,0.0,0.013142492301357415,0.013142492301357415,1.114486689321745,1.8408195429472032
2015-09-15,0.0017108644036293876,1.0,0.0,0.0017108644036293876,0.0017108644036293876,1.1163950569404466,1.8439716312056744
2015-09-16,-0.0012828738128890414,1.0,0.0,-0.0012828738128890414,-0.0012828738128890414,1.1149637812264206,1.841607565011821
2015-09-17,-0.014004322378294992,1.0,0.0,-0.014004322378294992,-0.014004322378294992,1.09945829432447,1.8159968479117425
2015-09-18,0.0006506886684412521,1.0,0.0,0.0006506886684412521,0.0006506886684412521,1.100173932181483,1.8171788810086689
2015-09-21,-0.009805068203950539,1.0,0.0,-0.009805068203950539,-0.009805068203950539,1.0894393643262865,1.7994483845547684
2015-09-22,0.0048056012098346215,1.0,0.0,0.0048056012098346215,0.0048056012098346215,1.094687375277716,1.8081166272655644
2015-09-23,-0.005681833467430946,1.0,0.0,-0.005681833467430946,-0.005681833467430946,1.0884851805169358,1.797872340425533
2015-09-24,-0.000657678418970823,1.0,0.0,-0.000657678418970823,-0.000657678418970823,1.0877695426599225,1.7966903073286062
2015-09-25,-0.01859283307661597,1.0,0.0,-0.01859283307661597,-0.01859283307661597,1.0677316826635554,1.7635933806146582
2015-09-28,0.0024545365441674028,1.0,0.0,0.0024545365441674028,0.0024545365441674028,1.0703556881392702,1.767927501970056
2015-09-29,0.0124032597834199,1.0,0.0,0.0124032597834199,0.0124032597834199,1.0837142614701814,1.7899921197793547
2015-09-30,-0.00419102852339223,1.0,0.0,-0.00419102852339223,-0.00419102852339223,1.0791818883757651,1.7825059101654854
2015-10-01,0.006389798098770988,1.0,0.0,0.006389798098770988,0.006389798098770988,1.0860997209935583,1.7939322301024434
2015-10-02,0.012007567040944953,1.0,0.0,0.012007567040944953,0.012007567040944953,1.099219748372132,1.815602836879433
2015-10-05,-0.007187224666105403,1.0,0.0,-0.007187224666105403,-0.007187224666105403,1.0913477319449878,1.8026004728132392
2015-10-06,0.010869672236903891,1.0,0.0,0.010869672236903891,0.010869672236903891,1.103275029561873,1.8223010244286846
2015-10-07,0.004530263383828881,1.0,0.0,0.004530263383828881,0.004530263383828881,1.1082844945609647,1.8305752561071715
2015-10-08,-0.003881825016787305,1.0,0.0,-0.003881825016787305,-0.003881825016787305,1.103990667418886,1.8234830575256111
2015-10-09,-0.00021609940656752163,1.0,0.0,-0.00021609940656752163,-0.00021609940656752163,1.1037521214665484,1.8230890464933023
2015-10-13,-0.011302011197377997,1.0,0.0,-0.011302011197377997,-0.011302011197377997,1.0913477319449878,1.8026004728132392
2015-10-14,0.008705169227330807,1.0,0.0,0.008705169227330807,0.008705169227330807,1.1008895700384957,1.8183609141055952
2015-10-15,0.00905959604542465,1.0,0.0,0.00905959604542465,0.00905959604542465,1.1109085000366792,1.834909377462569
2015-10-16,0.009191044715772676,1.0,0.0,0.009191044715772676,0.009191044715772676,1.1211659759872004,1.851851851851852
2015-10-19,-0.004478096831933657,1.0,0.0,-0.004478096831933657,-0.004478096831933657,1.1161565109881086,1.843577620173365
2015-10-20,0.00617877751395094,1.0,0.0,0.00617877751395094,0.00617877751395094,1.1230743436059019,1.8550039401103229
2015-10-21,0.013083115502219701,1.0,0.0,0.013083115502219701,0.013083115502219701,1.1378641926508395,1.8794326241134753
2015-10-22,0.01828052567973083,0.0,0.0005,-0.0005,0.01828052567973083,1.1372954027638356,1.9141055949566588
2015-10-23,-0.0037121098514404176,1.0,0.0005,-0.004212109851440418,-0.0037121098514404176,1.1325150643168653,1.9070133963750986
2015-10-26,0.005151994909428112,1.0,0.0,0.005151994909428112,0.005151994909428112,1.1383648322110642,1.9168636721828212
2015-10-27,0.005738896669018178,0.0,0.0005,-0.0005,0.005738896669018178,1.1377957920668496,1.9278959810874705
2015-10-28,-0.001841056058528205,0.0,0.0,-0.0,-0.001841056058528205,1.1377957920668496,1.9243498817966904
2015-10-29,-0.011118088583977047,0.0,0.0,-0.0,-0.011118088583977047,1.1377957920668496,1.9030732860520094
2015-10-30,0.012754750160444634,1.0,0.0005,0.012254750160444633,0.012754750160444634,1.1518249817660071,1.9275019700551614
2015-11-02,-0.0010225995369082333,0.0,0.0005,-0.0005,-0.0010225995369082333,1.1512492132292533,1.925531914893617
2015-11-03,0.00530613489849348,0.0,0.0,0.0,0.00530613489849348,1.1512492132292533,1.9357762017336486
2015-11-04,0.0004070004126187052,0.0,0.0,0.0,0.0004070004126187052,1.1512492132292533,1.9365642237982663
2015-11-05,0.0081054141828214,0.0,0.0,0.0,0.0081054141828214,1.1512492132292533,1.9523246650906225
2015-11-06,-0.009734410674184853,0.0,0.0,-0.0,-0.009734410674184853,1.1512492132292533,1.9334121355397953
2015-11-09,0.00020376974089861687,0.0,0.0,0.0,0.00020376974089861687,1.1512492132292533,1.9338061465721041
2015-11-10,-0.002856561828185125,0.0,0.0,-0.0,-0.002856561828185125,1.1512492132292533,1.9282899921197791
2015-11-11,-0.012542572157532886,0.0,0.0,-0.0,-0.012542572157532886,1.1512492132292533,1.9042553191489362
2015-11-12,-0.009145771502474621,0.0,0.0,-0.0,-0.009145771502474621,1.1512492132292533,1.8869188337273446
2015-11-13,0.01553952330339352,0.0,0.0,0.0,0.01553952330339352,1.1512492132292533,1.916469661150512
2015-11-16,-0.001852042920577702,0.0,0.0,-0.0,-0.001852042920577702,1.1512492132292533,1.9129235618597318
2015-11-17,0.017153779815199558,0.0,0.0,0.0,0.017153779815199558,1.1512492132292533,1.94602048857368
2015-11-18,-0.002838606934435561,0.0,0.0,-0.0,-0.002838606934435561,1.1512492132292533,1.9405043341213553
2015-11-19,0.006476444414384592,0.0,0.0,0.0,0.006476444414384592,1.1512492132292533,1.95311268715524
2015-11-20,0.0016125784586989804,0.0,0.0,0.0,0.0016125784586989804,1.1512492132292533,1.956264775413711
2015-11-23,-0.00403633242246037,0.0,0.0,-0.0,-0.00403633242246037,1.1512492132292533,1.9483845547675331
2015-11-24,0.0,0.0,0.0,0.0,0.0,1.1512492132292533,1.9483845547675331
2015-11-25,0.00504287503386196,0.0,0.0,0.0,0.00504287503386196,1.1512492132292533,1.958234830575256
2015-11-26,0.0010055305020185744,0.0,0.0,0.0,0.0010055305020185744,1.1512492132292533,1.9602048857368
2015-11-27,-0.0054419160803147034,0.0,0.0,-0.0,-0.0054419160803147034,1.1512492132292533,1.9495665878644595
2015-11-30,0.01045445790385898,0.0,0.0,0.0,0.01045445790385898,1.1512492132292533,1.9700551615445225
2015-12-01,-0.012275030875612578,0.0,0.0,-0.0,-0.012275030875612578,1.1512492132292533,1.9460204885736796
2015-12-02,-0.014479706433207062,0.0,0.0,-0.0,-0.014479706433207062,1.1512492132292533,1.9180457052797473
2015-12-03,0.022947498965865565,0.0,0.0,0.0,0.022947498965865565,1.1512492132292533,1.9625689519306535
2015-12-04,0.0036072183402869233,0.0,0.0,0.0,0.0036072183402869233,1.1512492132292533,1.9696611505122135
2015-12-07,-0.00040016006936537184,0.0,0.0,-0.0,-0.00040016006936537184,1.1512492132292533,1.9688731284475955
2015-12-08,-0.010258563262843455,0.0,0.0,-0.0,-0.010258563262843455,1.1512492132292533,1.9487785657998415
2015-12-09,0.008455858718565674,0.0,0.0,0.0,0.008455858718565674,1.1512492132292533,1.965327029156816
2015-12-10,-0.012507728119443966,0.0,0.0,-0.0,-0.012507728119443966,1.1512492132292533,1.9408983451536634
2015-12-11,0.004254032547225477,0.0,0.0,0.0,0.004254032547225477,1.1512492132292533,1.9491725768321506
2015-12-14,0.011456260359093124,0.0,0.0,0.0,0.011456260359093124,1.1512492132292533,1.971631205673758
2015-12-15,0.017825783952600448,0.0,0.0,0.0,0.017825783952600448,1.1512492132292533,2.0070921985815593
2015-12-16,-0.0033428405920078253,0.0,0.0,-0.0,-0.0033428405920078253,1.1512492132292533,2.000394011032308
2015-12-17,-0.017485047086356967,1.0,0.0005,-0.017985047086356967,-0.017485047086356967,1.1307290233339555,1.9657210401891245
2015-12-18,0.006791875889007305,0.0,0.0005,-0.0005,0.006791875889007305,1.1301638001398626,1.9791174152876272
2015-12-21,0.006350487704526983,0.0,0.0,0.0,0.006350487704526983,1.1301638001398626,1.991725768321512
2015-12-22,0.007292828222725503,0.0,0.0,0.0,0.007292828222725503,1.1301638001398626,2.0063041765169416
2015-12-23,-0.005909018572227858,1.0,0.0005,-0.006409018572227858,-0.005909018572227858,1.1229437208801658,1.9944838455476743
2015-12-24,0.006890469234972366,1.0,0.0,0.006890469234972366,0.006890469234972366,1.1307080492544854,2.0082742316784863
2015-12-29,-0.0017673053200835294,0.0,0.0005,-0.0005,-0.0017673053200835294,1.130142836544811,2.004728132387706
2015-12-30,-0.013454892334183162,0.0,0.0,-0.0,-0.013454892334183162,1.130142836544811,1.9779353821907006
2015-12-31,-0.008803578266759635,1.0,0.0005,-0.009303578266759635,-0.008803578266759635,1.1196772235261665,1.9605988967691088
2016-01-04,0.005611237167786386,0.0,0.0005,-0.0005,0.005611237167786386,1.1191175248507326,1.971631205673758
2016-01-05,-0.006616565492129114,0.0,0.0,-0.0,-0.006616565492129114,1.1191175248507326,1.9586288416075643
2016-01-06,-0.021965495690886783,1.0,0.0005,-0.022465495690886784,-0.021965495690886783,1.0942563003938115,1.9160756501182026
2016-01-07,-0.008881603359139838,1.0,0.0,-0.008881603359139838,-0.008881603359139838,1.0845805815130931,1.8991331757289198
2016-01-08,0.007235173680779272,1.0,0.0,0.007235173680779272,0.007235173680779272,1.0924561666485615,1.9129235618597313
2016-01-11,0.01044984409300936,0.0,0.0005,-0.0005,0.01044984409300936,1.0919100750995014,1.9330181245074856
2016-01-12,-0.018722900586208787,1.0,0.0005,-0.019222900586208787,-0.018722900586208787,1.071120851035906,1.8971631205673751
2016-01-13,0.0164782307323849,1.0,0.0,0.0164782307323849,0.0164782307323849,1.088917251468486,1.9286840031520875
2016-01-14,-0.010473450291628023,0.0,0.0005,-0.0005,-0.010473450291628023,1.0883729289347253,1.908589440504333
2016-01-15,-0.00434468460401098,1.0,0.0005,-0.00484468460401098,-0.00434468460401098,1.0831128573446611,1.9003152088258461
2016-01-18,0.007642296825567615,1.0,0.0,0.007642296825567615,0.007642296825567615,1.0914220374652817,1.9148936170212758
2016-01-19,-0.016179568876269416,1.0,0.0,-0.016179568876269416,-0.016179568876269416,1.073905387481271,1.8841607565011813
2016-01-20,-0.009243763299539269,1.0,0.0,-0.009243763299539269,-0.009243763299539269,1.0640242003108034,1.8668242710795895
2016-01-21,0.010706515623878636,1.0,0.0,0.010706515623878636,0.010706515623878636,1.075477394531118,1.8869188337273437
2016-01-22,-0.006914642531936823,1.0,0.0,-0.006914642531936823,-0.006914642531936823,1.0680665041532675,1.8739164696611499
2016-01-25,0.0,1.0,0.0,0.0,0.0,1.0680665041532675,1.8739164696611499
2016-01-26,-0.009719070800209072,1.0,0.0,-0.009719070800209072,-0.009719070800209072,1.057736172111415,1.8557919621749401
2016-01-27,0.002756282885653569,1.0,0.0,0.002756282885653569,0.002756282885653569,1.0606556137754166,1.8609141055949556
2016-01-28,0.02053718450950533,1.0,0.0,0.02053718450950533,0.02053718450950533,1.0826637124732763,1.8995271867612287
2016-01-29,-0.0054076670880836815,1.0,0.0,-0.0054076670880836815,-0.0054076670880836815,1.0768248291452729,1.8892828999211972
2016-02-01,-0.01132562441542034,1.0,0.0,-0.01132562441542034,-0.01132562441542034,1.0646979176178808,1.8680063041765163
2016-02-02,-0.014018921179330929,1.0,0.0,-0.014018921179330929,-0.014018921179330929,1.0498761368621794,1.8420015760441286
2016-02-03,0.0010689471889049637,1.0,0.0,0.0010689471889049637,0.0010689471889049637,1.0509989990406416,1.843971631205673
2016-02-04,-0.009661910911736746,1.0,0.0,-0.009661910911736746,-0.009661910911736746,1.0408932394344816,1.8262411347517726
2016-02-05,-0.011064219605380015,1.0,0.0,-0.011064219605380015,-0.011064219605380015,1.029440045214167,1.8061465721040184
2016-02-08,-0.00415346536550675,1.0,0.0,-0.00415346536550675,-0.00415346536550675,1.0251731689360104,1.798660362490149
2016-02-09,0.004807701568103078,1.0,0.0,0.004807701568103078,0.004807701568103078,1.0301137625212442,1.8073286052009447
2016-02-10,-0.011621663529697585,1.0,0.0,-0.011621663529697585,-0.011621663529697585,1.0182114234295447,1.786446020488573
2016-02-11,0.012275471987116501,1.0,0.0,0.012275471987116501,0.012275471987116501,1.0307874798283216,1.8085106382978715
2016-02-12,0.019418085857101516,1.0,0.0,0.019418085857101516,0.019418085857101516,1.0509989990406416,1.8439716312056729
2016-02-16,0.004051610191123502,1.0,0.0,0.004051610191123502,0.004051610191123502,1.0552658753187982,1.8514578408195423
2016-02-17,-0.0019171376624907313,1.0,0.0,-0.0019171376624907313,-0.0019171376624907313,1.0532447233975661,1.8479117415287623
2016-02-18,0.0010655302020383163,1.0,0.0,0.0010655302020383163,0.0010655302020383163,1.0543675855760284,1.849881796690307
2016-02-19,0.009960874982987408,1.0,0.0,0.009960874982987408,0.009960874982987408,1.0649224900535732,1.8684003152088253
2016-02-22,-0.006558787925309716,1.0,0.0,-0.006558787925309716,-0.006558787925309716,1.0579607445471075,1.8561859732072492
2016-02-23,-0.0021249476759105826,1.0,0.0,-0.0021249476759105826,-0.0021249476759105826,1.055715020190183,1.8522458628841603
2016-02-24,-0.00021274332598049872,1.0,0.0,-0.00021274332598049872,-0.00021274332598049872,1.0554904477544906,1.8518518518518514
2016-02-25,-0.0027697897754438406,1.0,0.0,-0.0027697897754438406,-0.0027697897754438406,1.052571006090489,1.8467297084318355
2016-02-26,-0.00728054607805748,1.0,0.0,-0.00728054607805748,-0.00728054607805748,1.0449355432769458,1.833333333333333
2016-02-29,0.01450846870163821,1.0,0.0,0.01450846870163821,0.01450846870163821,1.060206468904032,1.8601260835303386
2016-03-01,0.006123976482400137,1.0,0.0,0.006123976482400137,0.006123976482400137,1.0667190695391129,1.8715524034672968
2016-03-02,0.0010520779508038345,1.0,0.0,0.0010520779508038345,0.0010520779508038345,1.0678419317175751,1.8735224586288415
2016-03-03,-0.002105263935462316,1.0,0.0,-0.002105263935462316,-0.002105263935462316,1.0655962073606509,1.8695823483057528
2016-03-04,-0.004012253297175222,1.0,0.0,-0.004012253297175222,-0.004012253297175222,1.0613293310824943,1.8620961386918833
2016-03-07,0.0010574178842950518,0.0,0.0005,-0.0005,0.0010574178842950518,1.0607987990610113,1.864066193853428
2016-03-08,-0.00891725654156179,1.0,0.0005,-0.00941725654156179,-0.00891725654156179,1.0508558756435775,1.8475177304964538
2016-03-09,0.007648220838256819,1.0,0.0,0.007648220838256819,0.007648220838256819,1.0589238670112826,1.8617021276595742
2016-03-10,0.009059368817342513,1.0,0.0,0.009059368817342513,0.009059368817342513,1.0685606344782634,1.878644602048857
2016-03-11,0.001467044169644873,1.0,0.0,0.001467044169644873,0.001467044169644873,1.0701294105775394,1.8814026792750191
2016-03-14,0.0048051904848091355,1.0,0.0,0.0048051904848091355,0.0048051904848091355,1.0752839606180173,1.8904649330181238
2016-03-15,-0.011951080497521546,1.0,0.0,-0.011951080497521546,-0.011951080497521546,1.0625096409524846,1.868006304176516
2016-03-16,-0.003592185584865343,1.0,0.0,-0.003592185584865343,-0.003592185584865343,1.0586997561399571,1.861308116627265
2016-03-17,0.007801831877265828,1.0,0.0,0.007801831877265828,0.007801831877265828,1.0669918583789872,1.8758865248226944
2016-03-18,-0.0006303183316157478,1.0,0.0,-0.0006303183316157478,-0.0006303183316157478,1.066319525765012,1.8747044917257676
2016-03-21,-0.005268160956654964,1.0,0.0,-0.005268160956654964,-0.005268160956654964,1.0607167539818836,1.8648542159180452
2016-03-22,0.007787053976138979,1.0,0.0,0.007787053976138979,0.007787053976138979,1.0690088562209137,1.8794326241134747
2016-03-23,0.0012570711900511137,1.0,0.0,0.0012570711900511137,0.0012570711900511137,1.0703535214488646,1.8817966903073282
2016-03-24,-0.0039861586401565,1.0,0.0,-0.0039861586401565,-0.0039861586401565,1.066095414893687,1.8743104806934592
2016-03-28,-0.0004205214527908317,1.0,0.0,-0.0004205214527908317,-0.0004205214527908317,1.0656471931510367,1.8735224586288413
2016-03-29,-0.0027377083541398066,1.0,0.0,-0.0027377083541398066,-0.0027377083541398066,1.0627337518238098,1.8684003152088258
2016-03-30,0.00042167405221043604,0.0,0.0005,-0.0005,0.00042167405221043604,1.0622025177674794,1.8691883372734432
2016-03-31,0.007978207340708796,1.0,0.0005,0.007478207340708795,0.007978207340708796,1.0701756636951627,1.8841607565011818
2016-04-01,0.0004181476121976093,1.0,0.0,0.0004181476121976093,0.0004181476121976093,1.0706232486653404,1.8849487785657995
2016-04-04,-0.0035598404256420046,1.0,0.0,-0.0035598404256420046,-0.0035598404256420046,1.066818776418829,1.878250591016548
2016-04-05,0.006690386653419776,1.0,0.0,0.006690386653419776,0.006690386653419776,1.073980135941674,1.8908589440504329
2016-04-06,-0.007529841057385137,0.0,0.0005,-0.0005,-0.007529841057385137,1.0734432800988485,1.876674546887312
2016-04-07,-0.008645283155402224,0.0,0.0,-0.0,-0.008645283155402224,1.0734432800988485,1.860520094562647
2016-04-08,-0.010645193137395231,1.0,0.0005,-0.011145193137395232,-0.010645193137395231,1.0615459694845226,1.8408195429472018
2016-04-11,-0.001285071926687782,1.0,0.0,-0.001285071926687782,-0.001285071926687782,1.0601826827086434,1.838455476753348
2016-04-12,0.014257077324872742,1.0,0.0,0.014257077324872742,0.014257077324872742,1.07540605170596,1.8648542159180448
2016-04-13,0.0035853671224390033,1.0,0.0,0.0035853671224390033,0.0035853671224390033,1.079268697570951,1.8715524034672961
2016-04-14,-0.0018965341265685808,1.0,0.0,-0.0018965341265685808,-0.0018965341265685808,1.0772237674071323,1.868006304176516
2016-04-15,0.0025279137118912765,1.0,0.0,0.0025279137118912765,0.0025279137118912765,1.0799503409588906,1.8727344365642233
2016-04-18,-0.007179084887621987,0.0,0.0005,-0.0005,-0.007179084887621987,1.0794105007597077,1.8593380614657204
2016-04-19,-0.00021193175876711888,0.0,0.0,-0.0,-0.00021193175876711888,1.0794105007597077,1.8589440504334116
2016-04-20,0.0014825799602228961,1.0,0.0005,0.0009825799602228961,0.0014825799602228961,1.0804716291229675,1.8617021276595742
2016-04-21,-0.0048796108278282395,1.0,0.0,-0.0048796108278282395,-0.0048796108278282395,1.0752121905050145,1.8526398739164696
2016-04-22,-0.0004254414018649732,1.0,0.0,-0.0004254414018649732,-0.0004254414018649732,1.0747548480164966,1.8518518518518516
2016-04-25,-0.0034100629805419547,1.0,0.0,-0.0034100629805419547,-0.0034100629805419547,1.0710961081083554,1.8455476753349092
2016-04-26,0.0019195910768095956,1.0,0.0,0.0019195910768095956,0.0019195910768095956,1.0731541493066847,1.8490937746256892
2016-04-27,-0.016543507606482277,1.0,0.0,-0.016543507606482277,-0.016543507606482277,1.0555464634987548,1.8187549251379034
2016-04-28,-0.003689640648011586,1.0,0.0,-0.003689640648011586,-0.003689640648011586,1.0516590523463547,1.8120567375886523
2016-04-29,0.007149851712907299,1.0,0.0,0.007149851712907299,0.007149851712907299,1.0592052034068962,1.8250591016548459
2016-05-02,0.005167970158442598,1.0,0.0,0.005167970158442598,0.005167970158442598,1.064693313269108,1.8345153664302596
2016-05-03,0.006209205261248789,1.0,0.0,0.006209205261248789,0.006209205261248789,1.071324779352614,1.8459416863672178
2016-05-04,-0.0004269854889809245,1.0,0.0,-0.0004269854889809245,-0.0004269854889809245,1.0708674368640962,1.8451536643025999
2016-05-05,0.007234074100720075,0.0,0.0005,-0.0005,0.007234074100720075,1.0703321369817869,1.858550039401103
2016-05-06,0.004653138683326533,1.0,0.0005,0.004153138683326533,0.004653138683326533,1.0747866184207016,1.8672182821118986
2016-05-09,0.007777233104849661,1.0,0.0,0.007777233104849661,0.007777233104849661,1.0831780733440113,1.881796690307328
2016-05-10,-0.012854460004880178,1.0,0.0,-0.012854460004880178,-0.012854460004880178,1.0693435125245003,1.8577620173364846
2016-05-11,-0.0021231430480778664,1.0,0.0,-0.0021231430480778664,-0.0021231430480778664,1.0670755517344166,1.8538219070133957
2016-05-12,0.0,1.0,0.0,0.0,0.0,1.0670755517344166,1.8538219070133957
2016-05-13,0.006567124544361664,1.0,0.0,0.006567124544361664,0.006567124544361664,1.0741062301836763,1.866036249014972
2016-05-16,-0.008907800152872857,1.0,0.0,-0.008907800152872857,-0.008907800152872857,1.0645807948653243,1.8494877856579979
2016-05-17,0.0097520382781533,1.0,0.0,0.0097520382781533,0.0097520382781533,1.0750134144997097,1.8676122931442074
2016-05-18,0.0027388619248873416,1.0,0.0,0.0027388619248873416,0.0027388619248873416,1.0779617635268186,1.8727344365642233
2016-05-19,0.007963160269112602,1.0,0.0,0.007963160269112602,0.007963160269112602,1.0865800145291369,1.8877068557919616
2016-05-20,0.013269943842303126,1.0,0.0,0.013269943842303126,0.013269943842303126,1.101094963585673,1.9129235618597313
2016-05-24,-0.002268276052442405,0.0,0.0005,-0.0005,-0.002268276052442405,1.100544553717814,1.9085894405043335
2016-05-25,-0.003515669012489819,0.0,0.0,-0.0,-0.003515669012489819,1.100544553717814,1.9018912529550824
2016-05-26,0.0080470876829748,0.0,0.0,0.0,0.0080470876829748,1.100544553717814,1.9172576832151293
2016-05-27,0.00020548648998650434,0.0,0.0,0.0,0.00020548648998650434,1.100544553717814,1.9176516942474386
2016-05-30,0.005123486973608734,0.0,0.0,0.0,0.005123486973608734,1.100544553717814,1.9275019700551612
2016-05-31,-0.002660936991225816,0.0,0.0,-0.0,-0.002660936991225816,1.100544553717814,1.9223798266351455
2016-06-01,0.005518665002597559,0.0,0.0,0.0,0.005518665002597559,1.100544553717814,1.9330181245074862
2016-06-02,-0.014371013083751393,0.0,0.0,-0.0,-0.014371013083751393,1.100544553717814,1.9054373522458625
2016-06-03,-0.005806735519639839,0.0,0.0,-0.0,-0.005806735519639839,1.100544553717814,1.8944050433412132
2016-06-06,-0.0016652793190612089,0.0,0.0,-0.0,-0.0016652793190612089,1.100544553717814,1.891252955082742
2016-06-07,-0.0022942965533729585,0.0,0.0,-0.0,-0.0022942965533729585,1.100544553717814,1.886918833727344
2016-06-08,0.0002087900623515694,1.0,0.0005,-0.00029120993764843064,0.0002087900623515694,1.1002241108672823,1.8873128447596528
2016-06-09,-0.005862663358152893,1.0,0.0,-0.005862663358152893,-0.005862663358152893,1.0937927381941541,1.8762805358550032
2016-06-10,-0.004208760421457238,0.0,0.0005,-0.0005,-0.004208760421457238,1.0932459785263648,1.8684003152088253
2016-06-13,0.0016856304033361486,0.0,0.0,0.0,0.0016856304033361486,1.0932459785263648,1.8715524034672966
2016-06-14,0.004411308487420049,0.0,0.0,0.0,0.004411308487420049,1.0932459785263648,1.8798266351457833
2016-06-15,0.006268303014833335,0.0,0.0,0.0,0.006268303014833335,1.0932459785263648,1.8916469661150506
2016-06-16,-0.010469107344019058,0.0,0.0,-0.0,-0.010469107344019058,1.0932459785263648,1.8719464144996052
2016-06-17,0.0004208754270881623,1.0,0.0005,-7.912457291183773e-05,0.0004208754270881623,1.0931594793273776,1.8727344365642231
2016-06-20,-0.0006313795853225845,0.0,0.0005,-0.0005,-0.0006313795853225845,1.0926130362098776,1.8715524034672963
2016-06-21,-0.00105318598465859,0.0,0.0,-0.0,-0.00105318598465859,1.0926130362098776,1.8695823483057519
2016-06-22,0.007349114441473331,1.0,0.0005,0.006849114441473332,0.007349114441473331,1.1001221539840187,1.8833727344365634
2016-06-23,-0.01645259638548671,1.0,0.0,-0.01645259638548671,-0.01645259638548671,1.0821703698813507,1.8526398739164691
2016-06-24,-0.013704711284537872,1.0,0.0,-0.013704711284537872,-0.013704711284537872,1.0674407008740334,1.8274231678486992
2016-06-27,0.014342534204002945,1.0,0.0,0.014342534204002945,0.014342534204002945,1.0828608231160688,1.8538219070133957
2016-06-28,0.012881605639207382,1.0,0.0,0.012881605639207382,0.012881605639207382,1.096900038888668,1.8778565799842388
2016-06-29,0.00814966374570552,1.0,0.0,0.00814966374570552,0.00814966374570552,1.1058759309400021,1.8932230102442862
2016-06-30,0.011175613001510218,1.0,0.0,0.011175613001510218,0.011175613001510218,1.1183040891649263,1.9144996059889672
2016-07-04,-0.009927692706449399,0.0,0.0005,-0.0005,-0.009927692706449399,1.1177450768850599,1.8955870764381395
2016-07-05,0.0037344441740880985,0.0,0.0,0.0,0.0037344441740880985,1.1177450768850599,1.9026792750196997
2016-07-06,0.00248190406615234,0.0,0.0,0.0,0.00248190406615234,1.1177450768850599,1.9074074074074063
2016-07-07,0.018217677097041536,1.0,0.0005,0.017717677097041536,0.018217677097041536,1.1377254030416113,1.942474389282899
2016-07-08,0.01009090298196272,0.0,0.0005,-0.0005,0.01009090298196272,1.1371566825320663,1.962174940898344
2016-07-11,-0.00020082337651579593,1.0,0.0005,-0.0007008233765157959,-0.00020082337651579593,1.1363600157401494,1.9617809298660351
2016-07-12,-0.0038233269232094747,1.0,0.0,-0.0038233269232094747,-0.0038233269232094747,1.1320236348807273,1.954294720252166
2016-07-13,-0.0008067769699400343,1.0,0.0,-0.0008067769699400343,-0.0008067769699400343,1.1311107125945332,1.9527186761229307
2016-07-14,0.0018143337302398642,0.0,0.0005,-0.0005,0.0018143337302398642,1.1305452986035132,1.9562647754137108
2016-07-15,0.002815770162909751,1.0,0.0005,0.0023157701629097508,0.002815770162909751,1.1331664154545604,1.9617809298660354
2016-07-18,0.003808764752714993,0.0,0.0005,-0.0005,0.003808764752714993,1.1325999738690304,1.9692671394799046
2016-07-19,0.007772834350752887,0.0,0.0,0.0,0.007772834350752887,1.1325999738690304,1.9846335697399522
2016-07-20,-0.002982406028120115,0.0,0.0,-0.0,-0.002982406028120115,1.1325999738690304,1.9787234042553186
2016-07-21,0.010498264192457743,0.0,0.0,0.0,0.010498264192457743,1.1325999738690304,1.9996059889676905
2016-07-22,0.0029513056345803197,0.0,0.0,0.0,0.0029513056345803197,1.1325999738690304,2.005516154452324
2016-07-25,-0.0021634387433234156,0.0,0.0,-0.0,-0.0021634387433234156,1.1325999738690304,2.001182033096926
2016-07-26,-0.0013791746841831803,0.0,0.0,-0.0,-0.0013791746841831803,1.1325999738690304,1.998423955870764
2016-07-27,0.0,0.0,0.0,0.0,0.0,1.1325999738690304,1.998423955870764
2016-07-28,-0.006329135051647512,0.0,0.0,-0.0,-0.006329135051647512,1.1325999738690304,1.985815602836879
2016-07-29,-0.0039761483796392945,0.0,0.0,-0.0,-0.0039761483796392945,1.1325999738690304,1.9779353821907009
2016-08-02,0.00019918334893048454,0.0,0.0,0.0,0.00019918334893048454,1.1325999738690304,1.9783293932230095
2016-08-03,-0.003391524447903801,0.0,0.0,-0.0,-0.003391524447903801,1.1325999738690304,1.971631205673758
2016-08-04,0.019786953437824002,0.0,0.0,0.0,0.019786953437824002,1.1325999738690304,2.0110323089046482
2016-08-05,-0.0007840063122086455,0.0,0.0,-0.0,-0.0007840063122086455,1.1325999738690304,2.009456264775413
2016-08-08,-0.0021591921235845054,0.0,0.0,-0.0,-0.0021591921235845054,1.1325999738690304,2.0051221434200146
2016-08-09,-0.00828734024857027,0.0,0.0,-0.0,-0.00828734024857027,1.1325999738690304,1.9885736800630407
2016-08-10,0.0,0.0,0.0,0.0,0.0,1.1325999738690304,1.9885736800630407
2016-08-11,-0.0025791106450011063,0.0,0.0,-0.0,-0.0025791106450011063,1.1325999738690304,1.9834515366430252
2016-08-12,-0.0003973773149847619,0.0,0.0,-0.0,-0.0003973773149847619,1.1325999738690304,1.9826635145784073
2016-08-15,-0.010387628361577923,0.0,0.0,-0.0,-0.010387628361577923,1.1325999738690304,1.962174940898344
2016-08-16,0.0022063994509105723,0.0,0.0,0.0,0.0022063994509105723,1.1325999738690304,1.966509062253742
2016-08-17,-0.005222992990336267,0.0,0.0,-0.0,-0.005222992990336267,1.1325999738690304,1.9562647754137106
2016-08-18,0.006224294766195372,0.0,0.0,0.0,0.006224294766195372,1.1325999738690304,1.9684791174152865
2016-08-19,0.0069811792458502695,0.0,0.0,0.0,0.0069811792458502695,1.1325999738690304,1.9822695035460982
2016-08-22,-0.0007953867987432549,0.0,0.0,-0.0,-0.0007953867987432549,1.1325999738690304,1.9806934594168628
2016-08-23,-0.004186191700855737,0.0,0.0,-0.0,-0.004186191700855737,1.1325999738690304,1.9724192277383756
2016-08-24,-0.0011992805754821268,0.0,0.0,-0.0,-0.0011992805754821268,1.1325999738690304,1.970055161544522
2016-08-25,0.003992021269537457,0.0,0.0,0.0,0.003992021269537457,1.1325999738690304,1.9779353821907002
2016-08-26,0.006354270784606798,0.0,0.0,0.0,0.006354270784606798,1.1325999738690304,1.9905437352245852
2016-08-29,0.003951012646679989,0.0,0.0,0.0,0.003951012646679989,1.1325999738690304,1.998423955870763
2016-08-30,-0.00019718032204273268,0.0,0.0,-0.0,-0.00019718032204273268,1.1325999738690304,1.9980299448384542
2016-08-31,-0.002764614715036045,0.0,0.0,-0.0,-0.002764614715036045,1.1325999738690304,1.9925137903861294
2016-09-01,-0.0025740039951728773,0.0,0.0,-0.0,-0.0025740039951728773,1.1325999738690304,1.9873916469661137
2016-09-02,-0.008761505668572719,0.0,0.0,-0.0,-0.008761505668572719,1.1325999738690304,1.9700551615445219
2016-09-06,0.004390348301292854,0.0,0.0,0.0,0.004390348301292854,1.1325999738690304,1.9787234042553177
2016-09-07,-0.0003983270317553463,0.0,0.0,-0.0,-0.0003983270317553463,1.1325999738690304,1.9779353821907
2016-09-08,-0.015457499378815638,1.0,0.0005,-0.01595749937881564,-0.015457499378815638,1.1146699501370099,1.9475965327029143
2016-09-09,0.015656682727746243,1.0,0.0,0.015656682727746243,0.015656682727746243,1.13225932017761,1.9783293932230088
2016-09-12,-0.009605837319967026,0.0,0.0005,-0.0005,-0.009605837319967026,1.1316933320263505,1.9594168636721814
2016-09-13,0.0010049242127988863,1.0,0.0005,0.0005049242127988863,0.0010049242127988863,1.1322648956771737,1.961386918833726
2016-09-14,0.007006334335966187,1.0,0.0,0.007006334335966187,0.007006334335966187,1.1402257778283793,1.9751773049645378
2016-09-15,0.00019946145473517083,0.0,0.0005,-0.0005,0.00019946145473517083,1.1396558074439356,1.9755713159968464
2016-09-16,-0.00039896270227985053,0.0,0.0,-0.0,-0.00039896270227985053,1.1396558074439356,1.9747832939322285
2016-09-19,0.0009971084682940628,1.0,0.0005,0.0004971084682940628,0.0009971084682940628,1.1402224808341574,1.976753349093773
2016-09-20,0.0029853738960234064,0.0,0.0005,-0.0005,0.0029853738960234064,1.1396525120977987,1.9826635145784064
2016-09-21,0.002580134407432953,0.0,0.0,0.0,0.002580134407432953,1.1396525120977987,1.9877856579984223
2016-09-22,0.002968829493801849,0.0,0.0,0.0,0.002968829493801849,1.1396525120977987,1.9936958234830557
2016-09-23,-0.0033653402047859097,0.0,0.0,-0.0,-0.0033653402047859097,1.1396525120977987,1.9869976359338042
2016-09-26,0.0033653402047859825,1.0,0.0005,0.0028653402047859825,0.0033653402047859825,1.142922687104768,1.9936958234830557
2016-09-27,-0.0015822788111294914,1.0,0.0,-0.0015822788111294914,-0.0015822788111294914,1.1411156947140886,1.9905437352245845
2016-09-28,-0.005756839720337165,1.0,0.0,-0.005756839720337165,-0.005756839720337165,1.1345653472978754,1.979117415287626
2016-09-29,0.004766642590217818,1.0,0.0,0.004766642590217818,0.004766642590217818,1.139986324469914,1.9885736800630402
2016-09-30,-0.0033740232464775526,1.0,0.0,-0.0033740232464775526,-0.0033740232464775526,1.13614646563972,1.9818754925137887
2016-10-03,0.0009935420588779575,1.0,0.0,0.0009935420588779575,0.0009935420588779575,1.1372758358838948,1.9838455476753336
2016-10-04,0.003964326301908946,1.0,0.0,0.003964326301908946,0.003964326301908946,1.1417933168605934,1.9917257683215113
2016-10-05,0.00296296513065727,1.0,0.0,0.00296296513065727,0.00296296513065727,1.1451814275931176,1.9976359338061453
2016-10-06,0.00236406729488047,0.0,0.0005,-0.0005,0.00236406729488047,1.1446089800031445,2.0023640661938518
2016-10-07,-0.011478455732074747,0.0,0.0,-0.0,-0.011478455732074747,1.1446089800031445,1.9795114263199356
2016-10-11,0.0031796529173795844,0.0,0.0,0.0,0.0031796529173795844,1.1446089800031445,1.9858156028368779
2016-10-12,-0.0077681896465105794,0.0,0.0,-0.0,-0.0077681896465105794,1.1446089800031445,1.9704491725768305
2016-10-13,-0.003605773137499074,0.0,0.0,-0.0,-0.003605773137499074,1.1446089800031445,1.9633569739952703
2016-10-14,-0.005029685686268736,1.0,0.0005,-0.005529685686268736,-0.005029685686268736,1.1382971194957583,1.9535066981875477
2016-10-17,0.005832092950986627,1.0,0.0,0.005832092950986627,0.005832092950986627,1.1449551704165686,1.9649330181245057
2016-10-18,0.0028033658727811715,1.0,0.0,0.0028033658727811715,0.0028033658727811715,1.1481694018955804,1.9704491725768305
2016-10-19,0.005782091674881127,1.0,0.0,0.005782091674881127,0.005782091674881127,1.1548274528163904,1.9818754925137885
2016-10-20,0.008315233023277089,1.0,0.0,0.008315233023277089,0.008315233023277089,1.164470147253426,1.9984239558707628
2016-10-21,0.009223890340521396,0.0,0.0005,-0.0005,0.009223890340521396,1.163888057714311,2.0169424743892814
2016-10-24,-0.006664077974922853,0.0,0.0,-0.0,-0.006664077974922853,1.163888057714311,2.0035460992907788
2016-10-25,0.000393236340104684,0.0,0.0,0.0,0.000393236340104684,1.163888057714311,2.0043341213553965
2016-10-26,-0.002361740912776891,0.0,0.0,-0.0,-0.002361740912776891,1.163888057714311,1.9996059889676898
2016-10-27,-0.003553102830004999,0.0,0.0,-0.0,-0.003553102830004999,1.163888057714311,1.9925137903861296
2016-10-28,0.0029617950370788098,1.0,0.0005,0.0024617950370788098,0.0029617950370788098,1.1667568412882503,1.9984239558707633
2016-10-31,-0.008911832424486498,1.0,0.0,-0.008911832424486498,-0.008911832424486498,1.1564050948651488,1.9806934594168628
2016-11-01,-0.005985652348370274,1.0,0.0,-0.005985652348370274,-0.005985652348370274,1.149503930583081,1.9688731284475955
2016-11-02,-0.005216705249532418,1.0,0.0,-0.005216705249532418,-0.005216705249532418,1.1435229215386222,1.9586288416075641
2016-11-03,0.00020114653592898302,1.0,0.0,0.00020114653592898302,0.00020114653592898302,1.1437529603480243,1.9590228526398725
2016-11-04,0.01912408881042797,1.0,0.0,0.01912408881042797,0.01912408881042797,1.165836686050641,1.9968479117415274
2016-11-07,-0.0011846003359604084,0.0,0.0005,-0.0005,-0.0011846003359604084,1.1652539134129163,1.9944838455476737
2016-11-08,0.016458051736620148,1.0,0.0005,0.015958051736620148,0.016458051736620148,1.183998259488014,2.0275807722616217
2016-11-09,0.010438911727829204,0.0,0.0005,-0.0005,0.010438911727829204,1.1834064083333888,2.0488573680063027
2016-11-10,0.003072199036970059,0.0,0.0,0.0,0.003072199036970059,1.1834064083333888,2.0551615445232447
2016-11-11,0.0009581298040636317,0.0,0.0,0.0,0.0009581298040636317,1.1834064083333888,2.05713159968479
2016-11-14,0.0,0.0,0.0,0.0,0.0,1.1834064083333888,2.05713159968479
2016-11-15,-0.0030692523614831266,0.0,0.0,-0.0,-0.0030692523614831266,1.1834064083333888,2.050827423167847
2016-11-16,0.010511324682686323,0.0,0.0,0.0,0.010511324682686323,1.1834064083333888,2.072498029944837
2016-11-17,-0.0022839751078306166,0.0,0.0,-0.0,-0.0022839751078306166,1.1834064083333888,2.06776989755713
2016-11-18,0.00019053062837485297,0.0,0.0,0.0,0.00019053062837485297,1.1834064083333888,2.068163908589439
2016-11-21,0.005699103571316482,0.0,0.0,0.0,0.005699103571316482,1.1834064083333888,2.0799842395587063
2016-11-22,0.0035927050083987225,0.0,0.0,0.0,0.0035927050083987225,1.1834064083333888,2.0874704491725753
2016-11-23,0.005083320745610994,0.0,0.0,0.0,0.005083320745610994,1.1834064083333888,2.098108747044916
2016-11-24,0.003187403092280371,0.0,0.0,0.0,0.003187403092280371,1.1834064083333888,2.1048069345941673
2016-11-25,-0.014898908316127153,0.0,0.0,-0.0,-0.014898908316127153,1.1834064083333888,2.073680063041764
2016-11-28,0.0030354794698371525,0.0,0.0,0.0,0.0030354794698371525,1.1834064083333888,2.0799842395587063
2016-11-29,-0.0022757453402268493,0.0,0.0,-0.0,-0.0022757453402268493,1.1834064083333888,2.0752561071709996
2016-11-30,-0.012610025710316953,0.0,0.0,-0.0,-0.012610025710316953,1.1834064083333888,2.0492513790386115
2016-12-01,-0.0026954194216723226,0.0,0.0,-0.0,-0.0026954194216723226,1.1834064083333888,2.0437352245862868
2016-12-02,0.005575329255088599,0.0,0.0,0.0,0.005575329255088599,1.1834064083333888,2.055161544523245
2016-12-05,0.004399815801730936,0.0,0.0,0.0,0.004399815801730936,1.1834064083333888,2.06422379826635
2016-12-06,0.009309462123302643,0.0,0.0,0.0,0.009309462123302643,1.1834064083333888,2.083530338849487
2016-12-07,-0.0013246288245890674,0.0,0.0,-0.0,-0.0013246288245890674,1.1834064083333888,2.0807722616233244
2016-12-08,0.005099642745164835,0.0,0.0,0.0,0.005099642745164835,1.1834064083333888,2.0914105594956647
2016-12-09,-0.004720998287782275,0.0,0.0,-0.0,-0.004720998287782275,1.1834064083333888,2.081560283687942
2016-12-12,0.007542936008441491,0.0,0.0,0.0,0.007542936008441491,1.1834064083333888,2.097320724980298
2016-12-13,0.002064371569202232,0.0,0.0,0.0,0.002064371569202232,1.1834064083333888,2.101654846335696
2016-12-14,0.009144413818997612,0.0,0.0,0.0,0.009144413818997612,1.1834064083333888,2.1209613869188324
2016-12-15,-0.0022317286554978458,0.0,0.0,-0.0,-0.0022317286554978458,1.1834064083333888,2.1162332545311258
2016-12-16,0.0061253091746301565,0.0,0.0,0.0,0.0061253091746301565,1.1834064083333888,2.1292356185973196
2016-12-19,0.0016640477168885187,0.0,0.0,0.0,0.0016640477168885187,1.1834064083333888,2.1327817178881
2016-12-20,0.0009232758480624977,0.0,0.0,0.0,0.0009232758480624977,1.1834064083333888,2.1347517730496444
2016-12-21,0.00313277691026935,0.0,0.0,0.0,0.00313277691026935,1.1834064083333888,2.1414499605988957
2016-12-22,0.0049555024783404,0.0,0.0,0.0,0.0049555024783404,1.1834064083333888,2.152088258471236
2016-12-23,-0.009750790162223242,0.0,0.0,-0.0,-0.009750790162223242,1.1834064083333888,2.1312056737588643
2016-12-28,-0.0037043939379303387,0.0,0.0,-0.0,-0.0037043939379303387,1.1834064083333888,2.1233254531126864
2016-12-29,-0.010070954197642923,0.0,0.0,-0.0,-0.010070954197642923,1.1834064083333888,2.1020488573680054
2016-12-30,0.008399489419976348,0.0,0.0,0.0,0.008399489419976348,1.1834064083333888,2.1197793538219063
2017-01-03,-0.003724399090982328,0.0,0.0,-0.0,-0.003724399090982328,1.1834064083333888,2.1118991331757284
2017-01-04,-0.005050043464245503,0.0,0.0,-0.0,-0.005050043464245503,1.1834064083333888,2.1012608353033877
2017-01-05,0.002995695930648001,0.0,0.0,0.0,0.002995695930648001,1.1834064083333888,2.10756501182033
2017-01-06,-0.0033707897084891,0.0,0.0,-0.0,-0.0033707897084891,1.1834064083333888,2.10047281323877
2017-01-09,0.00018756447583829624,0.0,0.0,0.0,0.00018756447583829624,1.1834064083333888,2.100866824271079
2017-01-10,-0.002065146702230031,0.0,0.0,-0.0,-0.002065146702230031,1.1834064083333888,2.096532702915681
2017-01-11,-0.004709436979525155,0.0,0.0,-0.0,-0.004709436979525155,1.1834064083333888,2.0866824271079585
2017-01-12,0.0007550019233690852,0.0,0.0,0.0,0.0007550019233690852,1.1834064083333888,2.088258471237194
2017-01-13,0.009015838681620548,0.0,0.0,0.0,0.009015838681620548,1.1834064083333888,2.1071710007880213
2017-01-16,-0.017542654910782347,0.0,0.0,-0.0,-0.017542654910782347,1.1834064083333888,2.0705279747832934
2017-01-17,0.017729623220198613,0.0,0.0,0.0,0.017729623220198613,1.1834064083333888,2.10756501182033
2017-01-18,0.00018693335880213985,0.0,0.0,0.0,0.00018693335880213985,1.1834064083333888,2.1079590228526395
2017-01-19,0.003731347612858184,0.0,0.0,0.0,0.003731347612858184,1.1834064083333888,2.1158392434988174
2017-01-20,-0.005976857538440918,0.0,0.0,-0.0,-0.005976857538440918,1.1834064083333888,2.103230890464933
2017-01-23,-0.0018751177442444145,1.0,0.0005,-0.0023751177442444147,-0.0018751177442444145,1.1805990140400566,2.0992907801418434
2017-01-24,0.0007504690783741788,0.0,0.0005,-0.0005,0.0007504690783741788,1.1800088620833205,2.100866824271079
2017-01-25,0.0020608906591720938,1.0,0.0005,0.0015608906591720938,0.0020608906591720938,1.1818521651168814,2.105200945626477
2017-01-26,0.0014961663535332102,1.0,0.0,0.0014961663535332102,0.0014961663535332102,1.1836217360172996,2.1083530338849483
2017-01-27,-0.007126811860361252,1.0,0.0,-0.007126811860361252,-0.007126811860361252,1.1752162742403127,2.0933806146572103
2017-01-30,-0.009265453445790123,1.0,0.0,-0.009265453445790123,-0.009265453445790123,1.1643776524752505,2.074074074074074
2017-01-31,0.003602924159162745,1.0,0.0,0.003602924159162745,0.003602924159162745,1.168580383363744,2.081560283687943
2017-02-01,-0.0018946576338460873,1.0,0.0,-0.0018946576338460873,-0.0018946576338460873,1.1663684197382211,2.077620173364854
2017-02-02,0.007933551245578579,1.0,0.0,0.007933551245578579,0.007933551245578579,1.1756586669654174,2.094168636721828
2017-02-03,0.002818226383841791,1.0,0.0,0.002818226383841791,0.002818226383841791,1.1789766124037016,2.1000788022064616
2017-02-06,0.006172281823035077,1.0,0.0,0.006172281823035077,0.006172281823035077,1.1862760923679272,2.1130811662726554
2017-02-07,0.0,0.0,0.0005,-0.0005,0.0,1.185683102581544,2.1130811662726554
2017-02-08,0.004836318950571524,1.0,0.0005,0.004336318950571525,0.004836318950571524,1.19083576641147,2.1233254531126873
2017-02-09,0.0,0.0,0.0005,-0.0005,0.0,1.190240497357929,2.1233254531126873
2017-02-10,0.004258871357182003,0.0,0.0,0.0,0.004258871357182003,1.190240497357929,2.132387706855792
2017-02-13,0.0036886799478533672,0.0,0.0,0.0,0.0036886799478533672,1.190240497357929,2.14026792750197
2017-02-14,0.005507632795118243,0.0,0.0,0.0,0.005507632795118243,1.190240497357929,2.1520882584712373
2017-02-15,-0.0003662332946994807,0.0,0.0,-0.0,-0.0003662332946994807,1.190240497357929,2.1513002364066196
2017-02-16,0.002743485945750834,0.0,0.0,0.0,0.002743485945750834,1.190240497357929,2.157210401891253
2017-02-17,0.009452897148561462,0.0,0.0,0.0,0.009452897148561462,1.190240497357929,2.177698975571316
2017-02-21,-0.00018094634990118138,0.0,0.0,-0.0,-0.00018094634990118138,1.190240497357929,2.1773049645390072
2017-02-22,-0.0019925737957590017,0.0,0.0,-0.0,-0.0019925737957590017,1.190240497357929,2.172970843183609
2017-02-23,0.0010873505964418698,0.0,0.0,0.0,0.0010873505964418698,1.190240497357929,2.1753349093774625
2017-02-24,0.005419088406116698,0.0,0.0,0.0,0.005419088406116698,1.190240497357929,2.18715524034673
2017-02-27,0.007001195458983561,0.0,0.0,0.0,0.007001195458983561,1.190240497357929,2.202521670606777
2017-02-28,0.017379405333932053,0.0,0.0,0.0,0.017379405333932053,1.190240497357929,2.2411347517730498
2017-03-01,-0.0012314189259499126,0.0,0.0,-0.0,-0.0012314189259499126,1.190240497357929,2.238376674546888
2017-03-02,-0.0008805142771936319,0.0,0.0,-0.0,-0.0008805142771936319,1.190240497357929,2.236406619385343
2017-03-03,-0.0007049700679698213,0.0,0.0,-0.0,-0.0007049700679698213,1.190240497357929,2.2348305752561077
2017-03-06,-0.0026480728688077514,0.0,0.0,-0.0,-0.0026480728688077514,1.190240497357929,2.228920409771474
2017-03-07,0.004057516372041207,0.0,0.0,0.0,0.004057516372041207,1.190240497357929,2.2379826635145785
2017-03-08,0.0017590154051796245,0.0,0.0,0.0,0.0017590154051796245,1.190240497357929,2.241922773837668
2017-03-09,-0.0003515556372997306,0.0,0.0,-0.0,-0.0003515556372997306,1.190240497357929,2.24113475177305
2017-03-10,-0.0003516792721317272,0.0,0.0,-0.0,-0.0003516792721317272,1.190240497357929,2.240346729708432
2017-03-13,-0.0003518029939537205,0.0,0.0,-0.0,-0.0003518029939537205,1.190240497357929,2.239558707643815
2017-03-14,-0.005291950963455734,0.0,0.0,-0.0,-0.005291950963455734,1.190240497357929,2.227738376674547
2017-03-15,0.0015905278602694982,0.0,0.0,0.0,0.0015905278602694982,1.190240497357929,2.2312844759653276
2017-03-16,-0.0019443223093869475,0.0,0.0,-0.0,-0.0019443223093869475,1.190240497357929,2.22695035460993
2017-03-17,-0.0008850341315814568,0.0,0.0,-0.0,-0.0008850341315814568,1.190240497357929,2.224980299448385
2017-03-20,-0.011756458884403019,0.0,0.0,-0.0,-0.011756458884403019,1.190240497357929,2.1989755713159975
2017-03-21,-0.0012550427465401015,0.0,0.0,-0.0,-0.0012550427465401015,1.190240497357929,2.196217494089835
2017-03-22,0.0005380683476603034,0.0,0.0,0.0,0.0005380683476603034,1.190240497357929,2.197399527186762
2017-03-23,-0.0026932415956436077,0.0,0.0,-0.0,-0.0026932415956436077,1.190240497357929,2.1914893617021285
2017-03-24,-0.0010793309196756831,0.0,0.0,-0.0,-0.0010793309196756831,1.190240497357929,2.189125295508275
2017-03-27,0.007709585474658939,0.0,0.0,0.0,0.007709585474658939,1.190240497357929,2.206067769897558
2017-03-28,-0.002682644906684894,0.0,0.0,-0.0,-0.002682644906684894,1.190240497357929,2.2001576044129245
2017-03-29,0.003039787767623857,0.0,0.0,0.0,0.003039787767623857,1.190240497357929,2.206855791962176
2017-03-30,-0.005011644640295989,0.0,0.0,-0.0,-0.005011644640295989,1.190240497357929,2.1958234830575263
2017-03-31,0.004833089153704296,0.0,0.0,0.0,0.004833089153704296,1.190240497357929,2.2064617809298666
2017-04-03,0.0021405644991108167,0.0,0.0,0.0,0.0021405644991108167,1.190240497357929,2.211189913317573
2017-04-04,-0.0012481057160912915,0.0,0.0,-0.0,-0.0012481057160912915,1.190240497357929,2.208431836091411
2017-04-05,0.0016044214155676066,0.0,0.0,0.0,0.0016044214155676066,1.190240497357929,2.2119779353821913
2017-04-06,-0.0010693282074018102,0.0,0.0,-0.0,-0.0010693282074018102,1.190240497357929,2.209613869188338
2017-04-07,-0.0057224762740662105,0.0,0.0,-0.0,-0.0057224762740662105,1.190240497357929,2.197005516154453
2017-04-10,-0.0010766195190300158,0.0,0.0,-0.0,-0.0010766195190300158,1.190240497357929,2.1946414499605997
2017-04-11,-0.008473863020142264,0.0,0.0,-0.0,-0.008473863020142264,1.190240497357929,2.1761229314420807
2017-04-12,-0.0018122513115038878,1.0,0.0005,-0.0023122513115038878,-0.0018122513115038878,1.1874915415699967,2.172182821118992
2017-04-13,0.00686915210047757,1.0,0.0,0.00686915210047757,0.00686915210047757,1.1956766818891802,2.1871552403467303
2017-04-17,0.0025188930194839864,1.0,0.0,0.0025188930194839864,0.0025188930194839864,1.198692259901511,2.1926713947990546
2017-04-18,0.005376357036380496,1.0,0.0,0.005376357036380496,0.005376357036380496,1.2051542127850774,2.2044917257683223
2017-04-19,0.007478667335549316,0.0,0.0005,-0.0005,0.007478667335549316,1.2045517862978572,2.221040189125296
2017-04-20,-0.0007098491868610551,0.0,0.0,-0.0,-0.0007098491868610551,1.2045517862978572,2.2194641449960604
2017-04-21,0.011122014197097881,0.0,0.0,0.0,0.011122014197097881,1.2045517862978572,2.244286840031522
2017-04-24,0.010131091019681394,0.0,0.0,0.0,0.010131091019681394,1.2045517862978572,2.267139479905438
2017-04-25,0.0029501105994731423,0.0,0.0,0.0,0.0029501105994731423,1.2045517862978572,2.273837667454689
2017-04-26,0.0013852816068114968,0.0,0.0,0.0,0.0013852816068114968,1.2045517862978572,2.2769897557131604
2017-04-27,0.00017302534864515112,0.0,0.0,0.0,0.00017302534864515112,1.2045517862978572,2.2773837667454693
2017-04-28,0.003971342524185242,0.0,0.0,0.0,0.003971342524185242,1.2045517862978572,2.2864460204885746
2017-05-01,0.0032688201149602496,0.0,0.0,0.0,0.0032688201149602496,1.2045517862978572,2.2939322301024436
2017-05-02,-0.0008591803948070046,0.0,0.0,-0.0,-0.0008591803948070046,1.2045517862978572,2.291962174940899
2017-05-03,0.00411735012954775,0.0,0.0,0.0,0.00411735012954775,1.2045517862978572,2.301418439716312
2017-05-04,-0.0037735893836393797,0.0,0.0,-0.0,-0.0037735893836393797,1.2045517862978572,2.2927501970055166
2017-05-05,0.0029172049860064476,0.0,0.0,0.0,0.0029172049860064476,1.2045517862978572,2.2994483845547684
2017-05-08,0.0013698632279139041,0.0,0.0,0.0,0.0013698632279139041,1.2045517862978572,2.3026004728132397
2017-05-09,-0.003599901033470165,0.0,0.0,-0.0,-0.003599901033470165,1.2045517862978572,2.2943262411347525
2017-05-10,0.0006866953059543789,0.0,0.0,0.0,0.0006866953059543789,1.2045517862978572,2.2959022852639883
2017-05-11,-0.0003432887091729254,0.0,0.0,-0.0,-0.0003432887091729254,1.2045517862978572,2.2951142631993706
2017-05-12,-0.0005151541283327503,0.0,0.0,-0.0,-0.0005151541283327503,1.2045517862978572,2.293932230102444
2017-05-15,-0.0037859277710577707,0.0,0.0,-0.0,-0.0037859277710577707,1.2045517862978572,2.285263987391648
2017-05-16,-0.016164425997802667,0.0,0.0,-0.0,-0.016164425997802667,1.2045517862978572,2.24862096138692
2017-05-17,0.0031490578857323766,0.0,0.0,0.0,0.0031490578857323766,1.2045517862978572,2.2557131599684803
2017-05-18,-0.0001746877460988842,0.0,0.0,-0.0,-0.0001746877460988842,1.2045517862978572,2.2553191489361715
2017-05-19,0.0073107375220059275,0.0,0.0,0.0,0.0073107375220059275,1.2045517862978572,2.2718676122931454
2017-05-23,-0.0045193888847353285,0.0,0.0,-0.0,-0.0045193888847353285,1.2045517862978572,2.261623325453114
2017-05-24,0.008845777912177768,0.0,0.0,0.0,0.008845777912177768,1.2045517862978572,2.2817178881008684
2017-05-25,-0.0008637816897093833,0.0,0.0,-0.0,-0.0008637816897093833,1.2045517862978572,2.279747832939324
2017-05-26,0.005515353519066544,0.0,0.0,0.0,0.005515353519066544,1.2045517862978572,2.2923561859732087
2017-05-29,-0.006206916478855592,0.0,0.0,-0.0,-0.006206916478855592,1.2045517862978572,2.2781717888100883
2017-05-30,0.002935845300149265,0.0,0.0,0.0,0.002935845300149265,1.2045517862978572,2.2848699763593396
2017-05-31,0.007901106029728312,0.0,0.0,0.0,0.007901106029728312,1.2045517862978572,2.3029944838455494
2017-06-01,0.0018801817349786232,0.0,0.0,0.0,0.0018801817349786232,1.2045517862978572,2.307328605200947
2017-06-02,-0.0017091099699562552,0.0,0.0,-0.0,-0.0017091099699562552,1.2045517862978572,2.3033884948778582
2017-06-05,-0.005488864552370033,0.0,0.0,-0.0,-0.005488864552370033,1.2045517862978572,2.290780141843973
2017-06-06,0.007710138425967482,0.0,0.0,0.0,0.007710138425967482,1.2045517862978572,2.3085106382978737
2017-06-07,-0.000853752292957533,0.0,0.0,-0.0,-0.000853752292957533,1.2045517862978572,2.306540583136329
2017-06-08,-0.004794529732451257,0.0,0.0,-0.0,-0.004794529732451257,1.2045517862978572,2.29550827423168
2017-06-09,-0.010178643903967177,0.0,0.0,-0.0,-0.010178643903967177,1.2045517862978572,2.2722616233254547
2017-06-12,-0.003126087992121673,0.0,0.0,-0.0,-0.003126087992121673,1.2045517862978572,2.2651694247438945
2017-06-13,-0.00017395842437542536,1.0,0.0005,-0.0006739584243754253,-0.00017395842437542536,1.203740241978169,2.2647754137115856
2017-06-14,0.0008694896643780405,1.0,0.0,0.0008694896643780405,0.0008694896643780405,1.2047873368302728,2.2667454688731303
2017-06-15,-0.0038314223115559487,1.0,0.0,-0.0038314223115559487,-0.0038314223115559487,1.2001801194810175,2.2580772261623347
2017-06-16,0.007475045671142968,1.0,0.0,0.007475045671142968,0.007475045671142968,1.2091851352091074,2.2750197005516175
2017-06-19,-0.00260123271620803,0.0,0.0005,-0.0005,-0.00260123271620803,1.2085806937644565,2.269109535066984
2017-06-20,0.003985795069618988,0.0,0.0,0.0,0.003985795069618988,1.2085806937644565,2.2781717888100887
2017-06-21,-0.006942061895282132,0.0,0.0,-0.0,-0.006942061895282132,1.2085806937644565,2.2624113475177325
2017-06-22,-0.0012198311175381988,0.0,0.0,-0.0,-0.0012198311175381988,1.2085806937644565,2.25965327029157
2017-06-23,-0.0005232406154085763,0.0,0.0,-0.0,-0.0005232406154085763,1.2085806937644565,2.2584712371946436
2017-06-26,-0.01334758137165372,1.0,0.0005,-0.013847581371653721,-0.01334758137165372,1.1919601172459802,2.228526398739167
2017-06-27,-0.00247831601446709,1.0,0.0,-0.00247831601446709,-0.00247831601446709,1.1890097209161634,2.2230102442868422
2017-06-28,-0.010154180058640473,1.0,0.0,-0.010154180058640473,-0.010154180058640473,1.1769973930019093,2.2005516154452347
2017-06-29,-0.0008956561279445173,1.0,0.0,-0.0008956561279445173,-0.0008956561279445173,1.1759436800269747,2.19858156028369
2017-06-30,0.003934900444697326,1.0,0.0,0.003934900444697326,0.003934900444697326,1.180580017116687,2.2072498029944865
2017-07-04,-0.00035707909681332786,1.0,0.0,-0.00035707909681332786,-0.00035707909681332786,1.180158531926713,2.2064617809298683
2017-07-05,-0.008968669982760375,1.0,0.0,-0.008968669982760375,-0.008968669982760375,1.1696214021773674,2.186761229314423
2017-07-06,-0.00018019641457895044,1.0,0.0,-0.00018019641457895044,-0.00018019641457895044,1.1694106595823806,2.186367218282114
2017-07-07,0.0010806917478290584,1.0,0.0,0.0010806917478290584,0.0010806917478290584,1.1706751151523018,2.1887312844759674
2017-07-10,0.0021578861097775594,1.0,0.0,0.0021578861097775594,0.0021578861097775594,1.173204026292145,2.1934594168636745
2017-07-11,-0.006849341845574783,1.0,0.0,-0.006849341845574783,-0.006849341845574783,1.1651958076826423,2.1784869976359365
2017-07-12,0.0005424464467158064,1.0,0.0,0.0005424464467158064,0.0005424464467158064,1.165828035467603,2.179669030732863
2017-07-13,-0.0016282228834613632,1.0,0.0,-0.0016282228834613632,-0.0016282228834613632,1.1639313521127208,2.176122931442083
2017-07-14,0.003253798966162038,1.0,0.0,0.003253798966162038,0.003253798966162038,1.167724718822485,2.183215130023643
2017-07-17,-0.004703337179746824,1.0,0.0,-0.004703337179746824,-0.004703337179746824,1.1622454113528253,2.1729708431836117
2017-07-18,0.0034392286592684123,1.0,0.0,0.0034392286592684123,0.0034392286592684123,1.1662495206575767,2.1804570527974807
2017-07-19,-0.00018071744876158982,1.0,0.0,-0.00018071744876158982,-0.00018071744876158982,1.1660387780625896,2.1800630417651714
2017-07-20,-0.005255063284930127,1.0,0.0,-0.005255063284930127,-0.005255063284930127,1.1599272428079692,2.1686367218282134
2017-07-21,-0.002729011063290315,1.0,0.0,-0.002729011063290315,-0.002729011063290315,1.1567661038831656,2.1627265563435802
2017-07-24,0.002547308509869492,1.0,0.0,0.002547308509869492,0.002547308509869492,1.1597165002129823,2.1682427107959046
2017-07-25,-0.004735892276037418,1.0,0.0,-0.004735892276037418,-0.004735892276037418,1.1542371927433226,2.157998423955873
2017-07-26,0.0074579699935099115,1.0,0.0,0.0074579699935099115,0.0074579699935099115,1.162877639137786,2.1741528762805378
2017-07-27,-0.010200452743581076,1.0,0.0,-0.010200452743581076,-0.010200452743581076,1.1510760538185187,2.152088258471239
2017-07-28,0.0020118891102677244,1.0,0.0,0.0020118891102677244,0.0020118891102677244,1.1533942223633746,2.156422379826637
2017-07-31,0.007826047769274235,1.0,0.0,0.007826047769274235,0.007826047769274235,1.1624561539478118,2.1733648542159196
2017-08-01,0.0030772039849174594,1.0,0.0,0.0030772039849174594,0.0030772039849174594,1.1660387780625896,2.1800630417651714
2017-08-02,-0.0016279283689269836,1.0,0.0,-0.0016279283689269836,-0.0016279283689269836,1.1641420947077075,2.1765169424743913
2017-08-03,0.007754073654325089,1.0,0.0,0.007754073654325089,0.007754073654325089,1.1732040262921446,2.1934594168636745
2017-08-04,0.0007182618373077531,1.0,0.0,0.0007182618373077531,0.0007182618373077531,1.1740469966720923,2.1950354609929104
2017-08-08,0.0026888964843066183,1.0,0.0,0.0026888964843066183,0.0026888964843066183,1.1772081355968962,2.2009456264775435
2017-08-09,-0.010799241021760273,0.0,0.0005,-0.0005,-0.010799241021760273,1.1766196786555925,2.1773049645390095
2017-08-10,-0.0028996033364015648,1.0,0.0005,-0.0033996033364015648,-0.0028996033364015648,1.172626430046937,2.171000788022067
2017-08-11,0.012982511949307288,1.0,0.0,0.012982511949307288,0.012982511949307288,1.1879493162471872,2.199369582348308
2017-08-14,0.0017898698173786404,1.0,0.0,0.0017898698173786404,0.0017898698173786404,1.1900774948861108,2.203309692671397
2017-08-15,-0.008440384129178788,1.0,0.0,-0.008440384129178788,-0.008440384129178788,1.1800750552831696,2.1847911741528785
2017-08-16,-0.011244224380419035,1.0,0.0,-0.011244224380419035,-0.011244224380419035,1.1668803477218428,2.1603624901497263
2017-08-17,-0.009713262476067377,1.0,0.0,-0.009713262476067377,-0.009713262476067377,1.1556010009355475,2.139479905437354
2017-08-18,0.0005523336235420717,1.0,0.0,0.0005523336235420717,0.0005523336235420717,1.1562394545272248,2.140661938534281
2017-08-21,0.009525626157807554,1.0,0.0,0.009525626157807554,0.009525626157807554,1.1673059834496278,2.161150512214344
2017-08-22,-0.004934671441046918,1.0,0.0,-0.004934671441046918,-0.004934671441046918,1.1615599011245337,2.1505122143420037
2017-08-23,-0.0036710760758676933,1.0,0.0,-0.0036710760758676933,-0.0036710760758676933,1.1573035438466865,2.142631993695826
2017-08-24,-0.0018406042376562588,1.0,0.0,-0.0018406042376562588,-0.0018406042376562588,1.1551753652077628,2.1386918833727364
2017-08-25,0.0018406042376561804,1.0,0.0,0.0018406042376561804,0.0018406042376561804,1.1573035438466863,2.1426319936958254
2017-08-28,0.002937938213117762,1.0,0.0,0.002937938213117762,0.002937938213117762,1.1607086296689642,2.148936170212768
2017-08-29,0.012571906495653772,1.0,0.0,0.012571906495653772,0.012571906495653772,1.1753930622775375,2.1761229314420825
2017-08-30,-0.005082603063465668,0.0,0.0005,-0.0005,-0.005082603063465668,1.1748055126460473,2.1650906225374333
2017-08-31,-0.006206664685568071,0.0,0.0,-0.0,-0.006206664685568071,1.1748055126460473,2.1516942474389307
2017-09-01,-0.0073516228918155116,1.0,0.0005,-0.007851622891815511,-0.0073516228918155116,1.1656175003950042,2.1359338061465745
2017-09-05,-0.00945239175742777,1.0,0.0,-0.00945239175742777,-0.00945239175742777,1.1546515360858094,2.1158392434988205
2017-09-06,-0.008603007987908168,1.0,0.0,-0.008603007987908168,-0.008603007987908168,1.1447606663167316,2.0977147360126107
2017-09-07,0.0003755868588752576,1.0,0.0,0.0003755868588752576,0.0003755868588752576,1.1451907041327785,2.0985027580772284
2017-09-08,0.008599791269250631,1.0,0.0,0.008599791269250631,0.008599791269250631,1.155081573901856,2.116627265563438
2017-09-11,0.007972601791962809,1.0,0.0,0.007972601791962809,0.007972601791962809,1.1643273869468636,2.133569739952721
2017-09-12,0.001291870623519748,1.0,0.0,0.001291870623519748,0.001291870623519748,1.1658325193030274,2.1363278171788833
2017-09-13,-0.0003689356249188968,1.0,0.0,-0.0003689356249188968,-0.0003689356249188968,1.1654024814869806,2.135539795114265
2017-09-14,0.0020274636011534102,1.0,0.0,0.0020274636011534102,0.0020274636011534102,1.1677676894752382,2.1398739164696634
2017-09-15,0.01044061137087582,0.0,0.0005,-0.0005,0.01044061137087582,1.1671839515771365,2.1623325453112705
2017-09-18,-0.0009114940016727212,0.0,0.0,-0.0,-0.0009114940016727212,1.1671839515771365,2.1603624901497263
2017-09-19,0.0005469960935001078,0.0,0.0,0.0,0.0005469960935001078,1.1671839515771365,2.161544523246653
2017-09-20,-0.0016418867138271879,0.0,0.0,-0.0,-0.0016418867138271879,1.1671839515771365,2.1579984239558727
2017-09-21,0.00018256503930217361,0.0,0.0,0.0,0.00018256503930217361,1.1671839515771365,2.158392434988182
2017-09-22,0.0007299270397075811,1.0,0.0005,0.00022992703970758108,0.0007299270397075811,1.1674523495827138,2.1599684791174174
2017-09-25,-0.0018258175603447905,1.0,0.0,-0.0018258175603447905,-0.0018258175603447905,1.1653227393135004,2.156028368794328
2017-09-26,0.014153747438093766,1.0,0.0,0.014153747438093766,0.014153747438093766,1.1819336994133638,2.1867612293144223
2017-09-27,-0.002164503009573014,0.0,0.0005,-0.0005,-0.002164503009573014,1.181342880280749,2.182033096926715
2017-09-28,0.005761629190422512,0.0,0.0,0.0,0.005761629190422512,1.181342880280749,2.1946414499606006
2017-09-29,0.008224612784317138,0.0,0.0,0.0,0.008224612784317138,1.181342880280749,2.2127659574468095
2017-10-02,0.00017804682678574464,0.0,0.0,0.0,0.00017804682678574464,1.181342880280749,2.2131599684791188
2017-10-03,0.00017801513175619063,0.0,0.0,0.0,0.00017801513175619063,1.181342880280749,2.2135539795114276
2017-10-04,0.013437260173793927,0.0,0.0,0.0,0.013437260173793927,1.181342880280749,2.243498817966904
2017-10-05,-0.0031662295580495493,0.0,0.0,-0.0,-0.0031662295580495493,1.181342880280749,2.236406619385344
2017-10-06,-0.0019398648178265917,0.0,0.0,-0.0,-0.0019398648178265917,1.181342880280749,2.2320724980299462
2017-10-10,-0.002297429657688603,0.0,0.0,-0.0,-0.002297429657688603,1.181342880280749,2.2269503546099303
2017-10-11,-0.0008850341315814568,0.0,0.0,-0.0,-0.0008850341315814568,1.181342880280749,2.2249802994483856
2017-10-12,0.0021227674696871392,0.0,0.0,0.0,0.0021227674696871392,1.181342880280749,2.2297084318360922
2017-10-13,0.0052872876081234066,0.0,0.0,0.0,0.0052872876081234066,1.181342880280749,2.241528762805359
2017-10-16,0.0008785030873354331,0.0,0.0,0.0,0.0008785030873354331,1.181342880280749,2.2434988179669033
2017-10-17,-0.0042238711161850595,0.0,0.0,-0.0,-0.0042238711161850595,1.181342880280749,2.2340425531914896
2017-10-18,0.0014099403111187865,0.0,0.0,0.0,0.0014099403111187865,1.181342880280749,2.237194641449961
2017-10-19,0.016073022469228683,0.0,0.0,0.0,0.016073022469228683,1.181342880280749,2.2734436564223803
2017-10-20,-0.0012139080654789394,0.0,0.0,-0.0,-0.0012139080654789394,1.181342880280749,2.270685579196218
2017-10-23,0.003983034099414023,0.0,0.0,0.0,0.003983034099414023,1.181342880280749,2.2797478329393224
2017-10-24,0.004999579416684443,0.0,0.0,0.0,0.004999579416684443,1.181342880280749,2.291174152876281
2017-10-25,0.005829920490261035,0.0,0.0,0.0,0.005829920490261035,1.181342880280749,2.304570527974784
2017-10-26,0.005286055449646663,0.0,0.0,0.0,0.005286055449646663,1.181342880280749,2.3167848699763596
2017-10-27,-0.0032365244162432852,0.0,0.0,-0.0,-0.0032365244162432852,1.181342880280749,2.30929866036249
2017-10-30,0.007140458764260088,0.0,0.0,0.0,0.007140458764260088,1.181342880280749,2.325847123719464
2017-10-31,-0.0016954904027760744,0.0,0.0,-0.0,-0.0016954904027760744,1.181342880280749,2.321907013396375
2017-11-01,-0.00374022877372741,0.0,0.0,-0.0,-0.00374022877372741,1.181342880280749,2.313238770685579
2017-11-02,-0.0006815471383259918,0.0,0.0,-0.0,-0.0006815471383259918,1.181342880280749,2.3116627265563436
2017-11-03,-0.0020474328940422305,0.0,0.0,-0.0,-0.0020474328940422305,1.181342880280749,2.3069345941686366
2017-11-06,0.004090682370437362,0.0,0.0,0.0,0.004090682370437362,1.181342880280749,2.3163908589440507
2017-11-07,-0.0030664419258256857,0.0,0.0,-0.0,-0.0030664419258256857,1.181342880280749,2.3092986603624905
2017-11-08,-0.006161238042527854,0.0,0.0,-0.0,-0.006161238042527854,1.181342880280749,2.29511426319937
2017-11-09,0.0,0.0,0.0,0.0,0.0,1.181342880280749,2.29511426319937
2017-11-10,0.004282661792000949,0.0,0.0,0.0,0.004282661792000949,1.181342880280749,2.3049645390070927
2017-11-13,-0.00171086440362943,0.0,0.0,-0.0,-0.00171086440362943,1.181342880280749,2.301024428684004
2017-11-14,-0.0034305350967891368,0.0,0.0,-0.0,-0.0034305350967891368,1.181342880280749,2.293144208037826
2017-11-15,0.008383999832850965,0.0,0.0,0.0,0.008383999832850965,1.181342880280749,2.3124507486209622
2017-11-16,-0.002217484917186886,0.0,0.0,-0.0,-0.002217484917186886,1.181342880280749,2.3073286052009467
2017-11-17,0.004939964053229672,0.0,0.0,0.0,0.004939964053229672,1.181342880280749,2.3187549251379056
2017-11-20,0.004577442933660464,0.0,0.0,0.0,0.004577442933660464,1.181342880280749,2.3293932230102454
2017-11-21,-0.006959206563851746,0.0,0.0,-0.0,-0.006959206563851746,1.181342880280749,2.3132387706855804
2017-11-22,0.0020418588002699186,0.0,0.0,0.0,0.0020418588002699186,1.181342880280749,2.317966903073287
2017-11-23,0.0006796941638053114,0.0,0.0,0.0,0.0006796941638053114,1.181342880280749,2.3195429472025224
2017-11-24,0.0038993013718825295,0.0,0.0,0.0,0.0038993013718825295,1.181342880280749,2.3286052009456273
2017-11-27,0.013445580709351118,0.0,0.0,0.0,0.013445580709351118,1.181342880280749,2.3601260835303397
2017-11-28,0.003333336419758217,0.0,0.0,0.0,0.003333336419758217,1.181342880280749,2.3680063041765176
2017-11-29,0.012237625849930243,0.0,0.0,0.0,0.012237625849930243,1.181342880280749,2.397163120567377
2017-11-30,-0.01791092656653033,0.0,0.0,-0.0,-0.01791092656653033,1.181342880280749,2.354609929078015
2017-12-01,-0.0005021340803472585,0.0,0.0,-0.0,-0.0005021340803472585,1.181342880280749,2.353427895981088
2017-12-04,-0.004026175544400212,0.0,0.0,-0.0,-0.004026175544400212,1.181342880280749,2.3439716312056746
2017-12-05,0.006701315076556653,0.0,0.0,0.0,0.006701315076556653,1.181342880280749,2.3597320724980304
2017-12-06,0.007651401267169519,0.0,0.0,0.0,0.007651401267169519,1.181342880280749,2.3778565799842406
2017-12-07,0.006276862365943498,0.0,0.0,0.0,0.006276862365943498,1.181342880280749,2.392828999211979
2017-12-08,0.0029595549389093627,0.0,0.0,0.0,0.0029595549389093627,1.181342880280749,2.3999211977935393
2017-12-11,0.002950821813282505,0.0,0.0,0.0,0.002950821813282505,1.181342880280749,2.4070133963751
2017-12-12,-0.004100719270583482,0.0,0.0,-0.0,-0.004100719270583482,1.181342880280749,2.3971631205673773
2017-12-13,-0.008583743691391555,0.0,0.0,-0.0,-0.008583743691391555,1.181342880280749,2.376674546887314
2017-12-14,0.016931447457219917,0.0,0.0,0.0,0.016931447457219917,1.181342880280749,2.417257683215132
2017-12-15,0.005688759754421768,0.0,0.0,0.0,0.005688759754421768,1.181342880280749,2.4310480693459433
2017-12-18,-0.003246756098869981,0.0,0.0,-0.0,-0.003246756098869981,1.181342880280749,2.4231678486997654
2017-12-19,-0.0030942130378755883,0.0,0.0,-0.0,-0.0030942130378755883,1.181342880280749,2.415681639085896
2017-12-20,-0.005889105847316038,0.0,0.0,-0.0,-0.005889105847316038,1.181342880280749,2.4014972419227756
2017-12-21,-0.0016420364937444099,0.0,0.0,-0.0,-0.0016420364937444099,1.181342880280749,2.397557131599686
2017-12-22,-0.007257165282886417,0.0,0.0,-0.0,-0.007257165282886417,1.181342880280749,2.380220646178094
2017-12-27,-0.007810592262132678,0.0,0.0,-0.0,-0.007810592262132678,1.181342880280749,2.361702127659576
2017-12-28,-0.004012041489960658,0.0,0.0,-0.0,-0.004012041489960658,1.181342880280749,2.3522458628841623
2017-12-29,0.0015064024942565682,0.0,0.0,0.0,0.0015064024942565682,1.181342880280749,2.3557919621749424
2018-01-02,0.009653869915521824,0.0,0.0,0.0,0.009653869915521824,1.181342880280749,2.378644602048859
2018-01-03,0.0014896965429771916,0.0,0.0,0.0,0.0014896965429771916,1.181342880280749,2.3821907013396393
2018-01-04,-0.000330851946773191,0.0,0.0,-0.0,-0.000330851946773191,1.181342880280749,2.381402679275021
2018-01-05,0.0029737342251182947,0.0,0.0,0.0,0.0029737342251182947,1.181342880280749,2.3884948778565813
2018-01-08,0.004444085990825752,0.0,0.0,0.0,0.004444085990825752,1.181342880280749,2.3991331757289225
2018-01-09,0.005404975896783697,0.0,0.0,0.0,0.005404975896783697,1.181342880280749,2.4121355397951163
2018-01-10,0.005213436376629374,0.0,0.0,0.0,0.005213436376629374,1.181342880280749,2.4247438928290013
2018-01-11,0.0027586224390796607,0.0,0.0,0.0,0.0027586224390796607,1.181342880280749,2.4314420803782526
2018-01-12,0.009515433460431991,0.0,0.0,0.0,0.009515433460431991,1.181342880280749,2.454688731284478
2018-01-15,-0.015529267107301868,0.0,0.0,-0.0,-0.015529267107301868,1.181342880280749,2.4168636721828234
2018-01-16,0.008118245593061141,0.0,0.0,0.0,0.008118245593061141,1.181342880280749,2.436564223798269
2018-01-17,-0.001456428771079964,0.0,0.0,-0.0,-0.001456428771079964,1.181342880280749,2.433018124507489
2018-01-18,0.010631543437864897,0.0,0.0,0.0,0.010631543437864897,1.181342880280749,2.459022852639876
2018-01-19,0.003678532736596083,0.0,0.0,0.0,0.003678532736596083,1.181342880280749,2.4680851063829814
2018-01-22,0.0007978936033293672,0.0,0.0,0.0,0.0007978936033293672,1.181342880280749,2.4700551615445256
2018-01-23,-0.008168540655269355,0.0,0.0,-0.0,-0.008168540655269355,1.181342880280749,2.449960598896771
2018-01-24,0.003211306549049481,0.0,0.0,0.0,0.003211306549049481,1.181342880280749,2.4578408195429495
2018-01-25,0.007506223856599163,0.0,0.0,0.0,0.007506223856599163,1.181342880280749,2.4763593380614677
2018-01-26,-0.004305196795520351,0.0,0.0,-0.0,-0.004305196795520351,1.181342880280749,2.4657210401891274
2018-01-29,-0.01221880153676579,0.0,0.0,-0.0,-0.01221880153676579,1.181342880280749,2.435776201733651
2018-01-30,-0.0016189092090101653,0.0,0.0,-0.0,-0.0016189092090101653,1.181342880280749,2.4318360914105615
2018-01-31,-0.003245702297571485,0.0,0.0,-0.0,-0.003245702297571485,1.181342880280749,2.4239558707643836
2018-02-01,-0.00947255163982564,0.0,0.0,-0.0,-0.00947255163982564,1.181342880280749,2.4011032308904667
2018-02-02,-0.034048682900021936,0.0,0.0,-0.0,-0.034048682900021936,1.181342880280749,2.3207249802994503
2018-02-05,0.016501468893886588,0.0,0.0,0.0,0.016501468893886588,1.181342880280749,2.359338061465723
2018-02-06,0.00033394556997607615,0.0,0.0,0.0,0.00033394556997607615,1.181342880280749,2.360126083530341
2018-02-07,-0.034650205573414646,1.0,0.0005,-0.035150205573414646,-0.034650205573414646,1.1405397553615386,2.279747832939324
2018-02-08,0.01339075803040706,0.0,0.0005,-0.0005,0.01339075803040706,1.139969628027569,2.310480693459419
2018-02-09,0.01506332958690273,0.0,0.0,0.0,0.01506332958690273,1.139969628027569,2.3455476753349114
2018-02-12,0.0021813919213035412,0.0,0.0,0.0,0.0021813919213035412,1.139969628027569,2.350669818754927
2018-02-13,0.006016060925618781,0.0,0.0,0.0,0.006016060925618781,1.139969628027569,2.3648542159180477
2018-02-14,0.009452022944676576,0.0,0.0,0.0,0.009452022944676576,1.139969628027569,2.387312844759655
2018-02-15,0.007563337599815921,0.0,0.0,0.0,0.007563337599815921,1.139969628027569,2.4054373522458645
2018-02-16,0.0018001805041478473,0.0,0.0,0.0,0.0018001805041478473,1.139969628027569,2.4097714736012628
2018-02-20,-0.00245559589710045,0.0,0.0,-0.0,-0.00245559589710045,1.139969628027569,2.403861308116629
2018-02-21,0.0031094043545193827,0.0,0.0,0.0,0.0031094043545193827,1.139969628027569,2.411347517730498
2018-02-22,0.01137299017226998,0.0,0.0,0.0,0.01137299017226998,1.139969628027569,2.4389282899921216
2018-02-23,0.012203105833495164,0.0,0.0,0.0,0.012203105833495164,1.139969628027569,2.468873128447598
2018-02-26,-0.0036773564503929114,0.0,0.0,-0.0,-0.0036773564503929114,1.139969628027569,2.4598108747044933
2018-02-27,-0.004977930793166508,0.0,0.0,-0.0,-0.004977930793166508,1.139969628027569,2.447596532702917
2018-02-28,-0.015738136147304894,0.0,0.0,-0.0,-0.015738136147304894,1.139969628027569,2.4093774625689535
2018-03-01,0.010735301538000706,1.0,0.0005,0.010235301538000705,0.010735301538000706,1.1516974775674969,2.4353821907013415
2018-03-02,0.018275596819174202,1.0,0.0,0.018275596819174202,0.018275596819174202,1.172938945362788,2.4802994483845566
2018-03-05,-0.006054830480084078,1.0,0.0,-0.006054830480084078,-0.006054830480084078,1.165858456097691,2.465327029156818
2018-03-06,0.000958466527049425,1.0,0.0,0.000958466527049425,0.000958466527049425,1.1669764280869168,2.467691095350672
2018-03-07,0.00477860100152073,0.0,0.0005,-0.0005,0.00477860100152073,1.166393085720618,2.479511426319939
2018-03-08,0.010275957943814334,0.0,0.0,0.0,0.010275957943814334,1.166393085720618,2.5051221434200177
2018-03-09,0.0018856070954609847,0.0,0.0,0.0,0.0018856070954609847,1.166393085720618,2.5098502758077244
2018-03-12,0.0032912810840727306,0.0,0.0,0.0,0.0032912810840727306,1.166393085720618,2.5181245074862115
2018-03-13,-0.007381266335597848,0.0,0.0,-0.0,-0.007381266335597848,1.166393085720618,2.499605988967693
2018-03-14,0.007537724131426673,0.0,0.0,0.0,0.007537724131426673,1.166393085720618,2.5185185185185204
2018-03-15,0.005460657925175605,0.0,0.0,0.0,0.005460657925175605,1.166393085720618,2.532308904649332
2018-03-16,-0.01726345447258569,0.0,0.0,-0.0,-0.01726345447258569,1.166393085720618,2.4889676910953527
2018-03-19,0.0031610584248164316,0.0,0.0,0.0,0.0031610584248164316,1.166393085720618,2.4968479117415305
2018-03-20,-0.015585557212730533,0.0,0.0,-0.0,-0.015585557212730533,1.166393085720618,2.458234830575258
2018-03-21,-0.02417183140684365,0.0,0.0,-0.0,-0.02417183140684365,1.166393085720618,2.399527186761231
2018-03-22,-0.024434025337282023,0.0,0.0,-0.0,-0.024434025337282023,1.166393085720618,2.341607565011822
2018-03-23,0.020320486011489964,0.0,0.0,0.0,0.020320486011489964,1.166393085720618,2.3896769109535088
2018-03-26,-0.014783094565497298,0.0,0.0,-0.0,-0.014783094565497298,1.166393085720618,2.3546099290780163
2018-03-27,0.000334616031229938,0.0,0.0,0.0,0.000334616031229938,1.166393085720618,2.355397951142634
2018-03-28,0.011310832495520206,0.0,0.0,0.0,0.011310832495520206,1.166393085720618,2.3821907013396397
2018-03-29,-0.021398342379248397,0.0,0.0,-0.0,-0.021398342379248397,1.166393085720618,2.3317572892041
2018-04-02,0.0021942788785717852,0.0,0.0,0.0,0.0021942788785717852,1.166393085720618,2.336879432624116
2018-04-03,0.011733289150786282,0.0,0.0,0.0,0.011733289150786282,1.166393085720618,2.3644602048857393
2018-04-04,0.0054840187294936445,0.0,0.0,0.0,0.0054840187294936445,1.166393085720618,2.3774625689519335
2018-04-05,-0.021949444478317075,0.0,0.0,-0.0,-0.021949444478317075,1.166393085720618,2.325847123719467
2018-04-06,-0.0006778512376141147,0.0,0.0,-0.0,-0.0006778512376141147,1.166393085720618,2.3242710795902313
2018-04-09,0.007599462394519655,0.0,0.0,0.0,0.007599462394519655,1.166393085720618,2.3420015760441317
2018-04-10,-0.007599462394519766,0.0,0.0,-0.0,-0.007599462394519766,1.166393085720618,2.3242710795902313
2018-04-11,0.01028763605632026,1.0,0.0005,0.00978763605632026,0.01028763605632026,1.1778653684213385,2.348305752561074
2018-04-12,-0.0016792615197200253,1.0,0.0,-0.0016792615197200253,-0.0016792615197200253,1.175889084246135,2.3443656422379853
2018-04-13,0.0050293484050019585,1.0,0.0,0.0050293484050019585,0.0050293484050019585,1.1818179367717456,2.3561859732072525
2018-04-16,0.008989572774328998,1.0,0.0,0.008989572774328998,0.008989572774328998,1.1924898713178451,2.377462568951933
2018-04-17,0.0067718484897427295,1.0,0.0,0.0067718484897427295,0.0067718484897427295,1.2005926364361796,2.393617021276598
2018-04-18,-0.0029673612278020007,1.0,0.0,-0.0029673612278020007,-0.0029673612278020007,1.1970353249208132,2.386524822695038
2018-04-19,-0.0013216588740329407,0.0,0.0005,-0.0005,-0.0013216588740329407,1.1964369568628332,2.383372734436567
2018-04-20,0.007247602141580033,1.0,0.0005,0.0067476021415800325,0.007247602141580033,1.2045373357679954,2.4007092198581588
2018-04-23,-0.016214782786879746,1.0,0.0,-0.016214782786879746,-0.016214782786879746,1.1851635200934076,2.362096138691886
2018-04-24,0.0018331810816609117,1.0,0.0,0.0018331810816609117,0.0018331810816609117,1.1873381320568817,2.366430260047284
2018-04-25,0.01618532442101735,1.0,0.0,0.01618532442101735,0.01618532442101735,1.2067119477314694,2.4050433412135566
2018-04-26,-0.0011474470564767983,1.0,0.0,-0.0011474470564767983,-0.0011474470564767983,1.2053281037547132,2.402285263987394
2018-04-27,-0.008730802515185918,1.0,0.0,-0.008730802515185918,-0.008730802515185918,1.1948504279307015,2.3814026792750225
2018-04-30,0.003798204549667705,1.0,0.0,0.003798204549667705,0.003798204549667705,1.1993973438543293,2.3904649330181273
2018-05-01,-0.006946769583442096,1.0,0.0,-0.006946769583442096,-0.006946769583442096,1.1910942799937916,2.3739164696611534
2018-05-02,-0.003991357369342928,1.0,0.0,-0.003991357369342928,-0.003991357369342928,1.1863496720734843,2.3644602048857393
2018-05-03,0.014721959714429815,1.0,0.0,0.014721959714429815,0.014721959714429815,1.2039442597779568,2.399527186761232
2018-05-04,0.005404090774011804,1.0,0.0,0.005404090774011804,0.005404090774011804,1.2104680956683793,2.4125295508274256
2018-05-07,0.003749291212475513,1.0,0.0,0.003749291212475513,0.003749291212475513,1.215015011592007,2.4215918045705305
2018-05-08,0.002599936466183169,0.0,0.0005,-0.0005,0.002599936466183169,1.2144076559377779,2.427895981087473
2018-05-09,0.0019455259054913527,0.0,0.0,0.0,0.0019455259054913527,1.2144076559377779,2.4326241134751796
2018-05-10,0.00420236597107831,0.0,0.0,0.0,0.00420236597107831,1.2144076559377779,2.442868400315211
2018-05-11,0.002577321014300319,0.0,0.0,0.0,0.002577321014300319,1.2144076559377779,2.449172576832153
2018-05-14,-0.0014489256338305607,0.0,0.0,-0.0,-0.0014489256338305607,1.2144076559377779,2.445626477541373
2018-05-15,-0.0016123834515452521,0.0,0.0,-0.0,-0.0016123834515452521,1.2144076559377779,2.441686367218284
2018-05-16,-0.000484222428959366,0.0,0.0,-0.0,-0.000484222428959366,1.2144076559377779,2.4405043341213575
2018-05-17,0.004831705325079411,0.0,0.0,0.0,0.004831705325079411,1.2144076559377779,2.4523246650906243
2018-05-18,-0.0008036647543383077,0.0,0.0,-0.0,-0.0008036647543383077,1.2144076559377779,2.4503546099290796
2018-05-22,0.0032107910068971952,0.0,0.0,0.0,0.0032107910068971952,1.2144076559377779,2.458234830575258
2018-05-23,0.003679709775564507,0.0,0.0,0.0,0.003679709775564507,1.2144076559377779,2.4672970843183624
2018-05-24,0.0039843864967101066,0.0,0.0,0.0,0.0039843864967101066,1.2144076559377779,2.477147360126085
2018-05-25,0.004602086992471666,0.0,0.0,0.0,0.004602086992471666,1.2144076559377779,2.4885736800630434
2018-05-28,-0.012907517261395758,0.0,0.0,-0.0,-0.012907517261395758,1.2144076559377779,2.4566587864460225
2018-05-29,0.0017626797288870732,0.0,0.0,0.0,0.0017626797288870732,1.2144076559377779,2.4609929078014203
2018-05-30,0.0001600896505460122,0.0,0.0,0.0,0.0001600896505460122,1.2144076559377779,2.4613869188337296
2018-05-31,0.010192794090669727,0.0,0.0,0.0,0.010192794090669727,1.2144076559377779,2.4866036249014996
2018-06-01,0.0026900878632502953,0.0,0.0,0.0,0.0026900878632502953,1.2144076559377779,2.4933018124507513
2018-06-04,0.004100305381971735,0.0,0.0,0.0,0.004100305381971735,1.2144076559377779,2.5035460992907828
2018-06-05,0.006744594620676131,0.0,0.0,0.0,0.006744594620676131,1.2144076559377779,2.5204885736800655
2018-06-06,0.002030140464578101,0.0,0.0,0.0,0.002030140464578101,1.2144076559377779,2.5256107171000814
2018-06-07,-0.0015612805669524645,0.0,0.0,-0.0,-0.0015612805669524645,1.2144076559377779,2.521670606776992
2018-06-08,0.006230549750636163,0.0,0.0,0.0,0.006230549750636163,1.2144076559377779,2.5374310480693487
2018-06-11,0.0037197811025318607,0.0,0.0,0.0,0.0037197811025318607,1.2144076559377779,2.546887312844762
2018-06-12,-0.006363022943138755,0.0,0.0,-0.0,-0.006363022943138755,1.2144076559377779,2.5307328605200974
2018-06-13,0.01053130377567595,0.0,0.0,0.0,0.01053130377567595,1.2144076559377779,2.5575256107171023
2018-06-14,0.005837190153165077,0.0,0.0,0.0,0.005837190153165077,1.2144076559377779,2.5724980299448412
2018-06-15,-0.0012260537934314225,0.0,0.0,-0.0,-0.0012260537934314225,1.2144076559377779,2.5693459416863695
2018-06-18,0.0033680374765367423,0.0,0.0,0.0,0.0033680374765367423,1.2144076559377779,2.578014184397166
2018-06-19,0.0035090431917990787,0.0,0.0,0.0,0.0035090431917990787,1.2144076559377779,2.5870764381402704
2018-06-20,-0.007183829136998648,0.0,0.0,-0.0,-0.007183829136998648,1.2144076559377779,2.568557919621752
2018-06-21,-0.0003068425921589432,0.0,0.0,-0.0,-0.0003068425921589432,1.2144076559377779,2.567769897557134
2018-06-22,-0.010644142145916144,0.0,0.0,-0.0,-0.010644142145916144,1.2144076559377779,2.5405831363278195
2018-06-25,0.0020140993717011856,0.0,0.0,0.0,0.0020140993717011856,1.2144076559377779,2.545705279747835
2018-06-26,-0.0029450536670213466,0.0,0.0,-0.0,-0.0029450536670213466,1.2144076559377779,2.538219070133966
2018-06-27,-0.008104782519563678,0.0,0.0,-0.0,-0.008104782519563678,1.2144076559377779,2.5177304964539027
2018-06-28,-0.006594465725280825,0.0,0.0,-0.0,-0.006594465725280825,1.2144076559377779,2.5011820330969288
2018-06-29,-0.004578834872844458,0.0,0.0,-0.0,-0.004578834872844458,1.2144076559377779,2.4897557131599704
2018-07-03,0.006152894697292691,0.0,0.0,0.0,0.006152894697292691,1.2144076559377779,2.5051221434200177
2018-07-04,0.0032974827712072934,0.0,0.0,0.0,0.0032974827712072934,1.2144076559377779,2.513396375098505
2018-07-05,0.005627652807781633,0.0,0.0,0.0,0.005627652807781633,1.2144076559377779,2.5275807722616257
2018-07-06,0.011161176163318567,0.0,0.0,0.0,0.011161176163318567,1.2144076559377779,2.555949566587867
2018-07-09,0.0033856603593317982,0.0,0.0,0.0,0.0033856603593317982,1.2144076559377779,2.5646178092986625
2018-07-10,-0.0003073140774033735,0.0,0.0,-0.0,-0.0003073140774033735,1.2144076559377779,2.5638297872340443
2018-07-11,0.0053644086033452784,0.0,0.0,0.0,0.0053644086033452784,1.2144076559377779,2.5776201733648563
2018-07-12,0.0007640003427619952,0.0,0.0,0.0,0.0007640003427619952,1.2144076559377779,2.5795902285264005
2018-07-13,-0.0025999861706146815,0.0,0.0,-0.0,-0.0025999861706146815,1.2144076559377779,2.572892040977149
2018-07-16,0.007779766185642428,0.0,0.0,0.0,0.007779766185642428,1.2144076559377779,2.5929866036249036
2018-07-17,0.0009113001845737809,0.0,0.0,0.0,0.0009113001845737809,1.2144076559377779,2.5953506698187567
2018-07-18,0.0036369186928851245,0.0,0.0,0.0,0.0036369186928851245,1.2144076559377779,2.60480693459417
2018-07-19,-0.012021753243222494,0.0,0.0,-0.0,-0.012021753243222494,1.2144076559377779,2.5736800630417664
2018-07-20,0.005191643971182308,0.0,0.0,0.0,0.005191643971182308,1.2144076559377779,2.587076438140269
2018-07-23,0.003496772852281962,0.0,0.0,0.0,0.003496772852281962,1.2144076559377779,2.5961386918833744
2018-07-24,-0.0006072567364385452,0.0,0.0,-0.0,-0.0006072567364385452,1.2144076559377779,2.5945626477541386
2018-07-25,0.000607256736438639,0.0,0.0,0.0,0.000607256736438639,1.2144076559377779,2.5961386918833744
2018-07-26,-0.007617343352543971,0.0,0.0,-0.0,-0.007617343352543971,1.2144076559377779,2.5764381402679293
2018-07-27,-0.007829931766027184,0.0,0.0,-0.0,-0.007829931766027184,1.2144076559377779,2.556343577620175
2018-07-30,0.0033851394073661084,0.0,0.0,0.0,0.0033851394073661084,1.2144076559377779,2.565011820330971
2018-07-31,-0.0021528533611010897,0.0,0.0,-0.0,-0.0021528533611010897,1.2144076559377779,2.559495665878646
2018-08-01,0.0067505626097306495,0.0,0.0,0.0,0.0067505626097306495,1.2144076559377779,2.576832151300238
2018-08-02,0.002443495412475845,0.0,0.0,0.0,0.002443495412475845,1.2144076559377779,2.5831363278171806
2018-08-03,0.01197800690258742,0.0,0.0,0.0,0.01197800690258742,1.2144076559377779,2.6142631993695837
2018-08-07,-0.003321259091645482,0.0,0.0,-0.0,-0.003321259091645482,1.2144076559377779,2.6055949566587877
2018-08-08,0.00015120586707572707,0.0,0.0,0.0,0.00015120586707572707,1.2144076559377779,2.6059889676910966
2018-08-09,0.0003023431617890865,0.0,0.0,0.0,0.0003023431617890865,1.2144076559377779,2.6067769897557143
2018-08-10,-0.003937609206974173,0.0,0.0,-0.0,-0.003937609206974173,1.2144076559377779,2.5965327029156833
2018-08-13,0.0018192849165852398,0.0,0.0,0.0,0.0018192849165852398,1.2144076559377779,2.6012608353033895
2018-08-14,-0.0022746237724452965,0.0,0.0,-0.0,-0.0022746237724452965,1.2144076559377779,2.5953506698187563
2018-08-15,0.00951884500920684,0.0,0.0,0.0,0.00951884500920684,1.2144076559377779,2.6201733648542174
2018-08-16,-0.004068415164920297,0.0,0.0,-0.0,-0.004068415164920297,1.2144076559377779,2.609535066981877
2018-08-17,0.0010563646949286226,0.0,0.0,0.0,0.0010563646949286226,1.2144076559377779,2.612293144208039
2018-08-20,0.002259887967437504,0.0,0.0,0.0,0.002259887967437504,1.2144076559377779,2.6182033096926727
2018-08-21,-0.004373734443818552,0.0,0.0,-0.0,-0.004373734443818552,1.2144076559377779,2.6067769897557143
2018-08-22,0.005125896946372697,0.0,0.0,0.0,0.005125896946372697,1.2144076559377779,2.6201733648542174
2018-08-23,0.0019529789126372405,0.0,0.0,0.0,0.0019529789126372405,1.2144076559377779,2.625295508274233
2018-08-24,0.002847510354164646,0.0,0.0,0.0,0.002847510354164646,1.2144076559377779,2.632781717888102
2018-08-27,-0.0017974840070323242,0.0,0.0,-0.0,-0.0017974840070323242,1.2144076559377779,2.6280535855003953
2018-08-28,0.00359174286160239,0.0,0.0,0.0,0.00359174286160239,1.2144076559377779,2.637509850275809
2018-08-29,0.0007466587369956202,0.0,0.0,0.0,0.0007466587369956202,1.2144076559377779,2.6394799054373532
2018-08-30,0.006546668226314588,0.0,0.0,0.0,0.006546668226314588,1.2144076559377779,2.6568163908589457
2018-08-31,0.0076821178506621835,0.0,0.0,0.0,0.0076821178506621835,1.2144076559377779,2.6773049645390086
2018-09-04,-0.0032429273703404337,0.0,0.0,-0.0,-0.0032429273703404337,1.2144076559377779,2.6686367218282125
2018-09-05,-0.004884195308550866,0.0,0.0,-0.0,-0.004884195308550866,1.2144076559377779,2.655634357762019
2018-09-06,0.0008898117152426775,0.0,0.0,0.0,0.0008898117152426775,1.2144076559377779,2.6579984239558723
2018-09-07,0.00044460912181102323,0.0,0.0,0.0,0.00044460912181102323,1.2144076559377779,2.659180457052799
2018-09-10,0.0,0.0,0.0,0.0,0.0,1.2144076559377779,2.659180457052799
2018-09-11,-0.00848156263669178,0.0,0.0,-0.0,-0.00848156263669178,1.2144076559377779,2.6367218282111917
2018-09-12,0.005067830193500456,0.0,0.0,0.0,0.005067830193500456,1.2144076559377779,2.650118203309695
2018-09-13,0.004154308645298127,0.0,0.0,0.0,0.004154308645298127,1.2144076559377779,2.661150512214344
2018-09-14,-0.006685013382625021,0.0,0.0,-0.0,-0.006685013382625021,1.2144076559377779,2.643420015760443
2018-09-17,0.0019358207221629327,0.0,0.0,0.0,0.0019358207221629327,1.2144076559377779,2.648542159180459
2018-09-18,-0.0034274677767834813,0.0,0.0,-0.0,-0.0034274677767834813,1.2144076559377779,2.6394799054373537
2018-09-19,0.0063983552857385904,0.0,0.0,0.0,0.0063983552857385904,1.2144076559377779,2.6564223798266373
2018-09-20,-0.00029669188765331166,0.0,0.0,-0.0,-0.00029669188765331166,1.2144076559377779,2.655634357762019
2018-09-21,-0.0005936479841901054,0.0,0.0,-0.0,-0.0005936479841901054,1.2144076559377779,2.6540583136327833
2018-09-24,-0.0007425559114494533,0.0,0.0,-0.0,-0.0007425559114494533,1.2144076559377779,2.652088258471239
2018-09-25,-0.003721072984539249,0.0,0.0,-0.0,-0.003721072984539249,1.2144076559377779,2.6422379826635165
2018-09-26,0.00624351663968502,0.0,0.0,0.0,0.00624351663968502,1.2144076559377779,2.6587864460204904
2018-09-27,-0.009679176154788858,0.0,0.0,-0.0,-0.009679176154788858,1.2144076559377779,2.633175728920411
2018-09-28,-0.005852796777884604,0.0,0.0,-0.0,-0.005852796777884604,1.2144076559377779,2.6178092986603643
2018-10-01,0.0019547408675179424,0.0,0.0,0.0,0.0019547408675179424,1.2144076559377779,2.6229314420803793
2018-10-02,0.0025504477106156596,0.0,0.0,0.0,0.0025504477106156596,1.2144076559377779,2.6296296296296306
2018-10-03,-0.0027006768102746347,0.0,0.0,-0.0,-0.0027006768102746347,1.2144076559377779,2.6225374310480705
2018-10-04,-0.0040647402596528945,1.0,0.0005,-0.004564740259652894,-0.0040647402596528945,1.2088768334069675,2.6118991331757306
2018-10-05,-0.0007545461762960681,1.0,0.0,-0.0007545461762960681,-0.0007545461762960681,1.2079650240590967,2.6099290780141855
2018-10-09,-0.02599932345318832,1.0,0.0,-0.02599932345318832,-0.02599932345318832,1.1769635062314932,2.542947202521672
2018-10-10,-0.020980885471004088,1.0,0.0,-0.020980885471004088,-0.020980885471004088,1.1525270157085585,2.4901497241922788
2018-10-11,0.01585466065314502,1.0,0.0,0.01585466065314502,0.01585466065314502,1.1709455645355462,2.5299448384554775
2018-10-12,-0.011434066147748664,1.0,0.0,-0.011434066147748664,-0.011434066147748664,1.1576331480566342,2.5011820330969274
2018-10-15,0.01779906473814393,1.0,0.0,0.01779906473814393,0.01779906473814393,1.178422401188086,2.5460992907801425
2018-10-16,0.005247735457070186,1.0,0.0,0.005247735457070186,0.005247735457070186,1.1846227047536066,2.559495665878645
2018-10-17,-0.010212064609848803,1.0,0.0,-0.010212064609848803,-0.010212064609848803,1.1725868213617134,2.533490937746257
2018-10-18,0.0029505417787123087,1.0,0.0,0.0029505417787123087,0.0029505417787123087,1.176051696883622,2.5409771473601266
2018-10-19,-0.004818537340575028,1.0,0.0,-0.004818537340575028,-0.004818537340575028,1.170398478926824,2.528762805358551
2018-10-22,-0.007507073103593157,1.0,0.0,-0.007507073103593157,-0.007507073103593157,1.1616451091872653,2.5098502758077235
2018-10-23,-0.03514738776564548,0.0,0.0005,-0.0005,-0.03514738776564548,1.1610644318141123,2.4231678486997645
2018-10-24,0.02155463857494817,0.0,0.0,0.0,0.02155463857494817,1.1610644318141123,2.475965327029158
2018-10-25,-0.018632084132346412,1.0,0.0005,-0.019132084132346412,-0.018632084132346412,1.139061996778044,2.4302600472813247
2018-10-26,-0.0021098766246115254,1.0,0.0,-0.0021098766246115254,-0.0021098766246115254,1.136661250027377,2.4251379038613092
2018-10-29,0.016116384282457673,1.0,0.0,0.016116384282457673,0.016116384282457673,1.1551285327248162,2.4645390070921995
2018-10-30,0.01460111640545853,1.0,0.0,0.01460111640545853,0.01460111640545853,1.17211843280646,2.5007880220646186
2018-10-31,0.004558681163580764,1.0,0.0,0.004558681163580764,0.004558681163580764,1.1774739447887173,2.5122143420015766
2018-11-01,-0.007556711022561115,1.0,0.0,-0.007556711022561115,-0.007556711022561115,1.1686096490939466,2.493301812450749
2018-11-02,0.007399860579137038,1.0,0.0,0.007399860579137038,0.007399860579137038,1.177289271961743,2.5118203309692673
2018-11-05,0.008279356830776387,1.0,0.0,0.008279356830776387,0.008279356830776387,1.1870769317913856,2.53270291568164
2018-11-06,0.0203271550807315,1.0,0.0,0.0203271550807315,0.0203271550807315,1.2114537449520053,2.584712371946415
2018-11-07,0.000152427406742889,1.0,0.0,0.000152427406742889,0.000152427406742889,1.2116384177789798,2.585106382978724
2018-11-08,-0.0044298552545218705,1.0,0.0,-0.0044298552545218705,-0.0044298552545218705,1.2062829057967224,2.5736800630417656
2018-11-09,-0.017295057406348697,1.0,0.0,-0.017295057406348697,-0.017295057406348697,1.1855995491755908,2.5295508274231686
2018-11-12,-0.000935016430906643,1.0,0.0,-0.000935016430906643,-0.000935016430906643,1.1844915122137445,2.527186761229315
2018-11-13,-0.0079831370203081,1.0,0.0,-0.0079831370203081,-0.0079831370203081,1.1750731980380504,2.507092198581561
2018-11-14,0.006735086936311264,1.0,0.0,0.006735086936311264,0.006735086936311264,1.1830141295979493,2.5240346729708443
2018-11-15,-0.0006246096392952085,1.0,0.0,-0.0006246096392952085,-0.0006246096392952085,1.1822754382900516,2.522458628841608
2018-11-16,-0.015426088992093278,1.0,0.0,-0.015426088992093278,-0.015426088992093278,1.1641775012465612,2.4838455476753354
2018-11-19,-0.007004167443570795,1.0,0.0,-0.007004167443570795,-0.007004167443570795,1.156051896859688,2.466509062253744
2018-11-20,-0.0015987213636971041,1.0,0.0,-0.0015987213636971041,-0.0015987213636971041,1.1542051685899442,2.4625689519306544
2018-11-21,-0.0032051309489484468,1.0,0.0,-0.0032051309489484468,-0.0032051309489484468,1.1505117120504562,2.454688731284476
2018-11-22,0.0028850797380231556,1.0,0.0,0.0028850797380231556,0.0028850797380231556,1.1538358229359953,2.4617809298660367
2018-11-23,0.009557256563407156,1.0,0.0,0.009557256563407156,0.009557256563407156,1.1649161925544589,2.4854215918045712
2018-11-26,0.006321133563370733,1.0,0.0,0.006321133563370733,0.006321133563370733,1.1723031056334345,2.5011820330969274
2018-11-27,0.020735016781416295,1.0,0.0,0.020735016781416295,0.020735016781416295,1.1968645916210285,2.5535855003940116
2018-11-28,-0.0006173792447990594,0.0,0.0005,-0.0005,-0.0006173792447990594,1.1962663089083605,2.5520094562647757
2018-11-29,0.007689979452300295,0.0,0.0,0.0,0.007689979452300295,1.1962663089083605,2.571710007880221
2018-11-30,0.005500395838505246,0.0,0.0,0.0,0.005500395838505246,1.1962663089083605,2.5858944050433412
2018-12-03,-0.030162366949503756,0.0,0.0,-0.0,-0.030162366949503756,1.1962663089083605,2.509062253743105
2018-12-04,0.02082437333963156,0.0,0.0,0.0,0.02082437333963156,1.1962663089083605,2.561859732072498
2018-12-05,-0.01284747955207244,1.0,0.0005,-0.01334747955207244,-0.01284747955207244,1.180405256822293,2.529156816390859
2018-12-06,-0.027160993818208218,1.0,0.0,-0.027160993818208218,-0.027160993818208218,1.1487757655972681,2.4613869188337274
2018-12-07,0.009241620905450025,1.0,0.0,0.009241620905450025,0.009241620905450025,1.1594415242661718,2.484239558707644
2018-12-10,-0.0011108467380499729,1.0,0.0,-0.0011108467380499729,-0.0011108467380499729,1.1581542775302696,2.4814814814814814
2018-12-11,0.0026956331236216414,1.0,0.0,0.0026956331236216414,0.0026956331236216414,1.1612804481746037,2.488179669030733
2018-12-12,-0.0011090867016624924,1.0,0.0,-0.0011090867016624924,-0.0011090867016624924,1.1599932014387015,2.4854215918045703
2018-12-13,-0.016785623109811392,1.0,0.0,-0.016785623109811392,-0.016785623109811392,1.1406845004001689,2.444050433412136
2018-12-14,-0.019535050652412206,0.0,0.0005,-0.0005,-0.019535050652412206,1.1401143007117702,2.396769109535067
2018-12-17,0.005737250390143373,0.0,0.0,0.0,0.005737250390143373,1.1401143007117702,2.4105594956658787
2018-12-18,-0.013990846270087086,1.0,0.0005,-0.014490846270087086,-0.013990846270087086,1.1237122067753234,2.3770685579196216
2018-12-19,-0.021106311133526515,0.0,0.0005,-0.0005,-0.021106311133526515,1.1231504911125538,2.3274231678487
2018-12-20,-0.008842091275417557,0.0,0.0,-0.0,-0.008842091275417557,1.1231504911125538,2.3069345941686366
2018-12-21,-0.026829822209176186,0.0,0.0,-0.0,-0.026829822209176186,1.1231504911125538,2.2458628841607564
2018-12-24,0.056446659628345365,0.0,0.0,0.0,0.056446659628345365,1.1231504911125538,2.376280535855004
2018-12-27,0.0008287064367526195,1.0,0.0005,0.00032870643675261954,0.0008287064367526195,1.1235197385921114,2.378250591016548
2018-12-28,0.001820740385473264,1.0,0.0,0.001820740385473264,0.001820740385473264,1.125567239772448,2.382584712371946
2018-12-31,0.0004959907516742193,0.0,0.0005,-0.0005,0.0004959907516742193,1.1250045968250204,2.3837667454688725
2019-01-02,-0.033616610798984974,0.0,0.0,-0.0,-0.033616610798984974,1.1250045968250204,2.304964539007092
2019-01-03,0.02847947132186849,0.0,0.0,0.0,0.02847947132186849,1.1250045968250204,2.371552403467296
2019-01-04,-0.0006647831389915878,0.0,0.0,-0.0,-0.0006647831389915878,1.1250045968250204,2.3699763593380605
2019-01-07,0.007783429208969263,1.0,0.0005,0.007283429208969263,0.007783429208969263,1.133228400557019,2.388494877856579
2019-01-08,-0.0009902625004636633,1.0,0.0,-0.0009902625004636633,-0.0009902625004636633,1.1321067624172398,2.386130811662726
2019-01-09,0.007730937427210284,1.0,0.0,0.007730937427210284,0.007730937427210284,1.140892927845511,2.4046493301812446
2019-01-10,0.0022913266980699705,1.0,0.0,0.0022913266980699705,0.0022913266980699705,1.1435100835049963,2.4101654846335694
2019-01-11,-0.00540940586338135,1.0,0.0,-0.00540940586338135,-0.00540940586338135,1.1373410737362102,2.3971631205673756
2019-01-14,0.010464451279302987,1.0,0.0,0.010464451279302987,0.010464451279302987,1.149305213893856,2.4223798266351455
2019-01-15,0.0019499518690791566,1.0,0.0,0.0019499518690791566,0.0019499518690791566,1.1515484901734148,2.427107959022853
2019-01-16,0.008245136031737568,1.0,0.0,0.008245136031737568,0.008245136031737568,1.1610824143615388,2.447202521670607
2019-01-17,0.013433753919144552,1.0,0.0,0.013433753919144552,0.013433753919144552,1.176785348318449,2.4802994483845553
2019-01-18,0.0030137226394893234,1.0,0.0,0.0030137226394893234,0.0030137226394893234,1.18033720242775,2.4877856579984243
2019-01-21,-0.012430438940269834,1.0,0.0,-0.012430438940269834,-0.012430438940269834,1.1657559066106191,2.4570527974783296
2019-01-22,0.002402499754145187,1.0,0.0,0.002402499754145187,0.002402499754145187,1.1685600019600675,2.4629629629629632
2019-01-23,0.002556320292863173,1.0,0.0,0.002556320292863173,0.002556320292863173,1.1715510369994788,2.4692671394799057
2019-01-24,-0.0019166273236640883,1.0,0.0,-0.0019166273236640883,-0.0019166273236640883,1.16930776071992,2.4645390070921986
2019-01-25,-0.006898238632433865,1.0,0.0,-0.006898238632433865,-0.006898238632433865,1.1612693540515018,2.4475965327029154
2019-01-28,0.0019298815896498756,1.0,0.0,0.0019298815896498756,0.0019298815896498756,1.1635126303310603,2.4523246650906225
2019-01-29,0.005607641066473886,1.0,0.0,0.005607641066473886,0.005607641066473886,1.170055519479773,2.466115051221434
2019-01-30,0.008907327859889874,1.0,0.0,0.008907327859889874,0.008907327859889874,1.1805241421177128,2.4881796690307323
2019-01-31,-0.0038077152145618346,1.0,0.0,-0.0038077152145618346,-0.0038077152145618346,1.1760375895585957,2.478723404255319
2019-02-01,0.008547060578458568,0.0,0.0005,-0.0005,0.008547060578458568,1.1754497177440175,2.5
2019-02-04,0.005657723719858855,0.0,0.0,0.0,0.005657723719858855,1.1754497177440175,2.514184397163121
2019-02-05,0.004846409861096683,0.0,0.0,0.0,0.004846409861096683,1.1754497177440175,2.5263987391646965
2019-02-06,-0.0032804840791619467,0.0,0.0,-0.0,-0.0032804840791619467,1.1754497177440175,2.5181245074862093
2019-02-07,-0.002506659623654859,0.0,0.0,-0.0,-0.002506659623654859,1.1754497177440175,2.511820330969267
2019-02-08,0.005163118721568298,0.0,0.0,0.0,0.005163118721568298,1.1754497177440175,2.5248226950354606
2019-02-11,0.007927297284277565,0.0,0.0,0.0,0.007927297284277565,1.1754497177440175,2.544917257683215
2019-02-12,0.004479809762775971,0.0,0.0,0.0,0.004479809762775971,1.1754497177440175,2.5563435776201726
2019-02-13,0.0006163328392331293,0.0,0.0,0.0,0.0006163328392331293,1.1754497177440175,2.5579196217494085
2019-02-14,0.0070606586496739995,0.0,0.0,0.0,0.0070606586496739995,1.1754497177440175,2.5760441292356178
2019-02-15,-0.0010712373814986923,0.0,0.0,-0.0,-0.0010712373814986923,1.1754497177440175,2.573286052009456
2019-02-19,-0.00045945325871423614,0.0,0.0,-0.0,-0.00045945325871423614,1.1754497177440175,2.5721040189125293
2019-02-20,0.0001531745426906247,0.0,0.0,0.0,0.0001531745426906247,1.1754497177440175,2.572498029944838
2019-02-21,0.00015315108384304394,0.0,0.0,0.0,0.00015315108384304394,1.1754497177440175,2.5728920409771465
2019-02-22,0.005497875791061217,0.0,0.0,0.0,0.005497875791061217,1.1754497177440175,2.587076438140267
2019-02-25,-0.003203419717537589,0.0,0.0,-0.0,-0.003203419717537589,1.1754497177440175,2.57880220646178
2019-02-26,-0.0015290522856780673,0.0,0.0,-0.0,-0.0015290522856780673,1.1754497177440175,2.574862096138691
2019-02-27,-0.0016846623174178483,0.0,0.0,-0.0,-0.0016846623174178483,1.1754497177440175,2.570527974783293
2019-02-28,0.017774869799809176,0.0,0.0,0.0,0.017774869799809176,1.1754497177440175,2.616627265563435
2019-03-01,-0.004527626207135455,0.0,0.0,-0.0,-0.004527626207135455,1.1754497177440175,2.6048069345941682
2019-03-04,0.0036237394327297574,0.0,0.0,0.0,0.0036237394327297574,1.1754497177440175,2.614263199369582
2019-03-05,-0.0007538635863995998,0.0,0.0,-0.0,-0.0007538635863995998,1.1754497177440175,2.6122931442080373
2019-03-06,-0.005899722127188271,0.0,0.0,-0.0,-0.005899722127188271,1.1754497177440175,2.5969267139479904
2019-03-07,-0.005782122013222932,0.0,0.0,-0.0,-0.005782122013222932,1.1754497177440175,2.5819542947202523
2019-03-08,0.013339594501216717,0.0,0.0,0.0,0.013339594501216717,1.1754497177440175,2.6166272655634355
2019-03-11,0.00030111412452772494,0.0,0.0,0.0,0.00030111412452772494,1.1754497177440175,2.6174152876280536
2019-03-12,0.0018047831639707512,0.0,0.0,0.0,0.0018047831639707512,1.1754497177440175,2.6221434200157603
2019-03-13,0.0027010820743945813,0.0,0.0,0.0,0.0027010820743945813,1.1754497177440175,2.629235618597321
2019-03-14,0.00433645539364913,0.0,0.0,0.0,0.00433645539364913,1.1754497177440175,2.640661938534279
2019-03-15,0.005208732663404186,0.0,0.0,0.0,0.005208732663404186,1.1754497177440175,2.6544523246650904
2019-03-18,-0.002675388040510031,0.0,0.0,-0.0,-0.002675388040510031,1.1754497177440175,2.6473601260835298
2019-03-19,-0.0038771298195076262,0.0,0.0,-0.0,-0.0038771298195076262,1.1754497177440175,2.637115839243499
2019-03-20,0.010847866240011371,0.0,0.0,0.0,0.010847866240011371,1.1754497177440175,2.665878644602048
2019-03-21,-0.014590105469969063,0.0,0.0,-0.0,-0.014590105469969063,1.1754497177440175,2.6272655634357758
2019-03-22,-0.002703110220784895,0.0,0.0,-0.0,-0.002703110220784895,1.1754497177440175,2.620173364854215
2019-03-25,0.005997019472374487,0.0,0.0,0.0,0.005997019472374487,1.1754497177440175,2.6359338061465722
2019-03-26,-0.003293909251589441,0.0,0.0,-0.0,-0.003293909251589441,1.1754497177440175,2.627265563435776
2019-03-27,0.00612994369220346,0.0,0.0,0.0,0.00612994369220346,1.1754497177440175,2.6434200157604413
2019-03-28,0.002530704737326859,0.0,0.0,0.0,0.002530704737326859,1.1754497177440175,2.6501182033096926
2019-03-29,0.006372752208392571,0.0,0.0,0.0,0.006372752208392571,1.1754497177440175,2.6670606776989754
2019-04-01,0.0025083008355679544,0.0,0.0,0.0,0.0025083008355679544,1.1754497177440175,2.673758865248227
2019-04-02,0.0019138761822841976,0.0,0.0,0.0,0.0019138761822841976,1.1754497177440175,2.678881008668243
2019-04-03,0.002937290994193302,0.0,0.0,0.0,0.002937290994193302,1.1754497177440175,2.686761229314421
2019-04-04,0.0067232056814185625,0.0,0.0,0.0,0.0067232056814185625,1.1754497177440175,2.7048857368006307
2019-04-05,-0.004379569044021612,0.0,0.0,-0.0,-0.004379569044021612,1.1754497177440175,2.6930654058313634
2019-04-08,-0.00557513181141163,0.0,0.0,-0.0,-0.00557513181141163,1.1754497177440175,2.6780929866036254
2019-04-09,0.004111002706522288,0.0,0.0,0.0,0.004111002706522288,1.1754497177440175,2.689125295508275
2019-04-10,0.004240082381393733,0.0,0.0,0.0,0.004240082381393733,1.1754497177440175,2.7005516154452334
2019-04-11,0.0033500868852818057,0.0,0.0,0.0,0.0033500868852818057,1.1754497177440175,2.7096138691883374
2019-04-12,0.0029040241114550816,0.0,0.0,0.0,0.0029040241114550816,1.1754497177440175,2.7174940898345157
2019-04-15,-0.0002900232038890209,0.0,0.0,-0.0,-0.0002900232038890209,1.1754497177440175,2.7167060677698975
2019-04-16,-0.003486855196326383,0.0,0.0,-0.0,-0.003486855196326383,1.1754497177440175,2.7072498029944834
2019-04-17,0.00421175555427496,0.0,0.0,0.0,0.00421175555427496,1.1754497177440175,2.7186761229314422
2019-04-18,-0.0011600929375304883,0.0,0.0,-0.0,-0.0011600929375304883,1.1754497177440175,2.715524034672971
2019-04-22,0.014977238490672283,0.0,0.0,0.0,0.014977238490672283,1.1754497177440175,2.7565011820330967
2019-04-23,0.0018564803618321846,0.0,0.0,0.0,0.0018564803618321846,1.1754497177440175,2.7616233254531126
2019-04-24,-0.0005708577292175085,0.0,0.0,-0.0,-0.0005708577292175085,1.1754497177440175,2.7600472813238763
2019-04-25,0.0021390382487494423,0.0,0.0,0.0,0.0021390382487494423,1.1754497177440175,2.76595744680851
2019-04-26,0.0009966541723408335,0.0,0.0,0.0,0.0009966541723408335,1.1754497177440175,2.7687155240346715
2019-04-29,-0.0022795279852300386,0.0,0.0,-0.0,-0.0022795279852300386,1.1754497177440175,2.762411347517729
2019-04-30,-0.004718001460248171,0.0,0.0,-0.0,-0.004718001460248171,1.1754497177440175,2.7494089834515356
2019-05-01,-0.0008602151068078811,0.0,0.0,-0.0,-0.0008602151068078811,1.1754497177440175,2.747044917257682
2019-05-02,0.00714595008846607,0.0,0.0,0.0,0.00714595008846607,1.1754497177440175,2.7667454688731277
2019-05-03,-0.003709520589884937,0.0,0.0,-0.0,-0.003709520589884937,1.1754497177440175,2.756501182033096
2019-05-06,-0.014107042641706325,0.0,0.0,-0.0,-0.014107042641706325,1.1754497177440175,2.7178881008668236
2019-05-07,0.0,0.0,0.0,0.0,0.0,1.1754497177440175,2.7178881008668236
2019-05-08,-0.004504184876109831,0.0,0.0,-0.0,-0.004504184876109831,1.1754497177440175,2.7056737588652475
2019-05-09,0.0005823264103995365,0.0,0.0,0.0,0.0005823264103995365,1.1754497177440175,2.7072498029944834
2019-05-10,-0.020437379720379328,0.0,0.0,-0.0,-0.020437379720379328,1.1754497177440175,2.6524822695035457
2019-05-13,0.0072523073731456085,0.0,0.0,0.0,0.0072523073731456085,1.1754497177440175,2.6717888100866825
2019-05-14,0.004854735537069678,0.0,0.0,0.0,0.004854735537069678,1.1754497177440175,2.6847911741528763
2019-05-15,0.01022055911051826,0.0,0.0,0.0,0.01022055911051826,1.1754497177440175,2.7123719464144997
2019-05-16,-0.005389278210367231,0.0,0.0,-0.0,-0.005389278210367231,1.1754497177440175,2.6977935382190696
2019-05-17,-0.0027787952067316202,0.0,0.0,-0.0,-0.0027787952067316202,1.1754497177440175,2.6903073286052006
2019-05-21,-0.0007325470989075712,0.0,0.0,-0.0,-0.0007325470989075712,1.1754497177440175,2.6883372734436564
2019-05-22,-0.008389187474769985,0.0,0.0,-0.0,-0.008389187474769985,1.1754497177440175,2.665878644602048
2019-05-23,-0.001183082066418528,0.0,0.0,-0.0,-0.001183082066418528,1.1754497177440175,2.662726556343577
2019-05-24,0.0032501136602060498,0.0,0.0,0.0,0.0032501136602060498,1.1754497177440175,2.6713947990543727
2019-05-27,-0.007996488634226265,0.0,0.0,-0.0,-0.007996488634226265,1.1754497177440175,2.650118203309692
2019-05-28,-0.004320948390164777,0.0,0.0,-0.0,-0.004320948390164777,1.1754497177440175,2.6386918833727337
2019-05-29,0.0007463243872055253,0.0,0.0,0.0,0.0007463243872055253,1.1754497177440175,2.6406619385342784
2019-05-30,-0.01246168817833286,0.0,0.0,-0.0,-0.01246168817833286,1.1754497177440175,2.60795902285264
2019-05-31,-0.008039482057384887,0.0,0.0,-0.0,-0.008039482057384887,1.1754497177440175,2.5870764381402673
2019-06-03,0.0176621694495322,0.0,0.0,0.0,0.0176621694495322,1.1754497177440175,2.6331757289204094
2019-06-04,0.01027176876472296,0.0,0.0,0.0,0.01027176876472296,1.1754497177440175,2.660362490149724
2019-06-05,0.0020713130648607014,0.0,0.0,0.0,0.0020713130648607014,1.1754497177440175,2.665878644602049
2019-06-06,0.004129799379875382,0.0,0.0,0.0,0.004129799379875382,1.1754497177440175,2.676910953506698
2019-06-07,0.0039662189341900965,0.0,0.0,0.0,0.0039662189341900965,1.1754497177440175,2.687549251379038
2019-06-10,0.000732761811933275,0.0,0.0,0.0,0.000732761811933275,1.1754497177440175,2.6895193065405834
2019-06-11,0.001317619691397364,0.0,0.0,0.0,0.001317619691397364,1.1754497177440175,2.693065405831363
2019-06-12,0.00408819375058478,0.0,0.0,0.0,0.00408819375058478,1.1754497177440175,2.7040977147360126
2019-06-13,0.004941870522656578,0.0,0.0,0.0,0.004941870522656578,1.1754497177440175,2.7174940898345152
2019-06-14,0.0004348771540594625,0.0,0.0,0.0,0.0004348771540594625,1.1754497177440175,2.718676122931442
2019-06-17,0.007939413772192525,0.0,0.0,0.0,0.007939413772192525,1.1754497177440175,2.740346729708431
2019-06-18,-0.0034567224395584944,0.0,0.0,-0.0,-0.0034567224395584944,1.1754497177440175,2.7308904649330175
2019-06-19,0.0024497454430109098,0.0,0.0,0.0,0.0024497454430109098,1.1754497177440175,2.7375886524822692
2019-06-20,-0.0004318721725513779,0.0,0.0,-0.0,-0.0004318721725513779,1.1754497177440175,2.7364066193853427
2019-06-21,-0.0036062065767288373,0.0,0.0,-0.0,-0.0036062065767288373,1.1754497177440175,2.7265563435776206
2019-06-24,-0.01045913079013716,0.0,0.0,-0.0,-0.01045913079013716,1.1754497177440175,2.6981875492513794
2019-06-25,-0.005417686580259692,0.0,0.0,-0.0,-0.005417686580259692,1.1754497177440175,2.68360914105595
2019-06-26,-0.0022047484494958475,0.0,0.0,-0.0,-0.0022047484494958475,1.1754497177440175,2.677698975571316
2019-06-27,0.004111606379692326,0.0,0.0,0.0,0.004111606379692326,1.1754497177440175,2.688731284475965
2019-06-28,0.012234350095054304,0.0,0.0,0.0,0.012234350095054304,1.1754497177440175,2.721828211189914
2019-07-02,0.005773688094426352,0.0,0.0,0.0,0.005773688094426352,1.1754497177440175,2.73758865248227
2019-07-03,0.0021565675815511114,0.0,0.0,0.0,0.0021565675815511114,1.1754497177440175,2.7434988179669033
2019-07-04,-0.004029362193614752,0.0,0.0,-0.0,-0.004029362193614752,1.1754497177440175,2.732466509062254
2019-07-05,-0.00303271226736202,0.0,0.0,-0.0,-0.00303271226736202,1.1754497177440175,2.7241922773837675
2019-07-08,0.003897514858013694,0.0,0.0,0.0,0.003897514858013694,1.1754497177440175,2.734830575256107
2019-07-09,0.0004321210006024854,0.0,0.0,0.0,0.0004321210006024854,1.1754497177440175,2.736012608353034
2019-07-10,0.0011514106050418357,0.0,0.0,0.0,0.0011514106050418357,1.1754497177440175,2.739164696611505
2019-07-11,0.002585836809341756,0.0,0.0,0.0,0.002585836809341756,1.1754497177440175,2.7462568951930653
2019-07-12,0.0008604618342460939,0.0,0.0,0.0,0.0008604618342460939,1.1754497177440175,2.7486209613869192
2019-07-15,-0.0008604618342460183,0.0,0.0,-0.0,-0.0008604618342460183,1.1754497177440175,2.7462568951930653
2019-07-16,-0.00850087966317531,0.0,0.0,-0.0,-0.00850087966317531,1.1754497177440175,2.7230102442868396
2019-07-17,0.002023706964144904,0.0,0.0,0.0,0.002023706964144904,1.1754497177440175,2.7285263987391644
2019-07-18,-0.0036166404701885504,0.0,0.0,-0.0,-0.0036166404701885504,1.1754497177440175,2.718676122931442
2019-07-19,0.006356565754835341,0.0,0.0,0.0,0.006356565754835341,1.1754497177440175,2.7360126083530334
2019-07-22,0.009031672030347757,0.0,0.0,0.0,0.009031672030347757,1.1754497177440175,2.7608353033884945
2019-07-23,0.005408495962246897,0.0,0.0,0.0,0.005408495962246897,1.1754497177440175,2.775807722616233
2019-07-24,-0.004552575795870235,0.0,0.0,-0.0,-0.004552575795870235,1.1754497177440175,2.763199369582348
2019-07-25,0.008801873974527922,0.0,0.0,0.0,0.008801873974527922,1.1754497177440175,2.7876280535855003
2019-07-26,-0.003256178993677613,0.0,0.0,-0.0,-0.003256178993677613,1.1754497177440175,2.7785657998423954
2019-07-29,-0.003409094210772977,0.0,0.0,-0.0,-0.003409094210772977,1.1754497177440175,2.7691095350669817
2019-07-30,-0.0051355319716164015,0.0,0.0,-0.0,-0.0051355319716164015,1.1754497177440175,2.7549251379038613
2019-07-31,-0.008474018392880964,0.0,0.0,-0.0,-0.008474018392880964,1.1754497177440175,2.731678486997636
2019-08-01,-0.008110109622654361,0.0,0.0,-0.0,-0.008110109622654361,1.1754497177440175,2.7096138691883374
2019-08-02,-0.01243706132865281,0.0,0.0,-0.0,-0.01243706132865281,1.1754497177440175,2.6761229314420802
2019-08-06,0.003967384529469681,0.0,0.0,0.0,0.003967384529469681,1.1754497177440175,2.686761229314421
2019-08-07,0.01180857806469784,0.0,0.0,0.0,0.01180857806469784,1.1754497177440175,2.7186761229314422
2019-08-08,-0.007856871495220243,0.0,0.0,-0.0,-0.007856871495220243,1.1754497177440175,2.697399527186761
2019-08-09,-0.009687438155689298,0.0,0.0,-0.0,-0.009687438155689298,1.1754497177440175,2.6713947990543736
2019-08-12,0.014496190591573086,0.0,0.0,0.0,0.014496190591573086,1.1754497177440175,2.7104018912529555
2019-08-13,-0.023385138008818977,0.0,0.0,-0.0,-0.023385138008818977,1.1754497177440175,2.6477541371158395
2019-08-14,0.0026749904493028336,0.0,0.0,0.0,0.0026749904493028336,1.1754497177440175,2.6548463356973993
2019-08-15,0.012682665205016834,0.0,0.0,0.0,0.012682665205016834,1.1754497177440175,2.688731284475965
2019-08-16,0.015414003012433813,0.0,0.0,0.0,0.015414003012433813,1.1754497177440175,2.7304964539007086
2019-08-19,-0.008695706967553821,0.0,0.0,-0.0,-0.008695706967553821,1.1754497177440175,2.7068557919621745
2019-08-20,0.0062395907288699546,0.0,0.0,0.0,0.0062395907288699546,1.1754497177440175,2.7237982663514577
2019-08-21,0.0,1.0,0.0005,-0.0005,0.0,1.1748621397918746,2.7237982663514577
2019-08-22,-0.02920879840528466,0.0,0.0005,-0.0005,-0.02920879840528466,1.174274855555273,2.645390070921986
2019-08-23,0.008896855837736717,1.0,0.0005,0.008396855837736717,0.008896855837736717,1.1841765857532303,2.66903073286052
2019-08-26,0.0016225388912523837,0.0,0.0005,-0.0005,0.0016225388912523837,1.1835846454577597,2.6733648542159174
2019-08-27,0.007049522511808777,0.0,0.0,0.0,0.007049522511808777,1.1835846454577597,2.692277383766745
2019-08-28,0.01221833381980655,0.0,0.0,0.0,0.01221833381980655,1.1835846454577597,2.7253743104806936
2019-08-29,0.0020219533173999296,0.0,0.0,0.0,0.0020219533173999296,1.1835846454577597,2.7308904649330183
2019-08-30,-0.005207591690582445,1.0,0.0005,-0.005707591690582445,-0.005207591690582445,1.1768484695279264,2.7167060677698975
2019-09-03,0.002607185717862744,0.0,0.0005,-0.0005,0.002607185717862744,1.1762601923747065,2.7237982663514577
2019-09-04,0.014219270095860253,0.0,0.0,0.0,0.014219270095860253,1.1762601923747065,2.7628053585500396
2019-09-05,-0.0037148206743479652,0.0,0.0,-0.0,-0.0037148206743479652,1.1762601923747065,2.7525610717100077
2019-09-06,-0.0012891214275407249,0.0,0.0,-0.0,-0.0012891214275407249,1.1762601923747065,2.749014972419227
2019-09-09,-0.0017214177253303342,0.0,0.0,-0.0,-0.0017214177253303342,1.1762601923747065,2.7442868400315206
2019-09-10,0.011136608531504283,0.0,0.0,0.0,0.011136608531504283,1.1762601923747065,2.7750197005516153
2019-09-11,0.005239691942354925,0.0,0.0,0.0,0.005239691942354925,1.1762601923747065,2.7895981087470445
2019-09-12,0.004228336109521105,0.0,0.0,0.0,0.004228336109521105,1.1762601923747065,2.8014184397163113
2019-09-13,-0.005076153031860661,0.0,0.0,-0.0,-0.005076153031860661,1.1762601923747065,2.787234042553191
2019-09-16,0.0021181960895916476,0.0,0.0,0.0,0.0021181960895916476,1.1762601923747065,2.793144208037825
2019-09-17,0.0028173000744656073,0.0,0.0,0.0,0.0028173000744656073,1.1762601923747065,2.801024428684003
2019-09-18,-0.0016894274045002843,0.0,0.0,-0.0,-0.0016894274045002843,1.1762601923747065,2.796296296296296
2019-09-19,-0.002963383245306972,0.0,0.0,-0.0,-0.002963383245306972,1.1762601923747065,2.788022064617809
2019-09-20,-0.0015557601610480913,0.0,0.0,-0.0,-0.0015557601610480913,1.1762601923747065,2.7836879432624113
2019-09-23,-0.009814458980135348,0.0,0.0,-0.0,-0.009814458980135348,1.1762601923747065,2.756501182033096
2019-09-24,0.004278996687279784,0.0,0.0,0.0,0.004278996687279784,1.1762601923747065,2.7683215130023635
2019-09-25,-0.0025652002095450637,0.0,0.0,-0.0,-0.0025652002095450637,1.1762601923747065,2.761229314420803
2019-09-26,-0.0075915282586840535,0.0,0.0,-0.0,-0.0075915282586840535,1.1762601923747065,2.740346729708431
2019-09-27,0.006163568570090177,0.0,0.0,0.0,0.006163568570090177,1.1762601923747065,2.757289204097715
2019-09-30,-0.014827882700231148,0.0,0.0,-0.0,-0.014827882700231148,1.1762601923747065,2.7167060677698975
2019-10-01,-0.010937039389894388,0.0,0.0,-0.0,-0.010937039389894388,1.1762601923747065,2.6871552403467294
2019-10-02,0.008759180089881554,0.0,0.0,0.0,0.008759180089881554,1.1762601923747065,2.7107959022852635
2019-10-03,0.012566064102729617,0.0,0.0,0.0,0.012566064102729617,1.1762601923747065,2.7450748620961387
2019-10-04,-0.002874804337238015,0.0,0.0,-0.0,-0.002874804337238015,1.1762601923747065,2.7371946414499604
2019-10-07,-0.01522982515533091,0.0,0.0,-0.0,-0.01522982515533091,1.1762601923747065,2.695823483057526
2019-10-08,0.008586242083051827,0.0,0.0,0.0,0.008586242083051827,1.1762601923747065,2.719070133963751
2019-10-09,0.003760490402003068,0.0,0.0,0.0,0.003760490402003068,1.1762601923747065,2.729314420803782
2019-10-10,0.00489632314606142,0.0,0.0,0.0,0.00489632314606142,1.1762601923747065,2.7427107959022847
2019-10-11,0.009009714146286074,0.0,0.0,0.0,0.009009714146286074,1.1762601923747065,2.767533490937746
2019-10-15,-0.0027086765438451865,0.0,0.0,-0.0,-0.0027086765438451865,1.1762601923747065,2.7600472813238768
2019-10-16,-0.0015715411477861636,0.0,0.0,-0.0,-0.0015715411477861636,1.1762601923747065,2.7557131599684794
2019-10-17,-0.004729496454654666,0.0,0.0,-0.0,-0.004729496454654666,1.1762601923747065,2.742710795902285
2019-10-18,0.0032986763507716252,0.0,0.0,0.0,0.0032986763507716252,1.1762601923747065,2.75177304964539
2019-10-21,-0.0027242113055320483,0.0,0.0,-0.0,-0.0027242113055320483,1.1762601923747065,2.7442868400315206
2019-10-22,0.0010045204260052685,0.0,0.0,0.0,0.0010045204260052685,1.1762601923747065,2.747044917257682
2019-10-23,0.0021491519125391434,0.0,0.0,0.0,0.0021491519125391434,1.1762601923747065,2.7529550827423157
2019-10-24,0.0030010740637766054,0.0,0.0,0.0,0.0030010740637766054,1.1762601923747065,2.761229314420803
2019-10-25,0.00554964071079518,0.0,0.0,0.0,0.00554964071079518,1.1762601923747065,2.7765957446808502
2019-10-28,0.001984690189324336,0.0,0.0,0.0,0.001984690189324336,1.1762601923747065,2.782111899133175
2019-10-29,0.008461480465777889,0.0,0.0,0.0,0.008461480465777889,1.1762601923747065,2.805752561071709
2019-10-30,-0.0026717304790915028,0.0,0.0,-0.0,-0.0026717304790915028,1.1762601923747065,2.79826635145784
2019-10-31,0.0068757725453628855,0.0,0.0,0.0,0.0068757725453628855,1.1762601923747065,2.817572892040977
2019-11-01,0.00516076185505349,0.0,0.0,0.0,0.00516076185505349,1.1762601923747065,2.832151300236406
2019-11-04,-0.0001391304350068923,0.0,0.0,-0.0,-0.0001391304350068923,1.1762601923747065,2.831757289204097
2019-11-05,0.0018071875357039142,0.0,0.0,0.0,0.0018071875357039142,1.1762601923747065,2.8368794326241127
2019-11-06,0.0023583280681264765,0.0,0.0,0.0,0.0023583280681264765,1.1762601923747065,2.843577620173364
2019-11-07,0.006353612533894934,0.0,0.0,0.0,0.006353612533894934,1.1762601923747065,2.8617021276595738
2019-11-08,-0.0013777902427556824,0.0,0.0,-0.0,-0.0013777902427556824,1.1762601923747065,2.8577620173364853
2019-11-11,0.0026161804939022495,0.0,0.0,0.0,0.0026161804939022495,1.1762601923747065,2.865248226950354
2019-11-12,0.0020605818129674656,0.0,0.0,0.0,0.0020605818129674656,1.1762601923747065,2.871158392434988
2019-11-13,0.000685918128271427,0.0,0.0,0.0,0.000685918128271427,1.1762601923747065,2.873128447596532
2019-11-14,0.0053340754250328914,0.0,0.0,0.0,0.0053340754250328914,1.1762601923747065,2.8884948778565795
2019-11-15,-0.0006822678848268475,0.0,0.0,-0.0,-0.0006822678848268475,1.1762601923747065,2.8865248226950353
2019-11-18,0.004901970600206688,0.0,0.0,0.0,0.004901970600206688,1.1762601923747065,2.9007092198581557
2019-11-19,-0.0016313217320840852,0.0,0.0,-0.0,-0.0016313217320840852,1.1762601923747065,2.8959810874704486
2019-11-20,-0.0028612322810321234,0.0,0.0,-0.0,-0.0028612322810321234,1.1762601923747065,2.887706855791962
2019-11-21,0.0027251686030209206,0.0,0.0,0.0,0.0027251686030209206,1.1762601923747065,2.8955870764381397
2019-11-22,0.008401133422487772,0.0,0.0,0.0,0.008401133422487772,1.1762601923747065,2.9200157604412924
2019-11-25,0.0008092797851993145,0.0,0.0,0.0,0.0008092797851993145,1.1762601923747065,2.922379826635146
2019-11-26,0.0043051324397180785,0.0,0.0,0.0,0.0043051324397180785,1.1762601923747065,2.9349881796690305
2019-11-27,0.0028152039505867994,0.0,0.0,0.0,0.0028152039505867994,1.1762601923747065,2.943262411347518
2019-11-28,-0.003486660364721635,0.0,0.0,-0.0,-0.003486660364721635,1.1762601923747065,2.9330181245074862
2019-11-29,-0.010262039826998502,0.0,0.0,-0.0,-0.010262039826998502,1.1762601923747065,2.9030732860520096
2019-12-02,-0.006399368288500266,0.0,0.0,-0.0,-0.006399368288500266,1.1762601923747065,2.884554767533491
2019-12-03,-0.0019141378554249058,0.0,0.0,-0.0,-0.0019141378554249058,1.1762601923747065,2.8790386130811663
2019-12-04,0.0006840413427682097,0.0,0.0,0.0,0.0006840413427682097,1.1762601923747065,2.881008668242711
2019-12-05,0.015201161332050338,0.0,0.0,0.0,0.015201161332050338,1.1762601923747065,2.925137903861308
2019-12-06,-0.0052670795005563004,0.0,0.0,-0.0,-0.0052670795005563004,1.1762601923747065,2.909771473601261
2019-12-09,-0.0009483168088591334,0.0,0.0,-0.0,-0.0009483168088591334,1.1762601923747065,2.907013396375099
2019-12-10,-0.0010848929732386024,0.0,0.0,-0.0,-0.0010848929732386024,1.1762601923747065,2.903861308116628
2019-12-11,0.008780873710872956,0.0,0.0,0.0,0.008780873710872956,1.1762601923747065,2.929472025216706
2019-12-12,0.0010754134656554182,0.0,0.0,0.0,0.0010754134656554182,1.1762601923747065,2.9326241134751783
2019-12-13,0.004958798608612169,0.0,0.0,0.0,0.004958798608612169,1.1762601923747065,2.9472025216706075
2019-12-16,0.0006682258852058622,0.0,0.0,0.0,0.0006682258852058622,1.1762601923747065,2.9491725768321517
2019-12-17,-0.004418565132249683,0.0,0.0,-0.0,-0.004418565132249683,1.1762601923747065,2.936170212765958
2019-12-18,0.004952824527888033,0.0,0.0,0.0,0.004952824527888033,1.1762601923747065,2.950748620961387
2019-12-19,0.00811228599370321,0.0,0.0,0.0,0.00811228599370321,1.1762601923747065,2.9747832939322305
2019-12-20,-0.0010601644247679608,0.0,0.0,-0.0,-0.0010601644247679608,1.1762601923747065,2.9716312056737593
2019-12-23,0.0003976933836469129,0.0,0.0,0.0,0.0003976933836469129,1.1762601923747065,2.9728132387706863
2019-12-24,-0.0001325468886558956,0.0,0.0,-0.0,-0.0001325468886558956,1.1762601923747065,2.9724192277383774
2019-12-27,-0.011867597114454675,0.0,0.0,-0.0,-0.011867597114454675,1.1762601923747065,2.937352245862885
2019-12-30,-0.00161095483892795,0.0,0.0,-0.0,-0.00161095483892795,1.1762601923747065,2.9326241134751783
2019-12-31,0.00802894718581793,0.0,0.0,0.0,0.00802894718581793,1.1762601923747065,2.956264775413712
2020-01-02,-0.006015658806962689,0.0,0.0,-0.0,-0.006015658806962689,1.1762601923747065,2.9385342789598115
2020-01-03,0.0008041817884136416,0.0,0.0,0.0,0.0008041817884136416,1.1762601923747065,2.940898345153665
2020-01-06,0.0012050614031103742,0.0,0.0,0.0,0.0012050614031103742,1.1762601923747065,2.9444444444444446
2020-01-07,0.006269613013595395,0.0,0.0,0.0,0.006269613013595395,1.1762601923747065,2.962962962962963
2020-01-08,0.00979232384786212,0.0,0.0,0.0,0.00979232384786212,1.1762601923747065,2.9921197793538217
2020-01-09,-0.003033302688441051,0.0,0.0,-0.0,-0.003033302688441051,1.1762601923747065,2.983057525610717
2020-01-10,0.006451210577385514,0.0,0.0,0.0,0.006451210577385514,1.1762601923747065,3.002364066193854
2020-01-13,-0.0014446125041691921,0.0,0.0,-0.0,-0.0014446125041691921,1.1762601923747065,2.9980299448384558
2020-01-14,0.0009195402946783599,0.0,0.0,0.0,0.0009195402946783599,1.1762601923747065,3.000788022064618
2020-01-15,0.007977548356697176,0.0,0.0,0.0,0.007977548356697176,1.1762601923747065,3.0248226950354615
2020-01-16,0.005974043741365556,0.0,0.0,0.0,0.005974043741365556,1.1762601923747065,3.0429472025216717
2020-01-17,0.0,0.0,0.0,0.0,0.0,1.1762601923747065,3.0429472025216717
2020-01-20,-0.0014253322788823303,0.0,0.0,-0.0,-0.0014253322788823303,1.1762601923747065,3.0386130811662735
2020-01-21,0.005689180072160861,0.0,0.0,0.0,0.005689180072160861,1.1762601923747065,3.055949566587865
2020-01-22,-0.000515862791940303,0.0,0.0,-0.0,-0.000515862791940303,1.1762601923747065,3.054373522458629
2020-01-23,-0.007770046861931788,0.0,0.0,-0.0,-0.007770046861931788,1.1762601923747065,3.0307328605200947
2020-01-24,-0.01255903477649391,0.0,0.0,-0.0,-0.01255903477649391,1.1762601923747065,2.99290780141844
2020-01-27,0.0083901908024604,0.0,0.0,0.0,0.0083901908024604,1.1762601923747065,3.0181245074862098
2020-01-28,0.0024773465959067958,0.0,0.0,0.0,0.0024773465959067958,1.1762601923747065,3.0256107171000792
2020-01-29,0.0016914973781267037,0.0,0.0,0.0,0.0016914973781267037,1.1762601923747065,3.0307328605200947
2020-01-30,-0.014667628072253018,0.0,0.0,-0.0,-0.014667628072253018,1.1762601923747065,2.9866036249014973
2020-01-31,0.012064137926856911,0.0,0.0,0.0,0.012064137926856911,1.1762601923747065,3.022852639873917
2020-02-03,0.01333612048416076,0.0,0.0,0.0,0.01333612048416076,1.1762601923747065,3.0634357762017337
2020-02-04,0.011763337281807746,0.0,0.0,0.0,0.011763337281807746,1.1762601923747065,3.0996847911741536
2020-02-05,0.004312538393490807,0.0,0.0,0.0,0.004312538393490807,1.1762601923747065,3.1130811662726563
2020-02-06,-0.0049483067409276105,0.0,0.0,-0.0,-0.0049483067409276105,1.1762601923747065,3.097714736012609
2020-02-07,0.007728894983436321,0.0,0.0,0.0,0.007728894983436321,1.1762601923747065,3.1217494089834523
2020-02-10,0.000630875044581994,0.0,0.0,0.0,0.000630875044581994,1.1762601923747065,3.123719464144997
2020-02-11,0.004028202828604788,0.0,0.0,0.0,0.004028202828604788,1.1762601923747065,3.136327817178882
2020-02-12,-0.0010055305020187607,0.0,0.0,-0.0,-0.0010055305020187607,1.1762601923747065,3.1331757289204107
2020-02-13,0.001256755223852679,0.0,0.0,0.0,0.001256755223852679,1.1762601923747065,3.1371158392435006
2020-02-14,-0.002389186927130455,0.0,0.0,-0.0,-0.002389186927130455,1.1762601923747065,3.129629629629631
2020-02-18,0.0028914471084572416,0.0,0.0,0.0,0.0028914471084572416,1.1762601923747065,3.1386918833727355
2020-02-19,-0.001256123767726629,0.0,0.0,-0.0,-0.001256123767726629,1.1762601923747065,3.134751773049647
2020-02-20,-0.01443245712158593,0.0,0.0,-0.0,-0.01443245712158593,1.1762601923747065,3.0898345153664315
2020-02-21,-0.02727500556264378,0.0,0.0,-0.0,-0.02727500556264378,1.1762601923747065,3.006698187549252
2020-02-24,-0.030738898097372087,0.0,0.0,-0.0,-0.030738898097372087,1.1762601923747065,2.915681639085895
2020-02-25,-0.0029774010356401507,0.0,0.0,-0.0,-0.0029774010356401507,1.1762601923747065,2.907013396375099
2020-02-26,-0.010765246704988764,0.0,0.0,-0.0,-0.010765246704988764,1.1762601923747065,2.875886524822695
2020-02-27,-0.031169908940193832,0.0,0.0,-0.0,-0.031169908940193832,1.1762601923747065,2.7876280535855007
2020-02-28,0.03527163741441191,0.0,0.0,0.0,0.03527163741441191,1.1762601923747065,2.887706855791963
2020-03-02,-0.02472672423779696,0.0,0.0,-0.0,-0.02472672423779696,1.1762601923747065,2.817178881008669
2020-03-03,0.042040831855741444,1.0,0.0005,0.04154083185574144,0.042040831855741444,1.2261521209300328,2.9381402679275026
2020-03-04,-0.031052474543497518,1.0,0.0,-0.031052474543497518,-0.031052474543497518,1.18866215397656,2.848305752561073
2020-03-05,-0.019133325806198677,1.0,0.0,-0.019133325806198677,-0.019133325806198677,1.1661352878685523,2.794326241134753
2020-03-06,-0.059849400663407194,0.0,0.0005,-0.0005,-0.059849400663407194,1.1655523659672375,2.6319936958234837
2020-03-09,0.04879016416943205,0.0,0.0,0.0,0.04879016416943205,1.1655523659672375,2.7635933806146586
2020-03-10,-0.04849080778342164,0.0,0.0,-0.0,-0.04849080778342164,1.1655523659672375,2.632781717888102
2020-03-11,-0.0909646517648493,1.0,0.0005,-0.0914646517648493,-0.0909646517648493,1.0636755995218465,2.4038613081166287
2020-03-12,0.08616416249804731,1.0,0.0,0.08616416249804731,0.08616416249804731,1.159390712476689,2.6201733648542174
2020-03-13,-0.11307608563403966,1.0,0.0,-0.11307608563403966,-0.11307608563403966,1.035431795699106,2.3400315208825857
2020-03-16,0.07475722133190295,1.0,0.0,0.07475722133190295,0.07475722133190295,1.115804595466287,2.5216706067769907
2020-03-17,-0.04212492630067112,1.0,0.0,-0.04212492630067112,-0.04212492630067112,1.0697776559033025,2.4176516942474398
2020-03-18,0.010214924654827399,1.0,0.0,0.010214924654827399,0.010214924654827399,1.080761357389924,2.4424743892829013
2020-03-19,-0.05402241217940004,1.0,0.0,-0.05402241217940004,-0.05402241217940004,1.0239250608083599,2.314026792750198
2020-03-20,-0.019775384350398252,1.0,0.0,-0.019775384350398252,-0.019775384350398252,1.0038754469835751,2.268715524034674
2020-03-23,0.08677978829012316,1.0,0.0,0.08677978829012316,0.08677978829012316,1.094883259301294,2.474389282899922
2020-03-24,-0.011209084534719853,1.0,0.0,-0.011209084534719853,-0.011209084534719853,1.0826791465383816,2.446808510638299
2020-03-25,0.05406722127027579,1.0,0.0,0.05406722127027579,0.05406722127027579,1.142827988012736,2.5827423167848713
2020-03-26,-0.03904376466008508,1.0,0.0,-0.03904376466008508,-0.03904376466008508,1.0990675265342928,2.4838455476753363
2020-03-27,0.0446724400515926,1.0,0.0,0.0446724400515926,0.0446724400515926,1.1492787333302759,2.597320724980301
2020-03-30,-0.024104951559080656,1.0,0.0,-0.024104951559080656,-0.024104951559080656,1.1219066518477434,2.5354609929078027
2020-03-31,-0.03269658707633795,1.0,0.0,-0.03269658707633795,-0.03269658707633795,1.0858173469631307,2.45390070921986
2020-04-01,0.019399558932848376,1.0,0.0,0.019399558932848376,0.019399558932848376,1.107087372064207,2.5019700551615465
2020-04-02,-0.016353464393167476,1.0,0.0,-0.016353464393167476,-0.016353464393167476,1.0891298918559214,2.461386918833729
2020-04-03,0.06401813604086479,1.0,0.0,0.06401813604086479,0.06401813604086479,1.161134157157105,2.6241134751773068
2020-04-06,-0.01011100442113499,1.0,0.0,-0.01011100442113499,-0.01011100442113499,1.1494530777983174,2.5977147360126103
2020-04-07,0.03707160642425025,1.0,0.0,0.03707160642425025,0.03707160642425025,1.1928648503406776,2.6958234830575276
2020-04-08,0.01133568307416525,1.0,0.0,0.01133568307416525,0.01133568307416525,1.206463718847923,2.7265563435776223
2020-04-09,-0.01749315744751723,1.0,0.0,-0.01749315744751723,-0.01749315744751723,1.18554238268293,2.6792750197005537
2020-04-13,0.03226786499482254,1.0,0.0,0.03226786499482254,0.03226786499482254,1.2244211990562086,2.7671394799054396
2020-04-14,-0.008149305233074047,1.0,0.0,-0.008149305233074047,-0.008149305233074047,1.2144835643778369,2.7446808510638316
2020-04-15,0.007009541610615016,1.0,0.0,0.007009541610615016,0.007009541610615016,1.2230264433118758,2.763987391646969
2020-04-16,0.01990045209204836,1.0,0.0,0.01990045209204836,0.01990045209204836,1.2476090133057425,2.8195429472025237
2020-04-17,-0.009971292503829122,1.0,0.0,-0.009971292503829122,-0.009971292503829122,1.235230556074788,2.791568163908591
2020-04-20,-0.026313544504178867,1.0,0.0,-0.026313544504178867,-0.026313544504178867,1.2031511739551326,2.719070133963753
2020-04-21,0.020793751280580884,1.0,0.0,0.020793751280580884,0.020793751280580884,1.2284311218211652,2.7762017336485436
2020-04-22,-0.007836472389197713,1.0,0.0,-0.007836472389197713,-0.007836472389197713,1.218842176078877,2.7545311268715538
2020-04-23,0.014766703082158049,1.0,0.0,0.014766703082158049,0.014766703082158049,1.2369740007552044,2.795508274231681
2020-04-24,0.011909072448126674,1.0,0.0,0.011909072448126674,0.011909072448126674,1.2517932805387408,2.8289992119779375
2020-04-27,-0.009656502158751913,1.0,0.0,-0.009656502158751913,-0.009656502158751913,1.23976351224387,2.801812450748623
2020-04-28,0.019082687839297344,1.0,0.0,0.019082687839297344,0.019082687839297344,1.2636487043655702,2.855791962174943
2020-04-29,-0.007339228401347118,0.0,0.0005,-0.0005,-0.007339228401347118,1.2630170379431527,2.8349093774625707
2020-04-30,-0.017243015003988917,1.0,0.0005,-0.017743015003988918,-0.017243015003988917,1.2408049451575829,2.786446020488575
2020-05-01,0.005640172876261123,0.0,0.0005,-0.0005,0.005640172876261123,1.2401846977597752,2.8022064617809317
2020-05-04,0.006726482760950591,0.0,0.0,0.0,0.006726482760950591,1.2401846977597752,2.8211189913317583
2020-05-05,0.0,0.0,0.0,0.0,0.0,1.2401846977597752,2.8211189913317583
2020-05-06,0.00027929060368689146,0.0,0.0,0.0,0.00027929060368689146,1.2401846977597752,2.8219070133963764
2020-05-07,0.01193629716443725,0.0,0.0,0.0,0.01193629716443725,1.2401846977597752,2.855791962174942
2020-05-08,0.006874769273577646,0.0,0.0,0.0,0.006874769273577646,1.2401846977597752,2.875492513790387
2020-05-11,-0.016858213257760837,0.0,0.0,-0.0,-0.016858213257760837,1.2401846977597752,2.8274231678487007
2020-05-12,-0.01488164484801369,0.0,0.0,-0.0,-0.01488164484801369,1.2401846977597752,2.7856579984239564
2020-05-13,0.005360430383923454,0.0,0.0,0.0,0.005360430383923454,1.2401846977597752,2.8006304176516945
2020-05-14,0.009799882433010559,0.0,0.0,0.0,0.009799882433010559,1.2401846977597752,2.8282111899133175
2020-05-15,0.009014692487773625,0.0,0.0,0.0,0.009014692487773625,1.2401846977597752,2.8538219070133968
2020-05-19,0.014664828011556105,0.0,0.0,0.0,0.014664828011556105,1.2401846977597752,2.8959810874704486
2020-05-20,-0.004909993497555782,0.0,0.0,-0.0,-0.004909993497555782,1.2401846977597752,2.881796690307328
2020-05-21,0.005590034326211342,0.0,0.0,0.0,0.005590034326211342,1.2401846977597752,2.8979511426319933
2020-05-22,0.011624894361723297,0.0,0.0,0.0,0.011624894361723297,1.2401846977597752,2.931836091410559
2020-05-25,-0.01366640578869983,0.0,0.0,-0.0,-0.01366640578869983,1.2401846977597752,2.8920409771473596
2020-05-26,0.012321596548908027,0.0,0.0,0.0,0.012321596548908027,1.2401846977597752,2.9278959810874703
2020-05-27,-0.00040379568487289844,0.0,0.0,-0.0,-0.00040379568487289844,1.2401846977597752,2.9267139479905437
2020-05-28,0.005906057436082075,0.0,0.0,0.0,0.005906057436082075,1.2401846977597752,2.9440504334121353
2020-05-29,-0.011982640849513001,0.0,0.0,-0.0,-0.011982640849513001,1.2401846977597752,2.908983451536643
2020-06-01,0.003920248346084935,0.0,0.0,0.0,0.003920248346084935,1.2401846977597752,2.9204097714736013
2020-06-02,0.011402632097811552,0.0,0.0,0.0,0.011402632097811552,1.2401846977597752,2.953900709219858
2020-06-03,-0.001869159422703536,0.0,0.0,-0.0,-0.001869159422703536,1.2401846977597752,2.948384554767533
2020-06-04,0.022202577151493458,0.0,0.0,0.0,0.022202577151493458,1.2401846977597752,3.0145784081954297
2020-06-05,0.005084425267837826,0.0,0.0,0.0,0.005084425267837826,1.2401846977597752,3.0299448384554775
2020-06-08,-0.004169930462449968,0.0,0.0,-0.0,-0.004169930462449968,1.2401846977597752,3.0173364854215916
2020-06-09,-0.005630866707977536,0.0,0.0,-0.0,-0.005630866707977536,1.2401846977597752,3.000394011032309
2020-06-10,-0.043753623947049305,0.0,0.0,-0.0,-0.043753623947049305,1.2401846977597752,2.8719464144996056
2020-06-11,0.010508455622797574,0.0,0.0,0.0,0.010508455622797574,1.2401846977597752,2.9022852639873915
2020-06-12,0.0051455766883777496,0.0,0.0,0.0,0.0051455766883777496,1.2401846977597752,2.9172576832151305
2020-06-15,0.01859958616024265,0.0,0.0,0.0,0.01859958616024265,1.2401846977597752,2.9720252167060677
2020-06-16,-0.0013266120279363054,0.0,0.0,-0.0,-0.0013266120279363054,1.2401846977597752,2.9680851063829783
2020-06-17,0.002651466487753221,0.0,0.0,0.0,0.002651466487753221,1.2401846977597752,2.975965327029156
2020-06-18,-0.005176888179533792,1.0,0.0005,-0.005676888179533792,-0.005176888179533792,1.233164253900017,2.9605988967691093
2020-06-19,0.0005321979902091726,0.0,0.0005,-0.0005,0.0005321979902091726,1.232547825892911,2.9621749408983447
2020-06-22,0.006628686607590888,0.0,0.0,0.0,0.006628686607590888,1.232547825892911,2.98187549251379
2020-06-23,-0.022313705534247885,0.0,0.0,-0.0,-0.022313705534247885,1.232547825892911,2.916075650118202
2020-06-24,0.013287894326935371,0.0,0.0,0.0,0.013287894326935371,1.232547825892911,2.955082742316784
2020-06-25,-0.022518311430602286,0.0,0.0,-0.0,-0.022518311430602286,1.232547825892911,2.8892828999211972
2020-06-26,0.009095291098461735,0.0,0.0,0.0,0.009095291098461735,1.232547825892911,2.9156816390858937
2020-06-29,0.007673188351533565,0.0,0.0,0.0,0.007673188351533565,1.232547825892911,2.938140267927501
2020-06-30,0.010405643516801136,0.0,0.0,0.0,0.010405643516801136,1.232547825892911,2.968873128447596
2020-07-02,-0.004122620374535028,0.0,0.0,-0.0,-0.004122620374535028,1.232547825892911,2.9566587864460203
2020-07-03,0.01730672696667195,0.0,0.0,0.0,0.01730672696667195,1.232547825892911,3.0082742316784863
2020-07-06,-0.005647877362968879,0.0,0.0,-0.0,-0.005647877362968879,1.232547825892911,2.9913317572892035
2020-07-07,-0.0002634699000881244,0.0,0.0,-0.0,-0.0002634699000881244,1.232547825892911,2.9905437352245863
2020-07-08,0.0011850682801090738,0.0,0.0,0.0,0.0011850682801090738,1.232547825892911,2.994089834515366
2020-07-09,0.010863270236065177,0.0,0.0,0.0,0.010863270236065177,1.232547825892911,3.026792750197005
2020-07-10,-0.008103560225157975,0.0,0.0,-0.0,-0.008103560225157975,1.232547825892911,3.002364066193853
2020-07-13,0.013426519888571992,0.0,0.0,0.0,0.013426519888571992,1.232547825892911,3.0429472025216704
2020-07-14,0.001552594437902527,0.0,0.0,0.0,0.001552594437902527,1.232547825892911,3.0476753349093766
2020-07-15,0.0009045681304269146,0.0,0.0,0.0,0.0009045681304269146,1.232547825892911,3.050433412135539
2020-07-16,0.0033526788335675023,0.0,0.0,0.0,0.0033526788335675023,1.232547825892911,3.060677698975571
2020-07-17,0.006032232884416218,0.0,0.0,0.0,0.006032232884416218,1.232547825892911,3.07919621749409
2020-07-20,-0.004874304160633775,0.0,0.0,-0.0,-0.004874304160633775,1.232547825892911,3.064223798266351
2020-07-21,0.0025683846146567395,0.0,0.0,0.0,0.0025683846146567395,1.232547825892911,3.0721040189125293
2020-07-22,-0.012778489465908469,0.0,0.0,-0.0,-0.012778489465908469,1.232547825892911,3.033096926713948
2020-07-23,-0.005209701806451685,0.0,0.0,-0.0,-0.005209701806451685,1.232547825892911,3.0173364854215916
2020-07-24,0.0022174404181581676,0.0,0.0,0.0,0.0022174404181581676,1.232547825892911,3.024034672970843
2020-07-27,-0.0037856581990398605,0.0,0.0,-0.0,-0.0037856581990398605,1.232547825892911,3.0126083530338845
2020-07-28,0.008854224511815195,0.0,0.0,0.0,0.008854224511815195,1.232547825892911,3.039401103230891
2020-07-29,0.004655983579219665,0.0,0.0,0.0,0.004655983579219665,1.232547825892911,3.053585500394012
2020-07-30,0.003606392368300006,0.0,0.0,0.0,0.003606392368300006,1.232547825892911,3.0646178092986616
2020-07-31,0.0047457281398843995,0.0,0.0,0.0,0.0047457281398843995,1.232547825892911,3.0791962174940912
2020-08-04,0.0038314223115558676,0.0,0.0,0.0,0.0038314223115558676,1.232547825892911,3.091016548463358
2020-08-05,0.007998519123374404,0.0,0.0,0.0,0.007998519123374404,1.232547825892911,3.1158392434988187
2020-08-06,0.006554094547921088,0.0,0.0,0.0,0.006554094547921088,1.232547825892911,3.136327817178881
2020-08-07,0.0010045204260057121,0.0,0.0,0.0,0.0010045204260057121,1.232547825892911,3.139479905437353
2020-08-10,-0.011486399561109929,0.0,0.0,-0.0,-0.011486399561109929,1.232547825892911,3.1036249014972426
2020-08-11,0.01060749938525385,0.0,0.0,0.0,0.01060749938525385,1.232547825892911,3.1367218282111904
2020-08-12,-0.005289684878165764,0.0,0.0,-0.0,-0.005289684878165764,1.232547825892911,3.120173364854216
2020-08-13,0.002648340030769093,0.0,0.0,0.0,0.002648340030769093,1.232547825892911,3.1284475965327037
2020-08-14,-0.0011341441578618333,0.0,0.0,-0.0,-0.0011341441578618333,1.232547825892911,3.124901497241923
2020-08-17,0.0002521432186833728,0.0,0.0,0.0,0.0002521432186833728,1.232547825892911,3.125689519306541
2020-08-18,-0.000882779551622494,0.0,0.0,-0.0,-0.000882779551622494,1.232547825892911,3.1229314420803793
2020-08-19,0.0007567158893060762,0.0,0.0,0.0,0.0007567158893060762,1.232547825892911,3.125295508274232
2020-08-20,0.0039006026177582915,0.0,0.0,0.0,0.0039006026177582915,1.232547825892911,3.1375098502758085
2020-08-21,0.012603898053704987,0.0,0.0,0.0,0.012603898053704987,1.232547825892911,3.1773049645390072
2020-08-24,0.0006198475373565694,0.0,0.0,0.0,0.0006198475373565694,1.232547825892911,3.179275019700552
2020-08-25,0.007408355898065906,0.0,0.0,0.0,0.007408355898065906,1.232547825892911,3.202915681639087
2020-08-26,0.0007378259065658034,0.0,0.0,0.0,0.0007378259065658034,1.232547825892911,3.20527974783294
2020-08-27,0.004293168200910592,0.0,0.0,0.0,0.004293168200910592,1.232547825892911,3.2190701339637524
2020-08-28,-0.006138754698324902,0.0,0.0,-0.0,-0.006138754698324902,1.232547825892911,3.1993695823483073
2020-08-31,0.009804000096620835,0.0,0.0,0.0,0.009804000096620835,1.232547825892911,3.2308904649330197
2020-09-01,0.013445784300681768,0.0,0.0,0.0,0.013445784300681768,1.232547825892911,3.2746256895193073
2020-09-02,-0.029302548228654125,0.0,0.0,-0.0,-0.029302548228654125,1.232547825892911,3.1800630417651696
2020-09-03,-0.013848390485943657,0.0,0.0,-0.0,-0.013848390485943657,1.232547825892911,3.136327817178881
2020-09-04,-0.01468009152219174,0.0,0.0,-0.0,-0.01468009152219174,1.232547825892911,3.0906225374310488
2020-09-08,0.013800307640898332,0.0,0.0,0.0,0.013800307640898332,1.232547825892911,3.1335697399527196
2020-09-09,-0.014055312104858263,0.0,0.0,-0.0,-0.014055312104858263,1.232547825892911,3.089834515366431
2020-09-10,-0.0007654037878455635,0.0,0.0,-0.0,-0.0007654037878455635,1.232547825892911,3.0874704491725775
2020-09-11,0.012176710575255066,0.0,0.0,0.0,0.012176710575255066,1.232547825892911,3.125295508274232
2020-09-14,0.006659571009426277,0.0,0.0,0.0,0.006659571009426277,1.232547825892911,3.1461780929866046
2020-09-15,-0.005651506407931216,0.0,0.0,-0.0,-0.005651506407931216,1.232547825892911,3.128447596532704
2020-09-16,-0.010890319103226414,0.0,0.0,-0.0,-0.010890319103226414,1.232547825892911,3.094562647754139
2020-09-17,-0.0071556655954123595,0.0,0.0,-0.0,-0.0071556655954123595,1.232547825892911,3.07249802994484
2020-09-18,-0.0047560986884039,0.0,0.0,-0.0,-0.0047560986884039,1.232547825892911,3.0579196217494102
2020-09-21,0.010892655915359048,0.0,0.0,0.0,0.010892655915359048,1.232547825892911,3.0914105594956673
2020-09-22,-0.017615370310235513,0.0,0.0,-0.0,-0.017615370310235513,1.232547825892911,3.037431048069348
2020-09-23,0.0006483823089109359,0.0,0.0,0.0,0.0006483823089109359,1.232547825892911,3.0394011032308925
2020-09-24,0.018876965025583427,0.0,0.0,0.0,0.018876965025583427,1.232547825892911,3.0973207249803014
2020-09-25,0.014397823859288903,0.0,0.0,0.0,0.014397823859288903,1.232547825892911,3.142237982663517
2020-09-28,-0.006163153902664948,0.0,0.0,-0.0,-0.006163153902664948,1.232547825892911,3.1229314420803806
2020-09-29,0.0018907171448305838,0.0,0.0,0.0,0.0018907171448305838,1.232547825892911,3.128841607565014
2020-09-30,0.002515408193367346,0.0,0.0,0.0,0.002515408193367346,1.232547825892911,3.1367218282111926
2020-10-01,-0.0076918606334653245,0.0,0.0,-0.0,-0.0076918606334653245,1.232547825892911,3.1126871552403497
2020-10-02,0.014576784869533076,0.0,0.0,0.0,0.014576784869533076,1.232547825892911,3.158392434988182
2020-10-05,-0.011038747314822074,0.0,0.0,-0.0,-0.011038747314822074,1.232547825892911,3.1237194641449983
2020-10-06,0.015271294402785043,0.0,0.0,0.0,0.015271294402785043,1.232547825892911,3.1717888100866847
2020-10-07,0.0027291916208357957,0.0,0.0,0.0,0.0027291916208357957,1.232547825892911,3.1804570527974807
2020-10-08,0.0025982074622570403,1.0,0.0005,0.0020982074622570403,0.0025982074622570403,1.2351366819675744,3.188731284475968
2020-10-09,0.012524721682228023,0.0,0.0005,-0.0005,0.012524721682228023,1.234519267992947,3.2289204097714754
2020-10-13,-0.007594353011154929,0.0,0.0,-0.0,-0.007594353011154929,1.234519267992947,3.204491725768323
2020-10-14,0.004294221677726373,0.0,0.0,0.0,0.004294221677726373,1.234519267992947,3.2182821118991356
2020-10-15,-0.002206153609593171,0.0,0.0,-0.0,-0.002206153609593171,1.234519267992947,3.211189913317575
2020-10-16,-0.015830159904910258,0.0,0.0,-0.0,-0.015830159904910258,1.234519267992947,3.160756501182035
2020-10-19,-0.0002493454694379178,0.0,0.0,-0.0,-0.0002493454694379178,1.234519267992947,3.1599684791174174
2020-10-20,-0.00062363581690684,0.0,0.0,-0.0,-0.00062363581690684,1.234519267992947,3.1579984239558727
2020-10-21,0.00448152125632739,0.0,0.0,0.0,0.00448152125632739,1.234519267992947,3.172182821118993
2020-10-22,0.003100393132747385,0.0,0.0,0.0,0.003100393132747385,1.234519267992947,3.1820330969267157
2020-10-23,-0.014216475872465667,0.0,0.0,-0.0,-0.014216475872465667,1.234519267992947,3.1371158392435006
2020-10-26,-0.004027188931368941,0.0,0.0,-0.0,-0.004027188931368941,1.234519267992947,3.124507486209615
2020-10-27,-0.026191212862947406,0.0,0.0,-0.0,-0.026191212862947406,1.234519267992947,3.04373522458629
2020-10-28,0.013756082444399916,0.0,0.0,0.0,0.013756082444399916,1.234519267992947,3.0858944050433417
2020-10-29,-0.013367808317992254,0.0,0.0,-0.0,-0.013367808317992254,1.234519267992947,3.0449172576832164
2020-10-30,0.004905134399258544,0.0,0.0,0.0,0.004905134399258544,1.234519267992947,3.059889676910954
2020-11-02,0.012667305200765635,0.0,0.0,0.0,0.012667305200765635,1.234519267992947,3.0988967691095355
2020-11-03,0.021384462679234658,0.0,0.0,0.0,0.021384462679234658,1.234519267992947,3.165878644602049
2020-11-04,0.012245808295557045,0.0,0.0,0.0,0.012245808295557045,1.234519267992947,3.2048857368006307
2020-11-05,-0.0011070792692316474,0.0,0.0,-0.0,-0.0011070792692316474,1.234519267992947,3.2013396375098506
2020-11-06,0.00918842605440617,0.0,0.0,0.0,0.00918842605440617,1.234519267992947,3.2308904649330183
2020-11-09,0.0018275972190240858,0.0,0.0,0.0,0.0018275972190240858,1.234519267992947,3.236800630417652
2020-11-10,0.009088217657972237,0.0,0.0,0.0,0.009088217657972237,1.234519267992947,3.26635145784082
2020-11-11,-0.004594373938198343,0.0,0.0,-0.0,-0.004594373938198343,1.234519267992947,3.251379038613081
2020-11-12,0.01443720937474804,0.0,0.0,0.0,0.01443720937474804,1.234519267992947,3.2986603624901503
2020-11-13,0.007496911414178374,0.0,0.0,0.0,0.007496911414178374,1.234519267992947,3.323483057525611
2020-11-16,-0.004158010148663677,0.0,0.0,-0.0,-0.004158010148663677,1.234519267992947,3.3096926713948
2020-11-17,-0.013302371239878775,0.0,0.0,-0.0,-0.013302371239878775,1.234519267992947,3.2659574468085113
2020-11-18,0.003131778035501898,0.0,0.0,0.0,0.003131778035501898,1.234519267992947,3.2762017336485427
2020-11-19,-0.005426603609291045,0.0,0.0,-0.0,-0.005426603609291045,1.234519267992947,3.258471237194642
2020-11-20,0.0059075462661506584,0.0,0.0,0.0,0.0059075462661506584,1.234519267992947,3.2777777777777777
2020-11-23,0.009570595841739289,0.0,0.0,0.0,0.009570595841739289,1.234519267992947,3.30929866036249
2020-11-24,-0.0017875235648036063,0.0,0.0,-0.0,-0.0017875235648036063,1.234519267992947,3.3033884948778565
2020-11-25,0.0010728975220042946,0.0,0.0,0.0,0.0010728975220042946,1.234519267992947,3.306934594168637
2020-11-26,0.0033305609471645323,0.0,0.0,0.0,0.0033305609471645323,1.234519267992947,3.317966903073286
2020-11-27,-0.007030953113481713,0.0,0.0,-0.0,-0.007030953113481713,1.234519267992947,3.294720252167061
2020-11-30,0.00762453062245155,0.0,0.0,0.0,0.00762453062245155,1.234519267992947,3.319936958234831
2020-12-01,0.0005932253837136728,0.0,0.0,0.0,0.0005932253837136728,1.234519267992947,3.3219070133963755
2020-12-02,-0.005470993665366532,0.0,0.0,-0.0,-0.005470993665366532,1.234519267992947,3.3037825059101653
2020-12-03,0.002382371585406846,0.0,0.0,0.0,0.002382371585406846,1.234519267992947,3.3116627265563436
2020-12-04,-0.00023798191449768302,0.0,0.0,-0.0,-0.00023798191449768302,1.234519267992947,3.310874704491726
2020-12-07,0.004748910741281874,0.0,0.0,0.0,0.004748910741281874,1.234519267992947,3.3266351457840826
2020-12-08,-0.008086617976232858,0.0,0.0,-0.0,-0.008086617976232858,1.234519267992947,3.299842395587077
2020-12-09,-0.007069707715363674,0.0,0.0,-0.0,-0.007069707715363674,1.234519267992947,3.276595744680851
2020-12-10,0.0,0.0,0.0,0.0,0.0,1.234519267992947,3.276595744680851
2020-12-11,-0.004942448732639858,0.0,0.0,-0.0,-0.004942448732639858,1.234519267992947,3.260441292356186
2020-12-14,0.007584458195478528,0.0,0.0,0.0,0.007584458195478528,1.234519267992947,3.2852639873916467
2020-12-15,0.006574645642085385,0.0,0.0,0.0,0.006574645642085385,1.234519267992947,3.306934594168637
2020-12-16,0.00428011591465461,0.0,0.0,0.0,0.00428011591465461,1.234519267992947,3.3211189913317574
2020-12-17,0.0014226439862377609,0.0,0.0,0.0,0.0014226439862377609,1.234519267992947,3.325847123719464
2020-12-18,0.0016571973489608023,0.0,0.0,0.0,0.0016571973489608023,1.234519267992947,3.331363278171789
2020-12-21,0.0010638927654000494,0.0,0.0,0.0,0.0010638927654000494,1.234519267992947,3.3349093774625693
2020-12-22,-0.003432159118011991,0.0,0.0,-0.0,-0.003432159118011991,1.234519267992947,3.323483057525611
2020-12-23,0.0009479796894314685,0.0,0.0,0.0,0.0009479796894314685,1.234519267992947,3.3266351457840826
2020-12-24,0.0062577688122199045,0.0,0.0,0.0,0.0062577688122199045,1.234519267992947,3.3475177304964534
2020-12-29,-0.0057841157542234045,0.0,0.0,-0.0,-0.0057841157542234045,1.234519267992947,3.3282111899133175
2020-12-30,0.0035452648809088743,0.0,0.0,0.0,0.0035452648809088743,1.234519267992947,3.340031520882585
2020-12-31,-0.011031486047582022,0.0,0.0,-0.0,-0.011031486047582022,1.234519267992947,3.3033884948778574
2021-01-04,-0.0007159050538432795,0.0,0.0,-0.0,-0.0007159050538432795,1.234519267992947,3.301024428684004
2021-01-05,0.005475552306831088,0.0,0.0,0.0,0.005475552306831088,1.234519267992947,3.3191489361702127
2021-01-06,0.015781743162950685,0.0,0.0,0.0,0.015781743162950685,1.234519267992947,3.371946414499606
2021-01-07,0.007102550670637182,0.0,0.0,0.0,0.007102550670637182,1.234519267992947,3.39598108747045
2021-01-08,-0.0003481288111748182,0.0,0.0,-0.0,-0.0003481288111748182,1.234519267992947,3.394799054373523
2021-01-11,-0.00465333552564116,0.0,0.0,-0.0,-0.00465333552564116,1.234519267992947,3.379038613081167
2021-01-12,0.0017475393274732872,0.0,0.0,0.0,0.0017475393274732872,1.234519267992947,3.384948778565801
2021-01-13,-0.00865097749697555,0.0,0.0,-0.0,-0.00865097749697555,1.234519267992947,3.355791962174942
2021-01-14,0.00035217468228046766,0.0,0.0,0.0,0.00035217468228046766,1.234519267992947,3.3569739952718685
2021-01-15,0.004216450378934825,0.0,0.0,0.0,0.004216450378934825,1.234519267992947,3.3711583924349893
2021-01-18,0.0035001785822096204,0.0,0.0,0.0,0.0035001785822096204,1.234519267992947,3.3829787234042556
2021-01-19,0.007195110534538287,0.0,0.0,0.0,0.007195110534538287,1.234519267992947,3.407407407407408
2021-01-20,-0.0011570057983978867,0.0,0.0,-0.0,-0.0011570057983978867,1.234519267992947,3.4034672970843185
2021-01-21,0.004504772272843188,0.0,0.0,0.0,0.004504772272843188,1.234519267992947,3.418833727344366
2021-01-22,0.004943391109535633,0.0,0.0,0.0,0.004943391109535633,1.234519267992947,3.4357762017336486
2021-01-25,-0.005289192507713831,0.0,0.0,-0.0,-0.005289192507713831,1.234519267992947,3.417651694247439
2021-01-26,-0.018031082352471077,0.0,0.0,-0.0,-0.018031082352471077,1.234519267992947,3.3565799842395587
2021-01-27,0.010741492653324707,0.0,0.0,0.0,0.010741492653324707,1.234519267992947,3.392828999211978
2021-01-28,-0.02124368370026406,0.0,0.0,-0.0,-0.02124368370026406,1.234519267992947,3.321513002364066
2021-01-29,0.022404315214023897,0.0,0.0,0.0,0.022404315214023897,1.234519267992947,3.3967691095350667
2021-02-01,0.00923687435609963,0.0,0.0,0.0,0.00923687435609963,1.234519267992947,3.4282899921197796
2021-02-02,-0.0006898137776410289,0.0,0.0,-0.0,-0.0006898137776410289,1.234519267992947,3.4259259259259265
2021-02-03,0.013479756311276942,0.0,0.0,0.0,0.013479756311276942,1.234519267992947,3.4724192277383765
2021-02-04,-0.00022696323293069315,0.0,0.0,-0.0,-0.00022696323293069315,1.234519267992947,3.4716312056737593
2021-02-05,0.0050942545217430935,0.0,0.0,0.0,0.0050942545217430935,1.234519267992947,3.4893617021276606
2021-02-08,-0.003959953129705917,0.0,0.0,-0.0,-0.003959953129705917,1.234519267992947,3.4755713159968487
2021-02-09,-0.00022675737058613864,0.0,0.0,-0.0,-0.00022675737058613864,1.234519267992947,3.4747832939322314
2021-02-10,0.00192580065182705,0.0,0.0,0.0,0.00192580065182705,1.234519267992947,3.4814814814814827
2021-02-11,0.005305052229693098,0.0,0.0,0.0,0.005305052229693098,1.234519267992947,3.500000000000001
2021-02-12,-0.0024797127223985947,0.0,0.0,-0.0,-0.0024797127223985947,1.234519267992947,3.4913317572892053
2021-02-16,0.0011279044732845434,0.0,0.0,0.0,0.0011279044732845434,1.234519267992947,3.4952718676122942
2021-02-17,-0.0064461631186545345,0.0,0.0,-0.0,-0.0064461631186545345,1.234519267992947,3.472813238770687
2021-02-18,-0.005688944686575159,0.0,0.0,-0.0,-0.005688944686575159,1.234519267992947,3.453112687155242
2021-02-19,-0.007559307557773345,0.0,0.0,-0.0,-0.007559307557773345,1.234519267992947,3.427107959022855
2021-02-22,-0.001956384765775728,0.0,0.0,-0.0,-0.001956384765775728,1.234519267992947,3.420409771473603
2021-02-23,0.00620121417634881,0.0,0.0,0.0,0.00620121417634881,1.234519267992947,3.4416863672182836
2021-02-24,-0.016506405819510933,0.0,0.0,-0.0,-0.016506405819510933,1.234519267992947,3.38534278959811
2021-02-25,0.0045288354710116075,0.0,0.0,0.0,0.0045288354710116075,1.234519267992947,3.400709219858157
2021-02-26,0.017343798902004947,0.0,0.0,0.0,0.017343798902004947,1.234519267992947,3.460204885736801
2021-03-01,-0.011452255262123855,0.0,0.0,-0.0,-0.011452255262123855,1.234519267992947,3.42080378250591
2021-03-02,-0.010886036860867145,0.0,0.0,-0.0,-0.010886036860867145,1.234519267992947,3.3837667454688733
2021-03-03,-0.012419608964135697,0.0,0.0,-0.0,-0.012419608964135697,1.234519267992947,3.342001576044129
2021-03-04,0.020075370750294242,0.0,0.0,0.0,0.020075370750294242,1.234519267992947,3.4097714736012614
2021-03-05,-0.005213474126875497,0.0,0.0,-0.0,-0.005213474126875497,1.234519267992947,3.3920409771473605
2021-03-08,0.012007995573332207,0.0,0.0,0.0,0.012007995573332207,1.234519267992947,3.4330181245074862
2021-03-09,0.004123244874977749,0.0,0.0,0.0,0.004123244874977749,1.234519267992947,3.447202521670607
2021-03-10,0.002967361227802008,0.0,0.0,0.0,0.002967361227802008,1.234519267992947,3.4574468085106385
2021-03-11,-0.002967361227802112,0.0,0.0,-0.0,-0.002967361227802112,1.234519267992947,3.447202521670607
2021-03-12,0.006493899209434576,0.0,0.0,0.0,0.006493899209434576,1.234519267992947,3.4696611505122146
2021-03-15,-0.003982482364317597,0.0,0.0,-0.0,-0.003982482364317597,1.234519267992947,3.4558707643814026
2021-03-16,0.0004559443826850205,0.0,0.0,0.0,0.0004559443826850205,1.234519267992947,3.4574468085106385
2021-03-17,-0.00582892101254693,0.0,0.0,-0.0,-0.00582892101254693,1.234519267992947,3.4373522458628845
2021-03-18,-0.002065405209276768,0.0,0.0,-0.0,-0.002065405209276768,1.234519267992947,3.4302600472813247
2021-03-19,0.008919441637068926,0.0,0.0,0.0,0.008919441637068926,1.234519267992947,3.460992907801419
2021-03-22,-0.003078504227087497,0.0,0.0,-0.0,-0.003078504227087497,1.234519267992947,3.4503546099290783
2021-03-23,-0.005611237167786315,0.0,0.0,-0.0,-0.005611237167786315,1.234519267992947,3.431048069345942
2021-03-24,0.008803578266759475,0.0,0.0,0.0,0.008803578266759475,1.234519267992947,3.461386918833728
2021-03-25,0.009629074682427631,0.0,0.0,0.0,0.009629074682427631,1.234519267992947,3.494877856579985
2021-03-26,-0.00045105999862637644,0.0,0.0,-0.0,-0.00045105999862637644,1.234519267992947,3.4933018124507496
2021-03-29,0.0010145990386178452,0.0,0.0,0.0,0.0010145990386178452,1.234519267992947,3.49684791174153
2021-03-30,-0.0012402053565514475,0.0,0.0,-0.0,-0.0012402053565514475,1.234519267992947,3.4925137903861323
2021-03-31,0.009096586955754616,0.0,0.0,0.0,0.009096586955754616,1.234519267992947,3.5244286840031545
2021-04-01,0.012443222432128866,0.0,0.0,0.0,0.012443222432128866,1.234519267992947,3.568557919621752
2021-04-05,0.0030867624553230183,0.0,0.0,0.0,0.0030867624553230183,1.234519267992947,3.579590228526401
2021-04-06,0.005160026819414605,0.0,0.0,0.0,0.005160026819414605,1.234519267992947,3.598108747044919
2021-04-07,0.0,0.0,0.0,0.0,0.0,1.234519267992947,3.598108747044919
2021-04-08,0.004697665273084844,0.0,0.0,0.0,0.004697665273084844,1.234519267992947,3.615051221434202
2021-04-09,0.002938457792642818,0.0,0.0,0.0,0.002938457792642818,1.234519267992947,3.6256895193065417
2021-04-12,0.00032596295176437495,0.0,0.0,0.0,0.00032596295176437495,1.234519267992947,3.626871552403469
2021-04-13,-0.004900635999002289,0.0,0.0,-0.0,-0.004900635999002289,1.234519267992947,3.6091410559495682
2021-04-14,0.012584240707246426,0.0,0.0,0.0,0.012584240707246426,1.234519267992947,3.654846335697402
2021-04-15,0.001077470204444612,0.0,0.0,0.0,0.001077470204444612,1.234519267992947,3.658786446020491
2021-04-16,-0.0030198469886512417,0.0,0.0,-0.0,-0.0030198469886512417,1.234519267992947,3.6477541371158413
2021-04-19,-0.0002160527177033107,0.0,0.0,-0.0,-0.0002160527177033107,1.234519267992947,3.6469661150512236
2021-04-20,-0.00021609940656752163,0.0,0.0,-0.0,-0.00021609940656752163,1.234519267992947,3.6461780929866063
2021-04-21,-0.008137624247853973,0.0,0.0,-0.0,-0.008137624247853973,1.234519267992947,3.6166272655634386
2021-04-22,0.008353723654421464,0.0,0.0,0.0,0.008353723654421464,1.234519267992947,3.646966115051224
2021-04-23,-0.00476500793293669,0.0,0.0,-0.0,-0.00476500793293669,1.234519267992947,3.6296296296296324
2021-04-26,-0.00032571521920875577,0.0,0.0,-0.0,-0.00032571521920875577,1.234519267992947,3.6284475965327063
2021-04-27,-0.007411478067548384,0.0,0.0,-0.0,-0.007411478067548384,1.234519267992947,3.6016548463357
2021-04-28,0.0037126052689524054,0.0,0.0,0.0,0.0037126052689524054,1.234519267992947,3.615051221434203
2021-04-29,-0.006122244989105481,0.0,0.0,-0.0,-0.006122244989105481,1.234519267992947,3.592986603624905
2021-04-30,0.00208139418955137,0.0,0.0,0.0,0.00208139418955137,1.234519267992947,3.600472813238775
2021-05-03,-0.0041671296182753505,0.0,0.0,-0.0,-0.0041671296182753505,1.234519267992947,3.585500394011037
2021-05-04,-0.0025306719783141788,0.0,0.0,-0.0,-0.0025306719783141788,1.234519267992947,3.576438140267932
2021-05-05,-0.0011022928805711116,0.0,0.0,-0.0,-0.0011022928805711116,1.234519267992947,3.572498029944843
2021-05-06,0.005828355422321019,0.0,0.0,0.0,0.005828355422321019,1.234519267992947,3.593380614657215
2021-05-07,-0.013912115737724384,0.0,0.0,-0.0,-0.013912115737724384,1.234519267992947,3.543735224586293
2021-05-10,-0.008261741756597635,0.0,0.0,-0.0,-0.008261741756597635,1.234519267992947,3.5145784081954345
2021-05-11,-0.01844256605183073,0.0,0.0,-0.0,-0.01844256605183073,1.234519267992947,3.4503546099290823
2021-05-12,0.014285957247476652,0.0,0.0,0.0,0.014285957247476652,1.234519267992947,3.500000000000005
2021-05-13,0.01175101653551873,0.0,0.0,0.0,0.01175101653551873,1.234519267992947,3.54137115839244
2021-05-14,-0.007146077752796706,0.0,0.0,-0.0,-0.007146077752796706,1.234519267992947,3.5161544523246695
2021-05-17,-0.008665858069037127,0.0,0.0,-0.0,-0.008665858069037127,1.234519267992947,3.4858156028368845
2021-05-18,0.0019197115036791216,0.0,0.0,0.0,0.0019197115036791216,1.234519267992947,3.4925137903861354
2021-05-19,0.005176111477789799,0.0,0.0,0.0,0.005176111477789799,1.234519267992947,3.5106382978723447
2021-05-20,-0.0003367570329854649,0.0,0.0,-0.0,-0.0003367570329854649,1.234519267992947,3.5094562647754177
2021-05-21,0.008385090215813774,0.0,0.0,0.0,0.008385090215813774,1.234519267992947,3.5390070921985854
2021-05-25,0.005661963502160262,0.0,0.0,0.0,0.005661963502160262,1.234519267992947,3.5591016548463394
2021-05-26,-0.003104559539787076,0.0,0.0,-0.0,-0.003104559539787076,1.234519267992947,3.54806934594169
2021-05-27,0.0027723888009746483,0.0,0.0,0.0,0.0027723888009746483,1.234519267992947,3.557919621749413
2021-05-28,-0.001662510773613414,0.0,0.0,-0.0,-0.001662510773613414,1.234519267992947,3.5520094562647793
2021-05-31,-0.0001109323868241055,0.0,0.0,-0.0,-0.0001109323868241055,1.234519267992947,3.5516154452324704
2021-06-01,-0.00133214939771562,0.0,0.0,-0.0,-0.00133214939771562,1.234519267992947,3.5468873128447633
2021-06-02,0.0023300981416228303,0.0,0.0,0.0,0.0023300981416228303,1.234519267992947,3.555161544523251
2021-06-03,0.006737751230948439,0.0,0.0,0.0,0.006737751230948439,1.234519267992947,3.579196217494094
2021-06-04,-0.0003303055356207865,0.0,0.0,-0.0,-0.0003303055356207865,1.234519267992947,3.578014184397167
2021-06-07,0.002859029877990251,0.0,0.0,0.0,0.002859029877990251,1.234519267992947,3.5882584712371988
2021-06-08,-0.0017584354459603323,0.0,0.0,-0.0,-0.0017584354459603323,1.234519267992947,3.5819542947202563
2021-06-09,0.0031848909465189957,0.0,0.0,0.0,0.0031848909465189957,1.234519267992947,3.593380614657215
2021-06-10,0.006884144545144966,0.0,0.0,0.0,0.006884144545144966,1.234519267992947,3.6182033096926753
2021-06-11,0.00021777003570372936,0.0,0.0,0.0,0.00021777003570372936,1.234519267992947,3.618991331757293
2021-06-14,0.002066453506030626,0.0,0.0,0.0,0.002066453506030626,1.234519267992947,3.626477541371163
2021-06-15,0.0006516780940959621,0.0,0.0,0.0,0.0006516780940959621,1.234519267992947,3.628841607565016
2021-06-16,0.007787190551768685,0.0,0.0,0.0,0.007787190551768685,1.234519267992947,3.657210401891257
2021-06-17,-0.007787190551768565,0.0,0.0,-0.0,-0.007787190551768565,1.234519267992947,3.628841607565016
2021-06-18,0.008541054138168245,0.0,0.0,0.0,0.008541054138168245,1.234519267992947,3.6599684791174196
2021-06-21,0.0012910168549461513,0.0,0.0,0.0,0.0012910168549461513,1.234519267992947,3.6646966115051267
2021-06-22,-0.0012910168549461892,0.0,0.0,-0.0,-0.0012910168549461892,1.234519267992947,3.6599684791174196
2021-06-23,0.006759319764383582,0.0,0.0,0.0,0.006759319764383582,1.234519267992947,3.6847911741528807
2021-06-24,0.0013891117262846593,0.0,0.0,0.0,0.0013891117262846593,1.234519267992947,3.689913317572897
2021-06-25,0.006068044381797521,0.0,0.0,0.0,0.006068044381797521,1.234519267992947,3.7123719464145046
2021-06-28,0.0011667993898667743,0.0,0.0,0.0,0.0011667993898667743,1.234519267992947,3.716706067769903
2021-06-29,0.002329522442704712,0.0,0.0,0.0,0.002329522442704712,1.234519267992947,3.7253743104806984
2021-06-30,0.006115582113899235,0.0,0.0,0.0,0.006115582113899235,1.234519267992947,3.7482269503546153
2021-07-02,0.004614586059722715,0.0,0.0,0.0,0.004614586059722715,1.234519267992947,3.765563435776207
2021-07-05,0.0049058080749643925,0.0,0.0,0.0,0.0049058080749643925,1.234519267992947,3.7840819542947264
2021-07-06,0.005089069507471228,0.0,0.0,0.0,0.005089069507471228,1.234519267992947,3.8033884948778627
2021-07-07,-0.005193198210642345,0.0,0.0,-0.0,-0.005193198210642345,1.234519267992947,3.7836879432624175
2021-07-08,0.004675090328993975,0.0,0.0,0.0,0.004675090328993975,1.234519267992947,3.801418439716319
2021-07-09,0.004034140459418298,0.0,0.0,0.0,0.004034140459418298,1.234519267992947,3.816784869976366
2021-07-12,0.0014441925348985473,0.0,0.0,0.0,0.0014441925348985473,1.234519267992947,3.82230102442869
2021-07-13,0.000927309324086894,0.0,0.0,0.0,0.000927309324086894,1.234519267992947,3.8258471237194698
2021-07-14,0.003803263051839342,0.0,0.0,0.0,0.003803263051839342,1.234519267992947,3.840425531914899
2021-07-15,-0.006587774725678897,0.0,0.0,-0.0,-0.006587774725678897,1.234519267992947,3.8152088258471295
2021-07-16,-0.0051770668539074345,0.0,0.0,-0.0,-0.0051770668539074345,1.234519267992947,3.795508274231684
2021-07-19,0.00981362144832467,0.0,0.0,0.0,0.00981362144832467,1.234519267992947,3.83293932230103
2021-07-20,-0.0010284892400998615,0.0,0.0,-0.0,-0.0010284892400998615,1.234519267992947,3.8289992119779415
2021-07-21,0.002158606995350825,0.0,0.0,0.0,0.002158606995350825,1.234519267992947,3.8372734436564278
2021-07-22,0.010317268085099824,0.0,0.0,0.0,0.010317268085099824,1.234519267992947,3.8770685579196273
2021-07-23,0.00030483158291216074,0.0,0.0,0.0,0.00030483158291216074,1.234519267992947,3.878250591016554
2021-07-26,-0.0007114182931282504,0.0,0.0,-0.0,-0.0007114182931282504,1.234519267992947,3.875492513790391
2021-07-27,-0.004994149910263615,0.0,0.0,-0.0,-0.004994149910263615,1.234519267992947,3.8561859732072543
2021-07-28,-0.002352821912968823,0.0,0.0,-0.0,-0.002352821912968823,1.234519267992947,3.8471237194641494
2021-07-29,-0.0026663947702045346,0.0,0.0,-0.0,-0.0026663947702045346,1.234519267992947,3.836879432624117
2021-07-30,0.010013366593436998,0.0,0.0,0.0,0.010013366593436998,1.234519267992947,3.87549251379039
2021-08-03,-0.002850745160090607,0.0,0.0,-0.0,-0.002850745160090607,1.234519267992947,3.8644602048857406
2021-08-04,0.0020370754650771462,0.0,0.0,0.0,0.0020370754650771462,1.234519267992947,3.872340425531919
2021-08-05,0.006389798098770988,0.0,0.0,0.0,0.006389798098770988,1.234519267992947,3.89716312056738
2021-08-06,0.0006064281568503374,0.0,0.0,0.0,0.0006064281568503374,1.234519267992947,3.8995271867612336
2021-08-09,-0.002934482247443708,0.0,0.0,-0.0,-0.002934482247443708,1.234519267992947,3.888100866824275
2021-08-10,0.0006078411695608068,0.0,0.0,0.0,0.0006078411695608068,1.234519267992947,3.890464933018128
2021-08-11,0.004143722135088157,0.0,0.0,0.0,0.004143722135088157,1.234519267992947,3.9066193853427933
2021-08-12,0.001612415949462219,0.0,0.0,0.0,0.001612415949462219,1.234519267992947,3.9129235618597353
2021-08-13,0.006923915072824094,0.0,0.0,0.0,0.006923915072824094,1.234519267992947,3.94011032308905
2021-08-16,-0.002904213147389827,0.0,0.0,-0.0,-0.002904213147389827,1.234519267992947,3.928684003152092
2021-08-17,-0.008358979131320906,0.0,0.0,-0.0,-0.008358979131320906,1.234519267992947,3.8959810874704526
2021-08-18,0.014757081532966596,0.0,0.0,0.0,0.014757081532966596,1.234519267992947,3.9539007092198615
2021-08-19,0.008632290543584928,0.0,0.0,0.0,0.008632290543584928,1.234519267992947,3.9881796690307367
2021-08-20,-0.005051266125878779,0.0,0.0,-0.0,-0.005051266125878779,1.234519267992947,3.9680851063829823
2021-08-23,-0.0025850083991097008,0.0,0.0,-0.0,-0.0025850083991097008,1.234519267992947,3.9578408195429513
2021-08-24,0.001690953802229024,0.0,0.0,0.0,0.001690953802229024,1.234519267992947,3.964539007092202
2021-08-25,0.0014896472291385024,0.0,0.0,0.0,0.0014896472291385024,1.234519267992947,3.970449172576836
2021-08-26,0.003269433734114627,0.0,0.0,0.0,0.003269433734114627,1.234519267992947,3.983451536643029
2021-08-27,0.0034559402453981183,0.0,0.0,0.0,0.0034559402453981183,1.234519267992947,3.9972419227738416
2021-08-30,-0.0001971608839194187,0.0,0.0,-0.0,-0.0001971608839194187,1.234519267992947,3.9964539007092235
2021-08-31,0.0004928293431768611,0.0,0.0,0.0,0.0004928293431768611,1.234519267992947,3.9984239558707686
2021-09-01,-0.0028617969894126666,0.0,0.0,-0.0,-0.0028617969894126666,1.234519267992947,3.9869976359338097
2021-09-02,-0.001978435703203041,0.0,0.0,-0.0,-0.001978435703203041,1.234519267992947,3.9791174152876314
2021-09-03,0.0069074677645805885,0.0,0.0,0.0,0.0069074677645805885,1.234519267992947,4.006698187549255
2021-09-07,0.0012775786711438425,0.0,0.0,0.0,0.0012775786711438425,1.234519267992947,4.011820330969271
2021-09-08,-0.007096422447764179,0.0,0.0,-0.0,-0.007096422447764179,1.234519267992947,3.98345153664303
2021-09-09,-0.00565393560909697,0.0,0.0,-0.0,-0.00565393560909697,1.234519267992947,3.9609929078014225
2021-09-10,0.00019892580133226847,0.0,0.0,0.0,0.00019892580133226847,1.234519267992947,3.96178092986604
2021-09-13,-0.002489421250771189,0.0,0.0,-0.0,-0.002489421250771189,1.234519267992947,3.9519306540583177
2021-09-14,0.0034834571179107776,0.0,0.0,0.0,0.0034834571179107776,1.234519267992947,3.9657210401891296
2021-09-15,0.002480775273762845,0.0,0.0,0.0,0.002480775273762845,1.234519267992947,3.975571315996852
2021-09-16,-0.0035742690951341186,0.0,0.0,-0.0,-0.0035742690951341186,1.234519267992947,3.961386918833732
2021-09-17,-0.012208697624463435,0.0,0.0,-0.0,-0.012208697624463435,1.234519267992947,3.9133175728920446
2021-09-20,-0.0007050410726660374,0.0,0.0,-0.0,-0.0007050410726660374,1.234519267992947,3.910559495665882
2021-09-21,0.004523757400492817,0.0,0.0,0.0,0.004523757400492817,1.234519267992947,3.9282899921197827
2021-09-22,0.004802890961678051,0.0,0.0,0.0,0.004802890961678051,1.234519267992947,3.9472025216706093
2021-09-23,0.0014961850080505842,0.0,0.0,0.0,0.0014961850080505842,1.234519267992947,3.953112687155243
2021-09-24,-0.005396775041300108,0.0,0.0,-0.0,-0.005396775041300108,1.234519267992947,3.931836091410562
2021-09-27,-0.015858117285122708,0.0,0.0,-0.0,-0.015858117285122708,1.234519267992947,3.869976359338064
2021-09-28,0.0038614009974911327,1.0,0.0005,0.0033614009974911327,0.0038614009974911327,1.238675964539879,3.8849487785658017
2021-09-29,-0.018630900243417202,0.0,0.0005,-0.0005,-0.018630900243417202,1.2380567813663022,3.813238770685581
2021-09-30,0.008437132053874306,1.0,0.0005,0.007937132053874306,0.008437132053874306,1.2479225025025427,3.8455476753349114
2021-10-01,-0.016946055447552993,0.0,0.0005,-0.0005,-0.016946055447552993,1.247298697215609,3.780929866036251
2021-10-04,0.01088262800169847,1.0,0.0005,0.01038262800169847,0.01088262800169847,1.2603163976251888,3.8223010244286866
2021-10-05,0.004627971442167806,0.0,0.0005,-0.0005,0.004627971442167806,1.2596863969396725,3.8400315208825866
2021-10-06,0.004402361857978988,0.0,0.0,0.0,0.004402361857978988,1.2596863969396725,3.85697399527187
2021-10-07,-0.007485295139367277,0.0,0.0,-0.0,-0.007485295139367277,1.2596863969396725,3.8282111899133193
2021-10-08,-0.010137668284455004,1.0,0.0005,-0.010637668284455004,-0.010137668284455004,1.2463572918987733,3.789598108747047
2021-10-12,0.0014545457109941399,1.0,0.0,0.0014545457109941399,0.0014545457109941399,1.2481714946526286,3.795114263199372
2021-10-13,0.011766055854849189,0.0,0.0005,-0.0005,0.011766055854849189,1.2475475649007388,3.8400315208825866
2021-10-14,0.00766600575432277,0.0,0.0,0.0,0.00766600575432277,1.2475475649007388,3.8695823483057543
2021-10-15,0.0035574566155268223,0.0,0.0,0.0,0.0035574566155268223,1.2475475649007388,3.883372734436566
2021-10-18,0.00647251450561752,0.0,0.0,0.0,0.00647251450561752,1.2475475649007388,3.908589440504336
2021-10-19,0.0001008013709839054,0.0,0.0,0.0,0.0001008013709839054,1.2475475649007388,3.908983451536645
2021-10-20,0.00733119025424784,1.0,0.0005,0.006831190254247841,0.00733119025424784,1.2560989745666014,3.937746256895195
2021-10-21,-0.00160224348316757,0.0,0.0005,-0.0005,-0.00160224348316757,1.2554710820655244,3.931442080378253
2021-10-22,0.005696312809455857,0.0,0.0,0.0,0.005696312809455857,1.2554710820655244,3.9539007092198606
2021-10-25,0.0019910409763140096,0.0,0.0,0.0,0.0019910409763140096,1.2554710820655244,3.961780929866039
2021-10-26,-0.006385335473733869,0.0,0.0,-0.0,-0.006385335473733869,1.2554710820655244,3.9365642237982694
2021-10-27,0.00747872060328675,0.0,0.0,0.0,0.00747872060328675,1.2554710820655244,3.966115051221437
2021-10-28,0.005251436393454741,0.0,0.0,0.0,0.005251436393454741,1.2554710820655244,3.9869976359338097
2021-10-29,0.0006915288000945771,0.0,0.0,0.0,0.0006915288000945771,1.2554710820655244,3.9897557131599726
2021-11-01,0.006889112966151542,0.0,0.0,0.0,0.006889112966151542,1.2554710820655244,4.017336485421596
2021-11-02,0.005087078080564266,0.0,0.0,0.0,0.005087078080564266,1.2554710820655244,4.037825059101659
2021-11-03,0.009903955116945024,0.0,0.0,0.0,0.009903955116945024,1.2554710820655244,4.078014184397168
2021-11-04,0.0027980142717738666,0.0,0.0,0.0,0.0027980142717738666,1.2554710820655244,4.089440504334126
2021-11-05,0.0009630201052425091,0.0,0.0,0.0,0.0009630201052425091,1.2554710820655244,4.093380614657214
2021-11-08,-0.0038576574023586603,0.0,0.0,-0.0,-0.0038576574023586603,1.2554710820655244,4.077620173364858
2021-11-09,-0.0032907501628207008,0.0,0.0,-0.0,-0.0032907501628207008,1.2554710820655244,4.064223798266355
2021-11-10,0.007437132845083193,0.0,0.0,0.0,0.007437132845083193,1.2554710820655244,4.094562647754142
2021-11-11,0.004225087906183543,0.0,0.0,0.0,0.004225087906183543,1.2554710820655244,4.111899133175734
2021-11-12,-0.0022063417267231536,0.0,0.0,-0.0,-0.0022063417267231536,1.2554710820655244,4.102836879432629
2021-11-15,0.007558036456868488,0.0,0.0,0.0,0.007558036456868488,1.2554710820655244,4.133963750985033
2021-11-16,0.0014286397020109452,0.0,0.0,0.0,0.0014286397020109452,1.2554710820655244,4.139873916469667
2021-11-17,0.0024714841477667545,0.0,0.0,0.0,0.0024714841477667545,1.2554710820655244,4.150118203309698
2021-11-18,0.002560092423710557,0.0,0.0,0.0,0.002560092423710557,1.2554710820655244,4.160756501182038
2021-11-19,0.0007572889419089796,0.0,0.0,0.0,0.0007572889419089796,1.2554710820655244,4.163908589440511
2021-11-22,-0.00018926847790016752,0.0,0.0,-0.0,-0.00018926847790016752,1.2554710820655244,4.163120567375893
2021-11-23,0.0011350739016640886,0.0,0.0,0.0,0.0011350739016640886,1.2554710820655244,4.167848699763599
2021-11-24,0.0033032921358972784,0.0,0.0,0.0,0.0033032921358972784,1.2554710820655244,4.181639085894411
2021-11-25,-0.015860534765578478,0.0,0.0,-0.0,-0.015860534765578478,1.2554710820655244,4.115839243498824
2021-11-26,0.009622329280370134,0.0,0.0,0.0,0.009622329280370134,1.2554710820655244,4.155634357762023
2021-11-29,-0.016346012280334363,0.0,0.0,-0.0,-0.016346012280334363,1.2554710820655244,4.088258471237201
2021-11-30,-0.009587058371206792,0.0,0.0,-0.0,-0.009587058371206792,1.2554710820655244,4.049251379038619
2021-12-01,0.013722673787110557,0.0,0.0,0.0,0.013722673787110557,1.2554710820655244,4.105200945626483
2021-12-02,-0.006354729646070548,0.0,0.0,-0.0,-0.006354729646070548,1.2554710820655244,4.079196217494095
2021-12-03,0.006354729646070509,0.0,0.0,0.0,0.006354729646070509,1.2554710820655244,4.105200945626482
2021-12-06,0.01126181018734393,0.0,0.0,0.0,0.01126181018734393,1.2554710820655244,4.151694247438933
2021-12-07,0.003694410491939989,0.0,0.0,0.0,0.003694410491939989,1.2554710820655244,4.167060677698981
2021-12-08,-0.0020823481258543733,0.0,0.0,-0.0,-0.0020823481258543733,1.2554710820655244,4.158392434988185
2021-12-09,0.009993483754222165,0.0,0.0,0.0,0.009993483754222165,1.2554710820655244,4.2001576044129285
2021-12-10,-0.0016899825635208858,0.0,0.0,-0.0,-0.0016899825635208858,1.2554710820655244,4.193065405831368
2021-12-13,-0.0045206330518427025,0.0,0.0,-0.0,-0.0045206330518427025,1.2554710820655244,4.17415287628054
2021-12-14,0.015454810489437315,0.0,0.0,0.0,0.015454810489437315,1.2554710820655244,4.23916469661151
2021-12-15,-0.013945660985880464,0.0,0.0,-0.0,-0.013945660985880464,1.2554710820655244,4.1804570527974825
2021-12-16,-0.0013203812160685064,0.0,0.0,-0.0,-0.0013203812160685064,1.2554710820655244,4.174940898345159
2021-12-17,-0.008149386520963529,0.0,0.0,-0.0,-0.008149386520963529,1.2554710820655244,4.141055949566593
2021-12-20,0.015577374225828522,0.0,0.0,0.0,0.015577374225828522,1.2554710820655244,4.206067769897563
2021-12-21,0.003740069810852138,0.0,0.0,0.0,0.003740069810852138,1.2554710820655244,4.221828211189918
2021-12-22,0.0040050349255103075,0.0,0.0,0.0,0.0040050349255103075,1.2554710820655244,4.2387706855792
2021-12-23,0.0013933400610046437,0.0,0.0,0.0,0.0013933400610046437,1.2554710820655244,4.244680851063834
2021-12-24,0.012545132703564223,0.0,0.0,0.0,0.012545132703564223,1.2554710820655244,4.298266351457845
2021-12-29,-0.009949414179282627,0.0,0.0,-0.0,-0.009949414179282627,1.2554710820655244,4.255713159968483
2021-12-30,-0.010891427188622673,0.0,0.0,-0.0,-0.010891427188622673,1.2554710820655244,4.209613869188341
2021-12-31,0.011631825186351509,0.0,0.0,0.0,0.011631825186351509,1.2554710820655244,4.258865248226954
2022-01-04,-0.0157586365205675,0.0,0.0,-0.0,-0.0157586365205675,1.2554710820655244,4.192277383766749
2022-01-05,-0.0037664827954768934,0.0,0.0,-0.0,-0.0037664827954768934,1.2554710820655244,4.176516942474393
2022-01-06,-0.011003715656861503,0.0,0.0,-0.0,-0.011003715656861503,1.2554710820655244,4.13081166272656
2022-01-07,0.001429729071644221,0.0,0.0,0.0,0.001429729071644221,1.2554710820655244,4.136721828211194
2022-01-10,0.001522794621858968,0.0,0.0,0.0,0.001522794621858968,1.2554710820655244,4.143026004728137
2022-01-11,-0.003811343346461753,0.0,0.0,-0.0,-0.003811343346461753,1.2554710820655244,4.12726556343578
2022-01-12,-0.01335851876795545,0.0,0.0,-0.0,-0.01335851876795545,1.2554710820655244,4.072498029944843
2022-01-13,0.00434426517086228,0.0,0.0,0.0,0.00434426517086228,1.2554710820655244,4.090228526398743
2022-01-14,0.0016362677504158042,0.0,0.0,0.0,0.0016362677504158042,1.2554710820655244,4.096926713947995
2022-01-17,-0.02266303288121409,0.0,0.0,-0.0,-0.02266303288121409,1.2554710820655244,4.00512214342002
2022-01-18,-0.01107934965702699,0.0,0.0,-0.0,-0.01107934965702699,1.2554710820655244,3.9609929078014225
2022-01-19,-0.00979615990712352,0.0,0.0,-0.0,-0.00979615990712352,1.2554710820655244,3.92237982663515
2022-01-20,-0.01304300376970302,0.0,0.0,-0.0,-0.01304300376970302,1.2554710820655244,3.871552403467302
2022-01-21,0.006593319011247121,0.0,0.0,0.0,0.006593319011247121,1.2554710820655244,3.89716312056738
2022-01-24,-0.013947795469842775,0.0,0.0,-0.0,-0.013947795469842775,1.2554710820655244,3.84318360914106
2022-01-25,0.0036839992545581986,1.0,0.0005,0.0031839992545581986,0.0036839992545581986,1.259474871704068,3.8573680063041804
2022-01-26,0.0006126825475021568,0.0,0.0005,-0.0005,0.0006126825475021568,1.258845291676339,3.8597320724980335
2022-01-27,0.0250013022054174,1.0,0.0005,0.0245013022054174,0.0250013022054174,1.2900695966475333,3.9574468085106425
2022-01-28,0.013842419959766936,0.0,0.0005,-0.0005,0.013842419959766936,1.289424723081036,4.012608353033889
2022-01-31,0.00499535785814737,0.0,0.0,0.0,0.00499535785814737,1.289424723081036,4.032702915681643
2022-02-01,0.007301078915615733,0.0,0.0,0.0,0.007301078915615733,1.289424723081036,4.062253743104812
2022-02-02,-0.02266024665612755,0.0,0.0,-0.0,-0.02266024665612755,1.289424723081036,3.971237194641455
2022-02-03,0.01173757126022318,1.0,0.0005,0.01123757126022318,0.01173757126022318,1.3039964473397825,4.018124507486215
2022-02-04,-0.011439966972524996,0.0,0.0005,-0.0005,-0.011439966972524996,1.3033446120885053,3.972419227738382
2022-02-07,0.010949554525836689,1.0,0.0005,0.010449554525836688,0.010949554525836689,1.3170353893622142,4.01615445232467
2022-02-08,0.01131608992797191,0.0,0.0005,-0.0005,0.01131608992797191,1.316377036269522,4.061859732072503
2022-02-09,-0.013378452554374526,0.0,0.0,-0.0,-0.013378452554374526,1.316377036269522,4.007880220646183
2022-02-10,-0.017854074736596604,1.0,0.0005,-0.018354074736596605,-0.017854074736596604,1.2924365287664952,3.9369582348305805
2022-02-11,-0.004714860517341016,1.0,0.0,-0.004714860517341016,-0.004714860517341016,1.2863572136291828,3.918439716312062
2022-02-14,0.016257277220012214,1.0,0.0,0.016257277220012214,0.016257277220012214,1.3074407959139043,3.9826635145784133
2022-02-15,-0.002773926882725208,0.0,0.0005,-0.0005,-0.002773926882725208,1.306787238918812,3.971631205673764
2022-02-16,-0.020040750883446153,0.0,0.0,-0.0,-0.020040750883446153,1.306787238918812,3.892828999211983
2022-02-17,-0.0026350476380050023,1.0,0.0005,-0.0031350476380050023,-0.0026350476380050023,1.3026968138610084,3.8825847123719517
2022-02-18,-0.009687527962447302,0.0,0.0005,-0.0005,-0.009687527962447302,1.3020456282640436,3.8451536643026056
2022-02-22,-0.020602209096014217,1.0,0.0005,-0.021102209096014218,-0.020602209096014217,1.27485746324279,3.766745468873133
2022-02-23,0.020397249062503155,1.0,0.0,0.020397249062503155,0.020397249062503155,1.3011280615962242,3.8443656422379875
2022-02-24,0.013842460215272663,0.0,0.0005,-0.0005,0.013842460215272663,1.3004776601793304,3.897951142631999
2022-02-25,-0.0048637242499966465,0.0,0.0,-0.0,-0.0048637242499966465,1.3004776601793304,3.879038613081171
2022-02-28,-0.01000416673601592,0.0,0.0,-0.0,-0.01000416673601592,1.3004776601793304,3.840425531914898
2022-03-01,0.010004166736015972,1.0,0.0005,0.009504166736015972,0.010004166736015972,1.3128965387623777,3.879038613081171
2022-03-02,-0.0019317783446323373,0.0,0.0005,-0.0005,-0.0019317783446323373,1.3122402545777152,3.871552403467302
2022-03-03,-0.0035683373745223146,0.0,0.0,-0.0,-0.0035683373745223146,1.3122402545777152,3.8577620173364897
2022-03-04,-0.023562111004528676,1.0,0.0005,-0.024062111004528677,-0.023562111004528676,1.2810418390468,3.767927501970059
2022-03-07,-0.0005229852114391378,1.0,0.0,-0.0005229852114391378,-0.0005229852114391378,1.2803720482703456,3.7659574468085144
2022-03-08,0.01793816568388562,0.0,0.0005,-0.0005,0.01793816568388562,1.2797320222660453,3.8341213553979547
2022-03-09,-0.0061849491050259,0.0,0.0,-0.0,-0.0061849491050259,1.2797320222660453,3.81048069345942
2022-03-10,-0.016157124294114828,1.0,0.0005,-0.01665712429411483,-0.016157124294114828,1.2585919223357782,3.7494089834515405
2022-03-11,-0.0004204330522303995,1.0,0.0,-0.0004204330522303995,-0.0004204330522303995,1.258062879913611,3.7478329393223055
2022-03-14,0.01750774190000486,1.0,0.0,0.01750774190000486,0.01750774190000486,1.2802826616446337,3.8140267927502016
2022-03-15,0.015885550552536813,0.0,0.0005,-0.0005,0.015885550552536813,1.2796426803224747,3.875098502758082
2022-03-16,0.006082127213506732,0.0,0.0,0.0,0.006082127213506732,1.2796426803224747,3.8987391646966167
2022-03-17,0.010455508939183292,0.0,0.0,0.0,0.010455508939183292,1.2796426803224747,3.9397163120567433
2022-03-18,-0.0013009759152947066,0.0,0.0,-0.0,-0.0013009759152947066,1.2796426803224747,3.934594168636728
2022-03-21,0.009765897247255849,1.0,0.0005,0.009265897247255848,0.009765897247255849,1.291554821019272,3.973207249803001
2022-03-22,-0.01247334437617087,0.0,0.0005,-0.0005,-0.01247334437617087,1.290909205026211,3.9239558707643876
2022-03-23,0.008399209461699414,1.0,0.0005,0.007899209461699414,0.008399209461699414,1.3011467482488481,3.9570527974783354
2022-03-24,9.956688413650072e-05,0.0,0.0005,-0.0005,9.956688413650072e-05,1.3004963374909635,3.9574468085106442
2022-03-25,0.010104097849159636,1.0,0.0005,0.009604097849159636,0.010104097849159636,1.31304660208511,3.997635933806152
2022-03-28,0.011660511326398762,0.0,0.0005,-0.0005,0.011660511326398762,1.312390242887541,4.044523246650912
2022-03-29,-0.0087080438731306,0.0,0.0,-0.0,-0.0087080438731306,1.312390242887541,4.0094562647754195
2022-03-30,-0.012459372092681576,1.0,0.0005,-0.012959372092681576,-0.012459372092681576,1.2954922197783778,3.9598108747044973
2022-03-31,0.003972199860432945,1.0,0.0,0.003972199860432945,0.003972199860432945,1.3006484077177942,3.975571315996854
2022-04-01,0.006224393953568114,0.0,0.0005,-0.0005,0.006224393953568114,1.299998246067893,4.0003940110323155
2022-04-04,-0.012188626345241475,0.0,0.0,-0.0,-0.012188626345241475,1.299998246067893,3.9519306540583203
2022-04-05,-0.006802747322752412,1.0,0.0005,-0.007302747322752412,-0.006802747322752412,1.2905392676587968,3.9251379038613154
2022-04-06,0.00829714361580599,0.0,0.0005,-0.0005,0.00829714361580599,1.2898941593154931,3.957840819542954
2022-04-07,-0.004589910273185488,0.0,0.0,-0.0,-0.004589910273185488,1.2898941593154931,3.939716312056744
2022-04-08,-0.01055657518819543,0.0,0.0,-0.0,-0.01055657518819543,1.2898941593154931,3.898345153664309
2022-04-11,-0.003340929455324793,0.0,0.0,-0.0,-0.003340929455324793,1.2898941593154931,3.885342789598115
2022-04-12,0.004956764991704598,0.0,0.0,0.0,0.004956764991704598,1.2898941593154931,3.9046493301812513
2022-04-13,-0.008105414182821454,0.0,0.0,-0.0,-0.008105414182821454,1.2898941593154931,3.8731284475965393
2022-04-14,0.00020343810465836798,1.0,0.0005,-0.00029656189534163203,0.00020343810465836798,1.289511682575633,3.873916469661156
2022-04-18,0.016442595688629776,0.0,0.0005,-0.0005,0.016442595688629776,1.288867087896444,3.938140267927508
2022-04-19,-0.0106619396645096,0.0,0.0,-0.0,-0.0106619396645096,1.288867087896444,3.8963750985027645
2022-04-20,-0.007714991063497271,0.0,0.0,-0.0,-0.007714991063497271,1.288867087896444,3.8664302600472875
2022-04-21,-0.01757948124092593,0.0,0.0,-0.0,-0.01757948124092593,1.288867087896444,3.7990543735224644
2022-04-22,0.006821731880924479,0.0,0.0,0.0,0.006821731880924479,1.288867087896444,3.8250591016548525
2022-04-25,-0.022184943600105655,0.0,0.0,-0.0,-0.022184943600105655,1.288867087896444,3.7411347517730564
2022-04-26,0.002104156483863536,1.0,0.0005,0.0016041564838635359,0.002104156483863536,1.2909362916118832,3.7490149724192343
2022-04-27,0.02337161690633099,0.0,0.0005,-0.0005,0.02337161690633099,1.2902909848062225,3.837667454688738
2022-04-28,-0.03446816405715561,0.0,0.0,-0.0,-0.03446816405715561,1.2902909848062225,3.707643814026799
2022-04-29,0.00951884500920684,1.0,0.0005,0.00901884500920684,0.00951884500920684,1.3019805531824113,3.7431048069346
2022-05-02,0.0012623607819855695,0.0,0.0005,-0.0005,0.0012623607819855695,1.301329725626268,3.7478329393223064
2022-05-03,0.021528573132852745,0.0,0.0,0.0,0.021528573132852745,1.301329725626268,3.8293932230102494
2022-05-04,-0.027116063290300047,0.0,0.0,-0.0,-0.027116063290300047,1.301329725626268,3.7269503546099343
2022-05-05,-0.002964533669285738,1.0,0.0005,-0.003464533669285738,-0.002964533669285738,1.296829025891698,3.7159180457052843
2022-05-06,-0.022410201777233962,0.0,0.0005,-0.0005,-0.022410201777233962,1.2961807734553663,3.6335697399527227
2022-05-09,0.003572012240947044,1.0,0.0005,0.003072012240947044,0.003572012240947044,1.3001687791226952,3.6465721040189165
2022-05-10,-0.01953037910786547,0.0,0.0005,-0.0005,-0.01953037910786547,1.2995188572271479,3.576044129235623
2022-05-11,0.003190146261975882,1.0,0.0005,0.002690146261975882,0.003190146261975882,1.3030194594781932,3.587470449172581
2022-05-12,0.014176900471631913,0.0,0.0005,-0.0005,0.014176900471631913,1.3023681125987436,3.6386918833727386
2022-05-13,-0.009356029953805025,0.0,0.0,-0.0,-0.009356029953805025,1.3023681125987436,3.6048069345941722
2022-05-16,0.017122221506175213,1.0,0.0005,0.016622221506175212,0.017122221506175213,1.3241972859148037,3.6670606776989794
2022-05-17,-0.03487645088049063,0.0,0.0005,-0.0005,-0.03487645088049063,1.323535352768923,3.541371158392439
2022-05-18,-0.011188301985753851,1.0,0.0005,-0.011688301985753852,-0.011188301985753851,1.3081555289836688,3.5019700551615482
2022-05-19,0.0016862462542053297,1.0,0.0,0.0016862462542053297,0.0016862462542053297,1.3103632622121517,3.5078802206461823
2022-05-20,0.007162873378376456,0.0,0.0005,-0.0005,0.007162873378376456,1.3097082443491577,3.5330969267139523
2022-05-24,0.010649019102734138,0.0,0.0,0.0,0.010649019102734138,1.3097082443491577,3.570921985815607
2022-05-25,0.016849413938882653,0.0,0.0,0.0,0.016849413938882653,1.3097082443491577,3.631599684791179
2022-05-26,0.019660084264430916,0.0,0.0,0.0,0.019660084264430916,1.3097082443491577,3.7037037037037086
2022-05-27,0.007208002375779398,0.0,0.0,0.0,0.007208002375779398,1.3097082443491577,3.7304964539007144
2022-05-30,-0.018441070478330147,1.0,0.0005,-0.018941070478330147,-0.018441070478330147,1.2851344300405034,3.6623325453112736
2022-05-31,-0.006584297088610123,1.0,0.0,-0.006584297088610123,-0.006584297088610123,1.2767005193108132,3.6382978723404307
2022-06-01,0.011413928155954206,1.0,0.0,0.011413928155954206,0.011413928155954206,1.2913561674640457,3.6800630417651754
2022-06-02,-0.015102768185756742,0.0,0.0005,-0.0005,-0.015102768185756742,1.2907106507729347,3.624901497241928
2022-06-03,0.002605298911763173,1.0,0.0005,0.002105298911763173,0.002605298911763173,1.293430844907561,3.6343577620173413
2022-06-06,0.00486671592693776,1.0,0.0,0.00486671592693776,0.00486671592693776,1.2997409476851893,3.652088258471242
2022-06-07,-0.009430453066665356,1.0,0.0,-0.009430453066665356,-0.009430453066665356,1.2875414156484417,3.6178092986603674
2022-06-08,-0.011611478909434923,1.0,0.0,-0.011611478909434923,-0.011611478909434923,1.2726776179944739,3.576044129235624
2022-06-09,-0.023635436912667306,1.0,0.0,-0.023635436912667306,-0.023635436912667306,1.2429500226865378,3.4925137903861363
2022-06-10,-0.02953849558852007,1.0,0.0,-0.02953849558852007,-0.02953849558852007,1.2067721000948042,3.390858944050439
2022-06-13,0.0010452355634850113,1.0,0.0,0.0010452355634850113,0.0010452355634850113,1.2080341206503298,3.3944050433412185
2022-06-14,0.0088981924142903,0.0,0.0005,-0.0005,0.0088981924142903,1.2074302545691054,3.424743892829005
2022-06-15,-0.029183815033876178,0.0,0.0,-0.0,-0.029183815033876178,1.2074302545691054,3.3262411347517786
2022-06-16,0.009783775809273478,1.0,0.0005,0.009283775809273477,0.009783775809273478,1.2186919610512876,3.358944050433418
2022-06-17,0.006896982158817004,0.0,0.0005,-0.0005,0.006896982158817004,1.2180827673818708,3.3821907013396437
2022-06-20,0.007659315615390607,0.0,0.0,0.0,0.007659315615390607,1.2180827673818708,3.4081954294720314
2022-06-21,0.003231766432371115,0.0,0.0,0.0,0.003231766432371115,1.2180827673818708,3.419227738376681
2022-06-22,0.011343576233821574,0.0,0.0,0.0,0.011343576233821574,1.2180827673818708,3.458234830575263
2022-06-23,0.022865218704127745,0.0,0.0,0.0,0.022865218704127745,1.2180827673818708,3.5382190701339713
2022-06-24,-0.005023733702716893,0.0,0.0,-0.0,-0.005023733702716893,1.2180827673818708,3.520488573680071
2022-06-27,-0.019209630238193397,1.0,0.0005,-0.019709630238193398,-0.019209630238193397,1.194309853689265,3.453506698187557
2022-06-28,-0.003428574787178069,1.0,0.0,-0.003428574787178069,-0.003428574787178069,1.190222084652108,3.4416863672182894
2022-06-29,-0.009316301783326727,1.0,0.0,-0.009316301783326727,-0.009316301783326727,1.1791851082517852,3.409771473601269
2022-06-30,0.008170826285797824,1.0,0.0,0.008170826285797824,0.008170826285797824,1.188859494973056,3.4377462568952013
2022-07-04,0.013885950412758117,1.0,0.0,0.013885950412758117,0.013885950412758117,1.205483089057493,3.485815602836888
2022-07-05,0.004961110637753096,0.0,0.0005,-0.0005,0.004961110637753096,1.2048804981732393,3.5031520882584806
2022-07-06,0.010739559537234596,1.0,0.0005,0.010239559537234596,0.010739559537234596,1.2172813249208674,3.540977147360136
2022-07-07,-0.0027856723122850883,0.0,0.0005,-0.0005,-0.0027856723122850883,1.2166728363932156,3.531126871552414
2022-07-08,-0.008291364026622552,1.0,0.0005,-0.008791364026622553,-0.008291364026622552,1.206023502262467,3.5019700551615545
2022-07-11,-0.007566810060698985,1.0,0.0,-0.007566810060698985,-0.007566810060698985,1.1969321909830357,3.475571315996858
2022-07-12,-0.008081541907106799,1.0,0.0,-0.008081541907106799,-0.008081541907106799,1.187298114851101,3.447596532702926
2022-07-13,0.007401115480310622,0.0,0.0005,-0.0005,0.007401115480310622,1.1867046141812077,3.4732072498030053
2022-07-14,0.01240151181586923,0.0,0.0,0.0,0.01240151181586923,1.1867046141812077,3.5165484633569846
2022-07-15,-0.01115441681834729,0.0,0.0,-0.0,-0.01115441681834729,1.1867046141812077,3.477541371158403
2022-07-18,0.01874458608502294,1.0,0.0005,0.01824458608502294,0.01874458608502294,1.2085542614792604,3.543341213553991
2022-07-19,0.006428751912655241,0.0,0.0005,-0.0005,0.006428751912655241,1.2079501353926285,3.5661938534279076
2022-07-20,0.00923794098493614,0.0,0.0,0.0,0.00923794098493614,1.2079501353926285,3.599290780141855
2022-07-21,-0.006149135440349753,0.0,0.0,-0.0,-0.006149135440349753,1.2079501353926285,3.5772261623325567
2022-07-22,-0.004304879985534989,0.0,0.0,-0.0,-0.004304879985534989,1.2079501353926285,3.5618597320725094
2022-07-25,-0.007439106088164488,1.0,0.0005,-0.007939106088164487,-0.007439106088164488,1.1983980587651442,3.535460992907813
2022-07-26,0.020189333774399507,0.0,0.0005,-0.0005,0.020189333774399507,1.1977990095105555,3.607565011820342
2022-07-27,0.011834457647002798,0.0,0.0,0.0,0.011834457647002798,1.1977990095105555,3.650512214342013
2022-07-28,0.011696039763191236,0.0,0.0,0.0,0.011696039763191236,1.1977990095105555,3.693459416863684
2022-07-29,-0.0022427520481003702,0.0,0.0,-0.0,-0.0022427520481003702,1.1977990095105555,3.685185185185197
2022-08-02,0.012959603516076095,0.0,0.0,0.0,0.012959603516076095,1.1977990095105555,3.733254531126884
2022-08-03,0.0005275652984403766,0.0,0.0,0.0,0.0005275652984403766,1.1977990095105555,3.7352245862884286
2022-08-04,0.003895356823275858,0.0,0.0,0.0,0.003895356823275858,1.1977990095105555,3.749802994483858
2022-08-05,-0.006430212426463952,0.0,0.0,-0.0,-0.006430212426463952,1.1977990095105555,3.725768321513015
2022-08-08,-0.0029654755898577026,0.0,0.0,-0.0,-0.0029654755898577026,1.1977990095105555,3.7147360126083657
2022-08-09,0.012857169418754187,0.0,0.0,0.0,0.012857169418754187,1.1977990095105555,3.7628053585500525
2022-08-10,-0.0007332530575220974,0.0,0.0,-0.0,-0.0007332530575220974,1.1977990095105555,3.76004728132389
2022-08-11,0.016936349547907636,0.0,0.0,0.0,0.016936349547907636,1.1977990095105555,3.8242710795902415
2022-08-12,0.015133213138746928,0.0,0.0,0.0,0.015133213138746928,1.1977990095105555,3.8825847123719597
2022-08-15,-0.0026420094628386965,0.0,0.0,-0.0,-0.0026420094628386965,1.1977990095105555,3.872340425531928
2022-08-16,-0.002649008171576953,0.0,0.0,-0.0,-0.002649008171576953,1.1977990095105555,3.8620961386918964
2022-08-17,0.004681942394796791,0.0,0.0,0.0,0.004681942394796791,1.1977990095105555,3.8802206461781066
2022-08-18,-0.008463824553510135,0.0,0.0,-0.0,-0.008463824553510135,1.1977990095105555,3.8475177304964676
2022-08-19,-0.017666661248770203,0.0,0.0,-0.0,-0.017666661248770203,1.1977990095105555,3.7801418439716445
2022-08-22,-0.00889918452256493,0.0,0.0,-0.0,-0.00889918452256493,1.1977990095105555,3.7466509062253874
2022-08-23,0.003988250458588795,0.0,0.0,0.0,0.003988250458588795,1.1977990095105555,3.7616233254531255
2022-08-24,0.011766679208530357,0.0,0.0,0.0,0.011766679208530357,1.1977990095105555,3.8061465721040313
2022-08-25,-0.026539555234612263,0.0,0.0,-0.0,-0.026539555234612263,1.1977990095105555,3.706461780929878
2022-08-26,-0.009291464292314491,1.0,0.0005,-0.009791464292314492,-0.009291464292314491,1.1861280344910556,3.6721828211190037
2022-08-29,-0.003762433892830748,0.0,0.0005,-0.0005,-0.003762433892830748,1.1855351187151066,3.6583924349881913
2022-08-30,-0.005074782796255457,0.0,0.0,-0.0,-0.005074782796255457,1.1855351187151066,3.639873916469673
2022-08-31,0.003997196485085288,0.0,0.0,0.0,0.003997196485085288,1.1855351187151066,3.6544523246651033
2022-09-01,-0.011058221965980235,0.0,0.0,-0.0,-0.011058221965980235,1.1855351187151066,3.614263199369595
2022-09-02,-0.0029477612916551403,0.0,0.0,-0.0,-0.0029477612916551403,1.1855351187151066,3.6036249014972546
2022-09-06,0.014329381093688637,0.0,0.0,0.0,0.014329381093688637,1.1855351187151066,3.6556343577620307
2022-09-07,0.005160192056577258,0.0,0.0,0.0,0.005160192056577258,1.1855351187151066,3.6745468873128586
2022-09-08,0.010453428523101655,0.0,0.0,0.0,0.010453428523101655,1.1855351187151066,3.713159968479131
2022-09-09,0.008032171697264253,0.0,0.0,0.0,0.008032171697264253,1.1855351187151066,3.7431048069346082
2022-09-12,-0.031001948339279727,0.0,0.0,-0.0,-0.031001948339279727,1.1855351187151066,3.628841607565025
2022-09-13,0.00476604021759255,1.0,0.0005,0.00426604021759255,0.00476604021759255,1.1906034624033137,3.6461780929866174
2022-09-14,-0.006831146108835475,0.0,0.0005,-0.0005,-0.006831146108835475,1.1900083094727436,3.6213553979511564
2022-09-15,-0.0042523097385303915,0.0,0.0,-0.0,-0.0042523097385303915,1.1900083094727436,3.605988967691109
2022-09-16,0.004361105909012478,0.0,0.0,0.0,0.004361105909012478,1.1900083094727436,3.621749408983465
2022-09-19,-0.002396254278081042,0.0,0.0,-0.0,-0.002396254278081042,1.1900083094727436,3.613081166272669
2022-09-20,-0.01008338223409964,1.0,0.0005,-0.010583382234099641,-0.01008338223409964,1.1774804073951763,3.57683215130025
2022-09-21,-0.0046373054285170365,1.0,0.0,-0.0046373054285170365,-0.0046373054285170365,1.1720327121858134,3.5602836879432758
2022-09-22,-0.01023368219301352,1.0,0.0,-0.01023368219301352,-0.01023368219301352,1.1600996655367324,3.5240346729708563
2022-09-23,-0.0008948546458437107,0.0,0.0005,-0.0005,-0.0008948546458437107,1.1595197606922565,3.5208825847123855
2022-09-26,-0.002464987242535467,0.0,0.0,-0.0,-0.002464987242535467,1.1595197606922565,3.5122143420015894
2022-09-27,0.0075995001411822095,0.0,0.0,0.0,0.0075995001411822095,1.1595197606922565,3.5390070921985948
2022-09-28,-0.014918116380333121,0.0,0.0,-0.0,-0.014918116380333121,1.1595197606922565,3.48660362490151
2022-09-29,-0.006462241183892844,1.0,0.0005,-0.006962241183892845,-0.006462241183892844,1.151474941941256,3.464144996059903
2022-09-30,0.010859835236008504,0.0,0.0005,-0.0005,0.010859835236008504,1.150899348380667,3.5019700551615576
2022-10-03,0.021922649510805664,0.0,0.0,0.0,0.021922649510805664,1.150899348380667,3.579590228526412
2022-10-04,0.004940992758742628,0.0,0.0,0.0,0.004940992758742628,1.150899348380667,3.597320724980313
2022-10-05,-0.00010953502393327608,0.0,0.0,-0.0,-0.00010953502393327608,1.150899348380667,3.5969267139480046
2022-10-06,-0.028330506626226108,0.0,0.0,-0.0,-0.028330506626226108,1.150899348380667,3.4964539007092332
2022-10-07,-0.01053535657885921,1.0,0.0005,-0.01103535657885921,-0.01053535657885921,1.1382685843573308,3.459810874704505
2022-10-11,-0.0004556327678779747,1.0,0.0,-0.0004556327678779747,-0.0004556327678779747,1.1377500700266818,3.458234830575269
2022-10-12,0.020189035126527824,1.0,0.0,0.020189035126527824,0.020189035126527824,1.1609535863232268,3.528762805358564
2022-10-13,-0.012923706312841093,0.0,0.0005,-0.0005,-0.012923706312841093,1.16037325462508,3.483451536643039
2022-10-14,0.012812043089007718,1.0,0.0005,0.012312043089007718,0.012812043089007718,1.174748130595675,3.5283687943262545
2022-10-17,0.011988155559969401,1.0,0.0,0.011988155559969401,0.011988155559969401,1.188915947246075,3.570921985815616
2022-10-18,-0.00420168685369997,0.0,0.0005,-0.0005,-0.00420168685369997,1.1883216378621795,3.5559495665878775
2022-10-19,-0.007228277232105601,1.0,0.0005,-0.007728277232105601,-0.007228277232105601,1.1791733545712961,3.5303388494877987
2022-10-20,0.013524205688920207,1.0,0.0,0.013524205688920207,0.013524205688920207,1.195229063193807,3.578408195429485
2022-10-21,0.01746387977231537,0.0,0.0005,-0.0005,0.01746387977231537,1.1946315980409454,3.6414499605989104
2022-10-24,0.007545578541007335,0.0,0.0,0.0,0.007545578541007335,1.1946315980409454,3.6690307328605334
2022-10-25,-0.010579824475356846,0.0,0.0,-0.0,-0.010579824475356846,1.1946315980409454,3.630417651694261
2022-10-26,-0.005332185222056861,1.0,0.0005,-0.005832185222056861,-0.005332185222056861,1.187684563177664,3.611111111111124
2022-10-27,0.027443207296603368,1.0,0.0,0.027443207296603368,0.027443207296603368,1.2207297965230326,3.7115839243498954
2022-10-28,-0.005855752692219797,0.0,0.0005,-0.0005,-0.005855752692219797,1.220119584190567,3.6899133175729055
2022-10-31,-0.003958706287915291,1.0,0.0005,-0.00445870628791529,-0.003958706287915291,1.2146915393498452,3.6753349093774754
2022-11-01,-0.019813347765307576,1.0,0.0,-0.019813347765307576,-0.019813347765307576,1.190861291525979,3.6032308904649457
2022-11-02,-0.007794100601056941,1.0,0.0,-0.007794100601056941,-0.007794100601056941,1.181615676250053,3.5752561071710134
2022-11-03,-0.005414677022827494,1.0,0.0,-0.005414677022827494,-0.005414677022827494,1.1752348995103292,3.5559495665878775
2022-11-04,0.010580942979076583,0.0,0.0005,-0.0005,0.010580942979076583,1.1746474289404556,3.593774625689532
2022-11-07,0.001095770436181718,0.0,0.0,0.0,0.001095770436181718,1.1746474289404556,3.5977147360126214
2022-11-08,-0.013340146013956642,0.0,0.0,-0.0,-0.013340146013956642,1.1746474289404556,3.5500394011032435
2022-11-09,0.03875103914110352,1.0,0.0005,0.03825103914110352,0.03875103914110352,1.2204493141549257,3.690307328605214
2022-11-10,0.0034107899192741408,0.0,0.0005,-0.0005,0.0034107899192741408,1.2198392420285897,3.7029156816391
2022-11-11,-0.0041584535055044945,0.0,0.0,-0.0,-0.0041584535055044945,1.2198392420285897,3.687549251379052
2022-11-14,0.006496641413152296,0.0,0.0,0.0,0.006496641413152296,1.2198392420285897,3.7115839243498954
2022-11-15,-0.004575206150783627,0.0,0.0,-0.0,-0.004575206150783627,1.2198392420285897,3.694641449960612
2022-11-16,-0.002883539136892403,0.0,0.0,-0.0,-0.002883539136892403,1.2198392420285897,3.684003152088272
2022-11-17,0.009049835519917856,0.0,0.0,0.0,0.009049835519917856,1.2198392420285897,3.7174940898345286
2022-11-18,0.0013769000745476676,0.0,0.0,0.0,0.0013769000745476676,1.2198392420285897,3.722616233254544
2022-11-21,0.007591769908212663,0.0,0.0,0.0,0.007591769908212663,1.2198392420285897,3.750985027580785
2022-11-22,0.004192878260035958,0.0,0.0,0.0,0.004192878260035958,1.2198392420285897,3.7667454688731414
2022-11-23,0.004175371410480592,0.0,0.0,0.0,0.004175371410480592,1.2198392420285897,3.7825059101654976
2022-11-24,0.0007289009538109067,0.0,0.0,0.0,0.0007289009538109067,1.2198392420285897,3.78526398739166
2022-11-25,-0.00941232633739502,0.0,0.0,-0.0,-0.00941232633739502,1.2198392420285897,3.7498029944838587
2022-11-28,0.00440344599141912,0.0,0.0,0.0,0.00440344599141912,1.2198392420285897,3.766351457840832
2022-11-29,0.020091810908252322,0.0,0.0,0.0,0.020091810908252322,1.2198392420285897,3.84278959810876
2022-11-30,-0.0011284946055270064,0.0,0.0,-0.0,-0.0011284946055270064,1.2198392420285897,3.8384554767533623
2022-12-01,0.0014360449693228453,0.0,0.0,0.0,0.0014360449693228453,1.2198392420285897,3.8439716312056866
2022-12-02,-0.00854398115326384,0.0,0.0,-0.0,-0.00854398115326384,1.2198392420285897,3.8112687155240477
2022-12-05,-0.010600805986640687,0.0,0.0,-0.0,-0.010600805986640687,1.2198392420285897,3.7710795902285383
2022-12-06,-0.0018824519258979835,0.0,0.0,-0.0,-0.0018824519258979835,1.2198392420285897,3.7639873916469786
2022-12-07,0.0026135606325463404,0.0,0.0,0.0,0.0026135606325463404,1.2198392420285897,3.7738376674547016
2022-12-08,-0.003137093443833949,0.0,0.0,-0.0,-0.003137093443833949,1.2198392420285897,3.7620173364854343
2022-12-09,0.012489754364652843,0.0,0.0,0.0,0.012489754364652843,1.2198392420285897,3.809298660362503
2022-12-12,0.003407510137909825,0.0,0.0,0.0,0.003407510137909825,1.2198392420285897,3.822301024428697
2022-12-13,-0.006204135296903296,0.0,0.0,-0.0,-0.006204135296903296,1.2198392420285897,3.798660362490162
2022-12-14,-0.01620781022685331,0.0,0.0,-0.0,-0.01620781022685331,1.2198392420285897,3.7375886524822817
2022-12-15,-0.010171734235218326,0.0,0.0,-0.0,-0.010171734235218326,1.2198392420285897,3.699763593380627
2022-12-16,-0.01178374642206245,0.0,0.0,-0.0,-0.01178374642206245,1.2198392420285897,3.656422379826647
2022-12-19,-0.0025895569067336775,0.0,0.0,-0.0,-0.0025895569067336775,1.2198392420285897,3.646966115051234
2022-12-20,0.013414377252438542,0.0,0.0,0.0,0.013414377252438542,1.2198392420285897,3.696217494089847
2022-12-21,-0.01093258477277164,0.0,0.0,-0.0,-0.01093258477277164,1.2198392420285897,3.6560283687943387
2022-12-22,0.0016152482917443263,1.0,0.0005,0.0011152482917443263,0.0016152482917443263,1.2212004245466197,3.6619385342789723
2022-12-23,-0.014304535198236074,0.0,0.0005,-0.0005,-0.014304535198236074,1.220589976958961,3.6099290780141975
2022-12-28,0.00836915922405764,1.0,0.0005,0.00786915922405764,0.00836915922405764,1.2302328848634816,3.6402679275019825
2022-12-29,-0.0023840496770808606,0.0,0.0005,-0.0005,-0.0023840496770808606,1.2296179221745338,3.631599684791187
2022-12-30,0.006380814381758095,0.0,0.0,0.0,0.006380814381758095,1.2296179221745338,3.6548463356974126
2023-01-03,-0.006055381824782767,0.0,0.0,-0.0,-0.006055381824782767,1.2296179221745338,3.6327817178881134
2023-01-04,-0.005874051481570219,0.0,0.0,-0.0,-0.005874051481570219,1.2296179221745338,3.611505122143432
2023-01-05,0.012468313526323483,0.0,0.0,0.0,0.012468313526323483,1.2296179221745338,3.6568163908589564
2023-01-06,-0.004319194707352425,0.0,0.0,-0.0,-0.004319194707352425,1.2296179221745338,3.6410559495666
2023-01-09,0.009048860623975988,0.0,0.0,0.0,0.009048860623975988,1.2296179221745338,3.674152876280549
2023-01-10,0.013315775975772156,0.0,0.0,0.0,0.013315775975772156,1.2296179221745338,3.7234042553191617
2023-01-11,-0.0007410152247192192,0.0,0.0,-0.0,-0.0007410152247192192,1.2296179221745338,3.720646178093
2023-01-12,0.005596931026434577,0.0,0.0,0.0,0.005596931026434577,1.2296179221745338,3.741528762805371
2023-01-13,0.00021059281956337805,0.0,0.0,0.0,0.00021059281956337805,1.2296179221745338,3.74231678486999
2023-01-16,-0.002530045625370177,0.0,0.0,-0.0,-0.002530045625370177,1.2296179221745338,3.732860520094576
2023-01-17,-0.007309741748566294,0.0,0.0,-0.0,-0.007309741748566294,1.2296179221745338,3.7056737588652617
2023-01-18,-0.010044965846600987,0.0,0.0,-0.0,-0.010044965846600987,1.2296179221745338,3.668636721828224
2023-01-19,0.01206313000283819,1.0,0.0005,0.01156313000283819,0.01206313000283819,1.2439186754561324,3.7131599684791303
2023-01-20,0.011814483413763056,0.0,0.0005,-0.0005,0.011814483413763056,1.243296871582327,3.7572892040977277
2023-01-23,-0.0010492079443252854,0.0,0.0,-0.0,-0.0010492079443252854,1.243296871582327,3.7533490937746383
2023-01-24,0.0015733993910400203,0.0,0.0,0.0,0.0015733993910400203,1.243296871582327,3.7592592592592715
2023-01-25,0.005956441666345053,0.0,0.0,0.0,0.005956441666345053,1.243296871582327,3.78171788810088
2023-01-26,0.001249479546147142,0.0,0.0,0.0,0.001249479546147142,1.243296871582327,3.7864460204885857
2023-01-27,-0.00731073752200584,0.0,0.0,-0.0,-0.00731073752200584,1.243296871582327,3.7588652482269627
2023-01-30,0.007934892332656459,1.0,0.0005,0.007434892332656458,0.007934892332656459,1.2525750985294428,3.7888100866824392
2023-01-31,0.00921283882812186,0.0,0.0005,-0.0005,0.00921283882812186,1.2519489675259732,3.823877068557932
2023-02-01,0.01685863682441661,0.0,0.0,0.0,0.01685863682441661,1.2519489675259732,3.8888888888889013
2023-02-02,-0.0034507290914441036,0.0,0.0,-0.0,-0.0034507290914441036,1.2519489675259732,3.8754925137903986
2023-02-03,-0.0036667386774198937,0.0,0.0,-0.0,-0.0036667386774198937,1.2519489675259732,3.8613081166272782
2023-02-06,0.010354371262705088,0.0,0.0,0.0,0.010354371262705088,1.2519489675259732,3.9014972419227862
2023-02-07,-0.007399557354738946,0.0,0.0,-0.0,-0.007399557354738946,1.2519489675259732,3.872734436564236
2023-02-08,-0.00817248393735794,0.0,0.0,-0.0,-0.00817248393735794,1.2519489675259732,3.841213553979523
2023-02-09,-0.00627670939634335,0.0,0.0,-0.0,-0.00627670939634335,1.2519489675259732,3.8171788810086795
2023-02-10,0.01047345029162799,0.0,0.0,0.0,0.01047345029162799,1.2519489675259732,3.8573680063041884
2023-02-13,0.0004084967377064527,0.0,0.0,0.0,0.0004084967377064527,1.2519489675259732,3.8589440504334234
2023-02-14,0.007121812581917665,0.0,0.0,0.0,0.007121812581917665,1.2519489675259732,3.8865248226950473
2023-02-15,-0.008756801705589304,0.0,0.0,-0.0,-0.008756801705589304,1.2519489675259732,3.8526398739164818
2023-02-16,-0.0015352339129194573,0.0,0.0,-0.0,-0.0015352339129194573,1.2519489675259732,3.8467297084318477
2023-02-17,-0.015587412369311823,0.0,0.0,-0.0,-0.015587412369311823,1.2519489675259732,3.7872340425532034
2023-02-21,0.0,1.0,0.0005,-0.0005,0.0,1.2513231495097523,3.7872340425532034
2023-02-22,0.004256429992255614,0.0,0.0005,-0.0005,0.004256429992255614,1.250697644324325,3.803388494877869
2023-02-23,-0.0056098214850782355,0.0,0.0,-0.0,-0.0056098214850782355,1.250697644324325,3.782111899133188
2023-02-24,0.0007289768612329327,0.0,0.0,0.0,0.0007289768612329327,1.250697644324325,3.7848699763593507
2023-02-27,0.002183747553196779,0.0,0.0,0.0,0.002183747553196779,1.250697644324325,3.793144208037837
2023-02-28,-0.008030496303190594,0.0,0.0,-0.0,-0.008030496303190594,1.250697644324325,3.7628053585500516
2023-03-01,0.007095188362832202,0.0,0.0,0.0,0.007095188362832202,1.250697644324325,3.7895981087470583
2023-03-02,0.015987138501227786,0.0,0.0,0.0,0.015987138501227786,1.250697644324325,3.850669818754939
2023-03-03,0.0030649799228903664,0.0,0.0,0.0,0.0030649799228903664,1.250697644324325,3.8624901497242057
2023-03-06,-0.0060367503120479496,0.0,0.0,-0.0,-0.0060367503120479496,1.250697644324325,3.83924349881798
2023-03-07,0.004301081899390702,0.0,0.0,0.0,0.004301081899390702,1.250697644324325,3.8557919621749543
2023-03-08,-0.015446708114306849,0.0,0.0,-0.0,-0.015446708114306849,1.250697644324325,3.796690307328619
2023-03-09,-0.013267366195317643,0.0,0.0,-0.0,-0.013267366195317643,1.250697644324325,3.7466509062253883
2023-03-10,-0.01057204053267857,0.0,0.0,-0.0,-0.01057204053267857,1.250697644324325,3.707249802994498
2023-03-13,0.012148250599987576,0.0,0.0,0.0,0.012148250599987576,1.250697644324325,3.752561071710021
2023-03-14,0.00031494410002608914,0.0,0.0,0.0,0.00031494410002608914,1.250697644324325,3.753743104806948
2023-03-15,0.014381239935652034,0.0,0.0,0.0,0.014381239935652034,1.250697644324325,3.8081166272655778
2023-03-16,-0.009982405863168507,0.0,0.0,-0.0,-0.009982405863168507,1.250697644324325,3.770291568163922
2023-03-17,0.003338552918360945,1.0,0.0005,0.002838552918360945,0.003338552918360945,1.2542528592182718,3.782899921197807
2023-03-20,0.016630037749468977,0.0,0.0005,-0.0005,0.016630037749468977,1.253625889544143,3.846335697399541
2023-03-21,-0.015484979590733293,0.0,0.0,-0.0,-0.015484979590733293,1.253625889544143,3.787234042553205
2023-03-22,0.0029087907482317,1.0,0.0005,0.0024087907482317,0.0029087907482317,1.2566492518503323,3.7982663514578543
2023-03-23,0.0026934648004380717,0.0,0.0005,-0.0005,0.0026934648004380717,1.2560210842793866,3.8085106382978853
2023-03-24,-0.004458507048628496,0.0,0.0,-0.0,-0.004458507048628496,1.2560210842793866,3.7915681639086025
2023-03-27,-0.0055228609094009245,1.0,0.0005,-0.006022860909400924,-0.0055228609094009245,1.248478979313134,3.7706855791962304
2023-03-28,0.011531996273071662,1.0,0.0,0.011531996273071662,0.011531996273071662,1.2629597699822832,3.814420803782519
2023-03-29,0.003197032579208044,0.0,0.0005,-0.0005,0.003197032579208044,1.262328447940955,3.8266351457840955
2023-03-30,0.013499898211666918,0.0,0.0,0.0,0.013499898211666918,1.262328447940955,3.878644602048871
2023-03-31,-0.0033579273475556207,0.0,0.0,-0.0,-0.0033579273475556207,1.262328447940955,3.8656422379826774
2023-04-03,-0.003573802752014219,0.0,0.0,-0.0,-0.003573802752014219,1.262328447940955,3.8518518518518654
2023-04-04,-0.0013306721857051726,0.0,0.0,-0.0,-0.0013306721857051726,1.262328447940955,3.8467297084318495
2023-04-05,0.005006396152708515,0.0,0.0,0.0,0.005006396152708515,1.262328447940955,3.866036249014986
2023-04-06,0.0024429979577032497,0.0,0.0,0.0,0.0024429979577032497,1.262328447940955,3.8754925137903995
2023-04-10,-0.00203541694533583,0.0,0.0,-0.0,-0.00203541694533583,1.262328447940955,3.867612293144221
2023-04-11,-0.006131227054936408,0.0,0.0,-0.0,-0.006131227054936408,1.262328447940955,3.8439716312056866
2023-04-12,0.005009979294635629,0.0,0.0,0.0,0.005009979294635629,1.262328447940955,3.863278171788823
2023-04-13,0.0006117455329441094,0.0,0.0,0.0,0.0006117455329441094,1.262328447940955,3.8656422379826765
2023-04-14,0.00467765750204802,0.0,0.0,0.0,0.00467765750204802,1.262328447940955,3.8837667454688853
2023-04-17,0.0015206044797301066,0.0,0.0,0.0,0.0015206044797301066,1.262328447940955,3.8896769109535185
2023-04-18,0.004346294808727446,0.0,0.0,0.0,0.004346294808727446,1.262328447940955,3.9066193853428017
2023-04-19,-0.004042451184573774,0.0,0.0,-0.0,-0.004042451184573774,1.262328447940955,3.8908589440504455
2023-04-20,0.0049497550423690416,0.0,0.0,0.0,0.0049497550423690416,1.262328447940955,3.9101654846335814
2023-04-21,0.0007051120916670115,0.0,0.0,0.0,0.0007051120916670115,1.262328447940955,3.912923561859744
2023-04-24,-0.007986697662930066,0.0,0.0,-0.0,-0.007986697662930066,1.262328447940955,3.88179669030734
2023-04-25,-0.003253357891916892,0.0,0.0,-0.0,-0.003253357891916892,1.262328447940955,3.8691883372734552
2023-04-26,0.015259757480281182,0.0,0.0,0.0,0.015259757480281182,1.262328447940955,3.928684003152099
2023-04-27,0.004902215810063007,0.0,0.0,0.0,0.004902215810063007,1.262328447940955,3.9479905437352363
2023-04-28,9.979541947290903e-05,0.0,0.0,0.0,9.979541947290903e-05,1.262328447940955,3.9483845547675442
2023-05-01,-0.006206226126689207,0.0,0.0,-0.0,-0.006206226126689207,1.262328447940955,3.923955870764392
2023-05-02,-0.0072559020345066266,0.0,0.0,-0.0,-0.0072559020345066266,1.262328447940955,3.8955870764381504
2023-05-03,-0.01364583292511798,0.0,0.0,-0.0,-0.01364583292511798,1.262328447940955,3.8427895981087574
2023-05-04,0.006438777418732244,0.0,0.0,0.0,0.006438777418732244,1.262328447940955,3.867612293144218
2023-05-05,0.0013234921758821763,0.0,0.0,0.0,0.0013234921758821763,1.262328447940955,3.872734436564235
2023-05-08,-0.00458880119962109,0.0,0.0,-0.0,-0.00458880119962109,1.262328447940955,3.8550039401103335
2023-05-09,0.003978176307861409,1.0,0.0005,0.003478176307861409,0.003978176307861409,1.2667266933437433,3.870370370370382
2023-05-10,0.007303004361796464,0.0,0.0005,-0.0005,0.007303004361796464,1.2660934883115211,3.898739164696623
2023-05-11,0.003127998110719989,0.0,0.0,0.0,0.003127998110719989,1.2660934883115211,3.9109535066981986
2023-05-12,-0.003330140824163568,0.0,0.0,-0.0,-0.003330140824163568,1.2660934883115211,3.8979511426320053
2023-05-15,-0.005371725276923522,0.0,0.0,-0.0,-0.005371725276923522,1.2660934883115211,3.877068557919633
2023-05-16,0.009205466857059474,0.0,0.0,0.0,0.009205466857059474,1.2660934883115211,3.912923561859744
2023-05-17,0.013601569826064792,0.0,0.0,0.0,0.013601569826064792,1.2660934883115211,3.9665090622537553
2023-05-18,-0.0008944099975132794,0.0,0.0,-0.0,-0.0008944099975132794,1.2660934883115211,3.9629629629629752
2023-05-19,-0.010494324485846545,0.0,0.0,-0.0,-0.010494324485846545,1.2660934883115211,3.92159180457054
2023-05-23,-0.0009046590555165967,0.0,0.0,-0.0,-0.0009046590555165967,1.2660934883115211,3.9180457052797593
2023-05-24,0.01139898354136299,0.0,0.0,0.0,0.01139898354136299,1.2660934883115211,3.9629629629629743
2023-05-25,0.011073872310695638,0.0,0.0,0.0,0.011073872310695638,1.2660934883115211,4.007092198581572
2023-05-26,0.002749412572495346,0.0,0.0,0.0,0.002749412572495346,1.2660934883115211,4.018124507486221
2023-05-29,-0.0032411755526539844,0.0,0.0,-0.0,-0.0032411755526539844,1.2660934883115211,4.005122143420027
2023-05-30,-0.0072074163014986415,0.0,0.0,-0.0,-0.0072074163014986415,1.2660934883115211,3.9763593380614775
2023-05-31,-0.0003964321161929658,0.0,0.0,-0.0,-0.0003964321161929658,1.2660934883115211,3.9747832939322416
2023-06-01,0.012999986112940114,0.0,0.0,0.0,0.012999986112940114,1.2660934883115211,4.026792750197019
2023-06-02,0.00029349899931858107,0.0,0.0,0.0,0.00029349899931858107,1.2660934883115211,4.027974783293945
2023-06-05,-0.0011745132014761037,0.0,0.0,-0.0,-0.0011745132014761037,1.2660934883115211,4.023246650906238
2023-06-06,-0.0059918650856045546,0.0,0.0,-0.0,-0.0059918650856045546,1.2660934883115211,3.9992119779353943
2023-06-07,0.004325606430053655,0.0,0.0,0.0,0.004325606430053655,1.2660934883115211,4.016548463356987
2023-06-08,0.0008824827753181223,0.0,0.0,0.0,0.0008824827753181223,1.2660934883115211,4.020094562647767
2023-06-09,0.010820400935599076,0.0,0.0,0.0,0.010820400935599076,1.2660934883115211,4.063829787234055
2023-06-12,0.0028077667668993844,0.0,0.0,0.0,0.0028077667668993844,1.2660934883115211,4.075256107171013
2023-06-13,0.0025106231804743386,0.0,0.0,0.0,0.0025106231804743386,1.2660934883115211,4.085500394011044
2023-06-14,0.003081369794854974,0.0,0.0,0.0,0.003081369794854974,1.2660934883115211,4.098108747044929
2023-06-15,-0.004046248295031073,0.0,0.0,-0.0,-0.004046248295031073,1.2660934883115211,4.081560283687955
2023-06-16,9.65297553719838e-05,0.0,0.0,0.0,9.65297553719838e-05,1.2660934883115211,4.081954294720264
2023-06-19,-0.0026095795991190607,0.0,0.0,-0.0,-0.0026095795991190607,1.2660934883115211,4.0713159968479244
2023-06-20,-0.01089822988527869,0.0,0.0,-0.0,-0.01089822988527869,1.2660934883115211,4.027186761229327
2023-06-21,0.0034184728313750535,0.0,0.0,0.0,0.0034184728313750535,1.2660934883115211,4.040977147360139
2023-06-22,-0.005279120677579519,0.0,0.0,-0.0,-0.005279120677579519,1.2660934883115211,4.019700551615458
2023-06-23,-0.006687672447016735,0.0,0.0,-0.0,-0.006687672447016735,1.2660934883115211,3.9929078014184523
2023-06-26,0.01303876126310976,0.0,0.0,0.0,0.01303876126310976,1.2660934883115211,4.045311268715537
2023-06-27,0.004955074505630424,0.0,0.0,0.0,0.004955074505630424,1.2660934883115211,4.065405831363291
2023-06-28,0.0006781960246381171,0.0,0.0,0.0,0.0006781960246381171,1.2660934883115211,4.068163908589452
2023-06-29,0.012033839563723463,0.0,0.0,0.0,0.012033839563723463,1.2660934883115211,4.117415287628065
2023-06-30,-0.0013406111363380322,0.0,0.0,-0.0,-0.0013406111363380322,1.2660934883115211,4.11189913317574
2023-07-04,0.0039210110963458136,0.0,0.0,0.0,0.0039210110963458136,1.2660934883115211,4.128053585500405
2023-07-05,-0.0015283220092040493,0.0,0.0,-0.0,-0.0015283220092040493,1.2660934883115211,4.121749408983463
2023-07-06,-0.009508787969027188,0.0,0.0,-0.0,-0.009508787969027188,1.2660934883115211,4.0827423167848815
2023-07-07,0.0017356093451459686,0.0,0.0,0.0,0.0017356093451459686,1.2660934883115211,4.089834515366442
2023-07-10,0.0037501846923041465,0.0,0.0,0.0,0.0037501846923041465,1.2660934883115211,4.105200945626489
2023-07-11,0.00325795612052353,0.0,0.0,0.0,0.00325795612052353,1.2660934883115211,4.118597320724992
2023-07-12,0.00324737630169806,0.0,0.0,0.0,0.00324737630169806,1.2660934883115211,4.131993695823494
2023-07-13,0.006652752155289548,0.0,0.0,0.0,0.006652752155289548,1.2660934883115211,4.159574468085117
2023-07-14,0.00217627942259567,0.0,0.0,0.0,0.00217627942259567,1.2660934883115211,4.168636721828222
2023-07-17,0.006124871915289583,0.0,0.0,0.0,0.006124871915289583,1.2660934883115211,4.1942474389283015
2023-07-18,0.002158307974325183,0.0,0.0,0.0,0.002158307974325183,1.2660934883115211,4.203309692671407
2023-07-19,-0.006394605201746483,0.0,0.0,-0.0,-0.006394605201746483,1.2660934883115211,4.176516942474401
2023-07-20,0.0034844881515062967,0.0,0.0,0.0,0.0034844881515062967,1.2660934883115211,4.191095350669831
2023-07-21,9.40070505980005e-05,0.0,0.0,0.0,9.40070505980005e-05,1.2660934883115211,4.191489361702139
2023-07-24,0.0033783815916271906,0.0,0.0,0.0,0.0033783815916271906,1.2660934883115211,4.20567375886526
2023-07-25,0.0026197619773597417,0.0,0.0,0.0,0.0026197619773597417,1.2660934883115211,4.21670606776991
2023-07-26,-0.003838416920774755,0.0,0.0,-0.0,-0.003838416920774755,1.2660934883115211,4.200551615445245
2023-07-27,0.009057440882712734,0.0,0.0,0.0,0.009057440882712734,1.2660934883115211,4.238770685579208
2023-07-28,-0.0015814692351409046,0.0,0.0,-0.0,-0.0015814692351409046,1.2660934883115211,4.232072498029956
2023-07-31,0.004644258765686583,0.0,0.0,0.0,0.004644258765686583,1.2660934883115211,4.251773049645402
2023-08-01,-0.00940372834464262,0.0,0.0,-0.0,-0.00940372834464262,1.2660934883115211,4.211977935382203
2023-08-02,-0.0012168298407886282,0.0,0.0,-0.0,-0.0012168298407886282,1.2660934883115211,4.2068557919621865
2023-08-03,-0.003941446543964845,0.0,0.0,-0.0,-0.003941446543964845,1.2660934883115211,4.190307328605212
2023-08-04,0.007400848806568156,0.0,0.0,0.0,0.007400848806568156,1.2660934883115211,4.221434200157616
2023-08-08,-0.006460999113325791,0.0,0.0,-0.0,-0.006460999113325791,1.2660934883115211,4.1942474389283015
2023-08-09,0.001595720055126544,0.0,0.0,0.0,0.001595720055126544,1.2660934883115211,4.200945626477554
2023-08-10,-0.00028141269356960716,0.0,0.0,-0.0,-0.00028141269356960716,1.2660934883115211,4.199763593380627
2023-08-11,0.006638950935607283,0.0,0.0,0.0,0.006638950935607283,1.2660934883115211,4.2277383766745595
2023-08-14,-0.008611060322481273,0.0,0.0,-0.0,-0.008611060322481273,1.2660934883115211,4.191489361702139
2023-08-15,-0.004805662958883004,0.0,0.0,-0.0,-0.004805662958883004,1.2660934883115211,4.171394799054386
2023-08-16,-0.0071093716189880194,0.0,0.0,-0.0,-0.0071093716189880194,1.2660934883115211,4.141843971631217
2023-08-17,-0.0004757600356165631,0.0,0.0,-0.0,-0.0004757600356165631,1.2660934883115211,4.139873916469672
2023-08-18,0.008906634584322583,0.0,0.0,0.0,0.008906634584322583,1.2660934883115211,4.1769109535067095
2023-08-21,-0.0031177690709363924,0.0,0.0,-0.0,-0.0031177690709363924,1.2660934883115211,4.163908589440516
2023-08-22,0.00913678470328971,1.0,0.0005,0.00863678470328971,0.00913678470328971,1.2770758229462111,4.20212765957448
2023-08-23,-0.010083485521889497,0.0,0.0005,-0.0005,-0.010083485521889497,1.2764374446426134,4.159968479117427
2023-08-24,0.008957676227636116,0.0,0.0,0.0,0.008957676227636116,1.2764374446426134,4.197399527186774
2023-08-25,0.005896409053301702,0.0,0.0,0.0,0.005896409053301702,1.2764374446426134,4.222222222222235
2023-08-28,0.011966192596475389,0.0,0.0,0.0,0.011966192596475389,1.2764374446426134,4.273049645390084
2023-08-29,0.0015663153338158267,0.0,0.0,0.0,0.0015663153338158267,1.2764374446426134,4.279747832939336
2023-08-30,-0.002858066759053514,0.0,0.0,-0.0,-0.002858066759053514,1.2764374446426134,4.267533490937759
2023-08-31,0.00772559714830711,0.0,0.0,0.0,0.00772559714830711,1.2764374446426134,4.300630417651707
2023-09-01,-0.0011000092776625857,0.0,0.0,-0.0,-0.0011000092776625857,1.2764374446426134,4.295902285264
2023-09-05,-0.006533264554325639,0.0,0.0,-0.0,-0.006533264554325639,1.2764374446426134,4.2679275019700675
2023-09-06,0.0002769188184032555,0.0,0.0,0.0,0.0002769188184032555,1.2764374446426134,4.2691095350669945
2023-09-07,-0.0014777872828859965,0.0,0.0,-0.0,-0.0014777872828859965,1.2764374446426134,4.262805358550052
2023-09-08,0.001477787282886085,0.0,0.0,0.0,0.001477787282886085,1.2764374446426134,4.269109535066995
2023-09-11,-0.006946080254684007,0.0,0.0,-0.0,-0.006946080254684007,1.2764374446426134,4.239558707643828
2023-09-12,0.0011146202157142663,0.0,0.0,0.0,0.0011146202157142663,1.2764374446426134,4.244286840031535
2023-09-13,0.005646856014077876,0.0,0.0,0.0,0.005646856014077876,1.2764374446426134,4.268321513002378
2023-09-14,-0.011792698992240861,0.0,0.0,-0.0,-0.011792698992240861,1.2764374446426134,4.218282111899147
2023-09-15,-0.0015891566793808922,0.0,0.0,-0.0,-0.0015891566793808922,1.2764374446426134,4.211583924349896
2023-09-18,-0.005723147394241625,0.0,0.0,-0.0,-0.005723147394241625,1.2764374446426134,4.187549251379052
2023-09-19,-0.007271385737611922,0.0,0.0,-0.0,-0.007271385737611922,1.2764374446426134,4.157210401891267
2023-09-20,-0.015569348359453186,1.0,0.0005,-0.016069348359453187,-0.015569348359453186,1.2560898508234108,4.092986603624915
2023-09-21,-0.00260253653088725,1.0,0.0,-0.00260253653088725,-0.00260253653088725,1.252825081284305,4.082348305752575
2023-09-22,0.002602536530887211,1.0,0.0,0.002602536530887211,0.002602536530887211,1.2560898508234108,4.092986603624915
2023-09-25,-0.010353762239920525,1.0,0.0,-0.010353762239920525,-0.010353762239920525,1.2431516900573245,4.050827423167862
2023-09-26,-0.0015574810896845476,1.0,0.0,-0.0015574810896845476,-0.0015574810896845476,1.2412170118119283,4.044523246650919
2023-09-27,0.0014602095561219769,0.0,0.0005,-0.0005,0.0014602095561219769,1.2405965584322936,4.050433412135552
2023-09-28,0.004464726430438303,0.0,0.0,0.0,0.004464726430438303,1.2405965584322936,4.068557919621762
2023-09-29,0.0063712929108411046,0.0,0.0,0.0,0.0063712929108411046,1.2405965584322936,4.09456264775415
2023-10-02,-0.010641485734985622,0.0,0.0,-0.0,-0.010641485734985622,1.2405965584322936,4.051221434200169
2023-10-03,0.010737708972971828,1.0,0.0005,0.010237708972971828,0.010737708972971828,1.2533626612713826,4.094956658786459
2023-10-04,-0.0038561698223085845,0.0,0.0005,-0.0005,-0.0038561698223085845,1.2527361365849712,4.079196217494102
2023-10-05,0.00836824967051658,0.0,0.0,0.0,0.00836824967051658,1.2527361365849712,4.113475177304977
2023-10-06,0.005635432078311476,0.0,0.0,0.0,0.005635432078311476,1.2527361365849712,4.136721828211202
2023-10-10,0.00522492045067194,0.0,0.0,0.0,0.00522492045067194,1.2527361365849712,4.158392434988192
2023-10-11,0.0008523938575488963,0.0,0.0,0.0,0.0008523938575488963,1.2527361365849712,4.161938534278972
2023-10-12,-0.007411664487141863,0.0,0.0,-0.0,-0.007411664487141863,1.2527361365849712,4.131205673758878
2023-10-13,0.006938202047541178,0.0,0.0,0.0,0.006938202047541178,1.2527361365849712,4.159968479117428
2023-10-16,0.0019870376032131627,0.0,0.0,0.0,0.0019870376032131627,1.2527361365849712,4.168242710795916
2023-10-17,-0.008448481596431743,0.0,0.0,-0.0,-0.008448481596431743,1.2527361365849712,4.133175728920423
2023-10-18,-0.007463435275886864,0.0,0.0,-0.0,-0.007463435275886864,1.2527361365849712,4.1024428684003285
2023-10-19,-0.01324522675002068,0.0,0.0,-0.0,-0.01324522675002068,1.2527361365849712,4.0484633569740085
2023-10-20,-0.00321684734193977,0.0,0.0,-0.0,-0.00321684734193977,1.2527361365849712,4.035460992907814
2023-10-23,0.010199709582454967,0.0,0.0,0.0,0.010199709582454967,1.2527361365849712,4.076832151300248
2023-10-24,-0.00990684093195042,0.0,0.0,-0.0,-0.00990684093195042,1.2527361365849712,4.03664302600474
2023-10-25,-0.009414603224181984,1.0,0.0005,-0.009914603224181985,-0.009414603224181984,1.240377123442002,3.998817966903085
2023-10-26,-0.0014790714129630077,0.0,0.0005,-0.0005,-0.0014790714129630077,1.2397570899015835,3.9929078014184514
2023-10-27,0.008059011676520034,0.0,0.0,0.0,0.008059011676520034,1.2397570899015835,4.0252167060677815
2023-10-30,0.010031737403339094,0.0,0.0,0.0,0.010031737403339094,1.2397570899015835,4.065799842395599
2023-10-31,0.010219911551287798,0.0,0.0,0.0,0.010219911551287798,1.2397570899015835,4.107565011820342
2023-11-01,0.009831606898096295,0.0,0.0,0.0,0.009831606898096295,1.2397570899015835,4.14814814814816
2023-11-02,0.00407602820356457,0.0,0.0,0.0,0.00407602820356457,1.2397570899015835,4.165090622537443
2023-11-03,0.004153692368693616,0.0,0.0,0.0,0.004153692368693616,1.2397570899015835,4.182427107959035
2023-11-06,0.007695233168774347,0.0,0.0,0.0,0.007695233168774347,1.2397570899015835,4.214736012608365
2023-11-07,0.0036392519053322905,0.0,0.0,0.0,0.0036392519053322905,1.2397570899015835,4.2301024428684135
2023-11-08,-0.007479466431292624,0.0,0.0,-0.0,-0.007479466431292624,1.2397570899015835,4.1985815602837
2023-11-09,0.014533514616167977,0.0,0.0,0.0,0.014533514616167977,1.2397570899015835,4.2600472813238905
2023-11-10,-0.00027750798013530405,0.0,0.0,-0.0,-0.00027750798013530405,1.2397570899015835,4.2588652482269636
2023-11-13,0.011406618018281823,0.0,0.0,0.0,0.011406618018281823,1.2397570899015835,4.307722616233268
2023-11-14,0.0012797076700725358,0.0,0.0,0.0,0.0012797076700725358,1.2397570899015835,4.313238770685593
2023-11-15,0.007009268148882427,0.0,0.0,0.0,0.007009268148882427,1.2397570899015835,4.343577620173378
2023-11-16,-0.0022703546963231507,0.0,0.0,-0.0,-0.0022703546963231507,1.2397570899015835,4.333727344365656
2023-11-17,0.008509919181543145,0.0,0.0,0.0,0.008509919181543145,1.2397570899015835,4.370764381402694
2023-11-20,-0.004064862649531651,0.0,0.0,-0.0,-0.004064862649531651,1.2397570899015835,4.353033884948793
2023-11-21,0.003704209864087785,0.0,0.0,0.0,0.003704209864087785,1.2397570899015835,4.369188337273458
2023-11-22,0.0032412020812251086,0.0,0.0,0.0,0.0032412020812251086,1.2397570899015835,4.383372734436579
2023-11-23,-0.00531748357638593,0.0,0.0,-0.0,-0.00531748357638593,1.2397570899015835,4.3601260835303535
2023-11-24,-0.004800951293111111,0.0,0.0,-0.0,-0.004800951293111111,1.2397570899015835,4.339243498817981
2023-11-27,-0.002363637464062902,0.0,0.0,-0.0,-0.002363637464062902,1.2397570899015835,4.32899921197795
2023-11-28,0.0004549797612496937,0.0,0.0,0.0,0.0004549797612496937,1.2397570899015835,4.330969267139495
2023-11-29,0.002725539981050012,0.0,0.0,0.0,0.002725539981050012,1.2397570899015835,4.342789598108761
2023-11-30,-9.073175163878112e-05,0.0,0.0,-0.0,-9.073175163878112e-05,1.2397570899015835,4.342395587076452
2023-12-01,-0.0017254692561385553,0.0,0.0,-0.0,-0.0017254692561385553,1.2397570899015835,4.334909377462583
2023-12-04,0.0034479663956830703,0.0,0.0,0.0,0.0034479663956830703,1.2397570899015835,4.349881796690322
2023-12-05,-0.0037206812739697813,0.0,0.0,-0.0,-0.0037206812739697813,1.2397570899015835,4.333727344365656
2023-12-06,0.007698267425752556,0.0,0.0,0.0,0.007698267425752556,1.2397570899015835,4.367218282111914
2023-12-07,0.0036922010515718752,0.0,0.0,0.0,0.0036922010515718752,1.2397570899015835,4.383372734436579
2023-12-08,0.0031411289008608356,0.0,0.0,0.0,0.0031411289008608356,1.2397570899015835,4.397163120567391
2023-12-11,0.0058965595668428565,0.0,0.0,0.0,0.0058965595668428565,1.2397570899015835,4.423167848699778
2023-12-12,0.006039094730637406,0.0,0.0,0.0,0.006039094730637406,1.2397570899015835,4.4499605988967845
2023-12-13,-0.0032814538779780906,0.0,0.0,-0.0,-0.0032814538779780906,1.2397570899015835,4.435382190701354
2023-12-14,-0.0029358145725071,0.0,0.0,-0.0,-0.0029358145725071,1.2397570899015835,4.422379826635161
2023-12-15,0.00657137610291053,0.0,0.0,0.0,0.00657137610291053,1.2397570899015835,4.451536643026019
2023-12-18,0.0010615712249586033,0.0,0.0,0.0,0.0010615712249586033,1.2397570899015835,4.456264775413725
2023-12-19,-0.012813843239860389,0.0,0.0,-0.0,-0.012813843239860389,1.2397570899015835,4.399527186761243
2023-12-20,0.004378721084003071,0.0,0.0,0.0,0.004378721084003071,1.2397570899015835,4.4188337273443805
2023-12-21,-0.00035672880071512393,0.0,0.0,-0.0,-0.00035672880071512393,1.2397570899015835,4.417257683215145
2023-12-22,0.0025834052940885512,0.0,0.0,0.0,0.0025834052940885512,1.2397570899015835,4.428684003152103
2023-12-27,-0.0017809443709948087,0.0,0.0,-0.0,-0.0017809443709948087,1.2397570899015835,4.420803782505924
2023-12-28,-0.0007132667920084289,0.0,0.0,-0.0,-0.0007132667920084289,1.2397570899015835,4.4176516942474535
2023-12-29,-8.919413108538441e-05,0.0,0.0,-0.0,-8.919413108538441e-05,1.2397570899015835,4.417257683215144
2024-01-02,-0.006263442094277101,0.0,0.0,-0.0,-0.006263442094277101,1.2397570899015835,4.38967691095352
2024-01-03,-0.0033265933127307385,0.0,0.0,-0.0,-0.0033265933127307385,1.2397570899015835,4.3750985027580915
2024-01-04,0.0022489102268392737,0.0,0.0,0.0,0.0022489102268392737,1.2397570899015835,4.384948778565813
2024-01-05,0.01347693207862459,0.0,0.0,0.0,0.01347693207862459,1.2397570899015835,4.444444444444457
2024-01-08,0.0017714796483820209,0.0,0.0,0.0,0.0017714796483820209,1.2397570899015835,4.452324665090636
2024-01-09,0.0041506660905573515,0.0,0.0,0.0,0.0041506660905573515,1.2397570899015835,4.470843183609153
2024-01-10,0.000792846801872427,0.0,0.0,0.0,0.000792846801872427,1.2397570899015835,4.474389282899934
2024-01-11,0.0015838102738832004,0.0,0.0,0.0,0.0015838102738832004,1.2397570899015835,4.481481481481494
2024-01-12,0.004736435483918682,0.0,0.0,0.0,0.004736435483918682,1.2397570899015835,4.502758077226176
2024-01-15,-0.0014886819159840193,0.0,0.0,-0.0,-0.0014886819159840193,1.2397570899015835,4.496059889676924
2024-01-16,-0.004655460997301865,0.0,0.0,-0.0,-0.004655460997301865,1.2397570899015835,4.475177304964551
2024-01-17,0.00754323373262306,0.0,0.0,0.0,0.00754323373262306,1.2397570899015835,4.509062253743117
2024-01-18,0.007313283509357089,0.0,0.0,0.0,0.007313283509357089,1.2397570899015835,4.542159180457065
2024-01-19,0.006657181029179368,0.0,0.0,0.0,0.006657181029179368,1.2397570899015835,4.5724980299448506
2024-01-22,0.0012917116973647908,0.0,0.0,0.0,0.0012917116973647908,1.2397570899015835,4.578408195429484
2024-01-23,0.005235838749793975,0.0,0.0,0.0,0.005235838749793975,1.2397570899015835,4.602442868400328
2024-01-24,0.0015397778919052473,0.0,0.0,0.0,0.0015397778919052473,1.2397570899015835,4.609535066981887
2024-01-25,-0.0029961927991620893,0.0,0.0,-0.0,-0.0029961927991620893,1.2397570899015835,4.595744680851075
2024-01-26,0.005216139066040647,0.0,0.0,0.0,0.005216139066040647,1.2397570899015835,4.619779353821918
2024-01-29,-0.0012801367227171648,0.0,0.0,-0.0,-0.0012801367227171648,1.2397570899015835,4.613869188337284
2024-01-30,-0.013498034108744426,0.0,0.0,-0.0,-0.013498034108744426,1.2397570899015835,4.552009456264786
2024-01-31,0.008618514090244831,0.0,0.0,0.0,0.008618514090244831,1.2397570899015835,4.591410559495676
2024-02-01,0.015751038677406945,0.0,0.0,0.0,0.015751038677406945,1.2397570899015835,4.664302600472824
2024-02-02,0.003541617665965686,0.0,0.0,0.0,0.003541617665965686,1.2397570899015835,4.680851063829798
2024-02-05,-0.0021065944171300153,0.0,0.0,-0.0,-0.0021065944171300153,1.2397570899015835,4.671000788022075
2024-02-06,0.006474147135133289,0.0,0.0,0.0,0.006474147135133289,1.2397570899015835,4.701339637509861
2024-02-07,0.0006702413119540139,0.0,0.0,0.0,0.0006702413119540139,1.2397570899015835,4.7044917257683325
2024-02-08,0.005512416865195365,0.0,0.0,0.0,0.005512416865195365,1.2397570899015835,4.73049645390072
2024-02-09,-0.0011667640293548023,0.0,0.0,-0.0,-0.0011667640293548023,1.2397570899015835,4.724980299448395
2024-02-12,-0.005267350500487741,0.0,0.0,-0.0,-0.005267350500487741,1.2397570899015835,4.700157604412935
2024-02-13,0.00809856231756826,0.0,0.0,0.0,0.00809856231756826,1.2397570899015835,4.738376674546899
2024-02-14,0.0004987945901068877,0.0,0.0,0.0,0.0004987945901068877,1.2397570899015835,4.740740740740752
2024-02-15,-0.0037470379825211317,0.0,0.0,-0.0,-0.0037470379825211317,1.2397570899015835,4.723010244286852
2024-02-16,-0.003426234914848637,0.0,0.0,-0.0,-0.003426234914848637,1.2397570899015835,4.7068557919621865
2024-02-20,0.0003347840674054532,0.0,0.0,0.0,0.0003347840674054532,1.2397570899015835,4.708431836091422
2024-02-21,0.019063983904231266,0.0,0.0,0.0,0.019063983904231266,1.2397570899015835,4.799054373522471
2024-02-22,0.002541922569133941,0.0,0.0,0.0,0.002541922569133941,1.2397570899015835,4.811268715524046
2024-02-23,-0.004020848152966777,0.0,0.0,-0.0,-0.004020848152966777,1.2397570899015835,4.79196217494091
2024-02-26,0.004020848152966842,0.0,0.0,0.0,0.004020848152966842,1.2397570899015835,4.811268715524046
2024-02-27,0.0013912191777033964,0.0,0.0,0.0,0.0013912191777033964,1.2397570899015835,4.817966903073299
2024-02-28,0.004813388856846133,0.0,0.0,0.0,0.004813388856846133,1.2397570899015835,4.841213553979525
2024-02-29,0.007459695664238959,0.0,0.0,0.0,0.007459695664238959,1.2397570899015835,4.877462568951944
2024-03-01,0.0004038282976980914,0.0,0.0,0.0,0.0004038282976980914,1.2397570899015835,4.879432624113489
2024-03-04,-0.009329561038325513,0.0,0.0,-0.0,-0.009329561038325513,1.2397570899015835,4.834121355397965
2024-03-05,-8.150955704064867e-05,0.0,0.0,-0.0,-8.150955704064867e-05,1.2397570899015835,4.8337273443656565
2024-03-06,0.005608630837322518,0.0,0.0,0.0,0.005608630837322518,1.2397570899015835,4.860914105594971
2024-03-07,-0.0034915386045098543,0.0,0.0,-0.0,-0.0034915386045098543,1.2397570899015835,4.843971631205688
2024-03-08,-0.0019540797619976343,0.0,0.0,-0.0,-0.0019540797619976343,1.2397570899015835,4.834515366430274
2024-03-11,0.01150648786331363,0.0,0.0,0.0,0.01150648786331363,1.2397570899015835,4.890464933018138
2024-03-12,-0.0033895601817372344,0.0,0.0,-0.0,-0.0033895601817372344,1.2397570899015835,4.873916469661164
2024-03-13,0.002422286206594717,0.0,0.0,0.0,0.002422286206594717,1.2397570899015835,4.885736800630432
2024-03-14,-0.005904494041608874,0.0,0.0,-0.0,-0.005904494041608874,1.2397570899015835,4.856973995271881
2024-03-15,0.005985135951253072,0.0,0.0,0.0,0.005985135951253072,1.2397570899015835,4.886130811662741
2024-03-18,0.0069109886123726524,0.0,0.0,0.0,0.0069109886123726524,1.2397570899015835,4.920015760441306
2024-03-19,0.0033578541304076334,0.0,0.0,0.0,0.0033578541304076334,1.2397570899015835,4.93656422379828
2024-03-20,0.006364887427673569,0.0,0.0,0.0,0.006364887427673569,1.2397570899015835,4.968085106382992
2024-03-21,0.0022973036601740614,0.0,0.0,0.0,0.0022973036601740614,1.2397570899015835,4.97951142631995
2024-03-22,-0.00539512574910735,0.0,0.0,-0.0,-0.00539512574910735,1.2397570899015835,4.952718676122945
2024-03-25,-0.0024692353937552478,0.0,0.0,-0.0,-0.0024692353937552478,1.2397570899015835,4.940504334121369
2024-03-26,0.00723114915399891,0.0,0.0,0.0,0.00723114915399891,1.2397570899015835,4.976359338061479
2024-03-27,-0.0013469082573436136,0.0,0.0,-0.0,-0.0013469082573436136,1.2397570899015835,4.969661150512228
2024-03-28,0.0006340651714374675,0.0,0.0,0.0,0.0006340651714374675,1.2397570899015835,4.972813238770699
2024-04-01,-0.007076720186548187,0.0,0.0,-0.0,-0.007076720186548187,1.2397570899015835,4.937746256895206
2024-04-02,-0.0017570486111255202,0.0,0.0,-0.0,-0.0017570486111255202,1.2397570899015835,4.92907801418441
2024-04-03,-0.011254138074423208,0.0,0.0,-0.0,-0.011254138074423208,1.2397570899015835,4.873916469661164
2024-04-04,0.013888554638141112,0.0,0.0,0.0,0.013888554638141112,1.2397570899015835,4.942080378250604
2024-04-05,-0.0004784689086496368,0.0,0.0,-0.0,-0.0004784689086496368,1.2397570899015835,4.939716312056751
2024-04-08,0.00047846890864957026,0.0,0.0,0.0,0.00047846890864957026,1.2397570899015835,4.942080378250604
2024-04-09,-0.0023946371596198462,0.0,0.0,-0.0,-0.0023946371596198462,1.2397570899015835,4.930260047281338
2024-04-10,0.008356262065699846,0.0,0.0,0.0,0.008356262065699846,1.2397570899015835,4.971631205673773
2024-04-11,-0.006918791765469839,0.0,0.0,-0.0,-0.006918791765469839,1.2397570899015835,4.937352245862897
2024-04-12,-0.012123306926697967,0.0,0.0,-0.0,-0.012123306926697967,1.2397570899015835,4.877856579984252
2024-04-15,0.001614205354541201,0.0,0.0,0.0,0.001614205354541201,1.2397570899015835,4.885736800630431
2024-04-16,-0.010539213888171124,0.0,0.0,-0.0,-0.010539213888171124,1.2397570899015835,4.834515366430273
2024-04-17,-0.002366285629444727,0.0,0.0,-0.0,-0.002366285629444727,1.2397570899015835,4.823089046493315
2024-04-18,-0.010181547843989868,0.0,0.0,-0.0,-0.010181547843989868,1.2397570899015835,4.774231678487011
2024-04-19,0.006416606418498172,0.0,0.0,0.0,0.006416606418498172,1.2397570899015835,4.804964539007105
2024-04-22,0.007841255564960004,0.0,0.0,0.0,0.007841255564960004,1.2397570899015835,4.84278959810876
2024-04-23,0.003086923653571969,0.0,0.0,0.0,0.003086923653571969,1.2397570899015835,4.857762017336499
2024-04-24,-0.006999865794637333,0.0,0.0,-0.0,-0.006999865794637333,1.2397570899015835,4.823877068557933
2024-04-25,0.010077289668141644,0.0,0.0,0.0,0.010077289668141644,1.2397570899015835,4.872734436564237
2024-04-26,0.0026648378510711924,0.0,0.0,0.0,0.0026648378510711924,1.2397570899015835,4.885736800630431
2024-04-29,-0.00760952429269261,0.0,0.0,-0.0,-0.00760952429269261,1.2397570899015835,4.848699763593394
2024-04-30,-0.004152931338222677,0.0,0.0,-0.0,-0.004152931338222677,1.2397570899015835,4.828605200945639
2024-05-01,0.0024449889930664398,0.0,0.0,0.0,0.0024449889930664398,1.2397570899015835,4.840425531914906
2024-05-02,0.013261292426506482,0.0,0.0,0.0,0.013261292426506482,1.2397570899015835,4.905043341213567
2024-05-03,0.009195283276751348,0.0,0.0,0.0,0.009195283276751348,1.2397570899015835,4.950354609929092
2024-05-06,0.0060308070423112144,0.0,0.0,0.0,0.0060308070423112144,1.2397570899015835,4.980299448384569
2024-05-07,0.00023731361104933394,0.0,0.0,0.0,0.00023731361104933394,1.2397570899015835,4.981481481481496
2024-05-08,0.0012647223249305731,0.0,0.0,0.0,0.0012647223249305731,1.2397570899015835,4.987785657998438
2024-05-09,0.0015786568911196903,0.0,0.0,0.0,0.0015786568911196903,1.2397570899015835,4.995665878644616
2024-05-10,-0.0005522464737409999,0.0,0.0,-0.0,-0.0005522464737409999,1.2397570899015835,4.992907801418453
2024-05-13,0.0032302568959152386,0.0,0.0,0.0,0.0032302568959152386,1.2397570899015835,5.009062253743118
2024-05-14,0.009161086659559666,0.0,0.0,0.0,0.009161086659559666,1.2397570899015835,5.05516154452326
2024-05-15,-0.0014820017532483363,0.0,0.0,-0.0,-0.0014820017532483363,1.2397570899015835,5.047675334909391
2024-05-16,0.0007022746182271408,0.0,0.0,0.0,0.0007022746182271408,1.2397570899015835,5.051221434200171
2024-05-17,0.006530889330383789,0.0,0.0,0.0,0.006530889330383789,1.2397570899015835,5.084318360914119
2024-05-21,-0.00031002945528119574,0.0,0.0,-0.0,-0.00031002945528119574,1.2397570899015835,5.082742316784884
2024-05-22,-0.0038056820426223795,0.0,0.0,-0.0,-0.0038056820426223795,1.2397570899015835,5.063435776201747
2024-05-23,0.0020987997909877863,0.0,0.0,0.0,0.0020987997909877863,1.2397570899015835,5.074074074074088
2024-05-24,0.001086534837199446,0.0,0.0,0.0,0.001086534837199446,1.2397570899015835,5.079590228526412
2024-05-27,-0.002096518219483779,0.0,0.0,-0.0,-0.002096518219483779,1.2397570899015835,5.068951930654071
2024-05-28,-0.002490467471383496,0.0,0.0,-0.0,-0.002490467471383496,1.2397570899015835,5.056343577620186
2024-05-29,-0.008451415825737676,1.0,0.0005,-0.008951415825737677,-0.008451415825737676,1.228709030325968,5.013790386130824
2024-05-30,0.004547600749298248,0.0,0.0005,-0.0005,0.004547600749298248,1.228094829373839,5.03664302600474
2024-05-31,0.0017195564656039555,0.0,0.0,0.0,0.0017195564656039555,1.228094829373839,5.045311268715537
2024-06-03,0.004208235636813185,0.0,0.0,0.0,0.004208235636813185,1.228094829373839,5.066587864460217
2024-06-04,0.012749853971882538,0.0,0.0,0.0,0.012749853971882538,1.228094829373839,5.131599684791186
2024-06-05,-0.0016906174779074388,0.0,0.0,-0.0,-0.0016906174779074388,1.228094829373839,5.12293144208039
2024-06-06,0.005675297079687117,0.0,0.0,0.0,0.005675297079687117,1.228094829373839,5.152088258471249
2024-06-07,0.002901872979463387,0.0,0.0,0.0,0.002901872979463387,1.228094829373839,5.167060677698987
2024-06-10,0.0019045448182573616,0.0,0.0,0.0,0.0019045448182573616,1.228094829373839,5.1769109535067095
2024-06-11,0.006902071467179521,0.0,0.0,0.0,0.006902071467179521,1.228094829373839,5.212765957446821
2024-06-12,0.0033955890011381075,0.0,0.0,0.0,0.0033955890011381075,1.228094829373839,5.230496453900721
2024-06-13,-0.000678196024638276,0.0,0.0,-0.0,-0.000678196024638276,1.228094829373839,5.226950354609941
2024-06-14,0.006985943904310797,0.0,0.0,0.0,0.006985943904310797,1.228094829373839,5.263593380614669
2024-06-17,0.001869648676847812,0.0,0.0,0.0,0.001869648676847812,1.228094829373839,5.273443656422392
2024-06-18,0.0018661596129822121,0.0,0.0,0.0,0.0018661596129822121,1.228094829373839,5.283293932230116
2024-06-19,-0.0069598035847266,0.0,0.0,-0.0,-0.0069598035847266,1.228094829373839,5.246650906225386
2024-06-20,-0.00037555864789620783,0.0,0.0,-0.0,-0.00037555864789620783,1.228094829373839,5.244680851063843
2024-06-21,-0.005877051273969751,0.0,0.0,-0.0,-0.005877051273969751,1.228094829373839,5.2139479905437485
2024-06-24,0.004147662520081159,0.0,0.0,0.0,0.004147662520081159,1.228094829373839,5.235618597320737
2024-06-25,0.004879706390833215,0.0,0.0,0.0,0.004879706390833215,1.228094829373839,5.261229314420817
2024-06-26,-0.0008241244145034432,0.0,0.0,-0.0,-0.0008241244145034432,1.228094829373839,5.256895193065417
2024-06-27,-0.007221334224535784,0.0,0.0,-0.0,-0.007221334224535784,1.228094829373839,5.219070133963763
2024-06-28,0.008045458639039311,0.0,0.0,0.0,0.008045458639039311,1.228094829373839,5.261229314420817
2024-07-02,0.002991103703158054,0.0,0.0,0.0,0.002991103703158054,1.228094829373839,5.276989755713172
2024-07-03,-0.0022424886060612953,0.0,0.0,-0.0,-0.0022424886060612953,1.228094829373839,5.265169424743905
2024-07-04,0.006563758927520622,0.0,0.0,0.0,0.006563758927520622,1.228094829373839,5.299842395587089
2024-07-05,0.002227833982482663,0.0,0.0,0.0,0.002227833982482663,1.228094829373839,5.3116627265563565
2024-07-08,-0.00014836795279453313,0.0,0.0,-0.0,-0.00014836795279453313,1.228094829373839,5.310874704491738
2024-07-09,0.00952493633742821,0.0,0.0,0.0,0.00952493633742821,1.228094829373839,5.361702127659588
2024-07-10,-0.007597867848981781,0.0,0.0,-0.0,-0.007597867848981781,1.228094829373839,5.32111899133177
2024-07-11,0.004432958866316135,0.0,0.0,0.0,0.004432958866316135,1.228094829373839,5.3447596532703034
2024-07-12,0.006539572885193392,0.0,0.0,0.0,0.006539572885193392,1.228094829373839,5.379826635145795
2024-07-15,0.005841991202396152,0.0,0.0,0.0,0.005841991202396152,1.228094829373839,5.411347517730508
2024-07-16,-0.011570982266559579,0.0,0.0,-0.0,-0.011570982266559579,1.228094829373839,5.349093774625701
2024-07-17,-0.006132495483274787,0.0,0.0,-0.0,-0.006132495483274787,1.228094829373839,5.316390858944062
2024-07-18,-0.0057230079277425724,0.0,0.0,-0.0,-0.0057230079277425724,1.228094829373839,5.2860520094562755
2024-07-19,0.012444605048083746,0.0,0.0,0.0,0.012444605048083746,1.228094829373839,5.352245862884172
2024-07-22,-0.0005154449508473244,0.0,0.0,-0.0,-0.0005154449508473244,1.228094829373839,5.34948778565801
2024-07-23,-0.02068834018711801,0.0,0.0,-0.0,-0.02068834018711801,1.228094829373839,5.239952718676133
2024-07-24,-0.004219733486198853,0.0,0.0,-0.0,-0.004219733486198853,1.228094829373839,5.217888100866835
2024-07-25,0.01156169035002133,0.0,0.0,0.0,0.01156169035002133,1.228094829373839,5.278565799842405
2024-07-26,0.002460209240297522,0.0,0.0,0.0,0.002460209240297522,1.228094829373839,5.291568163908599
2024-07-29,-0.005225842426646659,0.0,0.0,-0.0,-0.005225842426646659,1.228094829373839,5.2639873916469755
2024-07-30,0.01264427407419709,0.0,0.0,0.0,0.01264427407419709,1.228094829373839,5.330969267139489
2024-07-31,-0.009804000096620967,0.0,0.0,-0.0,-0.009804000096620967,1.228094829373839,5.2789598108747136
2024-08-01,-0.01891184637160856,0.0,0.0,-0.0,-0.01891184637160856,1.228094829373839,5.1800630417651785
2024-08-02,-0.02596747980582435,0.0,0.0,-0.0,-0.02596747980582435,1.228094829373839,5.047281323877078
2024-08-06,-0.009569451016150672,0.0,0.0,-0.0,-0.009569451016150672,1.228094829373839,4.999211977935392
2024-08-07,0.021905229461112223,0.0,0.0,0.0,0.021905229461112223,1.228094829373839,5.109929078014194
2024-08-08,0.00407834046106595,0.0,0.0,0.0,0.00407834046106595,1.228094829373839,5.130811662726567
2024-08-09,0.000997812570794798,0.0,0.0,0.0,0.000997812570794798,1.228094829373839,5.135933806146583
2024-08-12,0.01454654186700545,0.0,0.0,0.0,0.01454654186700545,1.228094829373839,5.211189913317583
2024-08-13,0.003773304605257527,0.0,0.0,0.0,0.003773304605257527,1.228094829373839,5.230890464933029
2024-08-14,0.01784228587068284,0.0,0.0,0.0,0.01784228587068284,1.228094829373839,5.325059101654857
2024-08-15,-0.0017032625290073005,0.0,0.0,-0.0,-0.0017032625290073005,1.228094829373839,5.315996847911752
2024-08-16,0.006059281082162979,0.0,0.0,0.0,0.006059281082162979,1.228094829373839,5.348305752561083
2024-08-19,-0.0025079307974377094,0.0,0.0,-0.0,-0.0025079307974377094,1.228094829373839,5.33490937746258
2024-08-20,0.002065811565418423,0.0,0.0,0.0,0.002065811565418423,1.228094829373839,5.3459416863672296
2024-08-21,-0.007249088627274774,0.0,0.0,-0.0,-0.007249088627274774,1.228094829373839,5.307328605200957
2024-08-22,0.003335189306138474,0.0,0.0,0.0,0.003335189306138474,1.228094829373839,5.325059101654858
2024-08-23,-0.004449395549541736,0.0,0.0,-0.0,-0.004449395549541736,1.228094829373839,5.301418439716325
2024-08-26,-0.0015619773341963702,0.0,0.0,-0.0,-0.0015619773341963702,1.228094829373839,5.2931442080378375
2024-08-27,-0.003131293097553397,0.0,0.0,-0.0,-0.003131293097553397,1.228094829373839,5.276595744680863
2024-08-28,0.0002986411848387711,0.0,0.0,0.0,0.0002986411848387711,1.228094829373839,5.2781717888100985
2024-08-29,0.009139948450310088,0.0,0.0,0.0,0.009139948450310088,1.228094829373839,5.326635145784094
2024-08-30,-0.015956198952615654,0.0,0.0,-0.0,-0.015956198952615654,1.228094829373839,5.242316784869989
2024-09-03,-0.003915962531110933,0.0,0.0,-0.0,-0.003915962531110933,1.228094829373839,5.2218282111899255
2024-09-04,-0.0040071123062165315,0.0,0.0,-0.0,-0.0040071123062165315,1.228094829373839,5.200945626477554
2024-09-05,-0.012425360911683435,0.0,0.0,-0.0,-0.012425360911683435,1.228094829373839,5.136721828211203
2024-09-06,0.010984930049686828,0.0,0.0,0.0,0.010984930049686828,1.228094829373839,5.193459416863685
2024-09-09,0.007558043687784975,0.0,0.0,0.0,0.007558043687784975,1.228094829373839,5.232860520094575
2024-09-10,0.008024340930966562,0.0,0.0,0.0,0.008024340930966562,1.228094829373839,5.275019700551629
2024-09-11,0.008330902095303627,0.0,0.0,0.0,0.008330902095303627,1.228094829373839,5.319148936170226
2024-09-12,0.006423767797802775,0.0,0.0,0.0,0.006423767797802775,1.228094829373839,5.3534278959811
2024-09-13,0.0012504139027624398,0.0,0.0,0.0,0.0012504139027624398,1.228094829373839,5.360126083530352
2024-09-16,0.0012488523202556152,0.0,0.0,0.0,0.0012488523202556152,1.228094829373839,5.3668242710796035
2024-09-17,-0.001395878711757622,0.0,0.0,-0.0,-0.001395878711757622,1.228094829373839,5.359338061465734
2024-09-18,0.012202847708788319,0.0,0.0,0.0,0.012202847708788319,1.228094829373839,5.425137903861321
2024-09-19,-0.0013808643496550008,0.0,0.0,-0.0,-0.0013808643496550008,1.228094829373839,5.417651694247453
2024-09-20,-0.0012371285644354225,0.0,0.0,-0.0,-0.0012371285644354225,1.228094829373839,5.410953506698201
2024-09-23,-0.0024058627140656655,0.0,0.0,-0.0,-0.0024058627140656655,1.228094829373839,5.397951142632007
2024-09-24,0.0016774244534167968,0.0,0.0,0.0,0.0016774244534167968,1.228094829373839,5.407013396375111
2024-09-25,0.0032738016217422677,0.0,0.0,0.0,0.0032738016217422677,1.228094829373839,5.424743892829012
2024-09-26,-0.0017446936673387538,0.0,0.0,-0.0,-0.0017446936673387538,1.228094829373839,5.415287628053599
2024-09-27,0.004428480140218308,0.0,0.0,0.0,0.004428480140218308,1.228094829373839,5.4393223010244425
2024-09-30,-0.011218066361277243,0.0,0.0,-0.0,-0.011218066361277243,1.228094829373839,5.37864460204887
2024-10-01,0.000659075121803306,0.0,0.0,0.0,0.000659075121803306,1.228094829373839,5.38219070133965
2024-10-02,0.0028509833266085385,0.0,0.0,0.0,0.0028509833266085385,1.228094829373839,5.397557131599698
2024-10-03,0.010167855774540479,0.0,0.0,0.0,0.010167855774540479,1.228094829373839,5.452718676122943
2024-10-04,-0.005724860738595544,0.0,0.0,-0.0,-0.005724860738595544,1.228094829373839,5.42159180457054
2024-10-07,0.011560822401076006,0.0,0.0,0.0,0.011560822401076006,1.228094829373839,5.484633569739964
2024-10-08,0.011641741309639806,0.0,0.0,0.0,0.011641741309639806,1.228094829373839,5.548857368006317
2024-10-09,0.00021300010730538908,0.0,0.0,0.0,0.00021300010730538908,1.228094829373839,5.550039401103244
2024-10-10,0.007637943779572466,0.0,0.0,0.0,0.007637943779572466,1.228094829373839,5.592592592592604
2024-10-11,0.0017597583114463268,0.0,0.0,0.0,0.0017597583114463268,1.228094829373839,5.602442868400328
2024-10-15,0.0019672598208570293,0.0,0.0,0.0,0.0019672598208570293,1.228094829373839,5.613475177304977
2024-10-16,0.003783106655703678,0.0,0.0,0.0,0.003783106655703678,1.228094829373839,5.634751773049658
2024-10-17,0.004117098729279887,0.0,0.0,0.0,0.004117098729279887,1.228094829373839,5.657998423955883
2024-10-18,0.0006961364708554241,0.0,0.0,0.0,0.0006961364708554241,1.228094829373839,5.661938534278971
2024-10-21,-0.0016018389746805539,0.0,0.0,-0.0,-0.0016018389746805539,1.228094829373839,5.6528762805358665
2024-10-22,-0.008118177414730036,0.0,0.0,-0.0,-0.008118177414730036,1.228094829373839,5.607171000788034
2024-10-23,0.0032972073787458675,0.0,0.0,0.0,0.0032972073787458675,1.228094829373839,5.625689519306552
2024-10-24,0.0028674356116004697,0.0,0.0,0.0,0.0028674356116004697,1.228094829373839,5.641843971631217
2024-10-25,0.002301978624571133,0.0,0.0,0.0,0.002301978624571133,1.228094829373839,5.654846335697411
2024-10-28,0.0037554811507308906,0.0,0.0,0.0,0.0037554811507308906,1.228094829373839,5.676122931442093
2024-10-29,-0.004801178203040253,0.0,0.0,-0.0,-0.004801178203040253,1.228094829373839,5.648936170212779
2024-10-30,-0.017307312551163148,0.0,0.0,-0.0,-0.017307312551163148,1.228094829373839,5.552009456264788
2024-10-31,0.006860241198407608,0.0,0.0,0.0,0.006860241198407608,1.228094829373839,5.590228526398751
2024-11-01,-0.006576412345299594,0.0,0.0,-0.0,-0.006576412345299594,1.228094829373839,5.553585500394022
2024-11-04,0.007210550115361064,0.0,0.0,0.0,0.007210550115361064,1.228094829373839,5.593774625689531
2024-11-05,0.03243302774797758,0.0,0.0,0.0,0.03243302774797758,1.228094829373839,5.778171788810099
2024-11-06,0.0020435974414661057,0.0,0.0,0.0,0.0020435974414661057,1.228094829373839,5.789992119779365
2024-11-07,0.007592742055701285,0.0,0.0,0.0,0.007592742055701285,1.228094829373839,5.834121355397964
2024-11-08,0.001956617700762645,0.0,0.0,0.0,0.001956617700762645,1.228094829373839,5.845547675334923
2024-11-11,-0.002091698073789818,0.0,0.0,-0.0,-0.002091698073789818,1.228094829373839,5.833333333333347
2024-11-12,0.004851434621551825,0.0,0.0,0.0,0.004851434621551825,1.228094829373839,5.861702127659587
2024-11-13,-0.0021532879593835646,0.0,0.0,-0.0,-0.0021532879593835646,1.228094829373839,5.849093774625701
2024-11-14,-0.010496118029937104,0.0,0.0,-0.0,-0.010496118029937104,1.228094829373839,5.788022064617822
2024-11-15,-0.0015669179211678763,0.0,0.0,-0.0,-0.0015669179211678763,1.228094829373839,5.778959810874716
2024-11-18,-6.818259301036952e-05,0.0,0.0,-0.0,-6.818259301036952e-05,1.228094829373839,5.778565799842408
2024-11-19,0.0012265759629800515,0.0,0.0,0.0,0.0012265759629800515,1.228094829373839,5.785657998423968
2024-11-20,0.004959080846724458,0.0,0.0,0.0,0.004959080846724458,1.228094829373839,5.814420803782517
2024-11-21,0.004057623745284968,0.0,0.0,0.0,0.004057623745284968,1.228094829373839,5.838061465721051
2024-11-22,0.0034360822084084494,0.0,0.0,0.0,0.0034360822084084494,1.228094829373839,5.858156028368807
2024-11-25,0.011701514280681074,0.0,0.0,0.0,0.011701514280681074,1.228094829373839,5.927107959022866
2024-11-26,-0.006736727162077382,0.0,0.0,-0.0,-0.006736727162077382,1.228094829373839,5.887312844759665
2024-11-27,0.002406418273565901,0.0,0.0,0.0,0.002406418273565901,1.228094829373839,5.901497241922787
2024-11-28,0.003864867874756357,0.0,0.0,0.0,0.003864867874756357,1.228094829373839,5.924349881796704
2024-11-29,0.0034524001891700776,0.0,0.0,0.0,0.0034524001891700776,1.228094829373839,5.944838455476767
2024-12-02,0.001986360978883336,0.0,0.0,0.0,0.001986360978883336,1.228094829373839,5.956658786446034
2024-12-03,0.005606689928713828,0.0,0.0,0.0,0.005606689928713828,1.228094829373839,5.990149724192291
2024-12-04,-0.00395439782418039,0.0,0.0,-0.0,-0.00395439782418039,1.228094829373839,5.966509062253756
2024-12-05,0.010837188588937407,0.0,0.0,0.0,0.010837188588937407,1.228094829373839,6.031520882584726
2024-12-06,-0.004058393997373836,0.0,0.0,-0.0,-0.004058393997373836,1.228094829373839,6.0070921985815735
2024-12-09,-0.0029559584041997464,0.0,0.0,-0.0,-0.0029559584041997464,1.228094829373839,5.989361702127672
2024-12-10,0.007210309161075747,0.0,0.0,0.0,0.007210309161075747,1.228094829373839,6.032702915681652
2024-12-11,-0.0005226367140589583,0.0,0.0,-0.0,-0.0005226367140589583,1.228094829373839,6.02955082742318
2024-12-12,0.0007185550820324947,0.0,0.0,0.0,0.0007185550820324947,1.228094829373839,6.033884948778579
2024-12-13,0.004820542199117146,0.0,0.0,0.0,0.004820542199117146,1.228094829373839,6.063041765169439
2024-12-16,0.00019493810776832944,0.0,0.0,0.0,0.00019493810776832944,1.228094829373839,6.064223798266366
2024-12-17,-0.019750650218059343,0.0,0.0,-0.0,-0.019750650218059343,1.228094829373839,5.945626477541387
2024-12-18,-0.005382251605579883,0.0,0.0,-0.0,-0.005382251605579883,1.228094829373839,5.913711583924365
2024-12-19,0.010471993895082066,0.0,0.0,0.0,0.010471993895082066,1.228094829373839,5.975965327029171
2024-12-20,0.006047477840338715,0.0,0.0,0.0,0.006047477840338715,1.228094829373839,6.012214342001592
2024-12-23,0.010820076881852964,0.0,0.0,0.0,0.010820076881852964,1.228094829373839,6.07762017336487
2024-12-24,-0.007809997394075592,0.0,0.0,-0.0,-0.007809997394075592,1.228094829373839,6.030338849487802
2024-12-27,-0.01779875595688359,0.0,0.0,-0.0,-0.01779875595688359,1.228094829373839,5.923955870764397
2024-12-30,-0.0023972842272698856,0.0,0.0,-0.0,-0.0023972842272698856,1.228094829373839,5.9097714736012765
2024-12-31,-0.0008003735503633817,0.0,0.0,-0.0,-0.0008003735503633817,1.228094829373839,5.905043341213569
2025-01-02,0.015755654933101576,0.0,0.0,0.0,0.015755654933101576,1.228094829373839,5.998817966903088
2025-01-03,-0.003157689618051953,0.0,0.0,-0.0,-0.003157689618051953,1.228094829373839,5.979905437352261
2025-01-06,-0.00873541389590033,0.0,0.0,-0.0,-0.00873541389590033,1.228094829373839,5.9278959810874845
2025-01-07,0.0031190920200555193,0.0,0.0,0.0,0.0031190920200555193,1.228094829373839,5.946414499606003
2025-01-08,-0.001060726697174984,0.0,0.0,-0.0,-0.001060726697174984,1.228094829373839,5.940110323089061
2025-01-09,-0.011407348274854123,0.0,0.0,-0.0,-0.011407348274854123,1.228094829373839,5.872734436564239
2025-01-10,-0.0002012949984990627,0.0,0.0,-0.0,-0.0002012949984990627,1.228094829373839,5.871552403467312
2025-01-13,-0.0014774027265899048,0.0,0.0,-0.0,-0.0014774027265899048,1.228094829373839,5.862884160756517
2025-01-14,0.015868057465039043,0.0,0.0,0.0,0.015868057465039043,1.228094829373839,5.956658786446035
2025-01-15,0.002642358519852372,0.0,0.0,0.0,0.002642358519852372,1.228094829373839,5.972419227738391
2025-01-16,0.015189502460950445,0.0,0.0,0.0,0.015189502460950445,1.228094829373839,6.063829787234057
2025-01-17,0.0,0.0,0.0,0.0,0.0,1.228094829373839,6.063829787234057
2025-01-20,-0.0007150053930014685,0.0,0.0,-0.0,-0.0007150053930014685,1.228094829373839,6.059495665878659
2025-01-21,0.009770694702809285,0.0,0.0,0.0,0.009770694702809285,1.228094829373839,6.118991331757305
2025-01-22,0.004176712899170733,0.0,0.0,0.0,0.004176712899170733,1.228094829373839,6.144602048857383
2025-01-23,-0.004627555015460285,0.0,0.0,-0.0,-0.004627555015460285,1.228094829373839,6.116233254531142
2025-01-24,-0.012445872715989095,0.0,0.0,-0.0,-0.012445872715989095,1.228094829373839,6.040583136327832
2025-01-27,0.010575929881393605,0.0,0.0,0.0,0.010575929881393605,1.228094829373839,6.104806934594184
2025-01-28,-0.0028438488659562468,0.0,0.0,-0.0,-0.0028438488659562468,1.228094829373839,6.087470449172592
2025-01-29,0.009405467776596555,0.0,0.0,0.0,0.009405467776596555,1.228094829373839,6.144996059889693
2025-01-30,-0.0011548086225941156,0.0,0.0,-0.0,-0.0011548086225941156,1.228094829373839,6.137903861308133
2025-01-31,-0.005406810288046056,0.0,0.0,-0.0,-0.005406810288046056,1.228094829373839,6.104806934594184
2025-02-03,-0.010119442867043265,0.0,0.0,-0.0,-0.010119442867043265,1.228094829373839,6.043341213553996
2025-02-04,0.0037743260788323054,0.0,0.0,0.0,0.0037743260788323054,1.228094829373839,6.0661938534279125
2025-02-05,0.0024651326139116985,0.0,0.0,0.0,0.0024651326139116985,1.228094829373839,6.081166272655652
2025-02-06,-0.010420831569218914,0.0,0.0,-0.0,-0.010420831569218914,1.228094829373839,6.0181245074862275
2025-02-07,0.008215472953391093,0.0,0.0,0.0,0.008215472953391093,1.228094829373839,6.06776989755715
2025-02-10,-0.000519615496232866,0.0,0.0,-0.0,-0.000519615496232866,1.228094829373839,6.064617809298679
2025-02-11,-0.0034492891573787592,0.0,0.0,-0.0,-0.0034492891573787592,1.228094829373839,6.043735224586307
2025-02-12,0.0035792183461539765,0.0,0.0,0.0,0.0035792183461539765,1.228094829373839,6.065405831363298
2025-02-13,-0.0005848143381205533,0.0,0.0,-0.0,-0.0005848143381205533,1.228094829373839,6.061859732072517
2025-02-14,0.0032446491801174497,0.0,0.0,0.0,0.0032446491801174497,1.228094829373839,6.0815602836879625
2025-02-18,0.005556287714924959,0.0,0.0,0.0,0.005556287714924959,1.228094829373839,6.115445232466529
2025-02-19,-0.007631650026726975,0.0,0.0,-0.0,-0.007631650026726975,1.228094829373839,6.068951930654078
2025-02-20,-0.01359586927356424,0.0,0.0,-0.0,-0.01359586927356424,1.228094829373839,5.986997635933824
2025-02-21,-0.0029658944133781765,0.0,0.0,-0.0,-0.0029658944133781765,1.228094829373839,5.969267139479924
2025-02-24,-0.0010566636830482727,0.0,0.0,-0.0,-0.0010566636830482727,1.228094829373839,5.962962962962982
2025-02-25,0.0024418424936257796,0.0,0.0,0.0,0.0024418424936257796,1.228094829373839,5.977541371158412
2025-02-26,-0.009137926120258377,0.0,0.0,-0.0,-0.009137926120258377,1.228094829373839,5.923167848699783
2025-02-27,0.017605043752692316,1.0,0.0005,0.017105043752692315,0.017605043752692316,1.2492821334607183,6.0283687943262585
2025-02-28,-0.015146815759985745,0.0,0.0005,-0.0005,-0.015146815759985745,1.248657648528231,5.937746256895211
2025-03-03,-0.014032973348790917,0.0,0.0,-0.0,-0.014032973348790917,1.248657648528231,5.855003940110341
2025-03-04,0.0013449901153328341,0.0,0.0,0.0,0.0013449901153328341,1.248657648528231,5.862884160756519
2025-03-05,-0.020298718070797604,0.0,0.0,-0.0,-0.020298718070797604,1.248657648528231,5.745074862096156
2025-03-06,0.010642026896977604,0.0,0.0,0.0,0.010642026896977604,1.248657648528231,5.8065405831363455
2025-03-07,-0.022855392444497132,0.0,0.0,-0.0,-0.022855392444497132,1.248657648528231,5.675334909377479
2025-03-10,-0.00955676765395141,1.0,0.0005,-0.01005676765395141,-0.00955676765395141,1.2361631212628603,5.621355397951159
2025-03-11,0.0028696432640941106,1.0,0.0,0.0028696432640941106,0.0028696432640941106,1.2397155631197174,5.6375098502758245
2025-03-12,-0.009832920916238946,1.0,0.0,-0.009832920916238946,-0.009832920916238946,1.2275852738524011,5.582348305752578
2025-03-13,0.016103407566578673,1.0,0.0,0.016103407566578673,0.016103407566578673,1.2475136062201349,5.672970843183625
2025-03-14,0.0009718848387357385,0.0,0.0005,-0.0005,0.0009718848387357385,1.246890005330239,5.67848699763595
2025-03-17,-0.009481387257932985,0.0,0.0,-0.0,-0.009481387257932985,1.246890005330239,5.6249014972419396
2025-03-18,0.012598920698391589,1.0,0.0005,0.012098920698391588,0.012598920698391589,1.2620676600985106,5.6962174940898525
2025-03-19,-0.003672780539676626,0.0,0.0005,-0.0005,-0.003672780539676626,1.2614367840006289,5.67533490937748
2025-03-20,0.003949424846026379,1.0,0.0005,0.003449424846026379,0.003949424846026379,1.2657955286442002,5.697793538219088
2025-03-21,0.014689995081504975,0.0,0.0005,-0.0005,0.014689995081504975,1.2651627890779518,5.782111899133193
2025-03-24,-0.0005452934495419914,0.0,0.0,-0.0,-0.0005452934495419914,1.2651627890779518,5.7789598108747215
2025-03-25,-0.011451422838089344,0.0,0.0,-0.0,-0.011451422838089344,1.2651627890779518,5.713159968479135
2025-03-26,-0.0038695460113173795,1.0,0.0005,-0.0043695460113173795,-0.0038695460113173795,1.2596466623206877,5.691095350669837
2025-03-27,-0.02035248766350939,1.0,0.0,-0.02035248766350939,-0.02035248766350939,1.2342688460138944,5.576438140267946
2025-03-28,0.010542689721061269,1.0,0.0,0.010542689721061269,0.010542689721061269,1.2473501946256438,5.6355397951142825
2025-03-31,-0.0012592697900266738,0.0,0.0005,-0.0005,-0.0012592697900266738,1.246726675421122,5.628447596532721
2025-04-01,0.007462460965495456,1.0,0.0005,0.006962460965495456,0.007462460965495456,1.2554372495619168,5.670606776989773
2025-04-02,-0.06687588098627575,0.0,0.0005,-0.0005,-0.06687588098627575,1.2548096878406403,5.303782505910184
2025-04-03,-0.05019520694214436,1.0,0.0005,-0.05069520694214436,-0.05019520694214436,1.1927823783224565,5.044129235618615
2025-04-04,-0.0006250976918658354,1.0,0.0,-0.0006250976918658354,-0.0006250976918658354,1.1920370058004612,5.0409771473601435
2025-04-07,-0.016073462971690013,1.0,0.0,-0.016073462971690013,-0.016073462971690013,1.1730300064895895,4.960598896769127
2025-04-08,0.08076341081780275,1.0,0.0,0.08076341081780275,0.08076341081780275,1.2716986940886743,5.377856579984259
2025-04-09,-0.04204688780071491,0.0,0.0005,-0.0005,-0.04204688780071491,1.2710630036774764,5.156422379826653
2025-04-10,0.008294382292991433,1.0,0.0005,0.007794382292991432,0.008294382292991433,1.2810088652172955,5.199369582348324
2025-04-11,0.007474271328647902,0.0,0.0005,-0.0005,0.007474271328647902,1.2803685208841107,5.238376674546905
2025-04-14,0.005400958294352926,0.0,0.0,0.0,0.005400958294352926,1.2803685208841107,5.266745468873146
2025-04-15,-0.030149984660983516,0.0,0.0,-0.0,-0.030149984660983516,1.2803685208841107,5.11032308904651
2025-04-16,-0.000154213894977378,0.0,0.0,-0.0,-0.000154213894977378,1.2803685208841107,5.109535066981893
2025-04-17,-0.024037367717344965,0.0,0.0,-0.0,-0.024037367717344965,1.2803685208841107,4.9881796690307505
2025-04-21,0.02365172890187573,1.0,0.0005,0.02315172890187573,0.02365172890187573,1.3103570696669844,5.107565011820349
2025-04-22,0.021822932268080474,0.0,0.0005,-0.0005,0.021822932268080474,1.3097020548994889,5.220252167060698
2025-04-23,0.017210840870146273,0.0,0.0,0.0,0.017210840870146273,1.3097020548994889,5.310874704491745
2025-04-24,0.008054131542204928,0.0,0.0,0.0,0.008054131542204928,1.3097020548994889,5.353821907013416
2025-04-25,-0.003095749505625491,0.0,0.0,-0.0,-0.003095749505625491,1.3097020548994889,5.337273443656443
2025-04-28,0.006915351622604151,0.0,0.0,0.0,0.006915351622604151,1.3097020548994889,5.37431048069348
2025-04-29,-0.001981433884980087,0.0,0.0,-0.0,-0.001981433884980087,1.3097020548994889,5.363672182821139
2025-04-30,0.010013605582244288,0.0,0.0,0.0,0.010013605582244288,1.3097020548994889,5.417651694247459
2025-05-01,0.013005963679134204,0.0,0.0,0.0,0.013005963679134204,1.3097020548994889,5.4885736800630625
2025-05-02,-0.006481837602190918,0.0,0.0,-0.0,-0.006481837602190918,1.3097020548994889,5.453112687155261
2025-05-05,-0.01067819683942693,0.0,0.0,-0.0,-0.01067819683942693,1.3097020548994889,5.395193065405851
2025-05-06,0.00930442127179303,0.0,0.0,0.0,0.00930442127179303,1.3097020548994889,5.445626477541391
2025-05-07,0.011724644291289906,0.0,0.0,0.0,0.011724644291289906,1.3097020548994889,5.509850275807742
2025-05-08,0.0003574875811137859,0.0,0.0,0.0,0.0003574875811137859,1.3097020548994889,5.511820330969287
2025-05-09,0.036428914926362646,0.0,0.0,0.0,0.036428914926362646,1.3097020548994889,5.71631205673761
2025-05-12,0.00289077219684545,0.0,0.0,0.0,0.00289077219684545,1.3097020548994889,5.732860520094583
2025-05-13,0.004183676072445936,0.0,0.0,0.0,0.004183676072445936,1.3097020548994889,5.756895193065426
2025-05-14,0.0025291376822619465,0.0,0.0,0.0,0.0025291376822619465,1.3097020548994889,5.771473601260855
2025-05-15,0.009309345932231082,0.0,0.0,0.0,0.009309345932231082,1.3097020548994889,5.825453112687176
2025-05-16,-0.00719525232934441,0.0,0.0,-0.0,-0.00719525232934441,1.3097020548994889,5.783687943262431
2025-05-20,-0.020092879920200125,0.0,0.0,-0.0,-0.020092879920200125,1.3097020548994889,5.668636721828232
2025-05-21,-0.0005562122092922112,0.0,0.0,-0.0,-0.0005562122092922112,1.3097020548994889,5.66548463356976
2025-05-22,-0.016690429519964405,0.0,0.0,-0.0,-0.016690429519964405,1.3097020548994889,5.571710007880242
2025-05-23,0.01522889882865202,0.0,0.0,0.0,0.01522889882865202,1.3097020548994889,5.657210401891275
2025-05-26,0.011770543704646226,0.0,0.0,0.0,0.011770543704646226,1.3097020548994889,5.724192277383789
2025-05-27,-0.0036547983998784944,0.0,0.0,-0.0,-0.0036547983998784944,1.3097020548994889,5.703309692671417
2025-05-28,0.0015876854196270652,0.0,0.0,0.0,0.0015876854196270652,1.3097020548994889,5.712371946414522
2025-05-29,-0.007129784814546889,0.0,0.0,-0.0,-0.007129784814546889,1.3097020548994889,5.671788810086705
2025-05-30,0.0038134904943021345,0.0,0.0,0.0,0.0038134904943021345,1.3097020548994889,5.693459416863695
2025-06-02,0.007171455366453474,0.0,0.0,0.0,0.007171455366453474,1.3097020548994889,5.734436564223821
2025-06-03,-0.002752169068949559,0.0,0.0,-0.0,-0.002752169068949559,1.3097020548994889,5.718676122931464
2025-06-04,-0.007399501276609228,0.0,0.0,-0.0,-0.007399501276609228,1.3097020548994889,5.676516942474412
2025-06-05,0.013444306054558154,0.0,0.0,0.0,0.013444306054558154,1.3097020548994889,5.7533490937746485
2025-06-06,-0.00013697691960333545,0.0,0.0,-0.0,-0.00013697691960333545,1.3097020548994889,5.752561071710031
2025-06-09,0.0050556915775118606,0.0,0.0,0.0,0.0050556915775118606,1.3097020548994889,5.78171788810089
2025-06-10,-0.0028663092032380874,0.0,0.0,-0.0,-0.0028663092032380874,1.3097020548994889,5.765169424743915
2025-06-11,-0.0013678021555283792,0.0,0.0,-0.0,-0.0013678021555283792,1.3097020548994889,5.757289204097738
2025-06-12,-0.01281097485155529,0.0,0.0,-0.0,-0.01281097485155529,1.3097020548994889,5.684003152088281
2025-06-13,0.009245908687059108,0.0,0.0,0.0,0.009245908687059108,1.3097020548994889,5.736800630417675
2025-06-16,-0.0031643419125948077,0.0,0.0,-0.0,-0.0031643419125948077,1.3097020548994889,5.718676122931464
2025-06-17,0.00350768955545295,0.0,0.0,0.0,0.00350768955545295,1.3097020548994889,5.73877068557922
2025-06-18,-0.0037144079024420376,0.0,0.0,-0.0,-0.0037144079024420376,1.3097020548994889,5.717494089834539
2025-06-19,0.004332136739134517,0.0,0.0,0.0,0.004332136739134517,1.3097020548994889,5.742316784869999
2025-06-20,0.009288415365255594,0.0,0.0,0.0,0.009288415365255594,1.3097020548994889,5.79590228526401
2025-06-23,0.010683717821659559,0.0,0.0,0.0,0.010683717821659559,1.3097020548994889,5.858156028368817
2025-06-24,-0.00020179598494475914,0.0,0.0,-0.0,-0.00020179598494475914,1.3097020548994889,5.85697399527189
2025-06-25,0.0018146995604092346,0.0,0.0,0.0,0.0018146995604092346,1.3097020548994889,5.867612293144228
2025-06-26,0.009224047754412911,0.0,0.0,0.0,0.009224047754412911,1.3097020548994889,5.921985815602859
2025-06-27,-0.0028650451020241483,0.0,0.0,-0.0,-0.0028650451020241483,1.3097020548994889,5.905043341213576
2025-06-30,0.0008670424393509961,0.0,0.0,0.0,0.0008670424393509961,1.3097020548994889,5.910165484633592
2025-07-02,0.007637427129211352,0.0,0.0,0.0,0.007637427129211352,1.3097020548994889,5.955476753349117
2025-07-03,-0.002517224434639897,0.0,0.0,-0.0,-0.002517224434639897,1.3097020548994889,5.940504334121379
2025-07-04,0.001391880920651509,0.0,0.0,0.0,0.001391880920651509,1.3097020548994889,5.948778565799865
2025-07-07,0.0005959278441547228,0.0,0.0,0.0,0.0005959278441547228,1.3097020548994889,5.952324665090645
2025-07-08,0.005939827389880266,0.0,0.0,0.0,0.005939827389880266,1.3097020548994889,5.9877856579984465
2025-07-09,0.00144660730119461,0.0,0.0,0.0,0.00144660730119461,1.3097020548994889,5.996453900709243
2025-07-10,-0.0018415000271370173,0.0,0.0,-0.0,-0.0018415000271370173,1.3097020548994889,5.985421591804593
2025-07-11,0.002760979929038427,0.0,0.0,0.0,0.002760979929038427,1.3097020548994889,6.001970055161568
2025-07-14,-0.002431891829184924,0.0,0.0,-0.0,-0.002431891829184924,1.3097020548994889,5.987391646966137
2025-07-15,0.00026319252685147855,0.0,0.0,0.0,0.00026319252685147855,1.3097020548994889,5.988967691095373
2025-07-16,0.010015466824531269,0.0,0.0,0.0,0.010015466824531269,1.3097020548994889,6.049251379038635
2025-07-17,-0.0014992017930392,0.0,0.0,-0.0,-0.0014992017930392,1.3097020548994889,6.04018912529553
2025-07-18,-0.0015667844959935027,0.0,0.0,-0.0,-0.0015667844959935027,1.3097020548994889,6.030732860520116
2025-07-21,-0.005371778393880882,0.0,0.0,-0.0,-0.005371778393880882,1.3097020548994889,5.998423955870786
2025-07-22,0.007395079674794422,0.0,0.0,0.0,0.007395079674794422,1.3097020548994889,6.042947202521693
2025-07-23,0.004229161448415626,0.0,0.0,0.0,0.004229161448415626,1.3097020548994889,6.068557919621771
2025-07-24,0.00872690499280569,0.0,0.0,0.0,0.00872690499280569,1.3097020548994889,6.121749408983472
2025-07-25,0.0019932493337850663,0.0,0.0,0.0,0.0019932493337850663,1.3097020548994889,6.133963750985048
2025-07-28,0.00038533171114517117,0.0,0.0,0.0,0.00038533171114517117,1.3097020548994889,6.136327817178901
2025-07-29,0.003013305694077277,0.0,0.0,0.0,0.003013305694077277,1.3097020548994889,6.15484633569742
2025-07-30,-0.0019223381544572686,0.0,0.0,-0.0,-0.0019223381544572686,1.3097020548994889,6.143026004728152
2025-07-31,-0.02060726110610592,0.0,0.0,-0.0,-0.02060726110610592,1.3097020548994889,6.01773049645392
2025-08-01,0.007826297039628798,0.0,0.0,0.0,0.007826297039628798,1.3097020548994889,6.065011820330988
2025-08-05,0.004925160626590312,0.0,0.0,0.0,0.004925160626590312,1.3097020548994889,6.094956658786464
2025-08-06,-0.0004526203562447801,0.0,0.0,-0.0,-0.0004526203562447801,1.3097020548994889,6.092198581560303
2025-08-07,0.008436694704465356,0.0,0.0,0.0,0.008436694704465356,1.3097020548994889,6.14381402679277
2025-08-08,0.0,0.0,0.0,0.0,0.0,1.3097020548994889,6.14381402679277
2025-08-11,0.010716438590655585,0.0,0.0,0.0,0.010716438590655585,1.3097020548994889,6.210007880220665
2025-08-12,0.002028269694513507,0.0,0.0,0.0,0.002028269694513507,1.3097020548994889,6.22261623325455
2025-08-13,0.004107300962289691,0.0,0.0,0.0,0.004107300962289691,1.3097020548994889,6.2482269503546295
2025-08-14,-0.0026520189818914266,0.0,0.0,-0.0,-0.0026520189818914266,1.3097020548994889,6.231678486997654
2025-08-15,-0.0005692059730573954,0.0,0.0,-0.0,-0.0005692059730573954,1.3097020548994889,6.228132387706875
2025-08-18,-0.0013927578853034689,0.0,0.0,-0.0,-0.0013927578853034689,1.3097020548994889,6.219464144996079
2025-08-19,-0.0020927806731304973,0.0,0.0,-0.0,-0.0020927806731304973,1.3097020548994889,6.206461780929884
2025-08-20,-0.0015247779320136923,0.0,0.0,-0.0,-0.0015247779320136923,1.3097020548994889,6.19700551615447
2025-08-21,0.009302981373944594,0.0,0.0,0.0,0.009302981373944594,1.3097020548994889,6.25492513790388
2025-08-22,-0.0015760444554657658,0.0,0.0,-0.0,-0.0015760444554657658,1.3097020548994889,6.245074862096157
2025-08-25,0.002268717887650708,0.0,0.0,0.0,0.002268717887650708,1.3097020548994889,6.259259259259278
2025-08-26,-0.0010076836726227371,0.0,0.0,-0.0,-0.0010076836726227371,1.3097020548994889,6.252955082742336
2025-08-27,0.0008188203147003352,0.0,0.0,0.0,0.0008188203147003352,1.3097020548994889,6.258077226162352
2025-08-28,-0.008662990090742595,0.0,0.0,-0.0,-0.008662990090742595,1.3097020548994889,6.20409771473603
2025-08-29,-0.0023525682444727695,0.0,0.0,-0.0,-0.0023525682444727695,1.3097020548994889,6.189519306540602
2025-09-02,0.005839432651559166,0.0,0.0,0.0,0.005839432651559166,1.3097020548994889,6.22576832151302
2025-09-03,0.010450863188202288,0.0,0.0,0.0,0.010450863188202288,1.3097020548994889,6.291174152876298
2025-09-04,-0.001002569167253193,0.0,0.0,-0.0,-0.001002569167253193,1.3097020548994889,6.284869976359356
2025-09-05,-0.0006898498282420282,0.0,0.0,-0.0,-0.0006898498282420282,1.3097020548994889,6.280535855003959
2025-09-08,0.006191582993171808,0.0,0.0,0.0,0.006191582993171808,1.3097020548994889,6.31954294720254
2025-09-09,0.0035475375620879867,0.0,0.0,0.0,0.0035475375620879867,1.3097020548994889,6.342001576044148
2025-09-10,0.006008256174005096,0.0,0.0,0.0,0.006008256174005096,1.3097020548994889,6.380220646178112
2025-09-11,0.0005556413169657752,0.0,0.0,0.0,0.0005556413169657752,1.3097020548994889,6.383766745468893
2025-09-12,,0.0,0.0,,,1.3097020548994889,6.383766745468893
