date,y_reg,pos,costs,r_strategy,r_bh,eq_strat,eq_bh
2020-07-17,0.027975978800370758,1.0,0.0,0.027975978800370758,0.027975978800370758,1.0283709814200908,1.0283709814200908
2020-07-20,-0.010475245566581772,1.0,0.0,-0.010475245566581772,-0.010475245566581772,1.01765476832935,1.01765476832935
2020-07-21,0.003516537002504505,1.0,0.0,0.003516537002504505,0.003516537002504505,1.021239688535965,1.021239688535965
2020-07-22,-0.026467296288418055,1.0,0.0,-0.026467296288418055,-0.026467296288418055,0.9945647983964228,0.9945647983964228
2020-07-23,-0.00954112812625999,1.0,0.0,-0.00954112812625999,-0.00954112812625999,0.9851206537660936,0.9851206537660936
2020-07-24,0.017685847266808614,1.0,0.0,0.017685847266808614,0.017685847266808614,1.002698327037237,1.002698327037237
2020-07-27,-0.01280655113334984,1.0,0.0,-0.01280655113334984,-0.01280655113334984,0.9899390949040165,0.9899390949040165
2020-07-28,0.011460112260218213,1.0,0.0,0.011460112260218213,0.011460112260218213,1.0013491635186185,1.0013491635186185
2020-07-29,0.0052217434832553524,1.0,0.0,0.0052217434832553524,0.0052217434832553524,1.0065916274766789,1.0065916274766789
2020-07-30,0.017688155687949517,1.0,0.0,0.017688155687949517,0.017688155687949517,1.024554776038856,1.024554776038856
2020-07-31,0.013416498871644502,1.0,0.0,0.013416498871644502,0.013416498871644502,1.038393338986971,1.038393338986971
2020-08-03,0.003705354765590484,1.0,0.0,0.003705354765590484,0.003705354765590484,1.0422480918973094,1.0422480918973094
2020-08-04,0.002474928770087851,1.0,0.0,0.002474928770087851,0.002474928770087851,1.0448307763472362,1.0448307763472362
2020-08-05,0.013157843443089273,1.0,0.0,0.013157843443089273,0.013157843443089273,1.058669339295351,1.058669339295351
2020-08-06,-0.011609513118284858,1.0,0.0,-0.011609513118284858,-0.011609513118284858,1.0464497725695783,1.0464497725695783
2020-08-07,-0.004282187502634627,1.0,0.0,-0.004282187502634627,-0.004282187502634627,1.0419782591935856,1.0419782591935856
2020-08-10,-0.01912289831839963,1.0,0.0,-0.01912289831839963,-0.01912289831839963,1.0222419242926528,1.0222419242926528
2020-08-11,0.024840677696984486,1.0,0.0,0.024840677696984486,0.024840677696984486,1.0479531262046102,1.0479531262046102
2020-08-12,0.0022779890072762285,1.0,0.0,0.0022779890072762285,0.0022779890072762285,1.05034307300902,1.05034307300902
2020-08-13,-0.0011750882668264944,1.0,0.0,-0.0011750882668264944,-0.0011750882668264944,1.0491095520777116,1.0491095520777116
2020-08-14,0.01154392888261178,1.0,0.0,0.01154392888261178,0.01154392888261178,1.0612905712743812,1.0612905712743812
2020-08-17,0.009579136668310152,1.0,0.0,0.009579136668310152,0.009579136668310152,1.0715056664867784,1.0715056664867784
2020-08-18,-0.0067500752623646226,1.0,0.0,-0.0067500752623646226,-0.0067500752623646226,1.0642972785444453,1.0642972785444453
2020-08-19,0.013776452977931408,1.0,0.0,0.013776452977931408,0.013776452977931408,1.0790609821910415,1.0790609821910415
2020-08-20,0.006906399826374104,1.0,0.0,0.006906399826374104,0.006906399826374104,1.0865392028370982,1.0865392028370982
2020-08-21,0.006224600115618665,1.0,0.0,0.006224600115618665,0.006224600115618665,1.0933235679592939,1.0933235679592939
2020-08-24,0.007831608624936195,1.0,0.0,0.007831608624936195,0.007831608624936195,1.1019196669493487,1.1019196669493487
2020-08-25,0.021114626102462394,1.0,0.0,0.021114626102462394,0.021114626102462394,1.125433659702413,1.125433659702413
2020-08-26,-0.0031217328656869413,1.0,0.0,-0.0031217328656869413,-0.0031217328656869413,1.1219258345540053,1.1219258345540053
2020-08-27,0.005072151797392749,0.0,0.0005,-0.0005,0.005072151797392749,1.121365011854087,1.1276308688613061
2020-08-28,0.008001268406375795,1.0,0.0005,0.007501268406375794,0.008001268406375795,1.129808299883129,1.1366895382006015
2020-08-31,0.016947278506143453,1.0,0.0,0.016947278506143453,0.016947278506143453,1.1491186425018585,1.1561174928687072
2020-09-01,0.009424640013310049,1.0,0.0,0.009424640013310049,0.009424640013310049,1.1599998673108252,1.1670649911340683
2020-09-02,-0.052030644690160055,0.0,0.0005,-0.0005,-0.052030644690160055,1.1594200123529894,1.1078945339603734
2020-09-03,-0.013415497441394782,1.0,0.0005,-0.013915497441394782,-0.013415497441394782,1.1433978429115241,1.093130830313777
2020-09-04,-0.049257513645115845,1.0,0.0,-0.049257513645115845,-0.049257513645115845,1.0884415251215387,1.040590548145864
2020-09-08,0.028952609160384182,1.0,0.0,0.028952609160384182,0.028952609160384182,1.1204153769245164,1.0711587387248478
2020-09-09,-0.02013808012825101,1.0,0.0,-0.02013808012825101,-0.02013808012825101,1.0980780327897752,1.0498034076015728
2020-09-10,-0.006964047378993226,1.0,0.0,-0.006964047378993226,-0.006964047378993226,1.0904575309098727,1.0425179246010332
2020-09-11,0.017265508340377485,1.0,0.0,0.017265508340377485,0.017265508340377485,1.1094483054359794,1.0606738108087272
2020-09-14,0.014074065806247149,1.0,0.0,0.014074065806247149,0.014074065806247149,1.1251731505849845,1.075707347159047
2020-09-15,-0.016074903187286063,1.0,0.0,-0.016074903187286063,-0.016074903187286063,1.1072306990688119,1.0585536967080411
2020-09-16,-0.01574546687074002,1.0,0.0,-0.01574546687074002,-0.01574546687074002,1.0899333694049058,1.0420168067226891
2020-09-17,-0.012844793961652275,1.0,0.0,-0.012844793961652275,-0.012844793961652275,1.0760229294654011,1.0287179091820216
2020-09-18,0.002395300370515444,1.0,0.0,0.002395300370515444,0.002395300370515444,1.0786034168744685,1.031184951044638
2020-09-21,0.018408268099480398,1.0,0.0,0.018408268099480398,0.018408268099480398,1.0986425144105088,1.0503430730090202
2020-09-22,-0.031010236742560208,1.0,0.0,-0.031010236742560208,-0.031010236742560208,1.0650961780926307,1.0182715287950044
2020-09-23,0.004645462041286863,1.0,0.0,0.004645462041286863,0.004645462041286863,1.0700555523319324,1.0230128748747205
2020-09-24,0.02298266722034154,1.0,0.0,0.02298266722034154,0.02298266722034154,1.0949330637599741,1.0467967003315088
2020-09-25,0.020556157882301706,1.0,0.0,0.020556157882301706,0.020556157882301706,1.1176736090523818,1.0685375067458174
2020-09-28,-0.004519577430237831,1.0,0.0,-0.004519577430237831,-0.004519577430237831,1.1126335945815469,1.0637190656078945
2020-09-29,0.0068257185503082535,1.0,0.0,0.0068257185503082535,0.0068257185503082535,1.1202540964614494,1.071004548608434
2020-09-30,0.015747794593952917,1.0,0.0,0.015747794593952917,0.015747794593952917,1.1380352675145555,1.0880040089430267
2020-10-01,-0.028534349316172852,0.0,0.0005,-0.0005,-0.028534349316172852,1.1374663921115007,1.0573972708349395
2020-10-02,0.02110201482394332,1.0,0.0005,0.020602014823943318,0.02110201482394332,1.1611435527293426,1.0799475753604195
2020-10-05,-0.01800812187972839,1.0,0.0,-0.01800812187972839,-0.01800812187972839,1.1404206880675538,1.0606738108087272
2020-10-06,0.017151101401619205,1.0,0.0,0.017151101401619205,0.017151101401619205,1.1601488552255768,1.0790224346619381
2020-10-07,0.005308832592146711,1.0,0.0,0.005308832592146711,0.005308832592146711,1.1663242688947897,1.0847660164983424
2020-10-08,0.015164629722688495,1.0,0.0,0.015164629722688495,0.015164629722688495,1.1841459325039279,1.1013414540127977
2020-10-09,0.030403555101380864,1.0,0.0,0.030403555101380864,0.030403555101380864,1.220701065767323,1.1353403746819828
2020-10-12,-3.395297513267283e-05,0.0,0.0005,-0.0005,-3.395297513267283e-05,1.2200908677966444,1.1353018271528794
2020-10-13,-0.008387651888190573,0.0,0.0,-0.0,-0.008387651888190573,1.2200908677966444,1.125819134993447
2020-10-14,-0.00673356948496699,0.0,0.0,-0.0,-0.00673356948496699,1.2200908677966444,1.1182638192891836
2020-10-15,-0.005495943734858389,1.0,0.0005,-0.0059959437348583895,-0.005495943734858389,1.2127971597848854,1.1121347621617454
2020-10-16,-0.016459982666557803,1.0,0.0,-0.016459982666557803,-0.016459982666557803,1.1929979340298447,1.0939788759540514
2020-10-19,0.002147094329006428,1.0,0.0,0.002147094329006428,0.002147094329006428,1.1955621649662727,1.0963302752293578
2020-10-20,-0.0007738304993959688,1.0,0.0,-0.0007738304993959688,-0.0007738304993959688,1.1946373603662492,1.0954822295890831
2020-10-21,-3.518834562357422e-05,1.0,0.0,-3.518834562357422e-05,-3.518834562357422e-05,1.194595323793521,1.0954436820599798
2020-10-22,0.0019686429756704165,1.0,0.0,0.0019686429756704165,0.0019686429756704165,1.1969493718663071,1.0976023436897693
2020-10-23,-0.015109715814265623,1.0,0.0,-0.015109715814265623,-0.015109715814265623,1.1789997553113127,1.0811425487626243
2020-10-26,0.007777994568670778,1.0,0.0,0.007777994568670778,0.007777994568670778,1.1882057647388158,1.0895844576362654
2020-10-27,-0.03976710169441418,1.0,0.0,-0.03976710169441418,-0.03976710169441418,1.1418814615922022,1.0471050805643356
2020-10-28,0.017335251543359836,1.0,0.0,0.017335251543359836,0.017335251543359836,1.1618488336381565,1.0654151568884433
2020-10-29,-0.025689889618281503,1.0,0.0,-0.025689889618281503,-0.025689889618281503,1.1323811961556012,1.038393338986971
2020-10-30,0.0022248600100122913,1.0,0.0,0.0022248600100122913,0.0022248600100122913,1.1349033905193007,1.0407061907331743
2020-11-02,0.01714967760794821,1.0,0.0,0.01714967760794821,0.01714967760794821,1.154534469983428,1.0587078868244546
2020-11-03,0.04367101794155256,1.0,0.0,0.04367101794155256,0.04367101794155256,1.2060713081483538,1.1059671575052041
2020-11-04,0.025736841156330015,1.0,0.0,0.025736841156330015,0.025736841156330015,1.2375146645491402,1.1348007092745356
2020-11-05,0.0007470288972188503,0.0,0.0005,-0.0005,0.0007470288972188503,1.2368960618804203,1.13564875491481
2020-11-06,-0.020645452078936744,0.0,0.0,-0.0,-0.020645452078936744,1.2368960618804203,1.1124431423945724
2020-11-09,-0.01807709930806962,0.0,0.0,-0.0,-0.01807709930806962,1.2368960618804203,1.0925140698481228
2020-11-10,0.022123097738378752,0.0,0.0,0.0,0.022123097738378752,1.2368960618804203,1.1169532032996683
2020-11-11,-0.0047045887243092385,1.0,0.0005,-0.005204588724309239,-0.0047045887243092385,1.230475249920149,1.1117107393416081
2020-11-12,0.008734282995769406,1.0,0.0,0.008734282995769406,0.008734282995769406,1.2412696409822086,1.1214632642047644
2020-11-13,0.007772281605933004,1.0,0.0,0.007772281605933004,0.007772281605933004,1.2509547270339378,1.1302135533112327
2020-11-16,-0.0031769374424037372,1.0,0.0,-0.0031769374424037372,-0.0031769374424037372,1.2469868283431413,1.1266286331046178
2020-11-17,-0.007417871164728044,1.0,0.0,-0.007417871164728044,-0.007417871164728044,1.2377710636419363,1.118302366818287
2020-11-18,0.0077941646781052604,1.0,0.0,0.0077941646781052604,0.0077941646781052604,1.2474561496936656,1.1270526559247551
2020-11-19,-0.0068639160279282,1.0,0.0,-0.0068639160279282,-0.0068639160279282,1.238923034229587,1.1193431501040783
2020-11-20,3.4437040484108845e-05,1.0,0.0,3.4437040484108845e-05,3.4437040484108845e-05,1.2389656998069072,1.1193816976331816
2020-11-23,0.013952283234605959,1.0,0.0,0.013952283234605959,0.013952283234605959,1.256373255353628,1.1351090895073626
2020-11-24,0.00612782281445665,1.0,0.0,0.00612782281445665,0.00612782281445665,1.2640957248486189,1.1420861922750751
2020-11-25,0.009172064502386107,1.0,0.0,0.009172064502386107,0.009172064502386107,1.2757434274570865,1.152609667720299
2020-11-27,0.002037987441761449,1.0,0.0,0.002037987441761449,0.002037987441761449,1.2783460276736307,1.1549610669956056
2020-11-30,0.012734801007859153,1.0,0.0,0.012734801007859153,0.012734801007859153,1.2947296093646616,1.1697633181713052
2020-12-01,0.0012843524842693767,1.0,0.0,0.0012843524842693767,0.0012843524842693767,1.2963935668801574,1.1712666718063374
2020-12-02,0.0014141715477361122,1.0,0.0,0.0014141715477361122,0.0014141715477361122,1.2982281867049341,1.1729242155577828
2020-12-03,0.004066912788160347,1.0,0.0,0.004066912788160347,0.004066912788160347,1.3035187182926629,1.1777041091666025
2020-12-04,0.005646505528883403,1.0,0.0,0.005646505528883403,0.005646505528883403,1.310899863169091,1.184372831701488
2020-12-07,0.0033791499808835546,1.0,0.0,0.0033791499808835546,0.0033791499808835546,1.3153370832104119,1.18838177472824
2020-12-08,-0.02290126332941784,1.0,0.0,-0.02290126332941784,-0.02290126332941784,1.285556510240777,1.1614755994140775
2020-12-09,0.004007755890218727,1.0,0.0,0.004007755890218727,0.004007755890218727,1.2907190450965447,1.166139850435587
2020-12-10,-0.0022171857453934405,1.0,0.0,-0.0022171857453934405,-0.0022171857453934405,1.2878604514160785,1.1635571659856605
2020-12-11,0.007229066455404554,1.0,0.0,0.007229066455404554,0.007229066455404554,1.2972042128492447,1.1719990748593017
2020-12-14,0.010632655418713268,1.0,0.0,0.010632655418713268,0.010632655418713268,1.3110705254783728,1.1845270218179016
2020-12-15,0.005484622767350809,1.0,0.0,0.005484622767350809,0.005484622767350809,1.3182810080455194,1.1910415542363737
2020-12-16,0.006516362295330397,1.0,0.0,0.006516362295330397,0.006516362295330397,1.3268994546642388,1.1988281551152573
2020-12-17,-0.003027085041017978,1.0,0.0,-0.003027085041017978,-0.003027085041017978,1.3228888903961218,1.1952046873795392
2020-12-18,-0.003683483437152897,1.0,0.0,-0.003683483437152897,-0.003683483437152897,1.318025014581597,1.1908102690617535
2020-12-21,0.0027154603871490683,1.0,0.0,0.0027154603871490683,0.0027154603871490683,1.32160892307651,1.1940482615064378
2020-12-22,-0.0050488812021968615,1.0,0.0,-0.0050488812021968615,-0.0050488812021968615,1.3149530930145286,1.1880348469663098
2020-12-23,0.00440301151624309,1.0,0.0,0.00440301151624309,0.00440301151624309,1.3207556115301022,1.1932773109243702
2020-12-24,0.010028368949871249,1.0,0.0,0.010028368949871249,0.010028368949871249,1.334067271654065,1.205304140004626
2020-12-28,0.000895083494322645,1.0,0.0,0.000895083494322645,0.000895083494322645,1.3352619078190358,1.2063834708195207
2020-12-29,3.1952454750163e-05,1.0,0.0,3.1952454750163e-05,3.1952454750163e-05,1.3353045733963564,1.206422018348624
2020-12-30,0.002457278126891703,1.0,0.0,0.002457278126891703,0.002457278126891703,1.3385898228500268,1.2093901780895848
2020-12-31,-0.014220607189549749,1.0,0.0,-0.014220607189549749,-0.014220607189549749,1.3196889720970923,1.1923136226967854
2021-01-04,0.008210358918194898,1.0,0.0,0.008210358918194898,0.008210358918194898,1.3305686943137927,1.2021432426181484
2021-01-05,-0.01394920906919252,1.0,0.0,-0.01394920906919252,-0.01394920906919252,1.3121371649113829,1.1854907100454866
2021-01-06,0.02390398465888784,1.0,0.0,0.02390398465888784,0.02390398465888784,1.3438803544377556,1.2141700716984045
2021-01-07,0.012775997503708074,1.0,0.0,0.012775997503708074,0.012775997503708074,1.361159913252515,1.229781820985275
2021-01-08,-0.014555470486774837,1.0,0.0,-0.014555470486774837,-0.014555470486774837,1.3414910821078136,1.212011410068615
2021-01-11,-0.0015914953863695644,1.0,0.0,-0.0015914953863695644,-0.0015914953863695644,1.3393578032417939,1.2100840336134457
2021-01-12,0.006730611477534357,1.0,0.0,0.006730611477534357,0.006730611477534357,1.3484029056337175,1.2182561097833635
2021-01-13,-0.005361773025462388,1.0,0.0,-0.005361773025462388,-0.005361773025462388,1.341192423066571,1.2117415773648916
2021-01-14,-0.007952645672330727,1.0,0.0,-0.007952645672330727,-0.007952645672330727,1.330568694313793,1.2021432426181489
2021-01-15,0.014484471799893239,1.0,0.0,0.014484471799893239,0.014484471799893239,1.3499815319945723,1.2196823683601887
2021-01-19,0.02299454621082845,1.0,0.0,0.02299454621082845,0.02299454621082845,1.3813833969023814,1.2480533497802795
2021-01-20,0.007967679393138392,1.0,0.0,0.007967679393138392,0.007967679393138392,1.3924337814283638,1.2580371598180562
2021-01-21,-0.002884410849426464,1.0,0.0,-0.002884410849426464,-0.002884410849426464,1.3884232171602469,1.254413692082338
2021-01-22,0.008232262304071238,1.0,0.0,0.008232262304071238,0.008232262304071238,1.3999002574594328,1.2647829774111488
2021-01-25,0.0014618549885205613,1.0,0.0,0.0014618549885205613,0.0014618549885205613,1.4019482051708114,1.2666332588081108
2021-01-26,-0.02827261552217471,1.0,0.0,-0.02827261552217471,-0.02827261552217471,1.3628665363453312,1.2313237221494109
2021-01-27,0.0058993538240218,1.0,0.0,0.0058993538240218,0.0058993538240218,1.3709303304588856,1.2386092051499507
2021-01-28,-0.021262674346810048,1.0,0.0,-0.021262674346810048,-0.021262674346810048,1.3420884001902995,1.2125510754760627
2021-01-29,0.02468020648905085,1.0,0.0,0.02468020648905085,0.02468020648905085,1.3756235439641291,1.2428494333513231
2021-02-01,0.016182478963235894,1.0,0.0,0.016182478963235894,0.016182478963235894,1.398065637634656,1.2631254336597033
2021-02-02,-0.003975175708299717,1.0,0.0,-0.003975175708299717,-0.003975175708299717,1.392519112583005,1.2581142548762634
2021-02-03,0.011757316150354732,1.0,0.0,0.011757316150354732,0.011757316150354732,1.408988025428677,1.27299360111017
2021-02-04,0.0033857347941309247,1.0,0.0,0.0033857347941309247,0.0033857347941309247,1.4137665700885613,1.2773109243697491
2021-02-05,0.00667731900175306,1.0,0.0,0.00667731900175306,0.00667731900175306,1.4232383282536887,1.2858684758307004
2021-02-08,-0.0002098667353937527,1.0,0.0,-0.0002098667353937527,-0.0002098667353937527,1.4229396692124459,1.2855986431269768
2021-02-09,-0.002281392638412293,1.0,0.0,-0.002281392638412293,-0.002281392638412293,1.419697085336096,1.2826690309151196
2021-02-10,0.005484556627913661,1.0,0.0,0.005484556627913661,0.005484556627913661,1.427504885985728,1.289723228741039
2021-02-11,0.005573535731192325,1.0,0.0,0.005573535731192325,0.005573535731192325,1.4354833489446415,1.296931616683372
2021-02-12,-0.0027083752920725175,1.0,0.0,-0.0027083752920725175,-0.0027083752920725175,1.431600781408486,1.293423791534964
2021-02-16,-0.004809784169010312,1.0,0.0,-0.004809784169010312,-0.004809784169010312,1.4247316234599026,1.287217639349319
2021-02-17,-0.004381759711816011,1.0,0.0,-0.004381759711816011,-0.004381759711816011,1.4185024491711251,1.281589700100225
2021-02-18,-0.0043708339490337285,1.0,0.0,-0.0043708339490337285,-0.0043708339490337285,1.412315940459668,1.2760003083802343
2021-02-19,-0.026261724096994198,1.0,0.0,-0.026261724096994198,-0.026261724096994198,1.3757088751187703,1.2429265284095303
2021-02-22,-0.0029817390708824745,1.0,0.0,-0.0029817390708824745,-0.0029817390708824745,1.3716129796960126,1.2392259656156055
2021-02-23,0.008209336542648703,1.0,0.0,0.008209336542648703,0.008209336542648703,1.382919357685917,1.2494410608280022
2021-02-24,-0.035484757886493024,1.0,0.0,-0.035484757886493024,-0.035484757886493024,1.3347072553138721,1.2058823529411777
2021-02-25,0.004178834414212891,1.0,0.0,0.004178834414212891,0.004178834414212891,1.3402964459428437,1.210932079253721
2021-02-26,0.02963853594338448,1.0,0.0,0.02963853594338448,0.02963853594338448,1.3806154165106157,1.2473594942564195
2021-03-01,-0.016168828388042816,1.0,0.0,-0.016168828388042816,-0.016168828388042816,1.3584719818813313,1.2273533266517629
2021-03-02,-0.029449511731557607,1.0,0.0,-0.029449511731557607,-0.029449511731557607,1.3190489884372878,1.1917354097602357
2021-03-03,-0.016502347555351262,1.0,0.0,-0.016502347555351262,-0.016502347555351262,1.2974602063131686,1.1722303600339232
2021-03-04,0.014948546906083337,1.0,0.0,0.014948546906083337,0.014948546906083337,1.317001040725909,1.1898851283632732
2021-03-05,-0.028722686935868304,1.0,0.0,-0.028722686935868304,-0.028722686935868304,1.279711326147885,1.1561945879269153
2021-03-08,0.038683281818360685,1.0,0.0,0.038683281818360685,0.038683281818360685,1.3301847041179105,1.201796314856219
2021-03-09,-0.002858750842764795,1.0,0.0,-0.002858750842764795,-0.002858750842764795,1.3263874677363956,1.1983655847660177
2021-03-10,0.02277017540415294,1.0,0.0,0.02277017540415294,0.02277017540415294,1.3569360210977974,1.2259656156040413
2021-03-11,-0.008145269973954867,1.0,0.0,-0.008145269973954867,-0.008145269973954867,1.3459283021491357,1.216020353095368
2021-03-12,0.010626154315155074,1.0,0.0,0.010626154315155074,0.010626154315155074,1.3603066017061085,1.2290108704032086
2021-03-15,0.005473809823251982,1.0,0.0,0.005473809823251982,0.005473809823251982,1.3677730777371773,1.235756687996301
2021-03-16,0.004109083107027532,1.0,0.0,0.004109083107027532,0.004109083107027532,1.3734049339434693,1.2408449618379478
2021-03-17,-0.03110955358465,0.0,0.0005,-0.0005,-0.03110955358465,1.3727184031235053,1.2028370981420107
2021-03-18,0.0035189901632644116,1.0,0.0005,0.0030189901632644116,0.0035189901632644116,1.3768688884642781,1.207077326343383
2021-03-19,0.0173174094195227,1.0,0.0,0.0173174094195227,0.0173174094195227,1.400920344106801,1.2281628247629344
2021-03-22,-0.0043722448274856164,1.0,0.0,-0.0043722448274856164,-0.0043722448274856164,1.394808548248829,1.2228047182175639
2021-03-23,-0.01700910516227394,1.0,0.0,-0.01700910516227394,-0.01700910516227394,1.371284729658793,1.2021817901472531
2021-03-24,-0.0017329914478391893,1.0,0.0,-0.0017329914478391893,-0.0017329914478391893,1.3689103629226023,1.2001002235756704
2021-03-25,0.014888770721611318,1.0,0.0,0.014888770721611318,0.014888770721611318,1.3894442382152132,1.218101919666951
2021-03-26,-0.00028485069268892343,1.0,0.0,-0.00028485069268892343,-0.00028485069268892343,1.3890485104258483,1.2177549919050206
2021-03-29,-0.005045787644018939,1.0,0.0,-0.005045787644018939,-0.005045787644018939,1.3820573194803982,1.2116259347775822
2021-03-30,0.015186968030459005,1.0,0.0,0.015186968030459005,0.015186968030459005,1.4032067713342435,1.2301672962763102
2021-03-31,0.01690268608692829,1.0,0.0,0.01690268608692829,0.01690268608692829,1.4271263177136446,1.2511371521085513
2021-04-01,0.019768192003263404,1.0,0.0,0.019768192003263404,0.019768192003263404,1.4556187185479312,1.2761159509675444
2021-04-05,-0.0006950005567801158,0.0,0.0005,-0.0005,-0.0006950005567801158,1.4548910911106756,1.2752293577981664
2021-04-06,0.002415314259151531,0.0,0.0,0.0,0.002415314259151531,1.4548910911106756,1.2783131601264373
2021-04-07,0.010379574212382154,0.0,0.0,0.0,0.010379574212382154,1.4548910911106756,1.2916506051962082
2021-04-08,0.006039977302311998,0.0,0.0,0.0,0.006039977302311998,1.4548910911106756,1.2994757536041954
2021-04-09,-0.0013060644796407015,0.0,0.0,-0.0,-0.0013060644796407015,1.4548910911106756,1.2977796623236464
2021-04-12,0.01160554612030789,0.0,0.0,0.0,0.01160554612030789,1.4548910911106756,1.3129288412612765
2021-04-13,-0.012080901903346255,0.0,0.0,-0.0,-0.012080901903346255,1.4548910911106756,1.2971629018579922
2021-04-14,0.015041869165381671,0.0,0.0,0.0,0.015041869165381671,1.4548910911106756,1.3168221417007184
2021-04-15,0.0011702409105900607,1.0,0.0005,0.0006702409105900607,0.0011702409105900607,1.455866545498593,1.3183640428648538
2021-04-16,-0.009193913988171723,1.0,0.0,-0.009193913988171723,-0.009193913988171723,1.442542776347368,1.3062986662554945
2021-04-19,-0.007315408240020385,1.0,0.0,-0.007315408240020385,-0.007315408240020385,1.432028492065091,1.2967774265669585
2021-04-20,0.008524544739576688,1.0,0.0,0.008524544739576688,0.008524544739576688,1.4442880624023207,1.3078791149487332
2021-04-21,-0.01212783030467,1.0,0.0,-0.01212783030467,-0.01212783030467,1.426877769805352,1.292113175545449
2021-04-22,0.012510909975191366,1.0,0.0,0.012510909975191366,0.012510909975191366,1.4448414457855985,1.3083802328270773
2021-04-23,0.006490001489219565,1.0,0.0,0.006490001489219565,0.006490001489219565,1.4542489633013198,1.316899236758925
2021-04-26,-0.004341583281269299,1.0,0.0,-0.004341583281269299,-0.004341583281269299,1.4479489063224653,1.311194202451624
2021-04-27,-0.003386589410619481,1.0,0.0,-0.003386589410619481,-0.003386589410619481,1.4430535917780856,1.3067612366047348
2021-04-28,0.0035923598009865968,1.0,0.0,0.0035923598009865968,0.0035923598009865968,1.4482468819903844,1.311464035155348
2021-04-29,-0.006576157934902984,1.0,0.0,-0.006576157934902984,-0.006576157934902984,1.4387542285695432,1.302867936165293
2021-04-30,-0.005339832914267156,1.0,0.0,-0.005339832914267156,-0.005339832914267156,1.4310919971087745,1.2959293809266839
2021-05-03,-0.018159669412871823,1.0,0.0,-0.018159669412871823,-0.018159669412871823,1.40533838581008,1.2726081258191362
2021-05-04,-0.0033678749008255334,1.0,0.0,-0.0033678749008255334,-0.0033678749008255334,1.4006133430759395,1.2683293500886603
2021-05-05,0.00750904306488462,1.0,0.0,0.00750904306488462,0.00750904306488462,1.4111701953107763,1.2778891373062997
2021-05-06,0.008081641077839272,1.0,0.0,0.008081641077839272,0.008081641077839272,1.4226209745493692,1.2882584226351101
2021-05-07,-0.02557870223919006,1.0,0.0,-0.02557870223919006,-0.02557870223919006,1.3866936225888766,1.2557243080718536
2021-05-10,-0.0013823400606920969,1.0,0.0,-0.0013823400606920969,-0.0013823400606920969,1.3847780647236845,1.2539896692622015
2021-05-11,-0.026223863358230678,1.0,0.0,-0.026223863358230678,-0.026223863358230678,1.3489358486683112,1.2215326497571515
2021-05-12,0.007701655408374812,1.0,0.0,0.007701655408374812,0.007701655408374812,1.3593649970454684,1.2309767943874808
2021-05-13,0.021836619454164537,1.0,0.0,0.021836619454164537,0.021836619454164537,1.3893754036001458,1.258152802405367
2021-05-14,-0.006084837459010255,1.0,0.0,-0.006084837459010255,-0.006084837459010255,1.3809469489933004,1.250520391642897
2021-05-17,-0.006773605843868769,1.0,0.0,-0.006773605843868769,-0.006773605843868769,1.3716245673826986,1.242078482769256
2021-05-18,0.0011476250077039113,1.0,0.0,0.0011476250077039113,0.0011476250077039113,1.373199581627412,1.243504741346081
2021-05-19,0.019158732825197068,1.0,0.0,0.019158732825197068,0.019158732825197068,1.399761984024743,1.2675583995065929
2021-05-20,-0.0055501484263233624,1.0,0.0,-0.0055501484263233624,-0.0055501484263233624,1.392014616658855,1.260542749209777
2021-05-21,0.016679183362210984,1.0,0.0,0.016679183362210984,0.016679183362210984,1.415426990566759,1.2817438902166383
2021-05-24,0.001382461000368488,1.0,0.0,0.001382461000368488,0.001382461000368488,1.4173851163845108,1.2835170765553938
2021-05-25,0.003477742974527666,1.0,0.0,0.003477742974527666,0.003477742974527666,1.4223229988814505,1.2879885899313865
2021-05-26,-0.003748074131839679,1.0,0.0,-0.003748074131839679,-0.003748074131839679,1.4170020048114724,1.2831701487934635
2021-05-27,0.0031493254985583545,1.0,0.0,0.0031493254985583545,0.0031493254985583545,1.4214716398302543,1.2872176393493189
2021-05-28,-0.003329586878045952,1.0,0.0,-0.003329586878045952,-0.003329586878045952,1.4167465970961135,1.2829388636188432
2021-06-01,0.001951102991795995,1.0,0.0,0.001951102991795995,0.001951102991795995,1.4195135140125026,1.2854444530105635
2021-06-02,-0.010460251826468162,1.0,0.0,-0.010460251826468162,-0.010460251826468162,1.404742434474243,1.272068460411689
2021-06-03,0.0168273201325253,1.0,0.0,0.0168273201325253,0.0168273201325253,1.4285804879077455,1.2936550767095845
2021-06-04,0.0029753071636545734,1.0,0.0,0.0029753071636545734,0.0029753071636545734,1.432837283163728,1.297509829619923
2021-06-07,0.00047522871275754457,1.0,0.0,0.00047522871275754457,0.00047522871275754457,1.4335183704046852,1.298126590085577
2021-06-08,0.00023752969232825201,1.0,0.0,0.00023752969232825201,0.00023752969232825201,1.4338589140251639,1.2984349703184042
2021-06-09,0.010366459732169186,1.0,0.0,0.010366459732169186,0.010366459732169186,1.448800265373663,1.3119651530336924
2021-06-10,0.0026115421465336456,1.0,0.0,0.0026115421465336456,0.0026115421465336456,1.4525888131514875,1.3153958831238939
2021-06-11,0.009537075568124666,1.0,0.0,0.009537075568124666,0.009537075568124666,1.4665085336385504,1.3280009251407006
2021-06-14,-0.0065524354593130075,1.0,0.0,-0.0065524354593130075,-0.0065524354593130075,1.4569307443125896,1.319327731092439
2021-06-15,-0.0036588797825768374,1.0,0.0,-0.0036588797825768374,-0.0036588797825768374,1.4516097502426115,1.3145092899545159
2021-06-16,0.012617636617555295,1.0,0.0,0.012617636617555295,0.012617636617555295,1.4700416737010158,1.3312003700562813
2021-06-17,-0.007878291253658777,1.0,0.0,-0.007878291253658777,-0.007878291253658777,1.4585057585573031,1.3207539896692642
2021-06-18,0.005036474059128624,1.0,0.0,0.005036474059128624,0.005036474059128624,1.465870014350153,1.3274227122041498
2021-06-21,0.009278461777933037,1.0,0.0,0.009278461777933037,0.009278461777933037,1.479534327121857,1.3397964690463362
2021-06-22,0.0004889905319567756,1.0,0.0,0.0004889905319567756,0.0004889905319567756,1.480257982315374,1.3404517770410938
2021-06-23,0.006163745271424475,1.0,0.0,0.006163745271424475,0.006163745271424475,1.4894100921157367,1.3487394957983214
2021-06-24,-0.001229713460175908,1.0,0.0,-0.001229713460175908,-0.001229713460175908,1.487579670155664,1.3470819520468758
2021-06-25,0.012088262448238272,1.0,0.0,0.012088262448238272,0.012088262448238272,1.5056710499935901,1.3634646519158145
2021-06-28,0.0036122517054466975,1.0,0.0,0.0036122517054466975,0.0036122517054466975,1.511119747921248,1.3683987356410476
2021-06-29,-0.0015787548034030489,1.0,0.0,-0.0015787548034030489,-0.0015787548034030489,1.5087359425778977,1.3662400740112581
2021-06-30,0.00039492243108482346,1.0,0.0,0.00039492243108482346,0.00039492243108482346,1.5093318939137352,1.3667797394187056
2021-07-01,0.011413312154925042,1.0,0.0,0.011413312154925042,0.011413312154925042,1.526657050605584,1.382468583763783
2021-07-02,0.004312570155042753,1.0,0.0,0.004312570155042753,0.004312570155042753,1.533255083252357,1.3884434507748076
2021-07-06,0.0021077745829432924,1.0,0.0,0.0021077745829432924,0.0021077745829432924,1.536490247646904,1.391373062986665
2021-07-07,-0.0060579299363442635,1.0,0.0,-0.0060579299363442635,-0.0060579299363442635,1.527210433988862,1.382969701642127
2021-07-08,0.006224144131419101,1.0,0.0,0.006224144131419101,0.006224144131419101,1.5367456553622627,1.3916043481612852
2021-07-09,0.003898101503766811,1.0,0.0,0.003898101503766811,0.003898101503766811,1.5427477366731983,1.3970395497648624
2021-07-12,0.0,1.0,0.0,0.0,0.0,1.5427477366731983,1.3970395497648624
2021-07-13,0.0017918928556496538,1.0,0.0,0.0017918928556496538,0.0017918928556496538,1.5455146535895867,1.3995451391565823
2021-07-14,-0.007048219451452386,1.0,0.0,-0.007048219451452386,-0.007048219451452386,1.5346598256868313,1.3897155192352193
2021-07-15,-0.0081323903888498,1.0,0.0,-0.0081323903888498,-0.0081323903888498,1.5222299835393625,1.3784596407370313
2021-07-16,-0.008227263613804086,1.0,0.0,-0.008227263613804086,-0.008227263613804086,1.5097575734393336,1.3671652147097395
2021-07-19,0.011549479430646919,1.0,0.0,0.011549479430646919,0.011549479430646919,1.5272955698939819,1.3830467967003341
2021-07-20,0.0076907438140083025,1.0,0.0,0.0076907438140083025,0.0076907438140083025,1.5390868927530534,1.3937244622619716
2021-07-21,0.006588492634056672,1.0,0.0,0.006588492634056672,0.006588492634056672,1.5492606334148518,1.4029373217176804
2021-07-22,0.011609773234710484,1.0,0.0,0.011609773234710484,0.011609773234710484,1.5673520132527774,1.4193200215866186
2021-07-23,0.000787305420135338,1.0,0.0,0.000787305420135338,0.000787305420135338,1.5685864838770125,1.420437899930617
2021-07-26,-0.011079085108937655,1.0,0.0,-0.011079085108937655,-0.011079085108937655,1.5513038951377234,1.404787603114643
2021-07-27,0.0038342555122185583,1.0,0.0,0.0038342555122185583,0.0038342555122185583,1.5572634084960988,1.4101842571891166
2021-07-28,0.0017752049560930741,1.0,0.0,0.0017752049560930741,0.0017752049560930741,1.5600303254124877,1.4126898465808366
2021-07-29,-0.005225372672094733,1.0,0.0,-0.005225372672094733,-0.005225372672094733,1.5518998464735607,1.4053272685220901
2021-07-30,8.228533817067499e-05,1.0,0.0,8.228533817067499e-05,8.228533817067499e-05,1.5520275503312404,1.4054429111094002
2021-08-02,0.006043140579645751,1.0,0.0,0.006043140579645751,0.006043140579645751,1.5614350678469617,1.4139619150412484
2021-08-03,0.0014438468761805681,1.0,0.0,0.0014438468761805681,0.0014438468761805681,1.5636911693326325,1.4160049340837277
2021-08-04,0.006322866073766327,1.0,0.0,0.006322866073766327,0.006322866073766327,1.5736095022790721,1.4249865083648166
2021-08-05,-0.004391917269440143,1.0,0.0,-0.004391917269440143,-0.004391917269440143,1.5667134939643805,1.4187418086500683
2021-08-06,0.0018458703902841309,1.0,0.0,0.0018458703902841309,0.0018458703902841309,1.5696081147384484,1.4213630406290982
2021-08-09,-0.005138883204255737,1.0,0.0,-0.005138883204255737,-0.005138883204255737,1.5615627717046412,1.4140775576285585
2021-08-10,-0.0017188463409254868,1.0,0.0,-0.0017188463409254868,-0.0017188463409254868,1.5588809906933723,1.4116490632950451
2021-08-11,0.0035980086243709553,1.0,0.0,0.0035980086243709553,0.0035980086243709553,1.5644999604312693,1.416737337136692
2021-08-12,0.003503772172784234,1.0,0.0,0.003503772172784234,0.003503772172784234,1.5699912263114868,1.4217099683910286
2021-08-13,0.00043372188264625836,1.0,0.0,0.00043372188264625836,0.00043372188264625836,1.570672313552444,1.4223267288566828
2021-08-16,-0.00884708578445474,1.0,0.0,-0.00884708578445474,-0.00884708578445474,1.5568377289705007,1.4097987818980828
2021-08-17,-0.009671202121204325,1.0,0.0,-0.009671202121204325,-0.009671202121204325,1.5418538096694419,1.3962300516536914
2021-08-18,0.004819817364529783,1.0,0.0,0.004819817364529783,0.004819817364529783,1.5493032013674115,1.4029758692467837
2021-08-19,0.010305001741887896,1.0,0.0,0.010305001741887896,0.010305001741887896,1.5653513194824662,1.41750828771876
2021-08-20,0.014845878364131624,1.0,0.0,0.014845878364131624,0.014845878364131624,1.5887636933903704,1.4387094287256217
2021-08-23,0.0030497615933632012,1.0,0.0,0.0030497615933632012,0.0030497615933632012,1.5936164399821902,1.4431038470434072
2021-08-24,0.001147937176394563,1.0,0.0,0.001147937176394563,0.001147937176394563,1.5954468619422628,1.4447613907948529
2021-08-25,-0.006370300710650763,1.0,0.0,-0.006370300710650763,-0.006370300710650763,1.5853156892330245,1.4355870788682474
2021-08-26,0.009673271056733873,1.0,0.0,0.009673271056733873,0.009673271056733873,1.6007252880596814,1.4495412844036728
2021-08-27,0.011159708571089812,1.0,0.0,0.011159708571089812,0.011159708571089812,1.6186889640399278,1.465808341685301
2021-08-30,-0.0008155641656460647,1.0,0.0,-0.0008155641656460647,-0.0008155641656460647,1.6173693575105732,1.4646133682830962
2021-08-31,0.0016567397580668738,1.0,0.0,0.0016567397580668738,0.0016567397580668738,1.6200511385218421,1.4670418626166093
2021-09-01,-0.00047307420262558984,1.0,0.0,-0.00047307420262558984,-0.00047307420262558984,1.6192849153757654,1.4663480070927484
2021-09-02,0.0030709894602675763,1.0,0.0,0.0030709894602675763,0.0030709894602675763,1.6242653658252648,1.4708580679978442
2021-09-03,0.0014142051382750387,1.0,0.0,0.0014142051382750387,0.0014142051382750387,1.6265640352634956,1.4729396345694272
2021-09-07,-0.003486744740247531,1.0,0.0,-0.003486744740247531,-0.003486744740247531,1.6209024975730384,1.467812813198677
2021-09-08,-0.0034462382019701393,1.0,0.0,-0.0034462382019701393,-0.0034462382019701393,1.6153260957877016,1.4627630868861337
2021-09-09,-0.007618479829333519,1.0,0.0,-0.007618479829333519,-0.007618479829333519,1.6030665254504717,1.4516613985043587
2021-09-10,-0.0006906444518269576,1.0,0.0,-0.0006906444518269576,-0.0006906444518269576,1.601959758683916,1.4506591627476708
2021-09-13,-0.002847298987171167,1.0,0.0,-0.002847298987171167,-0.002847298987171167,1.597404987760015,1.4465345771336087
2021-09-14,0.007407342945050394,1.0,0.0,0.007407342945050394,0.007407342945050394,1.6092814465242062,1.457289337753453
2021-09-15,0.0006875033323840259,1.0,0.0,0.0006875033323840259,0.0006875033323840259,1.6103882132907619,1.4582915735101412
2021-09-16,-0.011912816713777053,1.0,0.0,-0.011912816713777053,-0.011912816713777053,1.5913177705439598,1.441022280471825
2021-09-17,-0.0219878234675504,1.0,0.0,-0.0219878234675504,-0.0219878234675504,1.5567100251128216,1.4096831393107732
2021-09-20,0.0012297603517432778,1.0,0.0,0.0012297603517432778,0.0012297603517432778,1.5586255829780138,1.4114177781204253
2021-09-21,0.009297082134913773,1.0,0.0,0.009297082134913773,0.009297082134913773,1.5731838227534745,1.424601033073783
2021-09-22,0.00918463126130792,1.0,0.0,0.00918463126130792,0.00918463126130792,1.587699494576375,1.4377457404980374
2021-09-23,0.0009379481064417124,1.0,0.0,0.0009379481064417124,0.0009379481064417124,1.589189372915969,1.4390949040166556
2021-09-24,-0.008014242550443675,1.0,0.0,-0.008014242550443675,-0.008014242550443675,1.5765041230531411,1.4276077403438474
2021-09-27,-0.028705649336571663,1.0,0.0,-0.028705649336571663,-0.028705649336571663,1.5318929087704438,1.3872099298435003
2021-09-28,-0.0016408263432440527,1.0,0.0,-0.0016408263432440527,-0.0016408263432440527,1.5293813995694139,1.3849356256264005
2021-09-29,-0.003680780464825134,1.0,0.0,-0.003680780464825134,-0.003680780464825134,1.523762429831517,1.3798473517847538
2021-09-30,0.006182658177149255,1.0,0.0,0.006182658177149255,0.006182658177149255,1.5332125152997982,1.388404903245705
2021-10-01,-0.02121291663919265,1.0,0.0,-0.02121291663919265,-0.02121291663919265,1.5010311431645702,1.3592629712435464
2021-10-04,0.013408651597901122,1.0,0.0,0.013408651597901122,0.013408651597901122,1.5212934885830471,1.3776115950967573
2021-10-05,0.006387302937156843,1.0,0.0,0.006387302937156843,0.006387302937156843,1.5310415497192473,1.3864389792614327
2021-10-06,0.009133241833824296,1.0,0.0,0.009133241833824296,0.009133241833824296,1.54508897406399,1.3991596638655497
2021-10-07,-0.004999112782217772,1.0,0.0,-0.004999112782217772,-0.004999112782217772,1.5373841746506614,1.392182561097837
2021-10-08,-0.007699294513479498,1.0,0.0,-0.007699294513479498,-0.007699294513479498,1.5255928517915895,1.3815048955361993
2021-10-11,-0.003493917156820374,1.0,0.0,-0.003493917156820374,-0.003493917156820374,1.5202718577216114,1.3766864543982762
2021-10-12,0.007976169681177127,1.0,0.0,0.007976169681177127,0.007976169681177127,1.5324462921537216,1.3877110477218444
2021-10-13,0.018249133667863255,1.0,0.0,0.018249133667863255,0.018249133667863255,1.560668844700886,1.4132680595173885
2021-10-14,0.00628086407541458,1.0,0.0,0.00628086407541458,0.00628086407541458,1.570502041742206,1.4221725387402704
2021-10-15,0.010005612134269403,1.0,0.0,0.010005612134269403,0.010005612134269403,1.586294752141901,1.436473672037626
2021-10-18,0.007538933209466775,1.0,0.0,0.007538933209466775,0.007538933209466775,1.598298914763772,1.4473440752447806
2021-10-19,-0.0013058833223649194,1.0,0.0,-0.0013058833223649194,-0.0013058833223649194,1.5962130850883405,1.4454552463187147
2021-10-20,0.006088420269777251,1.0,0.0,0.006088420269777251,0.006088420269777251,1.6059611462245404,1.4542826304833896
2021-10-21,-0.008437970130481507,1.0,0.0,-0.008437970130481507,-0.008437970130481507,1.5924671052630759,1.4420630637576166
2021-10-22,0.010185851931408342,1.0,0.0,0.010185851931408342,0.010185851931408342,1.6087706310934888,1.4568267674042128
2021-10-25,0.0031437843738238436,1.0,0.0,0.0031437843738238436,0.0031437843738238436,1.613836217448108,1.4614139233675154
2021-10-26,0.002318475061098662,1.0,0.0,0.002318475061098662,0.002318475061098662,1.6175821972733728,1.4648061059286135
2021-10-27,0.011044052479865151,1.0,0.0,0.011044052479865151,0.011044052479865151,1.6355458732536192,1.4810731632102416
2021-10-28,0.004906997760394209,1.0,0.0,0.004906997760394209,0.004906997760394209,1.6435912162874262,1.4883586462107814
2021-10-29,0.003412884353118211,1.0,0.0,0.003412884353118211,0.003412884353118211,1.6492101860253232,1.4934469200524283
2021-11-01,0.0041726827491301915,1.0,0.0,0.0041726827491301915,0.0041726827491301915,1.656106194340015,1.4996916197671766
2021-11-02,0.010559652216521309,1.0,0.0,0.010559652216521309,0.010559652216521309,1.673686758747223,1.5156117492868744
2021-11-03,0.01273709410642825,1.0,0.0,0.01273709410642825,0.01273709410642825,1.6951410068373753,1.5350397039549804
2021-11-04,0.0009537913928057214,1.0,0.0,0.0009537913928057214,0.0009537913928057214,1.6967585890346486,1.536504510060909
2021-11-05,-0.0013556600876199409,1.0,0.0,-0.0013556600876199409,-0.0013556600876199409,1.694459919596418,1.5344229434893262
2021-11-08,-0.006907184183091345,1.0,0.0,-0.006907184183091345,-0.006907184183091345,1.6827963005950257,1.5238609205149987
2021-11-09,-0.014806024585800263,1.0,0.0,-0.014806024585800263,-0.014806024585800263,1.658064320157767,1.5014648061059324
2021-11-10,0.002768877554163168,1.0,0.0,0.002768877554163168,0.002768877554163168,1.662661659034228,1.5056279392490977
2021-11-11,0.010467566192455393,1.0,0.0,0.010467566192455393,0.010467566192455393,1.6801570875363165,1.521470973710589
2021-11-12,-0.00022804728279137606,1.0,0.0,-0.00022804728279137606,-0.00022804728279137606,1.6797739759632782,1.5211240459486586
2021-11-15,0.007095720591660171,1.0,0.0,0.007095720591660171,0.007095720591660171,1.6917355706325892,1.5319559016267095
2021-11-16,0.0005282686746333988,1.0,0.0,0.0005282686746333988,0.0005282686746333988,1.6926294976363454,1.5327653997378805
2021-11-17,0.010308079965318295,1.0,0.0,0.010308079965318295,0.010308079965318295,1.7101674940909937,1.548646981728475
2021-11-18,0.005560120561933046,1.0,0.0,0.005560120561933046,0.005560120561933046,1.7197027154643945,1.5572816282476332
2021-11-19,-0.011677111110379373,1.0,0.0,-0.011677111110379373,-0.011677111110379373,1.6997383457138362,1.5392028370981459
2021-11-22,-0.004568395706012971,1.0,0.0,-0.004568395706012971,-0.004568395706012971,1.691990978347948,1.53218718680133
2021-11-23,0.0032151137913405585,1.0,0.0,0.0032151137913405585,0.0032151137913405585,1.6974396762756057,1.5371212705265629
2021-11-24,-0.019140793993840992,1.0,0.0,-0.019140793993840992,-0.019140793993840992,1.6652583041403775,1.5079793385244042
2021-11-26,0.021470308479568136,1.0,0.0,0.021470308479568136,0.021470308479568136,1.7013984958636694,1.5407061907331778
2021-11-29,-0.014795294523206165,1.0,0.0,-0.014795294523206165,-0.014795294523206165,1.676411107711052,1.5180787911494913
2021-11-30,-0.017159229631960916,1.0,0.0,-0.017159229631960916,-0.017159229631960916,1.6478905794959688,1.4922519466502235
2021-12-01,0.007181220776543654,1.0,0.0,0.007181220776543654,0.007181220776543654,1.6597670382601604,1.503006707270068
2021-12-02,-0.017541586085326414,1.0,0.0,-0.017541586085326414,-0.017541586085326414,1.6309059664245986,1.4768714825379732
2021-12-03,0.007981012818133649,1.0,0.0,0.007981012818133649,0.007981012818133649,1.6439743278604648,1.4887055739727122
2021-12-06,0.029669408363203285,1.0,0.0,0.029669408363203285,0.029669408363203285,1.6934808566875421,1.5335363503199484
2021-12-07,0.004464293128685528,1.0,0.0,0.004464293128685528,0.004464293128685528,1.7010579522431912,1.540397810500351
2021-12-08,-0.01482367628729479,1.0,0.0,-0.01482367628729479,-0.01482367628729479,1.6760279961380138,1.5177318633875607
2021-12-09,0.010811735397927026,1.0,0.0,0.010811735397927026,0.010811735397927026,1.6942470798336189,1.5342302058438093
2021-12-10,-0.014552245363570197,1.0,0.0,-0.014552245363570197,-0.014552245363570197,1.6697705071117193,1.5120653766093632
2021-12-13,-0.010404214498454975,1.0,0.0,-0.010404214498454975,-0.010404214498454975,1.6524879183724301,1.496415079793389
2021-12-14,0.02254154660631013,1.0,0.0,0.02254154660631013,0.02254154660631013,1.6901605563878759,1.5305296430498845
2021-12-15,-0.026051046492457604,1.0,0.0,-0.026051046492457604,-0.026051046492457604,1.6466986768242937,1.4911726158353287
2021-12-16,-0.005001630122329328,1.0,0.0,-0.005001630122329328,-0.005001630122329328,1.6384830619802475,1.4837329427183756
2021-12-17,-0.0110241450851296,1.0,0.0,-0.0110241450851296,-0.0110241450851296,1.620519386000001,1.4674658854367473
2021-12-20,0.022133648071197855,1.0,0.0,0.022133648071197855,0.022133648071197855,1.6567872815809723,1.5003083802328308
2021-12-21,0.01210495397919556,1.0,0.0,0.01210495397919556,0.01210495397919556,1.6769644910943295,1.518579909027835
2021-12-22,0.007510751354343647,1.0,0.0,0.007510751354343647,0.007510751354343647,1.6896071730045976,1.5300285251715402
2021-12-23,0.01639217114059394,1.0,0.0,0.01639217114059394,0.01639217114059394,1.7175317498838434,1.5553157042633605
2021-12-27,-0.004645451720718656,1.0,0.0,-0.004645451720718656,-0.004645451720718656,1.7095715427551559,1.5481073163210275
2021-12-28,-0.00014940983144479713,1.0,0.0,-0.00014940983144479713,-0.00014940983144479713,1.709316135039797,1.5478760311464073
2021-12-29,-0.002992894115828358,1.0,0.0,-0.002992894115828358,-0.002992894115828358,1.704207980732618,1.543250327654001
2021-12-30,-0.006264114695098959,1.0,0.0,-0.006264114695098959,-0.006264114695098959,1.6935659925926616,1.533613445378155
2021-12-31,0.009580701902906243,1.0,0.0,0.009580701902906243,0.009580701902906243,1.709869518423075,1.5483771490247513
2022-01-03,-0.013055375556939287,1.0,0.0,-0.013055375556939287,-0.013055375556939287,1.687691615139406,1.5282938863618878
2022-01-04,-0.03120290027477018,1.0,0.0,-0.03120290027477018,-0.03120290027477018,1.6358438489215383,1.4813429959139655
2022-01-05,-0.000702841329970304,1.0,0.0,-0.000702841329970304,-0.000702841329970304,1.6346945142024227,1.4803022126281737
2022-01-06,-0.010891870780680239,1.0,0.0,-0.010891870780680239,-0.010891870780680239,1.6169862459375355,1.464266440521166
2022-01-07,0.0006579207311287267,1.0,0.0,0.0006579207311287267,0.0006579207311287267,1.6180504447515314,1.4652301287487508
2022-01-10,0.014910254944524382,1.0,0.0,0.014910254944524382,0.014910254944524382,1.6423567456631916,1.4872407678667832
2022-01-11,0.003957737618168435,1.0,0.0,0.003957737618168435,0.003957737618168435,1.6488696424048452,1.4931385398196013
2022-01-12,-0.025334357124479623,1.0,0.0,-0.025334357124479623,-0.025334357124479623,1.6076212963743743,1.4557859841184217
2022-01-13,0.006203248210218904,1.0,0.0,0.006203248210218904,0.006203248210218904,1.6176247652259332,1.4648446534577169
2022-01-14,-0.02520917976628285,1.0,0.0,-0.02520917976628285,-0.02520917976628285,1.5773554821043383,1.4283786909259153
2022-01-18,-0.011044438818881175,1.0,0.0,-0.011044438818881175,-0.011044438818881175,1.5600303254124892,1.4126898465808377
2022-01-19,-0.013073517706207282,1.0,0.0,-0.013073517706207282,-0.013073517706207282,1.5397679799940123,1.3943412227276268
2022-01-20,-0.028120326120432915,1.0,0.0,-0.028120326120432915,-0.028120326120432915,1.497072323576507,1.355678051036932
2022-01-21,0.0045674486132530655,1.0,0.0,0.0045674486132530655,0.0045674486132530655,1.5039257639386392,1.361884203222577
2022-01-24,-0.023454347572885458,1.0,0.0,-0.023454347572885458,-0.023454347572885458,1.469062610792142,1.330313776886905
2022-01-25,-0.0015659439460275102,1.0,0.0,-0.0015659439460275102,-0.0015659439460275102,1.4667639413539115,1.3282322103153223
2022-01-26,-0.010121573421586413,1.0,0.0,-0.010121573421586413,-0.010121573421586413,1.4519928618156521,1.314856217716448
2022-01-27,0.03088714287885771,1.0,0.0,0.03088714287885771,0.03088714287885771,1.4975405710546654,1.3561020738570693
2022-01-28,0.03147773352279796,1.0,0.0,0.03147773352279796,0.03147773352279796,1.5454295176844692,1.399468044098377
2022-01-31,0.006780431428760173,0.0,0.0005,-0.0005,0.006780431428760173,1.5446569960721244,1.408989283786913
2022-02-01,0.008092576964096702,0.0,0.0,0.0,0.008092576964096702,1.5446569960721244,1.4204378999306182
2022-02-02,-0.04138865616886282,0.0,0.0,-0.0,-0.04138865616886282,1.5446569960721244,1.3628478914501616
2022-02-03,0.012536000921226295,0.0,0.0,0.0,0.012536000921226295,1.5446569960721244,1.380040089430271
2022-02-04,-0.008076999346785725,0.0,0.0,-0.0,-0.008076999346785725,1.5446569960721244,1.3689384010484962
2022-02-07,0.011172674848986167,0.0,0.0,0.0,0.011172674848986167,1.5446569960721244,1.3843188651607468
2022-02-08,0.020969288001764962,0.0,0.0,0.0,0.020969288001764962,1.5446569960721244,1.4136535348084223
2022-02-09,-0.022892499520621317,0.0,0.0,-0.0,-0.022892499520621317,1.5446569960721244,1.3816590856526132
2022-02-10,-0.032235707292462557,0.0,0.0,-0.0,-0.032235707292462557,1.5446569960721244,1.337830545062065
2022-02-11,0.0012382119500065284,1.0,0.0005,0.0007382119500065284,0.0012382119500065284,1.5457977013146036,1.3394880888135103
2022-02-14,0.02455994512118791,1.0,0.0,0.02455994512118791,0.02455994512118791,1.5842324537948425,1.3727931539588345
2022-02-15,-0.0002527486428214364,1.0,0.0,-0.0002527486428214364,-0.0002527486428214364,1.58383209178984,1.3724462261969042
2022-02-16,-0.030195169155926956,1.0,0.0,-0.030195169155926956,-0.030195169155926956,1.536722829201214,1.3316243928764198
2022-02-17,-0.011470953775818702,1.0,0.0,-0.011470953775818702,-0.011470953775818702,1.5191958703155495,1.3164366664096863
2022-02-18,-0.010094407291238665,1.0,0.0,-0.010094407291238665,-0.010094407291238665,1.5039376294582325,1.3032148639272254
2022-02-22,-0.02594902151321671,1.0,0.0,-0.02594902151321671,-0.02594902151321671,1.4654139076435488,1.2698327037236945
2022-02-23,0.033052224228148075,1.0,0.0,0.033052224228148075,0.033052224228148075,1.5146584342588547,1.312504818441141
2022-02-24,0.015388057553135763,0.0,0.0005,-0.0005,0.015388057553135763,1.513901294342478,1.332857913807728
2022-02-25,0.0029744307705730374,1.0,0.0005,0.0024744307705730374,0.0029744307705730374,1.5176519767770975,1.3368283093053765
2022-02-28,-0.015429848901151805,0.0,0.0005,-0.0005,-0.015429848901151805,1.5168933404635923,1.3163595713514795
2022-03-01,0.016640188808567595,1.0,0.0005,0.016140188808567595,0.016640188808567595,1.541574932352111,1.338447305527719
2022-03-02,-0.014387902664496842,0.0,0.0005,-0.0005,-0.014387902664496842,1.5408043375506895,1.31932773109244
2022-03-03,-0.014597940081701045,1.0,0.0005,-0.015097940081701046,-0.014597940081701045,1.517716096995432,1.3002081566571615
2022-03-04,-0.037578421776354856,1.0,0.0,-0.037578421776354856,-0.037578421776354856,1.461741035487507,1.252255030452551
2022-03-07,-0.00465899239864788,1.0,0.0,-0.00465899239864788,-0.00465899239864788,1.454946634934696,1.24643435355794
2022-03-08,0.03536535274065357,1.0,0.0,0.03536535274065357,0.03536535274065357,1.507322014030536,1.2913036774342797
2022-03-09,-0.011166927796972334,0.0,0.0005,-0.0005,-0.011166927796972334,1.506568541407374,1.2769639966078203
2022-03-10,-0.020956430595025388,1.0,0.0005,-0.02145643059502539,-0.020956430595025388,1.4745872867941845,1.250481844113795
2022-03-11,-0.01939149110907907,1.0,0.0,-0.01939149110907907,-0.01939149110907907,1.4462683016008193,1.2264667334823867
2022-03-14,0.03088498978755294,1.0,0.0,0.03088498978755294,0.03088498978755294,1.4916332249121813,1.2649371675275642
2022-03-15,0.03641553053219528,0.0,0.0005,-0.0005,0.03641553053219528,1.4908875947228066,1.3118495104463832
2022-03-16,0.012033558376037312,0.0,0.0,0.0,0.012033558376037312,1.4908875947228066,1.3277310924369776
2022-03-17,0.0202613515159267,0.0,0.0,0.0,0.0202613515159267,1.4908875947228066,1.3549071004548638
2022-03-18,-0.004019561550329473,0.0,0.0,-0.0,-0.004019561550329473,1.4908875947228066,1.3494718988512866
2022-03-21,0.01946203089066068,0.0,0.0,0.0,0.01946203089066068,1.4908875947228066,1.375992598874415
2022-03-22,-0.014475626291688824,0.0,0.0,-0.0,-0.014475626291688824,1.4908875947228066,1.356217716444379
2022-03-23,0.02198323192083158,0.0,0.0,0.0,0.02198323192083158,1.4908875947228066,1.3863618842032255
2022-03-24,-0.0008344923989134286,0.0,0.0,-0.0,-0.0008344923989134286,1.4908875947228066,1.385205458330124
2022-03-25,0.015353903920876308,0.0,0.0,0.0,0.015353903920876308,1.4908875947228066,1.406637884511606
2022-03-28,0.017063313058666225,0.0,0.0,0.0,0.017063313058666225,1.4908875947228066,1.4308457327885316
2022-03-29,-0.011107011296150035,0.0,0.0,-0.0,-0.011107011296150035,1.4908875947228066,1.4150412458561439
2022-03-30,-0.01247223656307097,0.0,0.0,-0.0,-0.01247223656307097,1.4908875947228066,1.397502120114104
2022-03-31,-0.001905051722636288,1.0,0.0005,-0.002405051722636288,-0.001905051722636288,1.4873062413412153,1.3948423406059705
2022-04-01,0.020379560546380817,1.0,0.0,0.020379560546380817,0.020379560546380817,1.5179278566458774,1.423560249787992
2022-04-04,-0.02245439357510547,1.0,0.0,-0.02245439357510547,-0.02245439357510547,1.4842235283910814,1.3919512759232167
2022-04-05,-0.021950598556114715,1.0,0.0,-0.021950598556114715,-0.021950598556114715,1.4519989023523494,1.3617300131061632
2022-04-06,0.0023750293905606523,1.0,0.0,0.0023750293905606523,0.0023750293905606523,1.4554515408564992,1.3649680055508475
2022-04-07,-0.01407772982581385,1.0,0.0,-0.01407772982581385,-0.01407772982581385,1.4351056353856162,1.3458869786446719
2022-04-08,-0.02394178469401687,1.0,0.0,-0.02394178469401687,-0.02394178469401687,1.4011546900948093,1.3140467196052763
2022-04-11,-0.004233183850371376,1.0,0.0,-0.004233183850371376,-0.004233183850371376,1.3952358812305525,1.308495875414389
2022-04-12,0.020123163720958067,1.0,0.0,0.020123163720958067,0.020123163720958067,1.4235968403717836,1.3350936704957244
2022-04-13,-0.023132548183675414,1.0,0.0,-0.023132548183675414,-0.023132548183675414,1.3910433916183707,1.3045640274458437
2022-04-14,0.0007679584498409085,1.0,0.0,0.0007679584498409085,0.0007679584498409085,1.3921120654410837,1.3055662632025318
2022-04-18,0.02210470321615053,1.0,0.0,0.02210470321615053,0.02210470321615053,1.4232269148177674,1.334746742733794
2022-04-19,-0.014691814439322664,1.0,0.0,-0.014691814439322664,-0.014691814439322664,1.4024699809535333,1.3152802405365847
2022-04-20,-0.02090812955452826,1.0,0.0,-0.02090812955452826,-0.02090812955452826,1.3734513763829406,1.2880656849895953
2022-04-21,-0.026534799172141667,1.0,0.0,-0.026534799172141667,-0.026534799172141667,1.337486391964713,1.2543365970241338
2022-04-22,0.012763921797646608,1.0,0.0,0.012763921797646608,0.012763921797646608,1.354667378806792,1.2704494641893485
2022-04-25,-0.03847579982116258,1.0,0.0,-0.03847579982116258,-0.03847579982116258,1.3035354466739064,1.2224963379847382
2022-04-26,-0.0011989274192097225,1.0,0.0,-0.0011989274192097225,-0.0011989274192097225,1.3019735387791718,1.2210315318788094
2022-04-27,0.03489970638206632,1.0,0.0,0.03489970638206632,0.03489970638206632,1.3482142330311786,1.264397502120117
2022-04-28,-0.046042501948100376,1.0,0.0,-0.046042501948100376,-0.046042501948100376,1.2875464421725455,1.2075013491635216
2022-04-29,0.016558084915884216,1.0,0.0,0.016558084915884216,0.016558084915884216,1.309043227144812,1.2276617068845919
2022-05-02,0.0010670015134387608,1.0,0.0,0.0010670015134387608,0.0010670015134387608,1.310440723682206,1.228972322874107
2022-05-03,0.03325311782981621,1.0,0.0,0.03325311782981621,0.03325311782981621,1.3547495844854625,1.2705265592475556
2022-05-04,-0.05167660749516354,0.0,0.0005,-0.0005,-0.05167660749516354,1.3540723790086975,1.206537660935937
2022-05-05,-0.012053179267555897,1.0,0.0005,-0.012553179267555897,-0.012053179267555897,1.3371807095893709,1.1920823375221679
2022-05-06,-0.03991294945992777,1.0,0.0,-0.03991294945992777,-0.03991294945992777,1.2848609469829637,1.1454398273070725
2022-05-09,0.012075542697156534,1.0,0.0,0.012075542697156534,0.012075542697156534,1.300470396818429,1.1593554853133943
2022-05-10,-0.030106897623859652,1.0,0.0,-0.030106897623859652,-0.030106897623859652,1.2619007866986642,1.1249710893531752
2022-05-11,-0.002367108602837626,1.0,0.0,-0.002367108602837626,-0.002367108602837626,1.2589172630459022,1.1223113098450417
2022-05-12,0.0363897238564612,1.0,0.0,0.0363897238564612,0.0363897238564612,1.3055726546593844,1.1639040937475937
2022-05-13,-0.011659414536276379,1.0,0.0,-0.011659414536276379,-0.011659414536276379,1.290438839029432,1.150412458561409
2022-05-16,0.02557159564076724,1.0,0.0,0.02557159564076724,0.02557159564076724,1.3238629518350127,1.1802096985583255
2022-05-17,-0.050336252107566065,0.0,0.0005,-0.0005,-0.050336252107566065,1.3232011858143873,1.1222727623159385
2022-05-18,-0.005372653783239172,1.0,0.0005,-0.005872653783239172,-0.005372653783239172,1.3154532560865198,1.1162593477758105
2022-05-19,-0.0031127891492030257,1.0,0.0,-0.0031127891492030257,-0.0031127891492030257,1.3113648938706284,1.1127900701565059
2022-05-20,0.016490685641720963,1.0,0.0,0.016490685641720963,0.016490685641720963,1.333169492355383,1.1312928841261305
2022-05-23,-0.021491390603676712,0.0,0.0005,-0.0005,-0.021491390603676712,1.332503074227621,1.1072392259656185
2022-05-24,0.01389823581231738,1.0,0.0005,0.01339823581231738,0.01389823581231738,1.350476401204074,1.122735332665179
2022-05-25,0.02733030466019048,0.0,0.0005,-0.0005,0.02733030466019048,1.3498013317848907,1.1538431886516103
2022-05-26,0.032118205423446,0.0,0.0,0.0,0.032118205423446,1.3498013317848907,1.1915041245856173
2022-05-27,-0.0026563882282782435,0.0,0.0,-0.0,-0.0026563882282782435,1.3498013317848907,1.1883432271991394
2022-05-31,-0.007423358957411713,0.0,0.0,-0.0,-0.007423358957411713,1.3498013317848907,1.179554390563568
2022-06-01,0.027017343347711154,0.0,0.0,0.0,0.027017343347711154,1.3498013317848907,1.2118572199522042
2022-06-02,-0.026363962076508523,0.0,0.0,-0.0,-0.026363962076508523,1.3498013317848907,1.1803253411456356
2022-06-03,0.003325620097416226,0.0,0.0,0.0,0.003325620097416226,1.3498013317848907,1.1842571891141809
2022-06-06,0.00858875136565226,0.0,0.0,0.0,0.00858875136565226,1.3498013317848907,1.1944722843265778
2022-06-07,-0.007222586497798825,0.0,0.0,-0.0,-0.007222586497798825,1.3498013317848907,1.185876185336523
2022-06-08,-0.02714979620332508,0.0,0.0,-0.0,-0.02714979620332508,1.3498013317848907,1.1541130213553341
2022-06-09,-0.03590757040254708,1.0,0.0005,-0.03640757040254708,-0.03590757040254708,1.301542174652195,1.1134068306221598
2022-06-10,-0.04761200512702361,1.0,0.0,-0.04761200512702361,-0.04761200512702361,1.241025239997788,1.0616374990363147
2022-06-13,0.0018138291267588151,1.0,0.0,0.0018138291267588151,0.0018138291267588151,1.2432782904316824,1.063564875491484
2022-06-14,0.024665208439701634,1.0,0.0,0.024665208439701634,0.024665208439701634,1.274325325410749,1.0901241230437158
2022-06-15,-0.04118303328426667,1.0,0.0,-0.04118303328426667,-0.04118303328426667,1.2229107145092755,1.046141392336754
2022-06-16,0.012086288351351056,1.0,0.0,0.012086288351351056,0.012086288351351056,1.2377808473729797,1.0588620769408708
2022-06-17,0.022996137234494875,1.0,0.0,0.022996137234494875,0.022996137234494875,1.2665748319181518,1.0834939480379335
2022-06-21,-0.0014597243357441802,1.0,0.0,-0.0014597243357441802,-0.0014597243357441802,1.2647273305623583,1.0819134993446948
2022-06-22,0.01478312393815192,1.0,0.0,0.01478312393815192,0.01478312393815192,1.2835628321897166,1.0980263665099097
2022-06-23,0.03368972185732614,1.0,0.0,0.03368972185732614,0.03368972185732614,1.327542376659338,1.1356487549148129
2022-06-24,-0.007358735894696129,0.0,0.0005,-0.0005,-0.007358735894696129,1.3268787713861516,1.1273224886284818
2022-06-27,-0.030940505199549186,0.0,0.0,-0.0,-0.030940505199549186,1.3268787713861516,1.0929766401973662
2022-06-28,0.0009165580364567448,0.0,0.0,0.0,0.0009165580364567448,1.3268787713861516,1.093978875954054
2022-06-29,-0.012480661223609255,0.0,0.0,-0.0,-0.012480661223609255,1.3268787713861516,1.0804101457096627
2022-06-30,0.006578854118996009,0.0,0.0,0.0,0.006578854118996009,1.3268787713861516,1.087541438593789
2022-07-01,0.016974875602698072,0.0,0.0,0.0,0.016974875602698072,1.3268787713861516,1.1061598951507237
2022-07-05,0.006391573794644139,0.0,0.0,0.0,0.006391573794644139,1.3268787713861516,1.1132526405057466
2022-07-06,0.02117315041268504,0.0,0.0,0.0,0.02117315041268504,1.3268787713861516,1.137075013491638
2022-07-07,0.00125353632188799,0.0,0.0,0.0,0.00125353632188799,1.3268787713861516,1.1385012720684633
2022-07-08,-0.021596006913859437,0.0,0.0,-0.0,-0.021596006913859437,1.3268787713861516,1.1141777812042277
2022-07-11,-0.009734467078975748,1.0,0.0005,-0.010234467078975748,-0.009734467078975748,1.3133681293233535,1.10338447305528
2022-07-12,-0.002063334589937646,1.0,0.0,-0.002063334589937646,-0.002063334589937646,1.3106610052446053,1.1011101688381801
2022-07-13,0.0035644432483454037,1.0,0.0,0.0035644432483454037,0.0035644432483454037,1.315341118058712,1.1050420168067254
2022-07-14,0.017976769236629022,1.0,0.0,0.017976769236629022,0.017976769236629022,1.339200516718862,1.1250867319404854
2022-07-15,-0.008498683458062593,1.0,0.0,-0.008498683458062593,-0.008498683458062593,1.3278673023552905,1.1155654922519493
2022-07-18,0.030289877323319357,1.0,0.0,0.030289877323319357,0.030289877323319357,1.368703580831317,1.1498727931539616
2022-07-19,0.015732118988499636,0.0,0.0005,-0.0005,0.015732118988499636,1.368019400100338,1.1681057744198624
2022-07-20,0.01425295666996347,0.0,0.0,0.0,0.01425295666996347,1.368019400100338,1.1848739495798348
2022-07-21,-0.01769086293531134,0.0,0.0,-0.0,-0.01769086293531134,1.368019400100338,1.1640968313931106
2022-07-22,-0.0057118343448174696,1.0,0.0005,-0.006211834344817469,-0.0057118343448174696,1.3595478294441399,1.1574666563873282
2022-07-25,-0.019844590410608223,1.0,0.0,-0.019844590410608223,-0.019844590410608223,1.3328340978235305,1.1347236142163315
2022-07-26,0.04139118399760214,1.0,0.0,0.04139118399760214,0.04139118399760214,1.389159321782917,1.1826767404209417
2022-07-27,0.009730542865391174,0.0,0.0005,-0.0005,0.009730542865391174,1.3884649157380036,1.1942409991519571
2022-07-28,0.018072684707905514,1.0,0.0005,0.017572684707905514,0.018072684707905514,1.4130796116622124,1.216020353095369
2022-07-29,-0.0006024765137131421,0.0,0.0005,-0.0005,-0.0006024765137131421,1.4123732484618974,1.2152879500424048
2022-08-01,-0.0029860250903653,1.0,0.0005,-0.0034860250903653,-0.0029860250903653,1.4074582517591152,1.2116644823066867
2022-08-02,0.026868318489067042,1.0,0.0,0.026868318489067042,0.026868318489067042,1.4457868956526603,1.2446611672191839
2022-08-03,0.004665614296941257,1.0,0.0,0.004665614296941257,0.004665614296941257,1.4525481400778066,1.2504818441137948
2022-08-04,-0.008202475765021705,1.0,0.0,-0.008202475765021705,-0.008202475765021705,1.4406823799939406,1.240266748901398
2022-08-05,-0.0032375584734339984,1.0,0.0,-0.0032375584734339984,-0.0032375584734339984,1.4360256288666875,1.236257805874646
2022-08-08,-0.011383180033846887,1.0,0.0,-0.011383180033846887,-0.011383180033846887,1.4197717763744482,1.2222650528101175
2022-08-09,0.0275285264148894,1.0,0.0,0.0275285264148894,0.0275285264148894,1.4593989374092466,1.256379616066613
2022-08-10,-0.005692235489409328,1.0,0.0,-0.005692235489409328,-0.005692235489409328,1.4511152935771137,1.249248323182487
2022-08-11,0.019283375950527284,1.0,0.0,0.019283375950527284,0.019283375950527284,1.4793692355126593,1.2735718140467227
2022-08-12,0.00804887908516273,1.0,0.0,0.00804887908516273,0.00804887908516273,1.491324548502819,1.2838640043173264
2022-08-15,-0.0023446669592542455,1.0,0.0,-0.0023446669592542455,-0.0023446669592542455,1.487831985157379,1.2808572970472623
2022-08-16,-0.011471590909858762,1.0,0.0,-0.011471590909858762,-0.011471590909858762,1.470861709414793,1.2662477835170796
2022-08-17,0.002402056584672822,1.0,0.0,0.002402056584672822,0.002402056584672822,1.4743990492133796,1.269293038316247
2022-08-18,-0.019689659916301387,1.0,0.0,-0.019689659916301387,-0.019689659916301387,1.445652566293221,1.2445455246318742
2022-08-19,-0.026679966731409113,1.0,0.0,-0.026679966731409113,-0.026679966731409113,1.4075925811185557,1.2117801248939974
2022-08-22,-0.0008274194533733203,1.0,0.0,-0.0008274194533733203,-0.0008274194533733203,1.4064283933367425,1.2107778891373093
2022-08-23,0.0028929778088834456,1.0,0.0,0.0028929778088834456,0.0028929778088834456,1.4105030505730887,1.214285714285717
2022-08-24,0.01752747084425043,1.0,0.0,0.01752747084425043,0.01752747084425043,1.4354435349757808,1.2357566879963022
2022-08-25,-0.041851908941146446,1.0,0.0,-0.041851908941146446,-0.041851908941146446,1.3766072755410634,1.185105234754455
2022-08-26,-0.009904469297487157,1.0,0.0,-0.009904469297487157,-0.009904469297487157,1.3630400102376241,1.1734253334361298
2022-08-29,-0.011198769234884798,1.0,0.0,-0.011198769234884798,-0.011198769234884798,1.3478607926209045,1.1603577210700822
2022-08-30,-0.00583053176836538,1.0,0.0,-0.00583053176836538,-0.00583053176836538,1.3400249133202382,1.1536119034769898
2022-08-31,0.000434296029676882,1.0,0.0,0.000434296029676882,0.000434296029676882,1.340607007211145,1.154113021355334
2022-09-01,-0.014229010439744097,1.0,0.0,-0.014229010439744097,-0.014229010439744097,1.3216665675301058,1.1378074165446024
2022-09-02,-0.007208218623345586,1.0,0.0,-0.007208218623345586,-0.007208218623345586,1.3121739594630129,1.1296353403746848
2022-09-06,0.019999990986250323,1.0,0.0,0.019999990986250323,0.019999990986250323,1.3386816197258387,1.1524554776038887
2022-09-07,0.0051710735922713726,1.0,0.0,0.0051710735922713726,0.0051710735922713726,1.3456219699635716,1.1584303446149131
2022-09-08,0.021626556732476106,1.0,0.0,0.021626556732476106,0.021626556732476106,1.3750400996809304,1.1837560712358368
2022-09-09,0.01181568543041936,1.0,0.0,0.01181568543041936,0.01181568543041936,1.3913835050794634,1.1978259193585725
2022-09-12,-0.05639771145928082,1.0,0.0,-0.05639771145928082,-0.05639771145928082,1.3150844289175463,1.132140929766405
2022-09-13,0.007901962335136061,1.0,0.0,0.007901962335136061,0.007901962335136061,1.3255173425007192,1.1411225040474935
2022-09-14,-0.01679394978813277,1.0,0.0,-0.01679394978813277,-0.01679394978813277,1.3034425510994136,1.1221185721995253
2022-09-15,-0.006133508770497625,1.0,0.0,-0.006133508770497625,-0.006133508770497625,1.2954723424393073,1.1152571120191226
2022-09-16,0.005961731736664683,1.0,0.0,0.005961731736664683,0.005961731736664683,1.3032186688336804,1.1219258345540084
2022-09-19,-0.008003078349871632,1.0,0.0,-0.008003078349871632,-0.008003078349871632,1.2928305317036544,1.1129828078020232
2022-09-20,-0.018068254381056106,1.0,0.0,-0.018068254381056106,-0.018068254381056106,1.2696811054268284,1.0930537352555734
2022-09-21,-0.012384169062359889,1.0,0.0,-0.012384169062359889,-0.012384169062359889,1.2540541232786424,1.079600647598492
2022-09-22,-0.01641564634957787,1.0,0.0,-0.01641564634957787,-0.01641564634957787,1.2336360606437633,1.0620229743273486
2022-09-23,-0.004146365146112586,1.0,0.0,-0.004146365146112586,-0.004146365146112586,1.2285315449850434,1.0576285560095628
2022-09-26,0.0004008381214277402,1.0,0.0,0.0004008381214277402,0.0004008381214277402,1.2290240859696566,1.0580525788297
2022-09-27,0.019696895942305538,1.0,0.0,0.019696895942305538,0.019696895942305538,1.2534720293877357,1.079099529720148
2022-09-28,-0.029251283623261893,1.0,0.0,-0.029251283623261893,-0.029251283623261893,1.2173374316983772,1.0479916737337167
2022-09-29,-0.01710204351632313,1.0,0.0,-0.01710204351632313,-0.01710204351632313,1.1966954867977646,1.0302212628170562
2022-09-30,0.02318933770759302,1.0,0.0,0.02318933770759302,0.02318933770759302,1.2247703229207234,1.0543905635648783
2022-10-03,0.030956652560821217,1.0,0.0,0.030956652560821217,0.030956652560821217,1.2632780726268553,1.0875414385937892
2022-10-04,-0.0005318111841140121,0.0,0.0005,-0.0005,-0.0005318111841140121,1.262646591473986,1.0869632256572384
2022-10-05,-0.007904053682094746,0.0,0.0,-0.0,-0.007904053682094746,1.262646591473986,1.0784056741962869
2022-10-06,-0.03884903502226014,0.0,0.0,-0.0,-0.03884903502226014,1.262646591473986,1.037314008172079
2022-10-07,-0.010046582233604247,1.0,0.0005,-0.010546582233604248,-0.010046582233604247,1.2493999614866964,1.0269447228432687
2022-10-10,-0.01383346574219544,1.0,0.0,-0.01383346574219544,-0.01383346574219544,1.23223542615003,1.0128363271914298
2022-10-11,-0.00034258960004657734,1.0,0.0,-0.00034258960004657734,-0.00034258960004657734,1.2318133474122432,1.0124893994294994
2022-10-12,0.023181590485988213,1.0,0.0,0.023181590485988213,0.023181590485988213,1.2607022921318782,1.0362346773571842
2022-10-13,-0.030518268408369516,0.0,0.0005,-0.0005,-0.030518268408369516,1.2600720985473375,1.0050882738416493
2022-10-14,0.03248790689191006,1.0,0.0005,0.031987906891910056,0.03248790689191006,1.3010307660958655,1.0382776963996636
2022-10-17,0.00787682270901472,0.0,0.0005,-0.0005,0.00787682270901472,1.300380413314562,1.0464883200986843
2022-10-18,-0.003653342809085853,0.0,0.0,-0.0,-0.003653342809085853,1.300380413314562,1.0426721147174494
2022-10-19,-0.005114911077334884,1.0,0.0005,-0.0056149110773348835,-0.005114911077334884,1.2930993533086261,1.0373525557011822
2022-10-20,0.023176987349842876,0.0,0.0005,-0.0005,0.023176987349842876,1.2924529652424548,1.0616760465654178
2022-10-21,0.010941304736697615,0.0,0.0,0.0,0.010941304736697615,1.2924529652424548,1.0733559478837431
2022-10-24,0.02047489149668111,0.0,0.0,0.0,0.02047489149668111,1.2924529652424548,1.0955593246472926
2022-10-25,-0.022344118109452984,0.0,0.0,-0.0,-0.022344118109452984,1.2924529652424548,1.071351476370367
2022-10-26,-0.01837379212882742,0.0,0.0,-0.0,-0.01837379212882742,1.2924529652424548,1.0518464266440546
2022-10-27,0.030141789868591385,0.0,0.0,0.0,0.030141789868591385,1.2924529652424548,1.0840336134453805
2022-10-28,-0.011696039763191411,0.0,0.0,-0.0,-0.011696039763191411,1.2924529652424548,1.0714285714285736
2022-10-31,-0.010270223711580215,1.0,0.0005,-0.010770223711580216,-0.010270223711580215,1.2786076500761037,1.0604810731632126
2022-11-01,-0.034878440619407106,1.0,0.0,-0.034878440619407106,-0.034878440619407106,1.2347805622195458,1.024130753218721
2022-11-02,-0.019728104327827695,1.0,0.0,-0.019728104327827695,-0.019728104327827695,1.2106593972168378,1.0041245856140641
2022-11-03,0.015957076403195176,1.0,0.0,0.015957076403195176,0.015957076403195176,1.2301329389049582,1.0202760003083822
2022-11-04,0.010934409204195542,1.0,0.0,0.010934409204195542,0.010934409204195542,1.2436575227504072,1.031493331277467
2022-11-07,0.007260843992958955,1.0,0.0,0.007260843992958955,0.007260843992958955,1.2527203882138525,1.0390100994526272
2022-11-08,-0.023346779741337382,1.0,0.0,-0.023346779741337382,-0.023346779741337382,1.2238121711971195,1.0150335363503218
2022-11-09,0.07119309239655384,1.0,0.0,0.07119309239655384,0.07119309239655384,1.31411549219955,1.089931385398198
2022-11-10,0.01825846660487219,0.0,0.0005,-0.0005,0.01825846660487219,1.3134585986905127,1.110014648061061
2022-11-11,-0.008789732209457541,0.0,0.0,-0.0,-0.008789732209457541,1.3134585986905127,1.1003006707270084
2022-11-14,0.013743409958554205,0.0,0.0,0.0,0.013743409958554205,1.3134585986905127,1.115526944722845
2022-11-15,-0.01374340995855421,0.0,0.0,-0.0,-0.01374340995855421,1.3134585986905127,1.1003006707270084
2022-11-16,-0.0022095581106978,0.0,0.0,-0.0,-0.0022095581106978,1.3134585986905127,1.097872176393495
2022-11-17,3.5110510334876864e-05,0.0,0.0,0.0,3.5110510334876864e-05,1.3134585986905127,1.0979107239225985
2022-11-18,-0.010340477872605624,1.0,0.0005,-0.010840477872605624,-0.010340477872605624,1.2992969778678434,1.0866162978953067
2022-11-21,0.014300046442649013,1.0,0.0,0.014300046442649013,0.014300046442649013,1.3180104679886118,1.1022665947112809
2022-11-22,0.009986686337093839,1.0,0.0,0.009986686337093839,0.009986686337093839,1.3312389696257068,1.113329735563952
2022-11-23,-0.006600225440185324,1.0,0.0,-0.006600225440185324,-0.006600225440185324,1.3224814249879087,1.106005705034309
2022-11-25,-0.014781793997181403,1.0,0.0,-0.014781793997181403,-0.014781793997181403,1.303076549764156,1.089777195281784
2022-11-28,-0.007598389064611474,1.0,0.0,-0.007598389064611474,-0.007598389064611474,1.2932127889615834,1.0815280240536598
2022-11-29,0.04457727556662969,1.0,0.0,0.04457727556662969,0.04457727556662969,1.3521648920760243,1.1308303137768887
2022-11-30,0.0012264088203391282,1.0,0.0,0.0012264088203391282,0.0012264088203391282,1.353824216323186,1.1322180248246105
2022-12-01,-0.003991340349164685,1.0,0.0,-0.003991340349164685,-0.003991340349164685,1.3484314125199102,1.1277079639195144
2022-12-02,-0.0169258939999519,1.0,0.0,-0.0169258939999519,-0.0169258939999519,1.3258000734822317,1.1087811271297525
2022-12-05,-0.02093802338749611,1.0,0.0,-0.02093802338749611,-0.02093802338749611,1.2983290387236652,1.0858067997841354
2022-12-06,-0.004091003731332123,1.0,0.0,-0.004091003731332123,-0.004091003731332123,1.2930284196007873,1.081373833937246
2022-12-07,0.011765258501270392,1.0,0.0,0.011765258501270392,0.011765258501270392,1.3083310765468348,1.09417161359957
2022-12-08,-0.006397024765895444,1.0,0.0,-0.006397024765895444,-0.006397024765895444,1.299988362970827,1.0871945108318575
2022-12-09,0.012473295151309176,1.0,0.0,0.012473295151309176,0.012473295151309176,1.3163050514012506,1.1008403361344552
2022-12-12,0.010692681504793432,1.0,0.0,0.010692681504793432,0.010692681504793432,1.3304553998423245,1.1126744275691944
2022-12-13,-0.007441441947317564,1.0,0.0,-0.007441441947317564,-0.007441441947317564,1.320591639039752,1.1044252563410701
2022-12-14,-0.03415312415546054,1.0,0.0,-0.03415312415546054,-0.03415312415546054,1.2762508077683743,1.0673425333436142
2022-12-15,-0.009580216248824725,1.0,0.0,-0.009580216248824725,-0.009580216248824725,1.264082429955855,1.0571659856603208
2022-12-16,-0.01654449501709555,1.0,0.0,-0.01654449501709555,-0.01654449501709555,1.2433408768663332,1.0398195975637978
2022-12-19,-0.0007788017972307635,1.0,0.0,-0.0007788017972307635,-0.0007788017972307635,1.2423729377221557,1.0390100994526268
2022-12-20,0.01440198745176851,1.0,0.0,0.01440198745176851,0.01440198745176851,1.2603950427399402,1.0540821833320502
2022-12-21,-0.024769412028676194,1.0,0.0,-0.024769412028676194,-0.024769412028676194,1.2295592671468512,1.0282938863618858
2022-12-22,0.002246687082978194,1.0,0.0,0.002246687082978194,0.002246687082978194,1.2323248075587876,1.030606738108089
2022-12-23,-0.014239137631340515,1.0,0.0,-0.014239137631340515,-0.014239137631340515,1.214901902963589,1.0160357721070097
2022-12-27,-0.013290754761137141,1.0,0.0,-0.013290754761137141,-0.013290754761137141,1.1988617685743592,1.002621231979032
2022-12-28,0.0240829050903728,1.0,0.0,0.0240829050903728,0.0240829050903728,1.2280843122604854,1.0270603654305779
2022-12-29,-0.0006006908124759151,1.0,0.0,-0.0006006908124759151,-0.0006006908124759151,1.2273468348173022,1.0264436049649235
2022-12-30,-0.006782752659788627,1.0,0.0,-0.006782752659788627,-0.006782752659788627,1.2190502135814938,1.0195050497263145
2023-01-03,0.004752753090447845,1.0,0.0,0.004752753090447845,0.004752753090447845,1.22485784844656,1.024362038393341
2023-01-04,-0.01577822310215559,1.0,0.0,-0.01577822310215559,-0.01577822310215559,1.205683434923802,1.008326266286333
2023-01-05,0.02722744458798825,1.0,0.0,0.02722744458798825,0.02722744458798825,1.2389621045474348,1.0361575822989766
2023-01-06,0.0064523530120532855,1.0,0.0,0.0064523530120532855,0.0064523530120532855,1.24698217174205,1.0428648523629656
2023-01-09,0.008428928936414592,1.0,0.0,0.008428928936414592,0.008428928936414592,1.2575373176476063,1.0516922365276404
2023-01-10,0.01715220653870786,1.0,0.0,0.01715220653870786,0.01715220653870786,1.279292902221505,1.069886670264438
2023-01-11,0.005389880098272339,0.0,0.0005,-0.0005,0.005389880098272339,1.2786534156553582,1.0756687996299459
2023-01-12,0.00685692483404522,0.0,0.0,0.0,0.00685692483404522,1.2786534156553582,1.0830699252177955
2023-01-13,0.002026631331331342,0.0,0.0,0.0,0.002026631331331342,1.2786534156553582,1.0852671343766884
2023-01-17,-0.013085167575139178,1.0,0.0005,-0.013585167575139178,-0.013085167575139178,1.2614001543061901,1.0711587387248496
2023-01-18,-0.00987296231891241,1.0,0.0,-0.00987296231891241,-0.00987296231891241,1.2490076740224132,1.0606352632796257
2023-01-19,0.026999112316885843,1.0,0.0,0.026999112316885843,0.026999112316885843,1.2831891306293142,1.0896615526944742
2023-01-20,0.021972754405966907,0.0,0.0005,-0.0005,0.021972754405966907,1.282547696435911,1.1138694009713996
2023-01-23,-0.002043892419910665,0.0,0.0,-0.0,-0.002043892419910665,1.282547696435911,1.1115950967543
2023-01-24,-0.0022218374007403046,1.0,0.0005,-0.0027218374007403046,-0.0022218374007403046,1.2790615566525676,1.1091280548916835
2023-01-25,0.019309805410639626,1.0,0.0,0.019309805410639626,0.019309805410639626,1.3039999896724852,1.1307532187186822
2023-01-26,0.009905101335296951,0.0,0.0005,-0.0005,0.009905101335296951,1.3033481526504844,1.1420090972168704
2023-01-27,-0.020425922834404774,1.0,0.0005,-0.020925922834404774,-0.020425922834404774,1.2763577739762337,1.1189191272839432
2023-01-30,0.014874866067290967,1.0,0.0,0.014874866067290967,0.014874866067290967,1.295485332169628,1.1356873024439154
2023-01-31,0.021158058305228593,1.0,0.0,0.021158058305228593,0.021158058305228593,1.3231873130014409,1.1599722457790478
2023-02-01,0.035260900283339336,0.0,0.0005,-0.0005,0.035260900283339336,1.3225258847157915,1.201603577210703
2023-02-02,-0.017932184671425197,0.0,0.0,-0.0,-0.017932184671425197,1.3225258847157915,1.1802482460874277
2023-02-03,-0.008495057401347055,1.0,0.0005,-0.008995057401347055,-0.008495057401347055,1.3106830318898592,1.170264436049651
2023-02-06,0.020507018861113776,1.0,0.0,0.020507018861113776,0.020507018861113776,1.3378387230212776,1.19451083185568
2023-02-07,-0.017941059166496708,1.0,0.0,-0.017941059166496708,-0.017941059166496708,1.3140505102813549,1.1732711433197152
2023-02-08,-0.008877213647103447,1.0,0.0,-0.008877213647103447,-0.008877213647103447,1.3024370271106849,1.1629018579909047
2023-02-09,-0.0065848786274842015,1.0,0.0,-0.0065848786274842015,-0.0065848786274842015,1.2938888127322734,1.1552694472284346
2023-02-10,0.01588911282733427,1.0,0.0,0.01588911282733427,0.01588911282733427,1.3146117566799376,1.1737722611980592
2023-02-13,0.00736199644106904,1.0,0.0,0.00736199644106904,0.00736199644106904,1.324325636655405,1.1824454552463206
2023-02-14,0.007631765547049985,1.0,0.0,0.007631765547049985,0.007631765547049985,1.3344712446297824,1.1915041245856162
2023-02-15,-0.018942434443535192,1.0,0.0,-0.018942434443535192,-0.018942434443535192,1.3094310206930218,1.1691465577056532
2023-02-16,-0.007080729712613811,1.0,0.0,-0.007080729712613811,-0.007080729712613811,1.300192041516355,1.160897386477529
2023-02-17,-0.023959882032723492,1.0,0.0,-0.023959882032723492,-0.023959882032723492,1.2694098351940954,1.1334129982268157
2023-02-21,0.0007479431911879181,1.0,0.0,0.0007479431911879181,0.0007479431911879181,1.2703596367916967,1.1342610438670901
2023-02-22,0.008696148327286112,1.0,0.0,0.008696148327286112,0.008696148327286112,1.2814550463636751,1.1441677588466599
2023-02-23,-0.01688592281787213,1.0,0.0,-0.01688592281787213,-0.01688592281787213,1.2599981648178649,1.125009636882278
2023-02-24,0.007135693228738356,1.0,0.0,0.007135693228738356,0.007135693228738356,1.2690212799950769,1.1330660704648852
2023-02-27,-0.0012936172016763897,1.0,0.0,-0.0012936172016763897,-0.0012936172016763897,1.26738071359922,1.1316012643589566
2023-02-28,-0.00807173135433114,1.0,0.0,-0.00807173135433114,-0.00807173135433114,1.257191932824952,1.1225040474905579
2023-03-01,0.008242039783307061,1.0,0.0,0.008242039783307061,0.008242039783307061,1.267596577598675,1.1317940020044737
2023-03-02,0.020462882589940553,1.0,0.0,0.020462882589940553,0.020462882589940553,1.293802467132492,1.155192352170228
2023-03-03,0.0011339004049657725,1.0,0.0,0.0011339004049657725,0.0011339004049657725,1.2952703423287846,1.156502968159743
2023-03-06,-0.012341695320155789,1.0,0.0,-0.012341695320155789,-0.012341695320155789,1.279382751968909,1.1423174774496976
2023-03-07,0.00498183338147072,1.0,0.0,0.00498183338147072,0.00498183338147072,1.285772326352772,1.1480225117569987
2023-03-08,-0.017477751497778457,1.0,0.0,-0.017477751497778457,-0.017477751497778457,1.2634951616090335,1.1281319867396524
2023-03-09,-0.014143144507305033,1.0,0.0,-0.014143144507305033,-0.014143144507305033,1.245751140853846,1.1122889522781612
2023-03-10,0.0073890260913683885,1.0,0.0,0.0073890260913683885,0.0073890260913683885,1.2549901200305127,1.1205381235062855
2023-03-13,0.02271974744611894,1.0,0.0,0.02271974744611894,0.02271974744611894,1.2838295503576787,1.1462878729473462
2023-03-14,0.005232277574955974,1.0,0.0,0.005232277574955974,0.005232277574955974,1.2905645071406695,1.1523012874874745
2023-03-15,0.02601923121661233,1.0,0.0,0.02601923121661233,0.02601923121661233,1.3245846734547513,1.1826767404209415
2023-03-16,-0.004737255049056799,1.0,0.0,-0.004737255049056799,-0.004737255049056799,1.3183246174705612,1.1770873487009506
2023-03-17,0.001995649493562157,1.0,0.0,0.001995649493562157,0.001995649493562157,1.32095815826391,1.1794387479762571
2023-03-20,0.014181412724801215,1.0,0.0,0.014181412724801215,0.014181412724801215,1.3398246718162623,1.1962840181944359
2023-03-21,-0.013691288713617486,1.0,0.0,-0.013691288713617486,-0.013691288713617486,1.3216057502622744,1.1800169609128077
2023-03-22,0.011788338567531436,1.0,0.0,0.011788338567531436,0.011788338567531436,1.3372774766226954,1.1940097139773362
2023-03-23,0.003673631354983793,1.0,0.0,0.003673631354983793,0.003673631354983793,1.3421991758102654,1.198404132295122
2023-03-24,-0.0068748757825826375,1.0,0.0,-0.0068748757825826375,-0.0068748757825826375,1.3330033694334895,1.190193508596101
2023-03-27,-0.005325725389110831,1.0,0.0,-0.005325725389110831,-0.005325725389110831,1.325923030251371,1.183871713823146
2023-03-28,0.018069670792157225,1.0,0.0,0.018069670792157225,0.018069670792157225,1.3500997981903125,1.2054583301210415
2023-03-29,0.009420820789605723,1.0,0.0,0.009420820789605723,0.009420820789605723,1.3628789469580385,1.216868398735643
2023-03-30,0.01649398853948467,1.0,0.0,0.01649398853948467,0.01649398853948467,1.3855446669007958,1.23710585151492
2023-03-31,-0.002433394848978851,1.0,0.0,-0.002433394848978851,-0.002433394848978851,1.3821771885093004,1.234099144244856
2023-04-03,-0.003379121515789206,1.0,0.0,-0.003379121515789206,-0.003379121515789206,1.377514526121076,1.2299360111016904
2023-04-04,-0.009921497470627936,1.0,0.0,-0.009921497470627936,-0.009921497470627936,1.3639150941554214,1.2177935394341242
2023-04-05,0.006719586146419332,1.0,0.0,0.006719586146419332,0.006719586146419332,1.3731109005321975,1.2260041631331453
2023-04-06,-0.0005661089596402201,1.0,0.0,-0.0005661089596402201,-0.0005661089596402201,1.37233379013416,1.2253103076092842
2023-04-10,-0.006438400022105922,1.0,0.0,-0.006438400022105922,-0.006438400022105922,1.3635265389564026,1.2174466116721938
2023-04-11,-0.008873116240910037,1.0,0.0,-0.008873116240910037,-0.008873116240910037,1.3514813277868232,1.2066918510523497
2023-04-12,0.019392898294227256,1.0,0.0,0.019392898294227256,0.019392898294227256,1.3779462541199856,1.2303214863927243
2023-04-13,-0.0018816451125205768,1.0,0.0,-0.0018816451125205768,-0.0018816451125205768,1.3753558861265274,1.228008634646521
2023-04-14,0.0008471784758586172,1.0,0.0,0.0008471784758586172,0.0008471784758586172,1.3765215517235836,1.2290494179323126
2023-04-17,6.272541949700338e-05,1.0,0.0,6.272541949700338e-05,6.272541949700338e-05,1.3766078973233657,1.2291265129905196
2023-04-18,-0.000470536577215347,1.0,0.0,-0.000470536577215347,-0.000470536577215347,1.3759603053250011,1.2285483000539685
2023-04-19,-0.0076537011992777295,1.0,0.0,-0.0076537011992777295,-0.0076537011992777295,1.3654693149514963,1.2191812504818462
2023-04-20,0.0010428353423388617,1.0,0.0,0.0010428353423388617,0.0010428353423388617,1.3668940173478983,1.220453318942258
2023-04-21,-0.0020867593256008983,1.0,0.0,-0.0020867593256008983,-0.0020867593256008983,1.3640446125550945,1.2179091820214345
2023-04-24,-0.019043934325090914,1.0,0.0,-0.019043934325090914,-0.019043934325090914,1.3383136238200783,1.1949348546758174
2023-04-25,0.006046395418766588,1.0,0.0,0.006046395418766588,0.006046395418766588,1.34643011019958,1.2021817901472536
2023-04-26,0.026827713771890624,1.0,0.0,0.026827713771890624,0.026827713771890624,1.3830406445071197,1.2348700948269238
2023-04-27,0.006875017357918575,1.0,0.0,0.006875017357918575,0.006875017357918575,1.3925818332830235,1.2433890987587717
2023-04-28,-0.0011477318049364117,1.0,0.0,-0.0011477318049364117,-0.0011477318049364117,1.3909844396870576,1.2419628401819465
2023-05-01,-0.008759817225291611,1.0,0.0,-0.008759817225291611,-0.008759817225291611,1.378852882917696,1.2311309845038956
2023-05-02,-0.006565434235745298,1.0,0.0,-0.006565434235745298,-0.006565434235745298,1.369829767740484,1.2230745509212881
2023-05-03,-0.0035361385630205858,1.0,0.0,-0.0035361385630205858,-0.0035361385630205858,1.3649944141526957,1.2187572276617091
2023-05-04,0.02103166433036152,1.0,0.0,0.02103166433036152,0.02103166433036152,1.3940065356794256,1.2446611672191836
2023-05-05,0.002474559708712574,1.0,0.0,0.002474559708712574,0.002474559708712574,1.397460359670703,1.2477449695474543
2023-05-08,-0.0063533599730808766,1.0,0.0,-0.0063533599730808766,-0.0063533599730808766,1.3886099356930546,1.2398427260812606
2023-05-09,0.01082295112612958,1.0,0.0,0.01082295112612958,0.01082295112612958,1.403720415654893,1.253334361267445
2023-05-10,0.00325483138083558,1.0,0.0,0.00325483138083558,0.00325483138083558,1.4082967324433353,1.2574203993524038
2023-05-11,-0.0035932044249612103,1.0,0.0,-0.0035932044249612103,-0.0035932044249612103,1.4032455148560923,1.2529103384473077
2023-05-12,0.005400277000511534,1.0,0.0,0.005400277000511534,0.005400277000511534,1.4108439276369025,1.2596947035695034
2023-05-15,0.0011315851043096517,1.0,0.0,0.0011315851043096517,0.0011315851043096517,1.4124413212328684,1.2611209621463288
2023-05-16,0.012031499573703459,1.0,0.0,0.012031499573703459,0.012031499573703459,1.429537749989691,1.2763857836712689
2023-05-17,0.01840294907657009,1.0,0.0,0.01840294907657009,0.01840294907657009,1.4560890219226355,1.3000925140698503
2023-05-18,-0.002255930191805351,1.0,0.0,-0.002255930191805351,-0.002255930191805351,1.452807889130922,1.297162901857993
2023-05-19,0.0033523727902773945,1.0,0.0,0.0033523727902773945,0.0033523727902773945,1.4576864155186011,1.3015187726466755
2023-05-22,-0.012757252001321122,1.0,0.0,-0.012757252001321122,-0.012757252001321122,1.4392084571652675,1.285020430190427
2023-05-23,-0.005142791142633152,1.0,0.0,-0.005142791142633152,-0.005142791142633152,1.431825908383912,1.278428802713748
2023-05-24,0.02404155294024368,1.0,0.0,0.02404155294024368,0.02404155294024368,1.4666663578959225,1.3095366587001795
2023-05-25,0.02522949606653903,1.0,0.0,0.02522949606653903,0.02522949606653903,1.5041403482012812,1.3429959139619172
2023-05-26,0.004524765015253688,1.0,0.0,0.004524765015253688,0.004524765015253688,1.5109616505840542,1.349086423560252
2023-05-30,-0.005702266264187078,1.0,0.0,-0.005702266264187078,-0.005702266264187078,1.5023702634057519,1.3414154652686785
2023-05-31,0.011485840556061253,1.0,0.0,0.011485840556061253,0.011485840556061253,1.5197257289619204,1.356911571968239
2023-06-01,0.007471803362620085,1.0,0.0,0.007471803362620085,0.007471803362620085,1.5311233481331354,1.3670881196515323
2023-06-02,0.000704672004354947,1.0,0.0,0.000704672004354947,0.000704672004354947,1.5322026681304095,1.3680518078791168
2023-06-05,-0.0001690760000646671,1.0,0.0,-0.0001690760000646671,-0.0001690760000646671,1.5319436313310635,1.3678205227044964
2023-06-06,-0.017110953811863634,1.0,0.0,-0.017110953811863634,-0.017110953811863634,1.5059536057967018,1.344614910184259
2023-06-07,0.012336866014408693,1.0,0.0,0.012336866014408693,0.012336866014408693,1.5246474281494902,1.3613059902860245
2023-06-08,0.003815450117250954,1.0,0.0,0.003815450117250954,0.003815450117250954,1.5304757561347706,1.3665099067149813
2023-06-09,0.01675587111704128,1.0,0.0,0.01675587111704128,0.01675587111704128,1.55633626326946,1.3895998766479087
2023-06-12,0.007654614232073824,1.0,0.0,0.007654614232073824,0.007654614232073824,1.5682951288392575,1.4002775422095461
2023-06-13,0.00724124070386362,1.0,0.0,0.00724124070386362,0.00724124070386362,1.5796927480104723,1.4104540898928395
2023-06-14,0.01184538953586933,1.0,0.0,0.01184538953586933,0.01184538953586933,1.598516088762934,1.427260812581915
2023-06-15,-0.006312758877026332,1.0,0.0,-0.006312758877026332,-0.006312758877026332,1.5884568263883387,1.4182792383008267
2023-06-16,-0.002803371322767771,1.0,0.0,-0.002803371322767771,-0.002803371322767771,1.584010027999569,1.414308842803178
2023-06-20,-0.013721400791539645,1.0,0.0,-0.013721400791539645,-0.013721400791539645,1.5624236280540857,1.3950350782514855
2023-06-21,0.011729775868136416,1.0,0.0,0.011729775868136416,0.011729775868136416,1.5808584136075288,1.411494873178631
2023-06-22,-0.009962893403059973,1.0,0.0,-0.009962893403059973,-0.009962893403059973,1.5651866872471079,1.3975021201141025
2023-06-23,-0.013496081109047871,1.0,0.0,-0.013496081109047871,-0.013496081109047871,1.544204706500098,1.3787680209698576
2023-06-26,0.017047993650117943,1.0,0.0,0.017047993650117943,0.017047993650117943,1.5707559784330423,1.4024747513684388
2023-06-27,0.0019495592209441712,1.0,0.0,0.0019495592209441712,0.0019495592209441712,1.573821247225301,1.405211625934779
2023-06-28,-0.002004531459977276,1.0,0.0,-0.002004531459977276,-0.002004531459977276,1.5706696328332603,1.402397656310232
2023-06-29,0.015302454814363662,1.0,0.0,0.015302454814363662,0.015302454814363662,1.5948895735720927,1.424022820137231
2023-06-30,0.002352274272773228,1.0,0.0,0.002352274272773228,0.002352274272773228,1.598645607162607,1.4273764551692254
2023-07-03,-2.700622493663253e-05,1.0,0.0,-2.700622493663253e-05,-2.700622493663253e-05,1.5986024343627157,1.4273379076401218
2023-07-05,-0.007645007007421735,1.0,0.0,-0.007645007007421735,-0.007645007007421735,1.5864277047934632,1.4164675044329675
2023-07-06,-0.003325612987332089,1.0,0.0,-0.003325612987332089,-0.003325612987332089,1.5811606232067654,1.4117647058823546
2023-07-07,0.0003276003305303374,1.0,0.0,0.0003276003305303374,0.0003276003305303374,1.5816786968054573,1.4122272762315955
2023-07-10,0.00492833148681893,1.0,0.0,0.00492833148681893,0.00492833148681893,1.5894929735857222,1.419204378999308
2023-07-11,0.012550941419493599,1.0,0.0,0.012550941419493599,0.012550941419493599,1.6095683255350215,1.4371289800323817
2023-07-12,0.0168361757058451,1.0,0.0,0.0168361757058451,0.0168361757058451,1.6368967078660035,1.4615295659548242
2023-07-13,-0.00021102054890886456,1.0,0.0,-0.00021102054890886456,-0.00021102054890886456,1.6365513254668758,1.4612211857219972
2023-07-14,0.009295309024210795,1.0,0.0,0.009295309024210795,0.009295309024210795,1.6518344966282783,1.4748670110245954
2023-07-17,0.00814737375940394,1.0,0.0,0.00814737375940394,0.00814737375940394,1.6653475829941506,1.4869323876339546
2023-07-18,-0.00023334500164227424,1.0,0.0,-0.00023334500164227424,-0.00023334500164227424,1.6649590277951316,1.4865854598720238
2023-07-19,-0.023321842425391728,1.0,0.0,-0.023321842425391728,-0.023321842425391728,1.6265784086920625,1.4523167064991152
2023-07-20,-0.003003763605650395,1.0,0.0,-0.003003763605650395,-0.003003763605650395,1.6216998823043831,1.4479608357104328
2023-07-21,0.001596042155102072,1.0,0.0,0.001596042155102072,0.001596042155102072,1.6242902502978411,1.4502736874566358
2023-07-24,0.006754903103520956,1.0,0.0,0.006754903103520956,0.006754903103520956,1.6352993142700374,1.4601033073779985
2023-07-25,-0.0033320141894571395,1.0,0.0,-0.0033320141894571395,-0.0033320141894571395,1.6298595414837755,1.455246318710972
2023-07-26,-0.002386825860636677,1.0,0.0,-0.002386825860636677,-0.002386825860636677,1.6259739894935885,1.4517770410916675
2023-07-27,0.01805074665130049,1.0,0.0,0.01805074665130049,0.01805074665130049,1.6555905302187919,1.4782206460565892
2023-07-28,0.0005214036303536659,1.0,0.0,0.0005214036303536659,0.0005214036303536659,1.6564539862166114,1.478991596638657
2023-07-31,-0.0023223359035549783,1.0,0.0,-0.0023223359035549783,-0.0023223359035549783,1.6526116070263153,1.4755608665484559
2023-08-01,-0.02218850109056938,1.0,0.0,-0.02218850109056938,-0.02218850109056938,1.616346455117903,1.4431809421016129
2023-08-02,-0.0016038924553543582,1.0,0.0,-0.0016038924553543582,-0.0016038924553543582,1.6137560871244452,1.4408680903554099
2023-08-03,-0.004692767015404491,1.0,0.0,-0.004692767015404491,-0.004692767015404491,1.606200847143526,1.4341222727623175
2023-08-04,0.008431188950594944,1.0,0.0,0.008431188950594944,0.008431188950594944,1.6198002791091806,1.4462647444298837
2023-08-07,-0.008538710051714514,1.0,0.0,-0.008538710051714514,-0.008538710051714514,1.6060281559439624,1.4339680826459043
2023-08-08,-0.011055511232556476,1.0,0.0,-0.011055511232556476,-0.011055511232556476,1.588370480788557,1.4182021432426202
2023-08-09,0.0018465721472466618,1.0,0.0,0.0018465721472466618,0.0018465721472466618,1.5913062311811428,1.4208233752216501
2023-08-10,-0.006396058983580021,1.0,0.0,-0.006396058983580021,-0.006396058983580021,1.5811606232067656,1.4117647058823548
2023-08-11,0.011159648255041755,1.0,0.0,0.011159648255041755,0.011159648255041755,1.5989046439619532,1.427607740343846
2023-08-14,-0.010668287996199795,1.0,0.0,-0.010668287996199795,-0.010668287996199795,1.5819377336048033,1.412458561406216
2023-08-15,-0.010645403428325395,1.0,0.0,-0.010645403428325395,-0.010645403428325395,1.5651866872471083,1.397502120114103
2023-08-16,-0.010983025867491902,1.0,0.0,-0.010983025867491902,-0.010983025867491902,1.5480902584902851,1.3822372985891624
2023-08-17,-0.0012557381901547877,1.0,0.0,-0.0012557381901547877,-0.0012557381901547877,1.5461474824951917,1.3805026597795103
2023-08-18,0.015983055640987686,1.0,0.0,0.015983055640987686,0.015983055640987686,1.5710581880322794,1.4027445840721628
2023-08-21,-0.0014299859438196298,1.0,0.0,-0.0014299859438196298,-0.0014299859438196298,1.5688132024379493,1.400740112558787
2023-08-22,0.0156455839233974,1.0,0.0,0.0156455839233974,0.0156455839233974,1.5935512167754733,1.4228278467350264
2023-08-23,-0.021607511602174223,1.0,0.0,-0.021607511602174223,-0.021607511602174223,1.5594878776615007,1.392413846272456
2023-08-24,0.0077216201867438185,1.0,0.0,0.0077216201867438185,0.0077216201867438185,1.571576261630971,1.4032071544214035
2023-08-25,0.007498871999438688,1.0,0.0,0.007498871999438688,0.007498871999438688,1.5834056088010962,1.413769177395731
2023-08-28,0.021604821289545724,1.0,0.0,0.021604821289545724,0.021604821289545724,1.6179870215137604,1.444645748207542
2023-08-29,0.0055612612230986486,1.0,0.0,0.0055612612230986486,0.0055612612230986486,1.6270101366909724,1.4527021817901493
2023-08-30,0.002993974548847904,1.0,0.0,0.002993974548847904,0.002993974548847904,1.6318886630786518,1.457058052578832
2023-08-31,-0.0010587893733764319,1.0,0.0,-0.0010587893733764319,-0.0010587893733764319,1.6301617510830129,1.4555161514146964
2023-09-01,0.0012704127902970254,1.0,0.0,0.0012704127902970254,0.0012704127902970254,1.6322340454777793,1.4573664328116587
2023-09-05,-0.008846911489746574,1.0,0.0,-0.008846911489746574,-0.008846911489746574,1.6178575031140874,1.4445301056202318
2023-09-06,-0.007177320580524911,1.0,0.0,-0.007177320580524911,-0.007177320580524911,1.6062871927433082,1.4341993678205245
2023-09-07,0.0013966482717208183,1.0,0.0,0.0013966482717208183,0.0013966482717208183,1.6085321783376383,1.4362038393339005
2023-09-08,0.011713828823325514,1.0,0.0,0.011713828823325514,0.011713828823325514,1.6274850374897727,1.4531262046102862
2023-09-11,-0.011150350267557464,1.0,0.0,-0.011150350267557464,-0.011150350267557464,1.6094388071353487,1.4370133374450715
2023-09-12,0.0038018787427654775,1.0,0.0,0.0038018787427654775,0.0038018787427654775,1.6155693447198658,1.442487086577752
2023-09-13,0.008143974324485933,1.0,0.0,0.008143974324485933,0.008143974324485933,1.6287802214865015,1.4542826304833876
2023-09-14,-0.017271309440242067,1.0,0.0,-0.017271309440242067,-0.017271309440242067,1.6008905927569372,1.4293809266826014
2023-09-15,-0.00040460167517566075,1.0,0.0,-0.00040460167517566075,-0.00040460167517566075,1.6002430007585728,1.4288027137460508
2023-09-18,-0.0021336078205931005,1.0,0.0,-0.0021336078205931005,-0.0021336078205931005,1.5968323495671866,1.4257574589468833
2023-09-19,-0.01451530775178362,1.0,0.0,-0.01451530775178362,-0.01451530775178362,1.5738212472253013,1.4052116259347796
2023-09-20,-0.01849443633307158,1.0,0.0,-0.01849443633307158,-0.01849443633307158,1.5449818168981355,1.3794618764937188
2023-09-21,0.00013970968350532391,1.0,0.0,0.00013970968350532391,0.00013970968350532391,1.5451976808975905,1.3796546141392356
2023-09-22,0.004738552739896975,1.0,0.0,0.004738552739896975,0.004738552739896975,1.5525370568790549,1.3862076940868109
2023-09-25,-0.015130153299990137,1.0,0.0,-0.015130153299990137,-0.015130153299990137,1.5292237449379327,1.3653920283709833
2023-09-26,0.00234050159715582,1.0,0.0,0.00234050159715582,0.00234050159715582,1.532807087328883,1.3685914732865643
2023-09-27,0.00833045978719233,1.0,0.0,0.00833045978719233,0.00833045978719233,1.5456294088965,1.3800400894302693
2023-09-28,0.0007259731150363124,1.0,0.0,0.0007259731150363124,0.0007259731150363124,1.5467519016936648,1.3810423251869572
2023-09-29,0.008311028617898751,1.0,0.0,0.008311028617898751,0.008311028617898751,1.5596605688610639,1.392568036388869
2023-10-02,-0.0177055087372744,1.0,0.0,-0.0177055087372744,-0.0177055087372744,1.532289013730191,1.3681289029373234
2023-10-03,0.013516933800340225,1.0,0.0,0.013516933800340225,0.013516933800340225,1.5531414760775282,1.386747359494258
2023-10-04,-0.002950840067809703,1.0,0.0,-0.002950840067809703,-0.002950840067809703,1.5485651592890857,1.3826613214092993
2023-10-05,0.01661659211496705,1.0,0.0,0.01661659211496705,0.01661659211496705,1.5745120120235565,1.4058283864004335
2023-10-06,0.005087120890550974,0.0,0.0005,-0.0005,0.005087120890550974,1.573724952798748,1.4129982268136632
2023-10-09,0.005522696482651237,1.0,0.0005,0.005022696482651237,0.005522696482651237,1.5816491794173981,1.4208233752216501
2023-10-10,0.007109963583115755,1.0,0.0,0.007109963583115755,0.007109963583115755,1.59293471983322,1.4309613753758403
2023-10-11,-0.003481080220403738,1.0,0.0,-0.003481080220403738,-0.003481080220403738,1.5873992266254593,1.4259887441215038
2023-10-12,-0.012649615769063491,1.0,0.0,-0.012649615769063491,-0.012649615769063491,1.5674457045974852,1.4080641430884298
2023-10-13,0.011242955543069144,1.0,0.0,0.011242955543069144,0.011242955543069144,1.5851678650223313,1.4239842726081278
2023-10-16,-0.003280869525576942,1.0,0.0,-0.003280869525576942,-0.003280869525576942,1.579975658215052,1.4193200215866182
2023-10-17,-0.013204669904526484,1.0,0.0,-0.013204669904526484,-0.013204669904526484,1.5592497417859952,1.4007015650296835
2023-10-18,-0.009400904250043661,1.0,0.0,-0.009400904250043661,-0.009400904250043661,1.5446600697655413,1.387595405134533
2023-10-19,-0.01503030100429975,1.0,0.0,-0.01503030100429975,-0.01503030100429975,1.5216169701332358,1.3668953820060152
2023-10-20,0.0030129410208462335,1.0,0.0,0.0030129410208462335,0.0030129410208462335,1.5262084257396729,1.3710199676200774
2023-10-23,0.00968110527043429,1.0,0.0,0.00968110527043429,0.00968110527043429,1.5410555625604876,1.3843574126898484
2023-10-24,-0.024780328407887055,1.0,0.0,-0.024780328407887055,-0.024780328407887055,1.5033369693076077,1.3504741346079732
2023-10-25,-0.01925131500490203,1.0,0.0,-0.01925131500490203,-0.01925131500490203,1.4746725548674218,1.3247243851669126
2023-10-26,0.004789767782361044,1.0,0.0,0.004789767782361044,0.004789767782361044,1.481752836877348,1.331084727468971
2023-10-27,0.011202259664487018,1.0,0.0,0.011202259664487018,0.011202259664487018,1.49844513810075,1.3460797162901876
2023-10-30,0.004770960526002866,1.0,0.0,0.004770960526002866,0.004770960526002866,1.5056112417107963,1.3525171536504528
2023-10-31,0.01720794619277228,1.0,0.0,0.01720794619277228,0.01720794619277228,1.5317439189474331,1.3759925988744137
2023-11-01,0.017990490766925517,1.0,0.0,0.017990490766925517,0.017990490766925517,1.5595501173864161,1.400971397733407
2023-11-02,0.011680362570035619,1.0,0.0,0.011680362570035619,0.011680362570035619,1.577873029012104,1.4174311926605523
2023-11-03,0.004071003831171527,0.0,0.0005,-0.0005,0.004071003831171527,1.5770842896988582,1.4232133220260599
2023-11-06,0.00940821863285774,1.0,0.0005,0.00890821863285774,0.00940821863285774,1.5911960634152638,1.4366664096831412
2023-11-07,0.0006437423107346973,0.0,0.0005,-0.0005,0.0006437423107346973,1.5904006642499184,1.4375915503816226
2023-11-08,-0.007725371862505841,1.0,0.0005,-0.008225371862505841,-0.007725371862505841,1.5773726808326927,1.4265284095289512
2023-11-09,0.022233232833769937,0.0,0.0005,-0.0005,0.022233232833769937,1.5765841916310035,1.458599953742967
2023-11-10,-0.0031233482246464405,0.0,0.0,-0.0,-0.0031233482246464405,1.5765841916310035,1.4540513453087676
2023-11-13,0.021298048465201037,1.0,0.0005,0.020798048465201037,0.021298048465201037,1.6097174250242243,1.485351938940716
2023-11-14,0.0007523186034838091,0.0,0.0005,-0.0005,0.0007523186034838091,1.6089127674928587,1.4864698172847142
2023-11-15,0.0008553987846129312,1.0,0.0005,0.0003553987846129312,0.0008553987846129312,1.6094846747565275,1.4877418857451257
2023-11-16,0.00023316364307245094,1.0,0.0,0.00023316364307245094,0.00023316364307245094,1.6098599918202097,1.4880888135070562
2023-11-17,0.012101386124554163,1.0,0.0,0.012101386124554163,0.012101386124554163,1.6294598829236056,1.506206152185647
2023-11-20,-0.0058264304146309395,1.0,0.0,-0.0058264304146309395,-0.0058264304146309395,1.6199935525396252,1.4974558630791788
2023-11-21,0.004084626695573907,1.0,0.0,0.004084626695573907,0.004084626695573907,1.626624153998008,1.5035849202066167
2023-11-22,-0.0014110345222495132,1.0,0.0,-0.0014110345222495132,-0.0014110345222495132,1.624330549719951,1.5014648061059306
2023-11-24,-0.0008732727734297608,1.0,0.0,-0.0008732727734297608,-0.0008732727734297608,1.622912685257152,1.5001541901164155
2023-11-27,0.002617533828721009,1.0,0.0,0.002617533828721009,0.002617533828721009,1.6271662786455485,1.5040860380849608
2023-11-28,-0.0009743590514450082,1.0,0.0,-0.0009743590514450082,-0.0009743590514450082,1.625581606598891,1.5026212319790322
2023-11-29,-0.002517210822635823,1.0,0.0,-0.002517210822635823,-0.002517210822635823,1.621494820794353,1.4988435741269004
2023-11-30,0.0028506510309191705,1.0,0.0,0.0028506510309191705,0.0028506510309191705,1.6261237312464318,1.503122349857376
2023-12-01,-0.009326839569026031,1.0,0.0,-0.009326839569026031,-0.009326839569026031,1.6110276449072205,1.4891681443219509
2023-12-04,0.0025077248441340355,1.0,0.0,0.0025077248441340355,0.0025077248441340355,1.6150727288157938,1.4929072546449793
2023-12-05,-0.005800570424161266,1.0,0.0,-0.005800570424161266,-0.005800570424161266,1.6057315041197073,1.4842726081258213
2023-12-06,0.01387549986360429,1.0,0.0,0.01387549986360429,0.01387549986360429,1.628167124148701,1.5050111787834421
2023-12-07,0.004446723401826506,1.0,0.0,0.004446723401826506,0.004446723401826506,1.635423254046554,1.5117184488474313
2023-12-08,0.008505935578581376,1.0,0.0,0.008505935578581376,0.008505935578581376,1.6493933891947192,1.524631871097065
2023-12-11,0.00793265218225496,1.0,0.0,0.00793265218225496,0.00793265218225496,1.6625294864235913,1.5367743427646314
2023-12-12,0.012637099416755566,1.0,0.0,0.012637099416755566,0.012637099416755566,1.6836723476776803,1.5563179400200473
2023-12-13,-0.0008672705064561735,1.0,0.0,-0.0008672705064561735,-0.0008672705064561735,1.6822127813189165,1.5549687765014286
2023-12-14,0.004822385169341595,1.0,0.0,0.004822385169341595,0.004822385169341595,1.6903446510320275,1.5624855446765886
2023-12-15,0.004283505232563732,1.0,0.0,0.004283505232563732,0.004283505232563732,1.6976007809298808,1.5691928147405776
2023-12-18,0.005096551265075884,1.0,0.0,0.005096551265075884,0.005096551265075884,1.7062747752905327,1.5772107007940817
2023-12-19,-0.014971224176605017,1.0,0.0,-0.014971224176605017,-0.014971224176605017,1.6809200225440117,1.5537738030992239
2023-12-20,0.011568236548809674,1.0,0.0,0.011568236548809674,0.011568236548809674,1.700478211751443,1.5718525942487112
2023-12-21,0.001494823533877242,1.0,0.0,0.001494823533877242,0.001494823533877242,1.703022027405288,1.5742039935240175
2023-12-22,0.006103087566652981,1.0,0.0,0.006103087566652981,0.006103087566652981,1.713447501396456,1.5838408757998637
2023-12-26,0.0015078190555828973,1.0,0.0,0.0015078190555828973,0.0015078190555828973,1.716033018946266,1.5862308226042736
2023-12-27,-0.0004861448807461197,1.0,0.0,-0.0004861448807461197,-0.0004861448807461197,1.7151989810269723,1.585459872022206
2023-12-28,-0.004337133087050629,1.0,0.0,-0.004337133087050629,-0.004337133087050629,1.7077760435452607,1.5785984118418033
2023-12-29,-0.017067067801547306,1.0,0.0,-0.017067067801547306,-0.017067067801547306,1.6788766296417426,1.5518849741731577
2024-01-02,-0.010637866886129584,1.0,0.0,-0.010637866886129584,-0.010637866886129584,1.6611116219607922,1.535463726775116
2024-01-03,-0.005159775356821426,1.0,0.0,-0.005159775356821426,-0.005159775356821426,1.6525627332880344,1.5275614833089222
2024-01-04,0.0011853273016890788,1.0,0.0,0.0011853273016890788,0.0011853273016890788,1.6545227223983743,1.5293732171767813
2024-01-05,0.02045724328848035,1.0,0.0,0.02045724328848035,0.02045724328848035,1.6887182770894054,1.5609821910415567
2024-01-08,0.0019736036997017956,1.0,0.0,0.0019736036997017956,0.0019736036997017956,1.6920544287665793,1.5640659933698275
2024-01-09,0.006754707905356918,1.0,0.0,0.006754707905356918,0.006754707905356918,1.703522450156864,1.5746665638732582
2024-01-10,0.0020786215223997204,1.0,0.0,0.0020786215223997204,0.0020786215223997204,1.7070671113138614,1.577943103847046
2024-01-11,0.0005128768841588317,1.0,0.0,0.0005128768841588317,0.0005128768841588317,1.7079428511291195,1.5787526019582172
2024-01-12,-9.767055728826789e-05,1.0,0.0,-9.767055728826789e-05,-9.767055728826789e-05,1.7077760435452607,1.5785984118418035
2024-01-16,-0.005656719257778516,1.0,0.0,-0.005656719257778516,-0.005656719257778516,1.6981429055774213,1.5696939326189217
2024-01-17,0.014094356701281853,1.0,0.0,0.014094356701281853,0.014094356701281853,1.7222466014450022,1.5919744044406783
2024-01-18,0.019636916158801337,1.0,0.0,0.019636916158801337,0.019636916158801337,1.7564004542400689,1.62354483077635
2024-01-19,0.0013050030918026697,1.0,0.0,0.0013050030918026697,0.0013050030918026697,1.758694058518126,1.6256649448770364
2024-01-22,0.004140988631744015,1.0,0.0,0.004140988631744015,0.004140988631744015,1.7659918903119436,1.6324107624701285
2024-01-23,0.005533918115283674,1.0,0.0,0.005533918115283674,0.005533918115283674,1.7757918358636415,1.6414694318094236
2024-01-24,0.0012203995975958168,1.0,0.0,0.0012203995975958168,0.0012203995975958168,1.7779603344538044,1.6434739033227996
2024-01-25,-0.005975363596376085,1.0,0.0,-0.005975363596376085,-0.005975363596376085,1.7673680528787776,1.63368283093054
2024-01-26,0.01018835988051842,1.0,0.0,0.01018835988051842,0.01018835988051842,1.7854666757274453,1.6504124585614088
2024-01-29,-0.006678799212613155,1.0,0.0,-0.006678799212613155,-0.006678799212613155,1.7735816353775138,1.6394264127669442
2024-01-30,-0.019780525494811477,1.0,0.0,-0.019780525494811477,-0.019780525494811477,1.7388439560389417,1.607316321023825
2024-01-31,0.011706636643636947,1.0,0.0,0.011706636643636947,0.011706636643636947,1.7593195869575955,1.6262431578135865
2024-02-01,0.016759315271239236,1.0,0.0,0.016759315271239236,0.016759315271239236,1.7890530387804071,1.6537275460643
2024-02-02,-0.0013061835645248657,1.0,0.0,-0.0013061835645248657,-0.0013061835645248657,1.7867177326063852,1.6515688844345104
2024-02-05,-0.002009252580078531,1.0,0.0,-0.002009252580078531,-0.002009252580078531,1.7831313695534234,1.648253796931619
2024-02-06,0.010237647292990362,1.0,0.0,0.010237647292990362,0.010237647292990362,1.8014802037778792,1.6652147097371084
2024-02-07,0.001850182076855559,1.0,0.0,0.001850182076855559,0.001850182076855559,1.8048163554550531,1.6682985120653793
2024-02-08,0.009794983121601623,1.0,0.0,0.009794983121601623,0.009794983121601623,1.8225813631360035,1.684719759463421
2024-02-09,-0.003920270039805942,1.0,0.0,-0.003920270039805942,-0.003920270039805942,1.8154503389260443,1.678128131986742
2024-02-12,-0.015719917641799235,1.0,0.0,-0.015719917641799235,-0.015719917641799235,1.7871347515660319,1.651954359725544
2024-02-13,0.010838264767940257,1.0,0.0,0.010838264767940257,0.010838264767940257,1.8066095369815338,1.6699560558168245
2024-02-14,0.0029732772874981766,1.0,0.0,0.0029732772874981766,0.0029732772874981766,1.811989081560976,1.6749286870711608
2024-02-15,-0.009109047124740234,1.0,0.0,-0.009109047124740234,-0.009109047124740234,1.795558534550895,1.6597409606044273
2024-02-16,-0.007576765197903524,1.0,0.0,-0.007576765197903524,-0.007576765197903524,1.7820054183623768,1.6472130136458274
2024-02-20,-0.004009713085682794,1.0,0.0,-0.004009713085682794,-0.004009713085682794,1.7748743941524179,1.6406213861691485
2024-02-21,0.02885528096660793,1.0,0.0,0.02885528096660793,0.02885528096660793,1.8268349565243993,1.6886516074319655
2024-02-22,-0.00294907912198587,1.0,0.0,-0.00294907912198587,-0.00294907912198587,1.8214554119449566,1.6836789761776287
2024-02-23,-0.000526719579809345,1.0,0.0,-0.000526719579809345,-0.000526719579809345,1.8204962683377692,1.6827923830082512
2024-02-26,0.0024023348509547918,1.0,0.0,0.0024023348509547918,0.0024023348509547918,1.8248749674140599,1.6868398735641064
2024-02-27,-0.005338722912068065,1.0,0.0,-0.005338722912068065,-0.005338722912068065,1.8151584256542912,1.6778582992830178
2024-02-28,0.008532884879467998,1.0,0.0,0.008532884879467998,0.008532884879467998,1.830713232849114,1.6922365276385805
2024-02-29,0.014944716937798459,1.0,0.0,0.014944716937798459,0.014944716937798459,1.8582781860817625,1.7177164443759176
2024-03-01,-0.0035745235501976184,1.0,0.0,-0.0035745235501976184,-0.0035745235501976184,1.8516475846233795,1.7115873872484793
2024-03-04,-0.0181126907897775,1.0,0.0,-0.0181126907897775,-0.0181126907897775,1.8184111735395359,1.680865006553082
2024-03-05,0.006264023042691197,1.0,0.0,0.006264023042691197,0.006264023042691197,1.8298374930338561,1.6914270295274094
2024-03-06,0.015064068450966979,1.0,0.0,0.015064068450966979,0.015064068450966979,1.8576109557463278,1.7170996839102635
2024-03-07,-0.014540037042659165,1.0,0.0,-0.014540037042659165,-0.014540037042659165,1.8307966366410438,1.6923136226967874
2024-03-08,-0.003719724511215403,1.0,0.0,-0.003719724511215403,-0.003719724511215403,1.8239992275988022,1.6860303754529358
2024-03-11,0.0142332577053099,1.0,0.0,0.0142332577053099,0.0142332577053099,1.8501463163686518,1.710199676200758
2024-03-12,-0.00771575594177251,1.0,0.0,-0.00771575594177251,-0.00771575594177251,1.8359259698446986,1.6970549687765037
2024-03-13,-0.0025244785351247767,1.0,0.0,-0.0025244785351247767,-0.0025244785351247767,1.8312970593926197,1.6927761930460279
2024-03-14,-0.011958083529214633,1.0,0.0,-0.011958083529214633,-0.011958083529214633,1.809528669699061,1.6726543828540612
2024-03-15,0.008170805155048986,1.0,0.0,0.008170805155048986,0.008170805155048986,1.8243745446624842,1.6863773032148661
2024-03-18,0.0024884437246092054,1.0,0.0,0.0024884437246092054,0.0024884437246092054,1.8289200513226336,1.6905789838871352
2024-03-19,0.011786976004885482,1.0,0.0,0.011786976004885482,0.011786976004885482,1.8506050372242628,1.710623699020895
2024-03-20,0.004721019514417051,1.0,0.0,0.004721019514417051,0.004721019514417051,1.859362435376844,1.7187186801326058
2024-03-21,0.001143177485102368,1.0,0.0,0.001143177485102368,0.001143177485102368,1.8614892320710423,1.7206846041168782
2024-03-22,-0.003635796360990732,1.0,0.0,-0.003635796360990732,-0.003635796360990732,1.8547335249247654,1.71443990440213
2024-03-25,-0.003242953927596161,1.0,0.0,-0.003242953927596161,-0.003242953927596161,1.8487284519058524,1.7088890602112425
2024-03-26,0.003400329797703632,1.0,0.0,0.003400329797703632,0.003400329797703632,1.855025438196518,1.7147097371058535
2024-03-27,-0.001845102004036944,1.0,0.0,-0.001845102004036944,-0.001845102004036944,1.8516058827274147,1.7115488397193759
2024-03-28,0.002114831601752241,1.0,0.0,0.002114831601752241,0.002114831601752241,1.855525860948094,1.715172307455094
2024-04-01,-0.008667638852714533,1.0,0.0,-0.008667638852714533,-0.008667638852714533,1.8395123328976601,1.7003700562793946
2024-04-02,0.0022418233820408703,1.0,0.0,0.0022418233820408703,0.0022418233820408703,1.8436408205981625,1.7041862616606296
2024-04-03,-0.015408765845506631,1.0,0.0,-0.015408765845506631,-0.015408765845506631,1.8154503389260437,1.6781281319867414
2024-04-04,0.011715003643543814,1.0,0.0,0.011715003643543814,0.011715003643543814,1.836843411555921,1.697903014416778
2024-04-05,0.0002950957380080848,1.0,0.0,0.0002950957380080848,0.0002950957380080848,1.8373855362034617,1.698404132295122
2024-04-08,0.0036926743590538114,1.0,0.0,0.0036926743590538114,0.0036926743590538114,1.8441829452457035,1.7046873795389739
2024-04-09,-0.00876680609190925,1.0,0.0,-0.00876680609190925,-0.00876680609190925,1.8280860134033399,1.6898080333050673
2024-04-10,0.015842094733068128,1.0,0.0,0.015842094733068128,0.015842094733068128,1.8572773405786103,1.7167913036774363
2024-04-11,-0.01607023855592315,1.0,0.0,-0.01607023855592315,-0.01607023855592315,1.8276689944436928,1.6894225580140332
2024-04-12,-0.01658786726086476,1.0,0.0,-0.01658786726086476,-0.01658786726086476,1.797601927453164,1.6616297895304928
2024-04-15,9.279020142128858e-05,1.0,0.0,9.279020142128858e-05,9.279020142128858e-05,1.7977687350370226,1.6617839796469063
2024-04-16,-0.012276392888587099,1.0,0.0,-0.012276392888587099,-0.012276392888587099,1.7758335377596048,1.6415079793385259
2024-04-17,-0.005722712114822937,1.0,0.0,-0.005722712114822937,-0.005722712114822937,1.76569997704019,1.6321409297664036
2024-04-18,-0.020906185852466178,1.0,0.0,-0.020906185852466178,-0.020906185852466178,1.7291691161751368,1.5983732942718387
2024-04-19,0.010006442450793502,1.0,0.0,0.010006442450793502,0.010006442450793502,1.7465588067924054,1.6144476139079502
2024-04-22,0.014812627896238892,1.0,0.0,0.014812627896238892,0.014812627896238892,1.7726224917703255,1.6385398195975653
2024-04-23,0.0033819520714711768,1.0,0.0,0.0033819520714711768,0.0033819520714711768,1.7786275647892384,1.6440906637884527
2024-04-24,-0.004841600131739463,1.0,0.0,-0.004841600131739463,-0.004841600131739463,1.7700369742205158,1.6361498727931556
2024-04-25,0.015313876919770916,1.0,0.0,0.015313876919770916,0.015313876919770916,1.7973517160773762,1.6613985043558723
2024-04-26,0.004052103952570829,1.0,0.0,0.004052103952570829,0.004052103952570829,1.8046495478711937,1.6681443219489647
2024-04-29,-0.01903619664246146,1.0,0.0,-0.01903619664246146,-0.01903619664246146,1.770620800764021,1.6366895382006028
2024-04-30,-0.007256771512826843,1.0,0.0,-0.007256771512826843,-0.007256771512826843,1.7578183187028666,1.6248554467658638
2024-05-01,0.012682567862885996,1.0,0.0,0.012682567862885996,0.012682567862885996,1.7802539387318603,1.6455940174234847
2024-05-02,0.019899077249063018,1.0,0.0,0.019899077249063018,0.019899077249063018,1.8160341654695493,1.6786677973941888
2024-05-03,0.010893876363336196,0.0,0.0005,-0.0005,0.010893876363336196,1.815126375353256,1.697054968776503
2024-05-06,0.00015898792860857114,1.0,0.0005,-0.00034101207139142887,0.00015898792860857114,1.8145075008759906,1.6973248014802267
2024-05-07,-0.0005906540529291615,1.0,0.0,-0.0005906540529291615,-0.0005906540529291615,1.8134360711198412,1.6963225657235388
2024-05-08,0.002179144640426831,1.0,0.0,0.002179144640426831,0.002179144640426831,1.8173921194502392,1.7000231285174634
2024-05-09,0.002355393578874296,1.0,0.0,0.002355393578874296,0.002355393578874296,1.8216778384748373,1.7040320715442154
2024-05-10,0.0023047211774360034,1.0,0.0,0.0023047211774360034,0.0023047211774360034,1.8258811398258854,1.7079639195127607
2024-05-13,0.00641164838064049,1.0,0.0,0.00641164838064049,0.00641164838064049,1.8376256583067552,1.718949965307225
2024-05-14,0.015509361532795434,1.0,0.0,0.015509361532795434,0.015509361532795434,1.866348217538917,1.745817593092284
2024-05-15,-0.002033419496509813,1.0,0.0,-0.002033419496509813,-0.002033419496509813,1.8625570045556188,1.7422712204147726
2024-05-16,-0.0004868657010771622,1.0,0.0,-0.0004868657010771622,-0.0004868657010771622,1.8616504101465692,1.7414231747744982
2024-05-17,0.006948531823132312,1.0,0.0,0.006948531823132312,0.006948531823132312,1.8746311937306885,1.7535656464420644
2024-05-20,0.001954519623870354,1.0,0.0,0.001954519623870354,0.001954519623870354,1.8782987802036617,1.7569963765322654
2024-05-21,-0.0001974745209433014,1.0,0.0,-0.0001974745209433014,-0.0001974745209433014,1.8779279006726868,1.7566494487703348
2024-05-22,-0.004508623492407011,1.0,0.0,-0.004508623492407011,-0.004508623492407011,1.8694800891338157,1.7487472053041413
2024-05-23,0.009411989050763028,1.0,0.0,0.009411989050763028,0.009411989050763028,1.8871586801102829,1.7652840952894933
2024-05-24,0.0037705873819828964,1.0,0.0,0.0037705873819828964,0.0037705873819828964,1.8942878088723547,1.7719528178243786
2024-05-28,-0.007073338664500525,1.0,0.0,-0.007073338664500525,-0.007073338664500525,1.8809361457572606,1.759463418394882
2024-05-29,-0.010771147869671087,1.0,0.0,-0.010771147869671087,-0.010771147869671087,1.8607850245742947,1.7406136766633271
2024-05-30,-0.0018619915383390603,1.0,0.0,-0.0018619915383390603,-0.0018619915383390603,1.857323482285196,1.7373756842186427
2024-05-31,0.005354942872349604,1.0,0.0,0.005354942872349604,0.005354942872349604,1.8672960207847416,1.7467041862616617
2024-06-03,0.002732784069872197,1.0,0.0,0.002732784069872197,0.002732784069872197,1.8724059165448395,1.7514840798704816
2024-06-04,0.019959263729746008,1.0,0.0,0.019959263729746008,0.019959263729746008,1.9101532110307227,1.7867936165291818
2024-06-05,-0.00034523681430391825,1.0,0.0,-0.00034523681430391825,-0.00034523681430391825,1.9094938696423231,1.7861768560635278
2024-06-06,-0.0008852137505492057,1.0,0.0,-0.0008852137505492057,-0.0008852137505492057,1.907804307334549,1.7845964073702891
2024-06-07,0.004031090079096102,1.0,0.0,0.004031090079096102,0.004031090079096102,1.9155103598114707,1.7918047953126222
2024-06-10,0.006839282702586575,1.0,0.0,0.006839282702586575,0.006839282702586575,1.92865597874269,1.8041014570966019
2024-06-11,0.01301269728247063,1.0,0.0,0.01301269728247063,0.01301269728247063,1.9539169956857538,1.8277310924369767
2024-06-12,0.005405589108987094,1.0,0.0,0.005405589108987094,0.005405589108987094,1.9645076667369243,1.837637807416547
2024-06-13,0.005167862031251512,1.0,0.0,0.005167862031251512,0.005167862031251512,1.974686249420345,1.847159047105083
2024-06-14,0.01217541615609773,1.0,0.0,0.01217541615609773,0.01217541615609773,1.9988758366072594,1.8697864466887697
2024-06-17,0.0003091922891463394,1.0,0.0,0.0003091922891463394,0.0003091922891463394,1.9994939691588842,1.8703646596253207
2024-06-18,-0.007737862914044295,1.0,0.0,-0.007737862914044295,-0.007737862914044295,1.9840818642050413,1.8559478837406551
2024-06-20,-0.002682890394164811,1.0,0.0,-0.002682890394164811,-0.002682890394164811,1.9787659242610685,1.8509752524863183
2024-06-21,-0.013038103658470617,1.0,0.0,-0.013038103658470617,-0.013038103658470617,1.9531340277870297,1.826998689384013
2024-06-24,0.011370672366305285,1.0,0.0,0.011370672366305285,0.011370672366305285,1.9754692173190702,1.8478914501580477
2024-06-25,0.0020630379809957722,1.0,0.0,0.0020630379809957722,0.0020630379809957722,1.9795488921597932,1.8517076555392826
2024-06-26,0.00257801760280116,1.0,0.0,0.00257801760280116,0.00257801760280116,1.9846587879198911,1.8564875491481025
2024-06-27,-0.005204441758178706,1.0,0.0,-0.005204441758178706,-0.005204441758178706,1.9743565787261457,1.8468506668722564
2024-06-28,0.005847909031011501,1.0,0.0,0.005847909031011501,0.005847909031011501,1.9859362618599155,1.8576825225503075
2024-07-01,0.010444929306005032,1.0,0.0,0.010444929306005032,0.010444929306005032,2.0067879332680563,1.8771875722766198
2024-07-02,0.008302536393946925,1.0,0.0,0.008302536393946925,0.008302536393946925,2.0235187209986987,1.8928378690925942
2024-07-03,0.010372864480712687,1.0,0.0,0.010372864480712687,0.010372864480712687,2.0446176454274894,1.912574203993527
2024-07-05,0.0023754414793510244,1.0,0.0,0.0023754414793510244,0.0023754414793510244,2.049480288166937,1.9171228124277262
2024-07-08,0.0008642261192499693,1.0,0.0,0.0008642261192499693,0.0008642261192499693,2.0512522681482612,1.9187803561791716
2024-07-09,0.010372521124065727,1.0,0.0,0.010372521124065727,0.010372521124065727,2.0726396544344765,1.9387865237838282
2024-07-10,-0.022174214127512006,1.0,0.0,-0.022174214127512006,-0.022174214127512006,2.027186307471672,1.8962685991827952
2024-07-11,0.005857630126025553,1.0,0.0,0.005857630126025553,0.005857630126025553,2.039095661299642,1.9074088350936735
2024-07-12,0.0026842402869314106,1.0,0.0,0.0026842402869314106,0.0026842402869314106,2.0445764365907144,1.9125356564644236
2024-07-15,0.00038287539888769644,1.0,0.0,0.00038287539888769644,0.00038287539888769644,2.0453594044894388,1.9132680595173877
2024-07-16,-0.02979435401762903,1.0,0.0,-0.02979435401762903,-0.02979435401762903,1.9853181293082907,1.8571043096137565
2024-07-17,-0.004743782692837453,1.0,0.0,-0.004743782692837453,-0.004743782692837453,1.9759225145235948,1.848315472978185
2024-07-18,-0.00890309945858512,1.0,0.0,-0.00890309945858512,-0.00890309945858512,1.9584087588942276,1.8319327731092465
2024-07-19,0.014787854591063361,1.0,0.0,0.014787854591063361,0.014787854591063361,1.9875846153309145,1.8592244237144424
2024-07-22,-0.0035308570962907923,1.0,0.0,-0.0035308570962907923,-0.0035308570962907923,1.9805791130791677,1.8526713437668672
2024-07-23,-0.0365294852756318,1.0,0.0,-0.0365294852756318,-0.0365294852756318,1.9095350784790992,1.7862154035926323
2024-07-24,-0.011088921742834391,1.0,0.0,-0.011088921742834391,-0.011088921742834391,1.8884773628870837,1.7665176162208027
2024-07-25,0.010203727104151497,1.0,0.0,0.010203727104151497,0.010203727104151497,1.907845516171325,1.7846349548993936
2024-07-26,0.0020067545871532157,1.0,0.0,0.0020067545871532157,0.0020067545871532157,1.9116779379913982,1.788219875106008
2024-07-29,-0.013826555421495869,1.0,0.0,-0.013826555421495869,-0.013826555421495869,1.8854279089657349,1.763665099067152
2024-07-30,0.029164246594901057,1.0,0.0,0.029164246594901057,0.029164246594901057,1.94122467395906,1.8158584534731348
2024-07-31,-0.024519617174318498,1.0,0.0,-0.024519617174318498,-0.024519617174318498,1.894205391198806,1.7718757227661732
2024-08-01,-0.024021145954296,1.0,0.0,-0.024021145954296,-0.024021145954296,1.8492465502773008,1.7298203685143805
2024-08-02,-0.030269695534838627,1.0,0.0,-0.030269695534838627,-0.030269695534838627,1.7941091266723754,1.678243774574052
2024-08-05,0.009509729913681356,1.0,0.0,0.009509729913681356,0.009509729913681356,1.811252002770768,1.6942795466810598
2024-08-06,-0.01088881855480641,1.0,0.0,-0.01088881855480641,-0.01088881855480641,1.7916365964658767,1.675930922827849
2024-08-07,0.03013231458270047,1.0,0.0,0.03013231458270047,0.03013231458270047,1.8464443493766023,1.7271991365353505
2024-08-08,0.0052088088564624,1.0,0.0,0.0052088088564624,0.0052088088564624,1.8560872171819482,1.7362192583455427
2024-08-09,0.0021512777344975744,1.0,0.0,0.0021512777344975744,0.0021512777344975744,1.8600844743491214,1.739958368668571
2024-08-12,0.024509958167167833,1.0,0.0,0.024509958167167833,0.024509958167167833,1.9062383715371007,1.7831316012643614
2024-08-13,0.0003242156711026025,0.0,0.0005,-0.0005,0.0003242156711026025,1.9052854905914205,1.7837098142009125
2024-08-14,0.02494927467243515,0.0,0.0,0.0,0.02494927467243515,1.9052854905914205,1.8287718757227691
2024-08-15,0.001284954624111364,0.0,0.0,0.0,0.001284954624111364,1.9052854905914205,1.8311232749980753
2024-08-16,0.013050483245022053,0.0,0.0,0.0,0.013050483245022053,1.9052854905914205,1.855176933158587
2024-08-19,-0.0021008192598558624,0.0,0.0,-0.0,-0.0021008192598558624,1.9052854905914205,1.8512836327191453
2024-08-20,0.004653296858872257,0.0,0.0,0.0,0.004653296858872257,1.9052854905914205,1.8599182792383036
2024-08-21,-0.015981956090079043,0.0,0.0,-0.0,-0.015981956090079043,1.9052854905914205,1.8304294194742146
2024-08-22,0.010787139212975104,0.0,0.0,0.0,0.010787139212975104,1.9052854905914205,1.8502813969624576
2024-08-23,-0.009755766448716195,0.0,0.0,-0.0,-0.009755766448716195,1.9052854905914205,1.8323182484002802
2024-08-26,0.002982882161287307,1.0,0.0005,0.002482882161287307,0.002982882161287307,1.9100219675720227,1.8377919975329606
2024-08-27,-0.011412301772348447,1.0,0.0,-0.011412301772348447,-0.011412301772348447,1.8883481299082832,1.8169377842880299
2024-08-28,-0.0014649528633453386,1.0,0.0,-0.0014649528633453386,-0.0014649528633453386,1.8855838141988597,1.8142780047798963
2024-08-29,0.011848955330997885,1.0,0.0,0.011848955330997885,0.011848955330997885,1.908058902792867,1.8359031686068945
2024-08-30,-0.030831369228027688,1.0,0.0,-0.030831369228027688,-0.030831369228027688,1.850128460534516,1.7801634415234007
2024-09-03,-0.0026018531188913355,1.0,0.0,-0.0026018531188913355,-0.0026018531188913355,1.8453209549529102,1.7755377380309947
2024-09-04,0.0009331091655180036,1.0,0.0,0.0009331091655180036,0.0009331091655180036,1.8470436444529856,1.7771952817824401
2024-09-05,-0.02715258100057336,1.0,0.0,-0.02715258100057336,-0.02715258100057336,1.7975663995089581,1.72958908333976
2024-09-06,0.01277767481581391,1.0,0.0,0.01277767481581391,0.01277767481581391,1.8206824888471795,1.7518310076324128
2024-09-09,0.009199293892174285,1.0,0.0,0.009199293892174285,0.009199293892174285,1.8375087583828003,1.7680209698558345
2024-09-10,0.021483010651460598,1.0,0.0,0.021483010651460598,0.021483010651460598,1.877411054710129,1.8064143088428053
2024-09-11,0.00976819115066799,1.0,0.0,0.00976819115066799,0.00976819115066799,1.8958398261062852,1.8241461722303622
2024-09-12,0.004469940815265907,1.0,0.0,0.004469940815265907,0.004469940815265907,1.904333085967122,1.8323182484002796
2024-09-13,-0.004427678067758385,1.0,0.0,-0.004427678067758385,-0.004427678067758385,1.895919951199312,1.824223267288569
2024-09-16,0.0005281336934731271,1.0,0.0,0.0005281336934731271,0.0005281336934731271,1.8969215148621463,1.8251869555161535
2024-09-17,-0.0043389525492774006,1.0,0.0,-0.0043389525492774006,-0.0043389525492774006,1.8887086928269028,1.8172847120499596
2024-09-18,0.024969877108703895,1.0,0.0,0.024969877108703895,0.024969877108703895,1.9364632482708546,1.863233366741194
2024-09-19,-0.0019051569233196626,0.0,0.0005,-0.0005,-0.0019051569233196626,1.9354952586642875,1.8596869940636824
2024-09-20,0.0012429052434864889,1.0,0.0005,0.0007429052434864889,0.0012429052434864889,1.9369336824808339,1.8619998458098854
2024-09-23,0.004812020726826285,1.0,0.0,0.004812020726826285,0.004812020726826285,1.9462767088972388,1.870981420090974
2024-09-24,0.0009266982407228952,1.0,0.0,0.0009266982407228952,0.0009266982407228952,1.9480811560592053,1.8727160589006262
2024-09-25,0.0074849881387814374,1.0,0.0,0.0074849881387814374,0.0074849881387814374,1.9627172274840463,1.8867859070233617
2024-09-26,-0.0055725288125503,1.0,0.0,-0.0055725288125503,-0.0055725288125503,1.9518103468606032,1.876300979107241
2024-09-27,0.0027081939368795564,1.0,0.0,0.0027081939368795564,0.0027081939368795564,1.9571033918690386,1.8813892529488876
2024-09-30,-0.014030395009164339,1.0,0.0,-0.014030395009164339,-0.014030395009164339,1.9298361903104313,1.8551769331585861
2024-10-01,0.001411931049952819,1.0,0.0,0.001411931049952819,0.001411931049952819,1.932562910466292,1.8577981651376163
2024-10-02,-0.0007472445705445171,1.0,0.0,-0.0007472445705445171,-0.0007472445705445171,1.9311193527367188,1.8564104540898945
2024-10-03,0.011827861826774087,1.0,0.0,0.011827861826774087,0.011827861826774087,1.9540959799324276,1.8784981882661338
2024-10-04,-0.010769430074630104,1.0,0.0,-0.010769430074630104,-0.010769430074630104,1.9331643928536142,1.8583763780741671
2024-10-07,0.01482423688350135,1.0,0.0,0.01482423688350135,0.01482423688350135,1.9620355474450808,1.8861305990286041
2024-10-08,0.007837589104924625,1.0,0.0,0.007837589104924625,0.007837589104924625,1.9774735953863511,1.900971397733407
2024-10-09,-0.001136202366231721,1.0,0.0,-0.001136202366231721,-0.001136202366231721,1.975228061140348,1.8988127361036176
2024-10-10,0.0015619456494666423,1.0,0.0,0.0015619456494666423,0.0015619456494666423,1.9783156707286025,1.9017808958445783
2024-10-11,0.00835642591540996,1.0,0.0,0.00835642591540996,0.00835642591540996,1.9949165846186954,1.9177395728933793
2024-10-14,-0.013456974460117056,1.0,0.0,-0.013456974460117056,-0.013456974460117056,1.9682508654474102,1.8921054660396286
2024-10-15,0.00012222946560200775,1.0,0.0,0.00012222946560200775,0.00012222946560200775,1.9684914584023394,1.892336751214249
2024-10-16,0.0006923515793384924,1.0,0.0,0.0006923515793384924,0.0006923515793384924,1.9698548184802693,1.8936473672037637
2024-10-17,0.0065333186982101665,1.0,0.0,0.0065333186982101665,0.0065333186982101665,1.9827666403947866,1.906059671575054
2024-10-18,0.0019194057757111205,1.0,0.0,0.0019194057757111205,0.0019194057757111205,1.9865760288478274,1.9097216868398754
2024-10-21,0.001089390654249127,1.0,0.0,0.001089390654249127,0.001089390654249127,1.9887413654421875,1.9118032534114582
2024-10-22,-0.015442439510986542,1.0,0.0,-0.015442439510986542,-0.015442439510986542,1.9582662578178618,1.882507131292886
2024-10-23,0.008076072773077035,1.0,0.0,0.008076072773077035,0.008076072773077035,1.9741453928431683,1.8977719528178263
2024-10-24,0.006075106773166096,1.0,0.0,0.006075106773166096,0.006075106773166096,1.9861750405896126,1.9093362115488417
2024-10-25,0.00016149870836134364,1.0,0.0,0.00016149870836134364,0.00016149870836134364,1.9864958311961844,1.9096445917816687
2024-10-28,0.00956253017785279,1.0,0.0,0.00956253017785279,0.00956253017785279,2.00558287228721,1.9279932156348802
2024-10-29,-0.00758628480296532,1.0,0.0,-0.00758628480296532,-0.00758628480296532,1.99042551612669,1.9134222496338007
2024-10-30,-0.025566821103194977,1.0,0.0,-0.025566821103194977,-0.025566821103194977,1.940181687372374,1.86512219566726
2024-10-31,0.007371749057366306,1.0,0.0,0.007371749057366306,0.007371749057366306,1.954537067016464,1.8789222110862713
2024-11-01,-0.0029174905638226214,1.0,0.0,-0.0029174905638226214,-0.0029174905638226214,1.9488430337498137,1.8734484619535907
2024-11-04,0.01267625487440547,1.0,0.0,0.01267625487440547,0.01267625487440547,1.9737043057591321,1.8973479299976892
2024-11-05,0.026800830393324256,1.0,0.0,0.026800830393324256,0.026800830393324256,2.0273164358824527,1.9488859764089141
2024-11-06,0.015621638033348149,1.0,0.0,0.015621638033348149,0.015621638033348149,2.0592351012363515,1.9795698095752081
2024-11-07,0.0011676787875090876,1.0,0.0,0.0011676787875090876,0.0011676787875090876,2.0616410307856405,1.981882661321411
2024-11-08,-0.0005836689595453468,1.0,0.0,-0.0005836689595453468,-0.0005836689595453468,2.060438066010996,1.9807262354483097
2024-11-11,-0.0018115417664095626,1.0,0.0,-0.0018115417664095626,-0.0018115417664095626,2.056708875209598,1.977141315241695
2024-11-12,-0.001287604064118326,1.0,0.0,-0.001287604064118326,-0.001287604064118326,2.0540623527053805,1.9745971783208718
2024-11-13,-0.0069739934351512635,1.0,0.0,-0.0069739934351512635,-0.0069739934351512635,2.0397871707129336,1.960874257960067
2024-11-14,-0.024114333227992134,1.0,0.0,-0.024114333227992134,-0.024114333227992134,1.9911873938172981,1.914154652686765
2024-11-15,0.006923637166347413,1.0,0.0,0.006923637166347413,0.006923637166347413,2.005021488725709,1.9274535502274326
2024-11-18,0.00685616748781993,1.0,0.0,0.00685616748781993,0.00685616748781993,2.0188154848082984,1.9407139002389968
2024-11-19,-0.0005761799430235307,1.0,0.0,-0.0005761799430235307,-0.0005761799430235307,2.0176526188594757,1.9395960218949988
2024-11-20,0.0035907393636968508,1.0,0.0,0.0035907393636968508,0.0035907393636968508,2.024910506333164,1.9465731246627114
2024-11-21,0.0016027388493763393,1.0,0.0,0.0016027388493763393,0.0016027388493763393,2.028158511224704,1.9496954745200854
2024-11-22,0.001580434553266792,1.0,0.0,0.001580434553266792,0.001580434553266792,2.031366417290422,1.9527792768483558
2024-11-25,0.005354870557302359,1.0,0.0,0.005354870557302359,0.005354870557302359,2.042273297913865,1.9632642047644766
2024-11-26,-0.007904556192788981,1.0,0.0,-0.007904556192788981,-0.007904556192788981,2.026193668759451,1.9478066455940195
2024-11-27,0.00874847950473771,1.0,0.0,0.00874847950473771,0.00874847950473771,2.0439975474241887,1.964921748515922
2024-11-29,0.010829057172113252,1.0,0.0,0.010829057172113252,0.010829057172113252,2.0662523957551104,1.9863156271683002
2024-12-02,0.00306154323771073,1.0,0.0,0.00306154323771073,0.00306154323771073,2.072588010234905,1.9924061367666352
2024-12-03,0.012287080254524758,1.0,0.0,0.012287080254524758,0.012287080254524758,2.0982111599348316,2.017038007863698
2024-12-04,-0.002774935517140207,1.0,0.0,-0.002774935517140207,-0.002774935517140207,2.0923968301907165,2.011448616143707
2024-12-05,0.008909807198054726,1.0,0.0,0.008909807198054726,0.008909807198054726,2.1111229818493484,2.029450312234988
2024-12-06,-0.007818051757729283,1.0,0.0,-0.007818051757729283,-0.007818051757729283,2.094682463262541,2.0136458253026
2024-12-09,-0.003413299829669369,1.0,0.0,-0.003413299829669369,-0.003413299829669369,2.0875448722663177,2.006784365122198
2024-12-10,0.017744059196375058,1.0,0.0,0.017744059196375058,0.017744059196375058,2.124916977931938,2.042710662246552
2024-12-11,-0.0064747201828099545,1.0,0.0,-0.0064747201828099545,-0.0064747201828099545,2.111203179500991,2.0295274072931946
2024-12-12,0.007625175305220822,1.0,0.0,0.007625175305220822,0.007625175305220822,2.127363006307048,2.0450620615218584
2024-12-13,0.014297988499857812,1.0,0.0,0.014297988499857812,0.014297988499857812,2.15799850923466,2.074512373756844
2024-12-16,-0.0044135382686005566,1.0,0.0,-0.0044135382686005566,-0.0044135382686005566,2.1484950875149686,2.0653766093593418
2024-12-17,-0.03674375349037452,1.0,0.0,-0.03674375349037452,-0.03674375349037452,2.070984057202046,1.9908642356025
2024-12-18,-0.004463253547543272,1.0,0.0,-0.004463253547543272,-0.004463253547543272,2.061761327263105,1.9819983039087212
2024-12-19,0.00869461244459308,1.0,0.0,0.00869461244459308,0.00869461244459308,2.07976570005695,1.9993061444761409
2024-12-20,0.008084304684516284,1.0,0.0,0.008084304684516284,0.008084304684516284,2.0966473057277932,2.0155346542286656
2024-12-23,0.01346866479822245,1.0,0.0,0.01346866479822245,0.01346866479822245,2.1250773732352237,2.0428648523629653
2024-12-24,-0.0006795273771239808,1.0,0.0,-0.0006795273771239808,-0.0006795273771239808,2.12363381550565,2.0414771413152435
2024-12-26,-0.0133821948406983,1.0,0.0,-0.0133821948406983,-0.0133821948406983,2.0954042421273273,2.0143396808264606
2024-12-27,-0.013389144025394381,1.0,0.0,-0.013389144025394381,-0.013389144025394381,2.067535558181398,1.9875491480996084
2024-12-30,-0.008531078969294783,1.0,0.0,-0.008531078969294783,-0.008531078969294783,2.0499722724715888,1.970665330352326
2024-12-31,-0.00195798233797617,1.0,0.0,-0.00195798233797617,-0.00195798233797617,2.0459623898894406,1.9668105774419875
2025-01-02,0.016232702543166916,1.0,0.0,0.016232702543166916,0.016232702543166916,2.0794449094503777,1.9989977642433134
2025-01-03,0.011427381043588581,1.0,0.0,0.011427381043588581,0.011427381043588581,2.10334380963998,2.02197209158893
2025-01-06,-0.01800533387533403,1.0,0.0,-0.01800533387533403,-0.01800533387533403,2.0658113086710737,1.9858916043481623
2025-01-07,0.0001746809650712339,1.0,0.0,0.0001746809650712339,0.0001746809650712339,2.066172198103467,1.9862385321100926
2025-01-08,-0.01580534828560434,1.0,0.0,-0.01580534828560434,-0.01580534828560434,2.0337723468397098,1.9550921285945582
2025-01-10,-0.0032189610613979815,1.0,0.0,-0.0032189610613979815,-0.0032189610613979815,2.0272362382308087,1.9488088813507065
2025-01-13,-0.0009498932084459785,1.0,0.0,-0.0009498932084459785,-0.0009498932084459785,2.0253114945913775,1.946958599953744
2025-01-14,0.02274560272265942,1.0,0.0,0.02274560272265942,0.02274560272265942,2.071906330195939,1.9917508287718768
2025-01-15,-0.007030656861489003,1.0,0.0,-0.007030656861489003,-0.007030656861489003,2.0573905552485625,1.9777966232364517
2025-01-16,0.016737601074615513,1.0,0.0,0.016737601074615513,0.016737601074615513,2.0921161384099656,2.011178783439983
2025-01-17,0.0058478581236138414,1.0,0.0,0.0058478581236138414,0.0058478581236138414,2.104386379111339,2.0229743273456187
2025-01-21,0.012704774650576534,1.0,0.0,0.012704774650576534,0.012704774650576534,2.131292691237553,2.04883971937399
2025-01-22,0.0021237615462590537,1.0,0.0,0.0021237615462590537,0.0021237615462590537,2.1358238585553804,2.053195590162672
2025-01-23,-0.005667124282590487,1.0,0.0,-0.005667124282590487,-0.005667124282590487,2.1237541119831143,2.041592783902553
2025-01-24,-0.02954690721571355,1.0,0.0,-0.02954690721571355,-0.02954690721571355,2.06192172256639,1.9821524940251345
2025-01-27,0.014671794621398145,1.0,0.0,0.014671794621398145,0.014671794621398145,2.0923968301907157,2.011448616143706
2025-01-28,-0.001879844027842163,1.0,0.0,-0.001879844027842163,-0.001879844027842163,2.0884671452602106,2.007670958291575
2025-01-29,0.004253368867802892,1.0,0.0,0.004253368867802892,0.004253368867802892,2.097369084592579,2.016228509752526
2025-01-30,-0.001454072615431148,1.0,0.0,-0.001454072615431148,-0.001454072615431148,2.0943215738301464,2.0132988975406687
2025-01-31,-0.008035414246676994,1.0,0.0,-0.008035414246676994,-0.008035414246676994,2.0775602646367677,1.997186030375454
2025-02-03,0.012200653942069319,1.0,0.0,0.012200653942069319,0.012200653942069319,2.10306311785923,2.021702258885207
2025-02-04,0.004527649175805766,1.0,0.0,0.004527649175805766,0.004527649175805766,2.1126066384047424,2.0308765708118126
2025-02-05,0.005206126577261924,1.0,0.0,0.005206126577261924,0.005206126577261924,2.12363381550565,2.0414771413152435
2025-02-06,-0.012693515929139242,1.0,0.0,-0.012693515929139242,-0.012693515929139242,2.0968477998569006,2.0157273918741825
2025-02-07,0.012032421321315224,1.0,0.0,0.012032421321315224,0.012032421321315224,2.122230356601898,2.0401279777966246
2025-02-10,-0.0023835658820050253,1.0,0.0,-0.0023835658820050253,-0.0023835658820050253,2.117177904548391,2.0352709891295984
2025-02-11,0.0005869600373005646,1.0,0.0,0.0005869600373005646,0.0005869600373005646,2.118420968148857,2.036465962531803
2025-02-12,0.014283272330534363,1.0,0.0,0.014283272330534363,0.014283272330534363,2.1488960757731825,2.065762084650375
2025-02-13,0.004189755209502721,1.0,0.0,0.004189755209502721,0.004189755209502721,2.1579183115830163,2.0744352786986364
2025-02-14,0.0022644600960060354,1.0,0.0,0.0022644600960060354,0.0022644600960060354,2.1628103683332367,2.0791380772492496
2025-02-18,0.0002780635671227278,1.0,0.0,0.0002780635671227278,0.0002780635671227278,2.163411850720559,2.0797162901858
2025-02-19,-0.0042535471607749505,1.0,0.0,-0.0042535471607749505,-0.0042535471607749505,2.1542292196074397,2.0708889060211253
2025-02-20,-0.020973015784900455,1.0,0.0,-0.020973015784900455,-0.020973015784900455,2.1095190288164885,2.0279084110708516
2025-02-21,-0.01187451210749677,1.0,0.0,-0.01187451210749677,-0.01187451210749677,2.0846176579813482,2.0039703954976495
2025-02-24,-0.01267934794400333,1.0,0.0,-0.01267934794400333,-0.01267934794400333,2.0583529270682783,1.978721763934933
2025-02-25,0.002412734174286459,1.0,0.0,0.002412734174286459,0.002412734174286459,2.0633251814701414,1.9835016575437525
2025-02-26,-0.028164213875888286,1.0,0.0,-0.028164213875888286,-0.028164213875888286,2.006023959371245,1.9284172384550162
2025-02-27,0.015668084591741682,1.0,0.0,0.015668084591741682,0.015668084591741682,2.0377020317702152,1.9588697864466897
2025-02-28,-0.022125412608246027,1.0,0.0,-0.022125412608246027,-0.022125412608246027,1.9931121374567278,1.9160049340837262
2025-03-03,-0.003022367805436653,1.0,0.0,-0.003022367805436653,-0.003022367805436653,1.9870973135835057,1.9102228047182186
2025-03-04,0.012951782959329833,1.0,0.0,0.012951782959329833,0.012951782959329833,2.0130011550641824,1.9351245085190047
2025-03-05,-0.027894881853187684,1.0,0.0,-0.027894881853187684,-0.027894881853187684,1.957624676604717,1.8818903708272308
2025-03-06,0.007326638147615067,1.0,0.0,0.007326638147615067,0.007326638147615067,1.9720201550746288,1.895728933775346
2025-03-07,-0.03952739512119919,1.0,0.0,-0.03952739512119919,-0.03952739512119919,1.8955917930588855,1.8222573433042952
2025-03-10,-0.0023932323220595578,1.0,0.0,-0.0023932323220595578,-0.0023932323220595578,1.891060625741058,1.8179014725156128
2025-03-11,0.011217593274715373,1.0,0.0,0.011217593274715373,0.011217593274715373,1.9123932010780862,1.8384087579986135
2025-03-12,-0.018154234064064856,1.0,0.0,-0.018154234064064856,-0.018154234064064856,1.8779884085232552,1.8053349780279095
2025-03-13,0.023882991708153018,1.0,0.0,0.023882991708153018,0.023882991708153018,1.9233802793531725,1.848970780972941
2025-03-14,0.006462830179672,1.0,0.0,0.006462830179672,0.006462830179672,1.935851014183653,1.8609590625240935
2025-03-17,-0.017194436002310326,1.0,0.0,-0.017194436002310326,-0.017194436002310326,1.902849680532574,1.8292344460720082
2025-03-18,0.013292639964092178,1.0,0.0,0.013292639964092178,0.013292639964092178,1.9283124349292144,1.8537121270526573
2025-03-19,-0.0033953060790510095,1.0,0.0,-0.0033953060790510095,-0.0033953060790510095,1.921776326320313,1.8474288798088054
2025-03-20,0.0032913267916312924,0.0,0.0005,-0.0005,0.0032913267916312924,1.9208156783391617,1.85351938940714
2025-03-21,0.020216849135833128,0.0,0.0,0.0,0.020216849135833128,1.9208156783391617,1.8913730629866636
2025-03-24,0.0056903783185460535,0.0,0.0,0.0,0.0056903783185460535,1.9208156783391617,1.902166371135611
2025-03-25,-0.018572079255453667,0.0,0.0,-0.0,-0.018572079255453667,1.9208156783391617,1.8671652147097377
2025-03-26,-0.005714301263438664,0.0,0.0,-0.0,-0.005714301263438664,1.9208156783391617,1.8565260966772037
2025-03-27,-0.026680592878950762,0.0,0.0,-0.0,-0.026680592878950762,1.9208156783391617,1.8076478297741123
2025-03-28,-4.26502889621754e-05,1.0,0.0005,-0.0005426502889621754,-4.26502889621754e-05,1.919773629915778,1.8075707347159053
2025-03-31,0.008028759595563144,1.0,0.0,0.008028759595563144,0.008028759595563144,1.935249072040408,1.8221417007169847
2025-04-01,0.007271992840864276,1.0,0.0,0.007271992840864276,0.007271992840864276,1.9493734835033645,1.8354405982576523
2025-04-02,-0.05501975571407946,0.0,0.0005,-0.0005,-0.05501975571407946,1.9483990403926914,1.7371829465731254
2025-04-03,-0.06412144219268044,1.0,0.0005,-0.06462144219268044,-0.06412144219268044,1.8264726410501277,1.6292884126127523
2025-04-04,0.002410323015787155,1.0,0.0,0.002410323015787155,0.002410323015787155,1.8308803399496738,1.6332202605812975
2025-04-07,-0.01817257511884545,1.0,0.0,-0.01817257511884545,-0.01817257511884545,1.797909023671697,1.603808495875415
2025-04-08,0.11335615349540927,1.0,0.0,0.11335615349540927,0.11335615349540927,2.0137134188122165,1.7963148562177174
2025-04-09,-0.04346317608114219,0.0,0.0005,-0.0005,-0.04346317608114219,2.012706813775041,1.7199136535348094
2025-04-10,0.018255409362437823,1.0,0.0005,0.017755409362437823,0.018255409362437823,2.0487623907256816,1.7515997224577913
2025-04-11,0.006755300506074558,0.0,0.0005,-0.0005,0.006755300506074558,2.0477382655829404,1.7634723614216339
2025-04-14,0.0011141819016669495,0.0,0.0,0.0,0.0011141819016669495,2.0477382655829404,1.7654382854059063
2025-04-15,-0.030617464131621065,0.0,0.0,-0.0,-0.030617464131621065,2.0477382655829404,1.7122041477141323
2025-04-16,-0.000180123385005334,0.0,0.0,-0.0,-0.000180123385005334,2.0477382655829404,1.7118957674813056
2025-04-17,-0.02505802498822373,0.0,0.0,-0.0,-0.02505802498822373,2.0477382655829404,1.6695320329966858
2025-04-21,0.02591332225614612,0.0,0.0,0.0,0.02591332225614612,2.0477382655829404,1.7133605735872341
2025-04-22,0.02242485853989883,0.0,0.0,0.0,0.02242485853989883,2.0477382655829404,1.752216482923446
2025-04-23,0.027748523522714754,0.0,0.0,0.0,0.027748523522714754,2.0477382655829404,1.8015187726466748
2025-04-24,0.011086281370387245,0.0,0.0,0.0,0.011086281370387245,2.0477382655829404,1.821602035309538
2025-04-25,-0.0003174703985520059,0.0,0.0,-0.0,-0.0003174703985520059,2.0477382655829404,1.821023822372987
2025-04-28,0.006582718877482998,0.0,0.0,0.0,0.006582718877482998,2.0477382655829404,1.8330506514532428
2025-04-29,-0.0001261829654669907,0.0,0.0,-0.0,-0.0001261829654669907,2.0477382655829404,1.8328193662786227
2025-04-30,0.012976204643748447,0.0,0.0,0.0,0.012976204643748447,2.0477382655829404,1.8567573818518244
2025-05-01,0.014734787613254826,0.0,0.0,0.0,0.014734787613254826,2.0477382655829404,1.8843188651607443
2025-05-02,-0.005950200164501514,0.0,0.0,-0.0,-0.005950200164501514,2.0477382655829404,1.8731400817207629
2025-05-05,-0.00934528272556755,0.0,0.0,-0.0,-0.00934528272556755,2.0477382655829404,1.855716598566033
2025-05-06,0.003918280971660209,0.0,0.0,0.0,0.003918280971660209,2.0477382655829404,1.8630020815665727
2025-05-07,0.010271912793276012,0.0,0.0,0.0,0.010271912793276012,2.0477382655829404,1.8822372985891613
2025-05-08,-0.0006555630906937166,0.0,0.0,-0.0,-0.0006555630906937166,2.0477382655829404,1.8810037776578532
2025-05-09,0.03993219983188958,1.0,0.0005,0.03943219983188958,0.03993219983188958,2.1300982359746095,1.9576362655153818
2025-05-12,0.015125747611687229,0.0,0.0005,-0.0005,0.015125747611687229,2.1290334530745305,1.9874720530414012
2025-05-13,0.005975246683485812,0.0,0.0,0.0,0.005975246683485812,2.1290334530745305,1.9993832395343467
2025-05-14,0.001098340075538202,0.0,0.0,0.0,0.001098340075538202,2.1290334530745305,2.0015804486932396
2025-05-15,0.004342986956175698,0.0,0.0,0.0,0.004342986956175698,2.1290334530745305,2.0102921902706044
2025-05-16,0.0009582950748690498,0.0,0.0,0.0,0.0009582950748690498,2.1290334530745305,2.0122195667257734
2025-05-19,-0.0033388371962152818,1.0,0.0005,-0.0038388371962152818,-0.0033388371962152818,2.120876107641091,2.0055122966617844
2025-05-20,-0.013994092750443958,1.0,0.0,-0.013994092750443958,-0.013994092750443958,2.0914030758340583,1.9776424331200373
2025-05-21,0.001869450614557799,1.0,0.0,0.001869450614557799,0.001869450614557799,2.0953165074432913,1.9813429959139626
2025-05-22,-0.009303847261720514,1.0,0.0,-0.009303847261720514,-0.009303847261720514,2.075912409047513,1.9629943720607514
2025-05-23,0.023252799306439507,1.0,0.0,0.023252799306439507,0.023252799306439507,2.124748774337728,2.009174311926606
2025-05-27,-0.004441759775942576,1.0,0.0,-0.004441759775942576,-0.004441759775942576,2.1153320795280117,2.000269832703724
2025-05-28,0.001963729405451779,1.0,0.0,0.001963729405451779,0.001963729405451779,2.1194901006128215,2.004201680672269
2025-05-29,-0.001578380370799464,1.0,0.0,-0.001578380370799464,-0.001578380370799464,2.116147377779935,2.0010407832857915
2025-05-30,0.007867106351588224,1.0,0.0,0.007867106351588224,0.007867106351588224,2.1328609919443666,2.01684527021818
2025-06-02,0.00778673342624178,1.0,0.0,0.00778673342624178,0.00778673342624178,2.149533841196201,2.0326112096214635
2025-06-03,0.002783908167815893,1.0,0.0,0.002783908167815893,0.002783908167815893,2.1555262833478386,2.0382776963996614
2025-06-04,-0.007555372133955925,1.0,0.0,-0.007555372133955925,-0.007555372133955925,2.139301848134562,2.022935779816514
2025-06-05,0.00972786918655611,1.0,0.0,0.00972786918655611,0.00972786918655611,2.1602142482963984,2.04271066224655
2025-06-06,0.0014708380770092405,1.0,0.0,0.0014708380770092405,0.0014708380770092405,2.1633939114789,2.0457173695166144
2025-06-09,0.006592130247483411,1.0,0.0,0.006592130247483411,0.006592130247483411,2.1777023958001567,2.0592475522319025
2025-06-10,-0.003375150866749657,1.0,0.0,-0.003375150866749657,-0.003375150866749657,2.1703647115328453,2.052308996993293
2025-06-11,0.002345062843614029,1.0,0.0,0.002345062843614029,0.002345062843614029,2.175460325607367,2.057127438131216
2025-06-12,-0.012634287725759502,1.0,0.0,-0.012634287725759502,-0.012634287725759502,2.1481478341679314,2.031300593631949
2025-06-13,0.013814118379029818,1.0,0.0,0.013814118379029818,0.013814118379029818,2.1780285151009258,2.0595559324647295
2025-06-16,-0.009799113553620706,1.0,0.0,-0.009799113553620706,-0.009799113553620706,2.15678999563832,2.0394726698018664
2025-06-17,-0.00017012106990482983,1.0,0.0,-0.00017012106990482983,-0.00017012106990482983,2.1564231114249544,2.0391257420399356
2025-06-18,-0.004091612232068815,1.0,0.0,-0.004091612232068815,-0.004091612232068815,2.147617890304181,2.0307994757536045
2025-06-20,0.009107462241222008,1.0,0.0,0.009107462241222008,0.009107462241222008,2.167266578175536,2.0493793847814357
2025-06-23,0.015176271040872283,1.0,0.0,0.015176271040872283,0.015176271040872283,2.200408452116225,2.0807185259424874
2025-06-24,0.002553334597192239,1.0,0.0,0.002553334597192239,0.002553334597192239,2.2060340100544966,2.0860380849587545
2025-06-25,0.009306841258020282,1.0,0.0,0.009306841258020282,0.009306841258020282,2.2266610558281608,2.1055431346850675
2025-06-26,0.0034176820466208188,1.0,0.0,0.0034176820466208188,0.0034176820466208188,2.234284094483645,2.1127515226274003
2025-06-27,0.006456152566336343,1.0,0.0,0.006456152566336343,0.006456152566336343,2.2487556384552865,2.126435895459102
2025-06-30,-0.008465138886913987,1.0,0.0,-0.008465138886913987,-0.008465138886913987,2.2297999540980658,2.108511294426028
2025-07-01,0.006941246135276686,1.0,0.0,0.006941246135276686,0.006941246135276686,2.2453313857972073,2.123197903014417
2025-07-02,0.009792132587266545,1.0,0.0,0.009792132587266545,0.009792132587266545,2.2674259684243334,2.1440906637884516
2025-07-03,-0.007561506815373562,1.0,0.0,-0.007561506815373562,-0.007561506815373562,2.2503454700465366,2.1279392490941333
2025-07-07,0.0005614060652537651,1.0,0.0,0.0005614060652537651,0.0005614060652537651,2.2516091823370186,2.1291342224963388
2025-07-08,0.007054034788803655,1.0,0.0,0.007054034788803655,0.007054034788803655,2.267548263162122,2.1442063063757617
2025-07-09,-0.0014392374527185067,1.0,0.0,-0.0014392374527185067,-0.0014392374527185067,2.2642870701544284,2.1411225040474915
2025-07-10,-0.0022529635988532974,1.0,0.0,-0.0022529635988532974,-0.0022529635988532974,2.2591914560799067,2.136304062909568
2025-07-11,0.003620288353556368,1.0,0.0,0.003620288353556368,0.003620288353556368,2.2673852035117377,2.1440521162593487
2025-07-14,0.0009164997541601784,1.0,0.0,0.0009164997541601784,0.0009164997541601784,2.269464214054142,2.146018040243621
2025-07-15,0.0010233302209894295,1.0,0.0,0.0010233302209894295,0.0010233302209894295,2.271787814072124,2.148215249402514
2025-07-16,0.008060163912559221,1.0,0.0,0.008060163912559221,0.008060163912559221,2.290172789652998,2.1656001850281403
2025-07-17,-0.0009616584004689948,1.0,0.0,-0.0009616584004689948,-0.0009616584004689948,2.287971484372805,2.163518618456558
2025-07-18,0.005171368250689296,1.0,0.0,0.005171368250689296,0.005171368250689296,2.299834073938291,2.1747359494256426
2025-07-21,-0.005189185463899399,1.0,0.0,-0.005189185463899399,-0.005189185463899399,2.287930719460209,2.163480070927455
2025-07-22,0.004550876252347379,1.0,0.0,0.004550876252347379,0.004550876252347379,2.298366537084829,2.173348238377921
2025-07-23,0.0021261147960462226,1.0,0.0,0.0021261147960462226,0.0021261147960462226,2.30325832659637,2.1779739418703272
2025-07-24,0.002404144770203983,1.0,0.0,0.002404144770203983,0.002404144770203983,2.30880235470945,2.1832164058283876
2025-07-25,0.0031202923484020205,1.0,0.0,0.0031202923484020205,0.0031202923484020205,2.316017744238972,2.1900393184796867
2025-07-28,-0.001550114807485334,1.0,0.0,-0.001550114807485334,-0.001550114807485334,2.312430431930509,2.1866471359185886
2025-07-29,0.0013388769528763897,1.0,0.0,0.0013388769528763897,0.0013388769528763897,2.315528565287818,2.189576748130446
2025-07-30,-0.005313199263997172,1.0,0.0,-0.005313199263997172,-0.005313199263997172,2.30325832659637,2.177973941870327
2025-07-31,-0.01989537331834457,1.0,0.0,-0.01989537331834457,-0.01989537331834457,2.257886978876829,2.13507054197826
2025-08-01,0.01828348395941723,1.0,0.0,0.01828348395941723,0.01828348395941723,2.299548719550118,2.174466116721919
2025-08-04,-0.006812730353113683,1.0,0.0,-0.006812730353113683,-0.006812730353113683,2.2839357580257835,2.1597024130753226
2025-08-05,0.012504708033590111,1.0,0.0,0.012504708033590111,0.012504708033590111,2.312675021406086,2.186878421093209
2025-08-06,0.0033786193890522585,1.0,0.0,0.0033786193890522585,0.0033786193890522585,2.3205018846245506,2.1942795466810585
2025-08-07,0.009284987888183388,1.0,0.0,0.009284987888183388,0.009284987888183388,2.3421480532131183,2.2147482846349553
2025-08-08,-0.002963223364007737,1.0,0.0,-0.002963223364007737,-0.002963223364007737,2.335218018071769,2.2081952046873803
2025-08-11,0.012490404381780834,1.0,0.0,0.012490404381780834,0.012490404381780834,2.3645687551410135,2.235949425641817
2025-08-12,0.0004998319634564901,1.0,0.0,0.0004998319634564901,0.0004998319634564901,2.3657509376063026,2.2370673039858153
2025-08-13,-0.0007757083036375455,1.0,0.0,-0.0007757083036375455,-0.0007757083036375455,2.363916516539475,2.2353326651761627
2025-08-14,-0.0044070826495231415,1.0,0.0,-0.0044070826495231415,-0.0044070826495231415,2.353521463827451,2.2255030452547997
2025-08-15,-0.00039845814551187417,1.0,0.0,-0.00039845814551187417,-0.00039845814551187417,2.352583870837739,2.2246164520854217
2025-08-18,-0.013660485108729485,1.0,0.0,-0.013660485108729485,-0.013660485108729485,2.320664944274935,2.1944337367974716
2025-08-19,-0.005955020328992139,1.0,0.0,-0.005955020328992139,-0.005955020328992139,2.306886403817429,2.181404671960528
2025-08-20,-0.004640543937600442,1.0,0.0,-0.004640543937600442,-0.004640543937600442,2.296205996717231,2.1713052193354407
2025-08-21,0.01530970224105165,1.0,0.0,0.01530970224105165,0.01530970224105165,2.3316307057633057,2.204803022126282
2025-08-22,-0.00288893564255633,1.0,0.0,-0.00288893564255633,-0.00288893564255633,2.324904495184937,2.1984426798242236
2025-08-25,0.0040072499005375265,1.0,0.0,0.0040072499005375265,0.0040072499005375265,2.3342396601694606,2.2072700639888985
2025-08-26,0.00153564291586177,1.0,0.0,0.00153564291586177,0.00153564291586177,2.3378269724779237,2.210662246549996
2025-08-27,0.00624040545179923,1.0,0.0,0.00624040545179923,0.00624040545179923,2.35246157609995,2.2245008094981116
2025-08-28,-0.01164303597748548,1.0,0.0,-0.01164303597748548,-0.01164303597748548,2.3252306144857062,2.1987510600570506
2025-08-29,-0.008415394463972185,1.0,0.0,-0.008415394463972185,-0.008415394463972185,2.3057449862647355,2.180325341145633
2025-09-02,0.007836685669861291,1.0,0.0,0.007836685669861291,0.007836685669861291,2.323885372370033,2.197478991596639
2025-09-03,0.009010800512702127,1.0,0.0,0.009010800512702127,0.009010800512702127,2.344920067269658,2.217369516613985
2025-09-04,0.0014418611189099737,1.0,0.0,0.0014418611189099737,0.0014418611189099737,2.34830355501514,2.220568961529566
2025-09-05,0.004866105382708958,1.0,0.0,0.004866105382708958,0.004866105382708958,2.3597584954546647,2.231400817207617
2025-09-08,0.002829100198129219,1.0,0.0,0.002829100198129219,0.002829100198129219,2.3664439411204365,2.2377226119805718
2025-09-09,0.0003272448595786138,1.0,0.0,0.0003272448595786138,0.0003272448595786138,2.367218474459764,2.2384550150335363
2025-09-10,0.005803687369826154,1.0,0.0,0.005803687369826154,0.005803687369826154,2.380997014917271,2.2514840798704805
2025-09-11,0.004407475915327099,1.0,0.0,0.004407475915327099,0.004407475915327099,2.391514362367083,2.261429342379153
2025-09-12,,1.0,0.0,,,2.391514362367083,2.261429342379153
