date,y_reg,pos,costs,r_strategy,r_bh,equity_strategy,equity_bh
1999-12-17,0.013279777798412917,0,0.0,0.0,0.013279777798412917,1.0,1.0133683456672238
1999-12-20,0.05220571663742647,0,0.0,0.0,0.05220571663742647,1.0,1.06767724994032
1999-12-21,-0.00335946564557869,0,0.0,-0.0,-0.00335946564557869,1.0,1.0640964430651707
1999-12-22,0.01170908275942859,0,0.0,0.0,0.01170908275942859,1.0,1.076629267128193
1999-12-23,-0.005558658003827493,0,0.0,-0.0,-0.005558658003827493,1.0,1.0706612556696111
1999-12-27,-0.006150424755600978,0,0.0,-0.0,-0.006150424755600978,1.0,1.064096443065171
1999-12-28,0.03688830020923006,0,0.0,0.0,0.03688830020923006,1.0,1.1040821198376702
1999-12-29,-0.010869672236903879,0,0.0,-0.0,-0.010869672236903879,1.0,1.0921460969205063
1999-12-30,-0.0010934938213712185,0,0.0,-0.0,-0.0010934938213712185,1.0,1.0909524946287898
1999-12-31,0.0359963655024313,0,0.0,0.0,0.0359963655024313,1.0,1.1309381714012892
2000-01-03,-0.07106814814912954,0,0.0,-0.0,-0.07106814814912954,1.0,1.0533540224397233
2000-01-04,0.0005664117965082575,0,0.0,0.0,0.0005664117965082575,1.0,1.0539508235855815
2000-01-05,-0.09746425353560079,0,0.0,-0.0,-0.09746425353560079,1.0,0.9560754356648368
2000-01-06,0.1165338162559516,0,0.0,0.0,0.1165338162559516,1.0,1.0742420625447604
2000-01-07,0.027398974188114347,0,0.0,0.0,0.027398974188114347,1.0,1.1040821198376705
2000-01-10,-0.04533667487478175,0,0.0,-0.0,-0.04533667487478175,1.0,1.055144425877298
2000-01-11,-0.026943446986049457,0,0.0,-0.0,-0.026943446986049457,1.0,1.0270947720219623
2000-01-12,0.05867446980505256,0,0.0,0.0,0.05867446980505256,1.0,1.0891620911912154
2000-01-13,0.023288352772196153,0,0.0,0.0,0.023288352772196153,1.0,1.114824540463118
2000-01-14,0.005339040979420328,0,0.0,0.0,0.005339040979420328,1.0,1.1207925519217001
2000-01-18,0.022117805253618974,0,0.0,0.0,0.022117805253618974,1.0,1.1458582000477444
2000-01-19,-0.009945122533398063,0,0.0,-0.0,-0.009945122533398063,1.0,1.1345189782764387
2000-01-20,0.01254590423345541,0,0.0,0.0,0.01254590423345541,1.0,1.1488422057770356
2000-01-21,-0.048971998882179506,0,0.0,-0.0,-0.048971998882179506,1.0,1.0939365003580812
2000-01-24,0.014622518867541963,0,0.0,0.0,0.014622518867541963,1.0,1.1100501312962525
2000-01-25,-0.04115807249350744,0,0.0,-0.0,-0.04115807249350744,1.0,1.0652900453568876
2000-01-26,0.01446076366967388,0,0.0,0.0,0.01446076366967388,1.0,1.0808068751492008
2000-01-27,-0.051554888075914636,0,0.0,-0.0,-0.051554888075914636,1.0,1.0264979708761046
2000-01-28,0.04212347281124282,0,0.0,0.0,0.04212347281124282,1.0,1.0706612556696116
2000-01-31,0.02640417419651071,0,0.0,0.0,0.02640417419651071,1.0,1.0993077106708051
2000-02-01,0.008648702558531896,0,0.0,0.0,0.008648702558531896,1.0,1.1088565290045365
2000-02-02,0.038019362525147406,0,0.0,0.0,0.038019362525147406,1.0,1.151826211506327
2000-02-03,0.006713167478508831,0,0.0,0.0,0.006713167478508831,1.0,1.1595846264024836
2000-02-04,0.013800372354594052,0,0.0,0.0,0.013800372354594052,1.0,1.175698257340655
2000-02-07,0.04126859528689949,0,0.0,0.0,0.04126859528689949,1.0,1.2252327524468858
2000-02-08,-0.03620529333035271,0,0.0,-0.0,-0.03620529333035271,1.0,1.181666268799237
2000-02-09,0.03230094478832125,0,0.0,0.0,0.03230094478832125,1.0,1.22045834328002
2000-02-10,-0.023251109268403274,0,0.0,-0.0,-0.023251109268403274,1.0,1.1924086894246848
2000-02-11,-0.0015026298845350185,0,0.0,-0.0,-0.0015026298845350185,1.0,1.1906182859871102
2000-02-14,0.006993035490970604,0,0.0,0.0,0.006993035490970604,1.0,1.198973502029125
2000-02-15,-0.004489905272852079,0,0.0,-0.0,-0.004489905272852079,1.0,1.193602291716401
2000-02-16,0.02127213527553977,0,0.0,0.0,0.02127213527553977,1.0,1.2192647409883037
2000-02-17,-0.03689351617849654,0,0.0,-0.0,-0.03689351617849654,1.0,1.175101456194797
2000-02-18,0.0030425986960967303,0,0.0,0.0,0.0030425986960967303,1.0,1.1786822630699463
2000-02-22,0.054200456897679654,0,0.0,0.0,0.054200456897679654,1.0,1.2443303891143485
2000-02-23,0.02135312447056906,0,0.0,0.0,0.02135312447056906,1.0,1.2711864406779676
2000-02-24,-0.023273432309836417,0,0.0,-0.0,-0.023273432309836417,1.0,1.2419431845309157
2000-02-25,-0.00048065369827068546,0,0.0,-0.0,-0.00048065369827068546,1.0,1.2413463833850575
2000-02-28,0.026098752967361288,0,0.0,0.0,0.026098752967361288,1.0,1.2741704464072585
2000-02-29,0.008395571701638155,0,0.0,0.0,0.008395571701638155,1.0,1.2849128670327064
2000-03-01,-0.023497321661663243,0,0.0,-0.0,-0.023497321661663243,1.0,1.2550728097397963
2000-03-02,0.054592648191727676,0,0.0,0.0,0.054592648191727676,1.0,1.325495344951064
2000-03-03,0.008071792704327495,0,0.0,0.0,0.008071792704327495,1.0,1.3362377655765116
2000-03-06,-0.015301828717808505,0,0.0,-0.0,-0.015301828717808505,1.0,1.315946526617333
2000-03-07,0.009029406719394157,0,0.0,0.0,0.009029406719394157,1.0,1.3278825495344968
2000-03-08,0.03315220731690055,0,0.0,0.0,0.03315220731690055,1.0,1.372642635473862
2000-03-09,-0.004357305368955701,0,0.0,-0.0,-0.004357305368955701,1.0,1.36667462401528
2000-03-10,-0.02655023209412084,0,0.0,-0.0,-0.02655023209412084,1.0,1.330866555263788
2000-03-13,-0.03746440882540911,0,0.0,-0.0,-0.03746440882540911,1.0,1.2819288613034157
2000-03-14,-0.042802539234760434,0,0.0,-0.0,-0.042802539234760434,1.0,1.2282167581761774
2000-03-15,0.055294027128789475,0,0.0,0.0,0.055294027128789475,1.0,1.2980424922415867
2000-03-16,0.01867510434439001,0,0.0,0.0,0.01867510434439001,1.0,1.322511339221773
2000-03-17,-0.7215243707107858,0,0.0,-0.0,-0.7215243707107858,1.0,0.6427548340892824
2000-03-20,0.03736197655865585,0,0.0,0.0,0.03736197655865585,1.0,0.6672236810694686
2000-03-21,0.019486887673496694,0,0.0,0.0,0.019486887673496694,1.0,0.680353306278349
2000-03-22,0.01739174271186924,0,0.0,0.0,0.01739174271186924,1.0,0.6922893291955131
2000-03-23,0.013358650444352083,0,0.0,0.0,0.013358650444352083,1.0,0.7015994270709011
2000-03-24,0.0020394296667696973,0,0.0,0.0,0.0020394296667696973,1.0,0.7030317498209607
2000-03-27,-0.025796787332020305,0,0.0,-0.0,-0.025796787332020305,1.0,0.6851277154452147
2000-03-28,-0.0427111180930498,0,0.0,-0.0,-0.0427111180930498,1.0,0.6564812604440211
2000-03-29,-0.024851716155763433,0,0.0,-0.0,-0.024851716155763433,1.0,0.6403676295058497
2000-03-30,0.02029589961990273,0,0.0,0.0,0.02029589961990273,1.0,0.6534972547147301
2000-03-31,-0.06216690641655156,0,0.0,-0.0,-0.06216690641655156,1.0,0.6141083790880889
2000-04-03,-0.009765702611324789,0,0.0,-0.0,-0.009765702611324789,1.0,0.6081403676295069
2000-04-04,-0.017822253907504384,0,0.0,-0.0,-0.017822253907504384,1.0,0.5973979470040591
2000-04-05,0.023693112257288044,0,0.0,0.0,0.023693112257288044,1.0,0.611721174504656
2000-04-06,0.03922071315328133,0,0.0,0.0,0.03922071315328133,1.0,0.6361900214848423
2000-04-07,-0.06892586756719707,0,0.0,-0.0,-0.06892586756719707,1.0,0.5938171401289101
2000-04-10,-0.017744445299071956,0,0.0,-0.0,-0.017744445299071956,1.0,0.5833731200763915
2000-04-11,-0.060624621816434854,0,0.0,-0.0,-0.060624621816434854,1.0,0.549057054189545
2000-04-12,-0.04445176257083381,0,0.0,-0.0,-0.04445176257083381,1.0,0.525185008355217
2000-04-13,-0.0905714254571515,0,0.0,-0.0,-0.0905714254571515,1.0,0.479708761040822
2000-04-14,0.10892469634821529,0,0.0,0.0,0.10892469634821529,1.0,0.5349128670327056
2000-04-17,0.026098491679769985,0,0.0,0.0,0.026098491679769985,1.0,0.549057054189545
2000-04-18,-0.032478277155483994,0,0.0,-0.0,-0.032478277155483994,1.0,0.5315111005013139
2000-04-19,-0.020532738811019843,0,0.0,-0.0,-0.020532738811019843,1.0,0.5207089997612804
2000-04-20,-0.02907181482197696,0,0.0,-0.0,-0.02907181482197696,1.0,0.5057889711148253
2000-04-24,0.06531255777709062,0,0.0,0.0,0.06531255777709062,1.0,0.5399259966579144
2000-04-25,-0.034751880514360456,0,0.0,-0.0,-0.034751880514360456,1.0,0.521484841250896
2000-04-26,0.04333656893931113,0,0.0,0.0,0.04333656893931113,1.0,0.5445810455956084
2000-04-27,0.03763885149993491,0,0.0,0.0,0.03763885149993491,1.0,0.5654690857006456
2000-04-28,0.009244734398915627,0,0.0,0.0,0.009244734398915627,1.0,0.5707209357841977
2000-05-01,-0.05923350579313293,0,0.0,-0.0,-0.05923350579313293,1.0,0.5378968727619966
2000-05-02,-0.01115709442569243,0,0.0,-0.0,-0.01115709442569243,1.0,0.5319288613034147
2000-05-03,0.002017485553168909,0,0.0,0.0,0.002017485553168909,1.0,0.5330031033659595
2000-05-04,0.02356955579076042,0,0.0,0.0,0.02356955579076042,1.0,0.5457149677727392
2000-05-05,-0.03971077197014579,0,0.0,-0.0,-0.03971077197014579,1.0,0.5244688469801871
2000-05-08,-0.02162495126290169,0,0.0,-0.0,-0.02162495126290169,1.0,0.513248985438053
2000-05-09,-0.0754505545885538,0,0.0,-0.0,-0.0754505545885538,1.0,0.47594891382191545
2000-05-10,0.059392072017060635,0,0.0,0.0,0.059392072017060635,1.0,0.5050728097397956
2000-05-11,0.0,0,0.0,0.0,0.0,1.0,0.5050728097397956
2000-05-12,0.04256453779869636,0,0.0,0.0,0.04256453779869636,1.0,0.5270350919073775
2000-05-15,0.027916060221026228,0,0.0,0.0,0.027916060221026228,1.0,0.5419551205538327
2000-05-16,-0.02080742661918658,0,0.0,-0.0,-0.02080742661918658,1.0,0.5307949391262843
2000-05-17,-0.036525899036501115,0,0.0,-0.0,-0.036525899036501115,1.0,0.5117569825734076
2000-05-18,-0.04850449069227139,0,0.0,-0.0,-0.04850449069227139,1.0,0.48752685605156465
2000-05-19,-0.000734753890513295,0,0.0,-0.0,-0.000734753890513295,1.0,0.4871687753640498
2000-05-22,-0.08724527557895102,0,0.0,-0.0,-0.08724527557895102,1.0,0.4464669372165205
2000-05-23,0.060805455775972614,0,0.0,0.0,0.060805455775972614,1.0,0.4744569109572701
2000-05-24,-0.022258470600942697,0,0.0,-0.0,-0.022258470600942697,1.0,0.46401289090475156
2000-05-25,0.0,0,0.0,0.0,0.0,1.0,0.46401289090475156
2000-05-26,0.0957193331548613,0,0.0,0.0,0.0957193331548613,1.0,0.510623060396277
2000-05-30,-0.024371252357395113,0,0.0,-0.0,-0.024371252357395113,1.0,0.4983289567915981
2000-05-31,0.04541979166647988,0,0.0,0.0,0.04541979166647988,1.0,0.5214848412508962
2000-06-01,0.0690844214275079,0,0.0,0.0,0.0690844214275079,1.0,0.5587849128670338
2000-06-02,0.002453465415473825,0,0.0,0.0,0.002453465415473825,1.0,0.5601575555025077
2000-06-05,-0.028201317903670704,0,0.0,-0.0,-0.028201317903670704,1.0,0.5445810455956086
2000-06-06,0.026388467500495914,0,0.0,0.0,0.026388467500495914,1.0,0.5591429935545487
2000-06-07,-0.004707401439171956,0,0.0,-0.0,-0.004707401439171956,1.0,0.5565170685127726
2000-06-08,0.005347606326595277,0,0.0,0.0,0.005347606326595277,1.0,0.5595010742420636
2000-06-09,-0.03252319170556006,0,0.0,-0.0,-0.03252319170556006,1.0,0.5415970398663176
2000-06-12,0.037842353183159934,0,0.0,0.0,0.037842353183159934,1.0,0.5624850799713547
2000-06-13,-0.022750203207279506,0,0.0,-0.0,-0.022750203207279506,1.0,0.5498328956791607
2000-06-14,0.017431041729679603,0,0.0,0.0,0.017431041729679603,1.0,0.5595010742420636
2000-06-15,0.005319161477600027,0,0.0,0.0,0.005319161477600027,1.0,0.5624850799713547
2000-06-16,0.03901665234245172,0,0.0,0.0,0.03901665234245172,1.0,0.5848651229410372
2000-06-19,-0.0037826554329919086,0,0.0,-0.0,-0.0037826554329919086,1.0,0.5826569587013617
2000-06-20,0.012722170471800444,0,0.0,0.0,0.012722170471800444,1.0,0.5901169730245892
2000-06-21,-0.03740197970257027,0,0.0,-0.0,-0.03740197970257027,1.0,0.5684530914299365
2000-06-22,-0.04016604172533476,0,0.0,-0.0,-0.04016604172533476,1.0,0.546073048460254
2000-06-23,0.026955809988528295,0,0.0,0.0,0.026955809988528295,1.0,0.560993077106709
2000-06-26,-0.011986444880367923,0,0.0,-0.0,-0.011986444880367923,1.0,0.5543089042730971
2000-06-27,0.011986444880367835,0,0.0,0.0,0.011986444880367835,1.0,0.5609930771067089
2000-06-28,-0.02542692468470908,0,0.0,-0.0,-0.02542692468470908,1.0,0.5469085700644554
2000-06-29,0.019451661494622047,0,0.0,0.0,0.019451661494622047,1.0,0.557650990689903
2000-06-30,0.01918549492689353,0,0.0,0.0,0.01918549492689353,1.0,0.5684530914299365
2000-07-03,-0.03951051892244433,0,0.0,-0.0,-0.03951051892244433,1.0,0.5464311291477689
2000-07-05,0.026300287185637844,0,0.0,0.0,0.026300287185637844,1.0,0.5609930771067089
2000-07-06,0.020428213803914047,0,0.0,0.0,0.020428213803914047,1.0,0.572571019336358
2000-07-07,-0.015334824184810884,0,0.0,-0.0,-0.015334824184810884,1.0,0.5638577226068283
2000-07-10,0.005488719711433859,0,0.0,0.0,0.005488719711433859,1.0,0.5669610885652909
2000-07-11,0.023408090898014804,0,0.0,0.0,0.023408090898014804,1.0,0.5803891143471004
2000-07-12,0.01277156567948754,0,0.0,0.0,0.01277156567948754,1.0,0.5878491286703279
2000-07-13,0.021095709487595544,0,0.0,0.0,0.021095709487595544,1.0,0.6003819527333502
2000-07-14,0.011857846450783468,0,0.0,0.0,0.011857846450783468,1.0,0.6075435664836485
2000-07-17,-0.022852459951875227,0,0.0,-0.0,-0.022852459951875227,1.0,0.5938171401289098
2000-07-18,-0.022872661665991455,0,0.0,-0.0,-0.022872661665991455,1.0,0.5803891143471004
2000-07-19,0.03187722475907331,0,0.0,0.0,0.03187722475907331,1.0,0.5991883504416338
2000-07-20,-0.03445122875424608,0,0.0,-0.0,-0.03445122875424608,1.0,0.5788971114824548
2000-07-21,-0.020834086902842025,0,0.0,-0.0,-0.020834086902842025,1.0,0.5669610885652908
2000-07-24,0.007863736460214451,0,0.0,0.0,0.007863736460214451,1.0,0.5714370971592273
2000-07-25,-0.0012540496993041033,0,0.0,-0.0,-0.0012540496993041033,1.0,0.5707209357841974
2000-07-26,-0.04000320054055385,0,0.0,-0.0,-0.04000320054055385,1.0,0.5483408928145148
2000-07-27,-0.05595552163527214,0,0.0,-0.0,-0.05595552163527214,1.0,0.5185008355216049
2000-07-28,0.02904015322116365,0,0.0,0.0,0.02904015322116365,1.0,0.5337789448555746
2000-07-31,-0.013394313593382836,0,0.0,-0.0,-0.013394313593382836,1.0,0.5266770112198621
2000-08-01,-0.017835158932857205,0,0.0,-0.0,-0.017835158932857205,1.0,0.5173669133444742
2000-08-02,0.042348110529220113,0,0.0,0.0,0.042348110529220113,1.0,0.5397469563141567
2000-08-03,-0.0034335748414506613,0,0.0,-0.0,-0.0034335748414506613,1.0,0.5378968727619963
2000-08-04,0.02324921035231814,0,0.0,0.0,0.02324921035231814,1.0,0.5505490570541901
2000-08-07,0.020174522638492266,0,0.0,0.0,0.020174522638492266,1.0,0.5617689185963243
2000-08-08,-0.02691807658200702,0,0.0,-0.0,-0.02691807658200702,1.0,0.5468488899498692
2000-08-09,-0.02006240129426339,0,0.0,-0.0,-0.02006240129426339,1.0,0.53598710909525
2000-08-10,0.013822302223777736,0,0.0,0.0,0.013822302223777736,1.0,0.5434471234184776
2000-08-11,0.021080863246619824,0,0.0,0.0,0.021080863246619824,1.0,0.5550250656481266
2000-08-14,0.0,0,0.0,0.0,0.0,1.0,0.5550250656481266
2000-08-15,0.010056787445593013,0,0.0,0.0,0.010056787445593013,1.0,0.5606349964191937
2000-08-16,0.019084347461906303,0,0.0,0.0,0.019084347461906303,1.0,0.5714370971592271
2000-08-17,-0.005235614053945052,0,0.0,-0.0,-0.005235614053945052,1.0,0.5684530914299362
2000-08-18,0.002621233479874287,0,0.0,0.0,0.002621233479874287,1.0,0.5699450942945817
2000-08-21,0.0,0,0.0,0.0,0.0,1.0,0.5699450942945817
2000-08-22,0.01620309649038564,0,0.0,0.0,0.01620309649038564,1.0,0.5792551921699697
2000-08-23,0.015336155808139462,0,0.0,0.0,0.015336155808139462,1.0,0.5882072093578427
2000-08-24,-0.0053919455115748515,0,0.0,-0.0,-0.0053919455115748515,1.0,0.5850441632847941
2000-08-25,0.004782993904408362,0,0.0,0.0,0.004782993904408362,1.0,0.5878491286703277
2000-08-28,0.0050633019565466345,0,0.0,0.0,0.0050633019565466345,1.0,0.5908331343996186
2000-08-29,-0.0012128564252092936,0,0.0,-0.0,-0.0012128564252092936,1.0,0.5901169730245888
2000-08-30,0.031065819574890532,0,0.0,0.0,0.031065819574890532,1.0,0.6087371687753647
2000-08-31,0.005865119452398058,0,0.0,0.0,0.005865119452398058,1.0,0.6123179756505138
2000-09-01,-0.030680288572122044,0,0.0,-0.0,-0.030680288572122044,1.0,0.5938171401289096
2000-09-05,-0.03580945269671089,0,0.0,-0.0,-0.03580945269671089,1.0,0.5729291000238725
2000-09-06,0.02194493875056602,0,0.0,0.0,0.02194493875056602,1.0,0.5856409644306523
2000-09-07,-0.031048753000036546,0,0.0,-0.0,-0.031048753000036546,1.0,0.5677369300549063
2000-09-08,-0.02468998461106413,0,0.0,-0.0,-0.02468998461106413,1.0,0.5538911434709961
2000-09-11,-0.015527756472176111,0,0.0,-0.0,-0.015527756472176111,1.0,0.5453568870852238
2000-09-12,0.02293480015951584,0,0.0,0.0,0.02293480015951584,1.0,0.5580090713774176
2000-09-13,-0.005361943141385399,0,0.0,-0.0,-0.005361943141385399,1.0,0.5550250656481266
2000-09-14,-0.018996500690655036,0,0.0,-0.0,-0.018996500690655036,1.0,0.5445810455956082
2000-09-15,-0.015127545145472496,0,0.0,-0.0,-0.015127545145472496,1.0,0.5364048698973507
2000-09-18,0.03616497248043566,0,0.0,0.0,0.03616497248043566,1.0,0.5561589878252572
2000-09-19,0.015334130722577098,0,0.0,0.0,0.015334130722577098,1.0,0.5647529243256152
2000-09-20,-0.07548268817416613,0,0.0,-0.0,-0.07548268817416613,1.0,0.523693005490571
2000-09-21,0.057462261310857125,0,0.0,0.0,0.057462261310857125,1.0,0.5546669849606116
2000-09-22,-0.02693581961918201,0,0.0,-0.0,-0.02693581961918201,1.0,0.5399259966579141
2000-09-25,-0.01145029463086127,0,0.0,-0.0,-0.01145029463086127,1.0,0.5337789448555745
2000-09-26,0.0013407823237650853,0,0.0,0.0,0.0013407823237650853,1.0,0.5344951062306045
2000-09-27,0.022085703353811794,0,0.0,0.0,0.022085703353811794,1.0,0.5464311291477684
2000-09-28,-0.03117106672884081,0,0.0,-0.0,-0.03117106672884081,1.0,0.5296610169491529
2000-09-29,-0.022793009528556573,0,0.0,-0.0,-0.022793009528556573,1.0,0.5177249940319889
2000-10-02,-0.03221361998365496,0,0.0,-0.0,-0.03221361998365496,1.0,0.5013129625208884
2000-10-03,0.01921889019478708,0,0.0,0.0,0.01921889019478708,1.0,0.5110408211983771
2000-10-04,0.00291528397247964,0,0.0,0.0,0.00291528397247964,1.0,0.5125328240630227
2000-10-05,-0.03411036521398229,0,0.0,-0.0,-0.03411036521398229,1.0,0.4953449510623065
2000-10-06,-0.004467797083505037,0,0.0,-0.0,-0.004467797083505037,1.0,0.4931367868226311
2000-10-09,-0.05369750195024656,0,0.0,-0.0,-0.05369750195024656,1.0,0.4673549773215569
2000-10-10,-0.016090969564834766,0,0.0,-0.0,-0.016090969564834766,1.0,0.4598949629983294
2000-10-11,-0.025364392816942367,0,0.0,-0.0,-0.025364392816942367,1.0,0.4483767008832661
2000-10-12,0.07831087482877773,0,0.0,0.0,0.07831087482877773,1.0,0.484900931009788
2000-10-13,0.00918842605440617,0,0.0,0.0,0.00918842605440617,1.0,0.48937693960372447
2000-10-16,-0.04681041784399056,0,0.0,-0.0,-0.04681041784399056,1.0,0.4669968966340419
2000-10-17,-0.0032000027306709027,0,0.0,-0.0,-0.0032000027306709027,1.0,0.4655048937693964
2000-10-18,0.08664806313589574,0,0.0,0.0,0.08664806313589574,1.0,0.5076390546669853
2000-10-19,0.014588576406078845,0,0.0,0.0,0.014588576406078845,1.0,0.5150990689902128
2000-10-20,-0.0013913045722583578,0,0.0,-0.0,-0.0013913045722583578,1.0,0.514382907615183
2000-10-23,-0.043755868318672494,0,0.0,-0.0,-0.043755868318672494,1.0,0.4923609453330155
2000-10-24,-0.057629112836636416,0,0.0,-0.0,-0.057629112836636416,1.0,0.4647887323943666
2000-10-25,0.025356328043615615,0,0.0,0.0,0.025356328043615615,1.0,0.47672475531153063
2000-10-26,-0.00200501320302041,0,0.0,-0.0,-0.00200501320302041,1.0,0.4757698734781576
2000-10-27,-0.037706556504786826,0,0.0,-0.0,-0.037706556504786826,1.0,0.4581642396753407
2000-10-30,0.06224006302615006,0,0.0,0.0,0.06224006302615006,1.0,0.48758653616614994
2000-10-31,-0.008604847193518414,0,0.0,-0.0,-0.008604847193518414,1.0,0.4834089281451426
2000-11-01,0.012270092591814401,0,0.0,0.0,0.012270092591814401,1.0,0.48937693960372464
2000-11-02,0.012843990938354378,0,0.0,0.0,0.012843990938354378,1.0,0.49570303174982155
2000-11-03,-0.007492482180349304,0,0.0,-0.0,-0.007492482180349304,1.0,0.4920028646455007
2000-11-06,-0.0037673982701573656,0,0.0,-0.0,-0.0037673982701573656,1.0,0.49015278109334026
2000-11-07,-0.08152519730869771,0,0.0,-0.0,-0.08152519730869771,1.0,0.45177846741465805
2000-11-08,-0.0001321091223271277,0,0.0,-0.0,-0.0001321091223271277,1.0,0.4517187873000722
2000-11-09,-0.05345819668134557,0,0.0,-0.0,-0.05345819668134557,1.0,0.4282048221532591
2000-11-10,0.001531927045642151,0,0.0,0.0,0.001531927045642151,1.0,0.4288613034137031
2000-11-13,0.05390607626139383,0,0.0,0.0,0.05390607626139383,1.0,0.4526139890188596
2000-11-14,0.02010249132560039,0,0.0,0.0,0.02010249132560039,1.0,0.4618047266650758
2000-11-15,-0.059914096320664086,0,0.0,-0.0,-0.059914096320664086,1.0,0.43494867510145674
2000-11-16,-0.0006862947218790397,0,0.0,-0.0,-0.0006862947218790397,1.0,0.4346502745285276
2000-11-17,-0.041634718851137856,0,0.0,-0.0,-0.041634718851137856,1.0,0.41692528049653904
2000-11-20,-0.0015758186772108637,0,0.0,-0.0,-0.0015758186772108637,1.0,0.41626879923609506
2000-11-21,-0.04576249412702931,0,0.0,-0.0,-0.04576249412702931,1.0,0.39764860348531916
2000-11-22,0.05560635705355965,0,0.0,0.0,0.05560635705355965,1.0,0.4203867271425166
2000-11-24,-0.012571594141923007,0,0.0,-0.0,-0.012571594141923007,1.0,0.4151348770589645
2000-11-27,-0.060903197130173316,0,0.0,-0.0,-0.060903197130173316,1.0,0.39060634996419247
2000-11-28,-0.03910460071964818,0,0.0,-0.0,-0.03910460071964818,1.0,0.3756266412031516
2000-11-29,0.0006353240366176832,0,0.0,0.0,0.0006353240366176832,1.0,0.37586536166149487
2000-11-30,0.016065867686793286,0,0.0,0.0,0.016065867686793286,1.0,0.3819527333492485
2000-12-01,0.015504186535965254,0,0.0,0.0,0.015504186535965254,1.0,0.38792074480783056
2000-12-04,0.08391685028722559,0,0.0,0.0,0.08391685028722559,1.0,0.4218787300071622
2000-12-05,-0.03879641500675599,0,0.0,-0.0,-0.03879641500675599,1.0,0.40582477918357657
2000-12-06,-0.022305757514298277,0,0.0,-0.0,-0.022305757514298277,1.0,0.39687276199570354
2000-12-07,0.022305757514298186,0,0.0,0.0,0.022305757514298186,1.0,0.4058247791835765
2000-12-08,0.08967938332081722,0,0.0,0.0,0.08967938332081722,1.0,0.4439006922893297
2000-12-11,-0.037254376620116214,0,0.0,-0.0,-0.037254376620116214,1.0,0.42766770112198665
2000-12-12,-0.04174692674329383,0,0.0,-0.0,-0.04174692674329383,1.0,0.4101814275483414
2000-12-13,-0.04996938383744944,0,0.0,-0.0,-0.04996938383744944,1.0,0.39018858916209165
2000-12-14,-0.02321007794925279,0,0.0,-0.0,-0.02321007794925279,1.0,0.3812365719742187
2000-12-15,0.0018767600128601842,0,0.0,0.0,0.0018767600128601842,1.0,0.3819527333492485
2000-12-18,-0.07914467352693329,0,0.0,-0.0,-0.07914467352693329,1.0,0.35288851754595413
2000-12-19,-0.05921980825129365,0,0.0,-0.0,-0.05921980825129365,1.0,0.3325972785867753
2000-12-20,0.005903944155197393,0,0.0,0.0,0.005903944155197393,1.0,0.3345667223681074
2000-12-21,0.07622081930015354,0,0.0,0.0,0.07622081930015354,1.0,0.3610646932442115
2000-12-22,0.006261348516634738,0,0.0,0.0,0.006261348516634738,1.0,0.36333253759847267
2000-12-26,0.011107595417248034,0,0.0,0.0,0.011107595417248034,1.0,0.3673907853903084
2000-12-27,-0.0019512201312618048,0,0.0,-0.0,-0.0019512201312618048,1.0,0.36667462401527856
2000-12-28,-0.051087723413447916,0,0.0,-0.0,-0.051087723413447916,1.0,0.34841250895201764
2000-12-29,-0.08841383619757853,0,0.0,-0.0,-0.08841383619757853,1.0,0.3189305323466225
2001-01-02,0.155646566418841,0,0.0,0.0,0.155646566418841,1.0,0.37264263547386056
2001-01-03,-0.018263133872634698,0,0.0,-0.0,-0.018263133872634698,1.0,0.3658987825256629
2001-01-04,-0.0794040816488829,0,0.0,-0.0,-0.0794040816488829,1.0,0.3379684888994991
2001-01-05,0.01088876230863529,0,0.0,0.0,0.01088876230863529,1.0,0.34166865600381996
2001-01-08,0.0,0,0.0,0.0,0.0,1.0,0.34166865600381996
2001-01-09,0.05007858312533045,0,0.0,0.0,0.05007858312533045,1.0,0.3592146096920511
2001-01-10,0.028659948985377336,0,0.0,0.0,0.028659948985377336,1.0,0.36965862974456964
2001-01-11,0.012673627563595113,0,0.0,0.0,0.012673627563595113,1.0,0.3743733587968494
2001-01-12,-0.012028049749049726,0,0.0,-0.0,-0.012028049749049726,1.0,0.3698973502029129
2001-01-16,0.03019457098720949,0,0.0,0.0,0.03019457098720949,1.0,0.38123657197421873
2001-01-17,0.04109747316614138,0,0.0,0.0,0.04109747316614138,1.0,0.39723084268321845
2001-01-18,-0.0037630811321768634,0,0.0,-0.0,-0.0037630811321768634,1.0,0.395738839818573
2001-01-19,0.001055090911052121,0,0.0,0.0,0.001055090911052121,1.0,0.3961566006206737
2001-01-22,0.02072381285619301,0,0.0,0.0,0.02072381285619301,1.0,0.40445213654810264
2001-01-23,-0.009488581197361451,0,0.0,-0.0,-0.009488581197361451,1.0,0.4006326092146102
2001-01-24,-0.039965814148933236,0,0.0,-0.0,-0.039965814148933236,1.0,0.38493673907853954
2001-01-25,0.01614798640798194,0,0.0,0.0,0.01614798640798194,1.0,0.39120315111005066
2001-01-26,0.02187940918125725,0,0.0,0.0,0.02187940918125725,1.0,0.3998567677249946
2001-01-29,-0.003738322110607104,0,0.0,-0.0,-0.003738322110607104,1.0,0.3983647648603491
2001-01-30,-0.037394666036785235,0,0.0,-0.0,-0.037394666036785235,1.0,0.3837431367868232
2001-01-31,0.013132672327280546,0,0.0,0.0,0.013132672327280546,1.0,0.38881594652661794
2001-02-01,-0.056842450940391705,0,0.0,-0.0,-0.056842450940391705,1.0,0.3673311052757227
2001-02-02,-0.0008126778179903221,0,0.0,-0.0,-0.0008126778179903221,1.0,0.36703270470279364
2001-02-05,0.001624695727001983,0,0.0,0.0,0.001624695727001983,1.0,0.3676295058486519
2001-02-06,-0.01636697746420536,0,0.0,-0.0,-0.01636697746420536,1.0,0.36166149439006984
2001-02-07,-0.030323120661105187,0,0.0,-0.0,-0.030323120661105187,1.0,0.35085939365003643
2001-02-08,-0.04150261391015042,0,0.0,-0.0,-0.04150261391015042,1.0,0.3365958462640254
2001-02-09,0.011984634104622418,0,0.0,0.0,0.011984634104622418,1.0,0.3406540940558611
2001-02-12,-0.032585452210773386,0,0.0,-0.0,-0.032585452210773386,1.0,0.32973263308665607
2001-02-13,0.03904666389690257,0,0.0,0.0,0.03904666389690257,1.0,0.3428622582955365
2001-02-14,0.016400885539416512,0,0.0,0.0,0.016400885539416512,1.0,0.34853186918118934
2001-02-15,-0.05762185723258914,0,0.0,-0.0,-0.05762185723258914,1.0,0.3290164717116262
2001-02-16,-0.03959081609692157,0,0.0,-0.0,-0.03959081609692157,1.0,0.31624492719026065
2001-02-20,-0.028521408834980333,0,0.0,-0.0,-0.028521408834980333,1.0,0.3073525901169734
2001-02-21,-0.009756174945364685,0,0.0,-0.0,-0.009756174945364685,1.0,0.3043685843876824
2001-02-22,0.003523198007316878,0,0.0,0.0,0.003523198007316878,1.0,0.30544282645022713
2001-02-23,0.018775350715138753,0,0.0,0.0,0.018775350715138753,1.0,0.3112317975650517
2001-02-26,-0.062303883336154865,0,0.0,-0.0,-0.062303883336154865,1.0,0.2924325614705184
2001-02-27,-0.03214377305468967,0,0.0,-0.0,-0.03214377305468967,1.0,0.2831821437097163
2001-02-28,0.0280537878031645,0,0.0,0.0,0.0280537878031645,1.0,0.291238959178802
2001-03-01,-0.04398614818424977,0,0.0,-0.0,-0.04398614818424977,1.0,0.2787061351157798
2001-03-02,0.018037624316547603,0,0.0,0.0,0.018037624316547603,1.0,0.2837789448555745
2001-03-05,0.03816863520247749,0,0.0,0.0,0.03816863520247749,1.0,0.29481976605395116
2001-03-06,0.00040477636658729614,0,0.0,0.0,0.00040477636658729614,1.0,0.29493912628312285
2001-03-07,-0.01879140261702653,0,0.0,-0.0,-0.01879140261702653,1.0,0.28944855574122735
2001-03-08,-0.07268155143480481,0,0.0,-0.0,-0.07268155143480481,1.0,0.2691573167820486
2001-03-09,-0.06409516045640043,0,0.0,-0.0,-0.06409516045640043,1.0,0.25244688469801896
2001-03-12,0.04957787590768153,0,0.0,0.0,0.04957787590768153,1.0,0.26527810933397034
2001-03-13,-0.015873349156290233,0,0.0,-0.0,-0.015873349156290233,1.0,0.2611005013129629
2001-03-14,-0.037256928355758986,0,0.0,-0.0,-0.037256928355758986,1.0,0.25155168297923175
2001-03-15,-0.022796428092383685,0,0.0,-0.0,-0.022796428092383685,1.0,0.24588207209357887
2001-03-16,0.048790164169431834,0,0.0,0.0,0.048790164169431834,1.0,0.2581761756982578
2001-03-19,-0.06963702580895487,0,0.0,-0.0,-0.06963702580895487,1.0,0.24080926235378414
2001-03-20,0.0,0,0.0,0.0,0.0,1.0,0.24080926235378414
2001-03-21,0.058946707871793104,0,0.0,0.0,0.058946707871793104,1.0,0.25543089042731
2001-03-22,0.0,0,0.0,0.0,0.0,1.0,0.25543089042731
2001-03-23,-0.02340255721927735,0,0.0,-0.0,-0.02340255721927735,1.0,0.24952255908331386
2001-03-26,0.033861688009414706,0,0.0,0.0,0.033861688009414706,1.0,0.25811649558367195
2001-03-27,-0.08564604568474349,0,0.0,-0.0,-0.08564604568474349,1.0,0.23693005490570587
2001-03-28,-0.019072415376387496,0,0.0,-0.0,-0.019072415376387496,1.0,0.23245404631176936
2001-03-29,0.0051216501200547025,0,0.0,0.0,0.0051216501200547025,1.0,0.2336476486034857
2001-03-30,-0.04572971801632587,0,0.0,-0.0,-0.04572971801632587,1.0,0.22320362855096718
2001-04-02,-0.07608442013302633,0,0.0,-0.0,-0.07608442013302633,1.0,0.20685127715445242
2001-04-03,-0.01775625169193861,0,0.0,-0.0,-0.01775625169193861,1.0,0.20321079016471744
2001-04-04,0.09143135463754534,0,0.0,0.0,0.09143135463754534,1.0,0.22266650751969486
2001-04-05,-0.02744364596226153,0,0.0,-0.0,-0.02744364596226153,1.0,0.21663881594652698
2001-04-06,0.02045061047129084,0,0.0,0.0,0.02045061047129084,1.0,0.22111482454046352
2001-04-09,0.07159856054829605,0,0.0,0.0,0.07159856054829605,1.0,0.237526856051564
2001-04-10,0.02970515441391591,0,0.0,0.0,0.02970515441391591,1.0,0.24468846980186248
2001-04-11,0.04296603588344334,0,0.0,0.0,0.04296603588344334,1.0,0.2554308904273101
2001-04-12,-0.061428098723178726,0,0.0,-0.0,-0.061428098723178726,1.0,0.24021246120792597
2001-04-16,0.02454110891611766,0,0.0,0.0,0.02454110891611766,1.0,0.246180472666508
2001-04-17,0.09915951092527735,0,0.0,0.0,0.09915951092527735,1.0,0.27184292193841064
2001-04-18,0.05862093695255968,0,0.0,0.0,0.05862093695255968,1.0,0.2882549534495112
2001-04-19,0.0020682530640590605,0,0.0,0.0,0.0020682530640590605,1.0,0.2888517545953694
2001-04-20,-0.06950953385959156,0,0.0,-0.0,-0.06950953385959156,1.0,0.26945571735497786
2001-04-23,-0.019005602811904523,0,0.0,-0.0,-0.019005602811904523,1.0,0.2643829076151831
2001-04-24,0.01789756945754288,0,0.0,0.0,0.01789756945754288,1.0,0.26915731678204885
2001-04-25,-0.025829622377446675,0,0.0,-0.0,-0.025829622377446675,1.0,0.26229410360467953
2001-04-26,0.026937655731808386,0,0.0,0.0,0.026937655731808386,1.0,0.2694557173549779
2001-04-27,0.021906681085866807,0,0.0,0.0,0.021906681085866807,1.0,0.27542372881356
2001-04-30,0.04034517446744038,0,0.0,0.0,0.04034517446744038,1.0,0.2867629505848658
2001-05-01,0.019169916107720123,0,0.0,0.0,0.019169916107720123,1.0,0.2923132012413471
2001-05-02,-0.045528848600420654,0,0.0,-0.0,-0.045528848600420654,1.0,0.27930293626163827
2001-05-03,0.02947581813295368,0,0.0,0.0,0.02947581813295368,1.0,0.28765815230365316
2001-05-04,-0.020965128465044964,0,0.0,-0.0,-0.020965128465044964,1.0,0.2816901408450711
2001-05-07,0.02096512846504487,0,0.0,0.0,0.02096512846504487,1.0,0.28765815230365316
2001-05-08,-0.03483201733347865,0,0.0,-0.0,-0.03483201733347865,1.0,0.2778109333969928
2001-05-09,-0.01689814905752525,0,0.0,-0.0,-0.01689814905752525,1.0,0.27315588445929884
2001-05-10,-0.004818230959583537,0,0.0,-0.0,-0.004818230959583537,1.0,0.2718429219384108
2001-05-11,-0.01615615533318628,0,0.0,-0.0,-0.01615615533318628,1.0,0.2674862735736459
2001-05-14,0.007335811490213358,0,0.0,0.0,0.007335811490213358,1.0,0.2694557173549779
2001-05-15,0.043343729216472,0,0.0,0.0,0.043343729216472,1.0,0.281391740272142
2001-05-16,0.015781495337403046,0,0.0,0.0,0.015781495337403046,1.0,0.28586774886607846
2001-05-17,0.0029184927949132172,0,0.0,0.0,0.0029184927949132172,1.0,0.28670327047028
2001-05-18,0.06077154739889175,0,0.0,0.0,0.06077154739889175,1.0,0.30466698496061184
2001-05-21,-0.002942621054197424,0,0.0,-0.0,-0.002942621054197424,1.0,0.3037717832418246
2001-05-22,-0.045211114924463,0,0.0,-0.0,-0.045211114924463,1.0,0.290343757460015
2001-05-23,0.025369194125459005,0,0.0,0.0,0.025369194125459005,1.0,0.2978037717832426
2001-05-24,-0.01840480710698946,0,0.0,-0.0,-0.01840480710698946,1.0,0.2923728813559329
2001-05-25,-0.06036950024962521,0,0.0,-0.0,-0.06036950024962521,1.0,0.27524468846980255
2001-05-29,-0.03733177845304113,0,0.0,-0.0,-0.03733177845304113,1.0,0.265158749104799
2001-05-30,0.006729500496939618,0,0.0,0.0,0.006729500496939618,1.0,0.26694915254237356
2001-05-31,0.029083345256559156,0,0.0,0.0,0.029083345256559156,1.0,0.27482692766770184
2001-06-01,-0.0047888641802831195,0,0.0,-0.0,-0.0047888641802831195,1.0,0.2735139651468138
2001-06-04,0.04313221937793056,0,0.0,0.0,0.04313221937793056,1.0,0.2855693482931495
2001-06-05,-0.0077625481574960815,0,0.0,-0.0,-0.0077625481574960815,1.0,0.2833611840534741
2001-06-06,0.02537046034707699,0,0.0,0.0,0.02537046034707699,1.0,0.29064215803294424
2001-06-07,-0.02811221045645685,0,0.0,-0.0,-0.02811221045645685,1.0,0.2825853425638585
2001-06-08,-0.02783905693077153,0,0.0,-0.0,-0.02783905693077153,1.0,0.27482692766770184
2001-06-11,-0.005443671581176581,0,0.0,-0.0,-0.005443671581176581,1.0,0.2733349248030563
2001-06-12,-0.027671937203320996,0,0.0,-0.0,-0.027671937203320996,1.0,0.2658749104798288
2001-06-13,-0.05300780011363545,0,0.0,-0.0,-0.05300780011363545,1.0,0.2521484841250902
2001-06-14,0.00824989947214184,0,0.0,0.0,0.00824989947214184,1.0,0.2542372881355939
2001-06-15,-0.013470604258299395,0,0.0,-0.0,-0.013470604258299395,1.0,0.25083552160420214
2001-06-18,-0.005008955016537885,0,0.0,-0.0,-0.005008955016537885,1.0,0.24958223919789985
2001-06-19,0.02246222823832973,0,0.0,0.0,0.02246222823832973,1.0,0.2552518500835528
2001-06-20,0.013469780987733495,0,0.0,0.0,0.013469780987733495,1.0,0.2587132967295303
2001-06-21,-0.002309469848662529,0,0.0,-0.0,-0.002309469848662529,1.0,0.2581164955836721
2001-06-22,0.002540123753502385,0,0.0,0.0,0.002540123753502385,1.0,0.2587729768441161
2001-06-25,0.0034534396011978827,0,0.0,0.0,0.0034534396011978827,1.0,0.25966817856290336
2001-06-26,0.006414684080718297,0,0.0,0.0,0.006414684080718297,1.0,0.26133922177130636
2001-06-27,0.012707227942281536,0,0.0,0.0,0.012707227942281536,1.0,0.26468130818811225
2001-06-28,0.029985589144570602,0,0.0,0.0,0.029985589144570602,1.0,0.272738123657198
2001-06-29,-0.005485477276671203,0,0.0,-0.0,-0.005485477276671203,1.0,0.2712461207925525
2001-07-02,0.004171704370387004,0,0.0,0.0,0.004171704370387004,1.0,0.27238004296968304
2001-07-03,-0.049173673282473754,0,0.0,-0.0,-0.049173673282473754,1.0,0.2593100978753885
2001-07-05,-0.042309483098549504,0,0.0,-0.0,-0.042309483098549504,1.0,0.24856767724994083
2001-07-06,0.00860631656843906,0,0.0,0.0,0.00860631656843906,1.0,0.2507161613750304
2001-07-09,-0.03660571106879719,0,0.0,-0.0,-0.03660571106879719,1.0,0.24170446407257157
2001-07-10,0.012270092591814401,0,0.0,0.0,0.012270092591814401,1.0,0.2446884698018626
2001-07-11,0.06148508365068089,0,0.0,0.0,0.06148508365068089,1.0,0.2602052995941758
2001-07-12,-0.010374732825551704,0,0.0,-0.0,-0.010374732825551704,1.0,0.2575196944378139
2001-07-13,-0.01871399643137353,0,0.0,-0.0,-0.01871399643137353,1.0,0.2527452852709483
2001-07-16,0.02218421391038072,0,0.0,0.0,0.02218421391038072,1.0,0.2584148961566012
2001-07-17,-0.03885126639559243,0,0.0,-0.0,-0.03885126639559243,1.0,0.2485676772499409
2001-07-18,0.023491411244737415,0,0.0,0.0,0.023491411244737415,1.0,0.25447600859393704
2001-07-19,-0.023491411244737477,0,0.0,-0.0,-0.023491411244737477,1.0,0.24856767724994083
2001-07-20,-0.0252870269146452,0,0.0,-0.0,-0.0252870269146452,1.0,0.24236094533301555
2001-07-23,-0.011391901305435744,0,0.0,-0.0,-0.011391901305435744,1.0,0.2396156600620678
2001-07-24,0.00867953371972281,0,0.0,0.0,0.00867953371972281,1.0,0.2417044640725715
2001-07-25,0.014706147389695487,0,0.0,0.0,0.014706147389695487,1.0,0.2452852709477207
2001-07-26,0.02047031141102629,0,0.0,0.0,0.02047031141102629,1.0,0.2503580806875154
2001-07-27,-0.005977304108459414,0,0.0,-0.0,-0.005977304108459414,1.0,0.24886607782286993
2001-07-30,0.0014378147696274175,0,0.0,0.0,0.0014378147696274175,1.0,0.24922415851038482
2001-07-31,0.03158405353531882,0,0.0,0.0,0.03158405353531882,1.0,0.25722129386488474
2001-08-01,0.018619087463923968,0,0.0,0.0,0.018619087463923968,1.0,0.2620553831463362
2001-08-02,-0.016764659486964716,0,0.0,-0.0,-0.016764659486964716,1.0,0.2576987347815713
2001-08-03,-0.01587334915629012,0,0.0,-0.0,-0.01587334915629012,1.0,0.25364048698973557
2001-08-06,-0.005189914928334193,0,0.0,-0.0,-0.005189914928334193,1.0,0.25232752446884754
2001-08-07,-0.043012186889543454,0,0.0,-0.0,-0.043012186889543454,1.0,0.24170446407257157
2001-08-08,0.004188745806639675,0,0.0,0.0,0.004188745806639675,1.0,0.2427190260205305
2001-08-09,-0.009635652068771585,0,0.0,-0.0,-0.009635652068771585,1.0,0.24039150155168354
2001-08-10,0.02015305365182739,0,0.0,0.0,0.02015305365182739,1.0,0.24528527094772076
2001-08-13,-0.01224005489450195,0,0.0,-0.0,-0.01224005489450195,1.0,0.2423012652184298
2001-08-14,-0.03764559961636688,0,0.0,-0.0,-0.03764559961636688,1.0,0.23334924803055673
2001-08-15,0.011696039763191236,0,0.0,0.0,0.011696039763191236,1.0,0.23609453330150448
2001-08-16,-0.04656816547721155,0,0.0,-0.0,-0.04656816547721155,1.0,0.22535211267605681
2001-08-17,0.013677225307453593,0,0.0,0.0,0.013677225307453593,1.0,0.22845547863451945
2001-08-20,-0.042423328217562915,0,0.0,-0.0,-0.042423328217562915,1.0,0.218966340415374
2001-08-21,0.026890568911853447,0,0.0,0.0,0.026890568911853447,1.0,0.22493435187395605
2001-08-22,-0.009865431299900904,0,0.0,-0.0,-0.009865431299900904,1.0,0.2227261876342807
2001-08-23,0.0516951428960725,0,0.0,0.0,0.0516951428960725,1.0,0.23454285032227312
2001-08-24,0.0012714559881968875,0,0.0,0.0,0.0012714559881968875,1.0,0.23484125089520225
2001-08-27,-0.03175689607741096,0,0.0,-0.0,-0.03175689607741096,1.0,0.22750059680114632
2001-08-28,-0.014799424445939095,0,0.0,-0.0,-0.014799424445939095,1.0,0.22415851038434043
2001-08-29,-0.03770960837605563,0,0.0,-0.0,-0.03770960837605563,1.0,0.21586297445691144
2001-08-30,0.0,0,0.0,0.0,0.0,1.0,0.21586297445691144
2001-08-31,-0.019542777178476224,0,0.0,-0.0,-0.019542777178476224,1.0,0.21168536643590402
2001-09-04,-0.0039548074144766104,0,0.0,-0.0,-0.0039548074144766104,1.0,0.21084984483170252
2001-09-05,-0.041317446984649245,0,0.0,-0.0,-0.041317446984649245,1.0,0.20231558844593023
2001-09-06,-0.005917177028088396,0,0.0,-0.0,-0.005917177028088396,1.0,0.20112198615421387
2001-09-07,0.01179954693115503,0,0.0,0.0,0.01179954693115503,1.0,0.20350919073764664
2001-09-10,-0.08887928947403448,0,0.0,-0.0,-0.08887928947403448,1.0,0.1862019575077588
2001-09-17,-0.022691411202070765,0,0.0,-0.0,-0.022691411202070765,1.0,0.18202434948675136
2001-09-18,-0.017529802284794126,0,0.0,-0.0,-0.017529802284794126,1.0,0.1788613034137029
2001-09-19,-0.03393606954731284,0,0.0,-0.0,-0.03393606954731284,1.0,0.1728932919551209
2001-09-20,-0.027293506655237786,0,0.0,-0.0,-0.027293506655237786,1.0,0.16823824301742696
2001-09-21,0.049144836987478666,0,0.0,0.0,0.049144836987478666,1.0,0.1767128192886134
2001-09-24,0.003034903695154111,0,0.0,0.0,0.003034903695154111,1.0,0.1772499403198858
2001-09-25,-0.03529576591337543,0,0.0,-0.0,-0.03529576591337543,1.0,0.17110288851754632
2001-09-26,-0.006649193351503443,0,0.0,-0.0,-0.006649193351503443,1.0,0.16996896634041575
2001-09-27,0.017403850348761195,0,0.0,0.0,0.017403850348761195,1.0,0.17295297206970675
2001-09-28,-0.008664063901338158,0,0.0,-0.0,-0.008664063901338158,1.0,0.17146096920506124
2001-10-01,0.003127717580177783,0,0.0,0.0,0.003127717580177783,1.0,0.1719980902363336
2001-10-02,0.07291761391377012,0,0.0,0.0,0.07291761391377012,1.0,0.1850083552160424
2001-10-03,0.009630893060961366,0,0.0,0.0,0.009630893060961366,1.0,0.186798758653617
2001-10-04,0.014589538832827431,0,0.0,0.0,0.014589538832827431,1.0,0.18954404392456473
2001-10-05,0.0031436681029675356,0,0.0,0.0,0.0031436681029675356,1.0,0.19014084507042295
2001-10-08,-0.024465080411240053,0,0.0,-0.0,-0.024465080411240053,1.0,0.1855454762473148
2001-10-09,0.04435386526502926,0,0.0,0.0,0.04435386526502926,1.0,0.1939603724039154
2001-10-10,0.06549959761712174,0,0.0,0.0,0.06549959761712174,1.0,0.20708999761279584
2001-10-11,-0.004332136739134793,0,0.0,-0.0,-0.004332136739134793,1.0,0.20619479589400852
2001-10-12,-0.004350985834326146,0,0.0,-0.0,-0.004350985834326146,1.0,0.20529959417522123
2001-10-15,0.016147986407982158,0,0.0,0.0,0.016147986407982158,1.0,0.20864168059202717
2001-10-16,-0.07450410763723563,0,0.0,-0.0,-0.07450410763723563,1.0,0.19366197183098632
2001-10-17,0.026757449169549117,0,0.0,0.0,0.026757449169549117,1.0,0.19891382191453844
2001-10-18,0.00657897109804234,0,0.0,0.0,0.00657897109804234,1.0,0.20022678443542646
2001-10-19,0.026472134041976923,0,0.0,0.0,0.026472134041976923,1.0,0.2055979947481503
2001-10-22,0.005211360954662981,0,0.0,0.0,0.005211360954662981,1.0,0.20667223681069502
2001-10-23,0.021426330317308576,0,0.0,0.0,0.021426330317308576,1.0,0.2111482454046315
2001-10-24,0.03935115644324584,0,0.0,0.0,0.03935115644324584,1.0,0.21962282167581793
2001-10-25,-0.021701167514101376,0,0.0,-0.0,-0.021701167514101376,1.0,0.21490809262353813
2001-10-26,-0.05626037395561046,0,0.0,-0.0,-0.05626037395561046,1.0,0.2031511100501316
2001-10-29,-0.01957938547148422,0,0.0,-0.0,-0.01957938547148422,1.0,0.19921222248746745
2001-10-30,0.015458096152715383,0,0.0,0.0,0.015458096152715383,1.0,0.20231558844593006
2001-10-31,0.041600452505145866,0,0.0,0.0,0.041600452505145866,1.0,0.21090952494628817
2001-11-01,0.007330170966434393,0,0.0,0.0,0.007330170966434393,1.0,0.21246120792551948
2001-11-02,0.03206465962950145,0,0.0,0.0,0.03206465962950145,1.0,0.21938410121747462
2001-11-05,0.03816340374993853,0,0.0,0.0,0.03816340374993853,1.0,0.22791835760324688
2001-11-06,-0.00131010106515173,0,0.0,-0.0,-0.00131010106515173,1.0,0.22761995703031782
2001-11-07,-0.010278124477239262,0,0.0,-0.0,-0.010278124477239262,1.0,0.22529243256147086
2001-11-08,-0.0005299417188147279,0,0.0,-0.0,-0.0005299417188147279,1.0,0.2251730723322992
2001-11-09,0.007130625750166817,0,0.0,0.0,0.007130625750166817,1.0,0.2267844354261164
2001-11-12,0.03516391245766697,0,0.0,0.0,0.03516391245766697,1.0,0.23490093100978796
2001-11-13,0.007088637277734536,0,0.0,0.0,0.007088637277734536,1.0,0.23657197421819093
2001-11-14,-0.004044494896506526,0,0.0,-0.0,-0.004044494896506526,1.0,0.23561709238481776
2001-11-15,-0.002790109609634723,0,0.0,-0.0,-0.002790109609634723,1.0,0.23496061112437372
2001-11-16,0.028050925088423658,0,0.0,0.0,0.028050925088423658,1.0,0.24164478395798555
2001-11-19,-0.04728475304370149,0,0.0,-0.0,-0.04728475304370149,1.0,0.23048460253043715
2001-11-20,0.0005177323439488503,0,0.0,0.0,0.0005177323439488503,1.0,0.23060396275960882
2001-11-21,0.016427474141947996,0,0.0,0.0,0.016427474141947996,1.0,0.2344234900931013
2001-11-23,0.02439452037830723,0,0.0,0.0,0.02439452037830723,1.0,0.24021246120792583
2001-11-26,-0.001243008239596914,0,0.0,-0.0,-0.001243008239596914,1.0,0.23991406063499673
2001-11-27,-0.036736239825619466,0,0.0,-0.0,-0.036736239825619466,1.0,0.2312604440200528
2001-11-28,0.030497916412927706,0,0.0,0.0,0.030497916412927706,1.0,0.23842205777035125
2001-11-29,-0.007537724131426746,0,0.0,-0.0,-0.007537724131426746,1.0,0.23663165433277664
2001-11-30,-0.01729882873023915,0,0.0,-0.0,-0.01729882873023915,1.0,0.23257340654094086
2001-12-03,0.04662498598086646,0,0.0,0.0,0.04662498598086646,1.0,0.2436739078539034
2001-12-04,0.048288539712304575,0,0.0,0.0,0.048288539712304575,1.0,0.25572929100023906
2001-12-05,0.0013992539596443347,0,0.0,0.0,0.0013992539596443347,1.0,0.256087371687754
2001-12-06,-0.02788460439997209,0,0.0,-0.0,-0.02788460439997209,1.0,0.2490451181666272
2001-12-07,-0.017648227899153327,0,0.0,-0.0,-0.017648227899153327,1.0,0.24468846980186232
2001-12-10,0.0055940800145008445,0,0.0,0.0,0.0055940800145008445,1.0,0.2460611124373362
2001-12-11,0.007972019512218122,0,0.0,0.0,0.007972019512218122,1.0,0.2480305562186683
2001-12-12,-0.04427678444265342,0,0.0,-0.0,-0.04427678444265342,1.0,0.23728813559322065
2001-12-13,0.008764297993588258,0,0.0,0.0,0.008764297993588258,1.0,0.23937693960372436
2001-12-14,0.01705640162815454,0,0.0,0.0,0.01705640162815454,1.0,0.24349486751014593
2001-12-17,0.01121142623298971,0,0.0,0.0,0.01121142623298971,1.0,0.24624015278109362
2001-12-18,-0.01834465042850663,0,0.0,-0.0,-0.01834465042850663,1.0,0.24176414418715714
2001-12-19,-0.04338637576272335,0,0.0,-0.0,-0.04338637576272335,1.0,0.2314991644783961
2001-12-20,0.01763173311340508,0,0.0,0.0,0.01763173311340508,1.0,0.2356170923848177
2001-12-21,-0.0040609192863149575,0,0.0,-0.0,-0.0040609192863149575,1.0,0.23466221055144457
2001-12-24,0.009365971516008147,0,0.0,0.0,0.009365971516008147,1.0,0.23687037479111991
2001-12-26,0.00803015607416962,0,0.0,0.0,0.00803015607416962,1.0,0.23878013845786614
2001-12-27,0.007966186016133065,0,0.0,0.0,0.007966186016133065,1.0,0.24068990212461236
2001-12-28,-0.035844321888814576,0,0.0,-0.0,-0.035844321888814576,1.0,0.23221532585342594
2001-12-31,0.030374392785499384,0,0.0,0.0,0.030374392785499384,1.0,0.23937693960372436
2002-01-02,0.03406774745469119,0,0.0,0.0,0.03406774745469119,1.0,0.24767247553115335
2002-01-03,0.004088018197709534,0,0.0,0.0,0.004088018197709534,1.0,0.24868703747911228
2002-01-04,-0.01110050008363616,0,0.0,-0.0,-0.01110050008363616,1.0,0.24594175220816455
2002-01-07,0.0067714889940506786,0,0.0,0.0,0.0067714889940506786,1.0,0.24761279541656753
2002-01-08,-0.009201033434989575,0,0.0,-0.0,-0.009201033434989575,1.0,0.24534495106230633
2002-01-09,0.006546271407609957,0,0.0,0.0,0.006546271407609957,1.0,0.24695631415612346
2002-01-10,-0.012890851011385058,0,0.0,-0.0,-0.012890851011385058,1.0,0.24379326808307503
2002-01-11,-0.02202786752565918,0,0.0,-0.0,-0.02202786752565918,1.0,0.23848173788493704
2002-01-14,0.009464578745713118,0,0.0,0.0,0.009464578745713118,1.0,0.2407495822391982
2002-01-15,-0.039438882711560076,0,0.0,-0.0,-0.039438882711560076,1.0,0.23143948436381023
2002-01-16,0.022186298266351278,0,0.0,0.0,0.022186298266351278,1.0,0.23663165433277658
2002-01-17,-0.027097772531329535,0,0.0,-0.0,-0.027097772531329535,1.0,0.23030556218667966
2002-01-18,-0.03132247112904127,0,0.0,-0.0,-0.03132247112904127,1.0,0.22320362855096706
2002-01-22,0.02716770015626636,0,0.0,0.0,0.02716770015626636,1.0,0.22935068035330658
2002-01-23,0.013183595367301073,0,0.0,0.0,0.013183595367301073,1.0,0.23239436619718343
2002-01-24,-0.0028288562004777137,0,0.0,-0.0,-0.0028288562004777137,1.0,0.2317378849367394
2002-01-25,0.005649732542118907,0,0.0,0.0,0.005649732542118907,1.0,0.23305084745762744
2002-01-28,-0.027783170901555188,0,0.0,-0.0,-0.027783170901555188,1.0,0.22666507519694468
2002-01-29,0.007606594053471183,0,0.0,0.0,0.007606594053471183,1.0,0.22839579851993344
2002-01-30,0.006251648389206521,0,0.0,0.0,0.006251648389206521,1.0,0.2298281212699931
2002-01-31,-0.009654347654544409,0,0.0,-0.0,-0.009654347654544409,1.0,0.22761995703031782
2002-02-01,-0.03251019053762151,0,0.0,-0.0,-0.03251019053762151,1.0,0.2203389830508478
2002-02-04,-0.01666022420840696,0,0.0,-0.0,-0.01666022420840696,1.0,0.2166984960611128
2002-02-05,-0.006908967651073178,0,0.0,-0.0,-0.006908967651073178,1.0,0.2152064931964673
2002-02-06,-0.02442226644167752,0,0.0,-0.0,-0.02442226644167752,1.0,0.21001432322750094
2002-02-07,0.027468094630512876,0,0.0,0.0,0.027468094630512876,1.0,0.2158629744569113
2002-02-08,0.01263753082671651,0,0.0,0.0,0.01263753082671651,1.0,0.21860825972785905
2002-02-11,-0.008223730557612496,0,0.0,-0.0,-0.008223730557612496,1.0,0.21681785629028444
2002-02-12,0.01692180116110039,0,0.0,0.0,0.01692180116110039,1.0,0.2205180233946053
2002-02-13,-0.0018962487058177626,0,0.0,-0.0,-0.0018962487058177626,1.0,0.22010026259250454
2002-02-14,-0.030280320607820002,0,0.0,-0.0,-0.030280320607820002,1.0,0.21353544998806434
2002-02-15,-0.031225926168231995,0,0.0,-0.0,-0.031225926168231995,1.0,0.20697063738362415
2002-02-19,0.013461466344332812,0,0.0,0.0,0.013461466344332812,1.0,0.2097756027691577
2002-02-20,-0.048676372635399416,0,0.0,-0.0,-0.048676372635399416,1.0,0.19980902363332573
2002-02-21,0.005064810469462334,0,0.0,0.0,0.005064810469462334,1.0,0.2008235855812847
2002-02-22,0.03962067887583757,0,0.0,0.0,0.03962067887583757,1.0,0.20894008116495624
2002-02-25,-0.0037201359257952545,0,0.0,-0.0,-0.0037201359257952545,1.0,0.20816423967534062
2002-02-26,-0.013857034661426354,0,0.0,-0.0,-0.013857034661426354,1.0,0.20529959417522123
2002-02-27,-0.018187652999698527,0,0.0,-0.0,-0.018187652999698527,1.0,0.2015994270709004
2002-02-28,0.05640159835162806,0,0.0,0.0,0.05640159835162806,1.0,0.2132967295297212
2002-03-01,0.0386932614324861,0,0.0,0.0,0.0386932614324861,1.0,0.22171162568632183
2002-03-04,0.007241549682175573,0,0.0,0.0,0.007241549682175573,1.0,0.22332298878013904
2002-03-05,0.004798729549905191,0,0.0,0.0,0.004798729549905191,1.0,0.2243972308426838
2002-03-06,0.0021253993123135366,0,0.0,0.0,0.0021253993123135366,1.0,0.22487467175937037
2002-03-07,0.025934655911043533,0,0.0,0.0,0.025934655911043533,1.0,0.2307830031033666
2002-03-08,-0.003626946981139507,0,0.0,-0.0,-0.003626946981139507,1.0,0.22994748149916516
2002-03-11,-0.013850998911680498,0,0.0,-0.0,-0.013850998911680498,1.0,0.2267844354261167
2002-03-12,-0.024508419028731465,0,0.0,-0.0,-0.024508419028731465,1.0,0.2212938648842212
2002-03-13,-0.005950788455977203,0,0.0,-0.0,-0.005950788455977203,1.0,0.21998090236333315
2002-03-14,0.009987935642948297,0,0.0,0.0,0.009987935642948297,1.0,0.22218906660300847
2002-03-15,0.005624763724765788,0,0.0,0.0,0.005624763724765788,1.0,0.22344234900931068
2002-03-18,-0.0016038495819744047,0,0.0,-0.0,-0.0016038495819744047,1.0,0.2230842683217958
2002-03-19,-0.035951584252245525,0,0.0,-0.0,-0.035951584252245525,1.0,0.21520649319646754
2002-03-20,0.026274089370180213,0,0.0,0.0,0.026274089370180213,1.0,0.2209357841967063
2002-03-21,-0.00922665975708749,0,0.0,-0.0,-0.00922665975708749,1.0,0.21890666030078834
2002-03-22,-0.031010236742560208,0,0.0,-0.0,-0.031010236742560208,1.0,0.2122224874671765
2002-03-25,0.009237294513811958,0,0.0,0.0,0.009237294513811958,1.0,0.21419193124850855
2002-03-26,-0.007832207869829537,0,0.0,-0.0,-0.007832207869829537,1.0,0.21252088804010555
2002-03-27,0.012557720485484966,0,0.0,0.0,0.012557720485484966,1.0,0.21520649319646748
2002-03-28,0.018954007883674455,0,0.0,0.0,0.018954007883674455,1.0,0.2193244211028891
2002-04-01,-0.04622203606372184,0,0.0,-0.0,-0.04622203606372184,1.0,0.209417522081643
2002-04-02,-0.0017113523857283602,0,0.0,-0.0,-0.0017113523857283602,1.0,0.20905944139412805
2002-04-03,-0.007737536812204252,0,0.0,-0.0,-0.007737536812204252,1.0,0.20744807830031087
2002-04-04,-0.011283209535448742,0,0.0,-0.0,-0.011283209535448742,1.0,0.20512055383146388
2002-04-05,0.012433295918686225,0,0.0,0.0,0.012433295918686225,1.0,0.20768679875865415
2002-04-08,-0.035388983156227106,0,0.0,-0.0,-0.035388983156227106,1.0,0.20046550489376996
2002-04-09,0.007415131113821231,0,0.0,0.0,0.007415131113821231,1.0,0.20195750775841548
2002-04-10,-0.025135973271542388,0,0.0,-0.0,-0.025135973271542388,1.0,0.1969443781332066
2002-04-11,0.015634714147402157,0,0.0,0.0,0.015634714147402157,1.0,0.20004774409166926
2002-04-12,0.008022625112316191,0,0.0,0.0,0.008022625112316191,1.0,0.20165910718548638
2002-04-15,0.04088118187785285,0,0.0,0.0,0.04088118187785285,1.0,0.21007400334208703
2002-04-16,-0.005126755746345627,0,0.0,-0.0,-0.005126755746345627,1.0,0.20899976127954226
2002-04-17,-0.01931730818934753,0,0.0,-0.0,-0.01931730818934753,1.0,0.20500119360229227
2002-04-18,0.0031972124314251726,0,0.0,0.0,0.0031972124314251726,1.0,0.2056576748627363
2002-04-19,-0.02557082747558212,0,0.0,-0.0,-0.02557082747558212,1.0,0.20046550489376996
2002-04-22,-0.01741785775909993,0,0.0,-0.0,-0.01741785775909993,1.0,0.19700405824779232
2002-04-23,-0.015570456529409837,0,0.0,-0.0,-0.015570456529409837,1.0,0.1939603724039155
2002-04-24,-0.0024645730281616994,0,0.0,-0.0,-0.0024645730281616994,1.0,0.19348293148722895
2002-04-25,-0.04349882099251213,0,0.0,-0.0,-0.04349882099251213,1.0,0.18524707567438575
2002-04-26,0.0025740039951728426,0,0.0,0.0,0.0025740039951728426,1.0,0.1857245165910723
2002-04-29,0.019411906284913304,0,0.0,0.0,0.019411906284913304,1.0,0.18936500358080735
2002-04-30,-0.00537210961743079,0,0.0,-0.0,-0.00537210961743079,1.0,0.1883504416328484
2002-05-01,-0.03383599724909514,0,0.0,-0.0,-0.03383599724909514,1.0,0.1820840296013373
2002-05-02,-0.02556155769656937,0,0.0,-0.0,-0.02556155769656937,1.0,0.17748866077822914
2002-05-03,-0.02623212925075001,0,0.0,-0.0,-0.02623212925075001,1.0,0.172893291955121
2002-05-06,-0.009363689015683541,0,0.0,-0.0,-0.009363689015683541,1.0,0.17128192886130383
2002-05-07,0.10162532551584938,0,0.0,0.0,0.10162532551584938,1.0,0.18960372403915066
2002-05-08,-0.02614944915081967,0,0.0,-0.0,-0.02614944915081967,1.0,0.1847099546431134
2002-05-09,-0.045950903050604126,0,0.0,-0.0,-0.045950903050604126,1.0,0.17641441871568436
2002-05-10,0.03979304855744226,0,0.0,0.0,0.03979304855744226,1.0,0.1835760324659828
2002-05-13,0.05717647465069892,0,0.0,0.0,0.05717647465069892,1.0,0.19437813320601624
2002-05-14,0.007341727684868271,0,0.0,0.0,0.007341727684868271,1.0,0.19581045595607594
2002-05-15,0.0015227656361117105,0,0.0,0.0,0.0015227656361117105,1.0,0.196108856529005
2002-05-16,0.002127983779150975,0,0.0,0.0,0.002127983779150975,1.0,0.19652661733110577
2002-05-17,-0.022107133045165376,0,0.0,-0.0,-0.022107133045165376,1.0,0.19222964908092674
2002-05-20,-0.02770085837900723,0,0.0,-0.0,-0.02770085837900723,1.0,0.18697779899737452
2002-05-21,0.0022317879501073112,0,0.0,0.0,0.0022317879501073112,1.0,0.18739555979947525
2002-05-22,0.01986507070685925,0,0.0,0.0,0.01986507070685925,1.0,0.19115540701838196
2002-05-23,-0.02497363864958167,0,0.0,-0.0,-0.02497363864958167,1.0,0.18644067796610217
2002-05-24,-0.004491505786296699,0,0.0,-0.0,-0.004491505786296699,1.0,0.1856051563619007
2002-05-28,-0.026720390615940448,0,0.0,-0.0,-0.026720390615940448,1.0,0.18071138696586342
2002-05-29,0.008549871221238261,0,0.0,0.0,0.008549871221238261,1.0,0.18226306994509472
2002-05-30,-0.016507472894552403,0,0.0,-0.0,-0.016507472894552403,1.0,0.1792790642158037
2002-05-31,-0.03592389000339768,0,0.0,-0.0,-0.03592389000339768,1.0,0.17295297206970678
2002-06-03,0.013027266853778476,0,0.0,0.0,0.013027266853778476,1.0,0.17522081642396795
2002-06-04,0.010166132963471217,0,0.0,0.0,0.010166132963471217,1.0,0.17701121986154256
2002-06-05,-0.02665002268516055,0,0.0,-0.0,-0.02665002268516055,1.0,0.1723561709238486
2002-06-06,-0.020287509375433513,0,0.0,-0.0,-0.020287509375433513,1.0,0.16889472427787103
2002-06-07,-0.0017683470567420034,0,0.0,-0.0,-0.0017683470567420034,1.0,0.16859632370494193
2002-06-10,-0.028363057252624897,0,0.0,-0.0,-0.028363057252624897,1.0,0.16388159465266214
2002-06-11,0.014461568011834541,0,0.0,0.0,0.014461568011834541,1.0,0.16626879923609492
2002-06-12,-0.006481837602190806,0,0.0,-0.0,-0.006481837602190806,1.0,0.16519455717355014
2002-06-13,-0.002169982768322693,0,0.0,-0.0,-0.002169982768322693,1.0,0.16483647648603525
2002-06-14,0.03346698949023756,0,0.0,0.0,0.03346698949023756,1.0,0.17044640725710233
2002-06-17,0.015978109984658095,0,0.0,0.0,0.015978109984658095,1.0,0.17319169252805006
2002-06-18,-0.05963441616023832,0,0.0,-0.0,-0.05963441616023832,1.0,0.16316543327763228
2002-06-19,-0.03271667260899379,0,0.0,-0.0,-0.03271667260899379,1.0,0.1579135831940801
2002-06-20,-0.0244847732683132,0,0.0,-0.0,-0.0244847732683132,1.0,0.15409405586058764
2002-06-21,0.019559588089721483,0,0.0,0.0,0.019559588089721483,1.0,0.15713774170446446
2002-06-24,-0.03360038037895748,0,0.0,-0.0,-0.03360038037895748,1.0,0.1519455717354981
2002-06-25,0.0074349784875179905,0,0.0,0.0,0.0074349784875179905,1.0,0.15307949391262868
2002-06-26,0.021597445718536473,0,0.0,0.0,0.021597445718536473,1.0,0.1564215803294346
2002-06-27,-0.004205703006667275,0,0.0,-0.0,-0.004205703006667275,1.0,0.15576509906899055
2002-06-28,-0.04907756178600995,0,0.0,-0.0,-0.04907756178600995,1.0,0.14830508474576304
2002-07-01,-0.03688942868571362,0,0.0,-0.0,-0.03688942868571362,1.0,0.14293387443303923
2002-07-02,0.03285716515777502,0,0.0,0.0,0.03285716515777502,1.0,0.14770828359990482
2002-07-03,0.06226320730043565,0,0.0,0.0,0.06226320730043565,1.0,0.15719742181905022
2002-07-05,-0.03712723402889346,0,0.0,-0.0,-0.03712723402889346,1.0,0.15146813081881147
2002-07-08,-0.02877896455004329,0,0.0,-0.0,-0.02877896455004329,1.0,0.1471711625686324
2002-07-09,-0.031304038798733294,0,0.0,-0.0,-0.031304038798733294,1.0,0.14263547386011008
2002-07-10,0.03696519423347155,0,0.0,0.0,0.03696519423347155,1.0,0.14800668417283389
2002-07-11,0.0,0,0.0,0.0,0.0,1.0,0.14800668417283389
2002-07-12,0.030576136132158725,0,0.0,0.0,0.030576136132158725,1.0,0.15260205299594204
2002-07-15,-0.014972698938576334,0,0.0,-0.0,-0.014972698938576334,1.0,0.1503342086416809
2002-07-16,0.018096481252259718,0,0.0,0.0,0.018096481252259718,1.0,0.15307949391262862
2002-07-17,-0.036526490083453676,0,0.0,-0.0,-0.036526490083453676,1.0,0.14758892337073318
2002-07-18,-0.03038000468172172,0,0.0,-0.0,-0.03038000468172172,1.0,0.14317259489138245
2002-07-19,-0.024901054487947435,0,0.0,-0.0,-0.024901054487947435,1.0,0.1396514681308191
2002-07-22,-0.04367506350266153,0,0.0,-0.0,-0.04367506350266153,1.0,0.1336834566722371
2002-07-23,0.05303285190822221,0,0.0,0.0,0.05303285190822221,1.0,0.14096443065170716
2002-07-24,-0.059751802156967064,0,0.0,-0.0,-0.059751802156967064,1.0,0.1327882549534498
2002-07-25,0.018700455907188485,0,0.0,0.0,0.018700455907188485,1.0,0.13529481976605426
2002-07-26,0.049902826591213,0,0.0,0.0,0.049902826591213,1.0,0.14221771305800937
2002-07-29,0.019942497217381276,0,0.0,0.0,0.019942497217381276,1.0,0.1450823585581287
2002-07-30,-0.019103570993681627,0,0.0,-0.0,-0.019103570993681627,1.0,0.14233707328718104
2002-07-31,-0.048098579469898456,0,0.0,-0.0,-0.048098579469898456,1.0,0.13565290045356915
2002-08-01,-0.021343629252202692,0,0.0,-0.0,-0.021343629252202692,1.0,0.13278825495344976
2002-08-02,-0.03708367240964793,0,0.0,-0.0,-0.03708367240964793,1.0,0.12795416567199833
2002-08-05,0.0482569730077732,0,0.0,0.0,0.0482569730077732,1.0,0.13428025781809527
2002-08-06,0.013245226750020723,0,0.0,0.0,0.013245226750020723,1.0,0.13607066125566988
2002-08-07,0.0332141809876446,0,0.0,0.0,0.0332141809876446,1.0,0.140666030078778
2002-08-08,-0.010234630914701224,0,0.0,-0.0,-0.010234630914701224,1.0,0.13923370732871831
2002-08-09,0.0029959363303172564,0,0.0,0.0,0.0029959363303172564,1.0,0.1396514681308191
2002-08-12,-0.034786116085415424,0,0.0,-0.0,-0.034786116085415424,1.0,0.13487705896395352
2002-08-13,0.06176920338876648,0,0.0,0.0,0.06176920338876648,1.0,0.1434709954643116
2002-08-14,0.020177748603391086,0,0.0,0.0,0.020177748603391086,1.0,0.1463953210790168
2002-08-15,0.0069063853635335775,0,0.0,0.0,0.0069063853635335775,1.0,0.14740988302697575
2002-08-16,0.024001152099543045,0,0.0,0.0,0.024001152099543045,1.0,0.15099068990212497
2002-08-19,-0.004357305368955701,0,0.0,-0.0,-0.004357305368955701,1.0,0.15033420864168096
2002-08-20,0.02198753674522636,0,0.0,0.0,0.02198753674522636,1.0,0.1536762950584869
2002-08-21,0.015796899479252856,0,0.0,0.0,0.015796899479252856,1.0,0.15612317975650553
2002-08-22,-0.0393736300432498,0,0.0,-0.0,-0.0393736300432498,1.0,0.15009548818333768
2002-08-23,0.00396825917562067,0,0.0,0.0,0.00396825917562067,1.0,0.15069228932919587
2002-08-26,-0.035473288084253894,0,0.0,-0.0,-0.035473288084253894,1.0,0.14544043924564373
2002-08-27,-0.037203872677219176,0,0.0,-0.0,-0.037203872677219176,1.0,0.14012890904750572
2002-08-28,0.013116329354970537,0,0.0,0.0,0.013116329354970537,1.0,0.14197899259966612
2002-08-29,-0.012690525644044907,0,0.0,-0.0,-0.012690525644044907,1.0,0.14018858916209154
2002-08-30,-0.03685654533583911,0,0.0,-0.0,-0.03685654533583911,1.0,0.13511577942229683
2002-09-03,0.003967384529469681,0,0.0,0.0,0.003967384529469681,1.0,0.1356529004535692
2002-09-04,-0.024945614236231674,0,0.0,-0.0,-0.024945614236231674,1.0,0.13231081403676329
2002-09-05,0.030211093711993663,0,0.0,0.0,0.030211093711993663,1.0,0.1363690618285991
2002-09-06,0.010015324299684868,0,0.0,0.0,0.010015324299684868,1.0,0.1377417044640729
2002-09-09,0.024396673298043285,0,0.0,0.0,0.024396673298043285,1.0,0.14114347099546465
2002-09-10,-0.008492620045653588,0,0.0,-0.0,-0.008492620045653588,1.0,0.13994986870374823
2002-09-11,-0.027671458595991755,0,0.0,-0.0,-0.027671458595991755,1.0,0.13613034137025573
2002-09-12,0.00786030247879352,0,0.0,0.0,0.00786030247879352,1.0,0.1372045834328005
2002-09-13,-0.014458083175229888,0,0.0,-0.0,-0.014458083175229888,1.0,0.13523513965146847
2002-09-16,-0.02141027367763925,0,0.0,-0.0,-0.02141027367763925,1.0,0.13237049415134913
2002-09-17,-0.011335419492424113,0,0.0,-0.0,-0.011335419492424113,1.0,0.13087849128670362
2002-09-18,-0.01608860259980827,0,0.0,-0.0,-0.01608860259980827,1.0,0.1287896872761999
2002-09-19,0.004161855718279269,0,0.0,0.0,0.004161855718279269,1.0,0.1293268083074723
2002-09-20,-0.03045445009946269,0,0.0,-0.0,-0.03045445009946269,1.0,0.12544760085939397
2002-09-23,0.00047562426580340155,0,0.0,0.0,0.00047562426580340155,1.0,0.12550728097397978
2002-09-24,0.03916584497406798,0,0.0,0.0,0.03916584497406798,1.0,0.1305204105991887
2002-09-25,-0.012422519998557096,0,0.0,-0.0,-0.012422519998557096,1.0,0.12890904750537155
2002-09-26,-0.013516868579593687,0,0.0,-0.0,-0.013516868579593687,1.0,0.12717832418238276
2002-09-27,-0.02807702871924347,0,0.0,-0.0,-0.02807702871924347,1.0,0.12365719742181937
2002-09-30,0.05903353158419314,0,0.0,0.0,0.05903353158419314,1.0,0.1311768918596327
2002-10-01,-0.03377605360504944,0,0.0,-0.0,-0.03377605360504944,1.0,0.12682024349486784
2002-10-02,-0.024292692569044587,0,0.0,-0.0,-0.024292692569044587,1.0,0.12377655765099099
2002-10-03,-0.01898329091277717,0,0.0,-0.0,-0.01898329091277717,1.0,0.12144903318214405
2002-10-04,-0.009380468685436195,0,0.0,-0.0,-0.009380468685436195,1.0,0.12031511100501344
2002-10-07,0.0019821612039912025,0,0.0,0.0,0.0019821612039912025,1.0,0.12055383146335674
2002-10-08,-0.00695482187336961,0,0.0,-0.0,-0.00695482187336961,1.0,0.11971830985915524
2002-10-09,0.049596941139372186,0,0.0,0.0,0.049596941139372186,1.0,0.12580568154690888
2002-10-10,0.052668060538322466,0,0.0,0.0,0.052668060538322466,1.0,0.1326092146096924
2002-10-11,0.011633240814006459,0,0.0,0.0,0.011633240814006459,1.0,0.13416089758892372
2002-10-14,0.04692433375789564,0,0.0,0.0,0.04692433375789564,1.0,0.1406063499641923
2002-10-15,-0.0336674007643498,0,0.0,-0.0,-0.0336674007643498,1.0,0.13595130102649833
2002-10-16,0.0332428624433907,0,0.0,0.0,0.0332428624433907,1.0,0.14054666984960648
2002-10-17,0.010979840036344654,0,0.0,0.0,0.010979840036344654,1.0,0.14209835282883782
2002-10-18,0.019959082515309774,0,0.0,0.0,0.019959082515309774,1.0,0.14496299832895718
2002-10-21,-0.006194527344695652,0,0.0,-0.0,-0.006194527344695652,1.0,0.14406779661016986
2002-10-22,0.018876227268931615,0,0.0,0.0,0.018876227268931615,1.0,0.14681308188111758
2002-10-23,-0.025526293338948996,0,0.0,-0.0,-0.025526293338948996,1.0,0.14311291477679672
2002-10-24,0.029583094034563308,0,0.0,0.0,0.029583094034563308,1.0,0.14740988302697577
2002-10-25,-0.00853837266985521,0,0.0,-0.0,-0.00853837266985521,1.0,0.14615660062067354
2002-10-28,-0.023549941881645213,0,0.0,-0.0,-0.023549941881645213,1.0,0.14275483408928183
2002-10-29,0.02640417419651071,0,0.0,0.0,0.02640417419651071,1.0,0.1465743614227743
2002-10-30,-0.00040724903841207315,0,0.0,-0.0,-0.00040724903841207315,1.0,0.14651468130818848
2002-10-31,0.028114301480839255,0,0.0,0.0,0.028114301480839255,1.0,0.15069228932919587
2002-11-01,0.025416812984123256,0,0.0,0.0,0.025416812984123256,1.0,0.1545714967772742
2002-11-04,0.007692345623155865,0,0.0,0.0,0.007692345623155865,1.0,0.15576509906899064
2002-11-05,0.014076701910362118,0,0.0,0.0,0.014076701910362118,1.0,0.15797326330866596
2002-11-06,-0.035766165634616605,0,0.0,-0.0,-0.035766165634616605,1.0,0.1524230126521847
2002-11-07,-0.01857393843419111,0,0.0,-0.0,-0.01857393843419111,1.0,0.14961804726665115
2002-11-08,-0.030784123842170136,0,0.0,-0.0,-0.030784123842170136,1.0,0.1450823585581288
2002-11-11,0.025184109207434573,0,0.0,0.0,0.025184109207434573,1.0,0.14878252566244962
2002-11-12,0.011961865117499885,0,0.0,0.0,0.011961865117499885,1.0,0.15057292910002426
2002-11-13,0.033901551675681416,0,0.0,0.0,0.033901551675681416,1.0,0.1557650990689906
2002-11-14,0.012942700654837788,0,0.0,0.0,0.012942700654837788,1.0,0.15779422296490847
2002-11-15,-0.014860246784109646,0,0.0,-0.0,-0.014860246784109646,1.0,0.15546669849606148
2002-11-18,-0.015474196582597478,0,0.0,-0.0,-0.015474196582597478,1.0,0.15307949391262865
2002-11-19,0.041617000057018586,0,0.0,0.0,0.041617000057018586,1.0,0.15958462640248305
2002-11-20,0.03635428795388968,0,0.0,0.0,0.03635428795388968,1.0,0.16549295774647926
2002-11-21,-0.00036068530598420224,0,0.0,-0.0,-0.00036068530598420224,1.0,0.16543327763189344
2002-11-22,0.009693129205659751,0,0.0,0.0,0.009693129205659751,1.0,0.1670446407257106
2002-11-25,-0.034160298234871565,0,0.0,-0.0,-0.034160298234871565,1.0,0.16143470995464348
2002-11-26,0.03129804225574032,0,0.0,0.0,0.03129804225574032,1.0,0.16656719980902404
2002-11-27,-0.006830873226528383,0,0.0,-0.0,-0.006830873226528383,1.0,0.16543327763189344
2002-11-29,0.010050335853501506,0,0.0,0.0,0.010050335853501506,1.0,0.16710432084029644
2002-12-02,-0.03009108673694749,0,0.0,-0.0,-0.03009108673694749,1.0,0.16215087132967337
2002-12-03,-0.022330663666534283,0,0.0,-0.0,-0.022330663666534283,1.0,0.15857006445452415
2002-12-04,-0.014023349004670995,0,0.0,-0.0,-0.014023349004670995,1.0,0.15636190021484878
2002-12-05,0.010252605471958753,0,0.0,0.0,0.010252605471958753,1.0,0.15797326330866593
2002-12-06,-0.04837468570223646,0,0.0,-0.0,-0.04837468570223646,1.0,0.15051324898543839
2002-12-09,0.014955020948743458,0,0.0,0.0,0.014955020948743458,1.0,0.15278109333969958
2002-12-10,0.004676547883901803,0,0.0,0.0,0.004676547883901803,1.0,0.15349725471472941
2002-12-11,0.0054284739742928865,0,0.0,0.0,0.0054284739742928865,1.0,0.15433277631893091
2002-12-12,-0.032222827111813665,0,0.0,-0.0,-0.032222827111813665,1.0,0.14943900692289366
2002-12-13,0.03183605472254038,0,0.0,0.0,0.03183605472254038,1.0,0.1542730962043451
2002-12-16,0.003089998596134904,0,0.0,0.0,0.003089998596134904,1.0,0.15475053712103168
2002-12-17,-0.021439137264331463,0,0.0,-0.0,-0.021439137264331463,1.0,0.15146813081881158
2002-12-18,-0.012688512818319378,0,0.0,-0.0,-0.012688512818319378,1.0,0.14955836715206533
2002-12-19,0.010321647808053287,0,0.0,0.0,0.010321647808053287,1.0,0.15111005013129664
2002-12-20,0.013728397607073626,0,0.0,0.0,0.013728397607073626,1.0,0.15319885414180037
2002-12-23,-0.01254426484585687,0,0.0,-0.0,-0.01254426484585687,1.0,0.15128909047505412
2002-12-24,-0.0027651607585355556,0,0.0,-0.0,-0.0027651607585355556,1.0,0.15087132967295336
2002-12-26,-0.01836378950219551,0,0.0,-0.0,-0.01836378950219551,1.0,0.14812604440200564
2002-12-27,-0.0076845676440146365,0,0.0,-0.0,-0.0076845676440146365,1.0,0.14699212222487504
2002-12-30,-0.010612344495331579,0,0.0,-0.0,-0.010612344495331579,1.0,0.14544043924564373
2002-12-31,0.04139630638737592,0,0.0,0.0,0.04139630638737592,1.0,0.1515874910479832
2003-01-02,0.010963304797269594,0,0.0,0.0,0.010963304797269594,1.0,0.15325853425638616
2003-01-03,0.02461662763535603,0,0.0,0.0,0.02461662763535603,1.0,0.15707806158987866
2003-01-06,0.012460044154737107,0,0.0,0.0,0.012460044154737107,1.0,0.15904750537121073
2003-01-07,-0.028546181906361497,0,0.0,-0.0,-0.028546181906361497,1.0,0.15457149677727422
2003-01-08,0.03042059670071172,0,0.0,0.0,0.03042059670071172,1.0,0.1593459059441398
2003-01-09,0.014870162479451407,0,0.0,0.0,0.014870162479451407,1.0,0.16173311052757264
2003-01-10,-0.005921556903437321,0,0.0,-0.0,-0.005921556903437321,1.0,0.16077822869419947
2003-01-13,0.005183277061856152,0,0.0,0.0,0.005183277061856152,1.0,0.16161375029840092
2003-01-14,-0.012634876370277114,0,0.0,-0.0,-0.012634876370277114,1.0,0.15958462640248305
2003-01-15,-0.011282556690311458,0,0.0,-0.0,-0.011282556690311458,1.0,0.15779422296490847
2003-01-16,-0.04367844042645294,0,0.0,-0.0,-0.04367844042645294,1.0,0.1510503700167108
2003-01-17,-0.011124469113349748,0,0.0,-0.0,-0.011124469113349748,1.0,0.14937932680830782
2003-01-21,-0.004003207908216356,0,0.0,-0.0,-0.004003207908216356,1.0,0.1487825256624496
2003-01-22,0.02299863461825357,0,0.0,0.0,0.02299863461825357,1.0,0.15224397230842718
2003-01-23,-0.027420752377258977,0,0.0,-0.0,-0.027420752377258977,1.0,0.14812604440200558
2003-01-24,-0.011752921506063151,0,0.0,-0.0,-0.011752921506063151,1.0,0.1463953210790168
2003-01-27,0.010140017930598363,0,0.0,0.0,0.010140017930598363,1.0,0.14788732394366227
2003-01-28,0.01482102034475165,0,0.0,0.0,0.01482102034475165,1.0,0.1500954881833376
2003-01-29,-0.02618477899506691,0,0.0,-0.0,-0.02618477899506691,1.0,0.1462162807352593
2003-01-30,-0.002451983247286645,0,0.0,-0.0,-0.002451983247286645,1.0,0.14585820004774439
2003-01-31,0.0020437366606817866,0,0.0,0.0,0.0020437366606817866,1.0,0.14615660062067348
2003-02-03,-0.012325546342140425,0,0.0,-0.0,-0.012325546342140425,1.0,0.1443661971830989
2003-02-04,-0.004557704181315738,0,0.0,-0.0,-0.004557704181315738,1.0,0.14370971592265486
2003-02-05,0.005384150509346936,0,0.0,0.0,0.005384150509346936,1.0,0.14448555741227054
2003-02-06,-0.016660110451195774,0,0.0,-0.0,-0.016660110451195774,1.0,0.1420983528288377
2003-02-07,0.008781156153066095,0,0.0,0.0,0.008781156153066095,1.0,0.14335163523513994
2003-02-10,0.0053975634467441315,0,0.0,0.0,0.0053975634467441315,1.0,0.1441274767247556
2003-02-11,-0.013758816171427584,0,0.0,-0.0,-0.013758816171427584,1.0,0.14215803294342355
2003-02-12,0.0050251362026729795,0,0.0,0.0,0.0050251362026729795,1.0,0.14287419431845338
2003-02-13,0.022714170834249144,0,0.0,0.0,0.022714170834249144,1.0,0.14615660062067345
2003-02-14,0.0305612847572926,0,0.0,0.0,0.0305612847572926,1.0,0.15069228932919582
2003-02-18,-0.006755439956649003,0,0.0,-0.0,-0.006755439956649003,1.0,0.14967772738123686
2003-02-19,-0.00399521106728822,0,0.0,-0.0,-0.00399521106728822,1.0,0.14908092623537866
2003-02-20,0.0075773044497928375,0,0.0,0.0,0.0075773044497928375,1.0,0.15021484841250926
2003-02-21,-0.017231442182882795,0,0.0,-0.0,-0.017231442182882795,1.0,0.14764860348531897
2003-02-24,0.0012118765369263827,0,0.0,0.0,0.0012118765369263827,1.0,0.14782764382907645
2003-02-25,-0.022454505376322074,0,0.0,-0.0,-0.022454505376322074,1.0,0.14454523752685633
2003-02-26,0.02245450537632203,0,0.0,0.0,0.02245450537632203,1.0,0.14782764382907645
2003-02-27,0.01562218833097156,0,0.0,0.0,0.01562218833097156,1.0,0.1501551682979234
2003-02-28,-0.020478531343540676,0,0.0,-0.0,-0.020478531343540676,1.0,0.1471114824540466
2003-03-03,-0.006103782938017799,0,0.0,-0.0,-0.006103782938017799,1.0,0.1462162807352593
2003-03-04,0.002038736689848309,0,0.0,0.0,0.002038736689848309,1.0,0.1465146813081884
2003-03-05,-0.002446983276453252,0,0.0,-0.0,-0.002446983276453252,1.0,0.14615660062067345
2003-03-06,0.002039568318689089,0,0.0,0.0,0.002039568318689089,1.0,0.14645500119360258
2003-03-07,-0.02183402904960337,0,0.0,-0.0,-0.02183402904960337,1.0,0.14329195512055415
2003-03-10,-0.008784829555732915,0,0.0,-0.0,-0.008784829555732915,1.0,0.1420386727142519
2003-03-11,0.01790595415100529,0,0.0,0.0,0.01790595415100529,1.0,0.14460491764144218
2003-03-12,0.05578176164015379,0,0.0,0.0,0.05578176164015379,1.0,0.15290045356887116
2003-03-13,0.0038956029008304555,0,0.0,0.0,0.0038956029008304555,1.0,0.15349725471472933
2003-03-14,0.033642316418234806,0,0.0,0.0,0.033642316418234806,1.0,0.15874910479828153
2003-03-17,0.012329691035854141,0,0.0,0.0,0.012329691035854141,1.0,0.1607185485796136
2003-03-18,-0.008577341417303755,0,0.0,-0.0,-0.008577341417303755,1.0,0.15934590594413972
2003-03-19,0.003738322110607158,0,0.0,0.0,0.003738322110607158,1.0,0.15994270708999792
2003-03-20,0.013711535921445313,0,0.0,0.0,0.013711535921445313,1.0,0.16215087132967324
2003-03-21,-0.04247960609788803,0,0.0,-0.0,-0.04247960609788803,1.0,0.15540701838147553
2003-03-24,0.014108908968672468,0,0.0,0.0,0.014108908968672468,1.0,0.1576151826211509
2003-03-25,0.0056635982991921135,0,0.0,0.0,0.0056635982991921135,1.0,0.1585103843399382
2003-03-26,-0.007179324243037704,0,0.0,-0.0,-0.007179324243037704,1.0,0.1573764621628076
2003-03-27,-0.011058263306743196,0,0.0,-0.0,-0.011058263306743196,1.0,0.15564573883981883
2003-03-28,-0.03234258133708332,0,0.0,-0.0,-0.03234258133708332,1.0,0.1506922893291958
2003-03-31,0.007889587275162924,0,0.0,0.0,0.007889587275162924,1.0,0.1518858916209122
2003-04-01,0.02713344751440005,0,0.0,0.0,0.02713344751440005,1.0,0.1560634996419196
2003-04-02,0.012540540557875618,0,0.0,0.0,0.012540540557875618,1.0,0.15803294342325166
2003-04-03,-0.016371962869431555,0,0.0,-0.0,-0.016371962869431555,1.0,0.15546669849606137
2003-04-04,0.0015343309492610044,0,0.0,0.0,0.0015343309492610044,1.0,0.15570541895440462
2003-04-07,-0.0011505274519380746,0,0.0,-0.0,-0.0011505274519380746,1.0,0.15552637861064716
2003-04-08,-0.023292978567438484,0,0.0,-0.0,-0.023292978567438484,1.0,0.15194557173549797
2003-04-09,0.012102431535013078,0,0.0,0.0,0.012102431535013078,1.0,0.15379565528765837
2003-04-10,-0.010140492510553552,0,0.0,-0.0,-0.010140492510553552,1.0,0.15224397230842707
2003-04-11,0.02017918685275399,0,0.0,0.0,0.02017918685275399,1.0,0.1553473382668897
2003-04-14,0.009558474609935808,0,0.0,0.0,0.009558474609935808,1.0,0.1568393411315352
2003-04-15,-0.0022857152808560626,0,0.0,-0.0,-0.0022857152808560626,1.0,0.15648126044402028
2003-04-16,0.022625399517978827,0,0.0,0.0,0.022625399517978827,1.0,0.16006206731916953
2003-04-17,0.0037216269229945727,0,0.0,0.0,0.0037216269229945727,1.0,0.1606588684650277
2003-04-21,0.018767800172984742,0,0.0,0.0,0.018767800172984742,1.0,0.1637025543089045
2003-04-22,0.007264833985813295,0,0.0,0.0,0.007264833985813295,1.0,0.1648961566006209
2003-04-23,-0.005443671581176581,0,0.0,-0.0,-0.005443671581176581,1.0,0.1640009548818336
2003-04-24,-0.019475169999142467,0,0.0,-0.0,-0.019475169999142467,1.0,0.16083790880878515
2003-04-25,0.019475169999142485,0,0.0,0.0,0.019475169999142485,1.0,0.1640009548818336
2003-04-28,0.009056392273538164,0,0.0,0.0,0.009056392273538164,1.0,0.16549295774647915
2003-04-29,-0.010148691672147023,0,0.0,-0.0,-0.010148691672147023,1.0,0.1638219145380762
2003-04-30,0.008705169227330807,0,0.0,0.0,0.008705169227330807,1.0,0.16525423728813587
2003-05-01,0.021083503845501627,0,0.0,0.0,0.021083503845501627,1.0,0.16877536404869928
2003-05-02,-0.0010613834359221215,0,0.0,-0.0,-0.0010613834359221215,1.0,0.16859632370494182
2003-05-05,0.012662849469568822,0,0.0,0.0,0.012662849469568822,1.0,0.17074480783003132
2003-05-06,-0.011247921748543067,0,0.0,-0.0,-0.011247921748543067,1.0,0.1688350441632851
2003-05-07,-0.018552083994767623,0,0.0,-0.0,-0.018552083994767623,1.0,0.16573167820482243
2003-05-08,0.02278489454738841,0,0.0,0.0,0.02278489454738841,1.0,0.1695512055383149
2003-05-09,0.01502211655065168,0,0.0,0.0,0.01502211655065168,1.0,0.17211745046550514
2003-05-12,-0.006260890016722532,0,0.0,-0.0,-0.006260890016722532,1.0,0.1710432084029604
2003-05-13,-0.0020957045742188815,0,0.0,-0.0,-0.0020957045742188815,1.0,0.17068512771544547
2003-05-14,0.011126679464757053,0,0.0,0.0,0.011126679464757053,1.0,0.17259489138219172
2003-05-15,-0.007636274524988597,0,0.0,-0.0,-0.007636274524988597,1.0,0.1712819288613037
2003-05-16,-0.03582578558270483,0,0.0,-0.0,-0.03582578558270483,1.0,0.16525423728813587
2003-05-19,0.0028849641358375706,0,0.0,0.0,0.0028849641358375706,1.0,0.1657316782048224
2003-05-20,-0.0028849641358376743,0,0.0,-0.0,-0.0028849641358376743,1.0,0.16525423728813582
2003-05-21,0.01434230393328184,0,0.0,0.0,0.01434230393328184,1.0,0.16764144187156862
2003-05-22,0.00035593522354785193,0,0.0,0.0,0.00035593522354785193,1.0,0.16770112198615444
2003-05-23,0.034968597837746855,0,0.0,0.0,0.034968597837746855,1.0,0.17366913344473645
2003-05-27,0.003088010688576545,0,0.0,0.0,0.003088010688576545,1.0,0.17420625447600882
2003-05-28,0.004102569856777684,0,0.0,0.0,0.004102569856777684,1.0,0.17492241585103865
2003-05-29,0.016244012002389896,0,0.0,0.0,0.016244012002389896,1.0,0.17778706135115802
2003-05-30,-0.007074309442537154,0,0.0,-0.0,-0.007074309442537154,1.0,0.1765337789448558
2003-06-02,0.009421334828390615,0,0.0,0.0,0.009421334828390615,1.0,0.17820482215325878
2003-06-03,0.018580494720102488,0,0.0,0.0,0.018580494720102488,1.0,0.1815469085700647
2003-06-04,0.0072060580412436435,0,0.0,0.0,0.0072060580412436435,1.0,0.18285987109095272
2003-06-05,-0.016784991730180755,0,0.0,-0.0,-0.016784991730180755,1.0,0.17981618524707588
2003-06-06,-0.013364716132203488,0,0.0,-0.0,-0.013364716132203488,1.0,0.1774289806636431
2003-06-09,0.01502281632969661,0,0.0,0.0,0.01502281632969661,1.0,0.180114585820005
2003-06-10,0.011202753076553449,0,0.0,0.0,0.011202753076553449,1.0,0.18214370971592292
2003-06-11,0.004250455965964116,0,0.0,0.0,0.004250455965964116,1.0,0.18291955120553857
2003-06-12,-0.022769503733201555,0,0.0,-0.0,-0.022769503733201555,1.0,0.178801623299117
2003-06-13,0.03024556650755662,0,0.0,0.0,0.03024556650755662,1.0,0.18429219384101245
2003-06-16,-0.0038935805191320986,0,0.0,-0.0,-0.0038935805191320986,1.0,0.18357603246598264
2003-06-17,0.0051880790817778995,0,0.0,0.0,0.0051880790817778995,1.0,0.18453091429935575
2003-06-18,-0.01630293688807441,0,0.0,-0.0,-0.01630293688807441,1.0,0.18154690857006475
2003-06-19,-0.0013157896635200795,0,0.0,-0.0,-0.0013157896635200795,1.0,0.18130818811172145
2003-06-20,-0.015591624525770132,0,0.0,-0.0,-0.015591624525770132,1.0,0.1785032227261879
2003-06-23,-0.007719454342676979,0,0.0,-0.0,-0.007719454342676979,1.0,0.17713058009071403
2003-06-24,-0.005405418566907935,0,0.0,-0.0,-0.005405418566907935,1.0,0.17617569825734092
2003-06-25,0.02343595711232181,0,0.0,0.0,0.02343595711232181,1.0,0.1803533062783483
2003-06-26,-0.01298935831793642,0,0.0,-0.0,-0.01298935831793642,1.0,0.17802578180950132
2003-06-27,0.004014726034801182,0,0.0,0.0,0.004014726034801182,1.0,0.17874194318453115
2003-06-30,0.013267192944049079,0,0.0,0.0,0.013267192944049079,1.0,0.181129147767964
2003-07-01,0.020222476479604075,0,0.0,0.0,0.020222476479604075,1.0,0.18482931487228485
2003-07-02,-0.012672793484195163,0,0.0,-0.0,-0.012672793484195163,1.0,0.18250179040343784
2003-07-03,0.041946280521050025,0,0.0,0.0,0.041946280521050025,1.0,0.19031988541418027
2003-07-07,0.012155362379781896,0,0.0,0.0,0.012155362379781896,1.0,0.19264740988302728
2003-07-08,-0.002481390851385398,0,0.0,-0.0,-0.002481390851385398,1.0,0.1921699689663407
2003-07-09,-0.018809331957496227,0,0.0,-0.0,-0.018809331957496227,1.0,0.1885891620911915
2003-07-10,0.0075662403833158766,0,0.0,0.0,0.0075662403833158766,1.0,0.1900214848412512
2003-07-11,0.011864016772646065,0,0.0,0.0,0.011864016772646065,1.0,0.19228932919551234
2003-07-14,0.0012406949482343704,0,0.0,0.0,0.0012406949482343704,1.0,0.19252804965385562
2003-07-15,-0.0031046283862971816,0,0.0,-0.0,-0.0031046283862971816,1.0,0.19193124850799742
2003-07-16,-0.03094658068113503,0,0.0,-0.0,-0.03094658068113503,1.0,0.18608259727858706
2003-07-17,0.0032020520474798347,0,0.0,0.0,0.0032020520474798347,1.0,0.18667939842444525
2003-07-18,-0.01287019052053502,0,0.0,-0.0,-0.01287019052053502,1.0,0.18429219384101242
2003-07-21,0.0147865117712994,0,0.0,0.0,0.0147865117712994,1.0,0.18703747911196011
2003-07-22,0.008261883664991757,0,0.0,0.0,0.008261883664991757,1.0,0.18858916209119145
2003-07-23,-0.01338025696323604,0,0.0,-0.0,-0.01338025696323604,1.0,0.186082597278587
2003-07-24,0.01968942615650082,0,0.0,0.0,0.01968942615650082,1.0,0.1897827643829079
2003-07-25,0.0028261912358350447,0,0.0,0.0,0.0028261912358350447,1.0,0.19031988541418024
2003-07-28,-0.0075543324317811555,0,0.0,-0.0,-0.0075543324317811555,1.0,0.18888756266412055
2003-07-29,-0.007293515762709984,0,0.0,-0.0,-0.007293515762709984,1.0,0.1875149200286467
2003-07-30,0.012021656958656082,0,0.0,0.0,0.012021656958656082,1.0,0.18978276438290784
2003-07-31,-0.010749392155999384,0,0.0,-0.0,-0.010749392155999384,1.0,0.18775364048698998
2003-08-01,-0.00031791448368225894,0,0.0,-0.0,-0.00031791448368225894,1.0,0.18769396037240413
2003-08-04,-0.04022598774786886,0,0.0,-0.0,-0.04022598774786886,1.0,0.1802936261637625
2003-08-05,-0.0006622516798331541,0,0.0,-0.0,-0.0006622516798331541,1.0,0.18017426593459085
2003-08-06,0.003966947350964194,0,0.0,0.0,0.003966947350964194,1.0,0.18089042730962065
2003-08-07,-0.007949694069274003,0,0.0,-0.0,-0.007949694069274003,1.0,0.179458104559561
2003-08-08,0.010914611411738318,0,0.0,0.0,0.010914611411738318,1.0,0.18142754834089303
2003-08-11,0.015018238522838841,0,0.0,0.0,0.015018238522838841,1.0,0.18417283361184075
2003-08-12,0.00032399157905327547,0,0.0,0.0,0.00032399157905327547,1.0,0.18423251372642663
2003-08-13,0.000971345389631659,0,0.0,0.0,0.000971345389631659,1.0,0.18441155407018406
2003-08-14,0.00869990987554611,0,0.0,0.0,0.00869990987554611,1.0,0.1860229171640012
2003-08-15,0.025341869292504343,0,0.0,0.0,0.025341869292504343,1.0,0.1907973263308668
2003-08-18,0.012434104866402932,0,0.0,0.0,0.012434104866402932,1.0,0.1931845309142996
2003-08-19,-0.002474483167969132,0,0.0,-0.0,-0.002474483167969132,1.0,0.19270708999761307
2003-08-20,0.01078094532572244,0,0.0,0.0,0.01078094532572244,1.0,0.19479589400811675
2003-08-21,-0.006146300848694178,0,0.0,-0.0,-0.006146300848694178,1.0,0.19360229171640034
2003-08-22,0.002155505068601761,0,0.0,0.0,0.002155505068601761,1.0,0.19402005251850107
2003-08-25,0.0009223674750779126,0,0.0,0.0,0.0009223674750779126,1.0,0.1941990928622586
2003-08-26,0.007958413599206264,0,0.0,0.0,0.007958413599206264,1.0,0.19575077584148992
2003-08-27,0.008802606543422919,0,0.0,0.0,0.008802606543422919,1.0,0.19748149916447874
2003-08-28,0.009025332022042216,0,0.0,0.0,0.009025332022042216,1.0,0.1992719026020533
2003-08-29,0.014273212874116996,0,0.0,0.0,0.014273212874116996,1.0,0.20213654810217263
2003-09-02,-0.0005906674713962588,0,0.0,-0.0,-0.0005906674713962588,1.0,0.20201718787300102
2003-09-03,0.009116369562084958,0,0.0,0.0,0.009116369562084958,1.0,0.20386727142516142
2003-09-04,-0.006461109114288809,0,0.0,-0.0,-0.006461109114288809,1.0,0.2025543089042734
2003-09-05,0.016365064231233878,0,0.0,0.0,0.016365064231233878,1.0,0.20589639532107934
2003-09-08,-0.011955237887502291,0,0.0,-0.0,-0.011955237887502291,1.0,0.20344951062306071
2003-09-09,-0.024347996119426344,0,0.0,-0.0,-0.024347996119426344,1.0,0.19855574122702346
2003-09-10,0.011059745074361894,0,0.0,0.0,0.011059745074361894,1.0,0.20076390546669878
2003-09-11,0.005336508365686896,0,0.0,0.0,0.005336508365686896,1.0,0.20183814752924356
2003-09-12,-0.009805456664321003,0,0.0,-0.0,-0.009805456664321003,1.0,0.19986870374791146
2003-09-15,0.026809677573239432,0,0.0,0.0,0.026809677573239432,1.0,0.2052995941752211
2003-09-16,-0.004078071483378848,0,0.0,-0.0,-0.004078071483378848,1.0,0.20446407257101962
2003-09-17,0.015064016030163165,0,0.0,0.0,0.015064016030163165,1.0,0.20756743852948226
2003-09-18,-0.005767028670992556,0,0.0,-0.0,-0.005767028670992556,1.0,0.20637383623776587
2003-09-19,-0.019270669331442045,0,0.0,-0.0,-0.019270669331442045,1.0,0.20243494867510176
2003-09-22,0.01753405529152491,0,0.0,0.0,0.01753405529152491,1.0,0.20601575555025098
2003-09-23,-0.038386762030078556,0,0.0,-0.0,-0.038386762030078556,1.0,0.1982573406540943
2003-09-24,-0.013028513328591906,0,0.0,-0.0,-0.013028513328591906,1.0,0.19569109572690405
2003-09-25,-0.006424987682657886,0,0.0,-0.0,-0.006424987682657886,1.0,0.1944378133206018
2003-09-26,0.017042408824517956,0,0.0,0.0,0.017042408824517956,1.0,0.19777989973740778
2003-09-29,-0.021965495690886783,0,0.0,-0.0,-0.021965495690886783,1.0,0.19348293148722875
2003-09-30,0.022267200324341464,0,0.0,0.0,0.022267200324341464,1.0,0.1978395798519936
2003-10-01,0.0033127571329100913,0,0.0,0.0,0.0033127571329100913,1.0,0.19849606111243762
2003-10-02,0.02757772988642834,0,0.0,0.0,0.02757772988642834,1.0,0.2040463117689189
2003-10-03,0.007285475908320135,0,0.0,0.0,0.007285475908320135,1.0,0.2055383146335644
2003-10-06,0.0060790460763821925,0,0.0,0.0,0.0060790460763821925,1.0,0.2067915970398666
2003-10-07,-0.006369448285479823,0,0.0,-0.0,-0.006369448285479823,1.0,0.20547863451897855
2003-10-08,0.007523183631225926,0,0.0,0.0,0.007523183631225926,1.0,0.20703031749820988
2003-10-09,0.00918227398491593,0,0.0,0.0,0.00918227398491593,1.0,0.2089400811649561
2003-10-10,0.006548066101404504,0,0.0,0.0,0.006548066101404504,1.0,0.21031272380043
2003-10-13,0.0025506603030750422,0,0.0,0.0,0.0025506603030750422,1.0,0.21084984483170235
2003-10-14,-0.004254722061641657,0,0.0,-0.0,-0.004254722061641657,1.0,0.2099546431129151
2003-10-15,0.007927561336649779,0,0.0,0.0,0.007927561336649779,1.0,0.21162568632131806
2003-10-16,-0.024262642998808977,0,0.0,-0.0,-0.024262642998808977,1.0,0.20655287658152338
2003-10-17,0.012347608420937798,0,0.0,0.0,0.012347608420937798,1.0,0.20911912150871362
2003-10-20,0.0059752631900870205,0,0.0,0.0,0.0059752631900870205,1.0,0.21037240391501588
2003-10-21,-0.019479275324744454,0,0.0,-0.0,-0.019479275324744454,1.0,0.20631415612318013
2003-10-22,-0.011638187806332667,0,0.0,-0.0,-0.011638187806332667,1.0,0.20392695153974733
2003-10-23,0.0008775779413589422,0,0.0,0.0,0.0008775779413589422,1.0,0.20410599188350478
2003-10-24,0.00029235492095380593,0,0.0,0.0,0.00029235492095380593,1.0,0.20416567199809058
2003-10-27,0.03306323877992938,0,0.0,0.0,0.03306323877992938,1.0,0.2110288851754599
2003-10-28,-0.0011318620336834176,0,0.0,-0.0,-0.0011318620336834176,1.0,0.21079016471711665
2003-10-29,0.0019799186216128664,0,0.0,0.0,0.0019799186216128664,1.0,0.21120792551921744
2003-10-30,-0.005951555047959926,0,0.0,-0.0,-0.005951555047959926,1.0,0.20995464311291523
2003-10-31,0.01635221099590131,0,0.0,0.0,0.01635221099590131,1.0,0.21341608975889279
2003-11-03,-0.006734032181343956,0,0.0,-0.0,-0.006734032181343956,1.0,0.21198376700883312
2003-11-04,0.008968669982760316,0,0.0,0.0,0.008968669982760316,1.0,0.21389353067557934
2003-11-05,0.00278629324868307,0,0.0,0.0,0.00278629324868307,1.0,0.21449033182143748
2003-11-06,-0.008662901737668193,0,0.0,-0.0,-0.008662901737668193,1.0,0.21264024826927708
2003-11-07,-0.012426028284251062,0,0.0,-0.0,-0.012426028284251062,1.0,0.21001432322750097
2003-11-10,-0.0037010718404052114,0,0.0,-0.0,-0.0037010718404052114,1.0,0.20923848173788537
2003-11-11,0.0211663045172529,0,0.0,0.0,0.0211663045172529,1.0,0.21371449033182188
2003-11-12,-0.0011176307394149233,0,0.0,-0.0,-0.0011176307394149233,1.0,0.2134757698734786
2003-11-13,-0.020619287202735818,0,0.0,-0.0,-0.020619287202735818,1.0,0.20911912150871373
2003-11-14,-0.010327114155849517,0,0.0,-0.0,-0.010327114155849517,1.0,0.20697063738362423
2003-11-17,-0.023338282128487327,0,0.0,-0.0,-0.023338282128487327,1.0,0.20219622821675864
2003-11-18,0.009693129205659533,0,0.0,0.0,0.009693129205659533,1.0,0.20416567199809066
2003-11-19,-0.00969312920565957,0,0.0,-0.0,-0.00969312920565957,1.0,0.2021962282167586
2003-11-20,0.01027758275824023,0,0.0,0.0,0.01027758275824023,1.0,0.20428503222726227
2003-11-21,0.027375286767318197,0,0.0,0.0,0.027375286767318197,1.0,0.20995464311291523
2003-11-24,0.0,0,0.0,0.0,0.0,1.0,0.20995464311291523
2003-11-25,0.004537727582138388,0,0.0,0.0,0.004537727582138388,1.0,0.21090952494628837
2003-11-26,0.0011312218400888893,0,0.0,0.0,0.0011312218400888893,1.0,0.21114824540463165
2003-11-28,0.014590606762593957,0,0.0,0.0,0.014590606762593957,1.0,0.2142516113630943
2003-12-01,-0.005586606708639712,0,0.0,-0.0,-0.005586606708639712,1.0,0.21305800907137795
2003-12-02,-0.0126851595273158,0,0.0,-0.0,-0.0126851595273158,1.0,0.21037240391501602
2003-12-03,0.010722450359467079,0,0.0,0.0,0.010722450359467079,1.0,0.21264024826927722
2003-12-04,-0.01669771354955404,0,0.0,-0.0,-0.01669771354955404,1.0,0.2091191215087138
2003-12-05,0.005691534999788055,0,0.0,0.0,0.005691534999788055,1.0,0.21031272380043023
2003-12-08,-0.023253523717546486,0,0.0,-0.0,-0.023253523717546486,1.0,0.2054786345189788
2003-12-09,0.0037686665854225784,0,0.0,0.0,0.0037686665854225784,1.0,0.20625447600859448
2003-12-10,0.021186020003396155,0,0.0,0.0,0.021186020003396155,1.0,0.21067080448794517
2003-12-11,-0.0017011628712722208,0,0.0,-0.0,-0.0017011628712722208,1.0,0.21031272380043028
2003-12-12,-0.013139292141841771,0,0.0,-0.0,-0.013139292141841771,1.0,0.20756743852948253
2003-12-15,0.0020106282803959495,0,0.0,0.0,0.0020106282803959495,1.0,0.2079851993315833
2003-12-16,0.0017201839104115414,0,0.0,0.0,0.0017201839104115414,1.0,0.20834328001909816
2003-12-17,0.01844808952875925,0,0.0,0.0,0.01844808952875925,1.0,0.2122224874671765
2003-12-18,-0.0028161099996420248,0,0.0,-0.0,-0.0028161099996420248,1.0,0.2116256863213183
2003-12-19,0.0030972853143019043,0,0.0,0.0,0.0030972853143019043,1.0,0.2122821675817623
2003-12-22,0.007562002146365979,0,0.0,0.0,0.007562002146365979,1.0,0.21389353067557948
2003-12-23,0.0016727073875033088,0,0.0,0.0,0.0016727073875033088,1.0,0.21425161136309437
2003-12-24,-0.0013937284486036918,0,0.0,-0.0,-0.0013937284486036918,1.0,0.2139532107901653
2003-12-26,0.016323505346128062,0,0.0,0.0,0.016323505346128062,1.0,0.21747433755072867
2003-12-29,0.0032876741941917083,0,0.0,0.0,0.0032876741941917083,1.0,0.2181904989257585
2003-12-30,-0.00273897733543235,0,0.0,-0.0,-0.00273897733543235,1.0,0.2175936977799003
2003-12-31,-0.002746499941238943,0,0.0,-0.0,-0.002746499941238943,1.0,0.2169968966340421
2004-01-02,0.019878122192221417,0,0.0,0.0,0.019878122192221417,1.0,0.221353544998807
2004-01-05,0.006717746612077081,0,0.0,0.0,0.006717746612077081,1.0,0.2228455478634525
2004-01-06,0.009064311594585739,0,0.0,0.0,0.009064311594585739,1.0,0.22487467175937037
2004-01-07,0.007930255675977344,0,0.0,0.0,0.007930255675977344,1.0,0.22666507519694493
2004-01-08,-0.006604171407920766,0,0.0,-0.0,-0.006604171407920766,1.0,0.2251730723322994
2004-01-09,0.01577734541624462,0,0.0,0.0,0.01577734541624462,1.0,0.2287538792074486
2004-01-12,-0.009963375550824717,0,0.0,-0.0,-0.009963375550824717,1.0,0.22648603485318744
2004-01-13,0.0034197060815255383,0,0.0,0.0,0.0034197060815255383,1.0,0.2272618763428031
2004-01-14,0.002622608374436982,0,0.0,0.0,0.002622608374436982,1.0,0.22785867748866126
2004-01-15,0.01016295392253486,0,0.0,0.0,0.01016295392253486,1.0,0.23018620195750827
2004-01-16,-0.0007781092339161439,0,0.0,-0.0,-0.0007781092339161439,1.0,0.23000716161375082
2004-01-20,-0.0041601724066663934,0,0.0,-0.0,-0.0041601724066663934,1.0,0.2290522797803777
2004-01-21,-0.006010732849087922,0,0.0,-0.0,-0.006010732849087922,1.0,0.22767963714490383
2004-01-22,-0.003676474729308637,0,0.0,-0.0,-0.003676474729308637,1.0,0.22684411554070236
2004-01-23,0.015143892548370067,0,0.0,0.0,0.015143892548370067,1.0,0.23030556218667994
2004-01-26,-0.022272635609123292,0,0.0,-0.0,-0.022272635609123292,1.0,0.22523275244688518
2004-01-27,-0.01710357032701474,0,0.0,-0.0,-0.01710357032701474,1.0,0.22141322511339268
2004-01-28,0.0037664827954768648,0,0.0,0.0,0.0037664827954768648,1.0,0.22224874671759415
2004-01-29,-0.004575435246225446,0,0.0,-0.0,-0.004575435246225446,1.0,0.2212341847696352
2004-01-30,-0.0027012442141004485,0,0.0,-0.0,-0.0027012442141004485,1.0,0.220637383623777
2004-02-02,-0.001082544084068652,0,0.0,-0.0,-0.001082544084068652,1.0,0.22039866316543372
2004-02-03,-0.016380382631361302,0,0.0,-0.0,-0.016380382631361302,1.0,0.2168178562902845
2004-02-04,0.003846158587478315,0,0.0,0.0,0.003846158587478315,1.0,0.21765337789448597
2004-02-05,0.017935263368399883,0,0.0,0.0,0.017935263368399883,1.0,0.22159226545715008
2004-02-06,-0.0002693602709890429,0,0.0,-0.0,-0.0002693602709890429,1.0,0.2215325853425642
2004-02-09,0.0016150743752982777,0,0.0,0.0,0.0016150743752982777,1.0,0.22189066603007918
2004-02-10,0.010701011692021294,0,0.0,0.0,0.010701011692021294,1.0,0.22427787061351195
2004-02-11,-0.008820049159750655,0,0.0,-0.0,-0.008820049159750655,1.0,0.22230842683217988
2004-02-12,-0.008356970054474715,0,0.0,-0.0,-0.008356970054474715,1.0,0.22045834328001943
2004-02-13,0.013444676838297472,0,0.0,0.0,0.013444676838297472,1.0,0.22344234900931043
2004-02-17,0.0029337266007523318,0,0.0,0.0,0.0029337266007523318,1.0,0.2240988302697544
2004-02-18,-0.015296152251164971,0,0.0,-0.0,-0.015296152251164971,1.0,0.22069706373836268
2004-02-19,-0.0032502737173014723,0,0.0,-0.0,-0.0032502737173014723,1.0,0.21998090236333284
2004-02-20,-0.011185493787009958,0,0.0,-0.0,-0.011185493787009958,1.0,0.21753401766531424
2004-02-23,-0.0024721891453891483,0,0.0,-0.0,-0.0024721891453891483,1.0,0.21699689663404184
2004-02-24,0.006032373653441534,0,0.0,0.0,0.006032373653441534,1.0,0.2183098591549299
2004-02-25,0.002457339120515135,0,0.0,0.0,0.002457339120515135,1.0,0.2188469801862023
2004-02-26,-0.0027307499219448757,0,0.0,-0.0,-0.0027307499219448757,1.0,0.21825017904034408
2004-02-27,0.013040119580806062,0,0.0,0.0,0.013040119580806062,1.0,0.22111482454046347
2004-03-01,-0.011673812495731217,0,0.0,-0.0,-0.011673812495731217,1.0,0.2185485796132732
2004-03-02,-0.005476464946902586,0,0.0,-0.0,-0.005476464946902586,1.0,0.21735497732155684
2004-03-03,0.009292223188024393,0,0.0,0.0,0.009292223188024393,1.0,0.21938410121747473
2004-03-04,-0.0035427206967632153,0,0.0,-0.0,-0.0035427206967632153,1.0,0.21860825972785905
2004-03-05,-0.023758023519796567,0,0.0,-0.0,-0.023758023519796567,1.0,0.21347576987347855
2004-03-08,-0.0030799408359322203,0,0.0,-0.0,-0.0030799408359322203,1.0,0.21281928861303448
2004-03-09,-0.01326766110150054,0,0.0,-0.0,-0.01326766110150054,1.0,0.21001432322750094
2004-03-10,-0.009135090645934017,0,0.0,-0.0,-0.009135090645934017,1.0,0.2081045595607547
2004-03-11,0.018187486267436662,0,0.0,0.0,0.018187486267436662,1.0,0.21192408689424716
2004-03-12,-0.017614091756313677,0,0.0,-0.0,-0.017614091756313677,1.0,0.20822391978992635
2004-03-15,0.0017182134811365036,0,0.0,0.0,0.0017182134811365036,1.0,0.20858200047744124
2004-03-16,0.015614227801550798,0,0.0,0.0,0.015614227801550798,1.0,0.21186440677966134
2004-03-17,-0.0045172295898197,0,0.0,-0.0,-0.0045172295898197,1.0,0.21090952494628823
2004-03-18,-0.016835894880749304,0,0.0,-0.0,-0.016835894880749304,1.0,0.20738839818572483
2004-03-19,-0.012742715140442683,0,0.0,-0.0,-0.012742715140442683,1.0,0.20476247314394877
2004-03-22,-0.008194368357544057,0,0.0,-0.0,-0.008194368357544057,1.0,0.2030914299355458
2004-03-23,0.01139530227057904,0,0.0,0.0,0.01139530227057904,1.0,0.20541895440439278
2004-03-24,0.026377676108157,0,0.0,0.0,0.026377676108157,1.0,0.21090952494628823
2004-03-25,-0.003401363823490401,0,0.0,-0.0,-0.003401363823490401,1.0,0.21019336357125834
2004-03-26,0.016054421709874422,0,0.0,0.0,0.016054421709874422,1.0,0.21359513010265008
2004-03-29,0.003347283460056969,0,0.0,0.0,0.003347283460056969,1.0,0.2143112914776799
2004-03-30,-0.0019512201312615824,0,0.0,-0.0,-0.0019512201312615824,1.0,0.21389353067557923
2004-03-31,0.008888947417245774,0,0.0,0.0,0.008888947417245774,1.0,0.21580329434232542
2004-04-01,0.025663434089413843,0,0.0,0.0,0.025663434089413843,1.0,0.2214132251133925
2004-04-02,0.009389740349839137,0,0.0,0.0,0.009389740349839137,1.0,0.22350202912389625
2004-04-05,-0.012629484004249849,0,0.0,-0.0,-0.012629484004249849,1.0,0.22069706373836268
2004-04-06,-0.0010822511878848177,0,0.0,-0.0,-0.0010822511878848177,1.0,0.22045834328001943
2004-04-07,0.0,0,0.0,0.0,0.0,1.0,0.22045834328001943
2004-04-08,0.006207009538067044,0,0.0,0.0,0.006207009538067044,1.0,0.22183098591549333
2004-04-12,-0.014634407518437696,1,0.0005,-0.015134407518437696,-0.014634407518437696,0.9849795420496898,0.21860825972785905
2004-04-13,0.004901970600206688,0,0.0005,-0.0005,0.004901970600206688,0.9844871753805899,0.2196825017904038
2004-04-14,-0.018092598786156152,0,0.0,-0.0,-0.018092598786156152,0.9844871753805899,0.21574361422773966
2004-04-15,-0.0016611299500763758,1,0.0005,-0.0021611299500763756,-0.0016611299500763758,0.9823618680202878,0.21538553354022474
2004-04-16,0.01211802215249389,1,0.0,0.01211802215249389,0.01211802215249389,0.9943385713156307,0.21801145858200083
2004-04-19,-0.023543533095382534,0,0.0005,-0.0005,-0.023543533095382534,0.9938415263015815,0.2129386488422061
2004-04-20,0.00865081437913077,1,0.0005,0.00815081437913077,0.00865081437913077,1.00197524729898,0.21478873239436655
2004-04-21,0.025512287543712125,0,0.0005,-0.0005,0.025512287543712125,1.0014743849013645,0.22033898305084784
2004-04-22,0.007824132723879634,1,0.0005,0.007324132723879634,0.007824132723879634,1.0088362429192894,0.22206970637383663
2004-04-23,-0.0072825675874372674,1,0.0,-0.0072825675874372674,-0.0072825675874372674,1.0015160121859326,0.22045834328001948
2004-04-26,-0.001896762525040716,1,0.0,-0.001896762525040716,-0.001896762525040716,0.9996181745883955,0.22004058247791872
2004-04-27,-0.018339093414327635,1,0.0,-0.018339093414327635,-0.018339093414327635,0.9814531575833991,0.21604201480066879
2004-04-28,-0.015590516229116861,0,0.0005,-0.0005,-0.015590516229116861,0.9809625536658076,0.21269992838386287
2004-04-29,-0.02471365658283844,0,0.0,-0.0,-0.02471365658283844,0.9809625536658076,0.20750775841489652
2004-04-30,0.009446184452050116,0,0.0,0.0,0.009446184452050116,0.9809625536658076,0.2094772021962286
2004-05-03,0.004264398786457518,0,0.0,0.0,0.004264398786457518,0.9809625536658076,0.21037240391501588
2004-05-04,0.007911880774658112,0,0.0,0.0,0.007911880774658112,0.9809625536658076,0.21204344712341885
2004-05-05,-0.007628233063211667,1,0.0005,-0.008128233063211667,-0.007628233063211667,0.9730213789841596,0.2104320840296017
2004-05-06,-0.008258625894439663,0,0.0005,-0.0005,-0.008258625894439663,0.9725349899020712,0.2087013607066129
2004-05-07,-0.008615791378352292,1,0.0005,-0.009115791378352292,-0.008615791378352292,0.9637098490098944,0.20691095726903835
2004-05-10,0.01488719163656163,1,0.0,0.01488719163656163,0.01488719163656163,0.9781641069125521,0.21001432322750097
2004-05-11,0.0019872256362304047,0,0.0005,-0.0005,0.0019872256362304047,0.9776751471092333,0.2104320840296017
2004-05-12,-0.007115442003149849,0,0.0,-0.0,-0.007115442003149849,0.9776751471092333,0.20894008116495622
2004-05-13,-0.007454162955773156,0,0.0,-0.0,-0.007454162955773156,0.9776751471092333,0.20738839818572488
2004-05-14,-0.009541781227407755,0,0.0,-0.0,-0.009541781227407755,0.9776751471092333,0.20541895440439284
2004-05-17,0.008966075972589043,0,0.0,0.0,0.008966075972589043,0.9776751471092333,0.20726903795655321
2004-05-18,-0.0011524057743242384,0,0.0,-0.0,-0.0011524057743242384,0.9776751471092333,0.20703031749820996
2004-05-19,0.0046016762248746405,0,0.0,0.0,0.0046016762248746405,0.9776751471092333,0.2079851993315831
2004-05-20,0.004866189651172906,0,0.0,0.0,0.004866189651172906,0.9776751471092333,0.20899976127954203
2004-05-21,0.006829850112018179,0,0.0,0.0,0.006829850112018179,0.9776751471092333,0.21043208402960165
2004-05-24,0.019658032633695453,0,0.0,0.0,0.019658032633695453,0.9776751471092333,0.2146096920506091
2004-05-25,0.006375627972231409,0,0.0,0.0,0.006375627972231409,0.9776751471092333,0.2159823346860829
2004-05-26,0.00633523672381092,0,0.0,0.0,0.00633523672381092,0.9776751471092333,0.2173549773215568
2004-05-27,0.0035631118963255913,1,0.0005,0.0030631118963255913,0.0035631118963255913,0.9806744667638115,0.21813081881117244
2004-05-28,-0.001368925607341621,1,0.0,-0.001368925607341621,-0.001368925607341621,0.9793329148256943,0.21783241823824334
2004-06-01,-0.002194186288983849,1,0.0,-0.002194186288983849,-0.002194186288983849,0.9771864317247065,0.2173549773215568
2004-06-02,-0.01215484577707494,0,0.0005,-0.0005,-0.01215484577707494,0.9766979606367926,0.21472905227978067
2004-06-03,0.0058196090532640025,0,0.0,0.0,0.0058196090532640025,0.9766979606367926,0.2159823346860829
2004-06-04,0.023485514166444756,0,0.0,0.0,0.023485514166444756,0.9766979606367926,0.2211148245404634
2004-06-07,0.0013486178712936849,1,0.0005,0.0008486178712936848,0.0013486178712936849,0.9775271557661857,0.2214132251133925
2004-06-08,-0.014115326650669863,1,0.0,-0.014115326650669863,-0.014115326650669863,0.9638259665209453,0.21830985915492984
2004-06-09,0.00708256842438656,0,0.0005,-0.0005,0.00708256842438656,0.9633441739958535,0.21986154213416118
2004-06-10,-0.014215657654013671,0,0.0,-0.0,-0.014215657654013671,0.9633441739958535,0.21675817617569848
2004-06-14,0.012857515383590342,1,0.0005,0.012357515383590341,0.012857515383590342,0.9753225736417274,0.219563141561232
2004-06-15,-0.0016322092851071472,0,0.0005,-0.0005,-0.0016322092851071472,0.9748350342499116,0.21920506087371708
2004-06-16,-0.009299848207507398,1,0.0005,-0.009799848207507398,-0.009299848207507398,0.9653284564783016,0.21717593697779924
2004-06-17,0.001373060767689104,1,0.0,0.001373060767689104,0.001373060767689104,0.9666548214913248,0.21747433755072834
2004-06-18,-0.00799012378698391,0,0.0005,-0.0005,-0.00799012378698391,0.9661716148922956,0.21574361422773955
2004-06-21,0.014554698783490356,1,0.0005,0.014054698783490355,0.014554698783490356,0.9798467406913114,0.218906660300788
2004-06-22,0.011924260529735572,0,0.0005,-0.0005,0.011924260529735572,0.9793569397813975,0.22153258534256406
2004-06-23,-0.0018875561759039157,0,0.0,-0.0,-0.0018875561759039157,0.9793569397813975,0.22111482454046333
2004-06-24,0.007528941184396518,0,0.0,0.0,0.007528941184396518,0.9793569397813975,0.22278586774886627
2004-06-25,-0.008338985781140935,1,0.0005,-0.008838985781140936,-0.008338985781140935,0.970738562683391,0.2209357841967059
2004-06-28,0.00940993635204093,0,0.0005,-0.0005,0.00940993635204093,0.9702533147241484,0.22302458820720958
2004-06-29,0.009852296443011858,1,0.0005,0.009352296443011858,0.009852296443011858,0.9793699757572324,0.22523275244688498
2004-06-30,-0.018722130162425563,0,0.0005,-0.0005,-0.018722130162425563,0.9788804131701997,0.22105514442587756
2004-07-01,-0.005957233973046844,0,0.0,-0.0,-0.005957233973046844,0.9788804131701997,0.21974218190498948
2004-07-02,-0.021689251044929934,1,0.0005,-0.022189251044929935,-0.021689251044929934,0.9573989995593974,0.2150274528527097
2004-07-06,0.0019409405788332747,1,0.0,0.0019409405788332747,0.0019409405788332747,0.9592590586759435,0.21544521365481042
2004-07-07,-0.011142176553241848,0,0.0005,-0.0005,-0.011142176553241848,0.9587795490340059,0.21305800907137762
2004-07-08,0.0013995803544232636,0,0.0,0.0,0.0013995803544232636,0.9587795490340059,0.21335640964430674
2004-07-09,-0.004204631282031812,0,0.0,-0.0,-0.004204631282031812,0.9587795490340059,0.21246120792551945
2004-07-12,-0.001405481608735032,1,0.0005,-0.001905481608735032,-0.001405481608735032,0.956954351728692,0.21216280735259033
2004-07-13,-0.01017820491575604,1,0.0,-0.01017820491575604,-0.01017820491575604,0.9472636747491611,0.21001432322750083
2004-07-14,-0.0034158871814069605,1,0.0,-0.0034158871814069605,-0.0034158871814069605,0.9440334490893174,0.20929816185247102
2004-07-15,-0.01147130445515467,1,0.0,-0.01147130445515467,-0.01147130445515467,0.9332660302231718,0.20691095726903821
2004-07-16,-0.00202107763325348,1,0.0,-0.00202107763325348,-0.00202107763325348,0.9313817319215963,0.20649319646693748
2004-07-19,0.023705236813701975,0,0.0005,-0.0005,0.023705236813701975,0.9309161574589506,0.21144664597756055
2004-07-20,-0.02950235449802803,1,0.0005,-0.03000235449802803,-0.02950235449802803,0.9034013000550949,0.2052995941752211
2004-07-21,0.013570296308206994,0,0.0005,-0.0005,0.013570296308206994,0.9029497123114113,0.2081045595607546
2004-07-22,-0.01910886169804636,0,0.0,-0.0,-0.01910886169804636,0.9029497123114113,0.2041656719980905
2004-07-23,-0.004394323754971075,0,0.0,-0.0,-0.004394323754971075,0.9029497123114113,0.2032704702793032
2004-07-26,0.013704836167358772,0,0.0,0.0,0.013704836167358772,0.9029497123114113,0.20607543566483677
2004-07-27,-0.004353511447197775,0,0.0,-0.0,-0.004353511447197775,0.9029497123114113,0.20518023394604945
2004-07-28,0.011567508971433665,0,0.0,0.0,0.011567508971433665,0.9029497123114113,0.20756743852948226
2004-07-29,0.0031577462725458564,0,0.0,0.0,0.0031577462725458564,0.9029497123114113,0.2082239197899263
2004-07-30,0.0020042955886520235,0,0.0,0.0,0.0020042955886520235,0.9029497123114113,0.20864168059202706
2004-08-02,-0.02110209824524092,0,0.0,-0.0,-0.02110209824524092,0.9029497123114113,0.20428503222726216
2004-08-03,0.000292098731447589,0,0.0,0.0,0.000292098731447589,0.9029497123114113,0.204344712341848
2004-08-04,-0.018868484304382805,0,0.0,-0.0,-0.018868484304382805,0.9029497123114113,0.20052518500835556
2004-08-05,-0.026539555234612378,0,0.0,-0.0,-0.026539555234612378,0.9029497123114113,0.19527333492480337
2004-08-06,0.0024420036555515873,0,0.0,0.0,0.0024420036555515873,0.9029497123114113,0.19575077584148992
2004-08-09,0.012422519998557329,0,0.0,0.0,0.012422519998557329,0.9029497123114113,0.19819766053950855
2004-08-10,-0.008770659579786138,0,0.0,-0.0,-0.008770659579786138,0.9029497123114113,0.19646693721651978
2004-08-11,-0.01376378969411453,0,0.0,-0.0,-0.01376378969411453,0.9029497123114113,0.19378133206015788
2004-08-12,0.0015386985648552947,0,0.0,0.0,0.0015386985648552947,0.9029497123114113,0.19407973263308698
2004-08-13,0.011313375521355662,1,0.0005,0.010813375521355662,0.011313375521355662,0.912766627968534,0.19628789687276232
2004-08-16,0.011186813563815966,1,0.0,0.011186813563815966,0.011186813563815966,0.9230349056319076,0.19849606111243767
2004-08-17,0.017583525593502482,0,0.0005,-0.0005,0.017583525593502482,0.9225735035392274,0.20201718787300105
2004-08-18,-0.0053317661853008545,0,0.0,-0.0,-0.0053317661853008545,0.9225735035392274,0.20094294581045627
2004-08-19,0.0100473658461208,0,0.0,0.0,0.0100473658461208,0.9225735035392274,0.20297206970637413
2004-08-20,0.0023494871307078004,0,0.0,0.0,0.0023494871307078004,0.9225735035392274,0.20344951062306071
2004-08-23,-0.00029338418869688466,1,0.0005,-0.0007933841886968847,-0.00029338418869688466,0.9218418385926881,0.20338983050847484
2004-08-24,0.013696848252563856,1,0.0,0.013696848252563856,0.013696848252563856,0.934555032962951,0.20619479589400838
2004-08-25,-0.004350985834326146,0,0.0005,-0.0005,-0.004350985834326146,0.9340878722463811,0.2052995941752211
2004-08-26,0.004640379556502301,1,0.0005,0.0041403795565023,0.004640379556502301,0.9379633680520252,0.2062544760085942
2004-08-27,-0.016924827692069055,0,0.0005,-0.0005,-0.016924827692069055,0.9374945035938818,0.20279302936261662
2004-08-30,0.0011764707239300329,0,0.0,0.0,0.0011764707239300329,0.9374945035938818,0.20303174982095998
2004-08-31,0.00732174891880175,0,0.0,0.0,0.00732174891880175,0.9374945035938818,0.20452375268560546
2004-09-01,0.014772173039619483,0,0.0,0.0,0.014772173039619483,0.9374945035938818,0.2075674385294823
2004-09-02,-0.018572791559842438,1,0.0005,-0.01907279155984244,-0.018572791559842438,0.9197833042441018,0.20374791119598984
2004-09-03,0.008458559984137724,0,0.0005,-0.0005,0.008458559984137724,0.919323527545733,0.2054786345189786
2004-09-07,-0.003782923178538261,0,0.0,-0.0,-0.003782923178538261,0.919323527545733,0.20470279302936292
2004-09-08,0.008419268777183313,0,0.0,0.0,0.008419268777183313,0.919323527545733,0.20643351635235177
2004-09-09,0.015206145817838284,0,0.0,0.0,0.015206145817838284,0.919323527545733,0.20959656242540017
2004-09-10,0.013012913470773189,0,0.0,0.0,0.013012913470773189,0.919323527545733,0.21234184769634792
2004-09-13,0.0014042973800556808,0,0.0,0.0,0.0014042973800556808,0.919323527545733,0.21264024826927702
2004-09-14,-0.010722450359467145,1,0.0005,-0.011222450359467145,-0.010722450359467145,0.9090641403005428,0.21037240391501583
2004-09-15,0.0019838464774816745,0,0.0005,-0.0005,0.0019838464774816745,0.9086097218444736,0.2107901647171166
2004-09-16,0.003109543141621392,1,0.0005,0.002609543141621392,0.003109543141621392,0.9109838744921276,0.21144664597756066
2004-09-17,0.0,0,0.0005,-0.0005,0.0,0.9105284964088894,0.21144664597756066
2004-09-20,0.0039436670829832475,0,0.0,0.0,0.0039436670829832475,0.9105284964088894,0.21228216758176216
2004-09-21,-0.017584117280544456,0,0.0,-0.0,-0.017584117280544456,0.9105284964088894,0.20858200047744133
2004-09-22,-0.0008587377084178693,0,0.0,-0.0,-0.0008587377084178693,0.9105284964088894,0.20840296013368384
2004-09-23,-0.0034423441909729015,1,0.0005,-0.003942344190972901,-0.0034423441909729015,0.906945946143492,0.20768679875865398
2004-09-24,-0.008658062743114541,1,0.0,-0.008658062743114541,-0.008658062743114541,0.8991274466077723,0.20589639532107937
2004-09-27,0.002026929896219111,1,0.0,0.002026929896219111,0.002026929896219111,0.9009517631661069,0.20631415612318013
2004-09-28,0.014644913570448998,1,0.0,0.014644913570448998,0.014644913570448998,0.9142432123768304,0.20935784196705692
2004-09-29,0.0017089152549689959,0,0.0005,-0.0005,0.0017089152549689959,0.9137862050319993,0.20971592265457187
2004-09-30,0.026952782579884142,1,0.0005,0.026452782579884142,0.026952782579884142,0.9382809414748844,0.2154452136548106
2004-10-01,0.005800320087409281,0,0.0005,-0.0005,0.005800320087409281,0.9378119182697195,0.21669849606111286
2004-10-04,0.0013760838830334846,0,0.0,0.0,0.0013760838830334846,0.9378119182697195,0.2169968966340419
2004-10-05,0.007944159023382299,0,0.0,0.0,0.007944159023382299,0.9378119182697195,0.21872761995703063
2004-10-06,-0.011249947157881818,1,0.0005,-0.011749947157881819,-0.011249947157881818,0.9268571627207537,0.21628073525901204
2004-10-07,-0.018379798937089645,1,0.0,-0.018379798937089645,-0.018379798937089645,0.909977313730806,0.21234184769634787
2004-10-08,0.004766586902327603,0,0.0005,-0.0005,0.004766586902327603,0.9095224388021493,0.21335640964430683
2004-10-11,-0.0016797316379477188,0,0.0,-0.0,-0.0016797316379477188,0.9095224388021493,0.21299832895679188
2004-10-12,-0.00224404021238253,0,0.0,-0.0,-0.00224404021238253,0.9095224388021493,0.21252088804010538
2004-10-13,-0.004503244311549708,0,0.0,-0.0,-0.004503244311549708,0.9095224388021493,0.21156600620673227
2004-10-14,0.005064726639608255,1,0.0005,0.004564726639608255,0.005064726639608255,0.9136836502788107,0.21264024826927702
2004-10-15,0.014212305546337676,0,0.0005,-0.0005,0.014212305546337676,0.9132269226450949,0.21568393411315384
2004-10-18,-0.00722024797348702,0,0.0,-0.0,-0.00722024797348702,0.9132269226450949,0.2141322511339225
2004-10-19,0.004726826540362581,0,0.0,0.0,0.004726826540362581,0.9132269226450949,0.21514681308188144
2004-10-20,0.015141376676362695,0,0.0,0.0,0.015141376676362695,0.9132269226450949,0.21842921938410156
2004-10-21,-0.02210034700066608,0,0.0,-0.0,-0.02210034700066608,0.9132269226450949,0.21365481021723595
2004-10-22,-0.004759913788909783,0,0.0,-0.0,-0.004759913788909783,0.9132269226450949,0.21264024826927702
2004-10-25,0.00531841701482088,0,0.0,0.0,0.00531841701482088,0.9132269226450949,0.21377417044640756
2004-10-26,0.025087463199010118,0,0.0,0.0,0.025087463199010118,0.9132269226450949,0.21920506087371716
2004-10-27,0.00624238694190753,1,0.0005,0.00574238694190753,0.00624238694190753,0.9184861106952767,0.22057770350919104
2004-10-28,-0.001624695727001922,0,0.0005,-0.0005,-0.001624695727001922,0.9180269824315602,0.22021962282167612
2004-10-29,0.0037868587314970857,1,0.0005,0.0032868587314970857,0.0037868587314970857,0.9210493717969367,0.2210551444258776
2004-11-01,0.0032345041676590976,0,0.0005,-0.0005,0.0032345041676590976,0.9205889622230236,0.22177130580090745
2004-11-02,0.0067051344144169875,0,0.0,0.0,0.0067051344144169875,0.9205889622230236,0.2232633086655529
2004-11-03,0.005597775512829678,0,0.0,0.0,0.005597775512829678,0.9205889622230236,0.22451659107185515
2004-11-04,0.008997149868842822,0,0.0,0.0,0.008997149868842822,0.9205889622230236,0.22654571496777304
2004-11-05,0.0010531859846586405,0,0.0,0.0,0.0010531859846586405,0.9205889622230236,0.2267844354261163
2004-11-08,-0.0021074823395646983,1,0.0005,-0.0026074823395646984,-0.0021074823395646983,0.918191669569416,0.22630699450942976
2004-11-09,-0.0034341600254235113,1,0.0,-0.0034341600254235113,-0.0034341600254235113,0.915043860575639,0.22553115301981408
2004-11-10,0.013144248127805493,0,0.0005,-0.0005,0.013144248127805493,0.9145864530067727,0.22851515874910505
2004-11-11,0.009616708290981636,1,0.0005,0.009116708290981636,0.009616708290981636,0.9229625943094205,0.2307233229887804
2004-11-12,0.004387669963391082,0,0.0005,-0.0005,0.004387669963391082,0.9225012283633641,0.23173788493673936
2004-11-15,-0.006199968194048402,1,0.0005,-0.006699968194048401,-0.006199968194048402,0.9163411586534818,0.23030556218667972
2004-11-16,0.013385013217895248,1,0.0,0.013385013217895248,0.013385013217895248,0.9286888498299474,0.23340892814514233
2004-11-17,0.0045918448029456365,0,0.0005,-0.0005,0.0045918448029456365,0.9282246214717933,0.23448317020768708
2004-11-18,-0.01564736298527482,1,0.0005,-0.016147362985274822,-0.01564736298527482,0.9133566042648981,0.23084268321795204
2004-11-19,0.009520205700601298,0,0.0005,-0.0005,0.009520205700601298,0.9129000401133153,0.23305084745762733
2004-11-22,-0.0015376732911888695,0,0.0,-0.0,-0.0015376732911888695,0.9129000401133153,0.23269276677011244
2004-11-23,0.008682383449212006,0,0.0,0.0,0.008682383449212006,0.9129000401133153,0.23472189066603028
2004-11-24,-0.0030557701394778847,0,0.0,-0.0,-0.0030557701394778847,0.9129000401133153,0.23400572929100047
2004-11-26,-0.0002550695078233751,0,0.0,-0.0,-0.0002550695078233751,0.9129000401133153,0.23394604917641465
2004-11-29,-0.0020429016298004047,0,0.0,-0.0,-0.0020429016298004047,0.9129000401133153,0.23346860825972804
2004-11-30,0.020243606276646814,1,0.0005,0.019743606276646813,0.020243606276646814,0.9311030846404641,0.2382430174265937
2004-12-01,0.0037504732047900073,0,0.0005,-0.0005,0.0037504732047900073,0.930637649466634,0.239138219145381
2004-12-02,0.0014962596307721223,0,0.0,0.0,0.0014962596307721223,0.930637649466634,0.23949629983289591
2004-12-03,0.003482590584537543,0,0.0,0.0,0.003482590584537543,0.930637649466634,0.24033182143709741
2004-12-06,-0.0172828346889432,0,0.0,-0.0,-0.0172828346889432,0.930637649466634,0.23621389353067584
2004-12-07,0.005794196837806215,0,0.0,0.0,0.005794196837806215,0.930637649466634,0.2375865361661497
2004-12-08,0.006010536502142323,1,0.0005,0.005510536502142322,0.006010536502142323,0.935780118071752,0.23901885891620936
2004-12-09,-0.003000752439238213,0,0.0005,-0.0005,-0.003000752439238213,0.9353123449657379,0.23830269754117955
2004-12-10,0.008727146775231667,0,0.0,0.0,0.008727146775231667,0.9353123449657379,0.24039150155168326
2004-12-13,0.004878843710580166,1,0.0005,0.004378843710580166,0.004878843710580166,0.9394169116143416,0.2415671998090239
2004-12-14,-0.0036383026756649575,0,0.0005,-0.0005,-0.0036383026756649575,0.9389473205660797,0.24068990212461236
2004-12-15,-0.009466936672992992,1,0.0005,-0.009966936672992992,-0.009466936672992992,0.929635374955948,0.23842205777035125
2004-12-16,-0.011961112070577894,0,0.0005,-0.0005,-0.011961112070577894,0.9291706734535269,0.2355872523275248
2004-12-17,-0.006990813345288928,1,0.0005,-0.007490813345288928,-0.006990813345288928,0.9222364333465772,0.23394604917641476
2004-12-20,0.012170535620255114,1,0.0,0.012170535620255114,0.012170535620255114,0.9335291243671474,0.2368106946765341
2004-12-21,0.001259287409835495,0,0.0005,-0.0005,0.001259287409835495,0.9330624764766583,0.23710909524946314
2004-12-22,0.000704508885822049,1,0.0005,0.00020450888582204901,0.000704508885822049,0.9332533155576037,0.23727619957030344
2004-12-23,-0.0042345175942903315,1,0.0,-0.0042345175942903315,-0.0042345175942903315,0.9293097933227409,0.23627357364526164
2004-12-27,0.009552611605192727,1,0.0,0.009552611605192727,0.009552611605192727,0.9382296650444543,0.23854141799952278
2004-12-28,0.001250156432355198,1,0.0,0.001250156432355198,0.001250156432355198,0.9394033323762587,0.23883981857245187
2004-12-29,-0.0007499062968603498,1,0.0,-0.0007499062968603498,-0.0007499062968603498,0.938699131977176,0.23866077822869441
2004-12-30,-0.0018772297609648938,1,0.0,-0.0018772297609648938,-0.0018772297609648938,0.9369386309794693,0.23821317736930075
2004-12-31,-0.010476837966849027,1,0.0,-0.010476837966849027,-0.010476837966849027,0.9271737187788566,0.23573048460253068
2005-01-03,-0.01837070531640742,0,0.0005,-0.0005,-0.01837070531640742,0.9267102477968683,0.23143948436381018
2005-01-04,-0.006207986828285439,0,0.0,-0.0,-0.006207986828285439,0.9267102477968683,0.2300071616137505
2005-01-05,-0.0050203650907232195,0,0.0,-0.0,-0.0050203650907232195,0.9267102477968683,0.2288553354022442
2005-01-06,0.0052798021138413505,0,0.0,0.0,0.0052798021138413505,0.9267102477968683,0.23006684172833633
2005-01-07,-0.0005189413712721646,0,0.0,-0.0,-0.0005189413712721646,0.9267102477968683,0.22994748149916475
2005-01-10,-0.007058331925193835,0,0.0,-0.0,-0.007058331925193835,0.9267102477968683,0.22833015039388901
2005-01-11,0.008355180764710592,0,0.0,0.0,0.008355180764710592,0.9267102477968683,0.23024588207209384
2005-01-12,-0.01330743708317694,0,0.0,-0.0,-0.01330743708317694,0.9267102477968683,0.22720219622821705
2005-01-13,0.009411834182346597,0,0.0,0.0,0.009411834182346597,0.9267102477968683,0.22935068035330658
2005-01-14,0.0075178578316237804,0,0.0,0.0,0.0075178578316237804,0.9267102477968683,0.23108140367629537
2005-01-18,-0.01666705248521176,0,0.0,-0.0,-0.01666705248521176,0.9267102477968683,0.22726187634280287
2005-01-19,-0.01935629834433818,0,0.0,-0.0,-0.01935629834433818,0.9267102477968683,0.222905227978038
2005-01-20,-0.008064559836730519,0,0.0,-0.0,-0.008064559836730519,0.9267102477968683,0.22111482454046336
2005-01-21,-0.014134510934904693,0,0.0,-0.0,-0.014134510934904693,0.9267102477968683,0.21801145858200074
2005-01-24,0.004915356701551691,0,0.0,0.0,0.004915356701551691,0.9267102477968683,0.21908570064454547
2005-01-25,0.01191457365502526,0,0.0,0.0,0.01191457365502526,0.9267102477968683,0.22171162568632155
2005-01-26,-0.0013468015503786276,0,0.0,-0.0,-0.0013468015503786276,0.9267102477968683,0.22141322511339248
2005-01-27,-0.004863559978737999,0,0.0,-0.0,-0.004863559978737999,0.9267102477968683,0.2203389830508477
2005-01-28,0.012917294785834706,0,0.0,0.0,0.012917294785834706,0.9267102477968683,0.22320362855096704
2005-01-31,0.003203419717537865,0,0.0,0.0,0.003203419717537865,0.9267102477968683,0.22391978992599693
2005-02-01,0.0015978698472952333,1,0.0005,0.0010978698472952333,0.0015978698472952333,0.927728213729908,0.2242778706135118
2005-02-02,-0.011400557016106679,1,0.0,-0.011400557016106679,-0.011400557016106679,0.9172116565439331,0.22173549773215592
2005-02-03,0.015914038725821186,0,0.0005,-0.0005,0.015914038725821186,0.9167531653480121,0.22529243256147077
2005-02-04,-0.0020152743350063756,0,0.0,-0.0,-0.0020152743350063756,0.9167531653480121,0.22483886369061853
2005-02-07,0.0017503385803768368,0,0.0,0.0,0.0017503385803768368,0.9167531653480121,0.22523275244688493
2005-02-08,-0.016834064867898027,0,0.0,-0.0,-0.016834064867898027,0.9167531653480121,0.22147290522797827
2005-02-09,0.0010772960912619049,0,0.0,0.0,0.0010772960912619049,0.9167531653480121,0.22171162568632155
2005-02-10,0.014696323290197042,0,0.0,0.0,0.014696323290197042,0.9167531653480121,0.22499403198854168
2005-02-11,0.004472740984869029,0,0.0,0.0,0.004472740984869029,0.9167531653480121,0.226002625925042
2005-02-14,0.006606243347167121,0,0.0,0.0,0.006606243347167121,0.9167531653480121,0.22750059680114612
2005-02-15,-0.0036793734018615997,0,0.0,-0.0,-0.0036793734018615997,0.9167531653480121,0.22666507519694462
2005-02-16,-0.013519092578543718,1,0.0005,-0.014019092578543718,-0.013519092578543718,0.9039907853650423,0.2236213893530678
2005-02-17,-0.00320770122676962,0,0.0005,-0.0005,-0.00320770122676962,0.9035389029523772,0.22290522797803797
2005-02-18,-0.012392399970242047,0,0.0,-0.0,-0.012392399970242047,0.9035389029523772,0.22015994270709024
2005-02-22,0.001354463162509549,0,0.0,0.0,0.001354463162509549,0.9035389029523772,0.22045834328001931
2005-02-23,0.012643073588960935,0,0.0,0.0,0.012643073588960935,0.9035389029523772,0.22326330866555286
2005-02-24,0.005597775512829678,0,0.0,0.0,0.005597775512829678,0.9035389029523772,0.2245165910718551
2005-02-25,-0.010689572658779598,0,0.0,-0.0,-0.010689572658779598,0.9035389029523772,0.2221293864884223
2005-02-28,0.010955353391241329,0,0.0,0.0,0.010955353391241329,0.9035389029523772,0.22457627118644097
2005-03-01,-0.0005316321231009896,0,0.0,-0.0,-0.0005316321231009896,0.9035389029523772,0.22445691095726927
2005-03-02,-0.008276645832475208,0,0.0,-0.0,-0.008276645832475208,0.9035389029523772,0.22260682740510884
2005-03-03,0.00588079748825416,0,0.0,0.0,0.00588079748825416,0.9035389029523772,0.22391978992599693
2005-03-04,0.01428973772997951,0,0.0,0.0,0.01428973772997951,0.9035389029523772,0.2271425161136312
2005-03-07,-0.010034412159841195,0,0.0,-0.0,-0.010034412159841195,0.9035389029523772,0.22487467175937
2005-03-08,-0.0029235901222848075,0,0.0,-0.0,-0.0029235901222848075,0.9035389029523772,0.224218190498926
2005-03-09,-0.0013317354478535727,0,0.0,-0.0,-0.0013317354478535727,0.9035389029523772,0.22391978992599693
2005-03-10,-0.00937213982886321,0,0.0,-0.0,-0.00937213982886321,0.9035389029523772,0.2218309859154932
2005-03-11,0.004563153804415832,0,0.0,0.0,0.004563153804415832,0.9035389029523772,0.22284554786345212
2005-03-14,-0.008066728335597993,0,0.0,-0.0,-0.008066728335597993,0.9035389029523772,0.2210551444258775
2005-03-15,-0.011540417264945459,0,0.0,-0.0,-0.011540417264945459,0.9035389029523772,0.2185187395559802
2005-03-16,0.002591204995709753,0,0.0,0.0,0.002591204995709753,0.9035389029523772,0.21908570064454547
2005-03-17,-0.005463001841197465,0,0.0,-0.0,-0.005463001841197465,0.9035389029523772,0.21789209835282905
2005-03-18,0.001915447295174259,0,0.0,0.0,0.001915447295174259,0.9035389029523772,0.21830985915492984
2005-03-21,-0.012378097803170651,0,0.0,-0.0,-0.012378097803170651,0.9035389029523772,0.21562425399856797
2005-03-22,0.003591660167156024,0,0.0,0.0,0.003591660167156024,0.9035389029523772,0.2164000954881836
2005-03-23,0.00027574796810623804,0,0.0,0.0,0.00027574796810623804,0.9035389029523772,0.21645977560276944
2005-03-24,0.001928109673214037,0,0.0,0.0,0.001928109673214037,0.9035389029523772,0.21687753640487015
2005-03-28,-0.008012199237067164,0,0.0,-0.0,-0.008012199237067164,0.9035389029523772,0.21514681308188133
2005-03-29,0.018686996100617765,0,0.0,0.0,0.018686996100617765,0.9035389029523772,0.21920506087371708
2005-03-30,-0.004365627670286013,0,0.0,-0.0,-0.004365627670286013,0.9035389029523772,0.218250179040344
2005-03-31,-0.010169113329564387,0,0.0,-0.0,-0.010169113329564387,0.9035389029523772,0.21604201480066865
2005-04-01,0.007156650418791622,0,0.0,0.0,0.007156650418791622,0.9035389029523772,0.21759369777989998
2005-04-04,0.0027389773354322177,0,0.0,0.0,0.0027389773354322177,0.9035389029523772,0.21819049892575818
2005-04-05,-0.0016424859975035261,0,0.0,-0.0,-0.0016424859975035261,0.9035389029523772,0.21783241823824323
2005-04-06,0.011982714182647946,0,0.0,0.0,0.011982714182647946,0.9035389029523772,0.2204583432800193
2005-04-07,-0.008154434965164298,0,0.0,-0.0,-0.008154434965164298,0.9035389029523772,0.21866793984244468
2005-04-08,-0.004376374599799,0,0.0,-0.0,-0.004376374599799,0.9035389029523772,0.21771305800907156
2005-04-11,0.004922077205428235,0,0.0,0.0,0.004922077205428235,0.9035389029523772,0.2187873000716163
2005-04-12,-0.016502024636387534,0,0.0,-0.0,-0.016502024636387534,0.9035389029523772,0.21520649319646712
2005-04-13,-0.014244061525921429,0,0.0,-0.0,-0.014244061525921429,0.9035389029523772,0.21216280735259027
2005-04-14,-0.023048395436290905,0,0.0,-0.0,-0.023048395436290905,0.9035389029523772,0.20732871807113884
2005-04-15,0.0002878111978421647,0,0.0,0.0,0.0002878111978421647,0.9035389029523772,0.20738839818572466
2005-04-18,0.006882734368795583,0,0.0,0.0,0.006882734368795583,0.9035389029523772,0.20882072093578435
2005-04-19,-0.00820735229507814,0,0.0,-0.0,-0.00820735229507814,0.9035389029523772,0.2071138696586299
2005-04-20,0.027342899945802853,0,0.0,0.0,0.027342899945802853,0.9035389029523772,0.21285509668178573
2005-04-21,-0.01628166443519754,1,0.0005,-0.01678166443519754,-0.01628166443519754,0.888502536786679,0.20941752208164255
2005-04-22,0.008089166368277926,0,0.0005,-0.0005,0.008089166368277926,0.8880583965625947,0.21111840534733842
2005-04-25,-0.009229742482802642,0,0.0,-0.0,-0.009229742482802642,0.8880583965625947,0.20917880162329924
2005-04-26,0.0014255169912211687,0,0.0,0.0,0.0014255169912211687,0.8880583965625947,0.20947720219622837
2005-04-27,-0.01002155846101899,0,0.0,-0.0,-0.01002155846101899,0.8880583965625947,0.20738839818572466
2005-04-28,0.006596897579654823,0,0.0,0.0,0.006596897579654823,0.8880583965625947,0.2087610408211985
2005-04-29,0.003994299176459858,0,0.0,0.0,0.003994299176459858,0.8880583965625947,0.20959656242539998
2005-05-02,0.005112195172335141,0,0.0,0.0,0.005112195172335141,0.8880583965625947,0.21067080448794476
2005-05-03,0.012051731158551106,0,0.0,0.0,0.012051731158551106,0.8880583965625947,0.21322511339221786
2005-05-04,0.0008952552075112085,0,0.0,0.0,0.0008952552075112085,0.8880583965625947,0.21341608975889248
2005-05-05,0.002708855699475906,1,0.0005,0.002208855699475906,0.002708855699475906,0.8900221574470809,0.21399498687037494
2005-05-06,0.004813118755212824,1,0.0,0.004813118755212824,0.004813118755212824,0.8943162655218877,0.21502745285270963
2005-05-09,-0.007354203294157413,0,0.0005,-0.0005,-0.007354203294157413,0.8938692191600307,0.21345189782764398
2005-05-10,0.005131362701211242,0,0.0,0.0,0.005131362701211242,0.8938692191600307,0.2145500119360231
2005-05-11,-0.0027855171214264235,0,0.0,-0.0,-0.0027855171214264235,0.8938692191600307,0.21395321079016488
2005-05-12,0.010819914129149276,0,0.0,0.0,0.010819914129149276,0.8938692191600307,0.21628073525901187
2005-05-13,0.00671032714313341,0,0.0,0.0,0.00671032714313341,0.8938692191600307,0.21773693005490588
2005-05-16,0.005902946742612576,0,0.0,0.0,0.005902946742612576,0.8938692191600307,0.2190260205299596
2005-05-17,0.013532006218576373,0,0.0,0.0,0.013532006218576373,0.8938692191600307,0.22201002625925062
2005-05-18,0.008352120508184227,0,0.0,0.0,0.008352120508184227,0.8938692191600307,0.22387204583432818
2005-05-19,0.0039376414417210265,1,0.0005,0.0034376414417210265,0.0039376414417210265,0.8969473086841034,0.2247553115301983
2005-05-20,0.005032456654451454,1,0.0,0.005032456654451454,0.005032456654451454,0.9014725340863866,0.22588923370732888
2005-05-23,0.003165394360253019,0,0.0005,-0.0005,0.003165394360253019,0.9010219104846318,0.22660539508235866
2005-05-24,-0.004222756340869353,0,0.0,-0.0,-0.004222756340869353,0.9010219104846318,0.22565051324898555
2005-05-25,0.010000083334583179,1,0.0005,0.009500083334583178,0.010000083334583179,0.909622482109599,0.2279183576032467
2005-05-26,0.0005235602213838304,1,0.0,0.0005235602213838304,0.0005235602213838304,0.9100988489501907,0.22803771783241836
2005-05-27,-0.0034080515356440357,0,0.0005,-0.0005,-0.0034080515356440357,0.9096439132691136,0.22726187634280268
2005-05-31,0.008107799089541855,1,0.0005,0.007607799089541855,0.008107799089541855,0.9165906927497997,0.22911195989496314
2005-06-01,0.007008464767478465,0,0.0005,-0.0005,0.007008464767478465,0.916132511958168,0.23072332298878026
2005-06-02,-0.014591191647529466,1,0.0005,-0.015091191647529466,-0.014591191647529466,0.9024107797104863,0.22738123657197437
2005-06-03,0.0002624327531134626,0,0.0005,-0.0005,0.0002624327531134626,0.9019596871031806,0.2274409166865602
2005-06-06,-0.008432197524371302,0,0.0,-0.0,-0.008432197524371302,0.9019596871031806,0.22553115301981394
2005-06-07,-0.0021192060911318007,1,0.0005,-0.0026192060911318007,-0.0021192060911318007,0.8996003599276151,0.2250537121031274
2005-06-08,0.006344192571373319,1,0.0,0.006344192571373319,0.006344192571373319,0.9053257401021745,0.22648603485318713
2005-06-09,-0.010676022298515192,0,0.0005,-0.0005,-0.010676022298515192,0.9048731903789823,0.22408092623537856
2005-06-10,0.004862052433095268,1,0.0005,0.004362052433095268,0.004862052433095268,0.9088289159495968,0.2251730723322991
2005-06-13,-0.003983539990899777,0,0.0005,-0.0005,-0.003983539990899777,0.9083746150763049,0.2242778706135118
2005-06-14,0.0031881004686458952,1,0.0005,0.0026881004686458952,0.0031881004686458952,0.9108197021523289,0.22499403198854165
2005-06-15,0.005291017634415459,0,0.0005,-0.0005,0.005291017634415459,0.9103644061347425,0.226187634280258
2005-06-16,-0.000791870174677183,0,0.0,-0.0,-0.000791870174677183,0.9103644061347425,0.22600859393650055
2005-06-17,0.0,0,0.0,0.0,0.0,0.9103644061347425,0.22600859393650055
2005-06-20,-0.0005282620302455872,1,0.0005,-0.0010282620302455871,-0.0005282620302455872,0.9094287940918334,0.2258892337073289
2005-06-21,-0.0010573619806162435,0,0.0005,-0.0005,-0.0010573619806162435,0.9089741933544426,0.22565051324898566
2005-06-22,-0.011170328913819144,1,0.0005,-0.011670328913819144,-0.011170328913819144,0.898427825035388,0.22314394843638122
2005-06-23,-0.011296516040481859,1,0.0,-0.011296516040481859,-0.011296516040481859,0.888335830210171,0.22063738362377674
2005-06-24,-0.004608927773655297,1,0.0,-0.004608927773655297,-0.004608927773655297,0.8842509751618689,0.2196228216758178
2005-06-27,0.009465925988883052,1,0.0,0.009465925988883052,0.009465925988883052,0.8926609708495499,0.2217116256863215
2005-06-28,-0.002209707439323173,1,0.0,-0.002209707439323173,-0.002209707439323173,0.8906906290027218,0.22122224874671775
2005-06-29,-0.007799844548269847,1,0.0,-0.007799844548269847,-0.007799844548269847,0.883770403979716,0.21950346144664615
2005-06-30,-0.001496497116234,1,0.0,-0.001496497116234,-0.001496497116234,0.8824488332287946,0.21917522081642418
2005-07-01,0.010428753012565163,1,0.0,0.010428753012565163,0.010428753012565163,0.8916998284852435,0.22147290522797822
2005-07-05,-0.004862246208034414,0,0.0005,-0.0005,-0.004862246208034414,0.8912540900149047,0.22039866316543347
2005-07-06,0.0035139919927418867,0,0.0,0.0,0.0035139919927418867,0.8912540900149047,0.22117450465504912
2005-07-07,0.01897691586715184,0,0.0,0.0,0.01897691586715184,0.8912540900149047,0.22541179279064233
2005-07-08,0.009223942061635832,0,0.0,0.0,0.009223942061635832,0.8912540900149047,0.227500596801146
2005-07-11,0.004710817400598905,0,0.0,0.0,0.004710817400598905,0.8912540900149047,0.2285748388636908
2005-07-12,0.0023471128261061446,0,0.0,0.0,0.0023471128261061446,0.8912540900149047,0.2291119598949632
2005-07-13,0.00984974267013138,0,0.0,0.0,0.00984974267013138,0.8912540900149047,0.23137980424922436
2005-07-14,0.0030903964848181366,0,0.0,0.0,0.0030903964848181366,0.8912540900149047,0.23209596562425416
2005-07-15,-0.004045198306964703,1,0.0005,-0.004545198306964702,-0.004045198306964703,0.887212355634148,0.2311589878252568
2005-07-18,0.01147446265570354,0,0.0005,-0.0005,0.01147446265570354,0.8867688603393941,0.23382668894724296
2005-07-19,0.007121088078074555,1,0.0005,0.0066210880780745544,0.007121088078074555,0.8926597154833203,0.23549773215564593
2005-07-20,0.0002533890802863222,0,0.0005,-0.0005,0.0002533890802863222,0.8922134971894483,0.2355574122702317
2005-07-21,-0.0012675879501815408,0,0.0,-0.0,-0.0012675879501815408,0.8922134971894483,0.2352590116973026
2005-07-22,-0.0038124331346558083,1,0.0005,-0.004312433134655808,-0.0038124331346558083,0.8883741705107935,0.2343638099785153
2005-07-25,0.003812433134655939,0,0.0005,-0.0005,0.003812433134655939,0.8879300944538039,0.2352590116973026
2005-07-26,0.007581537452397533,0,0.0,0.0,0.007581537452397533,0.8879300944538039,0.23704941513487715
2005-07-27,0.004772079883670593,0,0.0,0.0,0.004772079883670593,0.8879300944538039,0.23818333731200772
2005-07-28,-0.008429313293566474,1,0.0005,-0.008929313293566474,-0.008429313293566474,0.8800367818344397,0.2361840534733828
2005-07-29,0.0018933423137809581,0,0.0005,-0.0005,0.0018933423137809581,0.8795968734297884,0.23663165433277641
2005-08-01,0.010786508695752319,0,0.0,0.0,0.010786508695752319,0.8795968734297884,0.23919789925996668
2005-08-02,-0.0004991265389370107,0,0.0,-0.0,-0.0004991265389370107,0.8795968734297884,0.2390785390307951
2005-08-03,-0.009707474673624707,0,0.0,-0.0,-0.009707474673624707,0.8795968734297884,0.23676891859632385
2005-08-04,-0.00487664099876682,1,0.0005,-0.0053766409987668195,-0.00487664099876682,0.8748802878737109,0.23561709238481748
2005-08-05,-0.007372602353740685,1,0.0,-0.007372602353740685,-0.007372602353740685,0.8684538622535646,0.23388636906182875
2005-08-08,0.006612435080343344,1,0.0,0.006612435080343344,0.006612435080343344,0.8742154852233511,0.2354380520410601
2005-08-09,-0.008655858524460557,0,0.0005,-0.0005,-0.008655858524460557,0.8737784867394646,0.23340892814514222
2005-08-10,0.008199480635653884,1,0.0005,0.0076994806356538836,0.008199480635653884,0.8805320935464702,0.2353306278348056
2005-08-11,-0.005645853098836435,0,0.0005,-0.0005,-0.005645853098836435,0.8800919375478666,0.2340057292910004
2005-08-12,0.006000831677071276,1,0.0005,0.005500831677071275,0.006000831677071276,0.8849465150221638,0.2354141799952257
2005-08-15,-0.01625470260049666,0,0.0005,-0.0005,-0.01625470260049666,0.8845041523645331,0.23161852470756758
2005-08-16,0.005908816164076736,1,0.0005,0.005408816164076735,0.005908816164076736,0.8893012342931762,0.23299116734304143
2005-08-17,-0.005058881145814109,0,0.0005,-0.0005,-0.005058881145814109,0.888856694820159,0.23181546908570083
2005-08-18,-0.0005923026582133603,1,0.0005,-0.0010923026582133604,-0.0005923026582133603,0.8878863243552365,0.23167820482215343
2005-08-19,0.0005150656822600646,1,0.0,0.0005150656822600646,0.0005150656822600646,0.8883437619257443,0.2317975650513251
2005-08-22,-0.0028361498964635493,0,0.0005,-0.0005,-0.0028361498964635493,0.8878997010692468,0.23114108379088105
2005-08-23,-0.005956252232922183,1,0.0005,-0.006456252232922182,-0.005956252232922183,0.882185662128212,0.2297684411554072
2005-08-24,0.00228310601456855,1,0.0,0.00228310601456855,0.00228310601456855,0.8842020864987907,0.2302936261637624
2005-08-25,-0.0033252072550580595,1,0.0,-0.0033252072550580595,-0.0033252072550580595,0.8812668142048004,0.229529123895918
2005-08-26,0.007772646969316267,1,0.0,0.007772646969316267,0.007772646969316267,0.88814327958674,0.23132012413463848
2005-08-29,-0.003618510022197104,0,0.0005,-0.0005,-0.003618510022197104,0.8876993189463559,0.230484602530437
2005-08-30,0.00927841707904634,0,0.0,0.0,0.00927841707904634,0.8876993189463559,0.2326330866555265
2005-08-31,-0.0015404367616102758,0,0.0,-0.0,-0.0015404367616102758,0.8876993189463559,0.23227500596801162
2005-09-01,-0.003861505634966546,0,0.0,-0.0,-0.003861505634966546,0.8876993189463559,0.23137980424922436
2005-09-02,0.01459506127807531,0,0.0,0.0,0.01459506127807531,0.8876993189463559,0.23478157078061612
2005-09-06,0.0017524036535771672,0,0.0,0.0,0.0017524036535771672,0.8876993189463559,0.23519336357125825
2005-09-07,-0.00022840031060217822,1,0.0005,-0.0007284003106021782,-0.00022840031060217822,0.8870529539215348,0.23513965146813104
2005-09-08,0.00554298487009835,0,0.0005,-0.0005,0.00554298487009835,0.8866095383077154,0.23644664597756052
2005-09-09,0.0027977686525210346,0,0.0,0.0,0.0027977686525210346,0.8866095383077154,0.2371090952494631
2005-09-12,-0.0025201626241638177,1,0.0005,-0.0030201626241638177,-0.0025201626241638177,0.8839358728024989,0.23651229410360494
2005-09-13,-0.011419994685949052,1,0.0,-0.011419994685949052,-0.011419994685949052,0.8738987508554605,0.233826688947243
2005-09-14,-0.0005105948540851376,0,0.0005,-0.0005,-0.0005105948540851376,0.8734619106991728,0.23370732871807137
2005-09-15,0.006109998641578474,0,0.0,0.0,0.006109998641578474,0.8734619106991728,0.23513965146813104
2005-09-16,-0.00789913649902462,0,0.0,-0.0,-0.00789913649902462,0.8734619106991728,0.23328956791597064
2005-09-19,-0.004101518182499219,1,0.0005,-0.0046015181824992195,-0.004101518182499219,0.8694518929957209,0.23233468608259747
2005-09-20,-0.01110692032862586,1,0.0,-0.01110692032862586,-0.01110692032862586,0.8598483914804842,0.2297684411554072
2005-09-21,0.003629768050578731,1,0.0,0.003629768050578731,0.003629768050578731,0.8629751129040497,0.2306039627596087
2005-09-22,0.0028427464550387824,0,0.0005,-0.0005,0.0028427464550387824,0.8625437332015103,0.23126044402005272
2005-09-23,0.0002580312232094237,1,0.0005,-0.00024196877679057632,0.0002580312232094237,0.8623350497979113,0.2313201241346385
2005-09-26,-0.002324681403359687,0,0.0005,-0.0005,-0.002324681403359687,0.8619039900469305,0.23078300310336616
2005-09-27,0.0002585649658877715,0,0.0,0.0,0.0002585649658877715,0.8619039900469305,0.23084268321795193
2005-09-28,0.013354076211323295,0,0.0,0.0,0.013354076211323295,0.8619039900469305,0.2339460491764146
2005-09-29,0.006610753798052347,0,0.0,0.0,0.006610753798052347,0.8619039900469305,0.23549773215564593
2005-09-30,0.0025310061600420626,0,0.0,0.0,0.0025310061600420626,0.8619039900469305,0.23609453330150412
2005-10-03,-0.006593987879295908,0,0.0,-0.0,-0.006593987879295908,0.8619039900469305,0.23454285032227276
2005-10-04,-0.013835731852650024,1,0.0005,-0.014335731852650024,-0.013835731852650024,0.8496361101811921,0.23132012413463848
2005-10-05,-0.013245226750020567,0,0.0005,-0.0005,-0.013245226750020567,0.8492113983129168,0.2282764382907617
2005-10-06,0.002350177344953673,0,0.0,0.0,0.002350177344953673,0.8492113983129168,0.2288135593220341
2005-10-07,-0.005492363748026032,0,0.0,-0.0,-0.005492363748026032,0.8492113983129168,0.22756027691573188
2005-10-10,-0.004995409362604358,0,0.0,-0.0,-0.004995409362604358,0.8492113983129168,0.2264263547386013
2005-10-11,-0.0120117582999493,0,0.0,-0.0,-0.0120117582999493,0.8492113983129168,0.22372284554786365
2005-10-12,0.007785655866444664,0,0.0,0.0,0.007785655866444664,0.8492113983129168,0.22547147290522815
2005-10-13,0.0073839997946398925,0,0.0,0.0,0.0073839997946398925,0.8492113983129168,0.22714251611363112
2005-10-14,0.003147956429597971,0,0.0,0.0,0.003147956429597971,0.8492113983129168,0.22785867748866093
2005-10-17,-0.00709688876935814,0,0.0,-0.0,-0.00709688876935814,0.8492113983129168,0.22624731439484377
2005-10-18,0.019849176090962335,0,0.0,0.0,0.019849176090962335,0.8492113983129168,0.2307830031033661
2005-10-19,-0.009457563738736435,0,0.0,-0.0,-0.009457563738736435,0.8492113983129168,0.22861064693244224
2005-10-20,0.006349558128869113,0,0.0,0.0,0.006349558128869113,0.8492113983129168,0.23006684172833622
2005-10-21,0.015699717652971082,0,0.0,0.0,0.015699717652971082,0.8492113983129168,0.23370732871807126
2005-10-24,-0.003837794143744475,0,0.0,-0.0,-0.003837794143744475,0.8492113983129168,0.23281212699928397
2005-10-25,-0.005140078137750139,1,0.0005,-0.005640078137750139,-0.005140078137750139,0.8444352612250782,0.23161852470756758
2005-10-26,-0.020302623440646646,0,0.0005,-0.0005,-0.020302623440646646,0.8440131491312831,0.2269634757698736
2005-10-27,0.0076488218673388345,0,0.0,0.0,0.0076488218673388345,0.8440131491312831,0.22870613511577953
2005-10-28,0.014198601056624537,0,0.0,0.0,0.014198601056624537,0.8440131491312831,0.23197660539508244
2005-10-31,-0.000772101441007487,0,0.0,-0.0,-0.000772101441007487,0.8440131491312831,0.231797565051325
2005-11-01,0.012969089652127093,0,0.0,0.0,0.012969089652127093,0.8440131491312831,0.23482334686082607
2005-11-02,0.014958594912417739,0,0.0,0.0,0.014958594912417739,0.8440131491312831,0.23836237765576518
2005-11-03,0.003499128788940161,0,0.0,0.0,0.003499128788940161,0.8440131491312831,0.23919789925996662
2005-11-04,0.0012467275022160587,1,0.0005,0.0007467275022160587,0.0012467275022160587,0.8446436323322477,0.23949629983289575
2005-11-07,0.0002491590893666539,1,0.0,0.0002491590893666539,0.0002491590893666539,0.8448541091905413,0.23955597994748157
2005-11-08,0.00047323130685521215,1,0.0,0.00047323130685521215,0.00047323130685521215,0.8452540152212992,0.23966937216519463
2005-11-09,0.010921491932639674,0,0.0005,-0.0005,0.010921491932639674,0.8448314938528331,0.2423012652184293
2005-11-10,0.0027056959072005206,0,0.0,0.0,0.0027056959072005206,0.8448314938528331,0.2429577464788733
2005-11-11,9.825112996691994e-05,1,0.0005,-0.0004017488700330801,9.825112996691994e-05,0.8444921519244917,0.24298161852470762
2005-11-14,-0.004776334264371706,1,0.0,-0.004776334264371706,-0.004776334264371706,0.84046819266052,0.2418238243017428
2005-11-15,0.006101780569215385,0,0.0005,-0.0005,0.006101780569215385,0.8400480636052062,0.2433038911434711
2005-11-16,0.013134517180646982,0,0.0,0.0,0.013134517180646982,0.8400480636052062,0.24652064931964682
2005-11-17,0.003455904450959075,0,0.0,0.0,0.003455904450959075,0.8400480636052062,0.24737407495822406
2005-11-18,0.002385572041840458,0,0.0,0.0,0.002385572041840458,0.8400480636052062,0.24796490809262361
2005-11-21,0.0036276751816111566,1,0.0005,0.0031276751816111566,0.0036276751816111566,0.8426795741950892,0.24886607782286949
2005-11-22,0.0023952107259546285,0,0.0005,-0.0005,0.0023952107259546285,0.8422583397253849,0.24946287896872762
2005-11-23,0.002150795428232891,1,0.0005,0.001650795428232891,0.002150795428232891,0.8436498842036149,0.25
2005-11-25,-0.008390316510977292,1,0.0,-0.008390316510977292,-0.008390316510977292,0.8366010071572728,0.2479111959894963
2005-11-28,-0.004753697886848604,1,0.0,-0.004753697886848604,-0.004753697886848604,0.8326334963626176,0.2467354977321557
2005-11-29,-0.002494461412358396,0,0.0005,-0.0005,-0.002494461412358396,0.832217283676279,0.24612079255192174
2005-11-30,0.018427611913929845,0,0.0,0.0,0.018427611913929845,0.832217283676279,0.25069825734065415
2005-12-01,0.0023777265880398266,0,0.0,0.0,0.0023777265880398266,0.832217283676279,0.25129505848651235
2005-12-02,-0.00731765812001835,0,0.0,-0.0,-0.00731765812001835,0.832217283676279,0.24946287896872768
2005-12-05,0.0032483070503398835,1,0.0005,0.0027483070503398835,0.0032483070503398835,0.834507618133979,0.25027452852709486
2005-12-06,-0.0018139295631968326,1,0.0,-0.0018139295631968326,-0.0018139295631968326,0.8329952521720804,0.2498209596562426
2005-12-07,-0.007168489478612516,0,0.0005,-0.0005,-0.007168489478612516,0.8325788586530489,0.24803652423012656
2005-12-08,0.0036985488147967278,0,0.0,0.0,0.0036985488147967278,0.8325788586530489,0.24895559799474817
2005-12-09,0.003637150763695361,1,0.0005,0.003137150763695361,0.003637150763695361,0.8351948853448606,0.24986273573645265
2005-12-12,0.004242546167128016,1,0.0,0.004242546167128016,0.004242546167128016,0.8387457652644007,0.25092504177608027
2005-12-13,-0.0034785129900237904,0,0.0005,-0.0005,-0.0034785129900237904,0.8383264972075175,0.25005371210312727
2005-12-14,0.0016931170506618164,0,0.0,0.0,0.0016931170506618164,0.8383264972075175,0.2504774409166865
2005-12-15,-0.00933579491563264,0,0.0,-0.0,-0.00933579491563264,0.8383264972075175,0.2481499164478395
2005-12-16,-0.016000341346441075,1,0.0005,-0.016500341346441075,-0.016000341346441075,0.8246073206571477,0.2442110288851754
2005-12-19,0.0007328692156526977,1,0.0,0.0007328692156526977,0.0007328692156526977,0.8252118714787439,0.24439006922893286
2005-12-20,0.004385971943254268,1,0.0,0.004385971943254268,0.004385971943254268,0.8288391764083207,0.2454643112914776
2005-12-21,0.006470632195194361,1,0.0,0.006470632195194361,0.006470632195194361,0.8342196787205265,0.247057770350919
2005-12-22,0.00014492753648562992,1,0.0,0.00014492753648562992,0.00014492753648562992,0.8343405888848457,0.2470935784196705
2005-12-23,-0.008854875242456869,1,0.0,-0.008854875242456869,-0.008854875242456869,0.8269852205554259,0.24491525423728805
2005-12-27,-0.0011703322153095378,1,0.0,-0.0011703322153095378,-0.0011703322153095378,0.8260179392408721,0.2446287896872761
2005-12-28,-0.006608762273978993,1,0.0,-0.006608762273978993,-0.006608762273978993,0.8205769818465066,0.24301742659345896
2005-12-29,-0.007592601676781463,1,0.0,-0.007592601676781463,-0.007592601676781463,0.8143702600781195,0.24117927906421568
2005-12-30,0.02197783084318733,1,0.0,0.02197783084318733,0.02197783084318733,0.8324664813378976,0.2465385533540223
2006-01-03,0.010355300240381622,0,0.0005,-0.0005,0.010355300240381622,0.8320503521381979,0.24910479828121257
2006-01-04,0.004303138363732109,0,0.0,0.0,0.004303138363732109,0.8320503521381979,0.2501790403437574
2006-01-05,0.017967386420765938,0,0.0,0.0,0.017967386420765938,0.8320503521381979,0.25471472905227965
2006-01-06,0.003972884885225854,0,0.0,0.0,0.003972884885225854,0.8320503521381979,0.2557286941990927
2006-01-09,0.000702205443767986,0,0.0,0.0,0.000702205443767986,0.8320503521381979,0.25590833134399604
2006-01-10,0.007666433181295222,0,0.0,0.0,0.007666433181295222,0.8320503521381979,0.2578777751253281
2006-01-11,-0.004871834250279354,0,0.0,-0.0,-0.004871834250279354,0.8320503521381979,0.2566244927190259
2006-01-12,-0.00046522447919812197,0,0.0,-0.0,-0.00046522447919812197,0.8320503521381979,0.25650513248985424
2006-01-13,-0.0065359709797854215,0,0.0,-0.0,-0.0065359709797854215,0.8320503521381979,0.2548340892814513
2006-01-17,-0.011541760440171571,0,0.0,-0.0,-0.011541760440171571,0.8320503521381979,0.2519097636667461
2006-01-18,0.00731739367933975,0,0.0,0.0,0.00731739367933975,0.8320503521381979,0.25375984721890654
2006-01-19,-0.030323440693057254,0,0.0,-0.0,-0.030323440693057254,0.8320503521381979,0.2461804726665074
2006-01-20,0.00024239486241568598,0,0.0,0.0,0.00024239486241568598,0.8320503521381979,0.2462401527810932
2006-01-23,0.00435309030812185,0,0.0,0.0,0.00435309030812185,0.8320503521381979,0.24731439484363799
2006-01-24,-0.004353090308121818,1,0.0005,-0.004853090308121819,-0.004353090308121818,0.828022119233639,0.2462401527810932
2006-01-25,0.007004013658351512,1,0.0,0.007004013658351512,0.007004013658351512,0.8338419547784223,0.247970876104082
2006-01-26,0.013387720872379251,1,0.0,0.013387720872379251,0.013387720872379251,0.845080257899383,0.2513129625208879
2006-01-27,0.001897983962410919,0,0.0005,-0.0005,0.001897983962410919,0.8446578233878619,0.2517904034375745
2006-01-30,-0.004513607852878892,1,0.0005,-0.005013607852878892,-0.004513607852878892,0.8404336383435328,0.25065648126044393
2006-01-31,0.0035650661644961446,0,0.0005,-0.0005,0.0035650661644961446,0.840013526561059,0.25155168297923125
2006-02-01,-0.01722942835855403,1,0.0005,-0.017729428358554032,-0.01722942835855403,0.8252518119743076,0.24725471472905217
2006-02-02,-0.012386315005884652,0,0.0005,-0.0005,-0.012386315005884652,0.8248392892076064,0.24421102888517535
2006-02-03,-0.0026917916657114146,0,0.0,-0.0,-0.0026917916657114146,0.8248392892076064,0.2435545476247313
2006-02-06,-0.004420439418078902,1,0.0005,-0.004920439418078902,-0.004420439418078902,0.8207906860769231,0.24248030556218655
2006-02-07,0.011501411502553524,1,0.0,0.011501411502553524,0.011501411502553524,0.830285434352979,0.24528527094772012
2006-02-08,-0.009534358987301457,1,0.0,-0.009534358987301457,-0.009534358987301457,0.8224068134430602,0.24295774647887317
2006-02-09,0.006122218216364828,1,0.0,0.006122218216364828,0.006122218216364828,0.8274572114622389,0.24444974934351868
2006-02-10,-0.011540950687182592,0,0.0005,-0.0005,-0.011540950687182592,0.8270435862714227,0.2416447839579851
2006-02-13,0.010075033004686299,1,0.0005,0.009575033004686298,0.010075033004686299,0.835000589397818,0.24409166865600376
2006-02-14,0.006336847917092836,0,0.0005,-0.0005,0.006336847917092836,0.834583193460799,0.2456433516352351
2006-02-15,0.009189907482117479,0,0.0,0.0,0.009189907482117479,0.834583193460799,0.2479111959894963
2006-02-16,-0.007975873097240242,0,0.0,-0.0,-0.007975873097240242,0.834583193460799,0.24594175220816422
2006-02-17,-0.01122510566385424,0,0.0,-0.0,-0.01122510566385424,0.834583193460799,0.24319646693721653
2006-02-21,0.012437667956234065,0,0.0,0.0,0.012437667956234065,0.834583193460799,0.24624015278109337
2006-02-22,-0.002669580520026918,0,0.0,-0.0,-0.002669580520026918,0.834583193460799,0.24558367152064933
2006-02-23,0.0026695805200269737,0,0.0,0.0,0.0026695805200269737,0.834583193460799,0.24624015278109337
2006-02-24,0.011087122489466018,0,0.0,0.0,0.011087122489466018,0.834583193460799,0.2489854380520411
2006-02-27,-0.014972508630382663,0,0.0,-0.0,-0.014972508630382663,0.834583193460799,0.24528527094772026
2006-02-28,0.013533314330636821,0,0.0,0.0,0.013533314330636821,0.834583193460799,0.24862735736452615
2006-03-01,0.0007198560598797079,0,0.0,0.0,0.0007198560598797079,0.834583193460799,0.24880639770828367
2006-03-02,-0.005773410311401411,1,0.0005,-0.006273410311401412,-0.005773410311401411,0.8293638991539749,0.24737407495822406
2006-03-03,-0.008723098685985536,0,0.0005,-0.0005,-0.008723098685985536,0.8289493208576091,0.2452255908331345
2006-03-06,-0.005857961589306579,0,0.0,-0.0,-0.005857961589306579,0.8289493208576091,0.2437932680830748
2006-03-07,0.000489476270173897,0,0.0,0.0,0.000489476270173897,0.8289493208576091,0.24391262831224642
2006-03-08,-0.0086006181957032,0,0.0,-0.0,-0.0086006181957032,0.8289493208576091,0.24182382430174273
2006-03-09,0.0009866799024451063,0,0.0,0.0,0.0009866799024451063,0.8289493208576091,0.242062544760086
2006-03-10,0.0029542118974313827,0,0.0,0.0,0.0029542118974313827,0.8289493208576091,0.24277870613511582
2006-03-13,0.016819409292960868,1,0.0005,0.016319409292960867,0.016819409292960868,0.842588271218465,0.24689663404153736
2006-03-14,0.008424649659251623,0,0.0005,-0.0005,0.008424649659251623,0.842167082388838,0.2489854380520411
2006-03-15,-0.008424649659251578,1,0.0005,-0.008924649659251578,-0.008424649659251578,0.834684475710877,0.24689663404153742
2006-03-16,0.001931901107983873,0,0.0005,-0.0005,0.001931901107983873,0.8342672377911939,0.247374074958224
2006-03-17,0.002409639720153108,1,0.0005,0.001909639720153108,0.002409639720153108,0.8358619097855823,0.24797087610408217
2006-03-20,-0.010646120391670046,1,0.0,-0.010646120391670046,-0.010646120391670046,0.8270104238576483,0.2453449510623061
2006-03-21,0.002429544440938868,0,0.0005,-0.0005,0.002429544440938868,0.8265970220047953,0.24594175220816428
2006-03-22,-0.002916162455407493,0,0.0,-0.0,-0.002916162455407493,0.8265970220047953,0.24522559083313444
2006-03-23,0.00509771707166858,0,0.0,0.0,0.00509771707166858,0.8265970220047953,0.24647887323943665
2006-03-24,0.0002421014416862998,0,0.0,0.0,0.0002421014416862998,0.8265970220047953,0.2465385533540225
2006-03-27,-0.004123717183862152,0,0.0,-0.0,-0.004123717183862152,0.8265970220047953,0.24552399140606354
2006-03-28,0.018782155787975627,0,0.0,0.0,0.018782155787975627,0.8265970220047953,0.25017904034375754
2006-03-29,0.0030963464061703394,0,0.0,0.0,0.0030963464061703394,0.8265970220047953,0.2509548818333732
2006-03-30,-0.0028578252362857614,0,0.0,-0.0,-0.0028578252362857614,0.8265970220047953,0.25023872045834333
2006-03-31,0.0011917532098156072,1,0.0005,0.0006917532098156072,0.0011917532098156072,0.8271690209662405,0.2505371210312724
2006-04-03,0.0054638454019204676,1,0.0,0.0054638454019204676,0.0054638454019204676,0.831700914125417,0.2519097636667463
2006-04-04,0.00943180771741318,0,0.0005,-0.0005,0.00943180771741318,0.8312851676136437,0.25429696825017906
2006-04-05,0.002812282144112838,0,0.0,0.0,0.002812282144112838,0.8312851676136437,0.25501312962520883
2006-04-06,-0.009641462105889505,0,0.0,-0.0,-0.009641462105889505,0.8312851676136437,0.25256624492719026
2006-04-07,-0.0014187753621333703,0,0.0,-0.0,-0.0014187753621333703,0.8312851676136437,0.25220816423967535
2006-04-10,-0.008077972175123791,0,0.0,-0.0,-0.008077972175123791,0.8312851676136437,0.2501790403437575
2006-04-11,0.00023852116988454572,0,0.0,0.0,0.00023852116988454572,0.8312851676136437,0.2502387204583433
2006-04-12,0.00404617950566459,1,0.0005,0.0035461795056645896,0.00404617950566459,0.8342382870895615,0.25125328240630224
2006-04-13,-0.010506304855509968,0,0.0005,-0.0005,-0.010506304855509968,0.8338212722084248,0.2486273573645261
2006-04-17,0.019021020442284247,1,0.0005,0.018521020442284247,0.019021020442284247,0.8494083921538562,0.25340176653139174
2006-04-18,0.004464817662577982,0,0.0005,-0.0005,0.004464817662577982,0.8489837941161344,0.2545356887085223
2006-04-19,-0.0035231980073169053,1,0.0005,-0.004023198007316905,-0.0035231980073169053,0.8455750258800832,0.253640486989735
2006-04-20,-0.011834457647002796,1,0.0,-0.011834457647002796,-0.011834457647002796,0.835627084399141,0.250656481260444
2006-04-21,-0.0009528347552718544,0,0.0005,-0.0005,-0.0009528347552718544,0.8352093752929203,0.2504177608021007
2006-04-24,-0.0021472034970444996,1,0.0005,-0.0026472034970444996,-0.0021472034970444996,0.8330013299759634,0.24988063977082833
2006-04-25,-0.00023886301319827564,1,0.0,-0.00023886301319827564,-0.00023886301319827564,0.8328023805300652,0.24982095965624254
2006-04-26,0.009510295170056866,1,0.0,0.009510295170056866,0.009510295170056866,0.840760358365995,0.25220816423967535
2006-04-27,-0.009749215252426205,0,0.0005,-0.0005,-0.009749215252426205,0.8403400832643432,0.24976127954165678
2006-04-28,-0.009845198984256816,0,0.0,-0.0,-0.009845198984256816,0.8403400832643432,0.24731439484363815
2006-05-01,0.0026509233502295874,1,0.0005,0.0021509233502295874,0.0026509233502295874,0.8421495356706714,0.24797087610408217
2006-05-02,-0.0014450869566805741,1,0.0,-0.0014450869566805741,-0.0014450869566805741,0.8409334352581507,0.24761279541656725
2006-05-03,0.008161351109330355,1,0.0,0.008161351109330355,0.008161351109330355,0.8478246709291019,0.2496419193124851
2006-05-04,0.007858118778999746,0,0.0005,-0.0005,0.007858118778999746,0.8474008645540604,0.2516113630938171
2006-05-05,0.0009483168088594818,0,0.0,0.0,0.0009483168088594818,0.8474008645540604,0.2518500835521605
2006-05-08,-0.003798675033215784,1,0.0005,-0.004298675033215784,-0.003798675033215784,0.8437659818016403,0.2508952017187874
2006-05-09,-0.008840100574388188,1,0.0,-0.008840100574388188,-0.008840100574388188,0.8363398777753177,0.24868703747911206
2006-05-10,-0.02257103463570231,0,0.0005,-0.0005,-0.02257103463570231,0.8359218123614932,0.24313678682263082
2006-05-11,-0.013592202337550083,0,0.0,-0.0,-0.013592202337550083,0.8359218123614932,0.2398543805204107
2006-05-12,-0.0007467330776360427,0,0.0,-0.0,-0.0007467330776360427,0.8359218123614932,0.23967534017665323
2006-05-15,-0.007498160598824977,0,0.0,-0.0,-0.007498160598824977,0.8359218123614932,0.23788493673907868
2006-05-16,-0.013640019505682808,0,0.0,-0.0,-0.013640019505682808,0.8359218123614932,0.23466221055144443
2006-05-17,-0.006890418993270924,0,0.0,-0.0,-0.006890418993270924,0.8359218123614932,0.23305084745762722
2006-05-18,0.007653098577717432,0,0.0,0.0,0.007653098577717432,0.8359218123614932,0.2348412508952019
2006-05-19,-0.009703855512794467,0,0.0,-0.0,-0.009703855512794467,0.8359218123614932,0.23257340654094072
2006-05-22,-0.009798943801090348,0,0.0,-0.0,-0.009798943801090348,0.8359218123614932,0.23030556218667958
2006-05-23,0.006714901264129112,1,0.0005,0.006214901264129113,0.006714901264129112,0.8411331611248433,0.23185724516591094
2006-05-24,0.013041995370396157,0,0.0005,-0.0005,0.013041995370396157,0.8407126996684046,0.23490093100978773
2006-05-25,0.0032974031145054793,0,0.0,0.0,0.0032974031145054793,0.8407126996684046,0.23567677249940341
2006-05-26,-0.021759465954240893,0,0.0,-0.0,-0.021759465954240893,0.8407126996684046,0.2306039627596087
2006-05-30,0.0046475683965468756,0,0.0,0.0,0.0046475683965468756,0.8407126996684046,0.23167820482215343
2006-05-31,0.023422659382806535,0,0.0,0.0,0.023422659382806535,0.8407126996684046,0.23716877536404887
2006-06-01,-0.002469074847867145,1,0.0005,-0.002969074847867145,-0.002469074847867145,0.8382202626845027,0.23658391024110786
2006-06-02,-0.021984512461297907,0,0.0005,-0.0005,-0.021984512461297907,0.8378012573132325,0.23143948436381018
2006-06-05,-0.0007738940151498033,0,0.0,-0.0,-0.0007738940151498033,0.8378012573132325,0.23126044402005272
2006-06-06,-0.007512015638722339,0,0.0,-0.0,-0.007512015638722339,0.8378012573132325,0.22952972069706395
2006-06-07,-0.0015612805669525758,0,0.0,-0.0,-0.0015612805669525758,0.8378012573132325,0.22917164000954904
2006-06-08,-0.0026075634070809417,0,0.0,-0.0,-0.0026075634070809417,0.8378012573132325,0.2285748388636908
2006-06-09,-0.023779191766114063,0,0.0,-0.0,-0.023779191766114063,0.8378012573132325,0.22320362855096698
2006-06-12,-0.004018759594917744,0,0.0,-0.0,-0.004018759594917744,0.8378012573132325,0.2223084268321797
2006-06-13,0.010149659779777359,0,0.0,0.0,0.010149659779777359,0.8378012573132325,0.22457627118644086
2006-06-14,0.026745170428085017,0,0.0,0.0,0.026745170428085017,0.8378012573132325,0.2306636428741945
2006-06-15,-0.008053037415932437,1,0.0005,-0.008553037415932437,-0.008053037415932437,0.83066606907581,0.2288135593220341
2006-06-16,-0.008118415677330229,0,0.0005,-0.0005,-0.008118415677330229,0.8302508398572274,0.22696347576987366
2006-06-19,0.0013138879829962882,0,0.0,0.0,0.0013138879829962882,0.8302508398572274,0.2272618763428028
2006-06-20,0.015633460661928958,0,0.0,0.0,0.015633460661928958,0.8302508398572274,0.23084268321795198
2006-06-21,-0.01274896934766875,1,0.0005,-0.01324896934766875,-0.01274896934766875,0.8193234202975672,0.2279183576032468
2006-06-22,-0.001047943506958791,0,0.0005,-0.0005,-0.001047943506958791,0.8189138609857789,0.22767963714490352
2006-06-23,0.00261780254207888,1,0.0005,0.00211780254207888,0.00261780254207888,0.8206499965896225,0.22827643829076175
2006-06-26,-0.019002947125615358,0,0.0005,-0.0005,-0.019002947125615358,0.8202397741554824,0.22397947004058266
2006-06-27,0.007433004755912076,0,0.0,0.0,0.007433004755912076,0.8202397741554824,0.22565051324898566
2006-06-28,0.029961860871492794,0,0.0,0.0,0.029961860871492794,0.8202397741554824,0.23251372642635498
2006-06-29,-0.004888727091496504,1,0.0005,-0.005388727091496504,-0.004888727091496504,0.8158316137169053,0.23137980424922439
2006-06-30,0.005914894446808607,1,0.0,0.005914894446808607,0.005914894446808607,0.8206714711106345,0.23275244688469823
2006-07-03,-0.02203588839918045,0,0.0005,-0.0005,-0.02203588839918045,0.820261237941918,0.22767963714490352
2006-07-05,-0.0010490428446971174,0,0.0,-0.0,-0.0010490428446971174,0.820261237941918,0.22744091668656025
2006-07-06,-0.011081907606724834,1,0.0005,-0.011581907606724834,-0.011081907606724834,0.8108158514514204,0.2249343518739558
2006-07-07,-0.00879419391840212,1,0.0,-0.00879419391840212,-0.00879419391840212,0.8037166412901319,0.22296490809262373
2006-07-10,0.00746670135653707,1,0.0,0.00746670135653707,0.00746670135653707,0.809740213548195,0.2246359513010267
2006-07-11,-0.019043085852707087,0,0.0005,-0.0005,-0.019043085852707087,0.8093354446420801,0.22039866316543347
2006-07-12,-0.016931043438227305,0,0.0,-0.0,-0.016931043438227305,0.8093354446420801,0.21669849606111266
2006-07-13,-0.01024230407083157,0,0.0,-0.0,-0.01024230407083157,0.8093354446420801,0.2144903318214373
2006-07-14,0.002501043404588873,1,0.0005,0.002001043404588873,0.002501043404588873,0.8109565814372842,0.2150274528527097
2006-07-17,0.0033250238447716947,1,0.0,0.0033250238447716947,0.0033250238447716947,0.8136575192605557,0.2157436142277395
2006-07-18,0.012917590641590914,1,0.0,0.012917590641590914,0.012917590641590914,0.8242361924017026,0.218548579613273
2006-07-19,-0.014855844051941671,0,0.0005,-0.0005,-0.014855844051941671,0.8238241773178564,0.21532585342563873
2006-07-20,-0.010588006408829372,0,0.0,-0.0,-0.010588006408829372,0.8238241773178564,0.21305800907137762
2006-07-21,0.019692773401748614,0,0.0,0.0,0.019692773401748614,0.8238241773178564,0.21729529720697086
2006-07-24,0.005751077059022518,0,0.0,0.0,0.005751077059022518,0.8238241773178564,0.21854857961327306
2006-07-25,-0.0008195602152490459,1,0.0005,-0.001319560215249046,-0.0008195602152490459,0.8227378086311921,0.21836953926951566
2006-07-26,-0.006580775051587088,1,0.0,-0.006580775051587088,-0.006580775051587088,0.8173413321602577,0.21693721651945594
2006-07-27,0.020692271092977815,0,0.0005,-0.0005,0.020692271092977815,0.8169327636448184,0.22147290522797827
2006-07-28,-0.00026950545911670105,0,0.0,-0.0,-0.00026950545911670105,0.8169327636448184,0.22141322511339248
2006-07-31,-0.01685280440725891,1,0.0005,-0.01735280440725891,-0.01685280440725891,0.8028789781333342,0.21771305800907162
2006-08-01,0.01117634640245372,0,0.0005,-0.0005,0.01117634640245372,0.8024776389874153,0.22015994270709024
2006-08-02,0.0062153963094154115,0,0.0,0.0,0.0062153963094154115,0.8024776389874153,0.22153258534256406
2006-08-03,-0.0045902605237888635,0,0.0,-0.0,-0.0045902605237888635,0.8024776389874153,0.22051802339460516
2006-08-04,-0.0065164498854679365,0,0.0,-0.0,-0.0065164498854679365,0.8024776389874153,0.21908570064454547
2006-08-07,-0.0062850323026123886,0,0.0,-0.0,-0.0062850323026123886,0.8024776389874153,0.21771305800907156
2006-08-08,0.0013696756010605322,0,0.0,0.0,0.0013696756010605322,0.8024776389874153,0.2180114585820007
2006-08-09,0.007092228309491837,0,0.0,0.0,0.007092228309491837,0.8024776389874153,0.219563141561232
2006-08-10,-0.007092228309491798,0,0.0,-0.0,-0.007092228309491798,0.8024776389874153,0.2180114585820007
2006-08-11,0.006548454505989518,0,0.0,0.0,0.006548454505989518,0.8024776389874153,0.21944378133206036
2006-08-14,0.02497779914078436,0,0.0,0.0,0.02497779914078436,0.8024776389874153,0.22499403198854165
2006-08-15,0.023073913023617918,0,0.0,0.0,0.023073913023617918,0.8024776389874153,0.23024588207209382
2006-08-16,0.003880486049077814,1,0.0005,0.003380486049077814,0.003880486049077814,0.8051949938530599,0.2311410837908811
2006-08-17,0.0015479879252149533,0,0.0005,-0.0005,0.0015479879252149533,0.8047924969887349,0.231499164478396
2006-08-18,-0.009584324111465101,1,0.0005,-0.010084324111465101,-0.009584324111465101,0.7967174925189977,0.2292910002387207
2006-08-21,0.00026024723634198533,1,0.0,0.00026024723634198533,0.00026024723634198533,0.7969248630272016,0.22935068035330652
2006-08-22,-0.007574804404479532,0,0.0005,-0.0005,-0.007574804404479532,0.7965265001946953,0.22761995703031776
2006-08-23,0.002879960100271889,0,0.0,0.0,0.002879960100271889,0.7965265001946953,0.22827643829076177
2006-08-24,0.001828392830114989,0,0.0,0.0,0.001828392830114989,0.7965265001946953,0.22869419909286254
2006-08-25,0.007539357173485241,0,0.0,0.0,0.007539357173485241,0.7965265001946953,0.23042492241585133
2006-08-28,0.003103183250515806,0,0.0,0.0,0.003103183250515806,0.7965265001946953,0.23114108379088114
2006-08-29,0.004636793469801304,0,0.0,0.0,0.004636793469801304,0.7965265001946953,0.23221532585342589
2006-08-30,-0.0010285421323303616,0,0.0,-0.0,-0.0010285421323303616,0.7965265001946953,0.2319766053950826
2006-08-31,0.005388082310450176,0,0.0,0.0,0.005388082310450176,0.7965265001946953,0.23322988780138482
2006-09-01,0.009676673419887379,0,0.0,0.0,0.009676673419887379,0.7965265001946953,0.235497732155646
2006-09-05,-0.020223394975263594,1,0.0005,-0.020723394975263595,-0.020223394975263594,0.7801896293009618,0.23078300310336625
2006-09-06,-0.004928078577675538,0,0.0005,-0.0005,-0.004928078577675538,0.779799631993763,0.2296484841250898
2006-09-07,0.006220235366846019,0,0.0,0.0,0.006220235366846019,0.779799631993763,0.23108140367629537
2006-09-08,0.006179216365958118,0,0.0,0.0,0.006179216365958118,0.779799631993763,0.23251372642635507
2006-09-11,0.018311803642337688,0,0.0,0.0,0.018311803642337688,0.779799631993763,0.23681069467653412
2006-09-12,0.007031671363680747,0,0.0,0.0,0.007031671363680747,0.779799631993763,0.2384817378849371
2006-09-13,0.0007504690783741788,0,0.0,0.0,0.0007504690783741788,0.779799631993763,0.23866077822869453
2006-09-14,0.0029962569232344855,0,0.0,0.0,0.0029962569232344855,0.779799631993763,0.23937693960372436
2006-09-15,2.4931407465982133e-06,0,0.0,0.0,2.4931407465982133e-06,0.779799631993763,0.23937753640487022
2006-09-18,-0.006505767686483996,0,0.0,-0.0,-0.006505767686483996,0.779799631993763,0.23782525662449305
2006-09-19,0.014449678416455506,0,0.0,0.0,0.014449678416455506,0.779799631993763,0.24128670327047066
2006-09-20,-0.006202724265891136,0,0.0,-0.0,-0.006202724265891136,0.779799631993763,0.23979470040582518
2006-09-21,-0.0077451979935247986,0,0.0,-0.0,-0.0077451979935247986,0.779799631993763,0.23794461685366472
2006-09-22,0.017404715825092246,0,0.0,0.0,0.017404715825092246,0.779799631993763,0.24212222487467214
2006-09-25,0.004917639612806167,0,0.0,0.0,0.004917639612806167,0.779799631993763,0.24331582716638853
2006-09-26,-0.0012271445888948,0,0.0,-0.0,-0.0012271445888948,0.779799631993763,0.24301742659345943
2006-09-27,0.0026977330892170867,0,0.0,0.0,0.0026977330892170867,0.779799631993763,0.24367390785390344
2006-09-28,-0.004418269337664777,0,0.0,-0.0,-0.004418269337664777,0.779799631993763,0.24259966579135867
2006-09-29,-0.012625492625627456,1,0.0005,-0.013125492625627457,-0.012625492625627456,0.7696312561281221,0.23955597994748185
2006-10-02,0.004226233760882333,1,0.0,0.004226233760882333,0.004226233760882333,0.7728907806309069,0.24057054189544078
2006-10-03,0.024262922837912603,0,0.0005,-0.0005,0.024262922837912603,0.7725044318358391,0.24647887323943693
2006-10-04,0.004830927269665592,0,0.0,0.0,0.004830927269665592,0.7725044318358391,0.24767247553115335
2006-10-05,-0.002171029679176772,0,0.0,-0.0,-0.002171029679176772,0.7725044318358391,0.24713535449988094
2006-10-06,0.003375123743981314,0,0.0,0.0,0.003375123743981314,0.7725044318358391,0.24797087610408244
2006-10-09,0.0016832996640311186,0,0.0,0.0,0.0016832996640311186,0.7725044318358391,0.24838863690618315
2006-10-10,-0.0019240025175221252,0,0.0,-0.0,-0.0019240025175221252,0.7725044318358391,0.24791119598949657
2006-10-11,0.01647405049788601,1,0.0005,0.01597405049788601,0.01647405049788601,0.7849435436333049,0.25202912389591814
2006-10-12,0.004724790268381246,0,0.0005,-0.0005,0.004724790268381246,0.7845511699630802,0.2532227261876346
2006-10-13,0.00047125354312288855,1,0.0005,-2.874645687711146e-05,0.00047125354312288855,0.7845286172208622,0.2533420864168062
2006-10-16,-0.010657294473988093,1,0.0,-0.010657294473988093,-0.010657294473988093,0.7762120594411357,0.2506564812604443
2006-10-17,-0.004773278752657771,0,0.0005,-0.0005,-0.004773278752657771,0.7758240504217535,0.2494628789687279
2006-10-18,0.0023894873973814854,0,0.0,0.0,0.0023894873973814854,0.7758240504217535,0.2500596801145861
2006-10-19,0.0023837913552761975,1,0.0005,0.0018837913552761975,0.0023837913552761975,0.7772869184976681,0.2506564812604443
2006-10-20,0.0101860409308651,0,0.0005,-0.0005,0.0101860409308651,0.7768983721830927,0.2532227261876346
2006-10-23,-0.007095583223308217,0,0.0,-0.0,-0.007095583223308217,0.7768983721830927,0.25143232275006
2006-10-24,0.0070955832233082754,0,0.0,0.0,0.0070955832233082754,0.7768983721830927,0.2532227261876346
2006-10-25,0.009149623947303273,0,0.0,0.0,0.009149623947303273,0.7768983721830927,0.25555025065648157
2006-10-26,-0.01434812336712929,0,0.0,-0.0,-0.01434812336712929,0.7768983721830927,0.25190976366674656
2006-10-27,0.0063762171392758435,0,0.0,0.0,0.0063762171392758435,0.7768983721830927,0.25352112676056365
2006-10-30,0.0023512825316499876,0,0.0,0.0,0.0023512825316499876,0.7768983721830927,0.2541179279064219
2006-10-31,-0.013715041181965123,0,0.0,-0.0,-0.013715041181965123,0.7768983721830927,0.2506564812604443
2006-11-01,0.0009519277253821558,0,0.0,0.0,0.0009519277253821558,0.7768983721830927,0.25089520171878765
2006-11-02,-0.002619984826079058,1,0.0005,-0.003119984826079058,-0.002619984826079058,0.7744782384040029,0.2502387204583436
2006-11-03,0.014443248589419758,1,0.0,0.014443248589419758,0.014443248589419758,0.7857453914072569,0.2538792074480786
2006-11-06,0.006793981855188358,0,0.0005,-0.0005,0.006793981855188358,0.7853526169133596,0.25560993077106736
2006-11-07,0.004658755223228721,0,0.0,0.0,0.004658755223228721,0.7853526169133596,0.25680353306278375
2006-11-08,-0.005359444262757211,0,0.0,-0.0,-0.005359444262757211,0.7853526169133596,0.2554308904273099
2006-11-09,0.00535944426275728,1,0.0005,0.00485944426275728,0.00535944426275728,0.7891782819565517,0.2568035330627838
2006-11-10,0.009943427977775287,1,0.0,0.009943427977775287,0.009943427977775287,0.7970645627197708,0.25936977798997407
2006-11-13,0.010756483159404676,0,0.0005,-0.0005,0.010756483159404676,0.7966661300548777,0.2621747433755076
2006-11-14,0.004089056129160137,0,0.0,0.0,0.004089056129160137,0.7966661300548777,0.2632489854380524
2006-11-15,0.004298162934241617,0,0.0,0.0,0.004298162934241617,0.7966661300548777,0.26438290761518296
2006-11-16,0.0,1,0.0005,-0.0005,0.0,0.7962678965565214,0.26438290761518296
2006-11-17,0.0020295417948539567,1,0.0,0.0020295417948539567,0.0020295417948539567,0.7978855965720991,0.26492002864645536
2006-11-20,0.0013507431139696668,1,0.0,0.0013507431139696668,0.0013507431139696668,0.7989640632491507,0.2652781093339703
2006-11-21,0.006279455484843101,0,0.0005,-0.0005,0.006279455484843101,0.7985646810713911,0.2669491525423732
2006-11-22,-0.0017901101222486501,1,0.0005,-0.00229011012224865,-0.0017901101222486501,0.7967379724922665,0.26647171162568667
2006-11-24,-0.02242195620071022,0,0.0005,-0.0005,-0.02242195620071022,0.7963397030816703,0.2605633802816905
2006-11-27,0.002516300081006186,1,0.0005,0.002016300081006186,0.002516300081006186,0.7979469827240105,0.26121986154213456
2006-11-28,0.006830627651091556,1,0.0,0.006830627651091556,0.006830627651091556,0.8034161190003916,0.26301026497970914
2006-11-29,-0.000680966999416458,0,0.0005,-0.0005,-0.000680966999416458,0.8030145113511705,0.26283122463595165
2006-11-30,-0.00866596073268145,0,0.0,-0.0,-0.00866596073268145,0.8030145113511705,0.2605633802816904
2006-12-01,0.013648983501105692,1,0.0005,0.013148983501105691,0.013648983501105692,0.8136430600825477,0.2641441871568396
2006-12-04,0.00360848384337776,0,0.0005,-0.0005,0.00360848384337776,0.8132363402409402,0.2650990689902128
2006-12-05,-0.0036084838433779205,1,0.0005,-0.004108483843377921,-0.0036084838433779205,0.8099020260543618,0.2641441871568396
2006-12-06,-0.012733232521359045,1,0.0,-0.012733232521359045,-0.012733232521359045,0.7996547342651517,0.26080210074003374
2006-12-07,0.004566217979581184,1,0.0,0.004566217979581184,0.004566217979581184,0.8033144813327266,0.2619957030317501
2006-12-08,0.0036380212930714837,0,0.0005,-0.0005,0.0036380212930714837,0.8029129244896369,0.2629505848651233
2006-12-11,-0.005918523991796729,1,0.0005,-0.006418523991796729,-0.005918523991796729,0.7977759122745225,0.261398901885892
2006-12-12,0.0018248180246291173,0,0.0005,-0.0005,0.0018248180246291173,0.797377124023756,0.26187634280257854
2006-12-13,0.011104929983788552,1,0.0005,0.010604929983788551,0.011104929983788552,0.8058782498439717,0.2648006684172837
2006-12-14,0.0013513515569989558,0,0.0005,-0.0005,0.0013513515569989558,0.8054754114370439,0.26515874910479864
2006-12-15,-0.009952581587188638,0,0.0,-0.0,-0.009952581587188638,0.8054754114370439,0.2625328240630226
2006-12-18,-0.0031876165424363154,0,0.0,-0.0,-0.0031876165424363154,0.8054754114370439,0.26169730245882117
2006-12-19,-0.003655475854847659,0,0.0,-0.0,-0.003655475854847659,0.8054754114370439,0.260742420625448
2006-12-20,-0.007120737564616054,1,0.0005,-0.007620737564616054,-0.007120737564616054,0.7993604246607338,0.25889233707328757
2006-12-21,-0.010427623162259163,1,0.0,-0.010427623162259163,-0.010427623162259163,0.7910683040729668,0.25620673191692567
2006-12-22,0.004184106522574091,1,0.0,0.004184106522574091,0.004184106522574091,0.7943851523080736,0.2572809739794705
2006-12-26,0.005090246992774847,1,0.0,0.005090246992774847,0.005090246992774847,0.7984390779287598,0.25859393650035856
2006-12-27,-0.004858309151076295,1,0.0,-0.004858309151076295,-0.004858309151076295,0.7945694216544685,0.2573406540940563
2006-12-28,0.0009272137891922675,1,0.0,0.0009272137891922675,0.0009272137891922675,0.7953064990400479,0.2575793745523996
2006-12-29,0.0018518523810737264,1,0.0,0.0018518523810737264,0.0018518523810737264,0.7967806538112066,0.2580568154690862
2007-01-03,0.01878634860318946,0,0.0005,-0.0005,0.01878634860318946,0.7963823630652851,0.2629505848651234
2007-01-04,-0.004777622556005072,0,0.0,-0.0,-0.004777622556005072,0.7963823630652851,0.2616973024588212
2007-01-05,0.0006839165888375561,0,0.0,0.0,0.0006839165888375561,0.7963823630652851,0.26187634280257865
2007-01-08,0.005001147045770752,1,0.0005,0.004501147045770752,0.005001147045770752,0.7999750767866836,0.2631893053234667
2007-01-09,0.011722406551586042,0,0.0005,-0.0005,0.011722406551586042,0.7995751892285108,0.2662926712819293
2007-01-10,0.010256500167189061,0,0.0,0.0,0.010256500167189061,0.7995751892285108,0.269037956552877
2007-01-11,0.005089069507471449,0,0.0,0.0,0.005089069507471449,0.7995751892285108,0.2704105991883509
2007-01-12,-0.0006623247841193517,0,0.0,-0.0,-0.0006623247841193517,0.7995751892285108,0.27023155884459343
2007-01-16,-0.008204946795280874,0,0.0,-0.0,-0.008204946795280874,0.7995751892285108,0.2680233946049181
2007-01-17,-0.018654322254987563,0,0.0,-0.0,-0.018654322254987563,0.7995751892285108,0.26306994509429504
2007-01-18,0.0020396607637760437,0,0.0,0.0,0.0020396607637760437,0.7995751892285108,0.2636070661255674
2007-01-19,-0.010926582645090721,1,0.0005,-0.011426582645090722,-0.010926582645090721,0.790490777979109,0.26074242062544806
2007-01-22,-0.002520913446870685,1,0.0,-0.002520913446870685,-0.002520913446870685,0.7885005288242063,0.260085939365004
2007-01-23,0.01638634753461614,0,0.0005,-0.0005,0.01638634753461614,0.7881063771059352,0.26438290761518307
2007-01-24,-0.012950311626260733,0,0.0,-0.0,-0.012950311626260733,0.7881063771059352,0.26098114108379133
2007-01-25,-0.003665525295478394,1,0.0005,-0.004165525295478394,-0.003665525295478394,0.7848303280262845,0.2600262592504182
2007-01-26,0.0009176417253243342,1,0.0,0.0009176417253243342,0.0009176417253243342,0.7855508516232791,0.26026497970876145
2007-01-29,0.0004585052808433116,1,0.0,0.0004585052808433116,0.0004585052808433116,0.7859111134217764,0.26038433993793314
2007-01-30,0.010034291718377423,0,0.0005,-0.0005,0.010034291718377423,0.7855182560875836,0.2630102649797092
2007-01-31,-0.001135202755579907,0,0.0,-0.0,-0.001135202755579907,0.7855182560875836,0.2627118644067801
2007-02-01,0.003175325870524072,0,0.0,0.0,0.003175325870524072,0.7855182560875836,0.26354738601098154
2007-02-02,-0.0009062075835380977,1,0.0005,-0.0014062075835380976,-0.0009062075835380977,0.7844144306446139,0.26330866555263827
2007-02-05,-0.0015878420031131587,1,0.0,-0.0015878420031131587,-0.0015878420031131587,0.78316989279001,0.26289090475053756
2007-02-06,0.009264556153862187,0,0.0005,-0.0005,0.009264556153862187,0.7827784057235376,0.26533778944855624
2007-02-07,-0.0002249465761368821,1,0.0005,-0.0007249465761368821,-0.0002249465761368821,0.7822111388423699,0.26527810933397045
2007-02-08,-0.013818319320153457,1,0.0,-0.013818319320153457,-0.013818319320153457,0.7714766327750169,0.2616376223442354
2007-02-09,-0.0031985405382156584,0,0.0005,-0.0005,-0.0031985405382156584,0.771090990877138,0.26080210074003396
2007-02-12,0.0036546408881976138,1,0.0005,0.0031546408881976138,0.0036546408881976138,0.7735273469392036,0.26175698257340707
2007-02-13,0.016731116036276316,1,0.0,0.016731116036276316,0.016731116036276316,0.7865781959299699,0.26617331105275777
2007-02-14,0.005812670066043914,0,0.0005,-0.0005,0.005812670066043914,0.7861850051378945,0.2677249940319891
2007-02-15,-0.003349338846173001,0,0.0,-0.0,-0.003349338846173001,0.7861850051378945,0.26682979231320186
2007-02-16,-0.000671216044889362,1,0.0005,-0.0011712160448893619,-0.000671216044889362,0.7852647516586418,0.2666507519694444
2007-02-20,0.011349849222188324,1,0.0,0.011349849222188324,0.011349849222188324,0.7942281586269925,0.2696944378133212
2007-02-21,0.005076713254224255,1,0.0,0.005076713254224255,0.005076713254224255,0.798270479416641,0.2710670804487951
2007-02-22,-0.003528896472021179,0,0.0005,-0.0005,-0.003528896472021179,0.797871443944114,0.2701121986154219
2007-02-23,-0.004872656373956347,0,0.0,-0.0,-0.004872656373956347,0.797871443944114,0.2687992360945339
2007-02-26,-0.0419419968588252,0,0.0,-0.0,-0.0419419968588252,0.797871443944114,0.25775841489615714
2007-02-27,0.0032362487792083248,0,0.0,0.0,0.0032362487792083248,0.797871443944114,0.25859393650035867
2007-02-28,-0.004626425092066137,0,0.0,-0.0,-0.004626425092066137,0.797871443944114,0.2574003342086423
2007-03-01,-0.015185433726068457,0,0.0,-0.0,-0.015185433726068457,0.797871443944114,0.25352112676056393
2007-03-02,-0.007798692485818872,0,0.0,-0.0,-0.007798692485818872,0.797871443944114,0.2515516829792319
2007-03-05,0.016470960595924497,1,0.0005,0.015970960595924497,0.016470960595924497,0.8107165183915903,0.2557292910002394
2007-03-06,-0.003975218610236224,0,0.0005,-0.0005,-0.003975218610236224,0.8103112614550716,0.25471472905228043
2007-03-07,0.006771771353350999,0,0.0,0.0,0.006771771353350999,0.8103112614550716,0.25644545237526917
2007-03-08,-0.0009313155504344906,0,0.0,-0.0,-0.0009313155504344906,0.8103112614550716,0.2562067319169259
2007-03-09,0.00650106770737251,0,0.0,0.0,0.00650106770737251,0.8103112614550716,0.25787777512532883
2007-03-12,-0.019631385305374085,0,0.0,-0.0,-0.019631385305374085,0.8103112614550716,0.25286464550011994
2007-03-13,0.014526965869722352,0,0.0,0.0,0.014526965869722352,0.8103112614550716,0.25656481260444075
2007-03-14,-0.0023288319794011027,0,0.0,-0.0,-0.0023288319794011027,0.8103112614550716,0.25596801145858256
2007-03-15,-0.0013999069015095513,0,0.0,-0.0,-0.0013999069015095513,0.8103112614550716,0.25560993077106764
2007-03-16,0.010220762609513946,0,0.0,0.0,0.010220762609513946,0.8103112614550716,0.25823585581284375
2007-03-19,0.00713877527968029,0,0.0,0.0,0.00713877527968029,0.8103112614550716,0.2600859393650041
2007-03-20,0.019091488949807712,0,0.0,0.0,0.019091488949807712,0.8103112614550716,0.26509906899021307
2007-03-21,-0.0036084838433779205,0,0.0,-0.0,-0.0036084838433779205,0.8103112614550716,0.2641441871568399
2007-03-22,-0.00316814023760194,1,0.0005,-0.00366814023760194,-0.00316814023760194,0.807344370923903,0.26330866555263843
2007-03-23,0.0040714826657883,1,0.0,0.0040714826657883,0.0040714826657883,0.8106381602885064,0.2643829076151832
2007-03-26,-0.0070223416904615045,0,0.0005,-0.0005,-0.0070223416904615045,0.810232942521246,0.2625328240630228
2007-03-27,-0.010741732812941204,0,0.0,-0.0,-0.010741732812941204,0.810232942521246,0.25972785867748927
2007-03-28,0.0011482375816634018,0,0.0,0.0,0.0011482375816634018,0.810232942521246,0.26002625925041833
2007-03-29,-0.0009184845651445755,0,0.0,-0.0,-0.0009184845651445755,0.810232942521246,0.259787538792075
2007-03-30,0.0013774106860950765,0,0.0,0.0,0.0013774106860950765,0.810232942521246,0.26014561947959
2007-04-02,0.012991635718538397,1,0.0005,0.012491635718538396,0.012991635718538397,0.8204175560933211,0.26354738601098165
2007-04-03,0.004067802219325748,0,0.0005,-0.0005,0.004067802219325748,0.8200074498503791,0.26462162807352646
2007-04-04,0.004949391430863064,1,0.0005,0.0044493914308630644,0.004949391430863064,0.8236641129010053,0.2659345905944145
2007-04-05,-0.002471633659115004,1,0.0,-0.002471633659115004,-0.002471633659115004,0.8216308307551544,0.26527810933397045
2007-04-09,0.005161012241086353,1,0.0,0.005161012241086353,0.005161012241086353,0.8258822388782969,0.26665075196944427
2007-04-10,-0.010574966362848144,1,0.0,-0.010574966362848144,-0.010574966362848144,0.8171945788005709,0.2638457865839108
2007-04-11,0.007885587780876772,0,0.0005,-0.0005,0.007885587780876772,0.8167860836434702,0.2659345905944145
2007-04-12,0.0020177117034793153,0,0.0,0.0,0.0020177117034793153,0.8167860836434702,0.26647171162568684
2007-04-13,0.009140627681590343,0,0.0,0.0,0.009140627681590343,0.8167860836434702,0.2689185963237055
2007-04-16,0.002216804277362675,1,0.0005,0.001716804277362675,0.002216804277362675,0.8181895498792613,0.26951539746956366
2007-04-17,-0.003327051976619871,1,0.0,-0.003327051976619871,-0.003327051976619871,0.8154719140847112,0.26862019575077634
2007-04-18,0.0031055925581530666,1,0.0,0.0031055925581530666,0.0031055925581530666,0.8180083741596247,0.2694557173549778
2007-04-19,0.005521825184307947,0,0.0005,-0.0005,0.005521825184307947,0.8175994722065519,0.2709477202196233
2007-04-20,0.0015406627896170032,0,0.0,0.0,0.0015406627896170032,0.8175994722065519,0.27136548102172414
2007-04-23,0.0050455300632398295,1,0.0005,0.004545530063239829,0.0050455300632398295,0.8213243545559306,0.272738123657198
2007-04-24,0.013259622592501512,0,0.0005,-0.0005,0.013259622592501512,0.8209137950270882,0.27637861064693303
2007-04-25,0.005169083230415319,0,0.0,0.0,0.005169083230415319,0.8209137950270882,0.2778109333969927
2007-04-26,0.00042955327120979415,0,0.0,0.0,0.00042955327120979415,0.8209137950270882,0.2779302936261643
2007-04-27,-0.013185104013730919,0,0.0,-0.0,-0.013185104013730919,0.8209137950270882,0.27428980663642927
2007-04-30,-0.0009795919150694036,0,0.0,-0.0,-0.0009795919150694036,0.8209137950270882,0.27402124612079304
2007-05-01,0.010938539780805539,0,0.0,0.0,0.010938539780805539,0.8209137950270882,0.27703509190737696
2007-05-02,0.0036555249824144743,0,0.0,0.0,0.0036555249824144743,0.8209137950270882,0.2780496538553359
2007-05-03,0.0008581849915241874,0,0.0,0.0,0.0008581849915241874,0.8209137950270882,0.2782883743136792
2007-05-04,0.0,0,0.0,0.0,0.0,0.8209137950270882,0.2782883743136792
2007-05-07,0.002142245892105092,1,0.0005,0.0016422458921050921,0.002142245892105092,0.8222630449315596,0.27888517545953734
2007-05-08,0.0021376664831155956,0,0.0005,-0.0005,0.0021376664831155956,0.821852016174846,0.27948197660539553
2007-05-09,-0.013760698752936418,0,0.0,-0.0,-0.013760698752936418,0.821852016174846,0.27566244927190303
2007-05-10,0.012692436713519103,0,0.0,0.0,0.012692436713519103,0.821852016174846,0.27918357603246646
2007-05-11,-0.006864033813769938,0,0.0,-0.0,-0.006864033813769938,0.821852016174846,0.2772738123657202
2007-05-14,-0.007778777339660231,0,0.0,-0.0,-0.007778777339660231,0.821852016174846,0.2751253282406307
2007-05-15,0.00971405372047307,1,0.0005,0.00921405372047307,0.00971405372047307,0.8294595993192431,0.27781093339699253
2007-05-16,-0.004737304294519053,0,0.0005,-0.0005,-0.004737304294519053,0.8290449731847551,0.2764979708761045
2007-05-17,0.008168575085459635,0,0.0,0.0,0.008168575085459635,0.8290449731847551,0.27876581523036564
2007-05-18,0.006402070522022409,0,0.0,0.0,0.006402070522022409,0.8290449731847551,0.2805562186679402
2007-05-21,0.0008505209953494489,0,0.0,0.0,0.0008505209953494489,0.8290449731847551,0.28079493912628356
2007-05-22,-0.00468684283593826,1,0.0005,-0.00518684283593826,-0.00468684283593826,0.8247559799874227,0.2794819766053955
2007-05-23,-0.01441040099560635,0,0.0005,-0.0005,-0.01441040099560635,0.8243437050747462,0.27548340892814555
2007-05-24,0.006262843060003515,1,0.0005,0.0057628430600035144,0.006262843060003515,0.829107983182834,0.27721413225113434
2007-05-25,0.00772039005213177,0,0.0005,-0.0005,0.00772039005213177,0.8286935328124695,0.27936261637622395
2007-05-29,0.008085150426316932,0,0.0,0.0,0.008085150426316932,0.8286935328124695,0.2816304607304851
2007-05-30,0.00465117117573088,0,0.0,0.0,0.00465117117573088,0.8286935328124695,0.2829434232513731
2007-05-31,0.0006325777754430376,0,0.0,0.0,0.0006325777754430376,0.8286935328124695,0.2831224635951306
2007-06-01,0.0029488519065461985,0,0.0,0.0,0.0029488519065461985,0.8286935328124695,0.2839585820004779
2007-06-04,-2.1017212046759496e-06,1,0.0005,-0.000502101721204676,-2.1017212046759496e-06,0.8282775488051756,0.283957985199332
2007-06-05,-0.01077664946176067,0,0.0005,-0.0005,-0.01077664946176067,0.827863513548213,0.2809142993554552
2007-06-06,-0.015632494374032243,0,0.0,-0.0,-0.015632494374032243,0.827863513548213,0.27655705418954446
2007-06-07,0.012227511301347912,1,0.0005,0.011727511301347911,0.012227511301347912,0.837629445368076,0.2799594175220821
2007-06-08,-0.0019204102776018725,0,0.0005,-0.0005,-0.0019204102776018725,0.8372107353316243,0.27942229649080974
2007-06-11,-0.00599830418861911,1,0.0005,-0.00649830418861911,-0.00599830418861911,0.8317879239253403,0.27775125328240674
2007-06-12,0.010898708157242979,1,0.0,0.010898708157242979,0.010898708157242979,0.8409029183645738,0.28079493912628356
2007-06-13,0.006567124544361664,0,0.0005,-0.0005,0.006567124544361664,0.8404825720007396,0.282645022678444
2007-06-14,0.007782140442054949,1,0.0005,0.007282140442054949,0.007782140442054949,0.8466254235369087,0.2848531869181194
2007-06-15,0.0008376963840654375,1,0.0,0.0008376963840654375,0.0008376963840654375,0.8473349357292717,0.2850919073764627
2007-06-18,-0.00020935831752390147,1,0.0,-0.00020935831752390147,-0.00020935831752390147,0.847157557681181,0.2850322272618768
2007-06-19,-0.009466779441289883,1,0.0,-0.009466779441289883,-0.009466779441289883,0.8391755455170995,0.2823466221055149
2007-06-20,0.009047931267627325,0,0.0005,-0.0005,0.009047931267627325,0.8387560626238035,0.2849128670327052
2007-06-21,-0.00947076425489968,0,0.0,-0.0,-0.00947076425489968,0.8387560626238035,0.2822272618763433
2007-06-22,-0.004238192400321148,0,0.0,-0.0,-0.004238192400321148,0.8387560626238035,0.2810336595846269
2007-06-25,-0.0057502021926986065,0,0.0,-0.0,-0.0057502021926986065,0.8387560626238035,0.27942229649080974
2007-06-26,0.015260999869283195,1,0.0005,0.014760999869283194,0.015260999869283195,0.8512287690944969,0.2837192647409888
2007-06-27,-0.0004207868776582507,0,0.0005,-0.0005,-0.0004207868776582507,0.850803261095814,0.28359990451181716
2007-06-28,0.00168208618298488,1,0.0005,0.00118208618298488,0.00168208618298488,0.8518095785349845,0.28407734542850377
2007-06-29,0.008576561305474633,0,0.0005,-0.0005,0.008576561305474633,0.8513837802041705,0.2865242301265224
2007-07-02,0.006229256023466334,1,0.0005,0.005729256023466333,0.006229256023466334,0.856275575648608,0.288314633564097
2007-07-03,0.007218758789061113,1,0.0,0.007218758789061113,0.007218758789061113,0.8624791867327937,0.29040343757460063
2007-07-05,0.004101728474217874,0,0.0005,-0.0005,0.004101728474217874,0.8620480549313595,0.2915970398663171
2007-07-06,0.0006138107609598871,0,0.0,0.0,0.0006138107609598871,0.8620480549313595,0.29177608021007456
2007-07-09,-0.008421534829495286,0,0.0,-0.0,-0.008421534829495286,0.8620480549313595,0.2893291955120559
2007-07-10,0.006783868137997171,0,0.0,0.0,0.006783868137997171,0.8620480549313595,0.291298639293388
2007-07-11,0.015248846861885492,0,0.0,0.0,0.015248846861885492,0.8620480549313595,0.29577464788732444
2007-07-12,0.006836945996531244,0,0.0,0.0,0.006836945996531244,0.8620480549313595,0.2978037717832423
2007-07-13,-0.00100250634962559,1,0.0005,-0.00150250634962559,-0.00100250634962559,0.8607537948156492,0.29750537121031323
2007-07-16,0.007593961354105847,1,0.0,0.007593961354105847,0.007593961354105847,0.8673152078954874,0.29977321556457437
2007-07-17,-0.0011952192657916098,0,0.0005,-0.0005,-0.0011952192657916098,0.8668816586878739,0.2994151348770595
2007-07-18,0.0029853738960234064,0,0.0,0.0,0.0029853738960234064,0.8668816586878739,0.3003103365958468
2007-07-19,-0.0053801066309555464,0,0.0,-0.0,-0.0053801066309555464,0.8668816586878739,0.2986989735020296
2007-07-20,0.00039952058062392757,0,0.0,0.0,0.00039952058062392757,0.8668816586878739,0.2988183337312013
2007-07-23,-0.014889611096206557,0,0.0,-0.0,-0.014889611096206557,0.8668816586878739,0.2944020052518507
2007-07-24,0.001418008948229849,1,0.0005,0.0009180089482298489,0.001418008948229849,0.867677829197518,0.2948197660539514
2007-07-25,-0.00853837266985521,1,0.0,-0.00853837266985521,-0.00853837266985521,0.8603008112164864,0.2923132012413469
2007-07-26,-0.020419395653867453,1,0.0,-0.020419395653867453,-0.020419395653867453,0.8429121259754836,0.28640486989735076
2007-07-27,0.011601538867179578,0,0.0005,-0.0005,0.011601538867179578,0.8424907752589531,0.28974695631415665
2007-07-30,-0.02123310411141581,0,0.0,-0.0,-0.02123310411141581,0.8424907752589531,0.283659584626403
2007-07-31,0.007754413790951491,0,0.0,0.0,0.007754413790951491,0.8424907752589531,0.28586774886607835
2007-08-01,0.009143870858467549,0,0.0,0.0,0.009143870858467549,0.8424907752589531,0.28849367390785446
2007-08-02,-0.019215294638077588,0,0.0,-0.0,-0.019215294638077588,0.8424907752589531,0.28300310336595896
2007-08-03,0.011531734876713082,0,0.0,0.0,0.011531734876713082,0.8424907752589531,0.286285509668179
2007-08-06,0.00706276305234292,0,0.0,0.0,0.00706276305234292,0.8424907752589531,0.288314633564097
2007-08-07,0.010911070676188638,0,0.0,0.0,0.010911070676188638,0.8424907752589531,0.29147767963714544
2007-08-08,-0.023408629714488358,0,0.0,-0.0,-0.023408629714488358,0.8424907752589531,0.2847338266889477
2007-08-09,-0.009053646430172911,0,0.0,-0.0,-0.009053646430172911,0.8424907752589531,0.28216758176175744
2007-08-10,0.006745388139531655,0,0.0,0.0,0.006745388139531655,0.8424907752589531,0.2840773454285037
2007-08-13,-0.01716325635924945,0,0.0,-0.0,-0.01716325635924945,0.8424907752589531,0.27924325614705225
2007-08-14,-0.019204387811625416,1,0.0005,-0.019704387811625416,-0.019204387811625416,0.8260524952784579,0.2739317259489143
2007-08-15,-0.007874056430905883,0,0.0005,-0.0005,-0.007874056430905883,0.8256395722701734,0.27178324182382474
2007-08-16,0.016766859857067107,1,0.0005,0.016266859857067106,0.016766859857067107,0.8391799667580241,0.2763786106469329
2007-08-17,0.004739345363896568,0,0.0005,-0.0005,0.004739345363896568,0.8387604816546602,0.277691573167821
2007-08-20,0.01047577725536633,0,0.0,0.0,0.01047577725536633,0.8387604816546602,0.2806158987825262
2007-08-21,0.013519428558672516,0,0.0,0.0,0.013519428558672516,0.8387604816546602,0.2844354261160187
2007-08-22,-0.0027313810446779174,1,0.0005,-0.0032313810446779174,-0.0027313810446779174,0.8360545013146191,0.28365958462640306
2007-08-23,0.01399793043063657,1,0.0,0.01399793043063657,0.01399793043063657,0.8478398267065989,0.287658152303653
2007-08-24,-0.006661140366782199,0,0.0005,-0.0005,-0.006661140366782199,0.8474160127555628,0.28574838863690677
2007-08-27,-0.02409755157906053,1,0.0005,-0.02459755157906053,-0.02409755157906053,0.826825924690474,0.2789448555741233
2007-08-28,0.028265961116240083,0,0.0005,-0.0005,0.028265961116240083,0.8264126150641459,0.28694199092862316
2007-08-29,0.005186195630040668,1,0.0005,0.004686195630040668,0.005186195630040668,0.8302944346285435,0.28843399379326873
2007-08-30,0.011111225425070629,0,0.0005,-0.0005,0.011111225425070629,0.829879391180738,0.291656719980903
2007-08-31,0.01643872634315994,0,0.0,0.0,0.01643872634315994,0.829879391180738,0.29649080926235444
2007-09-04,-0.010115400837176863,0,0.0,-0.0,-0.010115400837176863,0.829879391180738,0.2935068035330634
2007-09-05,-0.0008136696950133879,1,0.0005,-0.001313669695013388,-0.0008136696950133879,0.8287899195336484,0.2932680830747202
2007-09-06,-0.018692133012152633,0,0.0005,-0.0005,-0.018692133012152633,0.8283756281553573,0.28783719264741053
2007-09-07,-0.0006222130243257605,0,0.0,-0.0,-0.0006222130243257605,0.8283756281553573,0.2876581523036531
2007-09-10,0.01503168424447752,0,0.0,0.0,0.01503168424447752,0.8283756281553573,0.29201480066841795
2007-09-11,0.00020435271349340372,0,0.0,0.0,0.00020435271349340372,0.8283756281553573,0.29207448078300374
2007-09-12,0.004891978773521031,0,0.0,0.0,0.004891978773521031,0.8283756281553573,0.2935068035330635
2007-09-13,0.000813008174863347,0,0.0,0.0,0.000813008174863347,0.8283756281553573,0.2937455239914068
2007-09-14,-0.008364835063853653,1,0.0005,-0.008864835063853653,-0.008364835063853653,0.8210646679468185,0.2912986392933882
2007-09-17,0.025287076104572113,1,0.0,0.025287076104572113,0.025287076104572113,0.8420917286912055,0.2987586536166157
2007-09-18,0.0021949524925334307,1,0.0,0.0021949524925334307,0.0021949524925334307,0.8439421100367115,0.2994151348770598
2007-09-19,-0.002794412996047946,0,0.0005,-0.0005,-0.002794412996047946,0.843520244456877,0.29857961327285826
2007-09-20,0.006574383676032716,0,0.0,0.0,0.006574383676032716,0.843520244456877,0.3005490570541903
2007-09-21,0.0045567191276983604,0,0.0,0.0,0.0045567191276983604,0.843520244456877,0.3019216996896642
2007-09-24,0.009443312355707788,0,0.0,0.0,0.009443312355707788,0.843520244456877,0.3047863451897836
2007-09-25,0.004883299087883146,0,0.0,0.0,0.004883299087883146,0.843520244456877,0.30627834805442905
2007-09-26,0.005053460705762937,1,0.0005,0.004553460705762936,0.005053460705762937,0.8473699388088781,0.30783003103366036
2007-09-27,-0.0033012943857855153,1,0.0,-0.0033012943857855153,-0.0033012943857855153,0.8445771336596436,0.30681546908570134
2007-09-28,0.011411012514014204,1,0.0,0.011411012514014204,0.011411012514014204,0.8542698103540454,0.3103365958462648
2007-10-01,0.00019228920355365755,0,0.0005,-0.0005,0.00019228920355365755,0.8538427822147996,0.31039627596085057
2007-10-02,-0.0069458122193335374,1,0.0005,-0.007445812219333537,-0.0069458122193335374,0.8475088391318498,0.30824779183576106
2007-10-03,0.0023206353481624678,0,0.0005,-0.0005,0.0023206353481624678,0.8470851906332346,0.3089639532107909
2007-10-04,0.020041210793014082,0,0.0,0.0,0.020041210793014082,0.8470851906332346,0.31521842921938487
2007-10-05,0.006266063081132855,0,0.0,0.0,0.006266063081132855,0.8470851906332346,0.3171998090236341
2007-10-08,0.004319912547475774,1,0.0005,0.0038199125474757743,0.004319912547475774,0.8503271700785227,0.3185730484602538
2007-10-09,0.002430534987780673,0,0.0005,-0.0005,0.002430534987780673,0.8499021127666667,0.31934829314872365
2007-10-10,-0.016012398255049902,0,0.0,-0.0,-0.016012398255049902,0.8499021127666667,0.3142754834089289
2007-10-11,0.01638609033712675,0,0.0,0.0,0.01638609033712675,0.8499021127666667,0.3194676533778953
2007-10-12,-0.007688739237111573,0,0.0,-0.0,-0.007688739237111573,0.8499021127666667,0.3170207686798766
2007-10-15,-0.004717434920819596,0,0.0,-0.0,-0.004717434920819596,0.8499021127666667,0.3155287658152311
2007-10-16,0.012779726646399021,0,0.0,0.0,0.012779726646399021,0.8499021127666667,0.31958701360706687
2007-10-17,0.004285853946960821,0,0.0,0.0,0.004285853946960821,0.8499021127666667,0.3209596562425407
2007-10-18,-0.025231991945219554,0,0.0,-0.0,-0.025231991945219554,0.8499021127666667,0.31296252088804083
2007-10-19,0.011942137944304605,1,0.0005,0.011442137944304605,0.011942137944304605,0.8596826584489574,0.3167223681069475
2007-10-22,0.020700039817145483,0,0.0005,-0.0005,0.020700039817145483,0.8592529245621574,0.3233468608259735
2007-10-23,-0.0075961458353622805,0,0.0,-0.0,-0.0075961458353622805,0.8592529245621574,0.3208999761279549
2007-10-24,-0.013480825761594695,1,0.0005,-0.013980825761594696,-0.013480825761594695,0.847323445437416,0.31660300787777584
2007-10-25,0.01645204428914358,1,0.0,0.01645204428914358,0.01645204428914358,0.8613789521666323,0.32185485796132807
2007-10-26,0.004255719254883835,0,0.0005,-0.0005,0.004255719254883835,0.8609483703449748,0.3232275005968019
2007-10-29,0.001844678626766095,1,0.0005,0.001344678626766095,0.001844678626766095,0.8621068479327934,0.32382430174266
2007-10-30,0.014091183840881793,1,0.0,0.014091183840881793,0.014091183840881793,0.874340948060111,0.3284196705657682
2007-10-31,-0.018894444507393124,0,0.0005,-0.0005,-0.018894444507393124,0.8739038868604863,0.3222726187634287
2007-11-01,0.007747686790825957,0,0.0,0.0,0.007747686790825957,0.8739038868604863,0.3247791835760332
2007-11-02,-0.006452229961186787,0,0.0,-0.0,-0.006452229961186787,0.8739038868604863,0.32269037956552943
2007-11-05,0.011218508461835247,1,0.0005,0.010718508461835247,0.011218508461835247,0.883321212750181,0.32633086655526444
2007-11-06,-0.024624034107986387,1,0.0,-0.024624034107986387,-0.024624034107986387,0.8618358942981376,0.31839341131535037
2007-11-07,-0.030836093732338716,1,0.0,-0.030836093732338716,-0.030836093732338716,0.8356658071610619,0.3087252327524475
2007-11-08,-0.03401487858727761,0,0.0005,-0.0005,-0.03401487858727761,0.8352480786982998,0.29840057292910066
2007-11-09,-0.025728148572731337,1,0.0005,-0.026228148572731338,-0.025728148572731337,0.8136258628477535,0.29082119837670145
2007-11-12,0.040419697315721204,1,0.0,0.040419697315721204,0.040419697315721204,0.8471860513214656,0.3028169014084513
2007-11-13,-0.012893166801610364,0,0.0005,-0.0005,-0.012893166801610364,0.8467625641764138,0.298937693960373
2007-11-14,-0.005404877535491161,0,0.0,-0.0,-0.005404877535491161,0.8467625641764138,0.29732633086655585
2007-11-15,0.009190873888012388,0,0.0,0.0,0.009190873888012388,0.8467625641764138,0.3000716161375036
2007-11-16,-0.011602450619463592,0,0.0,-0.0,-0.011602450619463592,0.8467625641764138,0.2966101694915261
2007-11-19,0.004016069654889744,1,0.0005,0.0035160696548897437,0.004016069654889744,0.8497450806283332,0.29780377178324235
2007-11-20,-0.011894102521438127,1,0.0,-0.011894102521438127,-0.011894102521438127,0.8396979945046716,0.29428264502267903
2007-11-21,0.010690974243163018,0,0.0005,-0.0005,0.010690974243163018,0.8392782504521771,0.29744569109572755
2007-11-23,-0.017405822955176203,0,0.0,-0.0,-0.017405822955176203,0.8392782504521771,0.292313201241347
2007-11-26,0.019810633733355384,0,0.0,0.0,0.019810633733355384,0.8392782504521771,0.29816185247075744
2007-11-27,0.02997069747054881,0,0.0,0.0,0.02997069747054881,0.8392782504521771,0.307233229887802
2007-11-28,0.004264398786457739,1,0.0005,0.003764398786457739,0.004264398786457739,0.842443582527879,0.3085461924086901
2007-11-29,-0.007572116560510064,1,0.0,-0.007572116560510064,-0.007572116560510064,0.8360885922534907,0.3062186679398431
2007-11-30,-0.00841574592200668,1,0.0,-0.00841574592200668,-0.00841574592200668,0.8290818081048063,0.30365242301265283
2007-12-03,-0.004135899544048272,1,0.0,-0.004135899544048272,-0.004135899544048272,0.8256598902647511,0.3023991406063506
2007-12-04,0.017606088575049052,0,0.0005,-0.0005,0.017606088575049052,0.8252471635099059,0.3077703509190744
2007-12-05,0.014438599086075764,0,0.0,0.0,0.014438599086075764,0.8252471635099059,0.31224635951301094
2007-12-06,0.00019111323517306795,1,0.0005,-0.00030888676482693206,0.00019111323517306795,0.8249922949481758,0.31230603962759673
2007-12-07,0.0040049638732772685,1,0.0,0.0040049638732772685,0.0040049638732772685,0.8283029844558982,0.3135593220338989
2007-12-10,-0.023494244509958132,1,0.0,-0.023494244509958132,-0.023494244509958132,0.809069454934844,0.3062783480544289
2007-12-11,0.008923434575955853,0,0.0005,-0.0005,0.008923434575955853,0.8086650213242048,0.3090236333253766
2007-12-12,-0.005422166653701166,0,0.0,-0.0,-0.005422166653701166,0.8086650213242048,0.30735259011697363
2007-12-13,-0.010344583317740137,0,0.0,-0.0,-0.010344583317740137,0.8086650213242048,0.3041895440439251
2007-12-14,-0.024628851625303195,1,0.0005,-0.025128851625303195,-0.024628851625303195,0.7885973922056839,0.2967892098352834
2007-12-17,0.004213912124980078,1,0.0,0.004213912124980078,0.004213912124980078,0.7919274837472725,0.29804249224158563
2007-12-18,0.0,1,0.0,0.0,0.0,0.7919274837472725,0.29804249224158563
2007-12-19,0.019040638704849944,0,0.0005,-0.0005,0.019040638704849944,0.7915316189798379,0.30377178324182436
2007-12-20,0.01849201111905938,0,0.0,0.0,0.01849201111905938,0.7915316189798379,0.3094413941274773
2007-12-21,0.007493550292639245,0,0.0,0.0,0.007493550292639245,0.7915316189798379,0.3117689185963243
2007-12-24,0.004964684629402327,0,0.0,0.0,0.004964684629402327,0.7915316189798379,0.3133206015755555
2007-12-26,-0.010916511741350528,1,0.0005,-0.011416511741350529,-0.010916511741350528,0.7825464760439916,0.30991883504416373
2007-12-27,-0.001348877745709263,1,0.0,-0.001348877745709263,-0.001348877745709263,0.7814916281078645,0.30950107424206297
2007-12-28,-0.012417699339139141,1,0.0,-0.012417699339139141,-0.012417699339139141,0.7718473041204169,0.30568154690857047
2007-12-31,-0.015147333971761141,1,0.0,-0.015147333971761141,-0.015147333971761141,0.760243976823019,0.30108617808546234
2008-01-02,0.003364008317359814,0,0.0005,-0.0005,0.003364008317359814,0.7598639498492682,0.30210074003342124
2008-01-03,-0.04484694139439199,0,0.0,-0.0,-0.04484694139439199,0.7598639498492682,0.2888517545953692
2008-01-04,-0.004763393080456568,0,0.0,-0.0,-0.004763393080456568,0.7598639498492682,0.2874791119598954
2008-01-07,-0.02629239685685471,0,0.0,-0.0,-0.02629239685685471,0.7598639498492682,0.2800190976366679
2008-01-08,0.021088930021919302,1,0.0005,0.0205889300219193,0.021088930021919302,0.775670901265241,0.2859871090952499
2008-01-09,0.0014597020629602945,0,0.0005,-0.0005,0.0014597020629602945,0.7752831627573131,0.28640486989735064
2008-01-10,-0.019781789838765634,1,0.0005,-0.020281789838765635,-0.019781789838765634,0.759717416757699,0.28079493912628356
2008-01-11,0.01727813737302893,1,0.0,0.01727813737302893,0.01727813737302893,0.7729579753494377,0.28568870852232076
2008-01-14,-0.027961999681341602,0,0.0005,-0.0005,-0.027961999681341602,0.7725715929654087,0.2778109333969925
2008-01-15,-0.010799241021760273,1,0.0005,-0.011299241021760274,-0.010799241021760273,0.763891253308339,0.27482692766770145
2008-01-16,-0.013995417591456122,0,0.0005,-0.0005,-0.013995417591456122,0.763509403152179,0.271007400334209
2008-01-17,-0.0013221685487140359,1,0.0005,-0.001822168548714036,-0.0013221685487140359,0.7621194271010242,0.2706493196466941
2008-01-18,-0.026137978569174523,0,0.0005,-0.0005,-0.026137978569174523,0.7617384626365266,0.2636667462401531
2008-01-22,-0.0036281218936553834,0,0.0,-0.0,-0.0036281218936553834,0.7617384626365266,0.26271186440678007
2008-01-23,0.02001641100133085,0,0.0,0.0,0.02001641100133085,0.7617384626365266,0.268023394604918
2008-01-24,-0.020698151739018223,0,0.0,-0.0,-0.020698151739018223,0.7617384626365266,0.26253282406302253
2008-01-25,0.00769931339633364,1,0.0005,0.00719931339633364,0.00769931339633364,0.7672422445085866,0.2645619479589404
2008-01-28,0.0018030205470486403,0,0.0005,-0.0005,0.0018030205470486403,0.7668587192756307,0.26503938887562695
2008-01-29,-0.0009011039131927147,1,0.0005,-0.0014011039131927147,-0.0009011039131927147,0.7657850228789462,0.26480066841728367
2008-01-30,0.016983648448091786,0,0.0005,-0.0005,0.016983648448091786,0.7654022260746827,0.26933635712580606
2008-01-31,0.010138986920555733,0,0.0,0.0,0.010138986920555733,0.7654022260746827,0.2720810455956079
2008-02-01,-0.01413543984183625,1,0.0005,-0.01463543984183625,-0.01413543984183625,0.75428180248066,0.2682621150632613
2008-02-04,-0.028891683324315846,0,0.0005,-0.0005,-0.028891683324315846,0.7539047558489327,0.26062246359513047
2008-02-05,-0.01988735743645866,0,0.0,-0.0,-0.01988735743645866,0.7539047558489327,0.25549057054189583
2008-02-06,0.0069832686021884405,0,0.0,0.0,0.0069832686021884405,0.7539047558489327,0.2572809739794704
2008-02-07,0.011302161595945394,0,0.0,0.0,0.011302161595945394,0.7539047558489327,0.2602052995941756
2008-02-08,0.01072212849890689,0,0.0,0.0,0.01072212849890689,0.7539047558489327,0.26301026497970914
2008-02-11,-0.005688944686575159,0,0.0,-0.0,-0.005688944686575159,0.7539047558489327,0.2615182621150636
2008-02-12,0.021671277003288244,1,0.0005,0.021171277003288243,0.021671277003288244,0.7700360396784659,0.2672475531153024
2008-02-13,-0.01825402797789012,0,0.0005,-0.0005,-0.01825402797789012,0.7696511178970913,0.2624134638338509
2008-02-14,-0.003417249025398272,0,0.0,-0.0,-0.003417249025398272,0.7696511178970913,0.26151826211506357
2008-02-15,-0.001827318918698658,0,0.0,-0.0,-0.001827318918698658,0.7696511178970913,0.26104082119837707
2008-02-19,0.0045620517078423725,0,0.0,0.0,0.0045620517078423725,0.7696511178970913,0.26223442349009346
2008-02-20,-0.009604464408776865,0,0.0,-0.0,-0.009604464408776865,0.7696511178970913,0.25972785867748904
2008-02-21,0.0036697288889624017,0,0.0,0.0,0.0036697288889624017,0.7696511178970913,0.26068274051086215
2008-02-22,0.005023988644476046,0,0.0,0.0,0.005023988644476046,0.7696511178970913,0.2619957030317502
2008-02-25,0.0038649587727700796,0,0.0,0.0,0.0038649587727700796,0.7696511178970913,0.2630102649797092
2008-02-26,0.004979639081211149,0,0.0,0.0,0.004979639081211149,0.7696511178970913,0.2643232275005972
2008-02-27,-0.003845723549805155,0,0.0,-0.0,-0.003845723549805155,0.7696511178970913,0.26330866555263827
2008-02-28,-0.026876545955037225,0,0.0,-0.0,-0.026876545955037225,0.7696511178970913,0.25632609214609736
2008-02-29,-0.006540551230355823,0,0.0,-0.0,-0.006540551230355823,0.7696511178970913,0.25465504893769436
2008-03-03,0.005608801803524565,0,0.0,0.0,0.005608801803524565,0.7696511178970913,0.25608737168775403
2008-03-04,0.004879708485157293,0,0.0,0.0,0.004879708485157293,0.7696511178970913,0.2573400572929104
2008-03-05,-0.022275539730122088,0,0.0,-0.0,-0.022275539730122088,0.7696511178970913,0.25167104320840333
2008-03-06,-0.0023741701560390234,0,0.0,-0.0,-0.0023741701560390234,0.7696511178970913,0.25107424206254514
2008-03-07,-0.019441389959323815,0,0.0,-0.0,-0.019441389959323815,0.7696511178970913,0.24624015278109368
2008-03-10,0.03734761879349596,0,0.0,0.0,0.03734761879349596,0.7696511178970913,0.25561052757221336
2008-03-11,-0.0028080415832264683,0,0.0,-0.0,-0.0028080415832264683,0.7696511178970913,0.25489376939603764
2008-03-12,0.007696831000153852,0,0.0,0.0,0.007696831000153852,0.7696511178970913,0.2568632131773697
2008-03-13,-0.018525562050346077,0,0.0,-0.0,-0.018525562050346077,0.7696511178970913,0.25214848412508994
2008-03-14,-0.01839297044185635,0,0.0,-0.0,-0.01839297044185635,0.7696511178970913,0.24755311530198174
2008-03-17,0.04363385239049154,0,0.0,0.0,0.04363385239049154,0.7696511178970913,0.2585939365003585
2008-03-18,-0.025004223563907454,1,0.0005,-0.025504223563907455,-0.025004223563907454,0.7502699649022481,0.25220816423967574
2008-03-19,0.019449939439836205,0,0.0005,-0.0005,0.019449939439836205,0.7498949236879139,0.25716161375029883
2008-03-20,0.033992133169093254,0,0.0,0.0,0.033992133169093254,0.7498949236879139,0.2660533540224402
2008-03-24,0.005594473370508145,1,0.0005,0.005094473370508145,0.005594473370508145,0.7537249912121406,0.2675459536882316
2008-03-25,-0.0029040565478248466,0,0.0005,-0.0005,-0.0029040565478248466,0.7533482229164579,0.2667701121986159
2008-03-26,-0.022396592744300038,0,0.0,-0.0,-0.022396592744300038,0.7533482229164579,0.26086178085461975
2008-03-27,-0.005045882265676138,0,0.0,-0.0,-0.005045882265676138,0.7533482229164579,0.2595488183337317
2008-03-28,0.005274636698790776,0,0.0,0.0,0.005274636698790776,0.7533482229164579,0.2609214609692056
2008-03-31,0.04188273091701225,0,0.0,0.0,0.04188273091701225,0.7533482229164579,0.272081642396754
2008-04-01,-0.0021958726434373357,1,0.0005,-0.0026958726434373357,-0.0021958726434373357,0.7513200271584097,0.2714848412508958
2008-04-02,0.0021958726434374563,0,0.0005,-0.0005,0.0021958726434374563,0.7509444610441833,0.27208164239675403
2008-04-03,0.005904883204408278,0,0.0,0.0,0.005904883204408278,0.7509444610441833,0.27369300549057113
2008-04-04,-0.0021829303582159903,0,0.0,-0.0,-0.0021829303582159903,0.7509444610441833,0.27309620434471293
2008-04-07,-0.007678001961682764,0,0.0,-0.0,-0.007678001961682764,0.7509444610441833,0.2710074003342092
2008-04-08,-0.01129455036165113,0,0.0,-0.0,-0.01129455036165113,0.7509444610441833,0.2679637144903324
2008-04-09,0.014153265887385007,0,0.0,0.0,0.014153265887385007,0.7509444610441833,0.27178324182382496
2008-04-10,-0.02805795279515738,0,0.0,-0.0,-0.02805795279515738,0.7509444610441833,0.2642635473860116
2008-04-11,-0.00452694299577718,0,0.0,-0.0,-0.00452694299577718,0.7509444610441833,0.26306994509429515
2008-04-14,0.0013602359839314396,0,0.0,0.0,0.0013602359839314396,0.7509444610441833,0.2634280257818101
2008-04-15,0.027484692847282173,1,0.0005,0.026984692847282173,0.027484692847282173,0.7714843516212024,0.27076867987586606
2008-04-16,-0.0022065322280052373,1,0.0,-0.0022065322280052373,-0.0022065322280052373,0.769783923250867,0.27017187873000786
2008-04-17,0.0313137130661494,1,0.0,0.0313137130661494,0.0313137130661494,0.7942700917836978,0.278765815230366
2008-04-18,0.007040029076354818,1,0.0,0.007040029076354818,0.007040029076354818,0.7998815054058048,0.28073525901169805
2008-04-21,-0.01499278458614128,0,0.0005,-0.0005,-0.01499278458614128,0.799481664621628,0.27655765099069063
2008-04-22,0.010945489680201074,0,0.0,0.0,0.010945489680201074,0.799481664621628,0.27960133683456745
2008-04-23,0.008924836120713818,0,0.0,0.0,0.008924836120713818,0.799481664621628,0.28210790164717187
2008-04-24,-0.0025418357256786193,0,0.0,-0.0,-0.0025418357256786193,0.799481664621628,0.28139174027214203
2008-04-25,0.0019069822496950274,0,0.0,0.0,0.0019069822496950274,0.799481664621628,0.28192886130341444
2008-04-28,0.007591769908212663,0,0.0,0.0,0.007591769908212663,0.799481664621628,0.2840773454285039
2008-04-29,-0.008227026679178916,1,0.0005,-0.008727026679178917,-0.008227026679178916,0.7925349230934582,0.28174982095965695
2008-04-30,0.031073295530348814,0,0.0005,-0.0005,0.031073295530348814,0.7921387546822678,0.29064215803294413
2008-05-01,0.0014363396334170853,1,0.0005,0.0009363396334170853,0.0014363396334170853,0.7928808129485094,0.2910599188350449
2008-05-02,-0.0028747453062668506,0,0.0005,-0.0005,-0.0028747453062668506,0.7924844716356205,0.2902243972308434
2008-05-05,0.006150080885337693,1,0.0005,0.005650080885337694,0.006150080885337693,0.7969747462627546,0.292014800668418
2008-05-06,-0.01835670808924938,0,0.0005,-0.0005,-0.01835670808924938,0.796576358494865,0.28670327047028005
2008-05-07,0.007465816510803205,0,0.0,0.0,0.007465816510803205,0.796576358494865,0.2888517545953696
2008-05-08,-0.003933345305055106,0,0.0,-0.0,-0.003933345305055106,0.796576358494865,0.28771783241823895
2008-05-09,0.018088879652430244,0,0.0,0.0,0.018088879652430244,0.796576358494865,0.2929696825017912
2008-05-12,0.0026446968929486497,0,0.0,0.0,0.0026446968929486497,0.796576358494865,0.2937455239914068
2008-05-13,-0.0022373649117565816,0,0.0,-0.0,-0.0022373649117565816,0.796576358494865,0.29308904273096276
2008-05-14,0.017360145304960408,0,0.0,0.0,0.017360145304960408,0.796576358494865,0.2982215325853433
2008-05-15,0.0007981604726194767,0,0.0,0.0,0.0007981604726194767,0.796576358494865,0.2984596562425407
2008-05-16,-0.007222595337551659,0,0.0,-0.0,-0.007222595337551659,0.796576358494865,0.29631176891859695
2008-05-19,-0.007683013935309811,0,0.0,-0.0,-0.007683013935309811,0.796576358494865,0.2940439245643358
2008-05-20,-0.02237137936914649,1,0.0005,-0.022871379369146492,-0.02237137936914649,0.7785643236125046,0.2875387920744814
2008-05-21,0.003522224712578114,1,0.0,0.003522224712578114,0.003522224712578114,0.7813114372491615,0.28855335402244037
2008-05-22,-0.0031072008427487155,0,0.0005,-0.0005,-0.0031072008427487155,0.7809208791781913,0.2876581523036531
2008-05-23,0.017481164954817406,0,0.0,0.0,0.017481164954817406,0.7809208791781913,0.2927309620434478
2008-05-27,0.004069181606725749,0,0.0,0.0,0.004069181606725749,0.7809208791781913,0.2939245643351642
2008-05-28,0.00889433799613118,1,0.0005,0.00839433799613118,0.00889433799613118,0.7875037838945712,0.29655048937694023
2008-05-29,0.00641927981658319,1,0.0,0.00641927981658319,0.00641927981658319,0.7925752512088451,0.2984602530436865
2008-05-30,-0.012272561236935521,1,0.0,-0.012272561236935521,-0.012272561236935521,0.7829077666410107,0.2948197660539515
2008-06-02,-0.005480578013319906,1,0.0,-0.005480578013319906,-0.005480578013319906,0.7786287160945923,0.2932084029601344
2008-06-03,0.012741602250366964,0,0.0005,-0.0005,0.012741602250366964,0.7782394990489151,0.29696825017904105
2008-06-04,0.015751497035556332,0,0.0,0.0,0.015751497035556332,0.7782394990489151,0.3016829792313208
2008-06-05,-0.030530589803338403,0,0.0,-0.0,-0.030530589803338403,0.7782394990489151,0.2926116018142762
2008-06-06,-0.005316985941180597,0,0.0,-0.0,-0.005316985941180597,0.7782394990489151,0.2910599188350449
2008-06-09,-0.004727169423505975,1,0.0005,-0.005227169423505975,-0.004727169423505975,0.7741821228700776,0.289687276199571
2008-06-10,-0.024188001567815885,1,0.0,-0.024188001567815885,-0.024188001567815885,0.7556808607660543,0.28276438290761585
2008-06-11,0.0008438819066200568,0,0.0005,-0.0005,0.0008438819066200568,0.7553031147800375,0.28300310336595913
2008-06-12,0.019835706197632363,0,0.0,0.0,0.019835706197632363,0.7553031147800375,0.28867271425161206
2008-06-13,0.00885052602420971,0,0.0,0.0,0.00885052602420971,0.7553031147800375,0.2912389591788024
2008-06-16,-0.005342112560646104,0,0.0,-0.0,-0.005342112560646104,0.7553031147800375,0.2896872761995711
2008-06-17,-0.010770609505348095,0,0.0,-0.0,-0.010770609505348095,0.7553031147800375,0.2865839102411084
2008-06-18,0.015497778928854152,0,0.0,0.0,0.015497778928854152,0.7553031147800375,0.29105991883504495
2008-06-19,-0.028071289084701787,0,0.0,-0.0,-0.028071289084701787,0.7553031147800375,0.2830031033659593
2008-06-20,-0.007833214605870905,0,0.0,-0.0,-0.007833214605870905,0.7553031147800375,0.2807949391262839
2008-06-23,-0.005114010719409329,0,0.0,-0.0,-0.005114010719409329,0.7553031147800375,0.2793626163762242
2008-06-24,0.01610545513221089,0,0.0,0.0,0.01610545513221089,0.7553031147800375,0.28389830508474656
2008-06-25,-0.04119870340321272,0,0.0,-0.0,-0.04119870340321272,0.7553031147800375,0.27243972308426906
2008-06-26,0.0,0,0.0,0.0,0.0,0.7553031147800375,0.27243972308426906
2008-06-27,-0.01057045737446456,0,0.0,-0.0,-0.01057045737446456,0.7553031147800375,0.2695750775841498
2008-06-30,0.014069258232137867,0,0.0,0.0,0.014069258232137867,0.7553031147800375,0.2733946049176422
2008-07-01,-0.024305217652761498,0,0.0,-0.0,-0.024305217652761498,0.7553031147800375,0.26682979231320203
2008-07-02,-0.0017909116047106933,1,0.0005,-0.0022909116047106935,-0.0017909116047106933,0.753574762616234,0.2663523513965154
2008-07-03,0.00603151610702994,1,0.0,0.00603151610702994,0.00603151610702994,0.7581336957532804,0.2679637144903325
2008-07-07,0.023551215069928078,0,0.0005,-0.0005,0.023551215069928078,0.7577547236563232,0.2743494867510153
2008-07-08,-0.026897565097272213,0,0.0,-0.0,-0.026897565097272213,0.7577547236563232,0.2670685127715452
2008-07-09,0.011773989174063203,0,0.0,0.0,0.011773989174063203,0.7577547236563232,0.2702315588445937
2008-07-10,-0.016028838275898915,0,0.0,-0.0,-0.016028838275898915,0.7577547236563232,0.26593459059441465
2008-07-11,-0.007433303738793322,0,0.0,-0.0,-0.007433303738793322,0.7577547236563232,0.2639651468130826
2008-07-14,0.00022606533384397692,0,0.0,0.0,0.00022606533384397692,0.7577547236563232,0.2640248269276684
2008-07-15,0.024560287865303645,0,0.0,0.0,0.024560287865303645,0.7577547236563232,0.27058963953210863
2008-07-16,0.006594879914491991,1,0.0005,0.006094879914491992,0.006594879914491991,0.76238725070911,0.27238004296968327
2008-07-17,-0.023274906354489585,0,0.0005,-0.0005,-0.023274906354489585,0.7620061523662807,0.26611363093817214
2008-07-18,0.004251992531223339,0,0.0,0.0,0.004251992531223339,0.7620061523662807,0.26724755311530274
2008-07-21,0.0,0,0.0,0.0,0.0,0.7620061523662807,0.26724755311530274
2008-07-22,0.013089482505263601,0,0.0,0.0,0.013089482505263601,0.7620061523662807,0.2707686798758661
2008-07-23,-0.015101330730512433,0,0.0,-0.0,-0.015101330730512433,0.7620061523662807,0.26671043208403034
2008-07-24,0.012894798502507104,1,0.0005,0.012394798502507104,0.012894798502507104,0.7715098415673853,0.2701718787300079
2008-07-25,-0.018954742981585893,0,0.0005,-0.0005,-0.018954742981585893,0.7711241830692608,0.2650990689902132
2008-07-28,0.020499826613101638,1,0.0005,0.019999826613101637,0.020499826613101638,0.7867017884905023,0.27058963953210863
2008-07-29,0.005059960196408147,0,0.0005,-0.0005,0.005059960196408147,0.7863085359175931,0.27196228216758245
2008-07-30,-0.002416786851393985,1,0.0005,-0.002916786851393985,-0.002416786851393985,0.7840183830863732,0.27130580090713846
2008-07-31,-0.012840557209956222,1,0.0,-0.012840557209956222,-0.012840557209956222,0.7740155088630979,0.26784435426116093
2008-08-01,-0.010077344266623867,1,0.0,-0.010077344266623867,-0.010077344266623867,0.7662546581726255,0.26515874910479903
2008-08-04,0.033203581389884884,1,0.0,0.033203581389884884,0.033203581389884884,0.7921241604741995,0.27411076629267206
2008-08-05,0.015125612482527495,1,0.0,0.015125612482527495,0.015125612482527495,0.8041965948816009,0.2782883743136795
2008-08-06,-0.0077503079013213,0,0.0005,-0.0005,-0.0077503079013213,0.8037945970919824,0.2761398901885899
2008-08-07,0.022439236191277804,0,0.0,0.0,0.022439236191277804,0.8037945970919824,0.28240630222010105
2008-08-08,0.009046027816553295,1,0.0005,0.008546027816553295,0.009046027816553295,0.8106932842769672,0.28497254714729137
2008-08-11,0.0010465725706708953,0,0.0005,-0.0005,0.0010465725706708953,0.8102880389546019,0.28527094772022044
2008-08-12,-0.0020942416031146257,1,0.0005,-0.0025942416031146257,-0.0020942416031146257,0.80818868031261,0.28467414657436224
2008-08-13,0.011464429890699434,1,0.0,0.011464429890699434,0.011464429890699434,0.8175074177166338,0.2879565528765824
2008-08-14,-0.0018670267844293992,0,0.0005,-0.0005,-0.0018670267844293992,0.8170987661791734,0.28741943184531
2008-08-15,-0.011696039763191187,1,0.0005,-0.012196039763191188,-0.011696039763191187,0.8071939198592414,0.2840773454285041
2008-08-18,-0.012472416201335237,0,0.0005,-0.0005,-0.012472416201335237,0.8067904237817374,0.28055621866794067
2008-08-19,0.0017003192194242002,0,0.0,0.0,0.0017003192194242002,0.8067904237817374,0.2810336595846273
2008-08-20,-0.0046828523208485885,0,0.0,-0.0,-0.0046828523208485885,0.8067904237817374,0.2797206970637392
2008-08-21,0.013141350626415851,0,0.0,0.0,0.013141350626415851,0.8067904237817374,0.28342086416806006
2008-08-22,-0.021281926858537057,1,0.0005,-0.021781926858537057,-0.021281926858537057,0.7894069834889809,0.27745285270947806
2008-08-25,-0.0012914336706630332,0,0.0005,-0.0005,-0.0012914336706630332,0.7890123786566654,0.2770947720219631
2008-08-26,0.006440554680504333,0,0.0,0.0,0.006440554680504333,0.7890123786566654,0.27888517545953767
2008-08-27,0.00809893599961507,0,0.0,0.0,0.00809893599961507,0.7890123786566654,0.2811530198137989
2008-08-28,-0.0212385973110915,0,0.0,-0.0,-0.0212385973110915,0.7890123786566654,0.27524468846980266
2008-08-29,-0.01243607169489101,0,0.0,-0.0,-0.01243607169489101,0.7890123786566654,0.2718429219384109
2008-09-02,-0.009485016516163833,0,0.0,-0.0,-0.009485016516163833,0.7890123786566654,0.26927667701122066
2008-09-03,-0.032893256068005604,0,0.0,-0.0,-0.032893256068005604,0.7890123786566654,0.26056338028169096
2008-09-04,-0.00482149941039661,0,0.0,-0.0,-0.00482149941039661,0.7890123786566654,0.2593100978753888
2008-09-05,-0.0032272964848657905,0,0.0,-0.0,-0.0032272964848657905,0.7890123786566654,0.25847457627118725
2008-09-08,-0.020056642469178942,0,0.0,-0.0,-0.020056642469178942,0.7890123786566654,0.2533420864168067
2008-09-09,0.008211189830394624,0,0.0,0.0,0.008211189830394624,0.7890123786566654,0.25543089042731043
2008-09-10,0.01851904776723753,0,0.0,0.0,0.01851904776723753,0.7890123786566654,0.260205299594176
2008-09-11,-0.003906703808258122,0,0.0,-0.0,-0.003906703808258122,0.7890123786566654,0.2591907376462171
2008-09-12,-0.031577878117276074,1,0.0005,-0.032077878117276075,-0.031577878117276074,0.7641041727593608,0.2511339221771314
2008-09-15,0.007811615057044916,0,0.0005,-0.0005,0.007811615057044916,0.7637222161700858,0.25310336595846344
2008-09-16,-0.05326846257731663,1,0.0005,-0.05376846257731663,-0.05326846257731663,0.7237425021236065,0.23997374074958303
2008-09-17,0.033263032355363355,1,0.0,0.033263032355363355,0.033263032355363355,0.7482212338542233,0.24809023633325455
2008-09-18,0.03149307266942509,0,0.0005,-0.0005,0.03149307266942509,0.7478472167493644,0.2560276915731686
2008-09-19,-0.04823088003852218,0,0.0,-0.0,-0.04823088003852218,0.7478472167493644,0.24397230842683293
2008-09-22,-0.0076120686770931355,0,0.0,-0.0,-0.0076120686770931355,0.7478472167493644,0.24212222487467253
2008-09-23,0.006877944087656021,0,0.0,0.0,0.006877944087656021,0.7478472167493644,0.2437932680830755
2008-09-24,0.015786605930640626,0,0.0,0.0,0.015786605930640626,0.7478472167493644,0.2476724755311538
2008-09-25,-0.010172042176295156,0,0.0,-0.0,-0.010172042176295156,0.7478472167493644,0.24516591071854932
2008-09-26,-0.08268332183004595,0,0.0,-0.0,-0.08268332183004595,0.7478472167493644,0.22571019336357195
2008-09-29,0.028413223766150762,1,0.0005,0.027913223766150762,0.028413223766150762,0.7690161150939097,0.23221532585342636
2008-09-30,-0.010593045702723581,0,0.0005,-0.0005,-0.010593045702723581,0.768631703147358,0.2297684411554077
2008-10-01,-0.04652001563489282,0,0.0,-0.0,-0.04652001563489282,0.768631703147358,0.2193244211028892
2008-10-02,-0.01563174569169657,1,0.0005,-0.01613174569169657,-0.01563174569169657,0.7563318081066414,0.21592265457149745
2008-10-03,-0.03716643987527427,1,0.0,-0.03716643987527427,-0.03716643987527427,0.7287376127860009,0.20804487944616917
2008-10-06,-0.06549518436943477,0,0.0005,-0.0005,-0.06549518436943477,0.7283733350566294,0.19485557412270293
2008-10-07,-0.007995122539202088,1,0.0005,-0.008495122539202088,-0.007995122539202088,0.722211922353234,0.19330389114347163
2008-10-08,-0.02722746819355962,1,0.0,-0.02722746819355962,-0.02722746819355962,0.7028132075509086,0.18811172117450525
2008-10-09,-0.006365393867075959,1,0.0,-0.006365393867075959,-0.006365393867075959,0.6983537328837075,0.18691811888278886
2008-10-10,0.11479859515513334,1,0.0,0.11479859515513334,0.11479859515513334,0.7833067252938903,0.20965624253998635
2008-10-13,-0.04423182454072148,0,0.0005,-0.0005,-0.04423182454072148,0.7829151698282671,0.20058486512294169
2008-10-14,-0.0938236327786792,1,0.0005,-0.0943236327786792,-0.0938236327786792,0.7124435759832812,0.1826211506326098
2008-10-15,0.05282806373872753,1,0.0,0.05282806373872753,0.05282806373872753,0.7510924758568839,0.19252804965385592
2008-10-16,0.001239157531548053,1,0.0,0.001239157531548053,0.001239157531548053,0.7520237746490189,0.1927667701121992
2008-10-17,0.0274826456938321,1,0.0,0.0274826456938321,0.0274826456938321,0.7729779974720566,0.19813798042492303
2008-10-20,-0.05319745237324043,0,0.0005,-0.0005,-0.05319745237324043,0.7725916050794686,0.18787300071616198
2008-10-21,-0.02802567059188135,0,0.0,-0.0,-0.02802567059188135,0.7725916050794686,0.18268083074719563
2008-10-22,-0.003927991957157709,1,0.0005,-0.004427991957157708,-0.003927991957157709,0.7691781386443195,0.18196466937216577
2008-10-23,-0.03266957204531529,0,0.0005,-0.0005,-0.03266957204531529,0.7687936457062422,0.17611601814275543
2008-10-24,-0.02818055896157459,1,0.0005,-0.02868055896157459,-0.02818055896157459,0.7470574078987187,0.17122224874671815
2008-10-27,0.10480267448862898,1,0.0,0.10480267448862898,0.10480267448862898,0.8296008719293543,0.19014084507042314
2008-10-28,-0.0025141433733324595,1,0.0,-0.0025141433733324595,-0.0025141433733324595,0.8275177561178557,0.18966340415373661
2008-10-29,0.03281012347565765,0,0.0005,-0.0005,0.03281012347565765,0.8271041006622785,0.1959894962998336
2008-10-30,0.0015213756167379467,0,0.0,0.0,0.0015213756167379467,0.8271041006622785,0.19628789687276266
2008-10-31,-0.0021305745390208033,0,0.0,-0.0,-0.0021305745390208033,0.8271041006622785,0.19587013607066192
2008-11-03,0.02794233165659403,0,0.0,0.0,0.02794233165659403,0.8271041006622785,0.2014203867271432
2008-11-04,-0.05355706335711221,1,0.0005,-0.05405706335711221,-0.05355706335711221,0.7835802653904461,0.19091668656003885
2008-11-05,-0.04573138966310692,0,0.0005,-0.0005,-0.04573138966310692,0.7831885731889615,0.18238243017426656
2008-11-06,0.020405566321392322,0,0.0,0.0,0.020405566321392322,0.7831885731889615,0.18614227739317327
2008-11-07,-0.013557341285761462,0,0.0,-0.0,-0.013557341285761462,0.7831885731889615,0.1836357125805688
2008-11-10,-0.022015017579120406,0,0.0,-0.0,-0.022015017579120406,0.7831885731889615,0.17963714490331883
2008-11-11,-0.04727967762185744,1,0.0005,-0.04777967762185744,-0.04727967762185744,0.7466479758965635,0.17134160897588985
2008-11-12,0.059168853334043175,1,0.0,0.059168853334043175,0.059168853334043175,0.792159433849158,0.18178562902840836
2008-11-13,-0.04980841057447947,0,0.0005,-0.0005,-0.04980841057447947,0.7917634531356614,0.17295297206970697
2008-11-14,-0.021273688071776275,1,0.0005,-0.021773688071776275,-0.021273688071776275,0.7747101728157082,0.16931248507997196
2008-11-17,-0.0010580145582255918,1,0.0,-0.0010580145582255918,-0.0010580145582255918,0.7738909516248562,0.1691334447362145
2008-11-18,-0.053636043167442866,0,0.0005,-0.0005,-0.053636043167442866,0.773504102869292,0.16030078777751308
2008-11-19,-0.04960956158575746,1,0.0005,-0.05010956158575746,-0.04960956158575746,0.7356992538286747,0.15254237288135647
2008-11-20,0.04251070868458897,1,0.0,0.04251070868458897,0.04251070868458897,0.7676486345700609,0.15916686560038254
2008-11-21,0.05932246645526892,1,0.0,0.05932246645526892,0.05932246645526892,0.8145652927758801,0.16889472427787122
2008-11-24,-0.0046042227609106754,0,0.0005,-0.0005,-0.0046042227609106754,0.8141581119331858,0.16811888278825557
2008-11-25,0.041034964385824296,0,0.0,0.0,0.041034964385824296,0.8141581119331858,0.17516113630938238
2008-11-26,-0.007867322945620219,1,0.0005,-0.00836732294562022,-0.007867322945620219,0.807374209213843,0.1737884936739085
2008-11-28,-0.07818431650497774,0,0.0005,-0.0005,-0.07818431650497774,0.806970623014194,0.16071854857961385
2008-12-01,0.032873668714291836,0,0.0,0.0,0.032873668714291836,0.806970623014194,0.16608975889233765
2008-12-02,0.027991198590505535,0,0.0,0.0,0.027991198590505535,0.806970623014194,0.17080448794461747
2008-12-03,-0.02871010588243148,1,0.0005,-0.029210105882431482,-0.02871010588243148,0.7837398638810575,0.165970398663166
2008-12-04,0.03982905295746435,0,0.0005,-0.0005,0.03982905295746435,0.7833480919002741,0.1727142516113637
2008-12-05,0.038635777878301095,1,0.0005,0.038135777878301094,0.038635777878301095,0.813798617621149,0.17951778467414717
2008-12-08,-0.002329839629363184,1,0.0,-0.002329839629363184,-0.002329839629363184,0.8119048043487594,0.17910002387204643
2008-12-09,-0.0033377868104191525,0,0.0005,-0.0005,-0.0033377868104191525,0.811498953417773,0.1785032227261882
2008-12-10,-0.02779840013474644,0,0.0,-0.0,-0.02779840013474644,0.811498953417773,0.17360945333015096
2008-12-11,0.020078945792069383,0,0.0,0.0,0.020078945792069383,0.811498953417773,0.17713058009071433
2008-12-12,-0.01767551115872233,0,0.0,-0.0,-0.01767551115872233,0.811498953417773,0.17402721413225167
2008-12-15,0.04689405715786238,0,0.0,0.0,0.04689405715786238,0.811498953417773,0.18238243017426653
2008-12-16,-0.012181220579572206,1,0.0005,-0.012681220579572206,-0.012181220579572206,0.8012731311801233,0.1801742659345912
2008-12-17,-0.017711407008961483,1,0.0,-0.017711407008961483,-0.017711407008961483,0.7872063951905418,0.17701121986154272
2008-12-18,0.006720455401258357,0,0.0005,-0.0005,0.006720455401258357,0.7868128903773478,0.17820482215325914
2008-12-19,-0.022008675711394716,0,0.0,-0.0,-0.022008675711394716,0.7868128903773478,0.17432561470518082
2008-12-22,-0.005148458257512858,0,0.0,-0.0,-0.005148458257512858,0.7868128903773478,0.17343041298639353
2008-12-23,0.002749142624921935,0,0.0,0.0,0.002749142624921935,0.7868128903773478,0.1739078539030801
2008-12-24,-0.00034322979571563137,0,0.0,-0.0,-0.00034322979571563137,0.7868128903773478,0.1738481737884943
2008-12-26,-0.008273056493199288,0,0.0,-0.0,-0.008273056493199288,0.7868128903773478,0.17241585103843463
2008-12-29,0.020555708349040927,0,0.0,0.0,0.020555708349040927,0.7868128903773478,0.17599665791358382
2008-12-30,0.008441718204824155,0,0.0,0.0,0.008441718204824155,0.7868128903773478,0.17748866077822933
2008-12-31,0.04246153742827987,1,0.0005,0.04196153742827987,0.04246153742827987,0.8205312588351318,0.18518739555980016
2009-01-02,-0.000322320711896111,1,0.0,-0.000322320711896111,-0.000322320711896111,0.8202668272338314,0.18512771544521434
2009-01-05,0.009943947215707618,1,0.0,0.009943947215707618,0.009943947215707618,0.8284642068741437,0.18697779899737477
2009-01-06,-0.028818571970615173,1,0.0,-0.028818571970615173,-0.028818571970615173,0.8049297943584085,0.1816662687992368
2009-01-07,0.010457611643958224,0,0.0005,-0.0005,0.010457611643958224,0.8045274300606863,0.18357603246598309
2009-01-08,-0.02268714763700562,0,0.0,-0.0,-0.02268714763700562,0.8045274300606863,0.17945810455956146
2009-01-09,-0.01845999726816596,0,0.0,-0.0,-0.01845999726816596,0.8045274300606863,0.17617569825734133
2009-01-12,0.0003386960235595419,0,0.0,0.0,0.0003386960235595419,0.8045274300606863,0.17623537837192718
2009-01-13,-0.03095157664580766,0,0.0,-0.0,-0.03095157664580766,0.8045274300606863,0.17086416805920335
2009-01-14,0.01624869021579008,0,0.0,0.0,0.01624869021579008,0.8045274300606863,0.1736631654332783
2009-01-15,0.010970905847477707,0,0.0,0.0,0.010970905847477707,0.8045274300606863,0.17557889711148314
2009-01-16,-0.05089979780768197,0,0.0,-0.0,-0.05089979780768197,0.8045274300606863,0.16686560038195336
2009-01-20,0.041679995430891764,0,0.0,0.0,0.041679995430891764,0.8045274300606863,0.17396753401766596
2009-01-21,-0.0134693799436553,1,0.0005,-0.0139693799436553,-0.0134693799436553,0.7933668156396293,0.17164000954881897
2009-01-22,0.004856062265540396,1,0.0,0.004856062265540396,0.004856062265540396,0.7972288237825202,0.17247553115302044
2009-01-23,0.007240162639145381,1,0.0,0.007240162639145381,0.007240162639145381,0.803021835996857,0.17372881355932268
2009-01-26,0.007188119260918914,0,0.0005,-0.0005,0.007188119260918914,0.8026204254398605,0.17498209596562492
2009-01-27,0.034526640487056635,0,0.0,0.0,0.034526640487056635,0.8026204254398605,0.1811291477679644
2009-01-28,-0.025698060222853585,1,0.0005,-0.026198060222853585,-0.025698060222853585,0.781866372178362,0.17653377894485622
2009-01-29,-0.017735799140516866,0,0.0005,-0.0005,-0.017735799140516866,0.7814755367092824,0.17343041298639356
2009-01-30,0.011972094423766812,0,0.0,0.0,0.011972094423766812,0.7814755367092824,0.1755192169968973
2009-02-02,0.015519879662114822,0,0.0,0.0,0.015519879662114822,0.7814755367092824,0.17826450226784502
2009-02-03,0.0013382404138382997,0,0.0,0.0,0.0013382404138382997,0.7814755367092824,0.1785032227261883
2009-02-04,0.02182626326088641,0,0.0,0.0,0.02182626326088641,0.7814755367092824,0.1824421102888524
2009-02-05,0.02583288629984369,1,0.0005,0.02533288629984369,0.02583288629984369,0.8015254565465224,0.18721651945571802
2009-02-06,0.004135523629000675,1,0.0,0.004135523629000675,0.004135523629000675,0.804847047536355,0.18799236094533367
2009-02-09,-0.037520571911201235,1,0.0,-0.037520571911201235,-0.037520571911201235,0.7752082356270797,0.18106946765337853
2009-02-10,-0.00462504953956227,1,0.0,-0.00462504953956227,-0.00462504953956227,0.7716311376380293,0.18023394604917703
2009-02-11,0.01217721152191932,0,0.0005,-0.0005,0.01217721152191932,0.7712454185070288,0.1824421102888524
2009-02-12,-0.004590171993863448,0,0.0,-0.0,-0.004590171993863448,0.7712454185070288,0.18160658868465093
2009-02-13,-0.040575557586326264,0,0.0,-0.0,-0.040575557586326264,0.7712454185070288,0.17438529481976667
2009-02-17,0.0006842285590243227,0,0.0,0.0,0.0006842285590243227,0.7712454185070288,0.1745046550489383
2009-02-18,-0.015509530257493218,0,0.0,-0.0,-0.015509530257493218,0.7712454185070288,0.1718190498925764
2009-02-19,0.0027748890507592393,0,0.0,0.0,0.0027748890507592393,0.7712454185070288,0.172296490809263
2009-02-20,-0.03561102532318412,0,0.0,-0.0,-0.03561102532318412,0.7712454185070288,0.16626879923609514
2009-02-23,0.03248873310756216,1,0.0005,0.03198873310756216,0.03248873310756216,0.7963154234441133,0.17175936977799058
2009-02-24,-0.006623695125001397,1,0.0,-0.006623695125001397,-0.006623695125001397,0.7910583028584851,0.17062544760086
2009-02-25,-0.028380762579808108,1,0.0,-0.028380762579808108,-0.028380762579808108,0.7689230582874187,0.16585103843399437
2009-02-26,-0.00939992459989638,0,0.0005,-0.0005,-0.00939992459989638,0.76853869285764,0.16429935545476307
2009-02-27,-0.032862473482327584,0,0.0,-0.0,-0.032862473482327584,0.76853869285764,0.15898782525662508
2009-03-02,-0.0007510327052227691,1,0.0005,-0.001251032705222769,-0.0007510327052227691,0.7675778269802844,0.15886846502745344
2009-03-03,0.026322186973011055,0,0.0005,-0.0005,0.026322186973011055,0.7671941339980335,0.16310575316304668
2009-03-04,-0.030462979639042348,1,0.0005,-0.03096297963904235,-0.030462979639042348,0.743803508082972,0.15821198376700946
2009-03-05,-0.007953081117215297,0,0.0005,-0.0005,-0.007953081117215297,0.7434316992888751,0.15695870136070722
2009-03-06,-0.02152273701573836,0,0.0,-0.0,-0.02152273701573836,0.7434316992888751,0.1536166149439013
2009-03-09,0.059938797771996004,0,0.0,0.0,0.059938797771996004,0.7434316992888751,0.1631057531630467
2009-03-10,0.015250840252466894,0,0.0,0.0,0.015250840252466894,0.7434316992888751,0.16561231797565118
2009-03-11,0.03261543970283505,0,0.0,0.0,0.03261543970283505,0.7434316992888751,0.17110288851754665
2009-03-12,0.0024386007556003514,1,0.0005,0.0019386007556003513,0.0024386007556003514,0.7448743144184442,0.1715206493196474
2009-03-13,-0.01684250339449735,0,0.0005,-0.0005,-0.01684250339449735,0.744501970355008,0.16865600381952803
2009-03-16,0.03716350573297824,0,0.0,0.0,0.03716350573297824,0.744501970355008,0.1750417760802108
2009-03-17,0.01253616281929426,1,0.0005,0.012036162819294259,0.01253616281929426,0.7535170620111465,0.1772499403198861
2009-03-18,-0.000673627509474165,1,0.0,-0.000673627509474165,-0.000673627509474165,0.7530096431141694,0.1771305800907145
2009-03-19,-0.0169898752045401,1,0.0,-0.0169898752045401,-0.0169898752045401,0.7403241706897393,0.17414657436142347
2009-03-20,0.057272640809060235,1,0.0,0.057272640809060235,0.057272640809060235,0.7839621958297789,0.18441155407018459
2009-03-23,-0.018618862203210098,0,0.0005,-0.0005,-0.018618862203210098,0.7835703127108079,0.1810097875387928
2009-03-24,0.004605271297127997,1,0.0005,0.004105271297127996,0.004605271297127997,0.7867936933237804,0.1818453091429943
2009-03-25,0.030383720552937594,1,0.0,0.030383720552937594,0.030383720552937594,0.8110662916737755,0.18745523991406143
2009-03-26,-0.018962483658585435,0,0.0005,-0.0005,-0.018962483658585435,0.81066085989433,0.18393411315349806
2009-03-27,-0.02496844556714127,1,0.0005,-0.02546844556714127,-0.02496844556714127,0.7902752842715742,0.17939842444497572
2009-03-30,0.008612176449342483,1,0.0,0.008612176449342483,0.008612176449342483,0.7971106659718606,0.18095010742420706
2009-03-31,0.014732628559779633,1,0.0,0.014732628559779633,0.014732628559779633,0.8089411342992794,0.18363571258056896
2009-04-01,0.031667447044984566,0,0.0005,-0.0005,0.031667447044984566,0.8085367648329208,0.18954404392456517
2009-04-02,0.01840638456797465,1,0.0005,0.01790638456797465,0.01840638456797465,0.8231451363082338,0.19306517068512857
2009-04-03,-0.0024760148830390853,0,0.0005,-0.0005,-0.0024760148830390853,0.822733666616075,0.19258772976844202
2009-04-06,-0.026693373236395413,0,0.0,-0.0,-0.026693373236395413,0.822733666616075,0.18751492002864728
2009-04-07,0.016727547996068622,0,0.0,0.0,0.016727547996068622,0.822733666616075,0.19067796610169574
2009-04-08,0.030515543925950413,0,0.0,0.0,0.030515543925950413,0.822733666616075,0.19658629744569192
2009-04-09,-0.0015190645485285642,1,0.0005,-0.0020190645485285643,-0.0015190645485285642,0.82107419009579,0.19628789687276285
2009-04-13,-0.012236310519956588,0,0.0005,-0.0005,-0.012236310519956588,0.8206637556179123,0.19390069228933005
2009-04-14,-0.0027739268827253194,0,0.0,-0.0,-0.0027739268827253194,0.8206637556179123,0.19336357125805764
2009-04-15,0.02559554718896394,0,0.0,0.0,0.02559554718896394,0.8206637556179123,0.1983767008832666
2009-04-16,0.0021036822183409464,1,0.0005,0.0016036822183409464,0.0021036822183409464,0.8219808953445283,0.19879446168536735
2009-04-17,-0.0326497345671607,0,0.0005,-0.0005,-0.0326497345671607,0.8215700076273456,0.19240868942468456
2009-04-20,0.013861303097691466,1,0.0005,0.013361303097691466,0.013861303097691466,0.8326209163816451,0.19509429458104643
2009-04-21,0.003054370120437595,0,0.0005,-0.0005,0.003054370120437595,0.8322047099837248,0.1956910957269046
2009-04-22,0.009711760702598035,0,0.0,0.0,0.009711760702598035,0.8322047099837248,0.19760085939365088
2009-04-23,0.017365705859306513,0,0.0,0.0,0.017365705859306513,0.8322047099837248,0.2010623060396284
2009-04-24,0.0011865916550972454,0,0.0,0.0,0.0011865916550972454,0.8322047099837248,0.20130102649797166
2009-04-27,-0.007439403452284286,0,0.0,-0.0,-0.007439403452284286,0.8322047099837248,0.19980902363332617
2009-04-28,0.013646014184805795,0,0.0,0.0,0.013646014184805795,0.8322047099837248,0.20255430890427392
2009-04-29,0.00996783392349886,0,0.0,0.0,0.00996783392349886,0.8322047099837248,0.2045834328001918
2009-04-30,0.0026219971321633116,0,0.0,0.0,0.0026219971321633116,0.8322047099837248,0.20512055383146416
2009-05-01,0.01959152261885667,0,0.0,0.0,0.01959152261885667,0.8322047099837248,0.20917880162329996
2009-05-04,-0.0008562866228931219,0,0.0,-0.0,-0.0008562866228931219,0.8322047099837248,0.20899976127954253
2009-05-05,0.00028551035168956256,0,0.0,0.0,0.00028551035168956256,0.8322047099837248,0.20905944139412835
2009-05-06,-0.023686838219882093,0,0.0,-0.0,-0.023686838219882093,0.8322047099837248,0.20416567199809113
2009-05-07,0.0005844535525806061,0,0.0,0.0,0.0005844535525806061,0.8322047099837248,0.20428503222726274
2009-05-08,0.0034995661262645535,1,0.0005,0.0029995661262645535,0.0034995661262645535,0.8347047106260731,0.2050011936022926
2009-05-11,-0.012302439872219642,1,0.0,-0.012302439872219642,-0.012302439872219642,0.8244987141642696,0.20249462878968813
2009-05-12,-0.027186140304156718,1,0.0,-0.027186140304156718,-0.027186140304156718,0.802385721830362,0.19706373836237853
2009-05-13,0.011143015463581065,0,0.0005,-0.0005,0.011143015463581065,0.8019846292509478,0.19927190260205382
2009-05-14,-0.0005991611922806354,0,0.0,-0.0,-0.0005991611922806354,0.8019846292509478,0.19915254237288216
2009-05-15,0.025737258510258956,0,0.0,0.0,0.025737258510258956,0.8019846292509478,0.20434471234184856
2009-05-18,0.00466201310581115,0,0.0,0.0,0.00466201310581115,0.8019846292509478,0.20529959417522164
2009-05-19,-0.003494470649773589,0,0.0,-0.0,-0.003494470649773589,0.8019846292509478,0.2045834328001918
2009-05-20,-0.018549037638842303,0,0.0,-0.0,-0.018549037638842303,0.8019846292509478,0.20082358558128516
2009-05-21,-0.003274299695674007,0,0.0,-0.0,-0.003274299695674007,0.8019846292509478,0.20016710432084112
2009-05-22,0.036591232768787806,0,0.0,0.0,0.036591232768787806,0.8019846292509478,0.20762711864406863
2009-05-26,-0.006922438950171806,0,0.0,-0.0,-0.006922438950171806,0.8019846292509478,0.20619479589400894
2009-05-27,0.011510918466140491,0,0.0,0.0,0.011510918466140491,0.8019846292509478,0.20858200047744174
2009-05-28,0.012228220051819878,0,0.0,0.0,0.012228220051819878,0.8019846292509478,0.21114824540463198
2009-05-29,0.028147322892429084,0,0.0,0.0,0.028147322892429084,0.8019846292509478,0.21717593697779983
2009-06-01,0.001373060767689104,1,0.0005,0.0008730607676891041,0.001373060767689104,0.802685116306425,0.21747433755072892
2009-06-02,-0.003023226158646997,1,0.0,-0.003023226158646997,-0.003023226158646997,0.8002620822012191,0.2168178562902849
2009-06-03,0.01122223355386915,0,0.0005,-0.0005,0.01122223355386915,0.7998620511762087,0.2192647409883036
2009-06-04,0.001088139389195428,0,0.0,0.0,0.001088139389195428,0.7998620511762087,0.2195034614466469
2009-06-05,-0.0029952370929403273,0,0.0,-0.0,-0.0029952370929403273,0.7998620511762087,0.21884698018620288
2009-06-08,0.007606665310976094,0,0.0,0.0,0.007606665310976094,0.7998620511762087,0.22051802339460586
2009-06-09,-0.003524471589279064,0,0.0,-0.0,-0.003524471589279064,0.7998620511762087,0.21974218190499017
2009-06-10,0.0,0,0.0,0.0,0.0,0.7998620511762087,0.21974218190499017
2009-06-11,-0.004627747472271315,0,0.0,-0.0,-0.004627747472271315,0.7998620511762087,0.21872761995703122
2009-06-12,-0.020676132838427303,1,0.0005,-0.021176132838427304,-0.020676132838427303,0.7831021473994564,0.2142516113630947
2009-06-15,-0.00979713924498338,0,0.0005,-0.0005,-0.00979713924498338,0.7827106941972125,0.212162807352591
2009-06-16,0.009490685607627015,0,0.0,0.0,0.009490685607627015,0.7827106941972125,0.21418596323705033
2009-06-17,-0.0019244452243111373,0,0.0,-0.0,-0.0019244452243111373,0.7827106941972125,0.21377417044640815
2009-06-18,0.009447138891409837,0,0.0,0.0,0.009447138891409837,0.7827106941972125,0.215803294342326
2009-06-19,-0.03032236801999336,1,0.0005,-0.03082236801999336,-0.03032236801999336,0.7589537012852996,0.20935784196705745
2009-06-22,-0.002283106014568521,1,0.0,-0.002283106014568521,-0.002283106014568521,0.7572229060714221,0.2088804010503709
2009-06-23,0.016716638032687674,1,0.0,0.016716638032687674,0.016716638032687674,0.769987520773769,0.21240152781093433
2009-06-24,0.019477521702877434,0,0.0005,-0.0005,0.019477521702877434,0.7696026232457828,0.21657913583194172
2009-06-25,0.002202037773918681,0,0.0,0.0,0.002202037773918681,0.7696026232457828,0.21705657674862827
2009-06-26,0.0021971994557696017,0,0.0,0.0,0.0021971994557696017,0.7696026232457828,0.21753401766531488
2009-06-29,-0.0019222853646909215,0,0.0,-0.0,-0.0019222853646909215,0.7696026232457828,0.21711625686321415
2009-06-30,0.0005496015527186049,0,0.0,0.0,0.0005496015527186049,0.7696026232457828,0.21723561709238576
2009-07-01,-0.022223136784710124,0,0.0,-0.0,-0.022223136784710124,0.7696026232457828,0.21246120792552015
2009-07-02,-0.00535137173417255,0,0.0,-0.0,-0.00535137173417255,0.7696026232457828,0.21132728574838952
2009-07-06,-0.025165754721911304,0,0.0,-0.0,-0.025165754721911304,0.7696026232457828,0.20607543566483735
2009-07-07,0.005199318471793893,0,0.0,0.0,0.005199318471793893,0.7696026232457828,0.20714967772738213
2009-07-08,0.0017271161460751556,0,0.0,0.0,0.0017271161460751556,0.7696026232457828,0.20750775841489708
2009-07-09,0.004304784951631393,0,0.0,0.0,0.004304784951631393,0.7696026232457828,0.20840296013368437
2009-07-10,0.019004968550700004,0,0.0,0.0,0.019004968550700004,0.7696026232457828,0.21240152781093438
2009-07-13,0.0036460564861969034,0,0.0,0.0,0.0036460564861969034,0.7696026232457828,0.21317736930055
2009-07-14,0.033042653626353224,0,0.0,0.0,0.033042653626353224,0.7696026232457828,0.22033898305084848
2009-07-15,0.0024347367634131875,1,0.0005,0.0019347367634131875,0.0024347367634131875,0.7710930430542815,0.22087610408212086
2009-07-16,0.014751507941997633,0,0.0005,-0.0005,0.014751507941997633,0.7707075929033222,0.22415851038434098
2009-07-17,0.00953902304675891,1,0.0005,0.00903902304675891,0.00953902304675891,0.7777056165995139,0.2263069945094305
2009-07-20,0.00683314091078039,1,0.0,0.00683314091078039,0.00683314091078039,0.7830379863335822,0.22785867748866181
2009-07-21,0.00834642299613704,1,0.0,0.00834642299613704,0.00834642299613704,0.7896009029293587,0.22976844115540807
2009-07-22,0.021837733569673754,1,0.0,0.021837733569673754,0.021837733569673754,0.8070336501368901,0.23484125089520283
2009-07-23,-0.007653098577717383,1,0.0,-0.007653098577717383,-0.007653098577717383,0.8008809158283495,0.23305084745762816
2009-07-24,0.007653098577717432,0,0.0005,-0.0005,0.007653098577717432,0.8004805754638669,0.23484125089520283
2009-07-27,-0.006885147688830319,0,0.0,-0.0,-0.006885147688830319,0.8004805754638669,0.23322988780138565
2009-07-28,0.006630985786331204,0,0.0,0.0,0.006630985786331204,0.8004805754638669,0.234781570780617
2009-07-29,0.005829442436419789,0,0.0,0.0,0.005829442436419789,0.8004805754638669,0.23615421341609086
2009-07-30,-0.0030372081054495597,0,0.0,-0.0,-0.0030372081054495597,0.8004805754638669,0.23543805204106105
2009-07-31,0.014844907155136443,0,0.0,0.0,0.014844907155136443,0.8004805754638669,0.2389591788016244
2009-08-03,0.0,0,0.0,0.0,0.0,0.8004805754638669,0.2389591788016244
2009-08-04,-0.007772384620512305,0,0.0,-0.0,-0.007772384620512305,0.8004805754638669,0.237109095249464
2009-08-05,-0.00884849661552797,0,0.0,-0.0,-0.00884849661552797,0.8004805754638669,0.23502029123896032
2009-08-06,0.012616871882657992,1,0.0005,0.012116871882657991,0.012616871882657992,0.8102388968144983,0.2380042969682513
2009-08-07,-0.0070458268332027575,0,0.0005,-0.0005,-0.0070458268332027575,0.8098338786290753,0.23633325375984832
2009-08-10,-0.008622929412119968,1,0.0005,-0.009122929412119968,-0.008622929412119968,0.8024794194327644,0.2343041298639304
2009-08-11,0.015417972544948616,1,0.0,0.015417972544948616,0.015417972544948616,0.8149478974219133,0.2379446168536654
2009-08-12,0.005502765261152147,0,0.0005,-0.0005,0.005502765261152147,0.8145405253247135,0.2392575793745535
2009-08-13,-0.011540519452071988,0,0.0,-0.0,-0.011540519452071988,0.8145405253247135,0.23651229410360577
2009-08-14,-0.029447781404837996,1,0.0005,-0.029947781404837996,-0.029447781404837996,0.7905084928608314,0.22964908092623643
2009-08-17,0.01419195539501792,1,0.0,0.01419195539501792,0.01419195539501792,0.8018073408617008,0.23293148722845655
2009-08-18,0.006893937682691818,0,0.0005,-0.0005,0.006893937682691818,0.8014065374004854,0.23454285032227365
2009-08-19,0.011636862913157674,0,0.0,0.0,0.011636862913157674,0.8014065374004854,0.23728813559322134
2009-08-20,0.013241917414882601,0,0.0,0.0,0.013241917414882601,0.8014065374004854,0.2404511816662698
2009-08-21,-0.0009932953386834694,0,0.0,-0.0,-0.0009932953386834694,0.8014065374004854,0.24021246120792653
2009-08-24,0.002976931000276952,0,0.0,0.0,0.002976931000276952,0.8014065374004854,0.24092862258295633
2009-08-25,-0.001735465912212155,0,0.0,-0.0,-0.001735465912212155,0.8014065374004854,0.24051086178085557
2009-08-26,0.0024783160144672216,0,0.0,0.0,0.0024783160144672216,0.8014065374004854,0.24110766292671382
2009-08-27,0.0009896091851662818,0,0.0,0.0,0.0009896091851662818,0.8014065374004854,0.2413463833850571
2009-08-28,-0.010190221147788333,0,0.0,-0.0,-0.010190221147788333,0.8014065374004854,0.2388994986870385
2009-08-31,-0.018913689518217053,0,0.0,-0.0,-0.018913689518217053,0.8014065374004854,0.23442349009310198
2009-09-01,-0.0007640392578477263,0,0.0,-0.0,-0.0007640392578477263,0.8014065374004854,0.23424444974934452
2009-09-02,0.006602360194881836,0,0.0,0.0,0.006602360194881836,0.8014065374004854,0.23579613272857586
2009-09-03,0.021285391062108833,0,0.0,0.0,0.021285391062108833,0.8014065374004854,0.2408689424683706
2009-09-04,0.009371215313251583,0,0.0,0.0,0.009371215313251583,0.8014065374004854,0.2431367868226318
2009-09-08,0.008554372096658595,0,0.0,0.0,0.008554372096658595,0.8014065374004854,0.2452255908331355
2009-09-09,0.009446600466008124,0,0.0,0.0,0.009446600466008124,0.8014065374004854,0.24755311530198246
2009-09-10,0.000963855496306659,0,0.0,0.0,0.000963855496306659,0.8014065374004854,0.24779183576032576
2009-09-11,0.0038461585874780936,0,0.0,0.0,0.0038461585874780936,0.8014065374004854,0.24874671759369882
2009-09-14,0.003114147923362225,0,0.0,0.0,0.003114147923362225,0.8014065374004854,0.24952255908331453
2009-09-15,0.014484403768062724,0,0.0,0.0,0.014484403768062724,0.8014065374004854,0.25316304607304957
2009-09-16,-0.00023576565003718123,0,0.0,-0.0,-0.00023576565003718123,0.8014065374004854,0.2531033659584637
2009-09-17,0.0007071302592831059,0,0.0,0.0,0.0007071302592831059,0.8014065374004854,0.2532824063022212
2009-09-18,0.003058466094278642,0,0.0,0.0,0.003058466094278642,0.8014065374004854,0.2540582477918369
2009-09-21,0.0018774940976271387,0,0.0,0.0,0.0018774940976271387,0.8014065374004854,0.25453568870852344
2009-09-22,-0.004700361180331741,0,0.0,-0.0,-0.004700361180331741,0.8014065374004854,0.25334208641680706
2009-09-23,-0.008992015154926826,1,0.0005,-0.009492015154926826,-0.008992015154926826,0.7938355631476682,0.2510742420625459
2009-09-24,-0.008833768797673728,1,0.0,-0.008833768797673728,-0.008833768797673728,0.7868538859818818,0.24886607782287054
2009-09-25,0.01688305468174339,0,0.0005,-0.0005,0.01688305468174339,0.7864605573792358,0.2531033659584637
2009-09-28,-0.004490141066324689,1,0.0005,-0.004990141066324689,-0.004490141066324689,0.7825457840141237,0.2519694437813331
2009-09-29,0.0007103113830084102,1,0.0,0.0007103113830084102,0.0007103113830084102,0.7831018326526937,0.25214848412509067
2009-09-30,-0.03003228709887509,0,0.0005,-0.0005,-0.03003228709887509,0.7827103796077839,0.24468846980186307
2009-10-01,-0.0029311208088587007,0,0.0,-0.0,-0.0029311208088587007,0.7827103796077839,0.24397230842683326
2009-10-02,0.00803999945527698,0,0.0,0.0,0.00803999945527698,0.7827103796077839,0.2459417522081653
2009-10-05,0.017559080123047816,0,0.0,0.0,0.017559080123047816,0.7827103796077839,0.2502984005729302
2009-10-06,0.002857144800779965,0,0.0,0.0,0.002857144800779965,0.7827103796077839,0.25101456194796
2009-10-07,0.0042704691234522855,0,0.0,0.0,0.0042704691234522855,0.7827103796077839,0.2520888040105048
2009-10-08,0.0056657375356773,0,0.0,0.0,0.0056657375356773,0.7827103796077839,0.25352112676056443
2009-10-09,0.0021164029063776937,0,0.0,0.0,0.0021164029063776937,0.7827103796077839,0.25405824779183683
2009-10-12,0.00023487962527245711,0,0.0,0.0,0.00023487962527245711,0.7827103796077839,0.2541179279064227
2009-10-13,0.013529480924600514,0,0.0,0.0,0.013529480924600514,0.7827103796077839,0.25757937455240026
2009-10-14,-0.002319648453716796,0,0.0,-0.0,-0.002319648453716796,0.7827103796077839,0.25698257340654207
2009-10-15,-0.0065237882819573784,0,0.0,-0.0,-0.0065237882819573784,0.7827103796077839,0.2553115301981391
2009-10-16,0.010001246289582317,0,0.0,0.0,0.010001246289582317,0.7827103796077839,0.2578777751253294
2009-10-19,0.0002314011348981728,0,0.0,0.0,0.0002314011348981728,0.7827103796077839,0.25793745523991524
2009-10-20,-0.001852710117729522,0,0.0,-0.0,-0.001852710117729522,0.7827103796077839,0.2574600143232287
2009-10-21,0.003932914265524993,0,0.0,0.0,0.003932914265524993,0.7827103796077839,0.25847457627118764
2009-10-22,-0.004164744566783535,0,0.0,-0.0,-0.004164744566783535,0.7827103796077839,0.25740033420864283
2009-10-23,-0.003251280151561613,1,0.0005,-0.003751280151561613,-0.003251280151561613,0.7797797140069078,0.25656481260444136
2009-10-26,-0.015235264801471094,0,0.0005,-0.0005,-0.015235264801471094,0.7793899216061252,0.252685605156363
2009-10-27,-0.022692959946078155,0,0.0,-0.0,-0.022692959946078155,0.7793899216061252,0.24701599427071008
2009-10-28,0.01677087702183834,0,0.0,0.0,0.01677087702183834,0.7793899216061252,0.25119360229171755
2009-10-29,-0.02721420205122702,0,0.0,-0.0,-0.02721420205122702,0.7793899216061252,0.24444974934351987
2009-10-30,0.004141801511080369,0,0.0,0.0,0.004141801511080369,0.7793899216061252,0.2454643112914788
2009-11-02,0.00315572540077288,0,0.0,0.0,0.00315572540077288,0.7793899216061252,0.2462401527810944
2009-11-03,0.001695120880535139,1,0.0005,0.001195120880535139,0.001695120880535139,0.7803219436040558,0.2466579135831951
2009-11-04,0.02437979257442241,0,0.0005,-0.0005,0.02437979257442241,0.779931880156242,0.2527452852709488
2009-11-05,0.00588583217726135,0,0.0,0.0,0.00588583217726135,0.779931880156242,0.25423728813559426
2009-11-06,0.021136543457264012,0,0.0,0.0,0.021136543457264012,0.779931880156242,0.2596681785629039
2009-11-09,0.00252496404089427,0,0.0,0.0,0.00252496404089427,0.779931880156242,0.2603246598233479
2009-11-10,0.006398559307642775,0,0.0,0.0,0.006398559307642775,0.779931880156242,0.2619957030317509
2009-11-11,-0.0057110377955145045,0,0.0,-0.0,-0.0057110377955145045,0.779931880156242,0.2605037001671054
2009-11-12,0.0082135985373888,0,0.0,0.0,0.0082135985373888,0.779931880156242,0.2626521842921949
2009-11-13,0.010173027713050568,0,0.0,0.0,0.010173027713050568,0.779931880156242,0.2653377894485568
2009-11-16,0.003143950489967783,1,0.0005,0.002643950489967783,0.003143950489967783,0.7819967098838628,0.26617331105275827
2009-11-17,-0.005553508815210939,1,0.0,-0.005553508815210939,-0.005553508815210939,0.7776659209300217,0.2646992122224885
2009-11-18,-0.015747999089009725,0,0.0005,-0.0005,-0.015747999089009725,0.7772771851615975,0.2605633802816911
2009-11-19,-0.005051675496117834,0,0.0,-0.0,-0.005051675496117834,0.7772771851615975,0.2592504177608031
2009-11-20,0.015985725202910386,0,0.0,0.0,0.015985725202910386,0.7772771851615975,0.26342802578181046
2009-11-23,-0.003404065467961882,0,0.0,-0.0,-0.003404065467961882,0.7772771851615975,0.2625328240630232
2009-11-24,0.004309862631342783,1,0.0005,0.003809862631342783,0.004309862631342783,0.7802441527441938,0.2636667462401538
2009-11-25,-0.01528140125938246,1,0.0,-0.01528140125938246,-0.01528140125938246,0.7684115682639173,0.2596681785629038
2009-11-27,0.0011485013321711882,0,0.0005,-0.0005,0.0011485013321711882,0.7680274585152248,0.25996657913583293
2009-11-30,0.01027758275824023,0,0.0,0.0,0.01027758275824023,0.7680274585152248,0.26265218429219483
2009-12-01,0.0013623980308956293,0,0.0,0.0,0.0013623980308956293,0.7680274585152248,0.2630102649797098
2009-12-02,-0.004092775153753036,0,0.0,-0.0,-0.004092775153753036,0.7680274585152248,0.261936022917165
2009-12-03,0.005226690685158953,0,0.0,0.0,0.005226690685158953,0.7680274585152248,0.2633086655526389
2009-12-04,-0.004771109811675612,1,0.0005,-0.005271109811675612,-0.004771109811675612,0.7639897523880335,0.26205538314633664
2009-12-07,-0.0061220951446887915,0,0.0005,-0.0005,-0.0061220951446887915,0.7636078529946441,0.26045595607543676
2009-12-08,0.009986175415721917,0,0.0,0.0,0.009986175415721917,0.7636078529946441,0.26306994509429565
2009-12-09,0.00497851220643085,0,0.0,0.0,0.00497851220643085,0.7636078529946441,0.2643829076151837
2009-12-10,-0.0038448537696340332,0,0.0,-0.0,-0.0038448537696340332,0.7636078529946441,0.2633683456672247
2009-12-11,0.009472330635362444,0,0.0,0.0,0.009472330635362444,0.7636078529946441,0.26587491047982914
2009-12-14,-0.005627476865728336,0,0.0,-0.0,-0.005627476865728336,0.7636078529946441,0.2643829076151837
2009-12-15,0.0013534854310763558,0,0.0,0.0,0.0013534854310763558,0.7636078529946441,0.2647409883026986
2009-12-16,-0.012247828314845778,0,0.0,-0.0,-0.012247828314845778,0.7636078529946441,0.26151826211506435
2009-12-17,0.014499574368730088,0,0.0,0.0,0.014499574368730088,0.7636078529946441,0.26533778944855685
2009-12-18,0.011183297049385109,0,0.0,0.0,0.011183297049385109,0.7636078529946441,0.2683217951778479
2009-12-21,0.00598737790431596,0,0.0,0.0,0.00598737790431596,0.7636078529946441,0.269933158271665
2009-12-22,0.007269555089229799,0,0.0,0.0,0.007269555089229799,0.7636078529946441,0.2719026020529971
2009-12-23,0.009176380756053886,0,0.0,0.0,0.009176380756053886,0.7636078529946441,0.2744091668656015
2009-12-24,0.005206085511199266,0,0.0,0.0,0.005206085511199266,0.7636078529946441,0.27584148961566124
2009-12-28,-0.00411924701708456,0,0.0,-0.0,-0.00411924701708456,0.7636078529946441,0.27470756743853064
2009-12-29,0.003036878689747404,0,0.0,0.0,0.003036878689747404,0.7636078529946441,0.2755430890427321
2009-12-30,-0.009138444797367227,0,0.0,-0.0,-0.009138444797367227,0.7636078529946441,0.2730365242301277
2009-12-31,0.014538609124760685,0,0.0,0.0,0.014538609124760685,0.7636078529946441,0.2770350919073777
2010-01-04,0.0,0,0.0,0.0,0.0,0.7636078529946441,0.2770350919073777
2010-01-05,-0.006050148100683406,0,0.0,-0.0,-0.006050148100683406,0.7636078529946441,0.2753640486989747
2010-01-06,0.0006499837732899861,0,0.0,0.0,0.0006499837732899861,0.7636078529946441,0.27554308904273217
2010-01-07,0.00819676720417849,1,0.0005,0.00769676720417849,0.00819676720417849,0.7695078411657998,0.27781093339699336
2010-01-08,-0.004089985251525055,0,0.0005,-0.0005,-0.004089985251525055,0.7691231834176676,0.27667701121986277
2010-01-11,-0.0125897039471303,1,0.0005,-0.0130897039471303,-0.0125897039471303,0.7591211930061766,0.2732155645738852
2010-01-12,0.012373977487443526,0,0.0005,-0.0005,0.012373977487443526,0.7587417272840097,0.276617331105277
2010-01-13,0.00086262675178821,1,0.0005,0.00036262675178821003,0.00086262675178821,0.7590169172246224,0.27685605156362025
2010-01-14,-0.01170872006117845,0,0.0005,-0.0005,-0.01170872006117845,0.7586375036273139,0.27363332537598595
2010-01-15,0.016010727126231507,1,0.0005,0.015510727126231506,0.016010727126231507,0.7704962541053099,0.27804965385533664
2010-01-19,-0.014485173817394404,0,0.0005,-0.0005,-0.014485173817394404,0.770111102274239,0.2740510861780867
2010-01-20,-0.009408230429398309,0,0.0,-0.0,-0.009408230429398309,0.770111102274239,0.27148484125089645
2010-01-21,-0.029673119613072976,0,0.0,-0.0,-0.029673119613072976,0.770111102274239,0.26354738601098227
2010-01-22,0.0033909832425582822,0,0.0,0.0,0.0033909832425582822,0.770111102274239,0.2644425877297696
2010-01-25,0.0009023235441904031,0,0.0,0.0,0.0009023235441904031,0.770111102274239,0.2646813081881129
2010-01-26,0.007860792863934641,0,0.0,0.0,0.007860792863934641,0.770111102274239,0.2667701121986166
2010-01-27,-0.02606379832101152,0,0.0,-0.0,-0.02606379832101152,0.770111102274239,0.25990689902124725
2010-01-28,-0.017605272869786283,1,0.0005,-0.018105272869786283,-0.017605272869786283,0.7562934938628438,0.25537121031272497
2010-01-29,0.010923990096187197,0,0.0005,-0.0005,0.010923990096187197,0.7559154416368451,0.2581761756982585
2010-02-01,0.0089748617606985,0,0.0,0.0,0.0089748617606985,0.7559154416368451,0.2605037001671055
2010-02-02,0.005483221414531401,1,0.0005,0.004983221414531402,0.005483221414531401,0.7596917368963206,0.2619360229171652
2010-02-03,-0.02936287702967168,1,0.0,-0.02936287702967168,-0.02936287702967168,0.7377093147988422,0.254356648364766
2010-02-04,0.008411264543893229,1,0.0,0.008411264543893229,0.008411264543893229,0.7439405525587572,0.2565051324898555
2010-02-05,-0.007238794014455661,0,0.0005,-0.0005,-0.007238794014455661,0.7435686752595501,0.25465504893769514
2010-02-08,0.01025889155913459,0,0.0,0.0,0.01025889155913459,0.7435686752595501,0.2572809739794712
2010-02-09,-0.0020898649194591307,0,0.0,-0.0,-0.0020898649194591307,0.7435686752595501,0.25674385294819885
2010-02-10,0.014996243657885464,0,0.0,0.0,0.014996243657885464,0.7435686752595501,0.26062306039627714
2010-02-11,0.0020587906162561,0,0.0,0.0,0.0020587906162561,0.7435686752595501,0.2611601814275495
2010-02-12,0.012715884325302714,0,0.0,0.0,0.012715884325302714,0.7435686752595501,0.2645022678443555
2010-02-16,0.005624944519436162,0,0.0,0.0,0.005624944519436162,0.7435686752595501,0.265994270709001
2010-02-17,0.00626260154634067,0,0.0,0.0,0.00626260154634067,0.7435686752595501,0.26766531391740395
2010-02-18,-0.00044603033745704905,0,0.0,-0.0,-0.00044603033745704905,0.7435686752595501,0.26754595368823225
2010-02-19,-0.002009602105364538,0,0.0,-0.0,-0.002009602105364538,0.7435686752595501,0.2670088326569599
2010-02-22,-0.013048554093143854,0,0.0,-0.0,-0.013048554093143854,0.7435686752595501,0.26354738601098227
2010-02-23,0.010138647171333613,0,0.0,0.0,0.010138647171333613,0.7435686752595501,0.2662329911673442
2010-02-24,-0.00022419011415494605,0,0.0,-0.0,-0.00022419011415494605,0.7435686752595501,0.26617331105275843
2010-02-25,0.003581024417706021,0,0.0,0.0,0.003581024417706021,0.7435686752595501,0.26712819288613154
2010-02-26,0.014417461666135303,0,0.0,0.0,0.014417461666135303,0.7435686752595501,0.27100740033420984
2010-03-01,0.003078278596107489,0,0.0,0.0,0.003078278596107489,0.7435686752595501,0.27184292193841125
2010-03-02,0.001097092814373149,0,0.0,0.0,0.001097092814373149,0.7435686752595501,0.2721413225113404
2010-03-03,0.0032840752011897975,0,0.0,0.0,0.0032840752011897975,0.7435686752595501,0.2730365242301277
2010-03-04,0.014969365108160286,0,0.0,0.0,0.014969365108160286,0.7435686752595501,0.27715445213654927
2010-03-05,0.0019361090268664007,1,0.0005,0.0014361090268664007,0.0019361090268664007,0.744637288084788,0.2776915731678216
2010-03-08,0.005572239021567701,1,0.0,0.005572239021567701,0.005572239021567701,0.748798166978019,0.279243256147053
2010-03-09,0.008088592418045508,1,0.0,0.008088592418045508,0.008088592418045508,0.75487945151428,0.28151110050131417
2010-03-10,0.00380872233591693,0,0.0005,-0.0005,0.00380872233591693,0.7545021061327296,0.2825853425638589
2010-03-11,0.00021117094366301746,0,0.0,0.0,0.00021117094366301746,0.7545021061327296,0.28264502267844477
2010-03-12,-0.0025369992465886742,0,0.0,-0.0,-0.0025369992465886742,0.7545021061327296,0.28192886130341493
2010-03-15,0.006330470602886335,0,0.0,0.0,0.006330470602886335,0.7545021061327296,0.2837192647409895
2010-03-16,0.0027308072846865057,0,0.0,0.0,0.0027308072846865057,0.7545021061327296,0.28449510623060525
2010-03-17,0.0033507884754711828,0,0.0,0.0,0.0033507884754711828,0.7545021061327296,0.2854499880639783
2010-03-18,-0.0071338951311749645,0,0.0,-0.0,-0.0071338951311749645,0.7545021061327296,0.28342086416806045
2010-03-19,0.009013791246163328,0,0.0,0.0,0.009013791246163328,0.7545021061327296,0.2859871090952507
2010-03-22,0.006914686107031969,0,0.0,0.0,0.006914686107031969,0.7545021061327296,0.2879714729052292
2010-03-23,-0.004830049121118694,0,0.0,-0.0,-0.004830049121118694,0.7545021061327296,0.2865839102411089
2010-03-24,-0.0014587894636599842,0,0.0,-0.0,-0.0014587894636599842,0.7545021061327296,0.2861661494390082
2010-03-25,0.00104220957844359,0,0.0,0.0,0.00104220957844359,0.7545021061327296,0.28646455001193727
2010-03-26,0.00478022317298944,0,0.0,0.0,0.00478022317298944,0.7545021061327296,0.2878371926474111
2010-03-29,0.0033119467243468204,0,0.0,0.0,0.0033119467243468204,0.7545021061327296,0.28879207448078426
2010-03-30,-0.0047643798046616975,0,0.0,-0.0,-0.0047643798046616975,0.7545021061327296,0.2874194318453104
2010-03-31,0.0,1,0.0005,-0.0005,0.0,0.7541249493767097,0.2874194318453104
2010-04-01,0.00930047005679862,1,0.0,0.00930047005679862,0.00930047005679862,0.7611713826661517,0.29010503700167234
2010-04-05,0.0028759263864919947,0,0.0005,-0.0005,0.0028759263864919947,0.7607908921053856,0.29094055860587376
2010-04-06,-0.0024645730281616994,0,0.0,-0.0,-0.0024645730281616994,0.7607908921053856,0.290224397230844
2010-04-07,0.002259423781365772,0,0.0,0.0,0.002259423781365772,0.7607908921053856,0.29088087849128796
2010-04-08,0.0059323074660816814,0,0.0,0.0,0.0059323074660816814,0.7607908921053856,0.2926116018142768
2010-04-09,0.000815494438670153,0,0.0,0.0,0.000815494438670153,0.7607908921053856,0.2928503222726201
2010-04-12,0.005081828194331544,0,0.0,0.0,0.005081828194331544,0.7607908921053856,0.2943423251372656
2010-04-13,0.011891705185374192,0,0.0,0.0,0.011891705185374192,0.7607908921053856,0.2978634518978289
2010-04-14,0.00439824779389425,0,0.0,0.0,0.00439824779389425,0.7607908921053856,0.299176414418717
2010-04-15,-0.012041084675265748,0,0.0,-0.0,-0.012041084675265748,0.7607908921053856,0.2955956075435678
2010-04-16,-0.0006058770255017225,0,0.0,-0.0,-0.0006058770255017225,0.7607908921053856,0.2954165671998103
2010-04-19,0.005037794029957081,0,0.0,0.0,0.005037794029957081,0.7607908921053856,0.2969085700644558
2010-04-20,0.005612361895512001,0,0.0,0.0,0.005612361895512001,0.7607908921053856,0.2985796132728588
2010-04-21,0.005581039003113418,0,0.0,0.0,0.005581039003113418,0.7607908921053856,0.30025065648126176
2010-04-22,0.004165432979063176,1,0.0005,0.003665432979063176,0.004165432979063176,0.7635846371461609,0.301503938887564
2010-04-23,-0.0021797293877510223,0,0.0005,-0.0005,-0.0021797293877510223,0.7632029402597614,0.30084745762711995
2010-04-26,-0.021454456993328683,0,0.0,-0.0,-0.021454456993328683,0.7632029402597614,0.29446168536643724
2010-04-27,0.0006078411695608068,1,0.0005,0.00010784116956080681,0.0006078411695608068,0.7632852493955282,0.2946407257101946
2010-04-28,0.01726950549118177,1,0.0,0.01726950549118177,0.01726950549118177,0.7765812857431108,0.29977321556457515
2010-04-29,-0.01995692946492903,0,0.0005,-0.0005,-0.01995692946492903,0.7761930921567232,0.2938499641919325
2010-04-30,0.013966496215493666,0,0.0,0.0,0.013966496215493666,0.7761930921567232,0.29798281212700056
2010-05-03,-0.030502568097380122,0,0.0,-0.0,-0.030502568097380122,0.7761930921567232,0.2890307949391276
2010-05-04,-0.005175459228412417,1,0.0005,-0.0056754592284124165,-0.005175459228412417,0.7718003172076143,0.2875387920744821
2010-05-05,-0.03398744019243945,0,0.0005,-0.0005,-0.03398744019243945,0.7714145135079731,0.27793029362616506
2010-05-06,-0.02522421188442615,0,0.0,-0.0,-0.02522421188442615,0.7714145135079731,0.2710074003342099
2010-05-07,0.05066548229201077,0,0.0,0.0,0.05066548229201077,0.7714145135079731,0.28509190737646345
2010-05-10,-0.0010472301721552472,0,0.0,-0.0,-0.0010472301721552472,0.7714145135079731,0.2847935068035343
2010-05-11,0.018684371658261846,0,0.0,0.0,0.018684371658261846,0.7714145135079731,0.29016471711625813
2010-05-12,-0.015963850989013977,0,0.0,-0.0,-0.015963850989013977,0.7714145135079731,0.28556934829315
2010-05-13,-0.019413988092637068,0,0.0,-0.0,-0.019413988092637068,0.7714145135079731,0.28007877775125445
2010-05-14,0.003191152585749565,0,0.0,0.0,0.003191152585749565,0.7714145135079731,0.2809739794700417
2010-05-17,-0.013902480360245622,1,0.0005,-0.014402480360245622,-0.013902480360245622,0.7603838562148469,0.2770947720219634
2010-05-18,-0.008000907639291158,0,0.0005,-0.0005,-0.008000907639291158,0.7600037593188822,0.2748866077822881
2010-05-19,-0.037832185636950684,0,0.0,-0.0,-0.037832185636950684,0.7600037593188822,0.2646813081881128
2010-05-20,0.010987889448370694,0,0.0,0.0,0.010987889448370694,0.7600037593188822,0.267605633802818
2010-05-21,-0.004022351791947462,0,0.0,-0.0,-0.004022351791947462,0.7600037593188822,0.2665313917402731
2010-05-24,0.0008952552075114304,1,0.0005,0.0003952552075114304,0.0008952552075114304,0.7603042141367353,0.26677011219861646
2010-05-25,-0.011248712535870653,1,0.0,-0.011248712535870653,-0.011248712535870653,0.7517996927258099,0.26378610646932543
2010-05-26,0.037086519525428054,1,0.0,0.037086519525428054,0.037086519525428054,0.7802047942383008,0.27375268560515736
2010-05-27,-0.0059035920887401,0,0.0005,-0.0005,-0.0059035920887401,0.7798147893505287,0.27214132251134027
2010-05-28,-0.00925320548048327,0,0.0,-0.0,-0.00925320548048327,0.7798147893505287,0.2696347576987358
2010-06-01,0.023406952918577043,0,0.0,0.0,0.023406952918577043,0.7798147893505287,0.27602052995941856
2010-06-02,0.009468545024411315,1,0.0005,0.008968545024411315,0.009468545024411315,0.7868400494909064,0.27864645500119467
2010-06-03,-0.03481407342062831,0,0.0005,-0.0005,-0.03481407342062831,0.7864467278047766,0.2691125566961099
2010-06-04,-0.01840868881816753,0,0.0,-0.0,-0.01840868881816753,0.7864467278047766,0.2642038672714262
2010-06-07,-0.0018087276014011706,0,0.0,-0.0,-0.0018087276014011706,0.7864467278047766,0.2637264263547396
2010-06-08,-0.008408184975328054,0,0.0,-0.0,-0.008408184975328054,0.7864467278047766,0.26151826211506424
2010-06-09,0.028126502535236363,0,0.0,0.0,0.028126502535236363,0.7864467278047766,0.26897827643829175
2010-06-10,0.009495489254347816,0,0.0,0.0,0.009495489254347816,0.7864467278047766,0.271544521365482
2010-06-11,-0.0002198043749919901,0,0.0,-0.0,-0.0002198043749919901,0.7864467278047766,0.2714848412508962
2010-06-14,0.026465752932103803,0,0.0,0.0,0.026465752932103803,0.7864467278047766,0.2787658152303662
2010-06-15,0.004059400938217089,1,0.0005,0.0035594009382170894,0.004059400938217089,0.7892509948202231,0.2798997374074968
2010-06-16,0.0031931905791549855,0,0.0005,-0.0005,0.0031931905791549855,0.7888564679627467,0.2807949391262841
2010-06-17,-0.0010632643213300003,0,0.0,-0.0,-0.0010632643213300003,0.7888564679627467,0.28049653855335505
2010-06-18,-0.008547060578458408,1,0.0005,-0.009047060578458409,-0.008547060578458408,0.781751822248588,0.2781093339699222
2010-06-21,-0.007755316767478161,1,0.0,-0.007755316767478161,-0.007755316767478161,0.7757125377848649,0.2759608498448327
2010-06-22,-0.004117461662806255,0,0.0005,-0.0005,-0.004117461662806255,0.775324778463881,0.27482692766770206
2010-06-23,-0.015317586140170137,1,0.0005,-0.015817586140170137,-0.015317586140170137,0.7631574942101031,0.27064931964669464
2010-06-24,-0.0017656151132783473,0,0.0005,-0.0005,-0.0017656151132783473,0.7627760108417878,0.27017187873000814
2010-06-25,-0.0035406100275627433,0,0.0,-0.0,-0.0035406100275627433,0.7627760108417878,0.269216996896635
2010-06-28,-0.03933599357302979,0,0.0,-0.0,-0.03933599357302979,0.7627760108417878,0.2588326569587022
2010-06-29,-0.01533487299389966,0,0.0,-0.0,-0.01533487299389966,0.7627760108417878,0.25489376939603814
2010-06-30,-0.0028136009182529904,1,0.0005,-0.0033136009182529905,-0.0028136009182529904,0.76025265855193,0.2541776080210083
2010-07-01,-0.0028215396099424204,0,0.0005,-0.0005,-0.0028215396099424204,0.7598726272383998,0.25346144664597847
2010-07-02,0.003056308950144952,0,0.0,0.0,0.003056308950144952,0.7598726272383998,0.2542372881355941
2010-07-06,0.03142587626009576,1,0.0005,0.030925876260095762,0.03142587626009576,0.7837395039403194,0.26235378371926565
2010-07-07,0.005444659548231764,0,0.0005,-0.0005,0.005444659548231764,0.7833477321394614,0.2637861064693253
2010-07-08,0.009457399920733979,0,0.0,0.0,0.009457399920733979,0.7833477321394614,0.26629267128192974
2010-07-09,0.0029092557164780088,0,0.0,0.0,0.0029092557164780088,0.7833477321394614,0.2670685127715455
2010-07-12,0.012877620231893436,0,0.0,0.0,0.012877620231893436,0.7833477321394614,0.270529959417523
2010-07-13,0.005061073626223494,0,0.0,0.0,0.005061073626223494,0.7833477321394614,0.2719026020529969
2010-07-14,0.0008775779413589422,0,0.0,0.0,0.0008775779413589422,0.7833477321394614,0.27214132251134016
2010-07-15,-0.028020512332174907,0,0.0,-0.0,-0.028020512332174907,0.7833477321394614,0.26462162807352685
2010-07-16,0.008533624658678221,0,0.0,0.0,0.008533624658678221,0.7833477321394614,0.266889472427788
2010-07-19,0.012002811358547482,0,0.0,0.0,0.012002811358547482,0.7833477321394614,0.2701121986154223
2010-07-20,-0.01379332213233576,0,0.0,-0.0,-0.01379332213233576,0.7833477321394614,0.26641203151110143
2010-07-21,0.024998536592495214,1,0.0005,0.024498536592495214,0.024998536592495214,0.8027756108457547,0.27315588445929906
2010-07-22,0.006316039726988472,1,0.0,0.006316039726988472,0.006316039726988472,0.8078620195664291,0.2748866077822879
2010-07-23,0.00821626243715152,1,0.0,0.00821626243715152,0.00821626243715152,0.8145269689245542,0.27715445213654905
2010-07-26,-0.0004307559833996323,1,0.0,-0.0004307559833996323,-0.0004307559833996323,0.8141761821162319,0.27703509190737746
2010-07-27,-0.008002638144975248,1,0.0,-0.008002638144975248,-0.008002638144975248,0.8076866261622678,0.2748269276677021
2010-07-28,-0.007410670357662767,0,0.0005,-0.0005,-0.007410670357662767,0.8072828837931904,0.27279780377178425
2010-07-29,0.00218531555499777,0,0.0,0.0,0.00218531555499777,0.8072828837931904,0.27339460491764245
2010-07-30,0.01859915206307355,0,0.0,0.0,0.01859915206307355,0.8072828837931904,0.278527094772023
2010-08-02,-0.004294616864837333,0,0.0,-0.0,-0.004294616864837333,0.8072828837931904,0.2773334924803066
2010-08-03,0.010020638834111788,0,0.0,0.0,0.010020638834111788,0.8072828837931904,0.280126521842923
2010-08-04,-0.0023035587355482827,0,0.0,-0.0,-0.0023035587355482827,0.8072828837931904,0.27948197660539614
2010-08-05,-0.0014958865915826911,0,0.0,-0.0,-0.0014958865915826911,0.8072828837931904,0.27906421580329543
2010-08-06,0.006820145788208327,0,0.0,0.0,0.006820145788208327,0.8072828837931904,0.28097397947004166
2010-08-09,-0.008693156262730314,0,0.0,-0.0,-0.008693156262730314,0.8072828837931904,0.2785420148006695
2010-08-10,-0.027643021082043306,0,0.0,-0.0,-0.027643021082043306,0.8072828837931904,0.2709477202196239
2010-08-11,-0.00796112121586733,0,0.0,-0.0,-0.00796112121586733,0.8072828837931904,0.2687992360945344
2010-08-12,-0.007130154984591191,0,0.0,-0.0,-0.007130154984591191,0.8072828837931904,0.2668894724277881
2010-08-13,0.0017873105740956587,0,0.0,0.0,0.0017873105740956587,0.8072828837931904,0.2673669133444747
2010-08-16,0.012687035275856602,0,0.0,0.0,0.012687035275856602,0.8072828837931904,0.2707806158987836
2010-08-17,0.003915449009171195,0,0.0,0.0,0.003915449009171195,0.8072828837931904,0.2718429219384112
2010-08-18,-0.015264094613904985,0,0.0,-0.0,-0.015264094613904985,0.8072828837931904,0.2677249940319897
2010-08-19,0.00133660077818013,0,0.0,0.0,0.00133660077818013,0.8072828837931904,0.26808307471950454
2010-08-20,-0.009843479927915559,0,0.0,-0.0,-0.009843479927915559,0.8072828837931904,0.2654571496777285
2010-08-23,-0.018836367656715692,1,0.0005,-0.019336367656715692,-0.018836367656715692,0.7918229166510156,0.26050370016710545
2010-08-24,0.009575996568284383,1,0.0,0.009575996568284383,0.009575996568284383,0.7994418313129498,0.2630102649797099
2010-08-25,-0.01209922304749428,0,0.0005,-0.0005,-0.01209922304749428,0.7990422103108692,0.2598472189066614
2010-08-26,0.01209922304749433,0,0.0,0.0,0.01209922304749433,0.7990422103108692,0.2630102649797099
2010-08-27,-0.010492796999220516,1,0.0005,-0.010992796999220516,-0.010492796999220516,0.7903066038419368,0.26026497970876217
2010-08-30,-0.0034455070263914437,0,0.0005,-0.0005,-0.0034455070263914437,0.7899115493118787,0.25936977798997485
2010-08-31,0.029473908615440733,0,0.0,0.0,0.029473908615440733,0.7899115493118787,0.26712819288613143
2010-09-01,0.011108756761666803,1,0.0005,0.010608756761666803,0.011108756761666803,0.7983361369900484,0.27011219861542246
2010-09-02,0.016435123961985886,0,0.0005,-0.0005,0.016435123961985886,0.7979370686969405,0.274588207209359
2010-09-03,-0.006760466267218144,0,0.0,-0.0,-0.006760466267218144,0.7979370686969405,0.27273812365719863
2010-09-07,0.011963166058275224,0,0.0,0.0,0.011963166058275224,0.7979370686969405,0.2760205299594188
2010-09-08,0.003884338073396233,0,0.0,0.0,0.003884338073396233,0.7979370686969405,0.27709477202196353
2010-09-09,0.0036547390997699685,0,0.0,0.0,0.0036547390997699685,0.7979370686969405,0.2781093339699225
2010-09-10,0.013852112808151464,0,0.0,0.0,0.013852112808151464,0.7979370686969405,0.2819885414180008
2010-09-13,0.004223871116185243,1,0.0005,0.0037238711161852434,0.004223871116185243,0.8009140229564136,0.2831821437097172
2010-09-14,0.006302541870802305,0,0.0005,-0.0005,0.006302541870802305,0.8005136660425046,0.2849725471472918
2010-09-15,0.00397116207949899,0,0.0,0.0,0.00397116207949899,0.8005136660425046,0.28610646932442235
2010-09-16,0.0011466098092620127,0,0.0,0.0,0.0011466098092620127,0.8005136660425046,0.2864347099546444
2010-09-17,0.017245991334611983,0,0.0,0.0,0.017245991334611983,0.8005136660425046,0.29141740272141453
2010-09-20,-0.0002027651852981281,0,0.0,-0.0,-0.0002027651852981281,0.8005136660425046,0.2913583194079746
2010-09-21,-0.0026663947702045346,0,0.0,-0.0,-0.0026663947702045346,0.8005136660425046,0.2905824779183589
2010-09-22,-0.00041084634924655683,0,0.0,-0.0,-0.00041084634924655683,0.8005136660425046,0.29046311768918726
2010-09-23,0.020136956234657548,0,0.0,0.0,0.020136956234657548,0.8005136660425046,0.29637144903318347
2010-09-24,-0.005451805527487055,0,0.0,-0.0,-0.005451805527487055,0.8005136660425046,0.29476008593936637
2010-09-27,-0.0004050222817619628,0,0.0,-0.0,-0.0004050222817619628,0.8005136660425046,0.29464072571019473
2010-09-28,-0.001621731553485098,0,0.0,-0.0,-0.001621731553485098,0.8005136660425046,0.2941632847935082
2010-09-29,-0.004473370615474368,0,0.0,-0.0,-0.004473370615474368,0.8005136660425046,0.29285032227262014
2010-09-30,-0.0012234911803559686,0,0.0,-0.0,-0.0012234911803559686,0.8005136660425046,0.29249224158510523
2010-10-01,-0.010873017160397179,1,0.0005,-0.011373017160397179,-0.010873017160397179,0.7914609861003907,0.2893291955120567
2010-10-04,0.024048438318961595,0,0.0005,-0.0005,0.024048438318961595,0.791065354523477,0.2963714490331836
2010-10-05,-0.00869658630991135,1,0.0005,-0.00919658630991135,-0.00869658630991135,0.7838236044441477,0.29380520410599326
2010-10-06,0.003649639087549331,1,0.0,0.003649639087549331,0.003649639087549331,0.7866895042775813,0.294879446168538
2010-10-07,0.006857630746943178,1,0.0,0.006857630746943178,0.006857630746943178,0.792102870629623,0.2969085700644559
2010-10-08,0.00040192926586109245,0,0.0005,-0.0005,0.00040192926586109245,0.791706918190667,0.29702793029362756
2010-10-11,0.006808196101170425,0,0.0,0.0,0.006808196101170425,0.791706918190667,0.2990570541895454
2010-10-12,0.008148708510657077,0,0.0,0.0,0.008148708510657077,0.791706918190667,0.30150393888756405
2010-10-13,-0.0019813757225166373,0,0.0,-0.0,-0.0019813757225166373,0.791706918190667,0.30090713774170585
2010-10-14,0.020999692298276126,0,0.0,0.0,0.020999692298276126,0.791706918190667,0.30729291000238856
2010-10-15,-0.003696861881326203,0,0.0,-0.0,-0.003696861881326203,0.791706918190667,0.3061589878252579
2010-10-18,-0.009400774284705779,0,0.0,-0.0,-0.009400774284705779,0.791706918190667,0.3032943423251386
2010-10-19,0.007254222577473827,0,0.0,0.0,0.007254222577473827,0.791706918190667,0.3055025065648139
2010-10-20,0.00195160093168514,0,0.0,0.0,0.00195160093168514,0.791706918190667,0.3060993077106721
2010-10-21,0.006800764577264794,0,0.0,0.0,0.006800764577264794,0.791706918190667,0.30818811172117583
2010-10-22,0.004829527401206434,0,0.0,0.0,0.004829527401206434,0.791706918190667,0.30968011458582134
2010-10-25,0.0026943819225639615,0,0.0,0.0,0.0026943819225639615,0.791706918190667,0.31051563619002287
2010-10-26,0.0030704303531096967,0,0.0,0.0,0.0030704303531096967,0.791706918190667,0.311470518023396
2010-10-27,0.0021054654155554303,0,0.0,0.0,0.0021054654155554303,0.791706918190667,0.31212699928384
2010-10-28,-0.0022970913622948454,0,0.0,-0.0,-0.0022970913622948454,0.791706918190667,0.3114108379088102
2010-10-29,0.0007662835624003871,0,0.0,0.0,0.0007662835624003871,0.791706918190667,0.3116495583671535
2010-11-01,0.010666767804195228,0,0.0,0.0,0.010666767804195228,0.791706918190667,0.3149916447839594
2010-11-02,0.004536869785701584,0,0.0,0.0,0.004536869785701584,0.791706918190667,0.31642396753401913
2010-11-03,0.012184985327858078,0,0.0,0.0,0.012184985327858078,0.791706918190667,0.3203031749820975
2010-11-04,0.0,0,0.0,0.0,0.0,0.791706918190667,0.3203031749820975
2010-11-05,0.0012568956336623121,0,0.0,0.0,0.0012568956336623121,0.791706918190667,0.32070601575555174
2010-11-08,-0.005364444351345587,0,0.0,-0.0,-0.005364444351345587,0.791706918190667,0.3189902124612094
2010-11-09,0.004945654647451515,0,0.0,0.0,0.004945654647451515,0.791706918190667,0.32057173549773366
2010-11-10,-0.006162484488240092,0,0.0,-0.0,-0.006162484488240092,0.791706918190667,0.31860229171640153
2010-11-11,-0.01652617998049776,0,0.0,-0.0,-0.01652617998049776,0.791706918190667,0.3133802816901423
2010-11-12,-0.00372049081675726,0,0.0,-0.0,-0.00372049081675726,0.791706918190667,0.3122165194557189
2010-11-15,-0.016672674552951877,1,0.0005,-0.017172674552951878,-0.016672674552951877,0.7782272650531583,0.3070541895440454
2010-11-16,0.002911210207458313,0,0.0005,-0.0005,0.002911210207458313,0.7778382486828289,0.30794939126283266
2010-11-17,0.01595727409692435,0,0.0,0.0,0.01595727409692435,0.7778382486828289,0.3129028407734557
2010-11-18,0.0007626311141789866,0,0.0,0.0,0.0007626311141789866,0.7778382486828289,0.31314156123179904
2010-11-19,0.008350779217419889,0,0.0,0.0,0.008350779217419889,0.7778382486828289,0.31576748627357504
2010-11-22,-0.016003389741232606,0,0.0,-0.0,-0.016003389741232606,0.7778382486828289,0.31075435664836615
2010-11-23,0.0199645379933706,0,0.0,0.0,0.0199645379933706,0.7778382486828289,0.3170207686798773
2010-11-24,-0.006610657750601806,0,0.0,-0.0,-0.006610657750601806,0.7778382486828289,0.3149319646693736
2010-11-26,-0.0007582938751982167,0,0.0,-0.0,-0.0007582938751982167,0.7778382486828289,0.3146932442110303
2010-11-29,-0.01230755410596621,0,0.0,-0.0,-0.01230755410596621,0.7778382486828289,0.3108438768202449
2010-11-30,0.020993409317813967,0,0.0,0.0,0.020993409317813967,0.7778382486828289,0.3174385294819779
2010-12-01,0.01010109598650392,0,0.0,0.0,0.01010109598650392,0.7778382486828289,0.3206612556696123
2010-12-02,0.00260223195171228,0,0.0,0.0,0.00260223195171228,0.7778382486828289,0.32149677727381376
2010-12-03,-0.0004641879115981031,0,0.0,-0.0,-0.0004641879115981031,0.7778382486828289,0.3213475769873492
2010-12-06,0.0006498027613189569,0,0.0,0.0,0.0006498027613189569,0.7778382486828289,0.32155645738839955
2010-12-07,0.003705080192545424,0,0.0,0.0,0.003705080192545424,0.7778382486828289,0.32275005968011594
2010-12-08,0.0010164950281529748,0,0.0,0.0,0.0010164950281529748,0.7778382486828289,0.32307830031033796
2010-12-09,0.006628027578413331,0,0.0,0.0,0.006628027578413331,0.7778382486828289,0.3252267844354275
2010-12-10,-0.0035847274013851562,0,0.0,-0.0,-0.0035847274013851562,0.7778382486828289,0.324063022201004
2010-12-13,0.0017480109331562388,0,0.0,0.0,0.0017480109331562388,0.7778382486828289,0.3246299832895693
2010-12-14,-0.0043296092690265735,0,0.0,-0.0,-0.0043296092690265735,0.7778382486828289,0.3232275005968025
2010-12-15,0.007724886676172792,1,0.0005,0.007224886676172791,0.007724886676172792,0.7834783920461473,0.3257340654094069
2010-12-16,-0.0010999084518605064,0,0.0005,-0.0005,-0.0010999084518605064,0.7830867507686028,0.325375984721892
2010-12-17,0.0007334067068747537,0,0.0,0.0,0.0007334067068747537,0.7830867507686028,0.3256147051802353
2010-12-20,0.006030169026591231,0,0.0,0.0,0.006030169026591231,0.7830867507686028,0.3275841489615673
2010-12-21,-9.109542251809277e-05,0,0.0,-0.0,-9.109542251809277e-05,0.7830867507686028,0.32755430890427434
2010-12-22,-0.0026088478405111907,0,0.0,-0.0,-0.0026088478405111907,0.7830867507686028,0.3267008832656971
2010-12-23,0.0005113594968614301,0,0.0,0.0,0.0005113594968614301,0.7830867507686028,0.32686798758653746
2010-12-27,-0.0018274858887221167,0,0.0,-0.0,-0.0018274858887221167,0.7830867507686028,0.3262711864406792
2010-12-28,0.0021925826434164098,0,0.0,0.0,0.0021925826434164098,0.7830867507686028,0.32698734781570904
2010-12-29,-0.0023755150504024226,0,0.0,-0.0,-0.0023755150504024226,0.7830867507686028,0.3262115063260934
2010-12-30,-0.0036656932543083507,0,0.0,-0.0,-0.0036656932543083507,0.7830867507686028,0.32501790403437697
2010-12-31,0.015487236760973067,0,0.0,0.0,0.015487236760973067,0.7830867507686028,0.3300907137741717
2011-01-03,-0.0008139272436679316,0,0.0,-0.0,-0.0008139272436679316,0.7830867507686028,0.3298221532585355
2011-01-04,0.008558225290883428,0,0.0,0.0,0.008558225290883428,0.7830867507686028,0.3326569587013619
2011-01-05,0.0032240758717526847,0,0.0,0.0,0.0032240758717526847,0.7830867507686028,0.3337312007639067
2011-01-06,-0.0008945344544974391,0,0.0,-0.0,-0.0008945344544974391,0.7830867507686028,0.3334328001909776
2011-01-07,0.003751679255277253,0,0.0,0.0,0.003751679255277253,0.7830867507686028,0.3346860825972798
2011-01-10,0.0014255169912209468,0,0.0,0.0,0.0014255169912209468,0.7830867507686028,0.33516352351396633
2011-01-11,0.007008856265788718,0,0.0,0.0,0.007008856265788718,0.7830867507686028,0.33752088804010616
2011-01-12,0.00035357553625673505,0,0.0,0.0,0.00035357553625673505,0.7830867507686028,0.33764024826927785
2011-01-13,0.007484076314949088,0,0.0,0.0,0.007484076314949088,0.7830867507686028,0.34017665313917517
2011-01-14,0.0028030852271163373,0,0.0,0.0,0.0028030852271163373,0.7830867507686028,0.3411315349725483
2011-01-18,-0.01143673941991462,0,0.0,-0.0,-0.01143673941991462,0.7830867507686028,0.33725232752447
2011-01-19,-0.007103563878871271,1,0.0005,-0.007603563878871272,-0.007103563878871271,0.7771550801325944,0.3348651229410372
2011-01-20,-0.00769303373671638,1,0.0,-0.00769303373671638,-0.00769303373671638,0.771199338117677,0.3322988780138469
2011-01-21,0.013734274569506925,0,0.0005,-0.0005,0.013734274569506925,0.7708138348324708,0.33689424683695507
2011-01-24,0.0014604034193409765,1,0.0005,0.0009604034193409765,0.0014604034193409765,0.7715544826785516,0.3373866077822881
2011-01-25,0.005248661294018007,1,0.0,0.005248661294018007,0.005248661294018007,0.7756147570091909,0.3391620911912162
2011-01-26,0.006139831585135731,0,0.0005,-0.0005,0.006139831585135731,0.7752270465663743,0.3412508952017199
2011-01-27,-0.025685585312720853,0,0.0,-0.0,-0.025685585312720853,0.7752270465663743,0.33259727858677596
2011-01-28,0.004833089153704296,0,0.0,0.0,0.004833089153704296,0.7752270465663743,0.3342086416805931
2011-01-31,0.018576385572935457,0,0.0,0.0,0.018576385572935457,0.7752270465663743,0.3404750537121043
2011-02-01,-0.0016665939562092655,0,0.0,-0.0,-0.0016665939562092655,0.7752270465663743,0.339908092623539
2011-02-02,0.0017980489440199473,0,0.0,0.0,0.0017980489440199473,0.7752270465663743,0.34051981379804364
2011-02-03,0.005549137084814097,0,0.0,0.0,0.005549137084814097,0.7752270465663743,0.3424146574361435
2011-02-04,0.004781578334358716,0,0.0,0.0,0.004781578334358716,0.7752270465663743,0.34405586058725357
2011-02-07,0.006483705445432759,0,0.0,0.0,0.006483705445432759,0.7752270465663743,0.3462938648842218
2011-02-08,-0.001638567051967928,0,0.0,-0.0,-0.001638567051967928,0.7752270465663743,0.34572690379565657
2011-02-09,0.001569628872253232,0,0.0,0.0,0.001569628872253232,0.7752270465663743,0.34626999283838755
2011-02-10,0.007195572901712592,0,0.0,0.0,0.007195572901712592,0.7752270465663743,0.3487705896395334
2011-02-11,0.002392754517088768,0,0.0,0.0,0.002392754517088768,0.7752270465663743,0.3496061112437349
2011-02-14,-0.001366587161776527,0,0.0,-0.0,-0.001366587161776527,0.7752270465663743,0.34912867032704836
2011-02-15,0.006491703734240752,0,0.0,0.0,0.006491703734240752,0.7752270465663743,0.3514024826927681
2011-02-16,-0.000356715166724954,0,0.0,-0.0,-0.000356715166724954,0.7752270465663743,0.3512771544521378
2011-02-17,-0.0022110732708986586,0,0.0,-0.0,-0.0022110732708986586,0.7752270465663743,0.3505013129625221
2011-02-18,-0.02937322436598051,0,0.0,-0.0,-0.02937322436598051,0.7752270465663743,0.34035569348293276
2011-02-22,-0.008275423580130097,1,0.0005,-0.008775423580130098,-0.008275423580130097,0.7684538631046659,0.3375507280973992
2011-02-23,0.0052021454883687,0,0.0005,-0.0005,0.0052021454883687,0.768069732213839,0.3393112914776808
2011-02-24,0.013886079638381803,0,0.0,0.0,0.013886079638381803,0.768069732213839,0.34405586058725346
2011-02-25,0.0020603218720702857,0,0.0,0.0,0.0020603218720702857,0.768069732213839,0.34476545714967893
2011-02-28,-0.01621026535823836,0,0.0,-0.0,-0.01621026535823836,0.768069732213839,0.33922177130580206
2011-03-01,0.005264093573727142,0,0.0,0.0,0.005264093573727142,0.768069732213839,0.3410121747433767
2011-03-02,0.019497173222599532,0,0.0,0.0,0.019497173222599532,0.768069732213839,0.3477261876342814
2011-03-03,-0.005119061358227937,0,0.0,-0.0,-0.005119061358227937,0.768069732213839,0.3459507042253533
2011-03-04,-0.013503450739773945,0,0.0,-0.0,-0.013503450739773945,0.768069732213839,0.3413105753163057
2011-03-07,0.004013616765693084,0,0.0,0.0,0.004013616765693084,0.768069732213839,0.34268321795177953
2011-03-08,-0.006815229524470428,0,0.0,-0.0,-0.006815229524470428,0.768069732213839,0.3403556934829326
2011-03-09,-0.015728874234711056,0,0.0,-0.0,-0.015728874234711056,0.768069732213839,0.3350441632847946
2011-03-10,0.006215060403434413,0,0.0,0.0,0.006215060403434413,0.768069732213839,0.3371329672952983
2011-03-11,-0.00354673186123559,0,0.0,-0.0,-0.00354673186123559,0.768069732213839,0.33593936500358185
2011-03-14,-0.014314075138125267,0,0.0,-0.0,-0.014314075138125267,0.768069732213839,0.3311649558367163
2011-03-15,-0.024444850890810305,0,0.0,-0.0,-0.024444850890810305,0.768069732213839,0.3231678204822163
2011-03-16,0.009191241175547862,0,0.0,0.0,0.009191241175547862,0.768069732213839,0.32615182621150735
2011-03-17,-0.0036663652435779564,1,0.0005,-0.004166365243577956,-0.0036663652435779564,0.7648763302358181,0.32495822391979096
2011-03-18,0.019100171373419215,1,0.0,0.019100171373419215,0.019100171373419215,0.7796260115351313,0.331224635951302
2011-03-21,-0.0018936837797525912,0,0.0005,-0.0005,-0.0018936837797525912,0.779236295966375,0.33059799474815094
2011-03-22,0.0056703270600879496,0,0.0,0.0,0.0056703270600879496,0.779236295966375,0.33247791835760426
2011-03-23,0.017614546700982305,0,0.0,0.0,0.017614546700982305,0.779236295966375,0.33838624970160047
2011-03-24,0.0024660924951934683,0,0.0,0.0,0.0024660924951934683,0.779236295966375,0.33922177130580194
2011-03-25,-0.005468832541700539,0,0.0,-0.0,-0.005468832541700539,0.779236295966375,0.3373716877536415
2011-03-28,0.00968232192143617,0,0.0,0.0,0.00968232192143617,0.779236295966375,0.34065409405586156
2011-03-29,0.0047190509667440214,0,0.0,0.0,0.0047190509667440214,0.779236295966375,0.3422654571496787
2011-03-30,0.001393971300825476,0,0.0,0.0,0.001393971300825476,0.779236295966375,0.3427428980663653
2011-03-31,0.0005222386749384131,0,0.0,0.0,0.0005222386749384131,0.779236295966375,0.3429219384101228
2011-04-01,-0.003312127145377527,0,0.0,-0.0,-0.003312127145377527,0.779236295966375,0.3417880162329922
2011-04-04,-0.002622608374437106,0,0.0,-0.0,-0.002622608374437106,0.779236295966375,0.34089281451420483
2011-04-05,0.0024479816386400372,0,0.0,0.0,0.0024479816386400372,0.779236295966375,0.3417283361184063
2011-04-06,-0.0006988120480047944,0,0.0,-0.0,-0.0006988120480047944,0.779236295966375,0.3414896156600631
2011-04-07,-0.004729797728772991,0,0.0,-0.0,-0.004729797728772991,0.779236295966375,0.33987825256624593
2011-04-08,-0.003341837601349376,0,0.0,-0.0,-0.003341837601349376,0.779236295966375,0.3387443303891153
2011-04-11,-0.006894750198358294,0,0.0,-0.0,-0.006894750198358294,0.779236295966375,0.3364168059202683
2011-04-12,0.00847911810306138,0,0.0,0.0,0.00847911810306138,0.779236295966375,0.3392814514203877
2011-04-13,-0.0017605638350330145,0,0.0,-0.0,-0.0017605638350330145,0.779236295966375,0.33868465027452943
2011-04-14,-0.0017636688874968153,0,0.0,-0.0,-0.0017636688874968153,0.779236295966375,0.3380878491286712
2011-04-15,-0.007085946389485835,0,0.0,-0.0,-0.007085946389485835,0.779236295966375,0.33570064454523835
2011-04-18,0.006202944124607865,0,0.0,0.0,0.006202944124607865,0.779236295966375,0.3377894485557421
2011-04-19,0.022276527197260833,0,0.0,0.0,0.022276527197260833,0.779236295966375,0.34539866316543416
2011-04-20,0.008002452033177284,1,0.0005,0.007502452033177284,0.008002452033177284,0.7851044641997182,0.3481737884936748
2011-04-21,0.0025678350153590713,0,0.0005,-0.0005,0.0025678350153590713,0.7847120100893221,0.3490689902124621
2011-04-25,0.00562613367091452,0,0.0,0.0,0.00562613367091452,0.7847120100893221,0.35103843399379414
2011-04-26,0.006777389547596231,0,0.0,0.0,0.006777389547596231,0.7847120100893221,0.3534256385772269
2011-04-27,-0.0015209128407066201,0,0.0,-0.0,-0.0015209128407066201,0.7847120100893221,0.3528885175459546
2011-04-28,-0.0008459521695595306,0,0.0,-0.0,-0.0008459521695595306,0.7847120100893221,0.35259011697302545
2011-04-29,-0.0018636176507662375,0,0.0,-0.0,-0.0018636176507662375,0.7847120100893221,0.35193363571258146
2011-05-02,-0.004759485442169691,0,0.0,-0.0,-0.004759485442169691,0.7847120100893221,0.35026259250417846
2011-05-03,-0.0015346579872761732,1,0.0005,-0.002034657987276173,-0.0015346579872761732,0.7831170127176053,0.34972547147290606
2011-05-04,-0.005475715255962907,0,0.0005,-0.0005,-0.005475715255962907,0.7827255520845602,0.34781570780615984
2011-05-05,0.00325482086057509,0,0.0,0.0,0.00325482086057509,0.7827255520845602,0.3489496299832905
2011-05-06,0.003755552382664068,0,0.0,0.0,0.003755552382664068,0.7827255520845602,0.3502625925041785
2011-05-09,0.008483254132390577,0,0.0,0.0,0.008483254132390577,0.7827255520845602,0.3532465982334695
2011-05-10,-0.007376352916729218,0,0.0,-0.0,-0.007376352916729218,0.7827255520845602,0.3506505132489864
2011-05-11,0.006023859050373792,0,0.0,0.0,0.006023859050373792,0.7827255520845602,0.352769157316783
2011-05-12,-0.011913006784060157,0,0.0,-0.0,-0.011913006784060157,0.7827255520845602,0.3485915492957755
2011-05-13,-0.017460226481242496,0,0.0,-0.0,-0.017460226481242496,0.7827255520845602,0.34255788971114914
2011-05-16,0.0028010004481917685,0,0.0,0.0,0.0028010004481917685,0.7827255520845602,0.3435187395559809
2011-05-17,0.00830454599682003,0,0.0,0.0,0.00830454599682003,0.7827255520845602,0.3463833850561003
2011-05-18,0.002924733267657031,0,0.0,0.0,0.002924733267657031,0.7827255520845602,0.3473979470040592
2011-05-19,-0.007674105348662262,0,0.0,-0.0,-0.007674105348662262,0.7827255520845602,0.34474218190499023
2011-05-20,-0.014736282713330223,0,0.0,-0.0,-0.014736282713330223,0.7827255520845602,0.33969921222248844
2011-05-23,-0.006167963866587359,0,0.0,-0.0,-0.006167963866587359,0.7827255520845602,0.3376104082119847
2011-05-24,0.003881444534276901,1,0.0005,0.003381444534276901,0.003881444534276901,0.7853767750800389,0.33892337073287276
2011-05-25,0.006170393881291713,0,0.0005,-0.0005,0.006170393881291713,0.7849841848482357,0.34102112676056434
2011-05-26,0.005036167105572143,0,0.0,0.0,0.005036167105572143,0.7849841848482357,0.34274289806636526
2011-05-27,0.016063908778379717,0,0.0,0.0,0.016063908778379717,0.7849841848482357,0.34829314872284656
2011-05-31,-0.022001753678417054,0,0.0,-0.0,-0.022001753678417054,0.7849841848482357,0.3407137741704474
2011-06-01,0.0020997383042694736,0,0.0,0.0,0.0020997383042694736,0.7849841848482357,0.3414299355454773
2011-06-02,-0.015146467794652096,0,0.0,-0.0,-0.015146467794652096,0.7849841848482357,0.33629744569109676
2011-06-03,-0.008196767204178515,0,0.0,-0.0,-0.008196767204178515,0.7849841848482357,0.333552160420149
2011-06-06,-0.0017908314241698484,0,0.0,-0.0,-0.0017908314241698484,0.7849841848482357,0.3329553592742908
2011-06-07,-0.007195569812424407,0,0.0,-0.0,-0.007195569812424407,0.7849841848482357,0.330568154690858
2011-06-08,0.001713641907514436,0,0.0,0.0,0.001713641907514436,0.7849841848482357,0.33113511577942323
2011-06-09,-0.015346498689992327,0,0.0,-0.0,-0.015346498689992327,0.7849841848482357,0.3260921460969215
2011-06-10,0.0,1,0.0005,-0.0005,0.0,0.784591790862483,0.3260921460969215
2011-06-13,0.012729759096245382,1,0.0,0.012729759096245382,0.012729759096245382,0.7946432962359044,0.33026975411792897
2011-06-14,-0.019155926441420248,1,0.0,-0.019155926441420248,-0.019155926441420248,0.7795660381757723,0.3240033420864178
2011-06-15,-0.003875616182651061,1,0.0,-0.003875616182651061,-0.003875616182651061,0.776550586563746,0.3227500596801156
2011-06-16,-0.005376855449557456,1,0.0,-0.005376855449557456,-0.005376855449557456,0.7723863914804714,0.3210193363571268
2011-06-17,0.005191927108762398,1,0.0,0.005191927108762398,0.005191927108762398,0.77640699362984,0.32269037956552976
2011-06-20,0.02122678051918266,0,0.0005,-0.0005,0.02122678051918266,0.7760188871677262,0.3296132728574849
2011-06-21,-0.0072505564726812605,0,0.0,-0.0,-0.0072505564726812605,0.7760188871677262,0.32723203628551073
2011-06-22,0.00924024691836506,0,0.0,0.0,0.00924024691836506,0.7760188871677262,0.33026975411792897
2011-06-23,-0.017499535154455185,0,0.0,-0.0,-0.017499535154455185,0.7760188871677262,0.32454046311769025
2011-06-24,0.015781399360813644,0,0.0,0.0,0.015781399360813644,0.7760188871677262,0.32970279302936367
2011-06-27,0.014823071570442803,0,0.0,0.0,0.014823071570442803,0.7760188871677262,0.33462640248269376
2011-06-28,0.004093625010063423,0,0.0,0.0,0.004093625010063423,0.7760188871677262,0.3359990451181676
2011-06-29,0.013233541162439905,0,0.0,0.0,0.013233541162439905,0.7760188871677262,0.34047505371210407
2011-06-30,0.014962004929613762,0,0.0,0.0,0.014962004929613762,0.7760188871677262,0.34560754356648454
2011-07-01,0.004995273499693773,1,0.0005,0.0044952734996937735,0.004995273499693773,0.779515156762937,0.3473382668894734
2011-07-05,0.0032592875580540895,1,0.0,0.0032592875580540895,0.0032592875580540895,0.7820599656939501,0.348472189066604
2011-07-06,0.01360796640718747,1,0.0,0.01360796640718747,0.01360796640718747,0.7927749506666365,0.35324659823346966
2011-07-07,-0.0027068194500356408,0,0.0005,-0.0005,-0.0027068194500356408,0.792378662271658,0.35229171640009654
2011-07-08,-0.018292671800116383,0,0.0,-0.0,-0.018292671800116383,0.792378662271658,0.3459059441394138
2011-07-11,-0.007620404039690383,0,0.0,-0.0,-0.007620404039690383,0.792378662271658,0.34328001909763767
2011-07-12,0.004163781171779514,1,0.0005,0.0036637811717795143,0.004163781171779514,0.7952870889614938,0.3447123418476974
2011-07-13,-0.011667524608402877,0,0.0005,-0.0005,-0.011667524608402877,0.7948895448113328,0.3407137741704475
2011-07-14,0.013224483663517786,0,0.0,0.0,0.013224483663517786,0.7948895448113328,0.34524946287896985
2011-07-15,-0.0053730955162838165,0,0.0,-0.0,-0.0053730955162838165,0.7948895448113328,0.34339937932680936
2011-07-18,0.022511475582883897,0,0.0,0.0,0.022511475582883897,0.7948895448113328,0.35121747433755185
2011-07-19,-0.004257137123318834,1,0.0005,-0.004757137123318834,-0.004257137123318834,0.791117126319061,0.3497254714729063
2011-07-20,0.006633241432016972,0,0.0005,-0.0005,0.006633241432016972,0.7907216666290626,0.35205299594175327
2011-07-21,0.01028763605632026,0,0.0,0.0,0.01028763605632026,0.7907216666290626,0.35569348293148834
2011-07-22,-0.002015452479349827,0,0.0,-0.0,-0.002015452479349827,0.7907216666290626,0.35497732155645845
2011-07-25,0.0024348276165510312,0,0.0,0.0,0.0024348276165510312,0.7907216666290626,0.35584268321795287
2011-07-26,-0.02608141720406412,0,0.0,-0.0,-0.02608141720406412,0.7907216666290626,0.34668178562902946
2011-07-27,0.0017199866641373456,1,0.0005,0.0012199866641373455,0.0017199866641373456,0.7916869251989642,0.34727858677488765
2011-07-28,-0.0032705081221592117,0,0.0005,-0.0005,-0.0032705081221592117,0.791291180680739,0.3461446645977571
2011-07-29,-0.004666041473577231,0,0.0,-0.0,-0.004666041473577231,0.791291180680739,0.3445333015039399
2011-08-01,-0.025615435627654535,0,0.0,-0.0,-0.025615435627654535,0.791291180680739,0.33582000477441015
2011-08-02,0.009550833123847918,0,0.0,0.0,0.009550833123847918,0.791291180680739,0.3390427309620444
2011-08-03,-0.04758511689922802,0,0.0,-0.0,-0.04758511689922802,0.791291180680739,0.3232871807113879
2011-08-04,-0.00629631709694166,1,0.0005,-0.006796317096941659,-0.00629631709694166,0.785931548411102,0.32125805681547
2011-08-05,-0.062077004269021095,0,0.0005,-0.0005,-0.062077004269021095,0.7855386808619685,0.30192169968966426
2011-08-08,0.047103862845193925,1,0.0005,0.046603862845193925,0.047103862845193925,0.8230142892717714,0.31648364764860437
2011-08-09,-0.04178103115506506,0,0.0005,-0.0005,-0.04178103115506506,0.8226028849867778,0.3035330627834814
2011-08-10,0.04310016825391965,1,0.0005,0.04260016825391965,0.04310016825391965,0.8584030386417275,0.31690140845070514
2011-08-11,0.008812281644975887,0,0.0005,-0.0005,0.008812281644975887,0.8579739444049054,0.3197063738362387
2011-08-12,0.014639379390074057,0,0.0,0.0,0.014639379390074057,0.8579739444049054,0.3244211028885185
2011-08-15,-0.008498111367991461,0,0.0,-0.0,-0.008498111367991461,0.8579739444049054,0.3216758176175708
2011-08-16,-0.0059546137984887604,0,0.0,-0.0,-0.0059546137984887604,0.8579739444049054,0.3197660539508246
2011-08-17,-0.05033110444772874,0,0.0,-0.0,-0.05033110444772874,0.8579739444049054,0.30407018381475387
2011-08-18,-0.01822193416862019,0,0.0,-0.0,-0.01822193416862019,0.8579739444049054,0.29857961327285837
2011-08-19,0.003591384546500481,0,0.0,0.0,0.003591384546500481,0.8579739444049054,0.2996538553354032
2011-08-22,0.04039967870940705,0,0.0,0.0,0.04039967870940705,0.8579739444049054,0.31200763905466794
2011-08-23,0.007811795465173188,0,0.0,0.0,0.007811795465173188,0.8579739444049054,0.3144545237526865
2011-08-24,-0.016456552019579178,0,0.0,-0.0,-0.016456552019579178,0.8579739444049054,0.309322033898306
2011-08-25,0.024772608261236784,0,0.0,0.0,0.024772608261236784,0.8579739444049054,0.3170804487944626
2011-08-26,0.027475275701210413,0,0.0,0.0,0.027475275701210413,0.8579739444049054,0.325913105753164
2011-08-29,0.006570565708506716,0,0.0,0.0,0.006570565708506716,0.8579739444049054,0.32806158987825357
2011-08-30,0.0016359178418922386,0,0.0,0.0,0.0016359178418922386,0.8579739444049054,0.32859871090952597
2011-08-31,-0.009122486179254622,0,0.0,-0.0,-0.009122486179254622,0.8579739444049054,0.3256147051802349
2011-09-01,-0.023739987303072942,0,0.0,-0.0,-0.023739987303072942,0.8579739444049054,0.3179756505132499
2011-09-02,0.00018767007655712668,0,0.0,0.0,0.00018767007655712668,0.8579739444049054,0.3180353306278357
2011-09-06,0.025017518953843694,0,0.0,0.0,0.025017518953843694,0.8579739444049054,0.3260921460969214
2011-09-07,-0.004585901827665207,1,0.0005,-0.0050859018276652075,-0.004585901827665207,0.8536214507127196,0.3246001432322759
2011-09-08,-0.0224979276199956,0,0.0005,-0.0005,-0.0224979276199956,0.8531947466722629,0.31737884936739164
2011-09-09,0.01270570156857919,0,0.0,0.0,0.01270570156857919,0.8531947466722629,0.3214370971592274
2011-09-12,0.013279427896739636,0,0.0,0.0,0.013279427896739636,0.8531947466722629,0.3257340654094065
2011-09-13,0.014189796029221729,0,0.0,0.0,0.014189796029221729,0.8531947466722629,0.33038911434710044
2011-09-14,0.014703510366683548,0,0.0,0.0,0.014703510366683548,0.8531947466722629,0.3352828837431377
2011-09-15,0.00727146947833498,1,0.0005,0.00677146947833498,0.00727146947833498,0.858991733768367,0.3377297684411564
2011-09-16,0.00035335689413597575,1,0.0,0.00035335689413597575,0.00035335689413597575,0.8592953180531411,0.337849128670328
2011-09-19,-0.004425961018089044,1,0.0,-0.004425961018089044,-0.004425961018089044,0.8555005144934646,0.3363571258056825
2011-09-20,-0.01754116928766367,1,0.0,-0.01754116928766367,-0.01754116928766367,0.8406248845395329,0.33050847457627214
2011-09-21,-0.03304265362635322,0,0.0005,-0.0005,-0.03304265362635322,0.8402046771578628,0.31976605395082447
2011-09-22,0.010582109330537008,0,0.0,0.0,0.010582109330537008,0.8402046771578628,0.3231678204822162
2011-09-23,0.01156719038793246,0,0.0,0.0,0.01156719038793246,0.8402046771578628,0.32692766770112286
2011-09-26,0.010351495319713773,0,0.0,0.0,0.010351495319713773,0.8402046771578628,0.33032943423251454
2011-09-27,-0.014925650216675706,0,0.0,-0.0,-0.014925650216675706,0.8402046771578628,0.3254356648364773
2011-09-28,-0.01199165739580692,0,0.0,-0.0,-0.01199165739580692,0.8402046771578628,0.321556457388399
2011-09-29,-0.026136676277954855,1,0.0005,-0.026636676277954855,-0.026136676277954855,0.8181198560530524,0.31326092146096995
2011-09-30,-0.02605570540116784,1,0.0,-0.02605570540116784,-0.02605570540116784,0.7970784804449057,0.30520410599188424
2011-10-03,0.020323935792281263,0,0.0005,-0.0005,0.020323935792281263,0.7966800408228896,0.31147051802339537
2011-10-04,0.02535133874996809,0,0.0,0.0,0.02535133874996809,0.7966800408228896,0.3194676533778953
2011-10-05,0.01667322804081869,0,0.0,0.0,0.01667322804081869,0.7966800408228896,0.3248388636906191
2011-10-06,-0.0066359690521952,0,0.0,-0.0,-0.0066359690521952,0.7966800408228896,0.3226903795655296
2011-10-07,0.034000184379900156,0,0.0,0.0,0.034000184379900156,0.7966800408228896,0.3338505609930779
2011-10-10,0.006770024075973267,1,0.0005,0.006270024075973267,0.006770024075973267,0.8016909366622882,0.336118405347339
2011-10-11,0.004959273359350209,0,0.0005,-0.0005,0.004959273359350209,0.8012901913886243,0.33778944855574194
2011-10-12,0.00914533282219163,1,0.0005,0.00864533282219163,0.00914533282219163,0.8082476431892351,0.34089281451420456
2011-10-13,0.018387335035726562,1,0.0,0.018387335035726562,0.018387335035726562,0.8232466365677468,0.3472189066603015
2011-10-14,-0.01559013041466534,0,0.0005,-0.0005,-0.01559013041466534,0.8228351161381436,0.3418476963475777
2011-10-17,0.0123190592359591,1,0.0005,0.0118190592359591,0.0123190592359591,0.8326179511904785,0.34608498448317093
2011-10-18,-0.01950262056964094,0,0.0005,-0.0005,-0.01950262056964094,0.8322017462747832,0.3394008116495591
2011-10-19,-0.00493567016427575,0,0.0,-0.0,-0.00493567016427575,0.8322017462747832,0.33772976844115615
2011-10-20,0.012468332566261347,1,0.0005,0.011968332566261347,0.012468332566261347,0.8422216547299168,0.34196705657674936
2011-10-21,0.02055517573424058,0,0.0005,-0.0005,0.02055517573424058,0.8418006491627146,0.34906899021246196
2011-10-24,-0.019857338999710664,0,0.0,-0.0,-0.019857338999710664,0.8418006491627146,0.3422057770350926
2011-10-25,-0.0012215340494578146,1,0.0005,-0.0017215340494578146,-0.0012215340494578146,0.8403527073804681,0.3417880162329918
2011-10-26,0.02721490730051965,1,0.0,0.02721490730051965,0.02721490730051965,0.8635368749666587,0.35121747433755135
2011-10-27,0.0015281436032628173,1,0.0,0.0015281436032628173,0.0015281436032628173,0.8648574921076441,0.3517545953688237
2011-10-28,-0.016939407523787843,0,0.0005,-0.0005,-0.016939407523787843,0.8644251714507611,0.34584626402482754
2011-10-31,-0.026402442801147542,0,0.0,-0.0,-0.026402442801147542,0.8644251714507611,0.33683456672236867
2011-11-01,0.00846864623703834,0,0.0,0.0,0.00846864623703834,0.8644251714507611,0.339699212222488
2011-11-02,0.020518890636213954,0,0.0,0.0,0.020518890636213954,0.8644251714507611,0.34674146574361475
2011-11-03,-0.005176888179533792,0,0.0,-0.0,-0.005176888179533792,0.8644251714507611,0.34495106230604017
2011-11-04,0.00706838560531241,1,0.0005,0.006568385605312411,0.00706838560531241,0.8701217374439313,0.3473979470040588
2011-11-07,0.011444313136976596,0,0.0005,-0.0005,0.011444313136976596,0.8696867853223011,0.3513965146813087
2011-11-08,-0.03578910785158528,0,0.0,-0.0,-0.03578910785158528,0.8696867853223011,0.33904273096204396
2011-11-09,-0.000528215524210448,0,0.0,-0.0,-0.000528215524210448,0.8696867853223011,0.33886369061828653
2011-11-10,0.01866930259486042,0,0.0,0.0,0.01866930259486042,0.8696867853223011,0.34524946287896924
2011-11-11,-0.006242434004486025,0,0.0,-0.0,-0.006242434004486025,0.8696867853223011,0.34310097875387974
2011-11-14,0.011070862078059645,0,0.0,0.0,0.011070862078059645,0.8696867853223011,0.34692050608737224
2011-11-15,-0.016652596437379295,0,0.0,-0.0,-0.016652596437379295,0.8696867853223011,0.34119121508713346
2011-11-16,-0.02371792595361091,0,0.0,-0.0,-0.02371792595361091,0.8696867853223011,0.3331940797326336
2011-11-17,-0.007731765569030984,0,0.0,-0.0,-0.007731765569030984,0.8696867853223011,0.3306278348054433
2011-11-18,-0.019318989755036382,0,0.0,-0.0,-0.019318989755036382,0.8696867853223011,0.3243017426593464
2011-11-21,0.003307002830130124,1,0.0005,0.0028070028301301238,0.003307002830130124,0.872131428044382,0.3253759847218911
2011-11-22,-0.022818910519641047,1,0.0,-0.022818910519641047,-0.022818910519641047,0.8524556823273132,0.31803533062783523
2011-11-23,-0.007723500765260011,0,0.0005,-0.0005,-0.007723500765260011,0.8520295610253525,0.3155884459298166
2011-11-25,0.03420407777086407,0,0.0,0.0,0.03420407777086407,0.8520295610253525,0.3265695870136075
2011-11-28,-0.0062328341099703215,0,0.0,-0.0,-0.0062328341099703215,0.8520295610253525,0.32454046311768964
2011-11-29,0.03629539861476615,0,0.0,0.0,0.03629539861476615,0.8520295610253525,0.3365361661494395
2011-11-30,0.006892313225734342,0,0.0,0.0,0.006892313225734342,0.8520295610253525,0.3388636906182865
2011-12-01,-0.0028218713610717004,0,0.0,-0.0,-0.0028218713610717004,0.8520295610253525,0.3379088087849133
2011-12-02,0.010890675004496642,0,0.0,0.0,0.010890675004496642,0.8520295610253525,0.3416089758892341
2011-12-05,-0.0027991620796145775,0,0.0,-0.0,-0.0027991620796145775,0.8520295610253525,0.34065409405586095
2011-12-06,0.0,0,0.0,0.0,0.0,0.8520295610253525,0.34065409405586095
2011-12-07,-0.016961537374375512,0,0.0,-0.0,-0.016961537374375512,0.8520295610253525,0.3349248030556222
2011-12-08,0.015909828250265757,0,0.0,0.0,0.015909828250265757,0.8520295610253525,0.34029601336834603
2011-12-09,-0.01128759779855946,0,0.0,-0.0,-0.01128759779855946,0.8520295610253525,0.3364764860348536
2011-12-12,-0.011057719233698091,1,0.0005,-0.011557719233698091,-0.011057719233698091,0.8422387313988765,0.3327763189305327
2011-12-13,-0.01572558389047051,0,0.0005,-0.0005,-0.01572558389047051,0.841817717295474,0.32758414896156646
2011-12-14,-0.002736478949264766,0,0.0,-0.0,-0.002736478949264766,0.841817717295474,0.32668894724277914
2011-12-15,0.0021897818969240034,1,0.0005,0.0016897818969240034,0.0021897818969240034,0.8432414081594314,0.32740510861780897
2011-12-16,-0.009892002259016416,0,0.0005,-0.0005,-0.009892002259016416,0.8428198928429623,0.3241823824301748
2011-12-19,0.029208425583055815,0,0.0,0.0,0.029208425583055815,0.8428198928429623,0.33379088087849174
2011-12-20,-0.014406876231904342,0,0.0,-0.0,-0.014406876231904342,0.8428198928429623,0.3290164717116262
2011-12-21,0.008489168654944423,1,0.0005,0.007989168654944423,0.008489168654944423,0.8495802921398473,0.3318214370971597
2011-12-22,0.008596041469797817,1,0.0,0.008596041469797817,0.008596041469797817,0.8569147982590402,0.33468608259727906
2011-12-23,0.002849004776074871,1,0.0,0.002849004776074871,0.002849004776074871,0.8593596336321044,0.3356409644306522
2011-12-27,-0.011624918537031374,0,0.0005,-0.0005,-0.011624918537031374,0.8589300612173415,0.3317617569825739
2011-12-28,0.007169774395423729,0,0.0,0.0,0.007169774395423729,0.8589300612173415,0.33414896156600665
2011-12-29,-0.002861744038532854,0,0.0,-0.0,-0.002861744038532854,0.8589300612173415,0.3331940797326336
2011-12-30,0.01898398181001608,0,0.0,0.0,0.01898398181001608,0.8589300612173415,0.3395798519933163
2012-01-03,0.004209055670341835,0,0.0,0.0,0.004209055670341835,0.8589300612173415,0.34101217474337603
2012-01-04,0.008191766941664739,0,0.0,0.0,0.008191766941664739,0.8589300612173415,0.3438171401289095
2012-01-05,0.0034656073500931046,0,0.0,0.0,0.0034656073500931046,0.8589300612173415,0.345010742420626
2012-01-06,-0.0032920414380023977,0,0.0,-0.0,-0.0032920414380023977,0.8589300612173415,0.34387682024349536
2012-01-09,0.007262698359604699,0,0.0,0.0,0.007262698359604699,0.8589300612173415,0.34638338505609984
2012-01-10,0.0020654052092768578,0,0.0,0.0,0.0020654052092768578,0.8589300612173415,0.34709954643112967
2012-01-11,0.0039468090701823095,0,0.0,0.0,0.0039468090701823095,0.8589300612173415,0.34847218906660354
2012-01-12,-0.0036029892283907195,0,0.0,-0.0,-0.0036029892283907195,0.8589300612173415,0.3472189066603013
2012-01-13,0.009068417009039023,0,0.0,0.0,0.009068417009039023,0.8589300612173415,0.35038195273334977
2012-01-17,0.013198161123719684,0,0.0,0.0,0.013198161123719684,0.8589300612173415,0.35503700167104374
2012-01-18,0.006200271224738487,0,0.0,0.0,0.006200271224738487,0.8589300612173415,0.35724516591071903
2012-01-19,-0.0015046395883899946,0,0.0,-0.0,-0.0015046395883899946,0.8589300612173415,0.3567080448794467
2012-01-20,0.0003345600566501758,1,0.0005,-0.00016543994334982423,0.0003345600566501758,0.8587879716306429,0.3568274051086183
2012-01-23,-0.001841466997307619,0,0.0005,-0.0005,-0.001841466997307619,0.8583586849754349,0.3561709238481743
2012-01-24,0.012488714477961793,0,0.0,0.0,0.012488714477961793,0.8583586849754349,0.36064693244211077
2012-01-25,-0.003481147319879387,0,0.0,-0.0,-0.003481147319879387,0.8583586849754349,0.35939365003580853
2012-01-26,0.00298458188718144,0,0.0,0.0,0.00298458188718144,0.8583586849754349,0.3604678920983533
2012-01-27,0.0008274721200323929,0,0.0,0.0,0.0008274721200323929,0.8583586849754349,0.36076629267128235
2012-01-30,0.0013225328427941122,0,0.0,0.0,0.0013225328427941122,0.8583586849754349,0.3612437335879689
2012-01-31,0.008062569384927679,0,0.0,0.0,0.008062569384927679,0.8583586849754349,0.36416805920267403
2012-02-01,0.003108895574454741,0,0.0,0.0,0.003108895574454741,0.8583586849754349,0.3653019813798046
2012-02-02,0.013629936787637582,0,0.0,0.0,0.013629936787637582,0.8583586849754349,0.3703151110050134
2012-02-03,-0.0008061266055246638,0,0.0,-0.0,-0.0008061266055246638,0.8583586849754349,0.3700167104320843
2012-02-06,0.0020945790305110196,0,0.0,0.0,0.0020945790305110196,0.8583586849754349,0.37079255192169996
2012-02-07,0.005297387779330013,0,0.0,0.0,0.005297387779330013,0.8583586849754349,0.372761995703032
2012-02-08,0.00717878172700577,0,0.0,0.0,0.00717878172700577,0.8583586849754349,0.37544760085939394
2012-02-09,-0.006938656860922085,0,0.0,-0.0,-0.006938656860922085,0.8583586849754349,0.3728515158749108
2012-02-10,0.009161585689912327,1,0.0005,0.008661585689912326,0.009161585689912327,0.8658257237930268,0.37628312246359535
2012-02-13,0.0025344540732787834,0,0.0005,-0.0005,0.0025344540732787834,0.8653929191413099,0.3772380042969685
2012-02-14,-0.006985264154766968,0,0.0,-0.0,-0.006985264154766968,0.8653929191413099,0.3746120792551924
2012-02-15,0.013607804915260464,0,0.0,0.0,0.013607804915260464,0.8653929191413099,0.379744569109573
2012-02-16,-0.00314812159889506,0,0.0,-0.0,-0.00314812159889506,0.8653929191413099,0.37855096681785655
2012-02-17,0.002833755044907009,0,0.0,0.0,0.002833755044907009,0.8653929191413099,0.37962520888040124
2012-02-21,-0.004569455677901466,0,0.0,-0.0,-0.004569455677901466,0.8653929191413099,0.3778944855574125
2012-02-22,0.006611073976378961,0,0.0,0.0,0.006611073976378961,0.8653929191413099,0.3804010503700169
2012-02-23,0.003445578976563118,0,0.0,0.0,0.003445578976563118,0.8653929191413099,0.381714012890905
2012-02-24,0.0014061403769897538,0,0.0,0.0,0.0014061403769897538,0.8653929191413099,0.38225113392217736
2012-02-27,0.01009717316411164,0,0.0,0.0,0.01009717316411164,0.8653929191413099,0.38613034137025565
2012-02-28,-0.004492300948055578,0,0.0,-0.0,-0.004492300948055578,0.8653929191413099,0.38439961804726686
2012-02-29,0.007886842087591286,0,0.0,0.0,0.007886842087591286,0.8653929191413099,0.38744330389114373
2012-03-01,-0.0007704754214263477,0,0.0,-0.0,-0.0007704754214263477,0.8653929191413099,0.38714490331821466
2012-03-02,-0.010382056529048615,0,0.0,-0.0,-0.010382056529048615,0.8653929191413099,0.3831463356409647
2012-03-05,-0.009861549747598104,1,0.0005,-0.010361549747598104,-0.009861549747598104,0.8564724023576431,0.379386488422058
2012-03-06,0.0076784832326948224,0,0.0005,-0.0005,0.0076784832326948224,0.8560442731976736,0.38231081403676326
2012-03-07,0.010713556398635015,1,0.0005,0.010213556398635014,0.010713556398635015,0.8648323319334734,0.38642874194318483
2012-03-08,0.004161214296112046,0,0.0005,-0.0005,0.004161214296112046,0.8644000238535331,0.3880401050370019
2012-03-09,0.00046129008275496076,0,0.0,0.0,0.00046129008275496076,0.8644000238535331,0.38821914538075936
2012-03-12,0.018430191913235694,0,0.0,0.0,0.018430191913235694,0.8644000238535331,0.39544043924564365
2012-03-13,0.003465163542613707,0,0.0,0.0,0.003465163542613707,0.8644000238535331,0.3968130818811175
2012-03-14,0.0028534974682297744,0,0.0,0.0,0.0028534974682297744,0.8644000238535331,0.3979470040582481
2012-03-15,-0.002402403557866512,0,0.0,-0.0,-0.002402403557866512,0.8644000238535331,0.39699212222487495
2012-03-16,0.007040700195449179,0,0.0,0.0,0.007040700195449179,0.8644000238535331,0.3997970876104085
2012-03-19,0.0017897096499717093,0,0.0,0.0,0.0017897096499717093,0.8644000238535331,0.40051324898543833
2012-03-20,0.00014899798880296252,0,0.0,0.0,0.00014899798880296252,0.8644000238535331,0.4005729291000242
2012-03-21,-0.0020879947928921796,0,0.0,-0.0,-0.0020879947928921796,0.8644000238535331,0.3997374074958227
2012-03-22,-0.0006123104455827807,0,0.0,-0.0,-0.0006123104455827807,0.8644000238535331,0.3994927190260208
2012-03-23,0.01734228833275125,0,0.0,0.0,0.01734228833275125,0.8644000238535331,0.4064812604440204
2012-03-26,0.0014671364134008253,0,0.0,0.0,0.0014671364134008253,0.8644000238535331,0.4070780615898785
2012-03-27,-0.003995657106670314,0,0.0,-0.0,-0.003995657106670314,0.8644000238535331,0.40545476247314427
2012-03-28,-0.0038048092619895244,0,0.0,-0.0,-0.0038048092619895244,0.8644000238535331,0.4039150155168302
2012-03-29,-0.0019226508917600967,0,0.0,-0.0,-0.0019226508917600967,0.8644000238535331,0.40313917402721444
2012-03-30,0.010309369658861287,1,0.0005,0.009809369658861287,0.010309369658861287,0.8729209674370603,0.40731678204822186
2012-04-02,-0.00029308323773678715,0,0.0005,-0.0005,-0.00029308323773678715,0.872484616050279,0.4071974218190502
2012-04-03,-0.01372411417665023,0,0.0,-0.0,-0.01372411417665023,0.872484616050279,0.40164717116256893
2012-04-04,0.006221320614252424,0,0.0,0.0,0.006221320614252424,0.872484616050279,0.4041537359751734
2012-04-05,-0.007559511283060166,1,0.0005,-0.008059511283060166,-0.007559511283060166,0.8654810769042639,0.4011100501312965
2012-04-09,-0.016199544295303434,0,0.0005,-0.0005,-0.016199544295303434,0.8650484445329178,0.39466459775602797
2012-04-10,0.0048272834726833655,1,0.0005,0.004327283472683366,0.0048272834726833655,0.8687998652465451,0.3965743614227742
2012-04-11,0.011297864363857315,0,0.0005,-0.0005,0.011297864363857315,0.8683655738958072,0.40108021007400363
2012-04-12,-0.015218255392280165,0,0.0,-0.0,-0.015218255392280165,0.8683655738958072,0.3950226784435429
2012-04-13,-0.011242901774922402,0,0.0,-0.0,-0.011242901774922402,0.8683655738958072,0.39060634996419225
2012-04-16,0.020117142159599477,0,0.0,0.0,0.020117142159599477,0.8683655738958072,0.3985438052041063
2012-04-17,-0.0025489180904203898,0,0.0,-0.0,-0.0025489180904203898,0.8683655738958072,0.39752924325614736
2012-04-18,-0.01132343947686985,0,0.0,-0.0,-0.01132343947686985,0.8683655738958072,0.39305323466221087
2012-04-19,-0.0027368118040453767,0,0.0,-0.0,-0.0027368118040453767,0.8683655738958072,0.3919789925996661
2012-04-20,-0.00917718279333585,0,0.0,-0.0,-0.00917718279333585,0.8683655738958072,0.38839818572451684
2012-04-23,-0.005392509793418144,0,0.0,-0.0,-0.005392509793418144,0.8683655738958072,0.3863093817140132
2012-04-24,0.02622501260183543,0,0.0,0.0,0.02622501260183543,0.8683655738958072,0.3965743614227742
2012-04-25,0.005851918567938585,0,0.0,0.0,0.005851918567938585,0.8683655738958072,0.3989018858916211
2012-04-26,0.005966604813221696,0,0.0,0.0,0.005966604813221696,0.8683655738958072,0.40128909047505384
2012-04-27,-0.00716420974678035,0,0.0,-0.0,-0.00716420974678035,0.8683655738958072,0.39842444497493457
2012-04-30,0.0016463372722527868,0,0.0,0.0,0.0016463372722527868,0.8683655738958072,0.39908092623537855
2012-05-01,0.0028373049721951648,0,0.0,0.0,0.0028373049721951648,0.8683655738958072,0.4002148484125091
2012-05-02,-0.010643980259866136,0,0.0,-0.0,-0.010643980259866136,0.8683655738958072,0.39597756027691583
2012-05-03,-0.025182559271361468,0,0.0,-0.0,-0.025182559271361468,0.8683655738958072,0.38613034137025554
2012-05-04,0.0009269273025795029,0,0.0,0.0,0.0009269273025795029,0.8683655738958072,0.38648842205777045
2012-05-07,-0.003712875552426436,0,0.0,-0.0,-0.003712875552426436,0.8683655738958072,0.38505609930771073
2012-05-08,-0.003089081243473013,0,0.0,-0.0,-0.003089081243473013,0.8683655738958072,0.383868465027453
2012-05-09,-0.002038736689848317,0,0.0,-0.0,-0.002038736689848317,0.8683655738958072,0.3830866555263787
2012-05-10,-0.00015579964197583,0,0.0,-0.0,-0.00015579964197583,0.8683655738958072,0.3830269754117929
2012-05-11,-0.00939268019905426,1,0.0005,-0.00989268019905426,-0.00939268019905426,0.8598174625566624,0.3794461685366437
2012-05-14,-0.003308392147231045,1,0.0,-0.003308392147231045,-0.003308392147231045,0.8569775495787306,0.37819288613034147
2012-05-15,-0.006808671699164828,1,0.0,-0.006808671699164828,-0.006808671699164828,0.8511624896715371,0.3756266412031512
2012-05-16,-0.02135769660978142,1,0.0,-0.02135769660978142,-0.02135769660978142,0.8331763741446362,0.3676891859632372
2012-05-17,-0.013069945894460878,1,0.0,-0.013069945894460878,-0.013069945894460878,0.8223576580382297,0.3629147767963716
2012-05-18,0.02757229481170264,0,0.0005,-0.0005,0.02757229481170264,0.8219465819867875,0.373060396275961
2012-05-21,-0.0011204482964897178,0,0.0,-0.0,-0.0011204482964897178,0.8219465819867875,0.37264263547386023
2012-05-22,0.0019200005898244268,0,0.0,0.0,0.0019200005898244268,0.8219465819867875,0.3733587968488901
2012-05-23,-0.0065752782803356,0,0.0,-0.0,-0.0065752782803356,0.8219465819867875,0.3709119121508715
2012-05-24,-0.001288037531158745,0,0.0,-0.0,-0.001288037531158745,0.8219465819867875,0.37043447123418494
2012-05-25,0.01264725094386025,0,0.0,0.0,0.01264725094386025,0.8219465819867875,0.3751492002864647
2012-05-29,-0.008467180548662342,0,0.0,-0.0,-0.008467180548662342,0.8219465819867875,0.37198615421341624
2012-05-30,-0.004341191800524974,0,0.0,-0.0,-0.004341191800524974,0.8219465819867875,0.37037479111959914
2012-05-31,-0.026963558557332522,0,0.0,-0.0,-0.026963558557332522,0.8219465819867875,0.3605216042014802
2012-06-01,0.007602342042931432,1,0.0005,0.007102342042931432,0.007602342042931432,0.8278051077530971,0.36327285748388655
2012-06-04,0.004098702352431932,0,0.0005,-0.0005,0.004098702352431932,0.8273913086576152,0.364764860348532
2012-06-05,0.022647360695011002,0,0.0,0.0,0.022647360695011002,0.8273913086576152,0.3731200763905469
2012-06-06,-0.004006736668915201,1,0.0005,-0.004506736668915202,-0.004006736668915201,0.8236708637371803,0.37162807352590144
2012-06-07,0.009589333510609007,0,0.0005,-0.0005,0.009589333510609007,0.8232591312470121,0.3752088804010506
2012-06-08,-0.017084835055183257,0,0.0,-0.0,-0.017084835055183257,0.8232591312470121,0.3688529481976608
2012-06-11,0.012141828897269183,0,0.0,0.0,0.012141828897269183,0.8232591312470121,0.37335879684889023
2012-06-12,-0.006897132161453171,0,0.0,-0.0,-0.006897132161453171,0.8232591312470121,0.37079255192169996
2012-06-13,0.003695080113973152,0,0.0,0.0,0.003695080113973152,0.8232591312470121,0.3721651945571738
2012-06-14,0.010051939444261804,0,0.0,0.0,0.010051939444261804,0.8232591312470121,0.37592504177608044
2012-06-15,0.009322971848818869,0,0.0,0.0,0.009322971848818869,0.8232591312470121,0.37944616853664376
2012-06-18,0.010311547409532797,0,0.0,0.0,0.010311547409532797,0.8232591312470121,0.3833790880878493
2012-06-19,0.0007935952614058681,0,0.0,0.0,0.0007935952614058681,0.8232591312470121,0.38368345667223697
2012-06-20,-0.025202152867718368,0,0.0,-0.0,-0.025202152867718368,0.8232591312470121,0.37413463833850574
2012-06-21,0.01047296148127098,0,0.0,0.0,0.01047296148127098,0.8232591312470121,0.3780735259011699
2012-06-22,-0.019445942691545613,0,0.0,-0.0,-0.019445942691545613,0.8232591312470121,0.3707925519216998
2012-06-25,0.0062575414776732926,0,0.0,0.0,0.0062575414776732926,0.8232591312470121,0.3731200763905468
2012-06-26,0.006059658153118817,0,0.0,0.0,0.006059658153118817,0.8232591312470121,0.37538792074480787
2012-06-27,-0.011191163961260993,0,0.0,-0.0,-0.011191163961260993,0.8232591312470121,0.3712103127238005
2012-06-28,0.03102496381312525,0,0.0,0.0,0.03102496381312525,0.8232591312470121,0.38290761518262123
2012-06-29,0.0029569704838765614,1,0.0005,0.0024569704838765614,0.0029569704838765614,0.8252843415552438,0.3840415373597518
2012-07-02,0.008356594590941492,0,0.0005,-0.0005,0.008356594590941492,0.8248718025278177,0.3872642635473861
2012-07-03,0.0006162378873184659,0,0.0,0.0,0.0006162378873184659,0.8248718025278177,0.3875029840057294
2012-07-05,-0.012553438779043241,0,0.0,-0.0,-0.012553438779043241,0.8248718025278177,0.38266889472427795
2012-07-06,-0.0018732443816804475,0,0.0,-0.0,-0.0018732443816804475,0.8248718025278177,0.3819527333492481
2012-07-09,-0.009892520024246296,0,0.0,-0.0,-0.009892520024246296,0.8248718025278177,0.3781928861303414
2012-07-10,-0.005538427006296968,0,0.0,-0.0,-0.005538427006296968,0.8248718025278177,0.37610408211983776
2012-07-11,-0.009406207255475854,0,0.0,-0.0,-0.009406207255475854,0.8248718025278177,0.3725829553592744
2012-07-12,0.015102425189122083,0,0.0,0.0,0.015102425189122083,0.8248718025278177,0.3782525662449273
2012-07-13,-0.0028440531099629147,0,0.0,-0.0,-0.0028440531099629147,0.8248718025278177,0.37717832418238256
2012-07-16,0.0052079341256300584,0,0.0,0.0,0.0052079341256300584,0.8248718025278177,0.3791477679637146
2012-07-17,0.013446106271650339,0,0.0,0.0,0.013446106271650339,0.8248718025278177,0.3842802578180951
2012-07-18,0.010966207664431404,0,0.0,0.0,0.010966207664431404,0.8248718025278177,0.3885175459536883
2012-07-19,-0.013376315730950442,0,0.0,-0.0,-0.013376315730950442,0.8248718025278177,0.38335521604201495
2012-07-20,-0.012138447328523472,0,0.0,-0.0,-0.012138447328523472,0.8248718025278177,0.3787300071616139
2012-07-23,-0.007910182045901772,0,0.0,-0.0,-0.007910182045901772,0.8248718025278177,0.3757460014323229
2012-07-24,-0.0066932520794525975,0,0.0,-0.0,-0.0066932520794525975,0.8248718025278177,0.3732394366197184
2012-07-25,0.013184211305730345,0,0.0,0.0,0.013184211305730345,0.8248718025278177,0.37819288613034147
2012-07-26,0.02339470388953857,0,0.0,0.0,0.02339470388953857,0.8248718025278177,0.38714490331821455
2012-07-27,-0.0007710695115629186,1,0.0005,-0.0012710695115629187,-0.0007710695115629186,0.8238239991851888,0.38684650274528537
2012-07-30,-0.0003085943551722967,0,0.0005,-0.0005,-0.0003085943551722967,0.8234121901464353,0.38672714251611373
2012-07-31,-0.002936405788154917,0,0.0,-0.0,-0.002936405788154917,0.8234121901464353,0.38559322033898313
2012-08-01,-0.0035661716994120135,0,0.0,-0.0,-0.0035661716994120135,0.8234121901464353,0.3842205777035093
2012-08-02,0.01877267007938125,0,0.0,0.0,0.01877267007938125,0.8234121901464353,0.39150155168297934
2012-08-03,0.007593050907597196,0,0.0,0.0,0.007593050907597196,0.8234121901464353,0.3944855574122703
2012-08-06,0.008286299767077154,0,0.0,0.0,0.008286299767077154,0.8234121901464353,0.39776796371449047
2012-08-07,-0.00045021385918414503,0,0.0,-0.0,-0.00045021385918414503,0.8234121901464353,0.397588923370733
2012-08-08,0.0029976041630766894,0,0.0,0.0,0.0029976041630766894,0.8234121901464353,0.3987825256624493
2012-08-09,0.0005984440633420732,0,0.0,0.0,0.0005984440633420732,0.8234121901464353,0.3990212461207926
2012-08-10,0.0023902013172118044,0,0.0,0.0,0.0023902013172118044,0.8234121901464353,0.3999761279541657
2012-08-13,0.0004475274185231616,0,0.0,0.0,0.0004475274185231616,0.8234121901464353,0.4001551682979232
2012-08-14,0.0025322125692720525,0,0.0,0.0,0.0025322125692720525,0.8234121901464353,0.4011697302458821
2012-08-15,0.01183095728208983,0,0.0,0.0,0.01183095728208983,0.8234121901464353,0.4059441394127477
2012-08-16,0.0044007699012649955,1,0.0005,0.0039007699012649955,0.0044007699012649955,0.8266304043098693,0.40773454285032235
2012-08-17,0.0014626300691443364,1,0.0,0.0014626300691443364,0.0014626300691443364,0.8278403434262481,0.4083313439961806
2012-08-20,-0.003954021406916908,0,0.0005,-0.0005,-0.003954021406916908,0.8274265267173334,0.4067199809023635
2012-08-21,0.00410016682186477,0,0.0,0.0,0.00410016682186477,0.8274265267173334,0.40839102411076644
2012-08-22,-0.008217214248739408,0,0.0,-0.0,-0.008217214248739408,0.8274265267173334,0.4050489376939605
2012-08-23,0.006169232257330968,1,0.0005,0.005669232257330969,0.006169232257330968,0.8321307218611255,0.407555502506565
2012-08-24,0.0016094816555068468,0,0.0005,-0.0005,0.0016094816555068468,0.8317147604992012,0.408211983767009
2012-08-27,0.0,0,0.0,0.0,0.0,0.8317147604992012,0.408211983767009
2012-08-28,0.0,0,0.0,0.0,0.0,0.8317147604992012,0.408211983767009
2012-08-29,-0.010138945130950962,1,0.0005,-0.010638945130950962,-0.010138945130950962,0.8229130960297796,0.4040940558605874
2012-08-30,0.006624003023506396,0,0.0005,-0.0005,0.006624003023506396,0.8225017423287597,0.40677966101694935
2012-08-31,-0.001027523026184952,1,0.0005,-0.001527523026184952,-0.001027523026184952,0.8212463110724622,0.40636190021484864
2012-09-04,-0.0010285799158259719,0,0.0005,-0.0005,-0.0010285799158259719,0.8208357905556076,0.4059441394127479
2012-09-05,0.02195653453187708,0,0.0,0.0,0.02195653453187708,0.8208357905556076,0.4149558367152067
2012-09-06,-0.001439263345744317,1,0.0005,-0.001939263345744317,-0.001439263345744317,0.8192455162728055,0.41435903556934855
2012-09-07,-0.012901534318719226,0,0.0005,-0.0005,-0.012901534318719226,0.8188359959032931,0.4090475053712106
2012-09-10,-0.0016061914820564337,0,0.0,-0.0,-0.0016061914820564337,0.8188359959032931,0.40839102411076655
2012-09-11,0.002947573306257638,0,0.0,0.0,0.002947573306257638,0.8188359959032931,0.40959656242540005
2012-09-12,0.01343079121541804,0,0.0,0.0,0.01343079121541804,0.8188359959032931,0.4151348770589641
2012-09-13,0.008873680668986882,0,0.0,0.0,0.008873680668986882,0.8188359959032931,0.418835044163285
2012-09-14,0.0004273808740881764,0,0.0,0.0,0.0004273808740881764,0.8188359959032931,0.41901408450704236
2012-09-17,0.0008542141749489659,0,0.0,0.0,0.0008542141749489659,0.8188359959032931,0.41937216519455733
2012-09-18,0.0018482979598905538,0,0.0,0.0,0.0018482979598905538,0.8188359959032931,0.42014800668417307
2012-09-19,-0.000994812844069922,0,0.0,-0.0,-0.000994812844069922,0.8188359959032931,0.4197302458820723
2012-09-20,-0.0025626437714568904,0,0.0,-0.0,-0.0025626437714568904,0.8188359959032931,0.41865600381952756
2012-09-21,-0.005933462737812236,0,0.0,-0.0,-0.005933462737812236,0.8188359959032931,0.416179279064216
2012-09-24,-0.014080163296009125,0,0.0,-0.0,-0.014080163296009125,0.8188359959032931,0.41036046789209857
2012-09-25,-0.008177615665232124,1,0.0005,-0.008677615665232124,-0.008177615665232124,0.811761192445577,0.4070183814752927
2012-09-26,0.013688869644061961,0,0.0005,-0.0005,0.013688869644061961,0.8113554133025936,0.41262831224635965
2012-09-27,-0.008278313197205477,0,0.0,-0.0,-0.008278313197205477,0.8113554133025936,0.4092265457149679
2012-09-28,-0.0014594281633014624,0,0.0,-0.0,-0.0014594281633014624,0.8113554133025936,0.4086297445691097
2012-10-01,0.0029167294996134733,0,0.0,0.0,0.0029167294996134733,0.8113554133025936,0.4098233468608261
2012-10-02,0.006387015470717962,0,0.0,0.0,0.006387015470717962,0.8113554133025936,0.4124492719026022
2012-10-03,0.0034667086575374513,0,0.0,0.0,0.0034667086575374513,0.8113554133025936,0.41388159465266183
2012-10-04,-0.0053495392521456025,0,0.0,-0.0,-0.0053495392521456025,0.8113554133025936,0.4116734304129865
2012-10-05,-0.009175044338736445,0,0.0,-0.0,-0.009175044338736445,0.8113554133025936,0.4079135831940798
2012-10-08,-0.016087751070705668,0,0.0,-0.0,-0.016087751070705668,0.8113554133025936,0.40140367629505863
2012-10-09,-0.005055935980629534,0,0.0,-0.0,-0.005055935980629534,0.8113554133025936,0.39937932680830757
2012-10-10,-0.0031430093971992513,0,0.0,-0.0,-0.0031430093971992513,0.8113554133025936,0.39812604440200533
2012-10-11,-0.00044980883883059716,0,0.0,-0.0,-0.00044980883883059716,0.8113554133025936,0.3979470040582479
2012-10-12,0.0073216613961798,0,0.0,0.0,0.0073216613961798,0.8113554133025936,0.4008713296729531
2012-10-15,0.014044136515714456,0,0.0,0.0,0.014044136515714456,0.8113554133025936,0.406540940558606
2012-10-16,-0.0005873715293688793,0,0.0,-0.0,-0.0005873715293688793,0.8113554133025936,0.40630222010026273
2012-10-17,-0.011671847064891976,0,0.0,-0.0,-0.011671847064891976,0.8113554133025936,0.40158749104798297
2012-10-18,-0.02421717205605387,0,0.0,-0.0,-0.02421717205605387,0.8113554133025936,0.39197899259966595
2012-10-19,0.00516326128087408,0,0.0,0.0,0.00516326128087408,0.8113554133025936,0.39400811649558376
2012-10-22,-0.009588384851862329,0,0.0,-0.0,-0.009588384851862329,0.8113554133025936,0.39024826927667716
2012-10-23,-0.003462172369261696,0,0.0,-0.0,-0.003462172369261696,0.8113554133025936,0.3888994986870376
2012-10-24,-6.138547007855717e-05,0,0.0,-0.0,-6.138547007855717e-05,0.8113554133025936,0.38887562664120323
2012-10-25,0.002911656336386594,0,0.0,0.0,0.002911656336386594,0.8113554133025936,0.39000954881833383
2012-10-26,-0.006139696953622303,0,0.0,-0.0,-0.006139696953622303,0.8113554133025936,0.38762234423490105
2012-10-31,0.014109384678911142,0,0.0,0.0,0.014109384678911142,0.8113554133025936,0.3931302220100264
2012-11-01,-0.010727887451230612,1,0.0005,-0.011227887451230613,-0.010727887451230612,0.8022965571151438,0.3889353067557891
2012-11-02,0.006576455605754281,1,0.0,0.006576455605754281,0.006576455605754281,0.8075902124712817,0.39150155168297934
2012-11-05,0.0018275972190240858,1,0.0,0.0018275972190240858,0.0018275972190240858,0.8090675116404366,0.3922177130580092
2012-11-06,-0.023867481406643316,1,0.0,-0.023867481406643316,-0.023867481406643316,0.7899857307055207,0.38296729529720713
2012-11-07,-0.01586462237498266,1,0.0,-0.01586462237498266,-0.01586462237498266,0.7775517960318011,0.3769396037240393
2012-11-08,0.004265746258364571,1,0.0,0.004265746258364571,0.004265746258364571,0.7808757191623995,0.3785509668178565
2012-11-09,-0.00015766653560452302,1,0.0,-0.00015766653560452302,-0.00015766653560452302,0.7807526108983033,0.37849128670327065
2012-11-12,-0.006962053437322778,0,0.0005,-0.0005,-0.006962053437322778,0.7803623321706669,0.37586536166149453
2012-11-13,-0.011819335802742307,1,0.0005,-0.012319335802742307,-0.011819335802742307,0.7708077603799993,0.3714490331821439
2012-11-14,-0.0033813530095758034,1,0.0,-0.0033813530095758034,-0.0033813530095758034,0.7682057888109787,0.37019515397469577
2012-11-15,0.004344898932846995,1,0.0,0.004344898932846995,0.004344898932846995,0.7715508269870494,0.37180711386965876
2012-11-16,0.023487643081978753,1,0.0,0.023487643081978753,0.023487643081978753,0.7898872339603563,0.3806433516352352
2012-11-19,0.00030412147535793777,0,0.0005,-0.0005,0.00030412147535793777,0.7894923890628265,0.38075913105753173
2012-11-20,0.002035544427891204,1,0.0005,0.001535544427891204,0.002035544427891204,0.7907056209490562,0.3815349725471474
2012-11-21,0.015058888931409012,1,0.0,0.015058888931409012,0.015058888931409012,0.802702875013198,0.38732394366197204
2012-11-23,0.004320391711169277,1,0.0,0.004320391711169277,0.004320391711169277,0.8061783682008513,0.38900095488183345
2012-11-26,-0.003396319567791294,1,0.0,-0.003396319567791294,-0.003396319567791294,0.8034449732027324,0.38768202434948684
2012-11-27,0.008583743691391435,1,0.0,0.008583743691391435,0.008583743691391435,0.8103712229717215,0.3910241107662928
2012-11-28,0.0059347355198145265,1,0.0,0.0059347355198145265,0.0059347355198145265,0.815194861203696,0.3933516352351397
2012-11-29,-0.0016703367333569885,1,0.0,-0.0016703367333569885,-0.0016703367333569885,0.813834347856216,0.3926951539746957
2012-11-30,-0.0019776381283901977,1,0.0,-0.0019776381283901977,-0.0019776381283901977,0.8122264684455579,0.39191931248508005
2012-12-03,-0.0006092917172500278,1,0.0,-0.0006092917172500278,-0.0006092917172500278,0.8117317363192014,0.3916805920267367
2012-12-04,-0.011135979365540968,1,0.0,-0.011135979365540968,-0.011135979365540968,0.8027424535833063,0.3873430412986393
2012-12-05,0.006401338982173903,1,0.0,0.006401338982173903,0.006401338982173903,0.8078975623399396,0.38983050847457623
2012-12-06,-0.005988501581868806,1,0.0,-0.005988501581868806,-0.005988501581868806,0.8030739241079652,0.38750298400572936
2012-12-07,0.002921955173889432,1,0.0,0.002921955173889432,0.002921955173889432,0.8054239017081578,0.3886369061828599
2012-12-10,0.012968371540494595,1,0.0,0.012968371540494595,0.012968371540494595,0.8159369593932305,0.3937097159226545
2012-12-11,-0.0021244317549941683,0,0.0005,-0.0005,-0.0021244317549941683,0.8155290928886573,0.39287419431845305
2012-12-12,-0.00791365495709542,1,0.0005,-0.00841365495709542,-0.00791365495709542,0.8086962971938229,0.38977739317259485
2012-12-13,-0.009555376466795823,1,0.0,-0.009555376466795823,-0.009555376466795823,0.8010057014116805,0.3860706612556696
2012-12-14,0.013206580153814712,1,0.0,0.013206580153814712,0.013206580153814712,0.8116544091441591,0.3912031511100501
2012-12-17,0.015098260117441418,0,0.0005,-0.0005,0.015098260117441418,0.8112486833794808,0.3971544521365481
2012-12-18,-0.004317527453083889,0,0.0,-0.0,-0.004317527453083889,0.8112486833794808,0.39544342325137255
2012-12-19,-7.546002316450284e-06,1,0.0005,-0.0005075460023164503,-7.546002316450284e-06,0.8108370418256962,0.39544043924564337
2012-12-20,-0.016126927939142572,1,0.0,-0.016126927939142572,-0.016126927939142572,0.7978656071088951,0.3891143470995464
2012-12-21,-0.0019958554257147225,1,0.0,-0.0019958554257147225,-0.0019958554257147225,0.7962747707757024,0.3883385056099307
2012-12-24,-0.008798389705165752,1,0.0,-0.008798389705165752,-0.008798389705165752,0.7892995653147812,0.384936739078539
2012-12-26,-0.001551590691418833,1,0.0,-0.001551590691418833,-0.001551590691418833,0.7880758450584793,0.3843399379326808
2012-12-27,-0.009673971528396394,1,0.0,-0.009673971528396394,-0.009673971528396394,0.7804887794694069,0.3806397708283599
2012-12-28,0.020947146365976763,0,0.0005,-0.0005,0.020947146365976763,0.7800986326245115,0.38869718309859147
2012-12-31,0.031286439581215485,0,0.0,0.0,0.031286439581215485,0.7800986326245115,0.40105037001671034
2013-01-02,-0.0051905308619835345,1,0.0005,-0.005690530861983534,-0.0051905308619835345,0.775672063988031,0.39897409883026963
2013-01-03,-0.0033277900926745796,1,0.0,-0.0033277900926745796,-0.0033277900926745796,0.773095080386742,0.3976486034853186
2013-01-04,0.0003061215326381244,1,0.0,0.0003061215326381244,0.0003061215326381244,0.7733317776648433,0.3977703509190737
2013-01-07,-0.001958393782357067,1,0.0,-0.001958393782357067,-0.001958393782357067,0.771818771534235,0.3969921222248745
2013-01-08,0.003751223545050593,1,0.0,0.003751223545050593,0.003751223545050593,0.7747194734717509,0.3984841250895201
2013-01-09,0.005972841408995771,1,0.0,0.005972841408995771,0.005972841408995771,0.7793605965717764,0.4008713296729529
2013-01-10,0.001338987033350384,1,0.0,0.001338987033350384,0.001338987033350384,0.7804048492692821,0.40140845070422526
2013-01-11,-0.004470280130903856,1,0.0,-0.004470280130903856,-0.004470280130903856,0.7769240069442629,0.39961804726665057
2013-01-14,-0.004940499606774036,1,0.0,-0.004940499606774036,-0.004940499606774036,0.7730950803867419,0.39764860348531855
2013-01-15,0.004044040559737166,1,0.0,0.004044040559737166,0.004044040559737166,0.7762278384792592,0.39925996657913576
2013-01-16,0.004771855162776733,1,0.0,0.004771855162776733,0.004771855162776733,0.7799407369592795,0.401169730245882
2013-01-17,-0.0022339721853138626,1,0.0,-0.0022339721853138626,-0.0022339721853138626,0.7782003157967698,0.40027452852709466
2013-01-18,0.0016387340725009787,1,0.0,0.0016387340725009787,0.0016387340725009787,0.779476624649277,0.4009310097875387
2013-01-22,0.006084458928115925,1,0.0,0.006084458928115925,0.006084458928115925,0.784233775826803,0.4033778944855573
2013-01-23,-0.013854970232669234,1,0.0,-0.013854970232669234,-0.013854970232669234,0.7734431646192437,0.397827643829076
2013-01-24,0.005087546511372423,1,0.0,0.005087546511372423,0.005087546511372423,0.7773881192542653,0.39985676772499384
2013-01-25,0.0022363035782805166,1,0.0,0.0022363035782805166,0.0022363035782805166,0.7791285404167749,0.40075196944378116
2013-01-28,0.0001489092400933599,1,0.0,0.0001489092400933599,0.0001489092400933599,0.7792445684942755,0.4008116495583669
2013-01-29,-0.002086749900175699,1,0.0,-0.002086749900175699,-0.002086749900175699,0.7776201754092665,0.3999761279541655
2013-01-30,-0.002240646243277024,1,0.0,-0.002240646243277024,-0.002240646243277024,0.7758797542467571,0.3990809262353782
2013-01-31,0.011744727286675031,1,0.0,0.011744727286675031,0.011744727286675031,0.7850459723693072,0.40379565528765793
2013-02-01,-0.017594012805369503,0,0.0005,-0.0005,-0.017594012805369503,0.784653547497516,0.39675340176653123
2013-02-04,0.014633679086311276,1,0.0005,0.014133679086311276,0.014633679086311276,0.7958223310095328,0.40260205299594154
2013-02-05,-0.0032665210930893454,0,0.0005,-0.0005,-0.0032665210930893454,0.7954245193052419,0.4012890904750535
2013-02-06,0.0008919281102671979,1,0.0005,0.00039192811026719787,0.0008919281102671979,0.7957363296335784,0.4016471711625684
2013-02-07,0.010200398887686112,1,0.0,0.010200398887686112,0.010200398887686112,0.803894696163254,0.40576509906898994
2013-02-08,0.0002941176491790974,0,0.0005,-0.0005,0.0002941176491790974,0.8034928492852637,0.4058844592981616
2013-02-11,-0.00412553996073502,1,0.0005,-0.004625539960735021,-0.00412553996073502,0.7997848433787322,0.40421341608975864
2013-02-12,0.003537218131734592,1,0.0,0.003537218131734592,0.003537218131734592,0.8026188661516673,0.4056457388398183
2013-02-13,-0.0002942907613940842,1,0.0,-0.0002942907613940842,-0.0002942907613940842,0.8023826975872561,0.40552637861064667
2013-02-14,-0.002947680837342489,1,0.0,-0.002947680837342489,-0.002947680837342489,0.8000210119431436,0.4043327763189302
2013-02-15,0.007206443423613388,1,0.0,0.007206443423613388,0.007206443423613388,0.8058071417712194,0.4072571019336354
2013-02-19,-0.01550647625136502,1,0.0,-0.01550647625136502,-0.01550647625136502,0.7934082921396283,0.40099068990212433
2013-02-20,-0.010773708878568142,1,0.0,-0.010773708878568142,-0.010773708878568142,0.7849062238208229,0.39669372165194533
2013-02-21,0.010014379136658738,1,0.0,0.010014379136658738,0.010014379136658738,0.7928060623003795,0.4006863213177367
2013-02-22,-0.012424381809372819,1,0.0,-0.012424381809372819,-0.012424381809372819,0.7830168753055329,0.3957388398185723
2013-02-25,0.003763081132176867,1,0.0,0.003763081132176867,0.003763081132176867,0.7859689823606736,0.39723084268321773
2013-02-26,0.010149639816930518,1,0.0,0.010149639816930518,0.010149639816930518,0.793986905122436,0.40128312246359493
2013-02-27,-0.00206939235224761,0,0.0005,-0.0005,-0.00206939235224761,0.7935900109016986,0.400453568870852
2013-02-28,0.004164194000770713,1,0.0005,0.003664194000770713,0.004164194000770713,0.7965032126674692,0.402124612079255
2013-03-01,0.004442477319561215,1,0.0,0.004442477319561215,0.004442477319561215,0.8000495315128275,0.4039150155168297
2013-03-04,0.014667320731306882,1,0.0,0.014667320731306882,0.014667320731306882,0.8118705943306884,0.4098830269754116
2013-03-05,-0.00247831601446709,0,0.0005,-0.0005,-0.00247831601446709,0.8114647605004355,0.40886846502745267
2013-03-06,0.002623908210982479,1,0.0005,0.002123908210982479,0.002623908210982479,0.8131900687177599,0.4099427070899974
2013-03-07,0.0011639751059545863,1,0.0,0.0011639751059545863,0.0011639751059545863,0.8141371527983746,0.41042014800668397
2013-03-08,0.0029040241114550816,1,0.0,0.0029040241114550816,0.0029040241114550816,0.8165048629999112,0.41161375029840036
2013-03-11,-0.0036313497671999827,1,0.0,-0.0036313497671999827,-0.0036313497671999827,0.8135452252479903,0.4101217474337548
2013-03-12,-0.0013105207554567242,1,0.0,-0.0013105207554567242,-0.0013105207554567242,0.8124797556572988,0.4095846264024824
2013-03-13,0.003345700989834362,1,0.0,0.003345700989834362,0.003345700989834362,0.8152026223890659,0.41095726903795626
2013-03-14,-0.005095737895569876,1,0.0,-0.005095737895569876,-0.005095737895569876,0.8110591295363768,0.4088684650274526
2013-03-15,-0.002191861767417646,1,0.0,-0.002191861767417646,-0.002191861767417646,0.8092833468852243,0.4079732633086653
2013-03-18,-0.0019035074200578473,1,0.0,-0.0019035074200578473,-0.0019035074200578473,0.8077443352542255,0.40719742181904967
2013-03-19,0.006995844187460999,1,0.0,0.006995844187460999,0.006995844187460999,0.8134150011869058,0.4100560993077105
2013-03-20,-0.011402431811582613,1,0.0,-0.011402431811582613,-0.011402431811582613,0.8041927699519206,0.4054070183814751
2013-03-21,0.009668988308019396,1,0.0,0.009668988308019396,0.009668988308019396,0.8120062136169915,0.4093459059441392
2013-03-22,-0.0036515048240841866,0,0.0005,-0.0005,-0.0036515048240841866,0.811600311994045,0.40785390307949376
2013-03-25,0.0053995023558386585,1,0.0005,0.004899502355838659,0.0053995023558386585,0.8155865068461051,0.410062067319169
2013-03-26,0.0013235306744041274,1,0.0,0.0013235306744041274,0.0013235306744041274,0.816666675265884,0.4106051563619001
2013-03-27,0.0024533477258112534,1,0.0,0.0024533477258112534,0.0024533477258112534,0.8186727023311873,0.4116137502984004
2013-03-28,-0.006837882175020288,1,0.0,-0.006837882175020288,-0.006837882175020288,0.8130938104927696,0.4088087849128669
2013-04-01,0.007852301506992886,1,0.0,0.007852301506992886,0.007852301506992886,0.8195036011156324,0.4120315111005011
2013-04-02,-0.009167034002266003,1,0.0,-0.009167034002266003,-0.009167034002266003,0.8120255120556258,0.4082716638815944
2013-04-03,0.0002923121914997924,1,0.0,0.0002923121914997924,0.0002923121914997924,0.8122629117083244,0.4083910241107661
2013-04-04,-0.008349829495266536,1,0.0,-0.008349829495266536,-0.008349829495266536,0.8055088915890488,0.40499522559083295
2013-04-05,0.0052762815213598345,0,0.0005,-0.0005,0.0052762815213598345,0.8051062378150864,0.4071377417044639
2013-04-08,0.006720259038775167,1,0.0005,0.006220259038775168,0.006720259038775167,0.8101298149460391,0.4098830269754116
2013-04-09,0.01925146877846546,1,0.0,0.01925146877846546,0.01925146877846546,0.8258770965848415,0.41785032227261854
2013-04-10,-0.0003571301062922269,0,0.0005,-0.0005,-0.0003571301062922269,0.8254642612539825,0.41770112198615394
2013-04-11,-0.0007146430662184827,1,0.0005,-0.0012146430662184826,-0.0007146430662184827,0.8244622254937302,0.4174027214132248
2013-04-12,-0.01992845734570535,1,0.0,-0.01992845734570535,-0.01992845734570535,0.8081945979389498,0.40916686560038174
2013-04-15,0.013185730415265055,1,0.0,0.013185730415265055,0.013185730415265055,0.8189218016163773,0.4145977560276913
2013-04-16,-0.019697551486765406,0,0.0005,-0.0005,-0.019697551486765406,0.8185124430637356,0.40651110050131267
2013-04-17,-0.013985621648702647,0,0.0,-0.0,-0.013985621648702647,0.8185124430637356,0.4008653616614941
2013-04-18,0.013618527925554047,1,0.0005,0.013118527925554046,0.013618527925554047,0.8293208616696504,0.40636190021484825
2013-04-19,0.010228026043047508,0,0.0005,-0.0005,0.010228026043047508,0.8289063048866478,0.4105395082358556
2013-04-22,0.00954868366242995,0,0.0,0.0,0.00954868366242995,0.8289063048866478,0.41447839579851975
2013-04-23,-0.00043205876671256743,0,0.0,-0.0,-0.00043205876671256743,0.8289063048866478,0.41429935545476226
2013-04-24,0.005315722595420218,1,0.0005,0.004815722595420218,0.005315722595420218,0.8329077148155644,0.41650751969443767
2013-04-25,-0.0031572930935104397,1,0.0,-0.0031572930935104397,-0.0031572930935104397,0.8302821280945523,0.4151945571735496
2013-04-26,0.009157311093607491,1,0.0,0.009157311093607491,0.009157311093607491,0.837920198555678,0.4190140845070421
2013-04-29,0.007237667300230603,0,0.0005,-0.0005,0.007237667300230603,0.8375013431789704,0.4220577703509189
2013-04-30,-0.004677210709347743,1,0.0005,-0.0051772107093477435,-0.004677210709347743,0.8331766268994837,0.42008832656958683
2013-05-01,0.012564575542513598,1,0.0,0.012564575542513598,0.012564575542513598,0.8437111800738059,0.4253998567677248
2013-05-02,0.011715615172562763,0,0.0005,-0.0005,0.011715615172562763,0.8432894299300913,0.43041298639293374
2013-05-03,0.003874901056554157,0,0.0,0.0,0.003874901056554157,0.8432894299300913,0.4320840296013367
2013-05-06,-0.0005526388645764178,1,0.0005,-0.0010526388645764177,-0.0005526388645764178,0.8424022177409989,0.43184530914299335
2013-05-07,0.004825266134870917,1,0.0,0.004825266134870917,0.004825266134870917,0.8464768553337206,0.43393411315349695
2013-05-08,-0.0014244771584959097,1,0.0,-0.0014244771584959097,-0.0014244771584959097,0.8452719267884443,0.4333164239675338
2013-05-09,0.006089688693238961,1,0.0,0.006089688693238961,0.006089688693238961,0.8504350747095075,0.43596323704941486
2013-05-10,0.0012312745245266984,1,0.0,0.0012312745245266984,0.0012312745245266984,0.8514828386619216,0.43650035808068727
2013-05-13,0.005182065326196412,1,0.0,0.005182065326196412,0.005182065326196412,0.8559067309054482,0.43876820243494835
2013-05-14,0.002038182647290788,1,0.0,0.002038182647290788,0.002038182647290788,0.857653004159472,0.4396634041537358
2013-05-15,-0.0010865137562145674,1,0.0,-0.0010865137562145674,-0.0010865137562145674,0.8567216584239927,0.43918596323704917
2013-05-16,0.009601804785205816,1,0.0,0.009601804785205816,0.009601804785205816,0.8649873518263712,0.4434232513726424
2013-05-17,-0.0014815815222789662,0,0.0005,-0.0005,-0.0014815815222789662,0.8645549662558587,0.44276677011219834
2013-05-20,0.001077731479770605,0,0.0,0.0,0.001077731479770605,0.8645549662558587,0.44324421102888495
2013-05-21,-0.008803957088000396,0,0.0,-0.0,-0.008803957088000396,0.8645549662558587,0.4393590355693481
2013-05-22,-0.002298241973318361,0,0.0,-0.0,-0.002298241973318361,0.8645549662558587,0.4383504416328477
2013-05-23,-0.0005447364971964491,1,0.0005,-0.001044736497196449,-0.0005447364971964491,0.8636522057842968,0.43811172117450436
2013-05-24,0.006517334677866347,1,0.0,0.006517334677866347,0.006517334677866347,0.8692992982618404,0.44097636667462375
2013-05-28,-0.004748024927430208,1,0.0,-0.004748024927430208,-0.004748024927430208,0.8651816266636316,0.4388875626641201
2013-05-29,0.005289223695882835,1,0.0,0.005289223695882835,0.005289223695882835,0.8697698893016358,0.4412150871329671
2013-05-30,-0.00924045167183204,1,0.0,-0.00924045167183204,-0.00924045167183204,0.8617698416251159,0.4371568393411313
2013-05-31,0.0017731710299592565,1,0.0,0.0017731710299592565,0.0017731710299592565,0.8632992625044505,0.43793268083074693
2013-06-03,-0.005191977778744813,1,0.0,-0.005191977778744813,-0.005191977778744813,0.8588286476263953,0.4356648364764858
2013-06-04,-0.013099118702860065,1,0.0,-0.013099118702860065,-0.013099118702860065,0.8476521104312573,0.42999522559083286
2013-06-05,0.004845976946139665,1,0.0,0.004845976946139665,0.004845976946139665,0.8517697820294661,0.4320840296013366
2013-06-06,0.013581387165300631,0,0.0005,-0.0005,0.013581387165300631,0.8513440035919312,0.4379923609453327
2013-06-07,0.00040869151171681143,0,0.0,0.0,0.00040869151171681143,0.8513440035919312,0.4381714012890902
2013-06-10,-0.009992554572144248,1,0.0005,-0.010492554572144248,-0.009992554572144248,0.8424579305028913,0.43381475292432536
2013-06-11,-0.011623210971510164,1,0.0,-0.011623210971510164,-0.011623210971510164,0.8327225520241125,0.4288016232991165
2013-06-12,0.012585741124887617,1,0.0,0.012585741124887617,0.012585741124887617,0.8432692120427896,0.4342325137264261
2013-06-13,-0.006618887925893866,1,0.0,-0.006618887925893866,-0.006618887925893866,0.8377061386263445,0.4313678682263067
2013-06-14,0.00963796528427388,1,0.0,0.00963796528427388,0.00963796528427388,0.8458189540253268,0.4355454762473141
2013-06-17,0.008187818668326578,0,0.0005,-0.0005,0.008187818668326578,0.8453961502580644,0.43912628312246327
2013-06-18,-0.011206896026706758,1,0.0005,-0.011706896026706758,-0.011206896026706758,0.835556891389332,0.4342325137264261
2013-06-19,-0.024134425909669886,1,0.0,-0.024134425909669886,-0.024134425909669886,0.8156326032287974,0.4238780138457863
2013-06-20,-0.008412618982932638,1,0.0,-0.008412618982932638,-0.008412618982932638,0.8087997781823894,0.42032704702793
2013-06-21,-0.00998866752439965,1,0.0,-0.00998866752439965,-0.00998866752439965,0.8007611604807328,0.4161494390069226
2013-06-24,0.0072873080939416905,1,0.0,0.0072873080939416905,0.0072873080939416905,0.8066178676633681,0.41919312485079935
2013-06-25,0.008929263495303631,1,0.0,0.008929263495303631,0.008929263495303631,0.8138526235948592,0.4229529720697061
2013-06-26,0.004224168489015099,1,0.0,0.004224168489015099,0.004224168489015099,0.8172977454669977,0.4247433755072807
2013-06-27,0.001404100202599561,1,0.0,0.001404100202599561,0.001404100202599561,0.8184461194243772,0.42534017665313884
2013-06-28,0.006154726380704121,1,0.0,0.006154726380704121,0.006154726380704121,0.823498964836847,0.42796610169491495
2013-07-01,0.00041826420965301045,1,0.0,0.00041826420965301045,0.00041826420965301045,0.8238434770240609,0.4281451420386724
2013-07-02,0.004048109805027844,1,0.0,0.004048109805027844,0.004048109805027844,0.8271852452400353,0.42988183337311975
2013-07-03,0.007592819875759934,1,0.0,0.007592819875759934,0.007592819875759934,0.8334898182660488,0.4331582716638812
2013-07-05,0.0009639882313677377,1,0.0,0.0009639882313677377,0.0009639882313677377,0.8342936800362145,0.43357603246598203
2013-07-08,0.0060381684760083985,1,0.0,0.0060381684760083985,0.0060381684760083985,0.8393465254486844,0.43620195750775803
2013-07-09,0.0057298928936959995,1,0.0,0.0057298928936959995,0.0057298928936959995,0.8441696960696784,0.4387085223203625
2013-07-10,0.019666582128974458,1,0.0,0.019666582128974458,0.019666582128974458,0.8609359558474192,0.4474218190498922
2013-07-11,0.004392101290877142,0,0.0005,-0.0005,0.004392101290877142,0.8605055954685561,0.44939126283122427
2013-07-12,0.0022550914909291887,1,0.0005,0.0017550914909291887,0.0022550914909291887,0.8620171876203027,0.45040582477918323
2013-07-15,-0.0013259084413984516,1,0.0,-0.0013259084413984516,-0.0013259084413984516,0.8608749891472401,0.44980902363332503
2013-07-16,0.0025177247779303324,1,0.0,0.0025177247779303324,0.0025177247779303324,0.8630451662460591,0.4509429458104557
2013-07-17,-0.0025177247779302452,1,0.0,-0.0025177247779302452,-0.0025177247779302452,0.8608749891472403,0.4498090236333251
2013-07-18,-0.01040286788830663,1,0.0,-0.01040286788830663,-0.01040286788830663,0.8519658410573524,0.44515397469563117
2013-07-19,0.0029451159172416016,1,0.0,0.0029451159172416016,0.0029451159172416016,0.8544786776980899,0.4464669372165192
2013-07-22,-0.0073791171353795,1,0.0,-0.0073791171353795,-0.0073791171353795,0.8481965860962459,0.44318453091429905
2013-07-23,0.003226676636579671,1,0.0,0.003226676636579671,0.003226676636579671,0.850937862431596,0.4446168536643587
2013-07-24,0.006288908129456783,1,0.0,0.006288908129456783,0.006288908129456783,0.8563061952549899,0.4474218190498922
2013-07-25,0.005321284340407987,1,0.0,0.005321284340407987,0.005321284340407987,0.8608749891472401,0.4498090236333251
2013-07-26,-0.0018592302832483223,1,0.0,-0.0018592302832483223,-0.0018592302832483223,0.8592759112849526,0.4489735020291236
2013-07-29,0.005302942295807823,1,0.0,0.005302942295807823,0.005302942295807823,0.8638447051772027,0.4513607066125564
2013-07-30,0.0018494060753439304,1,0.0,0.0018494060753439304,0.0018494060753439304,0.8654437830394903,0.45219622821675787
2013-07-31,0.010111044054274262,1,0.0,0.010111044054274262,0.010111044054274262,0.874238711282072,0.45679159703986605
2013-08-01,0.0056022555486697516,1,0.0,0.0056022555486697516,0.0056022555486697516,0.8791501647162409,0.45935784196705626
2013-08-02,0.0006493928405366365,1,0.0,0.0006493928405366365,0.0006493928405366365,0.879721263952772,0.4596562425399853
2013-08-05,-0.005990381242063967,1,0.0,-0.005990381242063967,-0.005990381242063967,0.8744671509766843,0.45691095726903763
2013-08-06,-0.001830305125944987,1,0.0,-0.001830305125944987,-0.001830305125944987,0.8728680731143966,0.4560754356648361
2013-08-07,0.004960198134872566,1,0.0,0.004960198134872566,0.004960198134872566,0.8772084273120343,0.4583432800190973
2013-08-08,-0.004044626819851811,1,0.0,-0.004044626819851811,-0.004044626819851811,0.8736676120455404,0.45649319646693687
2013-08-09,0.002350484237028456,1,0.0,0.002350484237028456,0.002350484237028456,0.8757235692970531,0.4575674385294816
2013-08-12,0.005592782998480751,1,0.0,0.005592782998480751,0.005592782998480751,0.8806350227312221,0.4601336834566719
2013-08-13,-0.0037684405586931114,1,0.0,-0.0037684405586931114,-0.0037684405586931114,0.8773226471593407,0.4584029601336832
2013-08-14,-0.017069742195256393,1,0.0,-0.017069742195256393,-0.017069742195256393,0.8624740670095277,0.4506445452375266
2013-08-15,-0.00033113679563486333,0,0.0005,-0.0005,-0.00033113679563486333,0.8620429377673153,0.450495344951062
2013-08-16,-0.0017900359471949968,1,0.0005,-0.002290035947194997,-0.0017900359471949968,0.8600710871179795,0.4496896634041534
2013-08-19,0.004369999671118609,1,0.0,0.004369999671118609,0.004369999671118609,0.8638378218060876,0.4516591071854856
2013-08-20,-0.0034414329134118487,1,0.0,-0.0034414329134118487,-0.0034414329134118487,0.8608700914457601,0.45010742420625427
2013-08-21,0.009763898652898837,1,0.0,0.009763898652898837,0.009763898652898837,0.8693167086251536,0.45452375268560496
2013-08-22,0.006674107087693218,1,0.0,0.006674107087693218,0.006674107087693218,0.8751380258704115,0.4575674385294818
2013-08-23,0.0005215804004018522,1,0.0,0.0005215804004018522,0.0005215804004018522,0.8755945997720003,0.45780615898782506
2013-08-26,-0.02067903782538207,1,0.0,-0.02067903782538207,-0.02067903782538207,0.8576740741346383,0.4484363809978513
2013-08-27,0.0038520337197166664,0,0.0005,-0.0005,0.0038520337197166664,0.8572453442889643,0.4501671043208401
2013-08-28,0.007001812078545541,1,0.0005,0.006501812078545541,0.007001812078545541,0.8628371511626906,0.4533301503938885
2013-08-29,-0.006471659647308048,1,0.0,-0.006471659647308048,-0.006471659647308048,0.857271192709956,0.4504058247791834
2013-08-30,0.00568145810480733,1,0.0,0.00568145810480733,0.00568145810480733,0.8621556052297028,0.4529720697063737
2013-09-03,0.01061539356962064,1,0.0,0.01061539356962064,0.01061539356962064,0.8713564753250395,0.45780615898782506
2013-09-04,0.0016932599291511496,0,0.0005,-0.0005,0.0016932599291511496,0.8709209059887854,0.45858200047744085
2013-09-05,0.001170579570487431,1,0.0005,0.0006705795704874311,0.001170579570487431,0.8715051236161622,0.4591191215087132
2013-09-06,0.011631043500453303,1,0.0,0.011631043500453303,0.011631043500453303,0.881700815950161,0.4644903318214369
2013-09-09,0.004870555642223146,0,0.0005,-0.0005,0.004870555642223146,0.8812600757364215,0.46675817617569804
2013-09-10,-0.0019197548610510916,1,0.0005,-0.0024197548610510916,-0.0019197548610510916,0.8791302202875757,0.4658629744569107
2013-09-11,-0.0006407381522471583,1,0.0,-0.0006407381522471583,-0.0006407381522471583,0.8785671084375324,0.46556457388398165
2013-09-12,0.0006407381522470486,1,0.0,0.0006407381522470486,0.0006407381522470486,0.8791302202875756,0.4658629744569107
2013-09-13,-0.0026938634724617285,1,0.0,-0.0026938634724617285,-0.0026938634724617285,0.8767651505173937,0.4646096920506084
2013-09-16,0.006657302784766014,1,0.0,0.006657302784766014,0.006657302784766014,0.8826215137578439,0.46771305800907115
2013-09-17,0.011923023030455017,1,0.0,0.011923023030455017,0.011923023030455017,0.8932080165386577,0.4733229887801382
2013-09-18,0.0023927975650579834,0,0.0005,-0.0005,0.0023927975650579834,0.8927615241627842,0.4744569109572688
2013-09-19,-0.006499060639225676,1,0.0005,-0.0069990606392256755,-0.006499060639225676,0.8865348479796449,0.47138338505609906
2013-09-20,-0.0019643259492436262,1,0.0,-0.0019643259492436262,-0.0019643259492436262,0.8847951138347205,0.47045834328001884
2013-09-23,0.0,1,0.0,0.0,0.0,0.8847951138347205,0.47045834328001884
2013-09-24,-0.0034309710256063917,1,0.0,-0.0034309710256063917,-0.0034309710256063917,0.8817646091951751,0.4688469801862017
2013-09-25,0.007734775137131894,1,0.0,0.007734775137131894,0.007734775137131894,0.8886113048622964,0.4724874671759367
2013-09-26,-0.0012639031005068383,1,0.0,-0.0012639031005068383,-0.0012639031005068383,0.8874888957365387,0.47189066603007845
2013-09-27,-0.0024058257884556305,1,0.0,-0.0024058257884556305,-0.0024058257884556305,0.8853563183975993,0.4707567438529479
2013-09-30,0.01009090298196294,1,0.0,0.01009090298196294,0.01009090298196294,0.8943355914036603,0.4755311530198136
2013-10-01,-0.00037657692028532277,0,0.0005,-0.0005,-0.00037657692028532277,0.8938885353812777,0.47535211267605604
2013-10-02,-0.011744783612059648,1,0.0005,-0.012244783612059648,-0.011744783612059648,0.8830098034759443,0.46980186201957475
2013-10-03,0.008601115509092191,0,0.0005,-0.0005,0.008601115509092191,0.8825684089320379,0.4738601098114105
2013-10-04,-0.008347082737498662,1,0.0005,-0.008847082737498662,-0.008347082737498662,0.8747946912629846,0.4699212222487464
2013-10-07,-0.019492794679501116,1,0.0,-0.019492794679501116,-0.019492794679501116,0.857907620768703,0.46084984483170177
2013-10-08,-0.0031128429804902036,0,0.0005,-0.0005,-0.0031128429804902036,0.8574787741789004,0.4594175220816421
2013-10-09,0.020953269950065013,0,0.0,0.0,0.020953269950065013,0.8574787741789004,0.46914538075913076
2013-10-10,0.007603635670523169,0,0.0,0.0,0.007603635670523169,0.8574787741789004,0.4727261876342799
2013-10-11,0.006794188188765705,1,0.0005,0.006294188188765705,0.006794188188765705,0.8628929279284683,0.47594891382191423
2013-10-14,-0.0035171497128659735,1,0.0,-0.0035171497128659735,-0.0035171497128659735,0.8598633352034529,0.47427787061351123
2013-10-15,0.011385797068967066,1,0.0,0.011385797068967066,0.011385797068967066,0.8697095115597526,0.4797087610408209
2013-10-16,0.0059538751915697765,0,0.0005,-0.0005,0.0059538751915697765,0.8692747654995451,0.4825734065409402
2013-10-17,0.015705844315787823,1,0.0005,0.015205844315787823,0.015705844315787823,0.8825938294249922,0.4902124612079252
2013-10-18,0.002188982997381569,0,0.0005,-0.0005,0.002188982997381569,0.8821526428161233,0.49128670327046997
2013-10-21,0.0016992357529598428,1,0.0005,0.0011992357529598428,0.0016992357529598428,0.8832111863997487,0.49212222487467144
2013-10-22,-0.006204022088915184,1,0.0,-0.006204022088915184,-0.006204022088915184,0.8777486869446933,0.4890785390307946
2013-10-23,0.00486915143381055,1,0.0,0.00486915143381055,0.00486915143381055,0.882033000242776,0.4914657436142274
2013-10-24,0.0066566055176000664,1,0.0,0.0066566055176000664,0.0066566055176000664,0.8879239310276398,0.4947481499164475
2013-10-25,-0.0006033182686775115,1,0.0,-0.0006033182686775115,-0.0006033182686775115,0.8873883918653793,0.4944497493435183
2013-10-28,0.0027722551353396773,1,0.0,0.0027722551353396773,0.0027722551353396773,0.8898518720117768,0.4958223919789922
2013-10-29,-0.0019277114403326479,1,0.0,-0.0019277114403326479,-0.0019277114403326479,0.8881381466925439,0.4948675101456191
2013-10-30,-0.0021731265343134607,1,0.0,-0.0021731265343134607,-0.0021731265343134607,0.8862102057084066,0.49379326808307433
2013-10-31,0.0004833252873210188,1,0.0,0.0004833252873210188,0.0004833252873210188,0.886638637038215,0.4940319885414176
2013-11-01,0.0015691958075408404,1,0.0,0.0015691958075408404,0.0015691958075408404,0.8880310388600917,0.49480783003103324
2013-11-04,0.0014463061458118833,1,0.0,0.0014463061458118833,0.0014463061458118833,0.8893163328495165,0.49552399140606307
2013-11-05,-0.00024090580699494835,1,0.0,-0.00024090580699494835,-0.00024090580699494835,0.8891021171846124,0.49540463117689143
2013-11-06,-0.018971747418890086,1,0.0,-0.018971747418890086,-0.018971747418890086,0.8723932953220899,0.48609453330150354
2013-11-07,0.01353596668519841,0,0.0005,-0.0005,0.01353596668519841,0.8719572077054182,0.4927190260205295
2013-11-08,-0.0012119744544987086,0,0.0,-0.0,-0.0012119744544987086,0.8719572077054182,0.4921222248746713
2013-11-11,0.000848536325839086,1,0.0005,0.00034853632583908595,0.000848536325839086,0.8722611694346558,0.4925399856767721
2013-11-12,0.011924260529735572,1,0.0,0.011924260529735572,0.011924260529735572,0.8827244986208947,0.4984483170207682
2013-11-13,0.002988824031389582,0,0.0005,-0.0005,0.002988824031389582,0.8822832466937588,0.4999403198854137
2013-11-14,0.002265546786714104,1,0.0005,0.0017655467867141038,0.002265546786714104,0.883842334961578,0.5010742420625443
2013-11-15,-0.009814561127940737,1,0.0,-0.009814561127940737,-0.009814561127940737,0.8752102397416104,0.4961804726665071
2013-11-18,-0.0028908716832419822,1,0.0,-0.0028908716832419822,-0.0028908716832419822,0.8726837728479614,0.49474814991644744
2013-11-19,-0.002415460111603662,1,0.0,-0.002415460111603662,-0.002415460111603662,0.8705783837699205,0.49355454762473105
2013-11-20,0.010105957039383618,1,0.0,0.010105957039383618,0.010105957039383618,0.8794210178976923,0.49856767724993994
2013-11-21,0.005372185068506296,0,0.0005,-0.0005,0.005372185068506296,0.8789814172980517,0.5012532824063017
2013-11-22,0.0023784052120369415,1,0.0005,0.0018784052120369415,0.0023784052120369415,0.880634052246708,0.5024468846980182
2013-11-25,0.005212664332441937,1,0.0,0.005212664332441937,0.005212664332441937,0.8852364870131714,0.5050728097397943
2013-11-26,0.0069473343897513825,1,0.0,0.0069473343897513825,0.0069473343897513825,0.8914079336318381,0.5085939365003577
2013-11-27,0.005966674618898623,1,0.0,0.005966674618898623,0.005966674618898623,0.8967425739293298,0.5116376223442345
2013-11-29,-0.002920392239717704,1,0.0,-0.002920392239717704,-0.002920392239717704,0.8941275541756575,0.510145619479589
2013-12-02,-0.0008192404928911156,1,0.0,-0.0008192404928911156,-0.0008192404928911156,0.8933953486446291,0.5097278586774882
2013-12-03,0.0009362200800863609,1,0.0,0.0009362200800863609,0.0009362200800863609,0.8942321549658041,0.5102052995941747
2013-12-04,-0.0012875287083263425,1,0.0,-0.0012875287083263425,-0.0012875287083263425,0.8930815462741882,0.5095488183337307
2013-12-05,0.007235414923691764,1,0.0,0.007235414923691764,0.007235414923691764,0.8995667952632957,0.5132489854380515
2013-12-06,0.004061508339179794,1,0.0,0.004061508339179794,0.004061508339179794,0.9032278229184371,0.5153377894485551
2013-12-09,-0.000695088072471377,1,0.0,-0.000695088072471377,-0.000695088072471377,0.9026002181775558,0.5149797087610403
2013-12-10,-0.012947052025148686,1,0.0,-0.012947052025148686,-0.012947052025148686,0.8909895304712504,0.5083552160420143
2013-12-11,-0.002586107001438886,1,0.0,-0.002586107001438886,-0.002586107001438886,0.8886883130880187,0.5070422535211261
2013-12-12,-0.0012955658133934084,1,0.0,-0.0012955658133934084,-0.0012955658133934084,0.8875377043964028,0.5063857722606822
2013-12-13,0.005523901922914472,1,0.0,0.005523901922914472,0.005523901922914472,0.8924539415333068,0.5091907376462157
2013-12-16,-0.0019944864944523907,1,0.0,-0.0019944864944523907,-0.0019944864944523907,0.8906757281008097,0.5081761756982568
2013-12-17,0.01155947251726708,1,0.0,0.01155947251726708,0.01155947251726708,0.9010312063253522,0.5140845070422528
2013-12-18,-0.002790050635754764,0,0.0005,-0.0005,-0.002790050635754764,0.9005808033323212,0.5126521842921932
2013-12-19,0.006960584947623973,1,0.0005,0.0064605849476239725,0.006960584947623973,0.9064179173970766,0.5162329911673424
2013-12-20,0.010465278654562897,1,0.0,0.010465278654562897,0.010465278654562897,0.9159536434644908,0.521663881594652
2013-12-23,0.00045750887221467963,0,0.0005,-0.0005,0.00045750887221467963,0.915495781117884,0.5219026020529953
2013-12-24,0.0033106942734567007,1,0.0005,0.0028106942734567007,0.0033106942734567007,0.9180725794670352,0.5236333253759841
2013-12-26,-0.002510557064396865,1,0.0,-0.002510557064396865,-0.002510557064396865,0.9157705967056636,0.522320362855096
2013-12-27,-0.0014864790342181524,1,0.0,-0.0014864790342181524,-0.0014864790342181524,0.9144103341648531,0.5215445213654804
2013-12-30,0.0065013060471074335,1,0.0,0.0065013060471074335,0.0065013060471074335,0.9203745622284067,0.524946287896872
2013-12-31,-0.007875404511340412,1,0.0,-0.007875404511340412,-0.007875404511340412,0.9131547072041049,0.5208283599904505
2014-01-02,-0.007245158482484734,1,0.0,-0.007245158482484734,-0.007245158482484734,0.9065626656601771,0.5170685127715439
2014-01-03,-0.003700281742856028,1,0.0,-0.003700281742856028,-0.003700281742856028,0.9032143270981818,0.5151587491047975
2014-01-06,0.009225157674825908,1,0.0,0.009225157674825908,0.009225157674825908,0.9115851735031697,0.5199331582716632
2014-01-07,0.002178525198011334,0,0.0005,-0.0005,0.002178525198011334,0.9111294948455758,0.5210670804487938
2014-01-08,-0.0033270265301823545,1,0.0005,-0.0038270265301823545,-0.0033270265301823545,0.9076492418543208,0.519336357125805
2014-01-09,0.0032124855530223854,1,0.0,0.0032124855530223854,0.0032124855530223854,0.9105697404491175,0.5210074003342079
2014-01-10,-0.014886894282168309,1,0.0,-0.014886894282168309,-0.014886894282168309,0.8971145862088041,0.5133086655526371
2014-01-13,0.01888804280385527,1,0.0,0.01888804280385527,0.01888804280385527,0.9142203636926134,0.5230962043447116
2014-01-14,0.008180934162669606,0,0.0005,-0.0005,0.008180934162669606,0.9137633677692686,0.5273931725948906
2014-01-15,0.00011315417268079125,1,0.0005,-0.0003868458273192088,0.00011315417268079125,0.9134099505866785,0.5274528527094764
2014-01-16,-0.005673452186184398,1,0.0,-0.005673452186184398,-0.005673452186184398,0.9082424355912798,0.5244688469801854
2014-01-17,0.007595116712433207,1,0.0,0.007595116712433207,0.007595116712433207,0.9151669056851143,0.5284674146574354
2014-01-21,0.002594035177046749,1,0.0,0.002594035177046749,0.002594035177046749,0.9175439625829978,0.5298400572929093
2014-01-22,-0.0033848616318645176,1,0.0,-0.0033848616318645176,-0.0033848616318645176,0.9144434535857585,0.5280496538553348
2014-01-23,-0.01986139936680458,1,0.0,-0.01986139936680458,-0.01986139936680458,0.8964605014017709,0.517665313917402
2014-01-24,-0.009731309417010399,0,0.0005,-0.0005,-0.009731309417010399,0.8960123831899587,0.5126521842921932
2014-01-27,-0.0005822416467252626,0,0.0,-0.0,-0.0005822416467252626,0.8960123831899587,0.5123537837192641
2014-01-28,-0.010774199551566431,1,0.0005,-0.011274199551566432,-0.010774199551566431,0.8859672923608308,0.5068632131773687
2014-01-29,0.01831702614591568,1,0.0,0.01831702614591568,0.01831702614591568,0.9023451170282805,0.5162329911673424
2014-01-30,-0.0026625008493463085,1,0.0,-0.0026625008493463085,-0.0026625008493463085,0.8999458178731763,0.5148603485318686
2014-01-31,-0.023218679079096458,1,0.0,-0.023218679079096458,-0.023218679079096458,0.8792909816683673,0.5030436858438763
2014-02-03,0.0073286380018811464,1,0.0,0.0073286380018811464,0.0073286380018811464,0.8857586576516913,0.506743852948197
2014-02-04,-0.002594341077764383,1,0.0,-0.002594341077764383,-0.002594341077764383,0.8834636758511569,0.505430890427309
2014-02-05,0.012671764068822491,1,0.0,0.012671764068822491,0.012671764068822491,0.8947299501446893,0.5118763428025775
2014-02-06,0.017681167843226445,1,0.0,0.017681167843226445,0.017681167843226445,0.9106905053938601,0.5210074003342081
2014-02-07,0.005711037795514434,0,0.0005,-0.0005,0.005711037795514434,0.9102352739585059,0.523991406063499
2014-02-10,0.011325149357053503,1,0.0005,0.010825149357053502,0.011325149357053503,0.9201422321558017,0.5299594175220811
2014-02-11,0.0019125842585517258,0,0.0005,-0.0005,0.0019125842585517258,0.9196822760383356,0.5309739794700401
2014-02-12,0.0073908511125942815,1,0.0005,0.006890851112594281,0.0073908511125942815,0.926041554931871,0.5349128670327042
2014-02-13,0.002006242313588043,1,0.0,0.002006242313588043,0.002006242313588043,0.9279012835928967,0.5359871090952489
2014-02-14,0.00488726953013195,1,0.0,0.00488726953013195,0.00488726953013195,0.9324472869865152,0.538613034137025
2014-02-18,-0.006893511843720016,1,0.0,-0.006893511843720016,-0.006893511843720016,0.926041554931871,0.5349128670327042
2014-02-19,0.0046749862526947635,1,0.0,0.0046749862526947635,0.0046749862526947635,0.9303809218075977,0.5374194318453086
2014-02-20,-0.0013334816955409233,1,0.0,-0.0013334816955409233,-0.0013334816955409233,0.9291411027002473,0.5367032704702789
2014-02-21,0.005323290822850956,1,0.0,0.005323290822850956,0.005323290822850956,0.9341003791296492,0.5395679159703982
2014-02-24,-0.0011066844865676,1,0.0,-0.0011066844865676,-0.0011066844865676,0.9330671965401905,0.5389711148245401
2014-02-25,-0.0008862302562980041,1,0.0,-0.0008862302562980041,-0.0008862302562980041,0.9322406504686236,0.5384936739078535
2014-02-26,0.0023246814033598124,1,0.0,0.0023246814033598124,0.0023246814033598124,0.934410333906487,0.5397469563141558
2014-02-27,-0.001106317183310943,1,0.0,-0.001106317183310943,-0.001106317183310943,0.9333771513170283,0.5391501551682977
2014-02-28,-0.007444065262501993,1,0.0,-0.007444065262501993,-0.007444065262501993,0.9264548279676547,0.5351515874910477
2014-03-03,0.012633146737780803,1,0.0,0.012633146737780803,0.012633146737780803,0.9382331094874844,0.5419551205538312
2014-03-04,0.0027492182048991245,0,0.0005,-0.0005,0.0027492182048991245,0.9377641101923352,0.5434471234184768
2014-03-05,-0.0008789277647779862,1,0.0005,-0.0013789277647779862,-0.0008789277647779862,0.9364718923662544,0.5429696825017902
2014-03-06,-0.004958414654509065,1,0.0,-0.004958414654509065,-0.004958414654509065,0.9318399693989559,0.5402840773454283
2014-03-07,0.0008832947466201707,1,0.0,0.0008832947466201707,0.0008832947466201707,0.9326634223709199,0.5407615182621148
2014-03-10,-0.004313450253719354,1,0.0,-0.004313450253719354,-0.004313450253719354,0.9286490891325946,0.5384339937932678
2014-03-11,0.003761482474623068,1,0.0,0.003761482474623068,0.003761482474623068,0.9321487642634425,0.5404631176891858
2014-03-12,-0.014235115821871985,1,0.0,-0.014235115821871985,-0.014235115821871985,0.9189735167120158,0.5328240630222009
2014-03-13,-0.006855885241085201,1,0.0,-0.006855885241085201,-0.006855885241085201,0.9126946878007889,0.5291835760324658
2014-03-14,0.008758196562812627,1,0.0,0.008758196562812627,0.008758196562812627,0.9207233542774397,0.5338386249701599
2014-03-17,0.012001477532620911,1,0.0,0.012001477532620911,0.012001477532620911,0.9318399693989561,0.5402840773454285
2014-03-18,-0.005427271448817476,0,0.0005,-0.0005,-0.005427271448817476,0.9313741658748419,0.5373597517307233
2014-03-19,0.002772696280856274,1,0.0005,0.002272696280856274,0.002772696280856274,0.933493303643836,0.5388517545953688
2014-03-20,-0.01439034258724804,1,0.0,-0.01439034258724804,-0.01439034258724804,0.9201562080440957,0.531153019813798
2014-03-21,-0.008802675055346158,0,0.0005,-0.0005,-0.008802675055346158,0.9196962449404321,0.5264979708761041
2014-03-24,0.0032818453039919846,0,0.0,0.0,0.0032818453039919846,0.9196962449404321,0.5282286941990929
2014-03-25,-0.0129635656707824,1,0.0005,-0.0134635656707824,-0.0129635656707824,0.9073968368833365,0.5214251611363093
2014-03-26,-0.005635628319533362,1,0.0,-0.005635628319533362,-0.005635628319533362,0.9022974681422387,0.5184948675101456
2014-03-27,0.0019663202237280427,0,0.0005,-0.0005,0.0019663202237280427,0.9018464321765556,0.519515397469563
2014-03-28,0.007097099386296113,0,0.0,0.0,0.007097099386296113,0.9018464321765556,0.5232155645738839
2014-03-31,0.017413375325197693,1,0.0005,0.016913375325197693,0.017413375325197693,0.9172294218022401,0.5324063022201
2014-04-01,0.0025748684810968808,0,0.0005,-0.0005,0.0025748684810968808,0.9167709217259101,0.5337789448555739
2014-04-02,-0.007969958559542545,1,0.0005,-0.008469958559542546,-0.007969958559542545,0.9090387020263714,0.5295416567199807
2014-04-03,-0.026957657555052198,1,0.0,-0.026957657555052198,-0.026957657555052198,0.8848605059621063,0.5154571496777272
2014-04-04,-0.009539392953991825,0,0.0005,-0.0005,-0.009539392953991825,0.8844181862982562,0.5105633802816899
2014-04-07,0.00919198978912895,1,0.0005,0.00869198978912895,0.00919198978912895,0.8921390463516257,0.5152781093339697
2014-04-08,0.016996275006239816,0,0.0005,-0.0005,0.016996275006239816,0.8916930883272467,0.524110766292671
2014-04-09,-0.03146222955424288,0,0.0,-0.0,-0.03146222955424288,0.8916930883272467,0.507877775125328
2014-04-10,-0.011701569604982408,0,0.0,-0.0,-0.011701569604982408,0.8916930883272467,0.5019694437813318
2014-04-11,0.007816240645968192,1,0.0005,0.007316240645968192,0.007816240645968192,0.898240852847227,0.5059083313439959
2014-04-14,0.00329878799981899,1,0.0,0.00329878799981899,0.00329878799981899,0.9012088517015684,0.5075799713535448
2014-04-15,0.013197637567558996,0,0.0005,-0.0005,0.013197637567558996,0.9007583599080512,0.5143232275005967
2014-04-16,0.00023204548195534546,0,0.0,0.0,0.00023204548195534546,0.9007583599080512,0.5144425877297683
2014-04-17,0.007397167340443769,0,0.0,0.0,0.007397167340443769,0.9007583599080512,0.5182621150632608
2014-04-21,0.007914246734255403,1,0.0005,0.007414246734255402,0.007914246734255403,0.9074616237553014,0.5223800429696823
2014-04-22,-0.008835905785673,1,0.0,-0.008835905785673,-0.008835905785673,0.89947869846921,0.5177846741465741
2014-04-23,0.009521150216323947,1,0.0,0.009521150216323947,0.009521150216323947,0.9080836698814904,0.5227381236571972
2014-04-24,-0.01611267451568979,0,0.0005,-0.0005,-0.01611267451568979,0.9076297415380923,0.5143829076151825
2014-04-25,0.00324337131303109,1,0.0005,0.00274337131303109,0.00324337131303109,0.9101231255091259,0.5160539508235854
2014-04-28,0.007947977104080284,1,0.0,0.007947977104080284,0.007947977104080284,0.917385585976355,0.520171878730007
2014-04-29,0.0026353495630337385,1,0.0,0.0026353495630337385,0.0026353495630337385,0.919806406132098,0.5215445213654808
2014-04-30,0.0029707517277905954,1,0.0,0.0029707517277905954,0.0029707517277905954,0.9225429854385901,0.5230962043447122
2014-05-01,-0.0018271102490704193,1,0.0,-0.0018271102490704193,-0.0018271102490704193,0.9208589366345948,0.5221413225113389
2014-05-02,0.005243970065393985,1,0.0,0.005243970065393985,0.005243970065393985,0.9257005769460809,0.5248866077822867
2014-05-05,-0.01304664877985056,1,0.0,-0.01304664877985056,-0.01304664877985056,0.9137017292176155,0.5180830747195032
2014-05-06,-0.002884007305545179,1,0.0,-0.002884007305545179,-0.002884007305545179,0.9110704029613731,0.5165910718548578
2014-05-07,-0.0009246417672185651,1,0.0,-0.0009246417672185651,-0.0009246417672185651,0.9102283785593756,0.5161136309381712
2014-05-08,0.003693448335351509,1,0.0,0.003693448335351509,0.003693448335351509,0.9135964761673657,0.5180233946049173
2014-05-09,0.016340419567708885,1,0.0,0.016340419567708885,0.016340419567708885,0.9286476623530723,0.5265576509906896
2014-05-12,0.0006798096794777014,0,0.0005,-0.0005,0.0006798096794777014,0.9281834545835091,0.5269157316782045
2014-05-13,-0.005223722984465155,1,0.0005,-0.005723722984465156,-0.005223722984465155,0.9228859647554366,0.5241704464072567
2014-05-14,-0.007944487816420397,1,0.0,-0.007944487816420397,-0.007944487816420397,0.9155831554020833,0.5200226784435423
2014-05-15,0.006577277850684608,1,0.0,0.006577277850684608,0.006577277850684608,0.9216250480325555,0.5234542850322269
2014-05-16,0.006930664565494972,1,0.0,0.006930664565494972,0.006930664565494972,0.9280347080405347,0.527094772021962
2014-05-19,-0.0036297680505786127,1,0.0,-0.0036297680505786127,-0.0036297680505786127,0.924672263446185,0.5251850083552158
2014-05-20,0.0095001845480202,1,0.0,0.0095001845480202,0.0095001845480202,0.9334986805063532,0.5301981379804246
2014-05-21,0.004380306885833365,0,0.0005,-0.0005,0.004380306885833365,0.9330320478339896,0.5325256624492716
2014-05-22,0.00725814140506836,1,0.0005,0.0067581414050683596,0.00725814140506836,0.9393589653699148,0.5364048698973498
2014-05-23,0.012395048150331912,1,0.0,0.012395048150331912,0.012395048150331912,0.9510748242949223,0.5430950107424203
2014-05-27,-0.0030926554880184517,0,0.0005,-0.0005,-0.0030926554880184517,0.9505994057473163,0.5414179995225586
2014-05-28,0.006372947621480918,1,0.0005,0.005872947621480919,0.006372947621480918,0.956198652213023,0.5448794461685362
2014-05-29,0.00010952302732606673,1,0.0,0.00010952302732606673,0.00010952302732606673,0.9563033837192896,0.5449391262831221
2014-05-30,-0.000986139344694417,1,0.0,-0.000986139344694417,-0.000986139344694417,0.9553608001628912,0.5444020052518498
2014-06-02,-0.0004385964982589346,1,0.0,-0.0004385964982589346,-0.0004385964982589346,0.9549418741378253,0.5441632847935065
2014-06-03,0.003721952846192231,1,0.0,0.003721952846192231,0.003721952846192231,0.9585027453508856,0.5461924086894243
2014-06-04,0.00837826564599772,1,0.0,0.00837826564599772,0.00837826564599772,0.9665670713334052,0.5507877775125325
2014-06-05,0.005726340535544367,1,0.0,0.005726340535544367,0.005726340535544367,0.972117841165529,0.5539508235855809
2014-06-06,-0.00075443232548512,1,0.0,-0.00075443232548512,-0.00075443232548512,0.9713847206216637,0.5535330627834802
2014-06-09,0.0017235811656766092,1,0.0,0.0017235811656766092,0.0017235811656766092,0.9730604247219276,0.5544879446168534
2014-06-10,-0.0002152852537916308,1,0.0,-0.0002152852537916308,-0.0002152852537916308,0.9728509617093946,0.5543685843876818
2014-06-11,-0.009084089720342586,0,0.0005,-0.0005,-0.009084089720342586,0.9723646578146449,0.5493554547624729
2014-06-12,0.0029288950807024637,1,0.0005,0.0024288950807024637,0.0029288950807024637,0.9747293001201682,0.55096681785629
2014-06-13,0.0008661758878492588,1,0.0,0.0008661758878492588,0.0008661758878492588,0.9755739528932362,0.5514442587729766
2014-06-16,0.0005409791854954569,1,0.0,0.0005409791854954569,0.0005409791854954569,0.9761018608764036,0.5517426593459058
2014-06-17,0.005608902634632578,1,0.0,0.005608902634632578,0.005608902634632578,0.9815921039013438,0.5548460253043683
2014-06-18,-0.0006455778145455032,1,0.0,-0.0006455778145455032,-0.0006455778145455032,0.980958614321543,0.5544879446168534
2014-06-19,-0.0015079709880410346,1,0.0,-0.0015079709880410346,-0.0015079709880410346,0.9794804719686744,0.5536524230126518
2014-06-20,0.00021556369990798093,1,0.0,0.00021556369990798093,0.00021556369990798093,0.9796916351619415,0.5537717832418235
2014-06-23,-0.0009704027932785164,1,0.0,-0.0009704027932785164,-0.0009704027932785164,0.9787414007922401,0.5532346622105512
2014-06-24,0.006344448401060144,1,0.0,0.006344448401060144,0.006344448401060144,0.9849707149936147,0.5567557889711146
2014-06-25,0.000535819548799824,1,0.0,0.000535819548799824,0.000535819548799824,0.9854986229767819,0.5570541895440435
2014-06-26,0.004382924328850579,1,0.0,0.004382924328850579,0.004382924328850579,0.989827468438754,0.5595010742420622
2014-06-27,0.0017052119660018756,1,0.0,0.0017052119660018756,0.0017052119660018756,0.9915167739848894,0.5604559560754352
2014-06-30,0.010908236306649825,1,0.0,0.010908236306649825,0.010908236306649825,1.0023916784381366,0.5666030078777747
2014-07-01,0.0016838564281725307,0,0.0005,-0.0005,0.0016838564281725307,1.0018906078769967,0.5675578897111477
2014-07-02,0.006289328907564139,1,0.0005,0.005789328907564138,0.006289328907564139,1.0077077044307132,0.571138696586297
2014-07-03,-0.003034903695154047,1,0.0,-0.003034903695154047,-0.003034903695154047,1.004654044720317,0.5694079732633083
2014-07-07,-0.012126473268169624,1,0.0,-0.012126473268169624,-0.012126473268169624,0.9925447044894361,0.562544760085939
2014-07-08,0.007398828805827594,1,0.0,0.007398828805827594,0.007398828805827594,0.9999156072386678,0.5667223681069463
2014-07-09,-0.003164225823310589,1,0.0,-0.003164225823310589,-0.003164225823310589,0.9967566489175684,0.5649319646693718
2014-07-10,0.0064234412405861615,1,0.0,0.0064234412405861615,0.0064234412405861615,1.0031798641704708,0.5685724516591069
2014-07-11,0.005965168648451191,1,0.0,0.005965168648451191,0.005965168648451191,1.0091818849805596,0.5719742181904985
2014-07-14,-0.0034491803204929755,1,0.0,-0.0034491803204929755,-0.0034491803204929755,1.0057070308273504,0.5700047744091665
2014-07-15,0.003970747118943521,1,0.0,0.003970747118943521,0.003970747118943521,1.009708378034076,0.5722726187634276
2014-07-16,-0.013343399608585823,1,0.0,-0.013343399608585823,-0.013343399608585823,0.9963249246136849,0.5646872761995699
2014-07-17,0.01573910931126426,1,0.0,0.01573910931126426,0.01573910931126426,1.0121302460802524,0.5736452613989015
2014-07-18,-0.0012492194004319278,0,0.0005,-0.0005,-0.0012492194004319278,1.0116243074524096,0.5729291000238717
2014-07-21,0.006334064061581975,1,0.0005,0.0058340640615819755,0.006334064061581975,1.0175434379728958,0.5765695870136067
2014-07-22,0.0063661951416491575,1,0.0,0.0063661951416491575,0.0063661951416491575,1.024041981614644,0.5802518500835518
2014-07-23,-0.0011011233598791081,1,0.0,-0.0011011233598791081,-0.0011011233598791081,1.02291500565084,0.5796132728574837
2014-07-24,-0.003920359916351061,1,0.0,-0.003920359916351061,-0.003920359916351061,1.0189126611064894,0.5773454285032223
2014-07-25,0.0003100614980140174,1,0.0,0.0003100614980140174,0.0003100614980140174,1.0192286356757803,0.5775244688469798
2014-07-28,-0.0017582876743788033,1,0.0,-0.0017582876743788033,-0.0017582876743788033,1.0174381131164656,0.5765099068990209
2014-07-29,0.003926030458734094,1,0.0,0.003926030458734094,0.003926030458734094,1.0214404576608163,0.5787777512532822
2014-07-30,-0.020417375918431038,1,0.0,-0.020417375918431038,-0.020417375918431038,1.000796785800482,0.5670804487944614
2014-07-31,-0.003690235617975338,1,0.0,-0.003690235617975338,-0.003690235617975338,0.9971104158254226,0.5649916447839578
2014-08-01,0.006842492089741358,0,0.0005,-0.0005,0.006842492089741358,0.9966119852355413,0.5688708522320359
2014-08-04,-0.007687890005462177,1,0.0005,-0.008187890005462177,-0.007687890005462177,0.9884851521329773,0.5645142038672711
2014-08-05,-0.0007403099063721743,1,0.0,-0.0007403099063721743,-0.0007403099063721743,0.9877536375896924,0.5640964430651703
2014-08-06,-0.003178979046811965,1,0.0,-0.003178979046811965,-0.003178979046811965,0.9846185752613291,0.5623060396275957
2014-08-07,0.007191232343987105,1,0.0,0.007191232343987105,0.007191232343987105,0.9917247165389528,0.5663642874194315
2014-08-08,0.00588360596186816,1,0.0,0.00588360596186816,0.00588360596186816,0.9975768328852309,0.5697063738362373
2014-08-11,-0.0004191114897895163,1,0.0,-0.0004191114897895163,-0.0004191114897895163,0.9971588245747824,0.5694676533778941
2014-08-12,0.010529156434332072,1,0.0,0.010529156434332072,0.010529156434332072,1.007713534413606,0.5754953449510618
2014-08-13,0.00517171198222347,0,0.0005,-0.0005,0.00517171198222347,1.0072098035895996,0.5784793506803528
2014-08-14,0.004837142143972797,1,0.0005,0.004337142143972798,0.004837142143972797,1.0115877025990714,0.5812843160658863
2014-08-15,0.007670710073980728,1,0.0,0.007670710073980728,0.007670710073980728,1.0193771356272985,0.5857603246598228
2014-08-18,0.005588025716965856,1,0.0,0.005588025716965856,0.005588025716965856,1.0250893865146649,0.5890427309620428
2014-08-19,0.0,1,0.0,0.0,0.0,1.0250893865146649,0.5890427309620428
2014-08-20,0.0020242921892306607,1,0.0,0.0020242921892306607,0.0020242921892306607,1.0271665686555256,0.5902363332537593
2014-08-21,0.0015155345158934508,1,0.0,0.0015155345158934508,0.0015155345158934508,1.0287244552611707,0.5911315349725467
2014-08-22,0.0035273405179684406,1,0.0,0.0035273405179684406,0.0035273405179684406,1.0323595240076768,0.5932203389830504
2014-08-25,0.0010055305020185744,1,0.0,0.0010055305020185744,0.0010055305020185744,1.0333981150781069,0.5938171401289084
2014-08-26,0.00020098482632214377,1,0.0,0.00020098482632214377,0.00020098482632214377,1.033605833292193,0.59393650035808
2014-08-27,-0.0011059167668154917,1,0.0,-0.0011059167668154917,-0.0011059167668154917,1.0324633831147196,0.5932800190976361
2014-08-28,0.003715050208837627,1,0.0,0.003715050208837627,0.003715050208837627,1.0363061700753116,0.5954881833373115
2014-08-29,0.002902178669473267,1,0.0,0.002902178669473267,0.002902178669473267,1.0393180841795593,0.5972189066603002
2014-09-02,-0.005913322167160715,1,0.0,-0.005913322167160715,-0.005913322167160715,1.0331903968640208,0.5936977798997368
2014-09-03,-0.0009051139552897185,1,0.0,-0.0009051139552897185,-0.0009051139552897185,1.0322556649006336,0.5931606588684645
2014-09-04,0.005018075564144146,1,0.0,0.005018075564144146,0.005018075564144146,1.0374486202527848,0.5961446645977555
2014-09-05,0.001900285614597261,1,0.0,0.001900285614597261,0.001900285614597261,1.0394219432866023,0.597278586774886
2014-09-08,-0.008327946591355929,1,0.0,-0.008327946591355929,-0.008327946591355929,1.030801637402031,0.592325137264263
2014-09-09,0.008228021535064758,1,0.0,0.008228021535064758,0.008228021535064758,1.039318084179559,0.5972189066603001
2014-09-10,-0.0007997601146066558,1,0.0,-0.0007997601146066558,-0.0007997601146066558,1.0384872113232149,0.5967414657436134
2014-09-11,-0.005113562052553973,1,0.0,-0.005113562052553973,-0.005113562052553973,1.0331903968640206,0.5936977798997367
2014-09-12,-0.009697045682866874,1,0.0,-0.009697045682866874,-0.009697045682866874,1.0232199225878902,0.5879684888994979
2014-09-15,0.008691312921837424,1,0.0,0.008691312921837424,0.008691312921837424,1.0321518057935903,0.5931009787538785
2014-09-16,0.0015082200837976815,1,0.0,0.0015082200837976815,0.0015082200837976815,1.0337096923992357,0.5939961804726658
2014-09-17,0.00750716703212048,1,0.0,0.00750716703212048,0.00750716703212048,1.0414991254274628,0.5984721890666024
2014-09-18,-0.002996107304668366,1,0.0,-0.002996107304668366,-0.002996107304668366,1.0383833522161718,0.5966817856290277
2014-09-19,-0.009345392840864428,0,0.0005,-0.0005,-0.009345392840864428,1.0378642903163526,0.5911315349725464
2014-09-22,-0.002729618032081101,0,0.0,-0.0,-0.002729618032081101,1.0378642903163526,0.5895201718787294
2014-09-23,0.010673749508638768,1,0.0005,0.010173749508638768,0.010673749508638768,1.0484771564102036,0.5958462640248262
2014-09-24,-0.021258012779108895,0,0.0005,-0.0005,-0.021258012779108895,1.0479530488698026,0.583313439961804
2014-09-25,0.010584263270470136,0,0.0,0.0,0.010584263270470136,1.0479530488698026,0.5895201718787294
2014-09-26,-0.0013169226438544128,0,0.0,-0.0,-0.0013169226438544128,1.0479530488698026,0.5887443303891137
2014-09-29,0.0014181525877583426,1,0.0005,0.0009181525877583426,0.0014181525877583426,1.048915671523087,0.5895798519933152
2014-09-30,-0.016122798223405104,1,0.0,-0.016122798223405104,-0.016122798223405104,1.0321398160619422,0.5801503938887556
2014-10-01,0.0,1,0.0,0.0,0.0,1.0321398160619422,0.5801503938887556
2014-10-02,0.009827082871452422,1,0.0,0.009827082871452422,0.009827082871452422,1.0423327408990934,0.5858796848889943
2014-10-03,-0.0021414376204630698,0,0.0005,-0.0005,-0.0021414376204630698,1.041811704798524,0.584626402482692
2014-10-06,-0.014291098105140523,1,0.0005,-0.014791098105140524,-0.014291098105140523,1.0265155678654663,0.5763308665552631
2014-10-07,0.01928067110630813,1,0.0,0.01928067110630813,0.01928067110630813,1.0464995097479046,0.5875507280973973
2014-10-08,-0.016282168110051457,0,0.0005,-0.0005,-0.016282168110051457,1.04597639078367,0.578061589878252
2014-10-09,-0.025301924757770933,1,0.0005,-0.025801924757770933,-0.025301924757770933,1.0193333851551785,0.5636190021484835
2014-10-10,-0.015795419113711105,1,0.0,-0.015795419113711105,-0.015795419113711105,1.0033590796699003,0.5547863451897822
2014-10-13,0.00010756736416560721,0,0.0005,-0.0005,0.00010756736416560721,1.0028575255290497,0.5548460253043681
2014-10-14,-0.006474609863247791,0,0.0,-0.0,-0.006474609863247791,1.0028575255290497,0.5512652184292189
2014-10-15,-0.006298891373519066,0,0.0,-0.0,-0.006298891373519066,1.0028575255290497,0.5478037717832414
2014-10-16,0.013096133922256198,0,0.0,0.0,0.013096133922256198,1.0028575255290497,0.5550250656481255
2014-10-17,0.014835642183597056,0,0.0,0.0,0.014835642183597056,1.0028575255290497,0.5633206015755544
2014-10-20,0.02593473810144054,0,0.0,0.0,0.02593473810144054,1.0028575255290497,0.5781212699928379
2014-10-21,-0.005174923575097514,1,0.0005,-0.005674923575097515,-0.005174923575097514,0.9971825036030367,0.5751372642635468
2014-10-22,0.014934105248015018,1,0.0,0.014934105248015018,0.014934105248015018,1.0121862872517282,0.5837908808784906
2014-10-23,0.00814502568476914,0,0.0005,-0.0005,0.00814502568476914,1.0116803206103038,0.5885652900453564
2014-10-24,0.0007095433879356953,1,0.0005,0.00020954338793569526,0.0007095433879356953,1.0118923337443917,0.5889830508474571
2014-10-27,0.014984943745555045,1,0.0,0.014984943745555045,0.014984943745555045,1.0271696625241986,0.5978753879207444
2014-10-28,-0.0037001892309756882,1,0.0,-0.0037001892309756882,-0.0037001892309756882,1.0233759634312265,0.595667223681069
2014-10-29,0.002101787292262605,0,0.0005,-0.0005,0.002101787292262605,1.0228644033501886,0.5969205060873712
2014-10-30,0.01370292516632533,1,0.0005,0.01320292516632533,0.01370292516632533,1.0364587506209266,0.6051563619002145
2014-10-31,0.0029542118974313827,0,0.0005,-0.0005,0.0029542118974313827,1.0359406507813698,0.606946765337789
2014-11-03,-0.0033487670416306875,0,0.0,-0.0,-0.0033487670416306875,1.0359406507813698,0.6049176414418711
2014-11-04,9.865338142464734e-05,1,0.0005,-0.0004013466185753527,9.865338142464734e-05,1.035524962927171,0.604977321556457
2014-11-05,0.003151780408737674,1,0.0,0.003151780408737674,0.003151780408737674,1.0387938589332546,0.6068870852232031
2014-11-06,-0.0008854346586645787,1,0.0,-0.0008854346586645787,-0.0008854346586645787,1.0378744819315435,0.6063499641919308
2014-11-07,0.0035370443635332136,1,0.0,0.0035370443635332136,0.0035370443635332136,1.0415519899383876,0.6084984483170203
2014-11-10,0.0031335709150712037,1,0.0,0.0031335709150712037,0.0031335709150712037,1.0448208859444712,0.6104082119837665
2014-11-11,0.001758328088070209,1,0.0,0.001758328088070209,0.001758328088070209,1.0466596399478931,0.6114824540463112
2014-11-12,0.004285164328947885,1,0.0,0.004285164328947885,0.004285164328947885,1.0511543719562582,0.6141083790880874
2014-11-13,0.003104989880577184,1,0.0,0.003104989880577184,0.003104989880577184,1.054423267962342,0.6160181427548336
2014-11-14,-0.003007812872580777,1,0.0,-0.003007812872580777,-0.003007812872580777,1.0512565249564483,0.6141680592026731
2014-11-17,0.007454412755964412,1,0.0,0.007454412755964412,0.007454412755964412,1.0591223059710873,0.6187634280257814
2014-11-18,-0.004543485026122798,1,0.0,-0.004543485026122798,-0.004543485026122798,1.0543211149621519,0.6159584626402478
2014-11-19,0.004447029757178772,1,0.0,0.004447029757178772,0.004447029757178772,1.059020152970897,0.6187037479111955
2014-11-20,0.0019273399046994056,1,0.0,0.0019273399046994056,0.0019273399046994056,1.0610632129746993,0.6198973502029119
2014-11-21,0.007767960422224994,1,0.0,0.007767960422224994,0.007767960422224994,1.0693376059900983,0.6247314394843633
2014-11-24,0.0015273007932604667,1,0.0,0.0015273007932604667,0.0015273007932604667,1.07097205399314,0.6256863213177364
2014-11-25,0.006465129953853539,1,0.0,0.006465129953853539,0.006465129953853539,1.0779184580060677,0.6297445691095722
2014-11-26,0.004632920875947321,1,0.0,0.004632920875947321,0.004632920875947321,1.0829239550153833,0.6326688947242775
2014-11-28,-0.011384242102920314,1,0.0,-0.011384242102920314,-0.011384242102920314,1.0706655949925699,0.6255072809739791
2014-12-01,0.0039992435706349,1,0.0,0.0039992435706349,0.0039992435706349,1.0749560210005547,0.6280138457865836
2014-12-02,0.001803940674340055,1,0.0,0.001803940674340055,0.001803940674340055,1.076896928004167,0.6291477679637142
2014-12-03,-0.00047440581562457364,1,0.0,-0.00047440581562457364,-0.00047440581562457364,1.0763861630032163,0.628849367390785
2014-12-04,9.489916970333442e-05,1,0.0,9.489916970333442e-05,9.489916970333442e-05,1.0764883160034062,0.6289090475053708
2014-12-05,-0.00714254738818377,1,0.0,-0.00714254738818377,-0.00714254738818377,1.068826840989148,0.6244330389114343
2014-12-08,0.0031490078028228886,0,0.0005,-0.0005,0.0031490078028228886,1.068292561149744,0.6264024826927663
2014-12-09,-0.01584514833442478,0,0.0,-0.0,-0.01584514833442478,1.068292561149744,0.616555263786106
2014-12-10,0.0047317938704341455,1,0.0005,0.004231793870434146,0.0047317938704341455,1.072822934103241,0.6194795894008112
2014-12-11,-0.010946009420914877,1,0.0,-0.010946009420914877,-0.010946009420914877,1.0611438405046218,0.6127357364526136
2014-12-12,-0.010378005813083367,0,0.0005,-0.0005,-0.010378005813083367,1.0606134012052453,0.6064096443065166
2014-12-15,-0.01617178951236565,0,0.0,-0.0,-0.01617178951236565,1.0606134012052453,0.596681785629028
2014-12-16,0.018039938130998058,0,0.0,0.0,0.018039938130998058,1.0606134012052453,0.6075435664836473
2014-12-17,0.023781756562488553,0,0.0,0.0,0.023781756562488553,1.0606134012052453,0.6221651945571732
2014-12-18,0.000671237499431962,1,0.0005,0.00017123749943196201,0.000671237499431962,1.0607950335426215,0.6225829553592739
2014-12-19,0.0024892305816417576,1,0.0,0.0024892305816417576,0.0024892305816417576,1.0634388861952393,0.6241346383385052
2014-12-22,-0.003544234755648517,1,0.0,-0.003544234755648517,-0.003544234755648517,1.0596764804972831,0.6219264740988298
2014-12-23,0.0008632680023907443,1,0.0,0.0008632680023907443,0.0008632680023907443,1.060591660261651,0.6224635951301023
2014-12-24,0.007069867987814047,1,0.0,0.007069867987814047,0.007069867987814047,1.068116471657563,0.626879923609453
2014-12-26,-0.0001904217848276195,1,0.0,-0.0001904217848276195,-0.0001904217848276195,1.0679130983765923,0.6267605633802813
2014-12-29,-0.006687710031370472,1,0.0,-0.006687710031370472,-0.006687710031370472,1.0607950335426215,0.6225829553592739
2014-12-30,-0.01030986633720066,1,0.0,-0.01030986633720066,-0.01030986633720066,1.0499145630106947,0.6161971830985912
2014-12-31,-0.0030069376165336704,1,0.0,-0.0030069376165336704,-0.0030069376165336704,1.0467622771556504,0.6143470995464307
2015-01-02,-0.014777388836704094,1,0.0,-0.014777388836704094,-0.014777388836704094,1.0314075944423706,0.605335402243972
2015-01-05,-0.013498964285539735,1,0.0,-0.013498964285539735,-0.013498964285539735,1.01757821133637,0.5972189066603003
2015-01-06,0.012808594910519045,0,0.0005,-0.0005,0.012808594910519045,1.0170695494067814,0.6049176414418712
2015-01-07,0.018958840112709277,0,0.0,0.0,0.018958840112709277,1.0170695494067814,0.6164955836715202
2015-01-08,-0.006604530611774039,0,0.0,-0.0,-0.006604530611774039,1.0170695494067814,0.6124373358796846
2015-01-09,-0.01048155748742517,1,0.0005,-0.01098155748742517,-0.01048155748742517,1.0059616443594097,0.6060515636190018
2015-01-12,-0.00029546462026146844,1,0.0,-0.00029546462026146844,-0.00029546462026146844,1.005664462189732,0.6058725232752443
2015-01-13,-0.005531424613229203,1,0.0,-0.005531424613229203,-0.005531424613229203,1.0001170616890793,0.6025304368584384
2015-01-14,-0.013060352134099153,1,0.0,-0.013060352134099153,-0.013060352134099153,0.9871401069464815,0.5947123418476961
2015-01-15,0.011672701995680936,1,0.0,0.011672701995680936,0.011672701995680936,0.9987302115639163,0.601694915254237
2015-01-16,0.007903617511101177,0,0.0005,-0.0005,0.007903617511101177,0.9982309712786065,0.6064693244211026
2015-01-20,0.0051040550539118695,1,0.0005,0.004604055053911869,0.0051040550539118695,1.002837477794565,0.6095726903795652
2015-01-21,0.018334897863305933,1,0.0,0.018334897863305933,0.018334897863305933,1.0213939966219756,0.6208522320362851
2015-01-22,0.0022084602571559387,0,0.0005,-0.0005,0.0022084602571559387,1.0208834272766378,0.6222248746717589
2015-01-23,-0.001151631605206876,1,0.0005,-0.001651631605206876,-0.001151631605206876,1.019198695603934,0.6215087132967291
2015-01-26,-0.026268657045837265,1,0.0,-0.026268657045837265,-0.026268657045837265,0.9927743007688022,0.6053950823585577
2015-01-27,-0.005139366916058765,1,0.0,-0.005139366916058765,-0.005139366916058765,0.9876851580598139,0.602291716400095
2015-01-28,0.009565676213337032,1,0.0,0.009565676213337032,0.009565676213337032,0.9971783665746576,0.6080806875149196
2015-01-29,-0.007783673959768293,0,0.0005,-0.0005,-0.007783673959768293,0.9966799020178941,0.6033659584626397
2015-01-30,0.008666589600584054,1,0.0005,0.008166589600584053,0.008666589600584054,1.0048527042793347,0.608617808546192
2015-02-02,0.009563847660861474,1,0.0,0.009563847660861474,0.009563847660861474,1.0145090648421289,0.6144664597756023
2015-02-03,-0.0008745081449323979,1,0.0,-0.0008745081449323979,-0.0008745081449323979,1.0136222562190154,0.6139293387443301
2015-02-04,0.008614484865249827,1,0.0,0.008614484865249827,0.008614484865249827,1.0223918081586958,0.6192408689424681
2015-02-05,-0.006090211680210868,1,0.0,-0.006090211680210868,-0.006090211680210868,1.0161841477968994,0.6154810217235613
2015-02-06,-0.0032049753069129097,1,0.0,-0.0032049753069129097,-0.0032049753069129097,1.0129325161788156,0.6135115779422293
2015-02-09,0.015444322427473775,1,0.0,0.015444322427473775,0.015444322427473775,1.0286980028119492,0.6230603962759607
2015-02-10,0.003633238531535279,1,0.0,0.003633238531535279,0.003633238531535279,1.0324423058873182,0.6253282406302217
2015-02-11,0.011576180131993415,1,0.0,0.011576180131993415,0.011576180131993415,1.0444634894450824,0.6326092146096918
2015-02-12,0.0085482649133413,1,0.0,0.0085482649133413,0.0085482649133413,1.0534301099676768,0.6380401050370014
2015-02-13,0.0009349290135014078,1,0.0,0.0009349290135014078,0.0009349290135014078,1.0544154528822478,0.6386369061828596
2015-02-17,0.0014007566374979713,1,0.0,0.0014007566374979713,0.0014007566374979713,1.0558934672541038,0.6395321079016468
2015-02-18,0.004933684664381662,1,0.0,0.004933684664381662,0.004933684664381662,1.0611157847013293,0.6426951539746953
2015-02-19,0.006663606332410837,1,0.0,0.006663606332410837,0.006663606332410837,1.0682102536862395,0.6469921222248743
2015-02-20,0.0010141521175305978,0,0.0005,-0.0005,0.0010141521175305978,1.0676762820634265,0.6476486034853183
2015-02-23,0.0007369197091041143,1,0.0005,0.00023691970910411433,0.0007369197091041143,1.067929265584798,0.6481260444020049
2015-02-24,-0.0024892835423589803,1,0.0,-0.0024892835423589803,-0.0024892835423589803,1.0652741928250569,0.6465146813081878
2015-02-25,0.005064234385734463,1,0.0,0.005064234385734463,0.005064234385734463,1.0706826743726776,0.6497970876104078
2015-02-26,-0.004418269337664666,1,0.0,-0.004418269337664666,-0.004418269337664666,1.0659625450220267,0.6469324421102886
2015-02-27,0.008999968913080659,1,0.0,0.008999968913080659,0.008999968913080659,1.075599475779606,0.6527810933396988
2015-03-02,-0.004673548025537885,1,0.0,-0.004673548025537885,-0.004673548025537885,1.0705843383445393,0.649737407495822
2015-03-03,-0.0038652726202052343,1,0.0,-0.0038652726202052343,-0.0038652726202052343,1.0664542251627196,0.6472308426832176
2015-03-04,0.0017504265375026058,1,0.0,0.0017504265375026058,0.0017504265375026058,1.0683226096973524,0.6483647648603482
2015-03-05,-0.011386376200430435,1,0.0,-0.011386376200430435,-0.011386376200430435,1.056227278236309,0.6410241107662923
2015-03-06,0.0028819803334426144,0,0.0005,-0.0005,0.0028819803334426144,1.0556992966035985,0.6428741943184527
2015-03-09,-0.018741178207309712,1,0.0005,-0.019241178207309712,-0.018741178207309712,1.0355805729748913,0.6309381714012888
2015-03-10,-0.0057866689008254585,1,0.0,-0.0057866689008254585,-0.0057866689008254585,1.029605316169039,0.6272976844115538
2015-03-11,0.006543098588935887,0,0.0005,-0.0005,0.006543098588935887,1.0290906421901718,0.6314156123179753
2015-03-12,-0.004357305368955701,0,0.0,-0.0,-0.004357305368955701,1.0290906421901718,0.6286703270470275
2015-03-13,0.012827944252464411,0,0.0,0.0,0.012827944252464411,1.0290906421901718,0.6367868226306991
2015-03-16,0.0015919842290977163,0,0.0,0.0,0.0015919842290977163,1.0290906421901718,0.6378013845786581
2015-03-17,0.009777069362695155,1,0.0005,0.009277069362695154,0.009777069362695155,1.0386820085545998,0.6440677966101692
2015-03-18,0.0014814817524428803,0,0.0005,-0.0005,0.0014814817524428803,1.038162797363937,0.6450226784435423
2015-03-19,0.004154938805980085,1,0.0005,0.003654938805980085,0.004154938805980085,1.0419641615038686,0.6477082835999042
2015-03-20,-0.001936823293958842,1,0.0,-0.001936823293958842,-0.001936823293958842,1.0399480141352533,0.6464550011936019
2015-03-23,-0.0036069403267098257,1,0.0,-0.0036069403267098257,-0.0036069403267098257,1.0362037404506823,0.6441274767247549
2015-03-24,-0.023151134734931328,1,0.0,-0.023151134734931328,-0.023151134734931328,1.0124900071150649,0.6293864884220574
2015-03-25,-0.003419456219418228,1,0.0,-0.003419456219418228,-0.003419456219418228,1.009033754483153,0.6272380042969679
2015-03-26,0.0039882305261537765,0,0.0005,-0.0005,0.0039882305261537765,1.0085293637141117,0.6297445691095723
2015-03-27,0.011401772516814462,1,0.0005,0.010901772516814462,0.011401772516814462,1.0195842709677094,0.6369658629744566
2015-03-30,-0.010643909653712575,0,0.0005,-0.0005,-0.010643909653712575,1.0190746062590208,0.6302220100262588
2015-03-31,-0.005221943981151601,1,0.0005,-0.005721943981151601,-0.005221943981151601,1.0132601692548278,0.6269396037240388
2015-04-01,0.0006661274452909275,1,0.0,0.0006661274452909275,0.0006661274452909275,1.0139353545175391,0.6273573645261394
2015-04-02,0.008147842328315606,1,0.0,0.008147842328315606,0.008147842328315606,1.022230487745137,0.63248985438052
2015-04-06,-0.0016998776404170595,1,0.0,-0.0016998776404170595,-0.0016998776404170595,1.0204942970695932,0.6314156123179752
2015-04-07,0.007908156446254254,1,0.0,0.007908156446254254,0.007908156446254254,1.0285965202221306,0.6364287419431841
2015-04-08,0.006263166068582922,1,0.0,0.006263166068582922,0.006263166068582922,1.0350590077366546,0.640427309620434
2015-04-09,0.004091887044821075,1,0.0,0.004091887044821075,0.004091887044821075,1.0393030293879837,0.6430532346622101
2015-04-10,-0.002508945236566603,1,0.0,-0.002508945236566603,-0.002508945236566603,1.0366987433746682,0.641441871568393
2015-04-13,-0.0028884250223848145,1,0.0,-0.0028884250223848145,-0.0028884250223848145,1.0337086372112316,0.6395917880162326
2015-04-14,0.0062322884390911375,1,0.0,0.0062322884390911375,0.0062322884390911375,1.0401711247257555,0.6435903556934824
2015-04-15,-0.001391917823207362,1,0.0,-0.001391917823207362,-0.001391917823207362,1.0387242991628023,0.6426951539746952
2015-04-16,-0.015723300055783207,1,0.0,-0.015723300055783207,-0.015723300055783207,1.0225198528577275,0.6326688947242775
2015-04-17,0.01488721844267768,1,0.0,0.01488721844267768,0.01488721844267768,1.0378562038250305,0.6421580329434228
2015-04-20,0.0042659806882356455,0,0.0005,-0.0005,0.0042659806882356455,1.037337405433524,0.6449033182143705
2015-04-21,0.005445078286518928,1,0.0005,0.004945078286518929,0.005445078286518928,1.0424798244659734,0.6484244449749339
2015-04-22,0.0037664827954768648,1,0.0,0.0037664827954768648,0.0037664827954768648,1.0464137105960338,0.6508713296729525
2015-04-23,0.013479256907201342,1,0.0,0.013479256907201342,0.013479256907201342,1.0606140800411292,0.6597039866316539
2015-04-24,-0.002536233243579416,0,0.0005,-0.0005,-0.002536233243579416,1.0600839055557754,0.6580329434232508
2015-04-27,-0.001997277105163678,1,0.0005,-0.002497277105163678,-0.001997277105163678,1.057439885088863,0.6567199809023628
2015-04-28,-0.006290188933597087,1,0.0,-0.006290188933597087,-0.006290188933597087,1.0508092642172588,0.6526020529959412
2015-04-29,-0.015854327846569934,1,0.0,-0.015854327846569934,-0.015854327846569934,1.034280760015579,0.6423370732871801
2015-04-30,0.013107073371431157,1,0.0,0.013107073371431157,0.013107073371431157,1.0479263855774308,0.6508116495583666
2015-05-01,0.001649258207813789,0,0.0005,-0.0005,0.001649258207813789,1.0474025533536113,0.6518858916209114
2015-05-04,-0.016430127766932322,1,0.0005,-0.016930127766932323,-0.016430127766932322,1.0298191588505703,0.6412628312246355
2015-05-05,-0.0069107484600460034,1,0.0,-0.0069107484600460034,-0.0069107484600460034,1.0227268724145588,0.6368465027452848
2015-05-06,0.005979649696316416,1,0.0,0.005979649696316416,0.005979649696316416,1.0288607417646227,0.6406660300787771
2015-05-07,0.012405269250305611,1,0.0,0.012405269250305611,0.012405269250305611,1.041703530716319,0.6486631654332771
2015-05-08,-0.0038716862522887225,0,0.0005,-0.0005,-0.0038716862522887225,1.0411828091422028,0.6461566006206726
2015-05-11,-0.004535994817456204,1,0.0005,-0.005035994817456204,-0.004535994817456204,1.0359525986215918,0.6432322750059675
2015-05-12,0.0020391146188689794,1,0.0,0.0020391146188689794,0.0020391146188689794,1.038067179914009,0.6445452375268554
2015-05-13,0.014523648986049895,1,0.0,0.014523648986049895,0.014523648986049895,1.0532537182868251,0.653974695631415
2015-05-14,0.0,1,0.0,0.0,0.0,1.0532537182868251,0.653974695631415
2015-05-15,0.00437079552134314,1,0.0,0.00437079552134314,0.00437079552134314,1.0578673501975542,0.6568393411315343
2015-05-18,-0.0010909091990984967,1,0.0,-0.0010909091990984967,-0.0010909091990984967,1.056713942219872,0.6561231797565045
2015-05-19,0.0006365083188300872,1,0.0,0.0006365083188300872,0.0006365083188300872,1.0573867635401866,0.6565409405586052
2015-05-20,0.005167970158442598,1,0.0,0.005167970158442598,0.005167970158442598,1.062865451434177,0.659942707089997
2015-05-21,-0.0009952500256031557,1,0.0,-0.0009952500256031557,-0.0009952500256031557,1.0618081607879684,0.659286225829553
2015-05-22,-0.011562927573379081,1,0.0,-0.011562927573379081,-0.011562927573379081,1.0496012596908315,0.6517068512771539
2015-05-26,0.015988712695771425,1,0.0,0.015988712695771425,0.015988712695771425,1.066517910030171,0.6622105514442581
2015-05-27,-0.0022556061352006773,0,0.0005,-0.0005,-0.0022556061352006773,1.0659847843676782,0.6607185485796127
2015-05-28,-0.005979361898904762,1,0.0005,-0.006479361898904763,-0.005979361898904762,1.0591002110777044,0.6567796610169486
2015-05-29,0.003356468883427814,1,0.0,0.003356468883427814,0.003356468883427814,1.062661020510678,0.6589878252566239
2015-06-01,-0.0031747498205982076,1,0.0,-0.0031747498205982076,-0.0031747498205982076,1.0592926872632704,0.6568990212461201
2015-06-02,0.002993606807694697,1,0.0,0.002993606807694697,0.002993606807694697,1.0624685443251118,0.6588684650274522
2015-06-03,-0.007637789448117538,1,0.0,-0.007637789448117538,-0.007637789448117538,1.054384544531334,0.6538553354022434
2015-06-04,-0.0023759492123845323,1,0.0,-0.0023759492123845323,-0.0023759492123845323,1.0518823541189741,0.652303652423012
2015-06-05,-0.010207454483010818,1,0.0,-0.010207454483010818,-0.010207454483010818,1.041199925820053,0.645679159703986
2015-06-08,-0.0016651252690991752,1,0.0,-0.0016651252690991752,-0.0016651252690991752,1.0394676401499578,0.6446049176414413
2015-06-09,0.013609405454950698,1,0.0,0.013609405454950698,0.013609405454950698,1.0537108778818525,0.6534375746001427
2015-06-10,0.0014602539785637761,0,0.0005,-0.0005,0.0014602539785637761,1.0531841541348217,0.6543924564335158
2015-06-11,-0.008241804895103755,1,0.0005,-0.008741804895103756,-0.008241804895103755,1.0440175484552399,0.649021246120792
2015-06-12,-0.004977886385236239,1,0.0,-0.004977886385236239,-0.004977886385236239,1.0388334613180827,0.6457985199331577
2015-06-15,0.0054375508382848966,1,0.0,0.0054375508382848966,0.0054375508382848966,1.044497556523495,0.6493196466937211
2015-06-16,0.0027535584171828166,1,0.0,0.0027535584171828166,0.0027535584171828166,1.0473776049330266,0.6511100501312956
2015-06-17,0.01446860855850754,1,0.0,0.01446860855850754,0.01446860855850754,1.0626418615035447,0.6605991883504411
2015-06-18,-0.007253635938699917,0,0.0005,-0.0005,-0.007253635938699917,1.06211067338089,0.6558247791835754
2015-06-19,0.007343974255758505,1,0.0005,0.006843974255758506,0.007343974255758505,1.0694046629538643,0.6606588684650269
2015-06-22,0.0008126778179902578,1,0.0,0.0008126778179902578,0.0008126778179902578,1.0702740976391927,0.6611959894962992
2015-06-23,-0.005158149077492333,1,0.0,-0.005158149077492333,-0.005158149077492333,1.0647676779654462,0.6577942229649074
2015-06-24,-0.0019980026626729977,1,0.0,-0.0019980026626729977,-0.0019980026626729977,1.0626423931790883,0.6564812604440194
2015-06-25,-0.006658482209762254,1,0.0,-0.006658482209762254,-0.006658482209762254,1.055590311842536,0.6521246120792545
2015-06-26,-0.023894450379284074,1,0.0,-0.023894450379284074,-0.023894450379284074,1.0306665175297902,0.6367271425161131
2015-06-29,0.0035553929668086393,0,0.0005,-0.0005,0.0035553929668086393,1.0301513130828703,0.6389949868703741
2015-06-30,0.007907385729321915,1,0.0005,0.007407385729321914,0.007907385729321915,1.0378103730034074,0.6440677966101689
2015-07-01,0.0002779450613158449,1,0.0,0.0002779450613158449,0.0002779450613158449,1.0380988673620999,0.6442468369539263
2015-07-02,-0.0023185727984735213,1,0.0,-0.0023185727984735213,-0.0023185727984735213,1.0356947477063283,0.6427548340892808
2015-07-06,0.0025038265967061487,1,0.0,0.0025038265967061487,0.0025038265967061487,1.0382911969345614,0.644366197183098
2015-07-07,-0.017565620287868827,1,0.0,-0.017565620287868827,-0.017565620287868827,1.0202122171231605,0.6331463356409638
2015-07-08,-0.0005657175334733461,1,0.0,-0.0005657175334733461,-0.0005657175334733461,1.0196352284057753,0.6327882549534488
2015-07-09,0.015163150872665223,1,0.0,0.015163150872665223,0.015163150872665223,1.035213923775174,0.6424564335163517
2015-07-10,0.017404555545203176,0,0.0005,-0.0005,0.017404555545203176,1.0346964461934627,0.6537359751730717
2015-07-13,0.006551433805962181,0,0.0,0.0,0.006551433805962181,1.0346964461934627,0.6580329434232506
2015-07-14,0.0010877448498176057,1,0.0005,0.0005877448498176057,0.0010877448498176057,1.0353047624506995,0.6587491047982804
2015-07-15,0.01403405545185821,1,0.0,0.01403405545185821,0.01403405545185821,1.049936719593507,0.6680592026736683
2015-07-16,0.014632460780116813,1,0.0,0.014632460780116813,0.014632460780116813,1.065412828109938,0.6779064215803287
2015-07-17,0.003427520163523262,1,0.0,0.003427520163523262,0.003427520163523262,1.06907081739564,0.6802339460491756
2015-07-20,-0.0006143314950328883,1,0.0,-0.0006143314950328883,-0.0006143314950328883,1.0684142552161549,0.6798161852470749
2015-07-21,-0.011389343085348114,0,0.0005,-0.0005,-0.011389343085348114,1.067880181618073,0.6721174504655041
2015-07-22,-0.0037363267378765067,1,0.0005,-0.004236326737876507,-0.0037363267378765067,1.0633658610715921,0.6696108856528997
2015-07-23,-0.009852296443011707,1,0.0,-0.009852296443011707,-0.009852296443011707,1.0529407055708901,0.6630460730484594
2015-07-24,-0.008315304601013722,1,0.0,-0.008315304601013722,-0.008315304601013722,1.0442214846066669,0.6575555025065641
2015-07-27,0.008585295152984458,1,0.0,0.008585295152984458,0.008585295152984458,1.0532250279936364,0.6632251133922169
2015-07-28,0.0037722336809864953,1,0.0,0.0037722336809864953,0.0037722336809864953,1.0572055419120863,0.6657316782048214
2015-07-29,0.004739981150210132,1,0.0,0.004739981150210132,0.004739981150210132,1.0622285713806063,0.6688947242778699
2015-07-30,-0.0011605589839876456,1,0.0,-0.0011605589839876456,-0.0011605589839876456,1.0609965075487053,0.6681188827882543
2015-07-31,-0.003131293097553397,1,0.0,-0.003131293097553397,-0.003131293097553397,1.0576794126166638,0.6660300787777504
2015-08-03,-0.001883493090112113,1,0.0,-0.001883493090112113,-0.001883493090112113,1.0556891556574388,0.6647767963714483
2015-08-04,0.007601878937107082,1,0.0,0.007601878937107082,0.007601878937107082,1.063744957635254,0.669849606111243
2015-08-05,-0.016076505928079275,1,0.0,-0.016076505928079275,-0.016076505928079275,1.0467803864113845,0.6591668656003812
2015-08-06,-0.001268345884835885,0,0.0005,-0.0005,-0.001268345884835885,1.046257127043922,0.6583313439961798
2015-08-07,0.011357612623797963,1,0.0005,0.010857612623797962,0.011357612623797963,1.0576788758896754,0.665851038433993
2015-08-10,-0.01289991277075283,1,0.0,-0.01289991277075283,-0.01289991277075283,1.044122536438907,0.6573167820482209
2015-08-11,0.0034442162208804168,1,0.0,0.0034442162208804168,0.0034442162208804168,1.0477249203489014,0.659584626402482
2015-08-12,-0.001629992210930953,1,0.0,-0.001629992210930953,-0.001629992210930953,1.0460185279704832,0.6585103843399374
2015-08-13,0.0015395067564061525,1,0.0,0.0015395067564061525,0.0015395067564061525,1.0476301207723229,0.6595249462878963
2015-08-14,0.008290576458271817,1,0.0,0.008290576458271817,0.008290576458271817,1.0563516818175727,0.6650155168297918
2015-08-17,-0.0051284470673040325,1,0.0,-0.0051284470673040325,-0.0051284470673040325,1.050948105952581,0.6616137502984
2015-08-18,-0.006606657814806041,1,0.0,-0.006606657814806041,-0.006606657814806041,1.0440277368623285,0.6572571019336352
2015-08-19,-0.02808526752470079,1,0.0,-0.02808526752470079,-0.02808526752470079,1.0151138660057943,0.63905466698496
2015-08-20,-0.044689506046744334,0,0.0005,-0.0005,-0.044689506046744334,1.014606435940879,0.6111243733587963
2015-08-21,-0.03923633827535297,1,0.0005,-0.03973633827535297,-0.03923633827535297,0.9750802059871616,0.5876104082119832
2015-08-24,-0.003764949753830146,1,0.0,-0.003764949753830146,-0.003764949753830146,0.9714159801470718,0.585402243972308
2015-08-25,0.04913478338075235,1,0.0,0.04913478338075235,0.04913478338075235,1.0203383467688123,0.614884220577703
2015-08-26,0.025016879471954766,0,0.0005,-0.0005,0.025016879471954766,1.019828305116467,0.6304607304846019
2015-08-27,-0.0001893401501442957,0,0.0,-0.0,-0.0001893401501442957,1.019828305116467,0.6303413702554304
2015-08-28,-0.01248051259090744,0,0.0,-0.0,-0.01248051259090744,1.019828305116467,0.622523275244688
2015-08-31,-0.03175179083824977,0,0.0,-0.0,-0.03175179083824977,1.019828305116467,0.6030675578897106
2015-09-01,0.027813454255551703,0,0.0,0.0,0.027813454255551703,1.019828305116467,0.6200763905466693
2015-09-02,-0.004920652506580053,0,0.0,-0.0,-0.004920652506580053,1.019828305116467,0.6170327047027924
2015-09-03,-0.011968033874317956,0,0.0,-0.0,-0.011968033874317956,1.019828305116467,0.6096920506087365
2015-09-04,0.027801018270257088,0,0.0,0.0,0.027801018270257088,1.019828305116467,0.6268799236094528
2015-09-08,-0.011297391578367923,0,0.0,-0.0,-0.011297391578367923,1.019828305116467,0.619837670088326
2015-09-09,0.010821269110676966,0,0.0,0.0,0.010821269110676966,1.019828305116467,0.6265815230365236
2015-09-10,0.005509132474753578,0,0.0,0.0,0.005509132474753578,1.019828305116467,0.6300429696825012
2015-09-11,-0.003035767439112574,0,0.0,-0.0,-0.003035767439112574,1.019828305116467,0.6281332060157551
2015-09-14,0.011712611464801558,0,0.0,0.0,0.011712611464801558,1.019828305116467,0.6355335402243967
2015-09-15,0.005618518385491373,0,0.0,0.0,0.005618518385491373,1.019828305116467,0.639114347099546
2015-09-16,0.0003734478616830945,0,0.0,0.0,0.0003734478616830945,1.019828305116467,0.6393530675578892
2015-09-17,-0.016754910024268748,1,0.0005,-0.01725491002426875,-0.016754910024268748,1.0023822077445508,0.6287300071616133
2015-09-18,0.0031275199638718812,1,0.0,0.0031275199638718812,0.0031275199638718812,1.005522085566627,0.6306994509429453
2015-09-21,-0.015063684593146833,1,0.0,-0.015063684593146833,-0.015063684593146833,0.9904887311457782,0.6212699928383857
2015-09-22,0.0007681966961223688,1,0.0,0.0007681966961223688,0.0007681966961223688,0.9912499136480998,0.6217474337550724
2015-09-23,-0.003654201585257305,1,0.0,-0.003654201585257305,-0.003654201585257305,0.9876342967620728,0.6194795894008112
2015-09-24,-0.008513983318244765,1,0.0,-0.008513983318244765,-0.008513983318244765,0.979261289236537,0.614227739317259
2015-09-25,-0.02898182142811908,1,0.0,-0.02898182142811908,-0.02898182142811908,0.951287832276224,0.596681785629028
2015-09-28,-0.005114074821101826,1,0.0,-0.005114074821101826,-0.005114074821101826,0.9464352938239247,0.5936380997851511
2015-09-29,0.022564448230296286,0,0.0005,-0.0005,0.022564448230296286,0.9459621944617095,0.6071854857961322
2015-09-30,0.004706813945514676,0,0.0,0.0,0.004706813945514676,0.9459621944617095,0.6100501312962516
2015-10-01,0.017359695024908386,0,0.0,0.0,0.017359695024908386,0.9459621944617095,0.6207328718071135
2015-10-02,0.014223904551079308,0,0.0,0.0,0.014223904551079308,0.9459621944617095,0.6296252088804006
2015-10-05,-0.004750602758597865,0,0.0,-0.0,-0.004750602758597865,0.9459621944617095,0.6266412031511096
2015-10-06,0.005982071677547469,1,0.0005,0.005482071677547469,0.005982071677547469,0.9511622675795882,0.6304010503700163
2015-10-07,0.00396825917562067,1,0.0,0.00396825917562067,0.00396825917562067,0.9549442249059484,0.6329076151826207
2015-10-08,0.004515954612414831,1,0.0,0.004515954612414831,0.004515954612414831,0.9592664618503601,0.6357722606827401
2015-10-09,0.0024376535603477306,1,0.0,0.0024376535603477306,0.0024376535603477306,0.9616076735285832,0.6373239436619715
2015-10-12,-0.006482243563516525,1,0.0,-0.006482243563516525,-0.006482243563516525,0.9553944579209913,0.6332060157555498
2015-10-13,-0.0016035470115325974,1,0.0,-0.0016035470115325974,-0.0016035470115325974,0.9538636656698457,0.632191453807591
2015-10-14,0.01629249521922078,1,0.0,0.01629249521922078,0.01629249521922078,0.9695317745933378,0.6425757937455236
2015-10-15,0.0041707275806213175,0,0.0005,-0.0005,0.0041707275806213175,0.9690471298773169,0.6452613989018855
2015-10-16,0.005717990309527741,1,0.0005,0.005217990309527741,0.005717990309527741,0.9741168237142629,0.6489615660062064
2015-10-19,-0.0051632052744936445,1,0.0,-0.0051632052744936445,-0.0051632052744936445,0.9691002206125525,0.6456194795894005
2015-10-20,-0.006119629668441597,1,0.0,-0.006119629668441597,-0.006119629668441597,0.9631877955283938,0.6416805920267363
2015-10-21,0.020163644054560156,1,0.0,0.020163644054560156,0.020163644054560156,0.9828062969440112,0.6547505371210309
2015-10-22,0.02759849754963654,0,0.0005,-0.0005,0.02759849754963654,0.9823150166258537,0.6730723322988776
2015-10-23,0.0006204848845084816,0,0.0,0.0,0.0006204848845084816,0.9823150166258537,0.6734900931009783
2015-10-26,0.0020360295618448983,1,0.0005,0.0015360295618448983,0.0020360295618448983,0.9838250409545449,0.6748627357364522
2015-10-27,0.008278338778046164,1,0.0,0.008278338778046164,0.008278338778046164,0.992003282363258,0.6804726665075193
2015-10-28,-0.0015799178218388384,1,0.0,-0.0015799178218388384,-0.0015799178218388384,0.9904372361360576,0.6793984244449744
2015-10-29,-0.0044900370367399346,1,0.0,-0.0044900370367399346,-0.0044900370367399346,0.9860001051589898,0.6763547386010976
2015-10-30,0.011231143763750824,1,0.0,0.011231143763750824,0.011231143763750824,0.9971364338857481,0.6839937932680826
2015-11-02,0.0034840205958822463,0,0.0005,-0.0005,0.0034840205958822463,0.9966379902900884,0.6863809978515154
2015-11-03,8.694518111803747e-05,1,0.0005,-0.00041305481888196256,8.694518111803747e-05,0.9962264091741516,0.6864406779661012
2015-11-04,-0.0026988219924318833,1,0.0,-0.0026988219924318833,-0.0026988219924318833,0.9935413962473216,0.6845905944139408
2015-11-05,0.0006971677842291247,1,0.0,0.0006971677842291247,0.0006971677842291247,0.9942343028090842,0.6850680353306273
2015-11-06,-0.010684985173850551,1,0.0,-0.010684985173850551,-0.010684985173850551,0.9836674777422048,0.6777870613511573
2015-11-09,-0.0025567569581452848,1,0.0,-0.0025567569581452848,-0.0025567569581452848,0.9811556914558154,0.6760563380281684
2015-11-10,-0.0012366400303999397,1,0.0,-0.0012366400303999397,-0.0012366400303999397,0.979943104972731,0.675220816423967
2015-11-11,-0.009770039523101796,1,0.0,-0.009770039523101796,-0.009770039523101796,0.9704156397484955,0.668656003819527
2015-11-12,-0.01983118893219221,1,0.0,-0.01983118893219221,-0.01983118893219221,0.9513607093000245,0.6555263786106466
2015-11-13,0.014282083132953765,0,0.0005,-0.0005,0.014282083132953765,0.9508851478456456,0.664955836715206
2015-11-16,0.0006280561868105382,0,0.0,0.0,0.0006280561868105382,0.9508851478456456,0.6653735975173066
2015-11-17,0.019012655150437537,0,0.0,0.0,0.019012655150437537,0.9508851478456456,0.678145142038672
2015-11-18,0.0007037917067137724,0,0.0,0.0,0.0007037917067137724,0.9508851478456456,0.6786225829553587
2015-11-19,0.006748787611564119,1,0.0005,0.006248787611564119,0.006748787611564119,0.956845630678091,0.6832179517784669
2015-11-20,-0.002886762272390943,1,0.0,-0.002886762272390943,-0.002886762272390943,0.9540874278642915,0.6812485079971348
2015-11-23,-0.0008764242454076153,1,0.0,-0.0008764242454076153,-0.0008764242454076153,0.9532516088298066,0.6806517068512765
2015-11-24,0.0008764242454076204,1,0.0,0.0008764242454076204,0.0008764242454076204,0.9540874278642915,0.6812485079971348
2015-11-25,0.001400683061882571,1,0.0,0.001400683061882571,0.001400683061882571,0.9554247383194671,0.682203389830508
2015-11-27,-0.0025401844342512834,1,0.0,-0.0025401844342512834,-0.0025401844342512834,0.9530008631194613,0.6804726665075191
2015-11-30,0.009948594140539217,1,0.0,0.009948594140539217,0.009948594140539217,0.9625292001125869,0.6872761995703026
2015-12-01,-0.006184419345399409,0,0.0005,-0.0005,-0.006184419345399409,0.9620480558086304,0.6830389114347093
2015-12-02,-0.01709593981559521,1,0.0005,-0.01759593981559521,-0.01709593981559521,0.9452679796714558,0.6714609692050603
2015-12-03,0.02310667266468293,1,0.0,0.02310667266468293,0.02310667266468293,0.9673642803250503,0.6871568393411308
2015-12-04,-0.004526470124072066,1,0.0,-0.004526470124072066,-0.004526470124072066,0.9629954300057085,0.6840534733826682
2015-12-07,8.72410033267414e-05,1,0.0,8.72410033267414e-05,8.72410033267414e-05,0.9630794463580034,0.684113153497254
2015-12-08,-0.01529565685346261,1,0.0,-0.01529565685346261,-0.01529565685346261,0.9484606010586671,0.6737288135593213
2015-12-09,0.004507498020196069,1,0.0,0.004507498020196069,0.004507498020196069,0.952745435025714,0.6767724994031982
2015-12-10,-0.0232848737610702,1,0.0,-0.0232848737610702,-0.0232848737610702,0.9308171670767094,0.6611959894962991
2015-12-11,0.00755331349405914,0,0.0005,-0.0005,0.00755331349405914,0.9303518748259273,0.6662091191215078
2015-12-14,0.0060730739483038955,0,0.0,0.0,0.0060730739483038955,0.9303518748259273,0.6702673669133437
2015-12-15,0.014760089431908891,0,0.0,0.0,0.014760089431908891,0.9303518748259273,0.6802339460491756
2015-12-16,-0.014671054129352658,0,0.0,-0.0,-0.014671054129352658,0.9303518748259273,0.6703270470279294
2015-12-17,-0.02241822447724638,1,0.0005,-0.02291822447724638,-0.02241822447724638,0.9092723371560305,0.6554666984960603
2015-12-18,0.011046834540181886,0,0.0005,-0.0005,0.011046834540181886,0.9088178146275538,0.6627476724755303
2015-12-21,0.006552103501115712,0,0.0,0.0,0.006552103501115712,0.9088178146275538,0.6671043208402953
2015-12-22,0.0073978678673820636,1,0.0005,0.006897867867382064,0.0073978678673820636,0.9151083906671241,0.6720577703509183
2015-12-23,-0.0001776198938950095,1,0.0,-0.0001776198938950095,-0.0001776198938950095,0.9149458636463148,0.6719384101217466
2015-12-24,-0.0005330490531334694,1,0.0,-0.0005330490531334694,-0.0005330490531334694,0.9144582825838867,0.6715803294342317
2015-12-28,0.01560671803885934,1,0.0,0.01560671803885934,0.01560671803885934,0.9288419239255155,0.6821437097159219
2015-12-29,-0.009052221588142773,0,0.0005,-0.0005,-0.009052221588142773,0.9283776190494447,0.6759966579135824
2015-12-30,-0.012526259819180256,1,0.0005,-0.013026259819180257,-0.012526259819180256,0.9163627552354046,0.6675817617569818
2015-12-31,-0.021323540136886362,1,0.0,-0.021323540136886362,-0.021323540136886362,0.8970295163443305,0.6534972547147283
2016-01-04,-0.0017366669508114304,1,0.0,-0.0017366669508114304,-0.0017366669508114304,0.8954730267725914,0.6523633325375977
2016-01-05,-0.009652140936912246,1,0.0,-0.009652140936912246,-0.009652140936912246,0.886871373876139,0.6460969205060867
2016-01-06,-0.0318142535225181,0,0.0005,-0.0005,-0.0318142535225181,0.8864280490296484,0.6258653616614936
2016-01-07,-0.008234439481272017,0,0.0,-0.0,-0.008234439481272017,0.8864280490296484,0.6207328718071132
2016-01-08,0.003071904114836071,0,0.0,0.0,0.003071904114836071,0.8864280490296484,0.6226426354738593
2016-01-11,0.011531075497643956,0,0.0,0.0,0.011531075497643956,0.8864280490296484,0.6298639293387436
2016-01-12,-0.035098087748842675,0,0.0,-0.0,-0.035098087748842675,0.8864280490296484,0.6081403676295052
2016-01-13,0.02107180942108869,0,0.0,0.0,0.02107180942108869,0.8864280490296484,0.621090952494628
2016-01-14,-0.03152864733004888,0,0.0,-0.0,-0.03152864733004888,0.8864280490296484,0.6018142754834082
2016-01-15,0.002179297544043425,0,0.0,0.0,0.002179297544043425,0.8864280490296484,0.6031272380042962
2016-01-19,-0.0030721990369701403,0,0.0,-0.0,-0.0030721990369701403,0.8864280490296484,0.6012771544521358
2016-01-20,0.0009920635734284695,0,0.0,0.0,0.0009920635734284695,0.8864280490296484,0.6018739555979941
2016-01-21,0.02854264721696627,0,0.0,0.0,0.02854264721696627,0.8864280490296484,0.6193005490570536
2016-01-22,-0.01495173484826423,0,0.0,-0.0,-0.01495173484826423,0.8864280490296484,0.6101098114108373
2016-01-25,0.008959062748338043,0,0.0,0.0,0.008959062748338043,0.8864280490296484,0.6156003819527327
2016-01-26,-0.025230808773442144,0,0.0,-0.0,-0.025230808773442144,0.8864280490296484,0.6002625925041769
2016-01-27,0.014019382540452457,0,0.0,0.0,0.014019382540452457,0.8864280490296484,0.6087371687753633
2016-01-28,0.02066730525753339,0,0.0,0.0,0.02066730525753339,0.8864280490296484,0.621449033182143
2016-01-29,0.0026853377602144416,0,0.0,0.0,0.0026853377602144416,0.8864280490296484,0.623120076390546
2016-02-01,-0.02188313503838779,0,0.0,-0.0,-0.02188313503838779,0.8864280490296484,0.6096323704941508
2016-02-02,-0.004808409244874705,0,0.0,-0.0,-0.004808409244874705,0.8864280490296484,0.6067080448794455
2016-02-03,-9.837194440067792e-05,0,0.0,-0.0,-9.837194440067792e-05,0.8864280490296484,0.6066483647648598
2016-02-04,-0.035344320684067045,0,0.0,-0.0,-0.035344320684067045,0.8864280490296484,0.5855812843160654
2016-02-05,-0.015405460264027917,0,0.0,-0.0,-0.015405460264027917,0.8864280490296484,0.5766292671281924
2016-02-08,-0.003109777565749864,0,0.0,-0.0,-0.003109777565749864,0.8864280490296484,0.5748388636906178
2016-02-09,0.0038340029349452805,0,0.0,0.0,0.0038340029349452805,0.8864280490296484,0.5770470279302932
2016-02-10,-0.0014489756209327533,0,0.0,-0.0,-0.0014489756209327533,0.8864280490296484,0.5762115063260916
2016-02-11,0.015110530606877892,0,0.0,0.0,0.015110530606877892,0.8864280490296484,0.5849844831702071
2016-02-12,0.022296005555373435,0,0.0,0.0,0.022296005555373435,0.8864280490296484,0.5981737884936734
2016-02-16,0.02239525354168793,0,0.0,0.0,0.02239525354168793,0.8864280490296484,0.6117211745046545
2016-02-17,-0.0114802811182367,0,0.0,-0.0,-0.0114802811182367,0.8864280490296484,0.6047386010981135
2016-02-18,0.002956249689448816,0,0.0,0.0,0.002956249689448816,0.8864280490296484,0.606529004535688
2016-02-19,0.01610497938871207,0,0.0,0.0,0.01610497938871207,0.8864280490296484,0.6163762234423484
2016-02-22,-0.016597081165288168,0,0.0,-0.0,-0.016597081165288168,0.8864280490296484,0.606230603962759
2016-02-23,0.009503819145290764,0,0.0,0.0,0.009503819145290764,0.8864280490296484,0.6120195750775835
2016-02-24,0.009800670364947221,0,0.0,0.0,0.009800670364947221,0.8864280490296484,0.6180472666507514
2016-02-25,-0.0012560994936245747,0,0.0,-0.0,-0.0012560994936245747,0.8864280490296484,0.6172714251611358
2016-02-26,-0.009032256811249454,0,0.0,-0.0,-0.009032256811249454,0.8864280490296484,0.6117211745046544
2016-02-29,0.031593198420220354,1,0.0005,0.031093198420220354,0.031593198420220354,0.9144229016111473,0.6313559322033891
2016-03-01,0.0003780361069498565,1,0.0,0.0003780361069498565,0.0003780361069498565,0.9147686518338946,0.6315946526617324
2016-03-02,-0.0018916112705622918,0,0.0005,-0.0005,-0.0018916112705622918,0.9143113818350038,0.630401050370016
2016-03-03,0.00037860861786857987,0,0.0,0.0,0.00037860861786857987,0.9143113818350038,0.6306397708283593
2016-03-04,-0.006170222243226191,0,0.0,-0.0,-0.006170222243226191,0.9143113818350038,0.626760563380281
2016-03-07,-0.008318640502732157,1,0.0005,-0.008818640502732157,-0.008318640502732157,0.9062838464493838,0.6215683934113146
2016-03-08,0.006412425667039125,1,0.0,0.006412425667039125,0.006412425667039125,0.91211399697383,0.6255669610885646
2016-03-09,-0.0015275924299584518,1,0.0,-0.0015275924299584518,-0.0015275924299584518,0.9107217222217234,0.6246120792551915
2016-03-10,0.01733408308323054,1,0.0,0.01733408308323054,0.01733408308323054,0.9266458646989425,0.6355335402243965
2016-03-11,0.0016888726100991425,0,0.0005,-0.0005,0.0016888726100991425,0.9261826575780233,0.6366077822869413
2016-03-14,-0.00037505860730340304,1,0.0005,-0.000875058607303403,-0.00037505860730340304,0.9253725479699608,0.636369061828598
2016-03-15,0.008869858815008368,1,0.0,0.008869858815008368,0.008869858815008368,0.9336169812492581,0.6420386727142509
2016-03-16,-0.0005578800702570945,1,0.0,-0.0005578800702570945,-0.0005578800702570945,0.9330962802000393,0.6416805920267359
2016-03-17,-0.00139606332879519,1,0.0,-0.00139606332879519,-0.00139606332879519,0.9317945275769925,0.6407853903079487
2016-03-18,0.0039040763474929964,1,0.0,0.0039040763474929964,0.0039040763474929964,0.935439434921524,0.6432919551205531
2016-03-21,0.003056831614709714,1,0.0,0.003056831614709714,0.003056831614709714,0.9383032906922272,0.6452613989018852
2016-03-22,-0.008265661176192596,1,0.0,-0.008265661176192596,-0.008265661176192596,0.9305795584621487,0.6399498687037471
2016-03-23,0.0002797333227247582,1,0.0,0.0002797333227247582,0.0002797333227247582,0.930839908986758,0.6401289090475045
2016-03-24,-0.0013994497782408924,1,0.0,-0.0013994497782408924,-0.0013994497782408924,0.929538156363711,0.6392337073287172
2016-03-28,0.01593068793143206,1,0.0,0.01593068793143206,0.01593068793143206,0.9444649197746492,0.6494986870374783
2016-03-29,0.004858160707723928,0,0.0005,-0.0005,0.004858160707723928,0.943992805353203,0.6526617331105268
2016-03-30,-0.0014641291048894242,0,0.0,-0.0,-0.0014641291048894242,0.943992805353203,0.6517068512771537
2016-03-31,0.010566686038280631,0,0.0,0.0,0.010566686038280631,0.943992805353203,0.6586297445691088
2016-04-01,-0.0038129869165710777,0,0.0,-0.0,-0.0038129869165710777,0.943992805353203,0.6561231797565044
2016-04-04,-0.00968840408930368,1,0.0005,-0.01018840408930368,-0.00968840408930368,0.9344238541398432,0.6497970876104074
2016-04-05,0.01630644193348338,1,0.0,0.01630644193348338,0.01630644193348338,0.9497858921533473,0.6604798281212693
2016-04-06,-0.01447124229930626,0,0.0005,-0.0005,-0.01447124229930626,0.9493111179107224,0.6509906899021238
2016-04-07,-0.0007336757482440227,1,0.0005,-0.0012336757482440228,-0.0007336757482440227,0.9481406979148436,0.6505132489854373
2016-04-08,-0.003676474729308637,0,0.0005,-0.0005,-0.003676474729308637,0.9476667460637229,0.6481260444020045
2016-04-11,0.008344461787832849,1,0.0005,0.007844461787832848,0.008344461787832849,0.9551299156442815,0.6535569348293142
2016-04-12,0.012703192328982456,1,0.0,0.012703192328982456,0.012703192328982456,0.967340507205801,0.661912150871329
2016-04-13,9.015913092720354e-05,0,0.0005,-0.0005,9.015913092720354e-05,0.966856957849611,0.6619718309859149
2016-04-14,-0.0025275333910745163,1,0.0005,-0.0030275333910745163,-0.0025275333910745163,0.9639341927423019,0.660300787777512
2016-04-15,0.0053184422474352,1,0.0,0.0053184422474352,0.0053184422474352,0.969074478115747,0.6638219145380754
2016-04-18,-0.006132222300482658,1,0.0,-0.006132222300482658,-0.006132222300482658,0.9631500814141493,0.6597636667462395
2016-04-19,0.0008137800530474868,0,0.0005,-0.0005,0.0008137800530474868,0.9626686267471393,0.660300787777512
2016-04-20,9.03791405559673e-05,1,0.0005,-0.00040962085944403273,9.03791405559673e-05,0.9622743783485878,0.6603604678920979
2016-04-21,-0.015207687342106405,1,0.0,-0.015207687342106405,-0.015207687342106405,0.9477511229320298,0.6503938887562659
2016-04-22,0.0,1,0.0,0.0,0.0,0.9477511229320298,0.6503938887562659
2016-04-25,-0.004875141882068956,1,0.0,-0.004875141882068956,-0.004875141882068956,0.9431419460633017,0.6472308426832174
2016-04-26,-0.008054480427786958,1,0.0,-0.008054480427786958,-0.008054480427786958,0.9355759387504841,0.6420386727142511
2016-04-27,-0.012157635953483759,0,0.0005,-0.0005,-0.012157635953483759,0.9351082677086123,0.6342802578180945
2016-04-28,-0.005283031155524336,0,0.0,-0.0,-0.005283031155524336,0.9351082677086123,0.6309381714012885
2016-04-29,0.009414492431225146,0,0.0,0.0,0.009414492431225146,0.9351082677086123,0.6369061828598706
2016-05-02,-0.009319907422878346,0,0.0,-0.0,-0.009319907422878346,0.9351082677086123,0.6309978515158744
2016-05-03,-0.006452247453425762,0,0.0,-0.0,-0.006452247453425762,0.9351082677086123,0.6269396037240387
2016-05-04,-0.00028561908129616417,0,0.0,-0.0,-0.00028561908129616417,0.9351082677086123,0.6267605633802812
2016-05-05,0.005318151185756993,0,0.0,0.0,0.005318151185756993,0.9351082677086123,0.6301026497970872
2016-05-06,0.002837417963430264,0,0.0,0.0,0.002837417963430264,0.9351082677086123,0.6318930532346617
2016-05-09,0.01360182313453258,0,0.0,0.0,0.01360182313453258,0.9351082677086123,0.6405466698496056
2016-05-10,-0.009078634118613997,0,0.0,-0.0,-0.009078634118613997,0.9351082677086123,0.6347576987347812
2016-05-11,-0.004428746932455982,1,0.0005,-0.004928746932455982,-0.004428746932455982,0.9305106951456874,0.6319527333492476
2016-05-12,-0.003689866526241916,1,0.0,-0.003689866526241916,-0.003689866526241916,0.9270835616004346,0.6296252088804006
2016-05-13,0.01243422199550293,1,0.0,0.01243422199550293,0.01243422199550293,0.9386830905228285,0.6375029840057287
2016-05-16,-0.01262381342653819,1,0.0,-0.01262381342653819,-0.01262381342653819,0.9269078111622164,0.6295058486512289
2016-05-17,0.0035961049447554494,1,0.0,0.0035961049447554494,0.0035961049447554494,0.9302470694883601,0.63177369300549
2016-05-18,-0.00520908503733562,1,0.0,-0.00520908503733562,-0.00520908503733562,0.9254139324373627,0.6284912867032699
2016-05-19,0.010954873934009046,1,0.0,0.010954873934009046,0.010954873934009046,0.935607457854012,0.6354141799952251
2016-05-20,-0.0013157896635199685,0,0.0005,-0.0005,-0.0013157896635199685,0.9351397710565279,0.6345786583910237
2016-05-23,0.019833975749919824,1,0.0005,0.019333975749919824,0.019833975749919824,0.9533956514158873,0.6472905227978033
2016-05-24,0.00716585519258971,0,0.0005,-0.0005,0.00716585519258971,0.9529190727447759,0.6519455717354973
2016-05-25,0.00292504778937315,1,0.0005,0.00242504778937315,0.00292504778937315,0.955232751292243,0.6538553354022435
2016-05-26,0.00518914178197509,1,0.0,0.00518914178197509,0.00518914178197509,0.9602024726160525,0.6572571019336352
2016-05-27,0.0019050216674321144,1,0.0,0.0019050216674321144,0.0019050216674321144,0.962033422577456,0.6585103843399375
2016-05-31,9.062485846056668e-05,1,0.0,9.062485846056668e-05,9.062485846056668e-05,0.9621206106708561,0.6585700644545232
2016-06-01,0.0020821082070414804,1,0.0,0.0020821082070414804,0.0020821082070414804,0.9641259368190599,0.659942707089997
2016-06-02,-0.0047135692781741225,1,0.0,-0.0047135692781741225,-0.0047135692781741225,0.9595921559622512,0.6568393411315344
2016-06-03,0.0036277928414286363,1,0.0,0.0036277928414286363,0.0036277928414286363,0.9630796796982578,0.6592265457149671
2016-06-06,-0.0025380724284708887,1,0.0,-0.0025380724284708887,-0.0025380724284708887,0.9606384130830533,0.6575555025065642
2016-06-07,0.0017229657402222153,1,0.0,0.0017229657402222153,0.0017229657402222153,0.9622949868576565,0.6586894246836948
2016-06-08,-0.0016322092851071472,1,0.0,-0.0016322092851071472,-0.0016322092851071472,0.9607256011764533,0.65761518262115
2016-06-09,-0.011408876544157268,1,0.0,-0.011408876544157268,-0.011408876544157268,0.9498270895014322,0.6501551682979225
2016-06-10,-0.008388305626634856,1,0.0,-0.008388305626634856,-0.008388305626634856,0.941892973002017,0.6447242778706128
2016-06-13,0.0,1,0.0,0.0,0.0,0.941892973002017,0.6447242778706128
2016-06-14,-0.0028736983854954633,1,0.0,-0.0028736983854954633,-0.0028736983854954633,0.9391901421066117,0.6428741943184524
2016-06-15,0.0029662609810166564,1,0.0,0.0029662609810166564,0.0029662609810166564,0.941980161095417,0.6447839579851986
2016-06-16,-0.014450444897122492,1,0.0,-0.014450444897122492,-0.014450444897122492,0.928466006618391,0.6355335402243966
2016-06-17,0.006271960649115634,1,0.0,0.006271960649115634,0.006271960649115634,0.9343076088762022,0.6395321079016465
2016-06-20,0.0031678028913096176,1,0.0,0.0031678028913096176,0.0031678028913096176,0.9372720040518081,0.6415612317975644
2016-06-21,-0.002421534199958989,1,0.0,-0.002421534199958989,-0.002421534199958989,0.9350051136234037,0.640009548818333
2016-06-22,0.01416624773800029,1,0.0,0.01416624773800029,0.01416624773800029,0.9483448919136294,0.6491406063499635
2016-06-23,-0.04206008097263733,0,0.0005,-0.0005,-0.04206008097263733,0.9478708379910293,0.6224039150155162
2016-06-24,-0.020048126792988098,0,0.0,-0.0,-0.020048126792988098,0.9478708379910293,0.6100501312962514
2016-06-27,0.02167686966801917,0,0.0,0.0,0.02167686966801917,0.9478708379910293,0.6234184769634751
2016-06-28,0.017555131292361213,0,0.0,0.0,0.017555131292361213,0.9478708379910293,0.6344592981618518
2016-06-29,0.011503517081018254,0,0.0,0.0,0.011503517081018254,0.9478708379910293,0.6417999522559077
2016-06-30,0.00500882227041138,0,0.0,0.0,0.00500882227041138,0.9478708379910293,0.645022678443542
2016-07-01,-0.006125309174630054,0,0.0,-0.0,-0.006125309174630054,0.9478708379910293,0.6410837908808779
2016-07-05,0.008158769529631604,0,0.0,0.0,0.008158769529631604,0.9478708379910293,0.6463356409644301
2016-07-06,0.0029503985997544387,0,0.0,0.0,0.0029503985997544387,0.9478708379910293,0.6482454046311764
2016-07-07,0.015348373652757395,1,0.0005,0.014848373652757395,0.015348373652757395,0.9620501879974832,0.658271663881594
2016-07-08,0.005695445491111471,0,0.0005,-0.0005,0.005695445491111471,0.9615692831397178,0.6620315111005006
2016-07-11,0.005035529028911799,1,0.0005,0.004535529028911798,0.005035529028911799,0.9659404137383509,0.6653735975173065
2016-07-12,-0.002424679020062117,1,0.0,-0.002424679020062117,-0.002424679020062117,0.9636011554038872,0.6637622344234895
2016-07-13,0.006810062161329355,1,0.0,0.006810062161329355,0.006810062161329355,0.9701857344194147,0.6682979231320118
2016-07-14,-0.0016087231997485147,1,0.0,-0.0016087231997485147,-0.0016087231997485147,0.9686262288631056,0.667223681069467
2016-07-15,0.0065971532841342575,1,0.0,0.0065971532841342575,0.0065971532841342575,0.9750375294834875,0.6716400095488178
2016-07-18,-0.003649801532343636,1,0.0,-0.003649801532343636,-0.003649801532343636,0.9714853223830057,0.6691931248507991
2016-07-19,0.011615150311028034,1,0.0,0.011615150311028034,0.011615150311028034,0.9828350572650331,0.6770112198615414
2016-07-20,-0.0022945910694395634,0,0.0005,-0.0005,-0.0022945910694395634,0.9823437625703095,0.6754595368823102
2016-07-21,0.004144078584174441,1,0.0005,0.0036440785841744413,0.004144078584174441,0.985930030790803,0.6782645022678437
2016-07-22,8.798557042304028e-05,1,0.0,8.798557042304028e-05,8.798557042304028e-05,0.9860167822233405,0.6783241823824294
2016-07-25,0.0011431084999420063,1,0.0,0.0011431084999420063,0.0011431084999420063,0.9871445508463307,0.6791000238720452
2016-07-26,0.006918624611514343,1,0.0,0.006918624611514343,0.006918624611514343,0.9939979140168077,0.6838147529243248
2016-07-27,0.0034849312147131363,1,0.0,0.0034849312147131363,0.0034849312147131363,0.9974679713183152,0.6862019575077577
2016-07-28,0.0021719308307782265,1,0.0,0.0021719308307782265,0.0021719308307782265,0.9996367571317573,0.6876939603724032
2016-07-29,0.005279797611483013,1,0.0,0.005279797611483013,0.005279797611483013,1.004928594516556,0.6913344473621381
2016-08-01,-0.007625686866636855,1,0.0,-0.007625686866636855,-0.007625686866636855,0.9972944684532395,0.6860825972785859
2016-08-02,0.0033000464164971255,1,0.0,0.0033000464164971255,0.0033000464164971255,1.0005910228896717,0.6883504416328471
2016-08-03,0.002857021120043673,1,0.0,0.002857021120043673,0.002857021120043673,1.0034538201634153,0.6903198854141792
2016-08-04,0.009550513548081284,1,0.0,0.009550513548081284,0.009550513548081284,1.0130832291750984,0.6969443781332051
2016-08-05,-0.0011138243879524874,0,0.0005,-0.0005,-0.0011138243879524874,1.0125768141748113,0.6961685366435895
2016-08-08,0.0023119417756062633,1,0.0005,0.0018119417756062633,0.0023119417756062633,1.0144132076219996,0.6977798997374067
2016-08-09,-0.0025691544490351907,1,0.0,-0.0025691544490351907,-0.0025691544490351907,1.011810368396148,0.6959894962998321
2016-08-10,0.004278264418991558,1,0.0,0.004278264418991558,0.004278264418991558,1.0161484337725677,0.6989735020291231
2016-08-11,0.0006828269299107297,1,0.0,0.0006828269299107297,0.0006828269299107297,1.0168425242327948,0.6994509429458097
2016-08-12,0.00425713712331869,1,0.0,0.00425713712331869,0.00425713712331869,1.0211805896092145,0.7024349486751006
2016-08-15,-0.005537820329311348,1,0.0,-0.005537820329311348,-0.005537820329311348,1.0155411046198686,0.6985557412270222
2016-08-16,0.0017924975991494311,1,0.0,0.0017924975991494311,0.0017924975991494311,1.017363092077965,0.6998090236333246
2016-08-17,0.0002558089973447228,1,0.0,0.0002558089973447228,0.0002558089973447228,1.0176233760005504,0.6999880639770821
2016-08-18,-0.0002558089973447116,1,0.0,-0.0002558089973447116,-0.0002558089973447116,1.017363092077965,0.6998090236333246
2016-08-19,0.0007672307609634458,1,0.0,0.0007672307609634458,0.0007672307609634458,1.0181439438457207,0.700346144664597
2016-08-22,0.001787919253684073,1,0.0,0.001787919253684073,0.001787919253684073,1.019965931303817,0.7015994270708992
2016-08-23,-0.006485771156589972,1,0.0,-0.006485771156589972,-0.006485771156589972,1.0133720719316588,0.6970637383623768
2016-08-24,-0.0016280368618851724,0,0.0005,-0.0005,-0.0016280368618851724,1.0128655125460928,0.6959298161852463
2016-08-25,0.0014567893231500226,1,0.0005,0.0009567893231500226,0.0014567893231500226,1.013835075213923,0.6969443781332052
2016-08-26,0.0013691598921327876,1,0.0,0.0013691598921327876,0.0013691598921327876,1.0152241282369938,0.6978992599665782
2016-08-29,-0.0032548208605749896,1,0.0,-0.0032548208605749896,-0.0032548208605749896,1.0119251273072003,0.6956314156123171
2016-08-30,-0.0010300430095269704,1,0.0,-0.0010300430095269704,-0.0010300430095269704,1.010883337539897,0.6949152542372872
2016-08-31,0.002573120898222394,1,0.0,0.002573120898222394,0.002573120898222394,1.013487811958155,0.6967056576748617
2016-09-01,0.0032498104373566384,1,0.0,0.0032498104373566384,0.0032498104373566384,1.0167868128879487,0.698973502029123
2016-09-02,0.006213579169138495,1,0.0,0.006213579169138495,0.006213579169138495,1.0231243673057098,0.7033301503938877
2016-09-06,0.000593799058886313,1,0.0,0.000593799058886313,0.000593799058886313,1.0237320780033032,0.7037479111959885
2016-09-07,-0.005868611357289519,1,0.0,-0.005868611357289519,-0.005868611357289519,1.0177417868413097,0.6996299832895669
2016-09-08,-0.025486239721164636,1,0.0,-0.025486239721164636,-0.025486239721164636,0.9921311217284388,0.68202434948675
2016-09-09,0.017779402466102604,0,0.0005,-0.0005,0.017779402466102604,0.9916351801632979,0.694258772976843
2016-09-12,-0.00898028658381269,0,0.0,-0.0,-0.00898028658381269,0.9916351801632979,0.6880520410599178
2016-09-13,0.004759235392543956,1,0.0005,0.004259235392543956,0.004759235392543956,0.9958677952724949,0.6913344473621379
2016-09-14,0.015419185048387997,1,0.0,0.015419185048387997,0.015419185048387997,1.011342260323345,0.7020768679875854
2016-09-15,-0.0029796131523805525,0,0.0005,-0.0005,-0.0029796131523805525,1.010836715589899,0.6999880639770818
2016-09-16,-0.004357677678022153,1,0.0005,-0.0048576776780221535,-0.004357677678022153,1.0059383037257659,0.696944378133205
2016-09-19,0.0018821119423646443,1,0.0,0.0018821119423646443,0.0018821119423646443,1.0078333750292399,0.6982573406540931
2016-09-20,0.009781068835160691,1,0.0,0.009781068835160691,0.009781068835160691,1.0177394295701254,0.7051205538314623
2016-09-21,0.007924506146987557,0,0.0005,-0.0005,0.007924506146987557,1.0172306870515688,0.7107304846025293
2016-09-22,-0.006402178383437042,1,0.0005,-0.006902178383437043,-0.006402178383437042,1.010233754209579,0.7061947958940069
2016-09-23,-0.008401627898753629,1,0.0,-0.008401627898753629,-0.008401627898753629,1.0017817013348431,0.7002864645500108
2016-09-26,0.009837257077472057,1,0.0,0.009837257077472057,0.009837257077472057,1.0116851168244325,0.7072093578419659
2016-09-27,0.001686341040436412,0,0.0005,-0.0005,0.001686341040436412,1.0111794007055857,0.7084029601336822
2016-09-28,-0.007271529461247525,1,0.0005,-0.0077715294612475255,-0.007271529461247525,1.0033514471865803,0.7032704702793018
2016-09-29,0.007440007264695348,1,0.0,0.007440007264695348,0.007440007264695348,1.0108442278512457,0.7085223203628538
2016-09-30,-0.0014329669076558601,1,0.0,-0.0014329669076558601,-0.0014329669076558601,1.009396758859208,0.7075077584148948
2016-10-03,-0.0015195005456121807,1,0.0,-0.0015195005456121807,-0.0015195005456121807,1.0078641446323449,0.7064335163523501
2016-10-04,0.0035419163356459906,1,0.0,0.0035419163356459906,0.0035419163356459906,1.0114402444950261,0.7089400811649545
2016-10-05,-0.0005052206237473819,1,0.0,-0.0005052206237473819,-0.0005052206237473819,1.0109293730860716,0.7085820004774396
2016-10-06,-0.002192243711033174,1,0.0,-0.002192243711033174,-0.002192243711033174,1.008715596980602,0.7070303174982083
2016-10-07,0.006310761825112786,1,0.0,0.006310761825112786,0.006310761825112786,1.015101489592533,0.7115063260921448
2016-10-10,-0.014361993926158598,1,0.0,-0.014361993926158598,-0.014361993926158598,1.0006267996721565,0.7013607066125555
2016-10-11,-0.0008512812295819727,1,0.0,-0.0008512812295819727,-0.0008512812295819727,0.9997753473238989,0.7007639054666973
2016-10-12,-0.003583315838283796,1,0.0,-0.003583315838283796,-0.003583315838283796,0.9961992474612177,0.6982573406540928
2016-10-13,0.0011958658638801835,1,0.0,0.0011958658638801835,0.0011958658638801835,0.9973912807487781,0.6990928622582944
2016-10-14,-0.0027355120494729126,1,0.0,-0.0027355120494729126,-0.0027355120494729126,0.9946666332343543,0.6971830985915481
2016-10-17,0.00886319079760398,1,0.0,0.00886319079760398,0.00886319079760398,1.0035217376562318,0.7033898305084734
2016-10-18,-8.485002762725114e-05,1,0.0,-8.485002762725114e-05,-8.485002762725114e-05,1.003436592421406,0.7033301503938875
2016-10-19,-0.0011886569577508849,1,0.0,-0.0011886569577508849,-0.0011886569577508849,1.0022445591338456,0.702494628789686
2016-10-20,0.0037310312085276948,1,0.0,0.0037310312085276948,0.0037310312085276948,1.0059909494661785,0.7051205538314622
2016-10-21,0.011946970298571587,1,0.0,0.011946970298571587,0.011946970298571587,1.018081572811434,0.7135951301026485
2016-10-24,-0.0031831154368713453,0,0.0005,-0.0005,-0.0031831154368713453,1.0175726592640175,0.7113272857483873
2016-10-25,-0.006819069232038279,1,0.0005,-0.0073190692320382784,-0.006819069232038279,1.0101521632099564,0.706493196466936
2016-10-26,-0.0045720171082040545,1,0.0,-0.0045720171082040545,-0.0045720171082040545,1.0055442719434133,0.7032704702793018
2016-10-27,-0.006299501550703226,1,0.0,-0.006299501550703226,-0.006299501550703226,0.9992297542818542,0.698854141799951
2016-10-28,-0.0009398095441614749,0,0.0005,-0.0005,-0.0009398095441614749,0.9987302642876179,0.698197660539507
2016-10-31,-0.007550443420595379,1,0.0005,-0.008050443420595379,-0.007550443420595379,0.9907223198038113,0.6929458104559549
2016-11-01,-0.00804189556038837,1,0.0,-0.00804189556038837,-0.00804189556038837,0.9827869847127982,0.6873955597994738
2016-11-02,-0.009859173348129389,1,0.0,-0.009859173348129389,-0.009859173348129389,0.9731451259462982,0.680651706851276
2016-11-03,-0.003513398431844765,0,0.0005,-0.0005,-0.003513398431844765,0.9726586750061944,0.6782645022678432
2016-11-04,0.023479339449748497,0,0.0,0.0,0.023479339449748497,0.9726586750061944,0.6943781332060146
2016-11-07,0.006510774305745248,1,0.0005,0.0060107743057452485,0.006510774305745248,0.9785227128267713,0.6989138219145369
2016-11-08,0.00460045111932559,1,0.0,0.00460045111932559,0.00460045111932559,0.9830347294344602,0.7021365481021712
2016-11-09,-0.016281422207028027,0,0.0005,-0.0005,-0.016281422207028027,0.9825433349286069,0.6907973263308654
2016-11-10,0.000431872172551305,0,0.0,0.0,0.000431872172551305,0.9825433349286069,0.6910957269037945
2016-11-11,-0.010155015011976564,1,0.0005,-0.010655015011976564,-0.010155015011976564,0.9721298971320936,0.6841131534972535
2016-11-14,0.01377539652004119,1,0.0,0.01377539652004119,0.01377539652004119,0.9856140333655407,0.6936022917163989
2016-11-15,0.005919461371768047,0,0.0005,-0.0005,0.005919461371768047,0.985121349530081,0.6977202196228204
2016-11-16,0.0072442469618386445,1,0.0005,0.006744246961838644,0.0072442469618386445,0.9917877057067125,0.7027930293626151
2016-11-17,-0.0037434108713159417,1,0.0,-0.0037434108713159417,-0.0037434108713159417,0.9880819771867484,0.700167104320839
2016-11-18,0.010345212250441833,1,0.0,0.010345212250441833,0.010345212250441833,0.9983569517193757,0.707448078300309
2016-11-21,0.0030323473370439703,0,0.0005,-0.0005,0.0030323473370439703,0.9978578980173385,0.7095965624253985
2016-11-22,-0.004045176593106106,1,0.0005,-0.004545176593106106,-0.004045176593106106,0.9933327492464394,0.7067319169252791
2016-11-23,0.0032037798249143694,1,0.0,0.0032037798249143694,0.0032037798249143694,0.9965202720020013,0.7089997612795402
2016-11-25,-0.002275313837135428,1,0.0,-0.002275313837135428,-0.002275313837135428,0.9942554532019968,0.7073883981857231
2016-11-28,0.0034530711870386283,1,0.0,0.0034530711870386283,0.0034530711870386283,0.9976946224908927,0.7098352828837418
2016-11-29,-0.01218083069423396,1,0.0,-0.01218083069423396,-0.01218083069423396,0.9856155888908684,0.7012413463833838
2016-11-30,-0.017427577620449237,1,0.0,-0.017427577620449237,-0.017427577620449237,0.9685875068019454,0.6891262831224623
2016-12-01,0.001989878235866462,1,0.0,0.001989878235866462,0.001989878235866462,0.9705167968908381,0.6904989257579361
2016-12-02,0.007748639716761098,1,0.0,0.007748639716761098,0.007748639716761098,0.9780661928908533,0.6958701360706598
2016-12-05,0.0023984935260520585,1,0.0,0.0023984935260520585,0.0023984935260520585,0.9804148938686358,0.6975411792790629
2016-12-06,0.012583060089564816,1,0.0,0.012583060089564816,0.012583060089564816,0.9928294561797718,0.7063738362377642
2016-12-07,0.0017726759379702727,0,0.0005,-0.0005,0.0017726759379702727,0.9923331655346825,0.7076271186440664
2016-12-08,0.007812867901586282,1,0.0005,0.007312867901586282,0.007812867901586282,0.9996165657017825,0.7131773693005478
2016-12-09,-0.004529069219665774,1,0.0,-0.004529069219665774,-0.004529069219665774,0.9950994699237158,0.7099546431129135
2016-12-12,0.012530445463675384,1,0.0,0.012530445463675384,0.012530445463675384,1.0076469581961232,0.7189066603007864
2016-12-13,-0.0020775342994121004,0,0.0005,-0.0005,-0.0020775342994121004,1.0071432606519048,0.717414657436141
2016-12-14,0.0015793195585579194,1,0.0005,0.0010793195585579193,0.0015793195585579194,1.0082308769085622,0.7185485796132716
2016-12-15,-0.006666691358189345,1,0.0,-0.006666691358189345,-0.006666691358189345,1.0015316684241198,0.713774170446406
2016-12-16,0.00408862015606067,1,0.0,0.00408862015606067,0.00408862015606067,1.0056349336208408,0.7166984960611112
2016-12-19,0.0038231429545880716,1,0.0,0.0038231429545880716,0.0038231429545880716,1.009486978499395,0.7194437813320589
2016-12-20,-0.0007468570116050831,1,0.0,-0.0007468570116050831,-0.0007468570116050831,1.0087333175448951,0.7189066603007864
2016-12-21,-0.002826504500445412,1,0.0,-0.002826504500445412,-0.002826504500445412,1.0058861539390074,0.7168775364048686
2016-12-22,0.0006657789859776547,1,0.0,0.0006657789859776547,0.0006657789859776547,1.0065560747874516,0.7173549773215552
2016-12-23,0.005144812609487939,1,0.0,0.005144812609487939,0.005144812609487939,1.0117479613628944,0.721055144425876
2016-12-27,-0.007810592262132678,1,0.0,-0.007810592262132678,-0.007810592262132678,1.0038763913936746,0.715445213654809
2016-12-28,-0.0014190911851840137,1,0.0,-0.0014190911851840137,-0.0014190911851840137,1.0024528095907306,0.7144306517068499
2016-12-29,-0.010327981303735101,1,0.0,-0.010327981303735101,-0.010327981303735101,0.9921527765459006,0.7070899976127942
2016-12-30,0.008906873436564761,1,0.0,0.008906873436564761,0.008906873436564761,1.0010292277877866,0.7134160897588911
2017-01-03,0.005422780568589251,1,0.0,0.005422780568589251,0.005422780568589251,1.006472334681396,0.7172952972069693
2017-01-04,0.005641763906668094,1,0.0,0.005641763906668094,0.005641763906668094,1.0121666618931717,0.7213535449988051
2017-01-05,0.008731521700807824,1,0.0,0.008731521700807824,0.008731521700807824,1.021043113135058,0.727679637144902
2017-01-06,0.0032752014866514814,1,0.0,0.0032752014866514814,0.0032752014866514814,1.0243927173772789,0.7300668417283347
2017-01-09,0.002204712443286063,1,0.0,0.002204712443286063,0.002204712443286063,1.026653700240778,0.7316782048221518
2017-01-10,0.002688064177138732,1,0.0,0.002688064177138732,0.002688064177138732,1.0294171237406107,0.733647648603484
2017-01-11,-0.0015467907182987934,1,0.0,-0.0015467907182987934,-0.0015467907182987934,1.0278260617255555,0.7325137264263534
2017-01-12,0.00341602609534878,1,0.0,0.00341602609534878,0.00341602609534878,1.0313431461798879,0.735020291238958
2017-01-13,-0.0030087438838781668,1,0.0,-0.0030087438838781668,-0.0030087438838781668,1.0282447622558335,0.7328121269992827
2017-01-17,0.002033926584912525,1,0.0,0.002033926584912525,0.002033926584912525,1.0303382649072217,0.7343041298639281
2017-01-18,-0.00048776523201023256,1,0.0,-0.00048776523201023256,-0.00048776523201023256,1.0298358242708885,0.7339460491764133
2017-01-19,0.002193072397475843,1,0.0,0.002193072397475843,0.002193072397475843,1.0320968071343877,0.7355574122702304
2017-01-20,0.0008110300525662442,1,0.0,0.0008110300525662442,0.0008110300525662442,1.032934208194943,0.7361542134160886
2017-01-23,0.006706282961381187,1,0.0,0.006706282961381187,0.006706282961381187,1.039884636997552,0.7411076629267117
2017-01-24,0.010015708099836674,1,0.0,0.010015708099836674,0.010015708099836674,1.0503521502544932,0.7485676772499393
2017-01-25,0.0010358979371693348,0,0.0005,-0.0005,0.0010358979371693348,1.0498271054515051,0.7493435187395548
2017-01-26,0.0019096122925873439,0,0.0,0.0,0.0019096122925873439,1.0498271054515051,0.7507758414896145
2017-01-27,-0.007820644760443226,1,0.0005,-0.008320644760443226,-0.007820644760443226,1.0411281078696615,0.7449271902602042
2017-01-30,-0.0020048926078956525,1,0.0,-0.0020048926078956525,-0.0020048926078956525,1.0390428488809784,0.7434351873955586
2017-01-31,0.006880027138582237,0,0.0005,-0.0005,0.006880027138582237,1.03852345731525,0.7485676772499393
2017-02-01,-0.0008773679525924384,0,0.0,-0.0,-0.0008773679525924384,1.03852345731525,0.7479111959894952
2017-02-02,0.0028685278633749462,1,0.0005,0.0023685278633749462,0.0028685278633749462,1.040986144380846,0.7500596801145849
2017-02-03,0.0011927956565106776,0,0.0005,-0.0005,0.0011927956565106776,1.040465781410239,0.7509548818333721
2017-02-06,0.003649060054202286,1,0.0005,0.003149060054202286,0.003649060054202286,1.0437474349904452,0.7537001671043199
2017-02-07,0.0016614585094961536,0,0.0005,-0.0005,0.0016614585094961536,1.0432256917196374,0.754953449510622
2017-02-08,0.003629768050578731,1,0.0005,0.003129768050578731,0.003629768050578731,1.046495860925277,0.7576987347815698
2017-02-09,0.0033026687250660718,1,0.0,0.0033026687250660718,0.0033026687250660718,1.0499578037544248,0.7602052995941743
2017-02-10,0.005636463959468933,1,0.0,0.005636463959468933,0.005636463959468933,1.055892562890107,0.7645022678443534
2017-02-13,0.0033511312193520723,1,0.0,0.0033511312193520723,0.0033511312193520723,1.0594369329294728,0.7670685127715438
2017-02-14,0.005895603144421325,1,0.0,0.005895603144421325,0.005895603144421325,1.0657014009060262,0.771604201480066
2017-02-15,-0.00030942987792332286,1,0.0,-0.00030942987792332286,-0.00030942987792332286,1.065371692065155,0.7713654810217228
2017-02-16,0.00432332951636459,1,0.0,0.00432332951636459,0.00432332951636459,1.0699876158373522,0.7747075674385288
2017-02-17,0.004918168677834232,1,0.0,0.004918168677834232,0.004918168677834232,1.0752629572912917,0.7785270947720211
2017-02-21,0.00038321518001075935,1,0.0,0.00038321518001075935,0.00038321518001075935,1.0756750933423809,0.7788254953449503
2017-02-22,-0.0037618561886708884,1,0.0,-0.0037618561886708884,-0.0037618561886708884,1.0716361600417081,0.775901169730245
2017-02-23,0.0019210825441782337,1,0.0,0.0019210825441782337,0.0019210825441782337,1.0736968402971534,0.7773931725948906
2017-02-24,0.0012275588468007436,1,0.0,0.0012275588468007436,0.0012275588468007436,1.0750156756606384,0.7783480544282637
2017-02-27,-0.003071727188733373,1,0.0,-0.003071727188733373,-0.003071727188733373,1.0717185872519264,0.775960849844831
2017-02-28,0.010862188952689913,1,0.0,0.010862188952689913,0.010862188952689913,1.0834232511028548,0.7844354261160175
2017-03-01,-0.0050339515958827755,0,0.0005,-0.0005,-0.0050339515958827755,1.0828816748826413,0.7804965385533533
2017-03-02,0.0018334611706005346,1,0.0005,0.0013334611706005345,0.0018334611706005346,1.0843266187225975,0.7819288613034131
2017-03-03,-0.0022158557299617296,1,0.0,-0.0022158557299617296,-0.0022158557299617296,1.081926567437072,0.7801981379804243
2017-03-06,-0.0016842753943324346,1,0.0,-0.0016842753943324346,-0.0016842753943324346,1.0801058388756386,0.7788851754595362
2017-03-07,0.0017607660051472543,1,0.0,0.0017607660051472543,0.0017607660051472543,1.082009327826228,0.78025781809501
2017-03-08,0.0007645844855995707,1,0.0,0.0007645844855995707,0.0007645844855995707,1.0828369317177884,0.7808546192408682
2017-03-09,0.004194796983547528,1,0.0,0.004194796983547528,0.004194796983547528,1.087388753121371,0.7841370255430882
2017-03-10,0.0016730041925017872,1,0.0,0.0016730041925017872,0.0016730041925017872,1.0892094816828046,0.7854499880639764
2017-03-13,-0.002434386900213448,1,0.0,-0.002434386900213448,-0.002434386900213448,1.0865611492298106,0.78354022439723
2017-03-14,0.006150594582260625,1,0.0,0.006150594582260625,0.006150594582260625,1.0932647407514509,0.7883743136786815
2017-03-15,-0.0006815342356114453,1,0.0,-0.0006815342356114453,-0.0006815342356114453,1.0925198972490464,0.787837192647409
2017-03-16,-0.0024270015705394046,1,0.0,-0.0024270015705394046,-0.0024270015705394046,1.0898715647960528,0.7859274289806629
2017-03-17,0.0009108160022455787,1,0.0,0.0009108160022455787,0.0009108160022455787,1.0908646894659255,0.7866435903556928
2017-03-20,-0.015289648819471185,1,0.0,-0.015289648819471185,-0.015289648819471185,1.074312611634715,0.7747075674385288
2017-03-21,0.006756263704041502,0,0.0005,-0.0005,0.006756263704041502,1.0737755895955954,0.779959417522081
2017-03-22,-0.0025282526395836247,1,0.0005,-0.0030282526395836247,-0.0025282526395836247,1.0705288442957333,0.777989973740749
2017-03-23,0.0020690455291109094,1,0.0,0.0020690455291109094,0.0020690455291109094,1.0727461102358977,0.779601336834566
2017-03-24,0.001606303171711403,1,0.0,0.001606303171711403,0.001606303171711403,1.0744706504115813,0.7808546192408683
2017-03-27,0.006095721404955909,1,0.0,0.006095721404955909,0.006095721404955909,1.081040327271328,0.7856290284077337
2017-03-28,0.004623146663269573,1,0.0,0.004623146663269573,0.004623146663269573,1.086049705876885,0.7892695153974688
2017-03-29,0.001662133957761417,1,0.0,0.001662133957761417,0.001662133957761417,1.0878563670133152,0.7905824779183568
2017-03-30,-0.0006796300053934816,1,0.0,-0.0006796300053934816,-0.0006796300053934816,1.0871172783665937,0.7900453568870844
2017-03-31,-0.0006045035698665836,1,0.0,-0.0006045035698665836,-0.0006045035698665836,1.0864603106806192,0.789567915970398
2017-04-03,0.001586043155634558,1,0.0,0.001586043155634558,0.001586043155634558,1.0881848508563026,0.7908211983767001
2017-04-04,-0.0040834902478067,1,0.0,-0.0040834902478067,-0.0040834902478067,1.0837503189759734,0.7875984721890658
2017-04-05,0.0005302829562540304,1,0.0,0.0005302829562540304,0.0005302829562540304,1.0843251657012012,0.7880162329911664
2017-04-06,-0.0005302829562541554,1,0.0,-0.0005302829562541554,-0.0005302829562541554,1.0837503189759732,0.7875984721890656
2017-04-07,0.0003788022318868366,1,0.0,0.0003788022318868366,0.0003788022318868366,1.0841609237797076,0.7878968727619949
2017-04-10,-0.0043268750847346524,1,0.0,-0.0043268750847346524,-0.0043268750847346524,1.079480029017138,0.7844951062306031
2017-04-11,-0.00404010154291048,1,0.0,-0.00404010154291048,-0.00404010154291048,1.0751276180975557,0.7813320601575546
2017-04-12,-0.003979800140427063,1,0.0,-0.003979800140427063,-0.003979800140427063,1.0708573281387204,0.7782286941990921
2017-04-13,0.008248099303465923,1,0.0,0.008248099303465923,0.008248099303465923,1.0797263918993785,0.7846741465743605
2017-04-17,-0.0015223020141830915,1,0.0,-0.0015223020141830915,-0.0015223020141830915,1.0780839726844418,0.7834805442826442
2017-04-18,0.001598356316992026,1,0.0,0.001598356316992026,0.001598356316992026,1.0798085128601254,0.7847338266889464
2017-04-19,0.008330857027799924,1,0.0,0.008330857027799924,0.008330857027799924,1.088841818542277,0.7912986392933866
2017-04-20,-0.00022628700831991497,1,0.0,-0.00022628700831991497,-0.00022628700831991497,1.0885954556600366,0.7911195989496291
2017-04-21,0.01199774439664589,1,0.0,0.01199774439664589,0.01199774439664589,1.10173480937953,0.8006684172833604
2017-04-24,0.007204160535041378,0,0.0005,-0.0005,0.007204160535041378,1.1011840796687415,0.8064573883981849
2017-04-25,-0.0014070428507153415,1,0.0005,-0.0019070428507153416,-0.0014070428507153415,1.0990860755699836,0.8053234662210544
2017-04-26,0.005984723614765464,1,0.0,0.005984723614765464,0.005984723614765464,1.1056835242228047,0.8101575555025058
2017-04-27,0.0017663948068227955,1,0.0,0.0017663948068227955,0.0017663948068227955,1.1076383238236407,0.8115898782525655
2017-04-28,0.008858361670917025,1,0.0,0.008858361670917025,0.008858361670917025,1.117493771811188,0.8188111721174495
2017-05-01,0.0016749812749758328,1,0.0,0.0016749812749758328,0.0016749812749758328,1.119367121428656,0.8201838147529236
2017-05-02,-0.0032067661034622295,1,0.0,-0.0032067661034622295,-0.0032067661034622295,1.115783322160457,0.8175578897111475
2017-05-03,0.0003649235525662536,1,0.0,0.0003649235525662536,0.0003649235525662536,1.1161905720772978,0.8178562902840766
2017-05-04,0.0036419298758256307,1,0.0,0.0036419298758256307,0.0036419298758256307,1.1202630712457058,0.8208402960133676
2017-05-05,0.002178808327984314,1,0.0,0.002178808327984314,0.002178808327984314,1.122706570746751,0.8226306994509424
2017-05-08,0.003476249155360909,1,0.0,0.003476249155360909,0.003476249155360909,1.1266161699484227,0.8254953449510618
2017-05-09,0.0005782018085341511,1,0.0,0.0005782018085341511,0.0005782018085341511,1.1272677698153681,0.8259727858677484
2017-05-10,-0.0007951137070023246,1,0.0,-0.0007951137070023246,-0.0007951137070023246,1.1263718199983181,0.8253163046073042
2017-05-11,0.002239157279235889,1,0.0,0.002239157279235889,0.002239157279235889,1.1288967694827312,0.8271663881594646
2017-05-12,0.0031695747612790395,1,0.0,0.0031695747612790395,0.0031695747612790395,1.1324805687509305,0.8297923132012407
2017-05-15,0.00416278502517362,1,0.0,0.00416278502517362,0.00416278502517362,1.137204667786284,0.8332537598472184
2017-05-16,-0.025754987339488333,1,0.0,-0.025754987339488333,-0.025754987339488333,1.1082899236905863,0.8120673191692522
2017-05-17,0.008707478277721491,0,0.0005,-0.0005,0.008707478277721491,1.107735917241895,0.8191692528049649
2017-05-18,0.0042166547391855975,1,0.0005,0.0037166547391855975,0.0042166547391855975,1.111860649543317,0.8226306994509424
2017-05-19,0.008380340911017444,1,0.0,0.008380340911017444,0.008380340911017444,1.1212175731755736,0.8295535927428974
2017-05-22,0.0010066873648033716,1,0.0,0.0010066873648033716,0.0010066873648033716,1.122346857062225,0.8303891143470987
2017-05-23,0.004589137553487789,1,0.0,0.004589137553487789,0.004589137553487789,1.1275092976869183,0.8342086416805913
2017-05-24,0.008477343733851115,1,0.0,0.008477343733851115,0.008477343733851115,1.1371082107234576,0.8413105753163039
2017-05-25,0.0017718563053667619,1,0.0,0.0017718563053667619,0.0017718563053667619,1.1391247890924783,0.8428025781809494
2017-05-26,0.0008493771745074925,1,0.0,0.0008493771745074925,0.0008493771745074925,1.1400927467096085,0.8435187395559792
2017-05-30,-0.0003538194849918545,1,0.0,-0.0003538194849918545,-0.0003538194849918545,1.1396894310358041,0.8432203389830502
2017-05-31,0.0038851459882360694,1,0.0,0.0038851459882360694,0.0038851459882360694,1.14412590344765,0.8465027452852703
2017-06-01,0.011356588932335975,1,0.0,0.011356588932335975,0.011356588932335975,1.1571933312789051,0.8561709238481732
2017-06-02,-0.00020913939216666406,0,0.0005,-0.0005,-0.00020913939216666406,1.1566148792383268,0.8559918835044158
2017-06-05,-0.003981981579295243,1,0.0005,-0.004481981579295243,-0.003981981579295243,1.151442552450475,0.852590116973024
2017-06-06,0.003912258727602165,1,0.0,0.003912258727602165,0.003912258727602165,1.15595611698479,0.8559322033898298
2017-06-07,0.0010453326851738386,1,0.0,0.0010453326851738386,0.0010453326851738386,1.157165107485053,0.8568274051086172
2017-06-08,-0.025323165878208927,1,0.0,-0.025323165878208927,-0.025323165878208927,1.1282299348454254,0.8354022439723078
2017-06-09,-0.005372313340199494,0,0.0005,-0.0005,-0.005372313340199494,1.1276659608832427,0.8309262353783713
2017-06-12,0.008083308793820422,0,0.0,0.0,0.008083308793820422,1.1276659608832427,0.8376700883265691
2017-06-13,-0.004355438679805917,1,0.0005,-0.0048554386798059165,-0.004355438679805917,1.1222039189943607,0.834029601336834
2017-06-14,-0.0044463641814232,1,0.0,-0.0044463641814232,-0.0044463641814232,1.1172252683340635,0.8303294342325132
2017-06-15,-0.007068696484359729,1,0.0,-0.007068696484359729,-0.007068696484359729,1.1093557882581104,0.8244807830031029
2017-06-16,0.016582699361448818,1,0.0,0.016582699361448818,0.016582699361448818,1.1279052770085718,0.8382668894724272
2017-06-19,-0.007862237626681664,0,0.0005,-0.0005,-0.007862237626681664,1.127341465334732,0.8317020768679871
2017-06-20,0.009853703434210185,1,0.0005,0.009353703434210185,0.009853703434210185,1.1379357537438595,0.8399379326808303
2017-06-21,-0.0002842524180596142,0,0.0005,-0.0005,-0.0002842524180596142,1.1373669280852527,0.8396992122224869
2017-06-22,0.003830606939842406,1,0.0005,0.003330606939842406,0.003830606939842406,1.1411613656515036,0.8429219384101212
2017-06-23,-0.004683849312426314,1,0.0,-0.004683849312426314,-0.004683849312426314,1.1358288359054687,0.8389830508474572
2017-06-26,-0.01830566891227246,1,0.0,-0.01830566891227246,-0.01830566891227246,1.1152258800685149,0.823764621628073
2017-06-27,0.014314216713564682,1,0.0,0.014314216713564682,0.014314216713564682,1.131304265211863,0.8356409644306513
2017-06-28,-0.017507021109326483,0,0.0005,-0.0005,-0.017507021109326483,1.1307387544687244,0.8211386965862969
2017-06-29,0.00036333248955432515,1,0.0005,-0.00013666751044567486,0.00036333248955432515,1.1305842297776796,0.8214370971592259
2017-06-30,-0.010590611348413565,1,0.0,-0.010590611348413565,-0.010590611348413565,1.1186738321230907,0.8127834805442821
2017-07-03,0.00979110554575044,1,0.0,0.00979110554575044,0.00979110554575044,1.1296806823694006,0.8207806158987819
2017-07-05,-0.009057106687194881,0,0.0005,-0.0005,-0.009057106687194881,1.1291159832147692,0.8133802816901402
2017-07-06,0.010728072239999078,1,0.0005,0.010228072239999077,0.010728072239999078,1.1407239252981132,0.8221532585342557
2017-07-07,0.0065118528349237745,0,0.0005,-0.0005,0.0065118528349237745,1.1401537059021927,0.8275244688469796
2017-07-10,0.0028086871656294882,1,0.0005,0.0023086871656294882,0.0028086871656294882,1.1427890049999363,0.8298519933158266
2017-07-11,0.011796383440369344,1,0.0,0.011796383440369344,0.011796383440369344,1.1563496080797628,0.8396992122224867
2017-07-12,0.0022008457287954293,0,0.0005,-0.0005,0.0022008457287954293,1.1557715777953363,0.8415492957746472
2017-07-13,0.00784096130368763,1,0.0005,0.007340961303687629,0.00784096130368763,1.1642872706674388,0.8481737884936732
2017-07-14,0.0004924202554565872,1,0.0,0.0004924202554565872,0.0004924202554565872,1.1648607304827123,0.8485915492957739
2017-07-17,0.0066589809021681805,1,0.0,0.0066589809021681805,0.0066589809021681805,1.172643399404286,0.8542611601814266
2017-07-18,0.005851228730705351,1,0.0,0.005851228730705351,0.005851228730705351,1.1795249171875721,0.8592742898066354
2017-07-19,0.0013187577826554578,1,0.0,0.0013187577826554578,0.0013187577826554578,1.1810814509718868,0.8604082119837659
2017-07-20,-0.0004162619735419824,1,0.0,-0.0004162619735419824,-0.0004162619735419824,1.1805899139873666,0.8600501312962512
2017-07-21,0.004569379315681908,1,0.0,0.004569379315681908,0.004569379315681908,1.1859968208170915,0.8639890188589152
2017-07-24,-0.0025590497072263143,1,0.0,-0.0025590497072263143,-0.0025590497072263143,1.1829656760792153,0.8617808546192399
2017-07-25,0.0032495620948342708,1,0.0,0.0032495620948342708,0.0032495620948342708,1.1868160491246253,0.8645858200047734
2017-07-26,-0.006301305342730213,1,0.0,-0.006301305342730213,-0.006301305342730213,1.1793610715260654,0.8591549295774638
2017-07-27,-0.0008339124875198234,0,0.0005,-0.0005,-0.0008339124875198234,1.1787715383858692,0.8584387682024339
2017-07-28,-0.004249840931536442,1,0.0005,-0.004749840931536442,-0.004249840931536442,1.1731858371815942,0.8547982812126989
2017-07-31,0.0023013364876328987,1,0.0,0.0023013364876328987,0.0023013364876328987,1.1758888416238895,0.8567677249940311
2017-08-01,0.002712950778778184,1,0.0,0.002712950778778184,0.002712950778778184,1.179083301419329,0.8590952494628779
2017-08-02,-0.0038978263312370418,1,0.0,-0.0038978263312370418,-0.0038978263312370418,1.1744963847899796,0.855753163046072
2017-08-03,0.0018115946983508241,1,0.0,0.0018115946983508241,0.0018115946983508241,1.1766260246536062,0.8573048460253033
2017-08-04,0.006314860858674472,1,0.0,0.006314860858674472,0.006314860858674472,1.1840797641762988,0.8627357364526129
2017-08-07,-0.0017308828359866902,1,0.0,-0.0017308828359866902,-0.0017308828359866902,1.1820320335381964,0.8612437335879675
2017-08-08,-0.0013174775680939168,1,0.0,-0.0013174775680939168,-0.0013174775680939168,1.1804757582532386,0.8601098114108369
2017-08-09,-0.021673652175743647,1,0.0,-0.021673652175743647,-0.021673652175743647,1.1551658075662936,0.8416686560038185
2017-08-10,0.007558401398905986,1,0.0,0.007558401398905986,0.007558401398905986,1.1639300946973714,0.8480544282645011
2017-08-11,0.012796035171524493,1,0.0,0.012796035171524493,0.012796035171524493,1.1789194829682808,0.8589758892337062
2017-08-14,0.0006945409363793315,0,0.0005,-0.0005,0.0006945409363793315,1.1783301705671743,0.8595726903795644
2017-08-15,0.0017342448243794996,1,0.0005,0.0012342448243794996,0.0017342448243794996,1.1797854163616632,0.8610646932442099
2017-08-16,-0.020658274655278773,1,0.0,-0.020658274655278773,-0.020658274655278773,1.1556631057277091,0.843459059441393
2017-08-17,-0.0007078142990870918,1,0.0,-0.0007078142990870918,-0.0007078142990870918,1.1548454002824904,0.8428622582955347
2017-08-18,-0.0012753296329670026,1,0.0,-0.0012753296329670026,-0.0012753296329670026,1.1533735304810966,0.84178801623299
2017-08-21,0.015127817078539822,1,0.0,0.015127817078539822,0.015127817078539822,1.1709541975533004,0.8546192408689413
2017-08-22,-0.003567809584061369,0,0.0005,-0.0005,-0.003567809584061369,1.1703688667994065,0.8515755550250645
2017-08-23,-0.0029477842794080845,1,0.0005,-0.0034477842794080845,-0.0029477842794080845,1.1663406356457402,0.8490689902124602
2017-08-24,-0.002110892987593089,1,0.0,-0.002110892987593089,-0.002110892987593089,1.163881212080029,0.8472785867748855
2017-08-25,0.003094453555853858,1,0.0,0.003094453555853858,0.003094453555853858,1.167488366643072,0.8499045118166617
2017-08-28,0.003924596809736514,1,0.0,0.003924596809736514,0.003924596809736514,1.1720792906323996,0.8532465982334677
2017-08-29,0.011682213381071293,1,0.0,0.011682213381071293,0.011682213381071293,1.185852062600382,0.8632728574838854
2017-08-30,0.010658515893533848,0,0.0005,-0.0005,0.010658515893533848,1.1852592847758874,0.8725232752446873
2017-08-31,-0.001368925607341621,0,0.0,-0.0,-0.001368925607341621,1.1852592847758874,0.8713296729529709
2017-09-01,-0.00901309895934621,1,0.0005,-0.009513098959346211,-0.00901309895934621,1.1740372586615713,0.8635115779422285
2017-09-05,0.003036369733281283,1,0.0,0.003036369733281283,0.003036369733281283,1.1776074873837434,0.8661375029840047
2017-09-06,0.0023399873030991603,1,0.0,0.0023399873030991603,0.0023399873030991603,1.1803663004872402,0.8681666268799226
2017-09-07,-0.008699309211391554,1,0.0,-0.008699309211391554,-0.008699309211391554,1.1701424636919289,0.8606469324421093
2017-09-08,0.01144524352414275,1,0.0,0.01144524352414275,0.01144524352414275,1.1836119629619422,0.8705538314633553
2017-09-11,0.002396522767047889,0,0.0005,-0.0005,0.002396522767047889,1.183020304907301,0.8726426354738589
2017-09-12,0.0013668673533267048,1,0.0005,0.0008668673533267048,0.0013668673533267048,1.1840462712120476,0.8738362377655753
2017-09-13,-0.005890831474537409,1,0.0,-0.005890831474537409,-0.005890831474537409,1.1770917582135343,0.8687037479111949
2017-09-14,0.0034291234480045944,1,0.0,0.0034291234480045944,0.0034291234480045944,1.1811350797242979,0.8716877536404858
2017-09-15,-0.003497826000331402,1,0.0,-0.003497826000331402,-0.003497826000331402,1.1770108917833189,0.8686440677966091
2017-09-18,0.001716149382925475,1,0.0,0.001716149382925475,0.001716149382925475,1.1790325525387007,0.8701360706612545
2017-09-19,-0.0030911925696729694,1,0.0,-0.0030911925696729694,-0.0030911925696729694,1.1753935631790131,0.8674504655048925
2017-09-20,-0.006141974382184067,1,0.0,-0.006141974382184067,-0.006141974382184067,1.168196450889854,0.8621389353067546
2017-09-21,-0.0009695963083873779,1,0.0,-0.0009695963083873779,-0.0009695963083873779,1.1670643208668399,0.861303413702553
2017-09-22,-0.010588006408829372,1,0.0,-0.010588006408829372,-0.010588006408829372,1.1547726234741185,0.8522320362855085
2017-09-25,0.0025876854667519177,1,0.0,0.0025876854667519177,0.0025876854667519177,1.1577646813920832,0.8544402005251837
2017-09-26,0.0089699172504647,1,0.0,0.0089699172504647,0.0089699172504647,1.1681964508898537,0.8621389353067545
2017-09-27,-0.0003461764842270389,1,0.0,-0.0003461764842270389,-0.0003461764842270389,1.1677921187387774,0.8618405347338254
2017-09-28,0.0071759088027368535,1,0.0,0.0071759088027368535,0.0071759088027368535,1.1762022274811659,0.8680472666507506
2017-09-29,0.0008933787489013323,1,0.0,0.0008933787489013323,0.0008933787489013323,1.1772534910739645,0.8688231081403663
2017-10-02,0.0021271493936921844,1,0.0,0.0021271493936921844,0.0021271493936921844,1.179760350410638,0.8706731916925267
2017-10-03,0.0009591669685760334,1,0.0,0.0009591669685760334,0.0009591669685760334,1.1808924804336518,0.8715087132967282
2017-10-04,0.009744872509124574,1,0.0,0.009744872509124574,0.009744872509124574,1.1924563799544363,0.8800429696825006
2017-10-05,0.001355381069514992,0,0.0005,-0.0005,0.001355381069514992,1.1918603007966668,0.881236571974217
2017-10-06,-0.0011519567596084803,1,0.0005,-0.0016519567596084803,-0.0011519567596084803,1.189893024491337,0.8802220100262581
2017-10-09,0.0007455352949611398,1,0.0,0.0007455352949611398,0.0007455352949611398,1.1907804625053993,0.8808784912867021
2017-10-10,0.0029765953515831322,1,0.0,0.0029765953515831322,0.0029765953515831322,1.1943302145616486,0.8835044163284782
2017-10-11,-0.0018254966024125897,1,0.0,-0.0018254966024125897,-0.0018254966024125897,1.1921519576180413,0.8818930532346612
2017-10-12,0.00384992539286945,1,0.0,0.00384992539286945,0.00384992539286945,1.1967505000545458,0.8852948197660528
2017-10-13,0.0034321511533732824,1,0.0,0.0034321511533732824,0.0034321511533732824,1.2008649853924709,0.8883385056099297
2017-10-16,0.0012756388315475552,1,0.0,0.0012756388315475552,0.0012756388315475552,1.2023978328713056,0.8894724277870601
2017-10-17,-0.0012084593615682721,1,0.0,-0.0012084593615682721,-0.0012084593615682721,1.2009456615755674,0.8883981857245155
2017-10-18,-0.0037015891778935032,1,0.0,-0.0037015891778935032,-0.0037015891778935032,1.1965084715052559,0.8851157794222954
2017-10-19,0.0026934229467211338,1,0.0,0.0026934229467211338,0.0026934229467211338,1.199735518829119,0.8875029840057282
2017-10-20,-0.006544128600000467,1,0.0,-0.006544128600000467,-0.006544128600000467,1.1919099290687516,0.8817140128909038
2017-10-23,0.0016907318131649581,1,0.0,0.0016907318131649581,0.0016907318131649581,1.193926833646166,0.8832060157555494
2017-10-24,-0.00379121705202819,1,0.0,-0.00379121705202819,-0.00379121705202819,1.189408967392758,0.8798639293387434
2017-10-25,-0.003193045954858138,1,0.0,-0.003193045954858138,-0.003193045954858138,1.185617186787219,0.8770589639532098
2017-10-26,0.028707538115861807,1,0.0,0.028707538115861807,0.028707538115861807,1.2201465931525517,0.9026020529959408
2017-10-27,0.0022455593611508864,0,0.0005,-0.0005,0.0022455593611508864,1.219536672348883,0.9046311768918586
2017-10-30,0.003753337959097029,1,0.0005,0.003253337959097029,0.003753337959097029,1.223510698216991,0.9080329434232502
2017-10-31,-0.0003286770777330065,1,0.0,-0.0003286770777330065,-0.0003286770777330065,1.223108624375973,0.9077345428503211
2017-11-01,-0.0019084603206233623,1,0.0,-0.0019084603206233623,-0.0019084603206233623,1.2207765960980703,0.9060038195273323
2017-11-02,0.009571333066192586,1,0.0,0.009571333066192586,0.009571333066192586,1.2325171522557885,0.9147171162568621
2017-11-03,0.003386963441015659,0,0.0005,-0.0005,0.003386963441015659,1.2319010477186303,0.9178204822153246
2017-11-06,0.0005850424322622968,1,0.0005,8.504243226229683e-05,0.0005850424322622968,1.232005816034848,0.918357603246597
2017-11-07,0.004021018453705918,1,0.0,0.004021018453705918,0.004021018453705918,1.2369697074173642,0.922057770350918
2017-11-08,-0.005256509718579557,1,0.0,-0.005256509718579557,-0.005256509718579557,1.2304846235143996,0.9172236810694666
2017-11-09,-6.506815891934049e-05,1,0.0,-6.506815891934049e-05,-6.506815891934049e-05,1.2304045607501655,0.9171640009548808
2017-11-10,0.0012355716089855967,1,0.0,0.0012355716089855967,0.0012355716089855967,1.231925753270614,0.9182979231320114
2017-11-13,-0.0036460747469239012,1,0.0,-0.0036460747469239012,-0.0036460747469239012,1.2274422384735026,0.9149558367152055
2017-11-14,-0.004707429418718571,1,0.0,-0.004707429418718571,-0.004707429418718571,1.221677719448645,0.9106588684650265
2017-11-15,0.012698376601793519,1,0.0,0.012698376601793519,0.012698376601793519,1.237289958474301,0.9222964908092613
2017-11-16,-0.003825088134928436,0,0.0005,-0.0005,-0.003825088134928436,1.2366714681305349,0.918775364048698
2017-11-17,-0.0007797778028495344,1,0.0005,-0.0012797778028495344,-0.0007797778028495344,1.2350898157338919,0.9180592026736683
2017-11-20,0.010797635051629083,1,0.0,0.010797635051629083,0.010797635051629083,1.2484981235560046,0.9280257818095001
2017-11-21,0.001221119082294412,0,0.0005,-0.0005,0.001221119082294412,1.247874030530485,0.9291597039866308
2017-11-22,0.003654435867015013,1,0.0005,0.003154435867015013,0.003654435867015013,1.2518165841269566,0.9325614705180225
2017-11-24,-0.00044807169896716515,1,0.0,-0.00044807169896716515,-0.00044807169896716515,1.251255806187056,0.9321437097159218
2017-11-27,0.0025577096877204344,1,0.0,0.0025577096877204344,0.0025577096877204344,1.254460251557917,0.9345309142993545
2017-11-28,-0.017587826526562916,1,0.0,-0.017587826526562916,-0.017587826526562916,1.232589911901789,0.9182382430174257
2017-11-29,0.008349292863600593,0,0.0005,-0.0005,0.008349292863600593,1.2319737709939014,0.9259369777989964
2017-11-30,-0.0042630215704308715,1,0.0005,-0.004763021570430872,-0.0042630215704308715,1.226119805697043,0.9219980902363324
2017-12-01,-0.011588671358868164,1,0.0,-0.011588671358868164,-0.011588671358868164,1.211992721392941,0.9113750298400564
2017-12-04,0.0006546216520757201,1,0.0,0.0006546216520757201,0.0006546216520757201,1.2127863778145198,0.9119718309859146
2017-12-05,0.004505247410085969,1,0.0,0.004505247410085969,0.004505247410085969,1.2182626071234133,0.9160897588923361
2017-12-06,0.0033818970838522967,1,0.0,0.0033818970838522967,0.0033818970838522967,1.2223896205156228,0.9191931248507988
2017-12-07,0.004405293467916197,1,0.0,0.004405293467916197,0.004405293467916197,1.2277864841823583,0.9232513726426345
2017-12-08,0.007727018484710591,1,0.0,0.007727018484710591,0.007727018484710591,1.237310361241304,0.930412986392933
2017-12-11,-0.0013479253621477443,1,0.0,-0.0013479253621477443,-0.0013479253621477443,1.2356436827559882,0.9291597039866307
2017-12-12,0.0019250519291942045,1,0.0,0.0019250519291942045,0.0019250519291942045,1.2380246520207248,0.9309501074242054
2017-12-13,-0.000705422160268921,1,0.0,-0.000705422160268921,-0.000705422160268921,1.237151629956988,0.9302936261637613
2017-12-14,0.011290905520561305,1,0.0,0.011290905520561305,0.011290905520561305,1.2511993486189321,0.9408570064454514
2017-12-15,0.006260098220470681,0,0.0005,-0.0005,0.006260098220470681,1.250573905318478,0.9467653377894476
2017-12-18,-0.005942990242547784,1,0.0005,-0.006442990242547785,-0.005942990242547784,1.242542371180784,0.9411554070183805
2017-12-19,-0.0010785776511150035,1,0.0,-0.0010785776511150035,-0.0010785776511150035,1.2412029152321429,0.9401408450704216
2017-12-20,0.0001269518854059593,1,0.0,0.0001269518854059593,0.0001269518854059593,1.241360498284924,0.9402602052995933
2017-12-21,-0.0011431475905106462,1,0.0,-0.0011431475905106462,-0.0011431475905106462,1.239942250809892,0.9391859632370484
2017-12-22,-0.005415923270561249,1,0.0,-0.005415923270561249,-0.005415923270561249,1.2332449710666855,0.9341131534972538
2017-12-26,0.00012777103448018354,1,0.0,0.00012777103448018354,0.00012777103448018354,1.2334025541194666,0.9342325137264254
2017-12-27,0.0012130112892846006,1,0.0,0.0012130112892846006,0.0012130112892846006,1.2348995931208893,0.9353664359035558
2017-12-28,-0.0062082186020324965,1,0.0,-0.0062082186020324965,-0.0062082186020324965,1.2272568150609948,0.9295774647887313
2017-12-29,0.01737513878038993,1,0.0,0.01737513878038993,0.01737513878038993,1.2487669017656462,0.9458701360706602
2018-01-02,0.009669797813564633,0,0.0005,-0.0005,0.009669797813564633,1.2481426743846133,0.9550608737168763
2018-01-03,0.0017481430436834117,0,0.0,0.0,0.0017481430436834117,1.2481426743846133,0.9567319169252794
2018-01-04,0.009992945397518486,1,0.0005,0.009492945397518486,0.009992945397518486,1.2600476418416586,0.9663404153735964
2018-01-05,0.003883260650813706,0,0.0005,-0.0005,0.003883260650813706,1.2594177755004452,0.970100262592503
2018-01-08,6.15176402027626e-05,1,0.0005,-0.0004384823597972374,6.15176402027626e-05,1.2588656640766793,0.9701599427070889
2018-01-09,-0.002340334873705856,1,0.0,-0.002340334873705856,-0.002340334873705856,1.2559229416827993,0.9678920983528277
2018-01-10,0.006820931597807116,1,0.0,0.006820931597807116,0.006820931597807116,1.2645187886754488,0.9745165910718537
2018-01-11,0.0073220169698485615,1,0.0,0.0073220169698485615,0.0073220169698485615,1.27381159623507,0.9816782048221523
2018-01-12,-0.0028614064758016662,1,0.0,-0.0028614064758016662,-0.0028614064758016662,1.2701719132742184,0.9788732394366187
2018-01-16,0.010733555643108633,1,0.0,0.010733555643108633,0.010733555643108633,1.2838788044246596,0.9894366197183088
2018-01-17,0.0001809354366987233,0,0.0005,-0.0005,0.0001809354366987233,1.2832370254805536,0.9896156600620661
2018-01-18,0.003131023752468975,1,0.0005,0.002631023752468975,0.003131023752468975,1.2866176979392447,0.992719026020529
2018-01-19,0.010644123696374394,1,0.0,0.010644123696374394,0.010644123696374394,1.3003857603555717,1.0033420864168048
2018-01-22,0.008233911993478836,0,0.0005,-0.0005,0.008233911993478836,1.299735729996526,1.0116376223442336
2018-01-23,-0.00651043966243201,1,0.0005,-0.0070104396624320105,-0.00651043966243201,1.290655875158237,1.0050728097397934
2018-01-24,-0.0003563368608794882,1,0.0,-0.0003563368608794882,-0.0003563368608794882,1.2901960488266089,1.0047147290522784
2018-01-25,0.015208970361093357,1,0.0,0.015208970361093357,0.015208970361093357,1.3099685810866188,1.0201121986154202
2018-01-26,-0.004867616566360753,0,0.0005,-0.0005,-0.004867616566360753,1.3093137605148606,1.015158749104797
2018-01-29,-0.008264509849893536,1,0.0005,-0.008764509849893536,-0.008264509849893536,1.2978884091047052,1.006803533062782
2018-01-30,0.004140792666031608,1,0.0,0.004140792666031608,0.004140792666031608,1.3032738381881275,1.0109811410837897
2018-01-31,-0.008536926401961504,1,0.0,-0.008536926401961504,-0.008536926401961504,1.2921952412165163,1.0023872045834317
2018-02-01,-0.020146816076998832,1,0.0,-0.020146816076998832,-0.020146816076998832,1.2664221163172824,0.9823943661971819
2018-02-02,-0.04022480131050899,0,0.0005,-0.0005,-0.04022480131050899,1.2657890635355078,0.9436619718309848
2018-02-05,0.026153848488494325,0,0.0,0.0,0.026153848488494325,1.2657890635355078,0.9686679398424433
2018-02-06,-0.013022632258356256,0,0.0,-0.0,-0.013022632258356256,1.2657890635355078,0.956135115779421
2018-02-07,-0.04311067359287789,0,0.0,-0.0,-0.04311067359287789,1.2657890635355078,0.9157913583194066
2018-02-08,0.017122046455641332,1,0.0005,0.01662204645564133,0.017122046455641332,1.28700490502494,0.9316065886846491
2018-02-09,0.017589430210545955,0,0.0005,-0.0005,0.017589430210545955,1.2863615634212313,0.9481379804249214
2018-02-12,0.005148178120843473,0,0.0,0.0,0.005148178120843473,1.2863615634212313,0.9530317498209585
2018-02-13,0.018550645186248053,0,0.0,0.0,0.018550645186248053,1.2863615634212313,0.9708761040821187
2018-02-14,0.01839384339349344,0,0.0,0.0,0.01839384339349344,1.2863615634212313,0.9888994986870362
2018-02-15,-0.004475904163867274,0,0.0,-0.0,-0.004475904163867274,1.2863615634212313,0.9844831702076857
2018-02-16,0.001998486660612024,1,0.0005,0.0014984866606120241,0.001998486660612024,1.2882906040245823,0.9864526139890176
2018-02-20,-0.002847537594024515,1,0.0,-0.002847537594024515,-0.002847537594024515,1.2846273661766088,0.9836476486034841
2018-02-21,-0.00012135185986605489,1,0.0,-0.00012135185986605489,-0.00012135185986605489,1.2844714837149929,0.9835282883743125
2018-02-22,0.020242755059287045,1,0.0,0.020242755059287045,0.020242755059287045,1.3107376784972713,1.0036404869897337
2018-02-23,0.013173241860556914,0,0.0005,-0.0005,0.013173241860556914,1.3100824734729288,1.0169491525423715
2018-02-26,-0.01245993267023346,0,0.0,-0.0,-0.01245993267023346,1.3100824734729288,1.0043566483647635
2018-02-27,-0.006438174250404134,1,0.0005,-0.006938174250404133,-0.006438174250404134,1.3010243527364187,0.9979111959894952
2018-02-28,-0.016461525207777564,1,0.0,-0.016461525207777564,-0.016461525207777564,1.2797828212313027,0.9816185247075662
2018-03-01,0.009138563311327919,1,0.0,0.009138563311327919,0.009138563311327919,1.291531800195671,0.990630222010025
2018-03-02,0.011024016741959854,0,0.0005,-0.0005,0.011024016741959854,1.2908861957101445,1.001611363093816
2018-03-05,0.004221548024119345,0,0.0,0.0,0.004221548024119345,1.2908861957101445,1.0058486512294091
2018-03-06,0.002311317590429551,1,0.0005,0.001811317590429551,0.002311317590429551,1.2932265194786232,1.0081761756982561
2018-03-07,0.005490140417226405,1,0.0,0.005490140417226405,0.005490140417226405,1.3003460403636946,1.0137264263547374
2018-03-08,0.019241454221916456,1,0.0,0.019241454221916456,0.019241454221916456,1.3256088564074964,1.0334208641680578
2018-03-09,0.00529894109379817,0,0.0005,-0.0005,0.00529894109379817,1.3249462176527864,1.0389114347099535
2018-03-12,-0.01370795634186662,1,0.0005,-0.01420795634186662,-0.01370795634186662,1.3062545393452356,1.024767247553114
2018-03-13,-0.00017472844332289765,1,0.0,-0.00017472844332289765,-0.00017472844332289765,1.3060263194618253,1.0245882072093566
2018-03-14,-0.0008741004606547182,1,0.0,-0.0008741004606547182,-0.0008741004606547182,1.3048852200447747,1.0236930054905693
2018-03-15,-0.002977669693924392,1,0.0,-0.002977669693924392,-0.002977669693924392,1.3010054820268022,1.0206493196466926
2018-03-16,-0.023188073126461286,1,0.0,-0.023188073126461286,-0.023188073126461286,1.2711847505945422,0.997254714729051
2018-03-19,0.0032860373108896737,0,0.0005,-0.0005,0.0032860373108896737,1.270549317090859,1.0005371210312712
2018-03-20,-0.004363817188885788,1,0.0005,-0.004863817188885788,-0.004363817188885788,1.2643846016605755,0.9961804726665063
2018-03-21,-0.024992202154911772,1,0.0,-0.024992202154911772,-0.024992202154911772,1.233176450696991,0.9715922654571486
2018-03-22,-0.026704770758638783,0,0.0005,-0.0005,-0.026704770758638783,1.2325600165930108,0.9459894962998318
2018-03-23,0.03648479981227829,0,0.0,0.0,0.03648479981227829,1.2325600165930108,0.9811410837908797
2018-03-26,-0.03289526228258959,0,0.0,-0.0,-0.03289526228258959,1.2325600165930108,0.9493912628312235
2018-03-27,-0.01157032475894004,0,0.0,-0.0,-0.01157032475894004,1.2325600165930108,0.9384698018620184
2018-03-28,0.018149089753835525,0,0.0,0.0,0.018149089753835525,1.2325600165930108,0.9556576748627347
2018-03-29,-0.02927594710113911,0,0.0,-0.0,-0.02927594710113911,1.2325600165930108,0.9280854619240859
2018-04-02,0.01119044833012385,0,0.0,0.0,0.01119044833012385,1.2325600165930108,0.9385294819766045
2018-04-03,0.01564700692587309,0,0.0,0.0,0.01564700692587309,1.2325600165930108,0.953330150393888
2018-04-04,0.005680592072624579,0,0.0,0.0,0.005680592072624579,1.2325600165930108,0.9587610408211976
2018-04-05,-0.0253417494712968,0,0.0,-0.0,-0.0253417494712968,1.2325600165930108,0.9347696347576979
2018-04-06,0.006998374408811892,0,0.0,0.0,0.006998374408811892,1.2325600165930108,0.9413344473621381
2018-04-09,0.02182315238852453,0,0.0,0.0,0.02182315238852453,1.2325600165930108,0.9621031272380035
2018-04-10,-0.005785577119963421,0,0.0,-0.0,-0.005785577119963421,1.2325600165930108,0.9565528765815221
2018-04-11,0.011969506294079512,0,0.0,0.0,0.011969506294079512,1.2325600165930108,0.9680711386965856
2018-04-12,-0.00519192710876233,0,0.0,-0.0,-0.00519192710876233,1.2325600165930108,0.9630580090713766
2018-04-13,0.007593332160449354,1,0.0005,0.007093332160449354,0.007593332160449354,1.2413340559972865,0.9703986631654324
2018-04-16,0.02129681950553901,1,0.0,0.02129681950553901,0.02129681950553901,1.2680540387524557,0.9912867032704695
2018-04-17,0.00204486749549126,1,0.0,0.00204486749549126,0.00204486749549126,1.2706496942201007,0.9933158271663873
2018-04-18,-0.009235013574061864,0,0.0005,-0.0005,-0.009235013574061864,1.2700145281777337,0.9841847696347569
2018-04-19,-0.015953396020133074,0,0.0,-0.0,-0.015953396020133074,1.2700145281777337,0.9686082597278579
2018-04-20,-0.0025293822671312647,1,0.0005,-0.0030293822671312648,-0.0025293822671312647,1.2661729903681982,0.9661613750298391
2018-04-23,-0.021414896716318438,1,0.0,-0.021414896716318438,-0.021414896716318438,1.239346297200227,0.945691095726903
2018-04-24,0.0011983224921087163,1,0.0,0.0011983224921087163,0.0011983224921087163,1.240832323935479,0.9468250179040336
2018-04-25,0.020834086902842053,1,0.0,0.020834086902842053,0.020834086902842053,1.2669551097025418,0.9667581761756975
2018-04-26,0.0006171315920374406,0,0.0005,-0.0005,0.0006171315920374406,1.2663217904906876,0.9673549773215556
2018-04-27,-0.007120111806097344,1,0.0005,-0.007620111806097344,-0.007120111806097344,1.2567089488436902,0.9604917641441864
2018-04-30,0.01136797118090869,1,0.0,0.01136797118090869,0.01136797118090869,1.2710766912686462,0.9714729052279772
2018-05-01,-0.0059149895192018125,0,0.0005,-0.0005,-0.0059149895192018125,1.2704413117811209,0.9657436142277386
2018-05-02,-0.00012360175530211516,1,0.0005,-0.0006236017553021152,-0.00012360175530211516,1.2696493093218137,0.965624253998567
2018-05-03,0.018796279948695812,1,0.0,0.018796279948695812,0.018796279948695812,1.2937396886766837,0.9839460491764137
2018-05-04,0.008275242777830021,0,0.0005,-0.0005,0.008275242777830021,1.2930929805228568,0.992122224874671
2018-05-07,-0.0010231411322556344,1,0.0005,-0.0015231411322556344,-0.0010231411322556344,1.2911249166164205,0.9911076629267119
2018-05-08,0.01084005224672844,1,0.0,0.01084005224672844,0.01084005224672844,1.3051969109505912,1.0019097636667453
2018-05-09,0.010311202468163819,0,0.0005,-0.0005,0.010311202468163819,1.3045444756175415,1.012294103604678
2018-05-10,-0.000943730163235877,0,0.0,-0.0,-0.000943730163235877,1.3045444756175415,1.011339221771305
2018-05-11,0.0017098556684873628,1,0.0005,0.0012098556684873628,0.0017098556684873628,1.3061237412952897,1.0130699450942937
2018-05-14,-0.011136896104482876,1,0.0,-0.011136896104482876,-0.011136896104482876,1.2916582765905174,1.0018500835521595
2018-05-15,0.00659049439037595,1,0.0,0.00659049439037595,0.00659049439037595,1.3001990562832286,1.0084745762711853
2018-05-16,-0.003854026293708277,1,0.0,-0.003854026293708277,-0.003854026293708277,1.2951976988055147,1.0045953688231073
2018-05-17,-0.005181821654704521,1,0.0,-0.005181821654704521,-0.005181821654704521,1.2885035741814976,0.9994031988541409
2018-05-18,0.005597585031940435,1,0.0,0.005597585031940435,0.005597585031940435,1.2957363065338838,1.0050131296252078
2018-05-21,-0.001307267403474434,1,0.0,-0.001307267403474434,-0.001307267403474434,1.2940435393875807,1.0037001671043198
2018-05-22,0.008407888953050615,1,0.0,0.008407888953050615,0.008407888953050615,1.3049695818773555,1.0121747433755062
2018-05-23,-0.00029485478615495596,1,0.0,-0.00029485478615495596,-0.00029485478615495596,1.3045848620713776,1.011876342802577
2018-05-24,0.0010021517624764426,1,0.0,0.0010021517624764426,0.0010021517624764426,1.3058929094117027,1.012890904750536
2018-05-25,-0.004428835961565744,1,0.0,-0.004428835961565744,-0.004428835961565744,1.3001221123220328,1.0084148961565995
2018-05-29,0.0071355160488529475,1,0.0,0.0071355160488529475,0.0071355160488529475,1.3094323316267003,1.0156361900214836
2018-05-30,-0.0006465834170893094,1,0.0,-0.0006465834170893094,-0.0006465834170893094,1.3085859480535487,1.0149797087610397
2018-05-31,0.015577456847817634,1,0.0,0.015577456847817634,0.015577456847817634,1.3291299856927739,1.0309142993554536
2018-06-01,0.008990378673835732,0,0.0005,-0.0005,0.008990378673835732,1.328465586813489,1.0402243972308416
2018-06-04,0.0030933174691386025,1,0.0005,0.0025933174691386025,0.0030933174691386025,1.3319151908528297,1.043447123418476
2018-06-05,0.005816953955742407,1,0.0,0.005816953955742407,0.005816953955742407,1.339685457923694,1.0495344951062298
2018-06-06,-0.00816470892081262,1,0.0,-0.00816470892081262,-0.00816470892081262,1.3287918482066983,1.0410002387204575
2018-06-07,5.732794452212342e-05,1,0.0,5.732794452212342e-05,5.732794452212342e-05,1.3288680272956281,1.0410599188350431
2018-06-08,0.002690712944406101,1,0.0,0.002690712944406101,0.002690712944406101,1.3324484444753402,1.0438648842205767
2018-06-11,0.005246063237475888,1,0.0,0.005246063237475888,0.005246063237475888,1.339456920656904,1.0493554547624724
2018-06-12,-5.687473341514843e-05,1,0.0,-5.687473341514843e-05,-5.687473341514843e-05,1.3393807415679737,1.0492957746478864
2018-06-13,0.010073086135037062,1,0.0,0.010073086135037062,0.010073086135037062,1.3529406193975209,1.0599188350441622
2018-06-14,-0.0034970987188656134,0,0.0005,-0.0005,-0.0034970987188656134,1.3522643181772167,1.0562186679398413
2018-06-15,-0.0027158554658526226,0,0.0,-0.0,-0.0027158554658526226,1.3522643181772167,1.053354022439722
2018-06-18,-0.0028368813351997263,1,0.0005,-0.0033368813351997264,-0.0028368813351997263,1.3477594928274665,1.0503700167104308
2018-06-19,0.007077170374085079,1,0.0,0.007077170374085079,0.007077170374085079,1.357331648316298,1.0578300310336584
2018-06-20,-0.008726256642436186,1,0.0,-0.008726256642436186,-0.008726256642436186,1.3455387527540579,1.0486392933874422
2018-06-21,-0.0022220332191922143,1,0.0,-0.0022220332191922143,-0.0022220332191922143,1.3425522402415424,1.0463117689185952
2018-06-22,-0.022787913877850553,1,0.0,-0.022787913877850553,-0.022787913877850553,1.312304228896835,1.0227381236571964
2018-06-25,0.004076409092308419,0,0.0005,-0.0005,0.004076409092308419,1.311648240793079,1.0269157316782038
2018-06-26,-0.013692431591626315,0,0.0,-0.0,-0.013692431591626315,1.311648240793079,1.012950584865122
2018-06-27,0.00856511161324705,0,0.0,0.0,0.00856511161324705,1.311648240793079,1.0216638815946517
2018-06-28,0.0026834691170140867,0,0.0,0.0,0.0026834691170140867,1.311648240793079,1.0244091668655995
2018-06-29,0.006677336466254235,0,0.0,0.0,0.006677336466254235,1.311648240793079,1.0312723800429686
2018-07-02,-0.011641575015485755,0,0.0,-0.0,-0.011641575015485755,1.311648240793079,1.0193363571258047
2018-07-03,0.012335778444961358,0,0.0,0.0,0.012335778444961358,1.311648240793079,1.0319885414179983
2018-07-05,0.015436567388332458,0,0.0,0.0,0.015436567388332458,1.311648240793079,1.048042492241584
2018-07-06,0.008956975982214642,0,0.0,0.0,0.008956975982214642,1.311648240793079,1.0574719503461436
2018-07-09,0.0007334067068747537,1,0.0005,0.00023340670687475374,0.0007334067068747537,1.31195442402076,1.0582477918357593
2018-07-10,-0.005088494046231914,1,0.0,-0.005088494046231914,-0.005088494046231914,1.3052955080405058,1.0528765815230354
2018-07-11,0.0170848260392908,1,0.0,0.0170848260392908,0.0170848260392908,1.327787846462698,1.0710193363571248
2018-07-12,0.0008354917354587274,0,0.0005,-0.0005,0.0008354917354587274,1.3271241184852884,1.071914538075912
2018-07-13,-0.0023969464359381003,1,0.0005,-0.0028969464359381004,-0.0023969464359381003,1.3232850744375475,1.0693482931487217
2018-07-16,0.006064839844514017,1,0.0,0.006064839844514017,0.006064839844514017,1.331334972479388,1.075853425638576
2018-07-17,-0.001887840649518927,1,0.0,-0.001887840649518927,-0.001887840649518927,1.3288239951085385,1.0738243017426583
2018-07-18,-0.005014496801245664,1,0.0,-0.005014496801245664,-0.005014496801245664,1.3221772903033495,1.0684530914299346
2018-07-19,-0.00022345120477308632,1,0.0,-0.00022345120477308632,-0.00022345120477308632,1.3218818812008968,1.0682143709715912
2018-07-20,0.003179475555322786,1,0.0,0.003179475555322786,0.003179475555322786,1.3260914609108498,1.071616137502983
2018-07-23,0.0041127162955402466,1,0.0,0.0041127162955402466,0.0041127162955402466,1.3315565293062275,1.0760324659823337
2018-07-24,0.013879932016400903,1,0.0,0.013879932016400903,0.013879932016400903,1.350167302760757,1.09107185485796
2018-07-25,-0.015267472130788308,0,0.0005,-0.0005,-0.015267472130788308,1.3494923878521645,1.074540463117688
2018-07-26,-0.013588153264526226,1,0.0005,-0.014088153264526226,-0.013588153264526226,1.330613826539561,1.0600381952733338
2018-07-27,-0.01423208894654865,0,0.0005,-0.0005,-0.01423208894654865,1.329948685925302,1.0450584865122932
2018-07-30,0.0076232022374695405,0,0.0,0.0,0.0076232022374695405,1.329948685925302,1.0530556218667928
2018-07-31,0.0037899188390476883,1,0.0005,0.0032899188390476883,0.0037899188390476883,1.3343313144552051,1.0570541895440426
2018-08-01,0.013514855922410774,1,0.0,0.013514855922410774,0.013514855922410774,1.3524870194452516,1.0714370971592253
2018-08-02,0.003058871715739377,0,0.0005,-0.0005,0.003058871715739377,1.3518109449682332,1.0747195034614454
2018-08-03,0.0058690163483255545,1,0.0005,0.005369016348325555,0.0058690163483255545,1.3590883588268465,1.0810455956075424
2018-08-06,0.003636968796576213,1,0.0,0.003636968796576213,0.003636968796576213,1.3640403203860039,1.0849844831702067
2018-08-07,0.0012093894058311293,1,0.0,0.0012093894058311293,0.0012093894058311293,1.3656909742390562,1.0862974456910945
2018-08-08,-0.0006045118750849407,1,0.0,-0.0006045118750849407,-0.0006045118750849407,1.36486564731253,1.0856409644306506
2018-08-09,-0.007670484315324274,1,0.0,-0.007670484315324274,-0.007670484315324274,1.3544365161500629,1.0773454285032216
2018-08-10,-0.0011085246673343708,1,0.0,-0.0011085246673343708,-0.0011085246673343708,1.3529359217381969,1.076151826211505
2018-08-13,0.006247083367613211,1,0.0,0.006247083367613211,0.006247083367613211,1.3614142801652387,1.0828956791597029
2018-08-14,-0.012310236415573423,1,0.0,-0.012310236415573423,-0.012310236415573423,1.3447576821935283,1.0696466937216507
2018-08-15,0.0032864533131208486,1,0.0,0.0032864533131208486,0.0032864533131208486,1.3491844357085323,1.0731678204822142
2018-08-16,0.0002224199297427035,1,0.0,0.0002224199297427035,0.0002224199297427035,1.3494845545909055,1.0734065409405575
2018-08-17,-0.0008899766968561929,1,0.0,-0.0008899766968561929,-0.0008899766968561929,1.3482840790614128,1.0724516591071842
2018-08-20,0.003666059763370194,1,0.0,0.003666059763370194,0.003666059763370194,1.3532360406205701,1.0763905466698485
2018-08-21,0.0038736144944107828,1,0.0,0.0038736144944107828,0.0038736144944107828,1.3584881210621003,1.0805681546908559
2018-08-22,-0.001437020089218134,1,0.0,-0.001437020089218134,-0.001437020089218134,1.3565373483266747,1.0790164717116246
2018-08-23,0.009249130018056361,1,0.0,0.009249130018056361,0.009249130018056361,1.3691423413863473,1.089042730962042
2018-08-24,0.010141300589385744,0,0.0005,-0.0005,0.010141300589385744,1.3684579413299265,1.1001432322750049
2018-08-27,0.0014636132169598703,0,0.0,0.0,0.0014636132169598703,1.3684579413299265,1.101754595368822
2018-08-28,0.01147178327330178,1,0.0005,0.01097178327330178,0.01147178327330178,1.3835550348511716,1.1144664597756015
2018-08-29,-0.0017687261746257127,0,0.0005,-0.0005,-0.0017687261746257127,1.382863430249305,1.1124970159942695
2018-08-30,0.0012866564794386782,1,0.0005,0.0007866564794386782,0.0012866564794386782,1.3839516967167025,1.1139293387443292
2018-08-31,-0.00429530861733171,1,0.0,-0.00429530861733171,-0.00429530861733171,1.3780199455387043,1.1091549295774636
2018-09-04,-0.012997745941970116,1,0.0,-0.012997745941970116,-0.012997745941970116,1.3602246920047096,1.0948317020768668
2018-09-05,-0.008979965070109563,1,0.0,-0.008979965070109563,-0.008979965070109563,1.3480646020898135,1.0850441632847923
2018-09-06,-0.003857604254736934,1,0.0,-0.003857604254736934,-0.003857604254736934,1.3428743198090651,1.080866555263785
2018-09-07,0.0033624594147579428,1,0.0,0.0033624594147579428,0.0033624594147579428,1.3473972800822887,1.08450704225352
2018-09-10,0.007674634753108666,1,0.0,0.007674634753108666,0.007674634753108666,1.3577778446437854,1.0928622582955345
2018-09-11,-0.0029532425073764902,1,0.0,-0.0029532425073764902,-0.0029532425073764902,1.3537739125986366,1.0896395321079004
2018-09-12,0.010623618751451734,1,0.0,0.010623618751451734,0.010623618751451734,1.368232556095007,1.1012771544521351
2018-09-13,-0.00293064358238451,0,0.0005,-0.0005,-0.00293064358238451,1.3675486108175277,1.0980544282645008
2018-09-14,-0.014507686088092019,1,0.0005,-0.015007686088092019,-0.014507686088092019,1.347178109934507,1.0822391978992585
2018-09-17,0.008237731245633645,1,0.0,0.008237731245633645,0.008237731245633645,1.3583216368171682,1.0911912150871317
2018-09-18,-0.0007659900795826456,1,0.0,-0.0007659900795826456,-0.0007659900795826456,1.3572815743081197,1.0903556934829302
2018-09-19,0.010995701662278954,1,0.0,0.010995701662278954,0.010995701662278954,1.3722881905101034,1.1024110766292659
2018-09-20,-0.005482737725394112,0,0.0005,-0.0005,-0.005482737725394112,1.3716022179222864,1.096383385056098
2018-09-21,0.0009793254319158547,1,0.0005,0.0004793254319158547,0.0009793254319158547,1.3722598193377595,1.0974576271186427
2018-09-24,0.0013585851069379906,1,0.0,0.0013585851069379906,0.0013585851069379906,1.3741254180915496,1.0989496299832882
2018-09-25,0.0007057354870697693,1,0.0,0.0007057354870697693,0.0007057354870697693,1.3750955294435203,1.099725471472904
2018-09-26,0.008430203938789899,1,0.0,0.008430203938789899,0.008430203938789899,1.38673686566717,1.1090355693482918
2018-09-27,-0.0002152736674802546,1,0.0,-0.0002152736674802546,-0.0002152736674802546,1.3864383698665634,1.1087968488899484
2018-09-28,0.0020432311657264312,1,0.0,0.0020432311657264312,0.0020432311657264312,1.3892740799723242,1.1110646932442096
2018-10-01,-0.0022585511859370185,1,0.0,-0.0022585511859370185,-0.0022585511859370185,1.3861398740659572,1.1085581284316053
2018-10-02,0.0010761367732104335,1,0.0,0.0010761367732104335,0.0010761367732104335,1.387632353068989,1.1097517307233216
2018-10-03,-0.019385397865559602,1,0.0,-0.019385397865559602,-0.019385397865559602,1.360991602864868,1.0884459298161837
2018-10-04,-0.012302585311417136,0,0.0005,-0.0005,-0.012302585311417136,1.3603112771590355,1.075137264263546
2018-10-05,-0.006124740749660544,0,0.0,-0.0,-0.006124740749660544,1.3603112771590355,1.0685724516591057
2018-10-08,0.003234083336302436,1,0.0005,0.002734083336302436,0.003234083336302436,1.3640355704982896,1.0720338983050832
2018-10-09,-0.044975703784973585,0,0.0005,-0.0005,-0.044975703784973585,1.3633537231890729,1.0248866077822856
2018-10-10,-0.012480752637967935,0,0.0,-0.0,-0.012480752637967935,1.3633537231890729,1.012174743375506
2018-10-11,0.027449967278561815,0,0.0,0.0,0.027449967278561815,1.3633537231890729,1.040343757460013
2018-10-12,-0.012178028319556262,0,0.0,-0.0,-0.012178028319556262,1.3633537231890729,1.0277512532824051
2018-10-15,0.028677236302348277,0,0.0,0.0,0.028677236302348277,1.3633537231890729,1.057650990689901
2018-10-16,0.00039491129113271734,0,0.0,0.0,0.00039491129113271734,1.3633537231890729,1.0580687514920015
2018-10-17,-0.023455293890633867,0,0.0,-0.0,-0.023455293890633867,1.3633537231890729,1.0335402243972296
2018-10-18,-0.0009243212674268515,0,0.0,-0.0,-0.0009243212674268515,1.3633537231890729,1.0325853425638567
2018-10-19,0.005130729267522807,0,0.0,0.0,0.005130729267522807,1.3633537231890729,1.0378968727619944
2018-10-22,-0.0036868524969957068,0,0.0,-0.0,-0.0036868524969957068,1.3633537231890729,1.0340773454285022
2018-10-23,-0.04684711169822581,0,0.0,-0.0,-0.04684711169822581,1.3633537231890729,0.9867510145619469
2018-10-24,0.034010412328105984,0,0.0,0.0,0.034010412328105984,1.3633537231890729,1.0208880401050358
2018-10-25,-0.02605856319857494,0,0.0,-0.0,-0.02605856319857494,1.3633537231890729,0.994628789687275
2018-10-26,-0.02079555978811705,0,0.0,-0.0,-0.02079555978811705,1.3633537231890729,0.9741585103843388
2018-10-29,0.01634549531527351,0,0.0,0.0,0.01634549531527351,1.3633537231890729,0.9902124612079243
2018-10-30,0.02323330809000016,0,0.0,0.0,0.02323330809000016,1.3633537231890729,1.013487705896394
2018-10-31,0.013104200621984693,0,0.0,0.0,0.013104200621984693,1.3633537231890729,1.0268560515636178
2018-11-01,-0.01569854169974912,0,0.0,-0.0,-0.01569854169974912,1.3633537231890729,1.010861780854618
2018-11-02,-0.002482710975556217,0,0.0,-0.0,-0.002482710975556217,1.3633537231890729,1.0083552160420137
2018-11-05,0.007547205635382904,0,0.0,0.0,0.007547205635382904,1.3633537231890729,1.0159942707089986
2018-11-06,0.030885573344783188,0,0.0,0.0,0.030885573344783188,1.3633537231890729,1.0478634518978265
2018-11-07,-0.006399290492990261,0,0.0,-0.0,-0.006399290492990261,1.3633537231890729,1.0411792790642147
2018-11-08,-0.016995611122635305,0,0.0,-0.0,-0.016995611122635305,1.3633537231890729,1.0236333253759835
2018-11-09,-0.03072611107999357,0,0.0,-0.0,-0.03072611107999357,1.3633537231890729,0.9926593459059431
2018-11-12,0.0008413462034759727,0,0.0,0.0,0.0008413462034759727,1.3633537231890729,0.9934948675101445
2018-11-13,-0.00765825191904193,0,0.0,-0.0,-0.00765825191904193,1.3633537231890729,0.9859154929577453
2018-11-14,0.017342689158425233,0,0.0,0.0,0.017342689158425233,1.3633537231890729,1.0031630460730474
2018-11-15,-0.003516198980181696,0,0.0,-0.0,-0.003516198980181696,1.3633537231890729,0.999641919312484
2018-11-16,-0.03301671423254193,0,0.0,-0.0,-0.03301671423254193,1.3633537231890729,0.9671759369777979
2018-11-19,-0.018056651473851375,0,0.0,-0.0,-0.018056651473851375,1.3633537231890729,0.9498687037479101
2018-11-20,0.0075736599619895305,0,0.0,0.0,0.0075736599619895305,1.3633537231890729,0.9570899976127942
2018-11-21,-0.007259560012804111,0,0.0,-0.0,-0.007259560012804111,1.3633537231890729,0.9501671043208392
2018-11-23,0.02285104086160025,0,0.0,0.0,0.02285104086160025,1.3633537231890729,0.9721293864884208
2018-11-26,0.003370824139853115,0,0.0,0.0,0.003370824139853115,1.3633537231890729,0.975411792790641
2018-11-27,0.031676039042555934,0,0.0,0.0,0.031676039042555934,1.3633537231890729,1.0068035330627823
2018-11-28,-0.003265551365643885,0,0.0,-0.0,-0.003265551365643885,1.3633537231890729,1.0035211267605624
2018-11-29,0.007229232716751225,0,0.0,0.0,0.007229232716751225,1.3633537231890729,1.0108021007400323
2018-11-30,0.017325572390455832,0,0.0,0.0,0.017325572390455832,1.3633537231890729,1.028467414657435
2018-12-03,-0.03911162608428473,0,0.0,-0.0,-0.03911162608428473,1.3633537231890729,0.989018858916208
2018-12-04,0.007035295546110326,1,0.0005,0.006535295546110325,0.007035295546110326,1.372292820710331,0.9960014323227487
2018-12-06,-0.03357308033495098,0,0.0005,-0.0005,-0.03357308033495098,1.3716068458079926,0.9631176891859621
2018-12-07,0.010417724052825312,1,0.0005,0.009917724052825311,0.010417724052825312,1.385277744054829,0.9732036285509655
2018-12-10,0.0033059905217995163,0,0.0005,-0.0005,0.0033059905217995163,1.3845852783136632,0.9764263547386
2018-12-11,0.008762911304216834,1,0.0005,0.008262911304216834,0.008762911304216834,1.3960733808846766,0.9850202912389581
2018-12-12,0.0003028926268801313,1,0.0,0.0003028926268801313,0.0003028926268801313,1.3964963052654353,0.985318691811887
2018-12-13,-0.024650214942828805,1,0.0,-0.024650214942828805,-0.024650214942828805,1.3624931850524309,0.9613272857483875
2018-12-14,-0.022920220956715802,1,0.0,-0.022920220956715802,-0.022920220956715802,1.331619705257041,0.9395440439245633
2018-12-17,0.0062688190095958095,0,0.0005,-0.0005,0.0062688190095958095,1.3309540618291371,0.9454523752685592
2018-12-18,-0.024861481790530035,0,0.0,-0.0,-0.024861481790530035,1.3309540618291371,0.9222368106946753
2018-12-19,-0.01460165438200415,0,0.0,-0.0,-0.01460165438200415,1.3309540618291371,0.9088684650274516
2018-12-20,-0.03148395838824132,0,0.0,-0.0,-0.03148395838824132,1.3309540618291371,0.8806994509429446
2018-12-21,-0.027967604275682234,1,0.0005,-0.028467604275682235,-0.027967604275682234,1.2935992124995253,0.856409644306516
2018-12-24,0.06056723136045197,1,0.0,0.06056723136045197,0.06056723136045197,1.3743702852799835,0.9098830269754107
2018-12-26,0.003862398831293847,0,0.0005,-0.0005,0.003862398831293847,1.373683271905,0.9134041537359741
2018-12-27,-0.0005228416562475018,0,0.0,-0.0,-0.0005228416562475018,1.373683271905,0.9129267128192875
2018-12-28,0.008397666770678942,0,0.0,0.0,0.008397666770678942,1.373683271905,0.9206254476008582
2018-12-31,0.004011133022413707,0,0.0,0.0,0.004011133022413707,1.373683271905,0.9243256147051789
2019-01-02,-0.033216050008530076,0,0.0,-0.0,-0.033216050008530076,1.373683271905,0.894127476724754
2019-01-03,0.04189470690407487,0,0.0,0.0,0.04189470690407487,1.373683271905,0.9323824301742646
2019-01-04,0.011835210684284714,0,0.0,0.0,0.011835210684284714,1.373683271905,0.9434829314872272
2019-01-07,0.009004815105431892,0,0.0,0.0,0.009004815105431892,1.373683271905,0.9520171878729995
2019-01-08,0.008116420906474743,0,0.0,0.0,0.008116420906474743,1.373683271905,0.959775602769156
2019-01-09,0.0028562577630008123,0,0.0,0.0,0.0028562577630008123,1.373683271905,0.9625208880401037
2019-01-10,-0.003664941829342028,0,0.0,-0.0,-0.003664941829342028,1.373683271905,0.9589997612795403
2019-01-11,-0.008876167789971951,0,0.0,-0.0,-0.008876167789971951,1.373683271905,0.9505251850083539
2019-01-14,0.01933839217061057,0,0.0,0.0,0.01933839217061057,1.373683271905,0.9690857006445439
2019-01-15,-0.0001847688854454118,0,0.0,-0.0,-0.0001847688854454118,1.373683271905,0.9689066603007864
2019-01-16,0.00785328289194923,0,0.0,0.0,0.00785328289194923,1.373683271905,0.9765457149677714
2019-01-17,0.009851697290991493,0,0.0,0.0,0.009851697290991493,1.373683271905,0.9862138935306742
2019-01-18,-0.020233582473827443,0,0.0,-0.0,-0.020233582473827443,1.373683271905,0.9664597756027679
2019-01-22,0.001295936495358741,0,0.0,0.0,0.001295936495358741,1.373683271905,0.96771305800907
2019-01-23,0.006454609776679472,0,0.0,0.0,0.006454609776679472,1.373683271905,0.9739794700405809
2019-01-24,0.01187770930679204,0,0.0,0.0,0.01187770930679204,1.373683271905,0.9856170923848159
2019-01-25,-0.012429332010859634,0,0.0,-0.0,-0.012429332010859634,1.373683271905,0.9734423490093087
2019-01-28,-0.009486334537200028,1,0.0005,-0.009986334537200029,-0.009486334537200028,1.3600334803335015,0.9642516113630922
2019-01-29,0.025119731798589656,1,0.0,0.025119731798589656,0.025119731798589656,1.3946298633512073,0.9887801384578643
2019-01-30,0.014857690041312278,0,0.0005,-0.0005,0.014857690041312278,1.3939327227192133,1.0035808068751477
2019-01-31,-0.004231107888427471,0,0.0,-0.0,-0.004231107888427471,1.3939327227192133,0.9993435187395543
2019-02-01,0.012345103069648124,1,0.0005,0.011845103069648123,0.012345103069648124,1.4105421756321361,1.011756982573405
2019-02-04,0.008809077401738462,0,0.0005,-0.0005,0.008809077401738462,1.4098370808327094,1.020708999761278
2019-02-05,-0.0029863878145905227,1,0.0005,-0.0034863878145905227,-0.0029863878145905227,1.404930400279199,1.0176653139174012
2019-02-06,-0.013520501165940713,1,0.0,-0.013520501165940713,-0.013520501165940713,1.3860628737917522,1.0039985676772483
2019-02-07,0.0019596787648646307,1,0.0,0.0019596787648646307,0.0019596787648646307,1.3887817749886333,1.0059680114585803
2019-02-08,-0.0009496676877072478,1,0.0,-0.0009496676877072478,-0.0009496676877072478,1.3874635198628729,1.0050131296252072
2019-02-11,0.01467797285059108,1,0.0,0.01467797285059108,0.01467797285059108,1.4079788652575198,1.0198734781570762
2019-02-12,0.000701959666145026,0,0.0005,-0.0005,0.000701959666145026,1.40727505179292,1.0205896395321064
2019-02-13,0.0012272449893771938,1,0.0005,0.0007272449893771938,0.0012272449893771938,1.4082988577567674,1.0218429219384084
2019-02-14,0.004196299431958386,1,0.0,0.004196299431958386,0.004196299431958386,1.4142209181328034,1.0261398901885874
2019-02-15,0.0019754814396118663,1,0.0,0.0019754814396118663,0.0019754814396118663,1.4170174466437093,1.0281690140845055
2019-02-19,-0.0001741502921418817,1,0.0,-0.0001741502921418817,-0.0001741502921418817,1.4167706941280411,1.0279899737407479
2019-02-20,-0.003664179514793092,1,0.0,-0.003664179514793092,-0.003664179514793092,1.4115888912990096,1.0242301265218412
2019-02-21,0.007372823737709591,1,0.0,0.007372823737709591,0.007372823737709591,1.4220347477956283,1.03180950107424
2019-02-22,0.003637312401934372,1,0.0,0.003637312401934372,0.003637312401934372,1.42721655062466,1.035569348293147
2019-02-25,0.0010368067284400866,1,0.0,0.0010368067284400866,0.0010368067284400866,1.4286970657186686,1.0366435903556914
2019-02-26,-0.0006334763666013914,1,0.0,-0.0006334763666013914,-0.0006334763666013914,1.4277923064945521,1.0359871090952475
2019-02-27,-0.0023069391395059637,1,0.0,-0.0023069391395059637,-0.0023069391395059637,1.4245022729523098,1.0335999045118147
2019-02-28,0.006904912640417012,1,0.0,0.006904912640417012,0.006904912640417012,1.4343723735790364,1.040761518262113
2019-03-01,0.00017201341747075772,1,0.0,0.00017201341747075772,0.00017201341747075772,1.4346191260947048,1.0409405586058706
2019-03-04,0.0007450497522056488,1,0.0,0.0007450497522056488,0.0007450497522056488,1.4356883869959336,1.0417164000954864
2019-03-05,-0.005687872620895129,1,0.0,-0.005687872620895129,-0.005687872620895129,1.4275455539788842,1.0358080687514901
2019-03-06,-0.012348340910760211,1,0.0,-0.012348340910760211,-0.012348340910760211,1.4100261253664446,1.0230962043447107
2019-03-07,-0.0015178053118169244,1,0.0,-0.0015178053118169244,-0.0015178053118169244,1.407887603563987,1.0215445213654792
2019-03-08,0.020584710643374235,1,0.0,0.020584710643374235,0.020584710643374235,1.4371689020899425,1.042790642158031
2019-03-11,0.005479153026015892,0,0.0005,-0.0005,0.005479153026015892,1.4364504972550731,1.04851993315827
2019-03-12,0.007485149776102208,1,0.0005,0.006985149776102208,0.007485149776102208,1.446519444736907,1.0563977082835982
2019-03-13,-0.001696257333100815,1,0.0,-0.001696257333100815,-0.001696257333100815,1.4440678553723452,1.0546073048460236
2019-03-14,0.00923794098493614,1,0.0,0.00923794098493614,0.00923794098493614,1.4574698772319492,1.0643948436380979
2019-03-15,0.0005605381312688887,0,0.0005,-0.0005,0.0005605381312688887,1.4567413244467076,1.0649916447839562
2019-03-18,0.0033566465082724988,1,0.0005,0.0028566465082724988,0.0033566465082724988,1.4609086689457575,1.0685724516591055
2019-03-19,0.003957531432631903,1,0.0,0.003957531432631903,0.003957531432631903,1.4667017164461846,1.0728097397946985
2019-03-20,0.015511033248345149,1,0.0,0.015511033248345149,0.015511033248345149,1.4896291297929456,1.089579851993314
2019-03-21,-0.02220898193247269,0,0.0005,-0.0005,-0.02220898193247269,1.4888845014006604,1.0656481260444004
2019-03-22,-0.0019059370083723587,0,0.0,-0.0,-0.0019059370083723587,1.4888845014006604,1.0636190021484824
2019-03-25,0.004646354259867951,1,0.0005,0.0041463542598679515,0.004646354259867951,1.4950707603430784,1.0685724516591055
2019-03-26,-0.006443501772652333,1,0.0,-0.006443501772652333,-0.006443501772652333,1.4854682394025893,1.0617092384817362
2019-03-27,0.002302013874165712,1,0.0,0.002302013874165712,0.002302013874165712,1.4888917468683287,1.0641561231797545
2019-03-28,0.007542567255105284,1,0.0,0.007542567255105284,0.007542567255105284,1.5001642714506418,1.0722129386488402
2019-03-29,0.013160267347380612,1,0.0,0.013160267347380612,0.013160267347380612,1.5200373147883492,1.0864168059202655
2019-04-01,0.0037832103680616336,0,0.0005,-0.0005,0.0037832103680616336,1.519277486103956,1.0905347338266869
2019-04-02,0.005729736556236006,1,0.0005,0.005229736556236006,0.005729736556236006,1.5272437196069215,1.0968011458581979
2019-04-03,-0.00038096275189316697,1,0.0,-0.00038096275189316697,-0.00038096275189316697,1.5266620074490562,1.0963833850560971
2019-04-04,0.005157869023636058,1,0.0,0.005157869023636058,0.005157869023636058,1.5345566724486568,1.10205299594175
2019-04-05,0.002541984656603362,1,0.0,0.002541984656603362,0.002541984656603362,1.538462454080038,1.1048579613272835
2019-04-08,-0.0035172244803363274,1,0.0,-0.0035172244803363274,-0.0035172244803363274,1.5330608411855746,1.1009787538792053
2019-04-09,0.005352087380446658,1,0.0,0.005352087380446658,0.005352087380446658,1.5412879131325268,1.1068870852232016
2019-04-10,-0.0023751698075707016,1,0.0,-0.0023751698075707016,-0.0023751698075707016,1.5376314367116592,1.1042611601814254
2019-04-11,0.004314303191934536,1,0.0,0.004314303191934536,0.004314303191934536,1.5442795756586911,1.109035569348291
2019-04-12,0.00016142484363384295,1,0.0,0.00016142484363384295,0.00016142484363384295,1.5445288808692048,1.1092146096920483
2019-04-15,0.003437536954676877,1,0.0,0.003437536954676877,0.003437536954676877,1.54984739202683,1.1130341370255408
2019-04-16,0.0034791952665677657,1,0.0,0.0034791952665677657,0.0034791952665677657,1.5552490049212937,1.116913344473619
2019-04-17,0.0012815722371363847,1,0.0,0.0012815722371363847,0.0012815722371363847,1.557243446605403,1.1183456672236787
2019-04-18,0.00282433376308292,1,0.0,0.00282433376308292,0.00282433376308292,1.5616478386578119,1.1215087132967272
2019-04-22,0.012637981178278824,1,0.0,0.012637981178278824,0.012637981178278824,1.5815091537620702,1.1357722606827383
2019-04-23,-0.003157731164481927,0,0.0005,-0.0005,-0.003157731164481927,1.5807185968408894,1.1321914538075892
2019-04-24,0.0040506118141532535,1,0.0005,0.0035506118141532535,0.0040506118141532535,1.5863410907054305,1.1367868226306972
2019-04-25,0.0008920841249655017,1,0.0,0.0008920841249655017,0.0008920841249655017,1.587756871813263,1.1378013845786563
2019-04-26,0.001938848303018774,1,0.0,0.001938848303018774,0.001938848303018774,1.5908382777538395,1.1400095488183315
2019-04-29,-0.007778050564542763,1,0.0,-0.007778050564542763,-0.007778050564542763,1.5785126539915333,1.13117689185963
2019-04-30,-0.0032235079568221584,1,0.0,-0.0032235079568221584,-0.0032235079568221584,1.573432498251664,1.1275364048698953
2019-05-01,-0.004349677980297309,1,0.0,-0.004349677980297309,-0.004349677980297309,1.5666034364374137,1.1226426354738581
2019-05-02,0.015822280395960616,0,0.0005,-0.0005,0.015822280395960616,1.565820330511991,1.1405466698496038
2019-05-03,-0.006140945686083469,0,0.0,-0.0,-0.006140945686083469,1.565820330511991,1.1335640964430629
2019-05-06,-0.019672068271733352,1,0.0005,-0.020172068271733352,-0.019672068271733352,1.5345509403580007,1.1114824540463097
2019-05-07,-0.002526815139760274,0,0.0005,-0.0005,-0.002526815139760274,1.5337838566747233,1.1086774886607762
2019-05-08,-0.005397541036251191,0,0.0,-0.0,-0.005397541036251191,1.5337838566747233,1.1027094772021941
2019-05-09,0.001244016711263196,0,0.0,0.0,0.001244016711263196,1.5337838566747233,1.104082119837668
2019-05-10,-0.03531914498925434,0,0.0,-0.0,-0.03531914498925434,1.5337838566747233,1.0657674862735718
2019-05-13,0.01091567978093831,0,0.0,0.0,0.01091567978093831,1.5337838566747233,1.0774647887323923
2019-05-14,0.014025475354504458,0,0.0,0.0,0.014025475354504458,1.5337838566747233,1.0926832179517763
2019-05-15,0.009999539872271949,0,0.0,0.0,0.009999539872271949,1.5337838566747233,1.1036643590355673
2019-05-16,-0.01027266690535217,0,0.0,-0.0,-0.01027266690535217,1.5337838566747233,1.0923848173788473
2019-05-17,-0.017025673666393366,0,0.0,-0.0,-0.017025673666393366,1.5337838566747233,1.0739436619718288
2019-05-20,0.010393150106263788,0,0.0,0.0,0.010393150106263788,1.5337838566747233,1.0851635235139632
2019-05-21,-0.004464662232278652,0,0.0,-0.0,-0.004464662232278652,1.5337838566747233,1.0803294342325118
2019-05-22,-0.01542046310461944,0,0.0,-0.0,-0.01542046310461944,1.5337838566747233,1.0637980424922395
2019-05-23,-0.0005050363452930988,0,0.0,-0.0,-0.0005050363452930988,1.5337838566747233,1.0632609214609672
2019-05-24,-0.003767753648856905,0,0.0,-0.0,-0.003767753648856905,1.5337838566747233,1.0592623537837174
2019-05-28,-0.008259834242374304,0,0.0,-0.0,-0.008259834242374304,1.5337838566747233,1.0505490570541878
2019-05-29,0.00419501748991083,0,0.0,0.0,0.00419501748991083,1.5337838566747233,1.0549653855335384
2019-05-30,-0.016081550949840796,0,0.0,-0.0,-0.016081550949840796,1.5337838566747233,1.038135593220337
2019-05-31,-0.022263831212518126,0,0.0,-0.0,-0.022263831212518126,1.5337838566747233,1.0152781093339682
2019-06-03,0.027767485533538947,0,0.0,0.0,0.027767485533538947,1.5337838566747233,1.0438648842205758
2019-06-04,0.007404909661667588,0,0.0,0.0,0.007404909661667588,1.5337838566747233,1.0516232991167325
2019-06-05,0.007913669698596183,0,0.0,0.0,0.007913669698596183,1.5337838566747233,1.0599785151587473
2019-06-06,0.019127866046046306,0,0.0,0.0,0.019127866046046306,1.5337838566747233,1.0804487944616834
2019-06-07,0.011587487899541555,0,0.0,0.0,0.011587487899541555,1.5337838566747233,1.0930412986392914
2019-06-10,0.0013640705975410158,0,0.0,0.0,0.0013640705975410158,1.5337838566747233,1.094533301503937
2019-06-11,-0.005796483665607762,1,0.0005,-0.006296483665607762,-0.005796483665607762,1.524156751934563,1.0882072093578399
2019-06-12,0.005905528974041296,1,0.0,0.005905528974041296,0.005905528974041296,1.5331843338808682,1.0946526617331085
2019-06-13,-0.004261602909258052,1,0.0,-0.004261602909258052,-0.004261602909258052,1.5266644135863143,1.0899976127954145
2019-06-14,0.006004712621780448,1,0.0,0.006004712621780448,0.006004712621780448,1.53585917297607,1.0965624253998547
2019-06-17,0.014426834037833668,1,0.0,0.014426834037833668,0.014426834037833668,1.558177361676658,1.1124970159942686
2019-06-18,0.0037481303249868566,0,0.0005,-0.0005,0.0037481303249868566,1.5573984677355321,1.116674624015276
2019-06-19,0.009256369952324916,1,0.0005,0.008756369952324915,0.009256369952324916,1.5710955055301707,1.1270589639532087
2019-06-20,-0.0014837584196345874,0,0.0005,-0.0005,-0.0014837584196345874,1.570310154131617,1.1253879207448056
2019-06-21,-0.00217662602856918,1,0.0005,-0.00267662602856918,-0.00217662602856918,1.5661126411923652,1.122941036046787
2019-06-24,-0.01731528961347688,1,0.0,-0.01731528961347688,-0.01731528961347688,1.5392283733827812,1.1036643590355673
2019-06-25,0.004639628521293988,1,0.0,0.004639628521293988,0.004639628521293988,1.546386413728367,1.1087968488899478
2019-06-26,0.0038142354657910204,1,0.0,0.0038142354657910204,0.0038142354657910204,1.552295958664839,1.113034137025541
2019-06-27,0.0012860359719095475,1,0.0,0.0012860359719095475,0.0012860359719095475,1.5542935513194212,1.1144664597756007
2019-06-28,0.01340445602430681,1,0.0,0.01340445602430681,0.01340445602430681,1.5752682741925332,1.1295058486512273
2019-07-01,0.003954971274353999,0,0.0005,-0.0005,0.003954971274353999,1.5744808369311571,1.1339818572451639
2019-07-02,0.007497741245677286,1,0.0005,0.006997741245677286,0.007497741245677286,1.5855372863924917,1.142516113630936
2019-07-03,-0.0020392697072088863,1,0.0,-0.0020392697072088863,-0.0020392697072088863,1.5823072428190845,1.140188589162089
2019-07-05,-0.007038583528454972,1,0.0,-0.007038583528454972,-0.007038583528454972,1.5712091443873777,1.1321914538075892
2019-07-08,0.004995146700978092,1,0.0,0.004995146700978092,0.004995146700978092,1.5790771992456771,1.137861064693242
2019-07-09,0.009916056409384444,1,0.0,0.009916056409384444,0.009916056409384444,1.5948133089622762,1.1492002864645479
2019-07-10,-0.0007273105416980584,0,0.0005,-0.0005,-0.0007273105416980584,1.5940161016262377,1.1483647648603463
2019-07-11,0.005752056279141461,1,0.0005,0.005252056279141461,0.005752056279141461,1.602409987186716,1.1549892575793723
2019-07-12,0.0031985169654163447,1,0.0,0.0031985169654163447,0.0031985169654163447,1.6075435281987336,1.1586894246836932
2019-07-15,-0.005163967065386027,1,0.0,-0.005163967065386027,-0.005163967065386027,1.5992636233406405,1.1527214132251111
2019-07-16,-0.004930592576098303,1,0.0,-0.004930592576098303,-0.004930592576098303,1.5913977137254522,1.1470518023394582
2019-07-17,0.0011439863969265158,1,0.0,0.0011439863969265158,0.0011439863969265158,1.5932192927942328,1.1483647648603463
2019-07-18,-0.0073547002360748615,1,0.0,-0.0073547002360748615,-0.0073547002360748615,1.5815446269443219,1.1399498687037457
2019-07-19,0.007926203044200558,1,0.0,0.007926203044200558,0.007926203044200558,1.594130082328623,1.1490212461207905
2019-07-22,0.006523112796913776,1,0.0,0.006523112796913776,0.006523112796913776,1.60456276244982,1.1565409405586036
2019-07-23,0.00699339508846589,1,0.0,0.00699339508846589,0.00699339508846589,1.6158234330568262,1.164657436142275
2019-07-24,-0.009525107412338687,1,0.0,-0.009525107412338687,-0.009525107412338687,1.6005056090693546,1.1536166149438984
2019-07-25,0.01024224708040563,1,0.0,0.01024224708040563,0.01024224708040563,1.616982619736959,1.1654929577464765
2019-07-26,-0.003436693900847965,0,0.0005,-0.0005,-0.003436693900847965,1.616174330516235,1.1614943900692267
2019-07-29,-0.0043254444369848575,1,0.0005,-0.004825444436984858,-0.0043254444369848575,1.6083943570949093,1.1564812604440178
2019-07-30,-0.013926643710630796,1,0.0,-0.013926643710630796,-0.013926643710630796,1.5861500755539124,1.140486989735018
2019-07-31,-0.004983616871958593,0,0.0005,-0.0005,-0.004983616871958593,1.5853571987518542,1.1348173788493652
2019-08-01,-0.014834709134572346,0,0.0,-0.0,-0.014834709134572346,1.5853571987518542,1.1181069467653355
2019-08-02,-0.035974320392149185,0,0.0,-0.0,-0.035974320392149185,1.5853571987518542,1.0785987109095228
2019-08-05,0.013901704689519826,0,0.0,0.0,0.013901704689519826,1.5853571987518542,1.0936977798997352
2019-08-06,0.005387621532378821,0,0.0,0.0,0.005387621532378821,1.5853571987518542,1.0996061112437312
2019-08-07,0.021530455049628208,0,0.0,0.0,0.021530455049628208,1.5853571987518542,1.123537837192645
2019-08-08,-0.009446367775719085,0,0.0,-0.0,-0.009446367775719085,1.5853571987518542,1.112974456910955
2019-08-09,-0.01154149366320157,0,0.0,-0.0,-0.01154149366320157,1.5853571987518542,1.1002029123895896
2019-08-12,0.021678157497129497,0,0.0,0.0,0.021678157497129497,1.5853571987518542,1.1243136786822607
2019-08-13,-0.030340465482212274,0,0.0,-0.0,-0.030340465482212274,1.5853571987518542,1.090713774170444
2019-08-14,-0.001149708593424824,0,0.0,-0.0,-0.001149708593424824,1.5853571987518542,1.089460491764142
2019-08-15,0.01592295142161403,0,0.0,0.0,0.01592295142161403,1.5853571987518542,1.106946765337787
2019-08-16,0.01577952561113908,0,0.0,0.0,0.01577952561113908,1.5853571987518542,1.124552399140604
2019-08-19,-0.007778408957216297,0,0.0,-0.0,-0.007778408957216297,1.5853571987518542,1.1158391024110743
2019-08-20,0.008839248180450392,1,0.0005,0.008339248180450391,0.008839248180450392,1.5986331647369827,1.1257460014323204
2019-08-21,-0.003239084207228336,1,0.0,-0.003239084207228336,-0.003239084207228336,1.5934634344157743,1.1221055144425853
2019-08-22,-0.0321571116345314,1,0.0,-0.0321571116345314,-0.0321571116345314,1.543037376364642,1.0865958462640224
2019-08-23,0.014991149944020796,1,0.0,0.014991149944020796,0.014991149944020796,1.5663435376487786,1.1030078777751229
2019-08-26,-0.0021123907651796787,0,0.0005,-0.0005,-0.0021123907651796787,1.5655605616402684,1.100680353306276
2019-08-27,0.0035722055739108222,1,0.0005,0.0030722055739108222,0.0035722055739108222,1.5703776813261656,1.1046192408689401
2019-08-28,0.015174147082031901,1,0.0,0.015174147082031901,0.015174147082031901,1.5943885346307904,1.121508713296727
2019-08-29,-0.002397507741557309,0,0.0005,-0.0005,-0.002397507741557309,1.5935915396288296,1.1188231081403652
2019-08-30,-0.009755651986010931,1,0.0005,-0.010255651986010932,-0.009755651986010931,1.5773317393318775,1.107961327285746
2019-09-03,0.014332562583566822,1,0.0,0.014332562583566822,0.014332562583566822,1.6001017315829384,1.1239555979947458
2019-09-04,0.01815313851887923,0,0.0005,-0.0005,0.01815313851887923,1.599301880696532,1.1445452375268537
2019-09-05,-0.000991209617634152,0,0.0,-0.0,-0.000991209617634152,1.599301880696532,1.143411315349723
2019-09-06,-0.0020899741135886442,1,0.0005,-0.0025899741135886442,-0.0020899741135886442,1.5951650896290577,1.1410241107662902
2019-09-09,-0.002880865203825782,1,0.0,-0.002880865203825782,-0.002880865203825782,1.5905762471200562,1.13774170446407
2019-09-10,0.009345618441981035,1,0.0,0.009345618441981035,0.009345618441981035,1.6055108436493517,1.148424444974932
2019-09-11,0.004148737994441241,0,0.0005,-0.0005,0.004148737994441241,1.6047082888829387,1.1531988541417972
2019-09-12,-0.0035772648770884736,1,0.0005,-0.004077264877088474,-0.0035772648770884736,1.598178788435703,1.1490809262353756
2019-09-13,-0.004476609422735951,1,0.0,-0.004476609422735951,-0.004476609422735951,1.591040356120056,1.1439484363809953
2019-09-16,0.004788184436940689,1,0.0,0.004788184436940689,0.004788184436940689,1.59867681859726,1.1494390069228906
2019-09-17,-0.00041545492911648134,1,0.0,-0.00041545492911648134,-0.00041545492911648134,1.598012778381851,1.1489615660062042
2019-09-18,0.0016607851025127979,1,0.0,0.0016607851025127979,0.0016607851025127979,1.600668939243487,1.1508713296729502
2019-09-19,-0.010635070523235349,1,0.0,-0.010635070523235349,-0.010635070523235349,1.5837359137505564,1.1386965862974432
2019-09-20,-0.001573564447430552,1,0.0,-0.001573564447430552,-0.001573564447430552,1.5812457629427725,1.1369061828598686
2019-09-23,-0.013369818938251659,1,0.0,-0.013369818938251659,-0.013369818938251659,1.5602454911304615,1.121807113869656
2019-09-24,0.011162660545776122,0,0.0005,-0.0005,0.011162660545776122,1.5594655633830816,1.134399618047264
2019-09-25,-0.0036894576189261683,0,0.0,-0.0,-0.0036894576189261683,1.5594655633830816,1.1302220100262566
2019-09-26,-0.012486546760445324,1,0.0005,-0.012986546760445325,-0.012486546760445324,1.5393444257559294,1.1161971830985888
2019-09-27,0.009472186615532,1,0.0,0.009472186615532,0.009472186615532,1.553994658755157,1.1268202434948646
2019-09-30,-0.008189792638023712,0,0.0005,-0.0005,-0.008189792638023712,1.553217855642741,1.1176295058486485
2019-10-01,-0.017343965947386887,1,0.0005,-0.017843965947386888,-0.017343965947386887,1.5257481026627029,1.0984125089520145
2019-10-02,0.010915487174519846,0,0.0005,-0.0005,0.010915487174519846,1.5249854192981018,1.1104678920983502
2019-10-03,0.014618271410890879,0,0.0,0.0,0.014618271410890879,1.5249854192981018,1.1268202434948649
2019-10-04,-0.003023473991333712,0,0.0,-0.0,-0.003023473991333712,1.5249854192981018,1.1234184769634732
2019-10-07,-0.015094222240270763,1,0.0005,-0.015594222240270763,-0.015094222240270763,1.5013889204605309,1.106588684650272
2019-10-08,0.00971428543522503,1,0.0,0.00971428543522503,0.00971428543522503,1.5160449119718757,1.1173907853903053
2019-10-09,0.007714650801999696,0,0.0005,-0.0005,0.007714650801999696,1.5152870789899233,1.1260444020052494
2019-10-10,0.012796720084828902,1,0.0005,0.012296720084828901,0.012796720084828902,1.534035173845735,1.1405466698496034
2019-10-11,-0.0001046572476100016,0,0.0005,-0.0005,-0.0001046572476100016,1.5332683479812537,1.1404273096204318
2019-10-14,0.012636345048491971,1,0.0005,0.01213634504849197,0.012636345048491971,1.5519899981137792,1.154929577464786
2019-10-15,-0.002483444984995618,0,0.0005,-0.0005,-0.002483444984995618,1.551214197081143,1.1520649319646667
2019-10-16,0.0026384557068810112,1,0.0005,0.0021384557068810112,0.0026384557068810112,1.554534949308781,1.1551086178085437
2019-10-17,-0.009656393173588209,1,0.0,-0.009656393173588209,-0.009656393173588209,1.5395959929372267,1.144008116495581
2019-10-18,0.008829391524138011,1,0.0,0.008829391524138011,0.008829391524138011,1.5532498777929482,1.1541537359751703
2019-10-21,-0.007995058681245656,1,0.0,-0.007995058681245656,-0.007995058681245656,1.5408810644530593,1.1449629983289542
2019-10-22,0.0019267327021770277,1,0.0,0.0019267327021770277,0.0019267327021770277,1.5438527923334224,1.1471711625686296
2019-10-23,0.009681419617497473,1,0.0,0.009681419617497473,0.009681419617497473,1.5588720656747161,1.158331343996178
2019-10-24,0.007954266658520549,0,0.0005,-0.0005,0.007954266658520549,1.5580928244684147,1.16758176175698
2019-10-25,0.009816716254157263,1,0.0005,0.009316716254157262,0.009816716254157263,1.572676965871995,1.179100023872043
2019-10-28,-0.007774231883966922,0,0.0005,-0.0005,-0.007774231883966922,1.5718908239409197,1.1699689663404127
2019-10-29,0.004834245986917556,1,0.0005,0.004334245986917557,0.004834245986917556,1.5787185713161307,1.1756385772260658
2019-10-30,0.0004567716474980824,1,0.0,0.0004567716474980824,0.0004567716474980824,1.5794398499161533,1.1761756982573381
2019-10-31,0.009041607245647412,1,0.0,0.009041607245647412,0.009041607245647412,1.593785279849936,1.1868584387681995
2019-11-01,0.006165896668277908,0,0.0005,-0.0005,0.006165896668277908,1.592988586399971,1.1941990928622555
2019-11-04,0.0005495740939203912,1,0.0005,4.957409392039114e-05,0.0005495740939203912,1.5930675593232568,1.1948555741226996
2019-11-05,-0.0022501697120903314,1,0.0,-0.0022501697120903314,-0.0022501697120903314,1.58948691698923,1.1921699689663376
2019-11-06,0.003348412633977959,1,0.0,0.003348412633977959,0.003348412633977959,1.5948180955754476,1.1961685366435877
2019-11-07,0.003983473872781267,1,0.0,0.003983473872781267,0.003983473872781267,1.6011836819470504,1.2009429458104532
2019-11-08,-0.0013426491984429654,1,0.0,-0.0013426491984429654,-0.0013426491984429654,1.5990352965466346,1.1993315827166362
2019-11-11,0.0028819895724225258,1,0.0,0.0028819895724225258,0.0028819895724225258,1.6036503466660466,1.202793029362614
2019-11-12,0.0002480589400759404,1,0.0,0.0002480589400759404,0.0002480589400759404,1.604048195814272,1.203091429935543
2019-11-13,-0.0007940053019995118,1,0.0,-0.0007940053019995118,-0.0007940053019995118,1.6027750785399515,1.20213654810217
2019-11-14,0.007320604489200247,1,0.0,0.007320604489200247,0.007320604489200247,1.6145514133274168,1.2109692050608714
2019-11-15,0.000788216209093131,1,0.0,0.000788216209093131,0.000788216209093131,1.6158245306017374,1.2119240868942445
2019-11-18,0.0014762329223581103,1,0.0,0.0014762329223581103,0.0014762329223581103,1.6182116254910888,1.2137144903318193
2019-11-19,-0.006016984024204093,1,0.0,-0.006016984024204093,-0.006016984024204093,1.6085041062743943,1.2064335163523492
2019-11-20,-0.0022285511266138605,0,0.0005,-0.0005,-0.0022285511266138605,1.607700055250764,1.2037479111959872
2019-11-21,0.0006443139518616686,1,0.0005,0.00014431395186166856,0.0006443139518616686,1.607932085541347,1.204523752685603
2019-11-22,0.01177208521536425,1,0.0,0.01177208521536425,0.01177208521536425,1.626972652773393,1.218787300071614
2019-11-25,0.001907884051076143,0,0.0005,-0.0005,0.001907884051076143,1.6261593697846968,1.2211148245404613
2019-11-26,0.006964596518916411,1,0.0005,0.006464596518916411,0.006964596518916411,1.636705886745119,1.2296490809262333
2019-11-27,-0.004572659619049487,1,0.0,-0.004572659619049487,-0.004572659619049487,1.6292388728956704,1.2240391501551662
2019-11-29,-0.010291686036547525,1,0.0,-0.010291686036547525,-0.010291686036547525,1.6125572462107318,1.2115063260921441
2019-12-02,-0.007863347556997443,1,0.0,-0.007863347556997443,-0.007863347556997443,1.599926871720707,1.2020171878729988
2019-12-03,0.005051516288696206,1,0.0,0.005051516288696206,0.005051516288696206,1.6080293761105344,1.2081045595607525
2019-12-04,0.0019740419972102655,1,0.0,0.0019740419972102655,0.0019740419972102655,1.6112068288124275,1.2104917641441852
2019-12-05,0.01064178936771184,1,0.0,0.01064178936771184,0.01064178936771184,1.6284445097201972,1.223442349009308
2019-12-06,-0.004546906897413791,0,0.0005,-0.0005,-0.004546906897413791,1.627630490986979,1.2178920983528267
2019-12-09,-0.000833394660584824,1,0.0005,-0.0013333946605848242,-0.000833394660584824,1.6254616634537555,1.216877536404868
2019-12-10,0.005282735823007295,1,0.0,0.005282735823007295,0.005282735823007295,1.6340712691258008,1.2233229887801365
2019-12-11,0.007436423975283547,1,0.0,0.007436423975283547,0.007436423975283547,1.6462682104945319,1.232454046311767
2019-12-12,0.003287409293690927,1,0.0,0.003287409293690927,0.003287409293690927,1.651689073325079,1.2365122941036029
2019-12-13,0.009989037580187184,1,0.0,0.009989037580187184,0.009989037580187184,1.6682705361008705,1.2489257579374535
2019-12-16,0.0005732575516467078,0,0.0005,-0.0005,0.0005732575516467078,1.667436609331886,1.2496419193124833
2019-12-17,0.0007638325668555764,1,0.0005,0.00026383256685557634,0.0007638325668555764,1.6678765914508487,1.2505968011458566
2019-12-18,0.006232031777723047,1,0.0,0.006232031777723047,0.006232031777723047,1.6783033074365352,1.2584148961565989
2019-12-19,0.004023007532044888,1,0.0,0.004023007532044888,0.004023007532044888,1.6850687338394614,1.2634877058963934
2019-12-20,0.0004722327250583983,1,0.0,0.0004722327250583983,0.0004722327250583983,1.6858646663574526,1.2640845070422517
2019-12-23,0.0005191985579071437,1,0.0,0.0005191985579071437,0.0005191985579071437,1.686740192127243,1.2647409883026954
2019-12-24,0.008785379848502394,1,0.0,0.008785379848502394,0.008785379848502394,1.701624130213681,1.2759011697302438
2019-12-26,-0.0008423023427331089,1,0.0,-0.0008423023427331089,-0.0008423023427331089,1.7001914516812968,1.2748269276676993
2019-12-27,-0.0065755720466250086,1,0.0,-0.0065755720466250086,-0.0065755720466250086,1.6890483964294183,1.2664717116256845
2019-12-30,0.0018831510673159289,1,0.0,0.0018831510673159289,0.0018831510673159289,1.6922321265013835,1.2688589162091173
2019-12-31,0.01655937272161428,1,0.0,0.01655937272161428,0.01655937272161428,1.7204877308900757,1.290045356887083
2020-01-02,-0.009202091239159759,0,0.0005,-0.0005,-0.009202091239159759,1.7196277020497581,1.2782286941990908
2020-01-03,0.006422510092566968,1,0.0005,0.005922510092566969,0.006422510092566968,1.7298424330365383,1.2864645500119338
2020-01-06,-0.0001391820735736144,1,0.0,-0.0001391820735736144,-0.0001391820735736144,1.729601686733926,1.2862855096681765
2020-01-07,0.007488247989108504,1,0.0,0.007488247989108504,0.007488247989108504,1.7426019870749871,1.2959536882310791
2020-01-08,0.008437707692667998,1,0.0,0.008437707692667998,0.008437707692667998,1.757367760301872,1.3069348293148702
2020-01-09,-0.0025604695987694144,0,0.0005,-0.0005,-0.0025604695987694144,1.756489296056084,1.3035927428980643
2020-01-10,0.011470834502019503,1,0.0005,0.010970834502019503,0.011470834502019503,1.7758655418786997,1.3186321317736907
2020-01-13,-0.0039453149604297445,0,0.0005,-0.0005,-0.0039453149604297445,1.7749778310539606,1.3134399618047246
2020-01-14,0.0004088586087619618,1,0.0005,-9.114139123803821e-05,0.0004088586087619618,1.774816064476949,1.313977082835997
2020-01-15,0.009537873186639468,1,0.0,0.009537873186639468,0.009537873186639468,1.791825020720063,1.326569587013605
2020-01-16,0.004936508700959959,0,0.0005,-0.0005,0.004936508700959959,1.7909293321505055,1.3331343996180451
2020-01-17,-0.00044776788461378024,1,0.0005,-0.0009477678846137802,-0.00044776788461378024,1.7892327509554637,1.3325375984721868
2020-01-21,0.002638937011723337,1,0.0,0.002638937011723337,0.002638937011723337,1.7939606590666413,1.3360587252327503
2020-01-22,0.003210991475841103,1,0.0,0.003210991475841103,0.003210991475841103,1.7997303096429935,1.340355693482929
2020-01-23,-0.008450943452309423,1,0.0,-0.008450943452309423,-0.008450943452309423,1.7845849768800686,1.329076151826209
2020-01-24,-0.020871901055738516,0,0.0005,-0.0005,-0.020871901055738516,1.7836929074275767,1.301623299116732
2020-01-27,0.015243157161623895,0,0.0,0.0,0.015243157161623895,1.7836929074275767,1.3216161375029818
2020-01-28,0.0016243291934908508,0,0.0,0.0,0.0016243291934908508,1.7836929074275767,1.3237646216280714
2020-01-29,0.003555279278746457,1,0.0005,0.003055279278746457,0.003555279278746457,1.789150921039476,1.3284793506803512
2020-01-30,-0.01598512539403634,1,0.0,-0.01598512539403634,-0.01598512539403634,1.7607784917884906,1.3074122702315567
2020-01-31,0.014996316827695113,0,0.0005,-0.0005,0.014996316827695113,1.7598983226032296,1.327166388159463
2020-02-03,0.022630731288667275,0,0.0,0.0,0.022630731288667275,1.7598983226032296,1.3575435664836455
2020-02-04,0.003291714442763105,0,0.0,0.0,0.003291714442763105,1.7598983226032296,1.3620195750775819
2020-02-05,0.00859497885114986,0,0.0,0.0,0.00859497885114986,1.7598983226032296,1.3737765576509882
2020-02-06,-0.0043100700170990705,1,0.0005,-0.00481007001709907,-0.0043100700170990705,1.7514534150292123,1.3678682263069921
2020-02-07,0.012013068119594543,1,0.0,0.012013068119594543,0.012013068119594543,1.7726206312579686,1.3843996180472644
2020-02-10,0.00017242122547983998,0,0.0005,-0.0005,0.00017242122547983998,1.7717345424829938,1.3846383385056076
2020-02-11,0.009693822157034635,1,0.0005,0.009193822157034634,0.009693822157034635,1.7880986639207042,1.398126044402003
2020-02-12,-0.0012813943321770454,0,0.0005,-0.0005,-0.0012813943321770454,1.7872048380638297,1.3963356409644283
2020-02-13,0.002859522658679185,1,0.0005,0.002359522658679185,0.002859522658679185,1.7914267672850275,1.4003342086416781
2020-02-14,0.0003834927716002056,1,0.0,0.0003834927716002056,0.0003834927716002056,1.79211389824759,1.4008713296729505
2020-02-18,0.009539831947798047,1,0.0,0.009539831947798047,0.009539831947798047,1.809292172311651,1.41429935545476
2020-02-19,-0.009326843938217796,0,0.0005,-0.0005,-0.009326843938217796,1.808387752349328,1.4011697302458797
2020-02-20,-0.019396371980848107,1,0.0005,-0.019896371980848107,-0.019396371980848107,1.7727629740741104,1.3742539985676747
2020-02-21,-0.039326681333394425,0,0.0005,-0.0005,-0.039326681333394425,1.7718768141455175,1.3212580568154666
2020-02-24,-0.027568372879632246,0,0.0,-0.0,-0.027568372879632246,1.7718768141455175,1.2853306278348031
2020-02-25,0.005140685165976546,1,0.0005,0.004640685165976545,0.005140685165976546,1.7801186456742115,1.291955120553829
2020-02-26,-0.051371097235173975,0,0.0005,-0.0005,-0.051371097235173975,1.779228808829124,1.2272618763428005
2020-02-27,0.0007777562126453683,1,0.0005,0.0002777562126453683,0.0007777562126453683,1.7797230693232777,1.2282167581761736
2020-02-28,0.05031614074355332,1,0.0,0.05031614074355332,0.05031614074355332,1.8715630061367527,1.2915970398663141
2020-03-02,-0.03259269473221566,0,0.0005,-0.0005,-0.03259269473221566,1.8706274585400742,1.2501790403437554
2020-03-03,0.04087545881566572,0,0.0,0.0,0.04087545881566572,1.8706274585400742,1.302339460491762
2020-03-04,-0.03085328833875516,0,0.0,-0.0,-0.03085328833875516,1.8706274585400742,1.2627715445213632
2020-03-05,-0.017016210963210415,0,0.0,-0.0,-0.017016210963210415,1.8706274585400742,1.2414657436142256
2020-03-06,-0.07199502476753283,0,0.0,-0.0,-0.07199502476753283,1.8706274585400742,1.1552279780377157
2020-03-09,0.053019860048496924,1,0.0005,0.05251986004849692,0.053019860048496924,1.9714982249114075,1.21813081881117
2020-03-10,-0.04453193645913227,0,0.0005,-0.0005,-0.04453193645913227,1.9705127221951622,1.165075196944376
2020-03-11,-0.0961711178699663,1,0.0005,-0.0966711178699663,-0.0961711178699663,1.7889389094909964,1.0582477918357582
2020-03-12,0.08130862940748297,1,0.0,0.08130862940748297,0.08130862940748297,1.9404720835297669,1.1478873239436598
2020-03-13,-0.12759235014524606,0,0.0005,-0.0005,-0.12759235014524606,1.9395020900065911,1.0103843399379309
2020-03-16,0.0731033330005828,1,0.0005,0.0726033330005828,0.0731033330005828,2.085554190010152,1.0870136070661234
2020-03-17,-0.030888333969812817,1,0.0,-0.030888333969812817,-0.030888333969812817,2.0221196330064393,1.0539508235855792
2020-03-18,0.005984323171695342,1,0.0,0.005984323171695342,0.005984323171695342,2.0342569309168974,1.0602769157316763
2020-03-19,-0.039963981541159974,0,0.0005,-0.0005,-0.039963981541159974,2.0332400566911804,1.0187395559799457
2020-03-20,-0.0014069647062431945,1,0.0005,-0.0019069647062431945,-0.0014069647062431945,2.0293664342682467,1.017307233229886
2020-03-23,0.07458555709122454,0,0.0005,-0.0005,0.07458555709122454,2.0283520046796437,1.0960849844831684
2020-03-24,-0.007432540500758729,0,0.0,-0.0,-0.007432540500758729,2.0283520046796437,1.087968488899497
2020-03-25,0.05132072132903687,1,0.0005,0.050820721329036866,0.05132072132903687,2.1340986174995074,1.145261398901884
2020-03-26,-0.03499826972234012,1,0.0,-0.03499826972234012,-0.03499826972234012,2.0607007494666947,1.1058725232752429
2020-03-27,0.03572755037142548,1,0.0,0.03572755037142548,0.03572755037142548,2.1356555419729304,1.1460969205060856
2020-03-30,-0.008576561305474645,0,0.0005,-0.0005,-0.008576561305474645,2.1345879811143997,1.136309381714011
2020-03-31,-0.04341858754189147,0,0.0,-0.0,-0.04341858754189147,2.1345879811143997,1.0880281690140827
2020-04-01,0.020091900893485837,0,0.0,0.0,0.020091900893485837,2.1345879811143997,1.1101098114108359
2020-04-02,-0.01429446614778619,0,0.0,-0.0,-0.01429446614778619,2.1345879811143997,1.0943542611601795
2020-04-03,0.06905467539770443,0,0.0,0.0,0.06905467539770443,2.1345879811143997,1.1725948913821895
2020-04-06,-0.00040724903841207315,0,0.0,-0.0,-0.00040724903841207315,2.1345879811143997,1.172117450465503
2020-04-07,0.02100991707758992,0,0.0,0.0,0.02100991707758992,2.1345879811143997,1.1970040582477899
2020-04-08,0.0014448349672376408,0,0.0,0.0,0.0014448349672376408,2.1345879811143997,1.1987347815707787
2020-04-09,0.010745603408956932,0,0.0,0.0,0.010745603408956932,2.1345879811143997,1.2116853664359015
2020-04-13,0.04257192779420026,0,0.0,0.0,0.04257192779420026,2.1345879811143997,1.2643829076151807
2020-04-14,-0.011536124517930372,0,0.0,-0.0,-0.011536124517930372,2.1345879811143997,1.2498806397708264
2020-04-15,0.01807563172136864,0,0.0,0.0,0.01807563172136864,2.1345879811143997,1.2726784435426095
2020-04-16,0.009520770101448988,0,0.0,0.0,0.009520770101448988,2.1345879811143997,1.2848531869181166
2020-04-17,-0.01191519364971863,0,0.0,-0.0,-0.01191519364971863,2.1345879811143997,1.2696347576987328
2020-04-20,-0.03759751306441115,0,0.0,-0.0,-0.03759751306441115,2.1345879811143997,1.2227858677488639
2020-04-21,0.029242693513624136,0,0.0,0.0,0.029242693513624136,2.1345879811143997,1.2590713774170423
2020-04-22,-0.002135282787153628,0,0.0,-0.0,-0.002135282787153628,2.1345879811143997,1.2563857722606806
2020-04-23,0.015647411345085363,0,0.0,0.0,0.015647411345085363,2.1345879811143997,1.2761995703031728
2020-04-24,0.008011221234632293,0,0.0,0.0,0.008011221234632293,2.1345879811143997,1.2864645500119338
2020-04-27,-0.01901429457896329,1,0.0005,-0.019514294578963292,-0.01901429457896329,2.093336805299954,1.2622344234900909
2020-04-28,0.0348467313301681,1,0.0,0.0348467313301681,0.0348467313301681,2.1675686069063356,1.3069945094294557
2020-04-29,-0.0004110433708623841,0,0.0005,-0.0005,-0.0004110433708623841,2.1664850935038062,1.3064573883981834
2020-04-30,-0.0285899236221196,0,0.0,-0.0,-0.0285899236221196,2.1664850935038062,1.2696347576987326
2020-05-01,0.011589997948727353,1,0.0005,0.011089997948727353,0.011589997948727353,2.1906451285001864,1.2844354261160158
2020-05-04,0.01127345149566946,0,0.0005,-0.0005,0.01127345149566946,2.1895500797209446,1.2989973740749559
2020-05-05,0.006137517548585299,0,0.0,0.0,0.006137517548585299,2.1895500797209446,1.306994509429456
2020-05-06,0.012794512360094793,1,0.0005,0.012294512360094793,0.012794512360094793,2.2166356912556657,1.3238243017426572
2020-05-07,0.013611744145018059,0,0.0005,-0.0005,0.013611744145018059,2.2155276504433252,1.3419670565767463
2020-05-08,0.008899179887155818,0,0.0,0.0,0.008899179887155818,2.2155276504433252,1.3539627596084962
2020-05-11,-0.021159389835362852,0,0.0,-0.0,-0.021159389835362852,2.2155276504433252,1.3256147051802318
2020-05-12,-0.012594739041343601,0,0.0,-0.0,-0.012594739041343601,2.2155276504433252,1.309023633325374
2020-05-13,0.011288285426079897,0,0.0,0.0,0.011288285426079897,2.2155276504433252,1.3238839818572432
2020-05-14,0.0064704786522029965,0,0.0,0.0,0.0064704786522029965,2.2155276504433252,1.3324779183576012
2020-05-15,0.018460697325976636,0,0.0,0.0,0.018460697325976636,2.2155276504433252,1.3573048460253025
2020-05-18,-0.0025094116054256957,0,0.0,-0.0,-0.0025094116054256957,2.2155276504433252,1.3539030794939109
2020-05-19,0.019771511483120865,0,0.0,0.0,0.019771511483120865,2.2155276504433252,1.380938171401287
2020-05-20,-0.010950441843769747,0,0.0,-0.0,-0.010950441843769747,2.2155276504433252,1.3658987825256605
2020-05-21,0.0034457975777955527,0,0.0,0.0,0.0034457975777955527,2.2155276504433252,1.3706135115779403
2020-05-22,-0.0027032935581837035,0,0.0,-0.0,-0.0027032935581837035,2.2155276504433252,1.3669133444736192
2020-05-26,0.005442723470065124,0,0.0,0.0,0.005442723470065124,2.2155276504433252,1.3743733587968467
2020-05-27,-0.0013035545428058872,0,0.0,-0.0,-0.0013035545428058872,2.2155276504433252,1.3725829553592723
2020-05-28,0.014546495842347183,0,0.0,0.0,0.014546495842347183,2.2155276504433252,1.3926951539746937
2020-05-29,0.002995167187154145,0,0.0,0.0,0.002995167187154145,2.2155276504433252,1.3968727619957009
2020-06-01,0.006685285389661786,0,0.0,0.0,0.006685285389661786,2.2155276504433252,1.4062425399856746
2020-06-02,0.004488489920437749,0,0.0,0.0,0.004488489920437749,2.2155276504433252,1.4125686321317714
2020-06-03,-0.00703810248588276,0,0.0,-0.0,-0.00703810248588276,2.2155276504433252,1.4026617331105253
2020-06-04,0.019633256184062066,0,0.0,0.0,0.019633256184062066,2.2155276504433252,1.4304726665075176
2020-06-05,0.007730069245516757,0,0.0,0.0,0.007730069245516757,2.2155276504433252,1.4415731678204802
2020-06-08,0.007218758789061334,0,0.0,0.0,0.007218758789061334,2.2155276504433252,1.4520171878729988
2020-06-09,0.011930195429991896,0,0.0,0.0,0.011930195429991896,2.2155276504433252,1.469443781332058
2020-06-10,-0.050818863428657046,0,0.0,-0.0,-0.050818863428657046,2.2155276504433252,1.3966340415373577
2020-06-11,0.007916619341491557,0,0.0,0.0,0.007916619341491557,2.2155276504433252,1.4077345428503203
2020-06-12,0.012093778228536302,0,0.0,0.0,0.012093778228536302,2.2155276504433252,1.4248627357364507
2020-06-15,0.017026989430914203,0,0.0,0.0,0.017026989430914203,2.2155276504433252,1.4493315827166369
2020-06-16,0.003165665480059003,0,0.0,0.0,0.003165665480059003,2.2155276504433252,1.453926951539745
2020-06-17,0.002705474083121122,0,0.0,0.0,0.002705474083121122,2.2155276504433252,1.457865839102409
2020-06-18,-0.00016375992831157749,0,0.0,-0.0,-0.00016375992831157749,2.2155276504433252,1.4576271186440657
2020-06-19,0.010183802216696122,0,0.0,0.0,0.010183802216696122,2.2155276504433252,1.4725471472905207
2020-06-22,0.00847496900350045,0,0.0,0.0,0.00847496900350045,2.2155276504433252,1.485079971353543
2020-06-23,-0.020831125799264,0,0.0,-0.0,-0.020831125799264,2.2155276504433252,1.4544640725710174
2020-06-24,0.009474485868874432,0,0.0,0.0,0.009474485868874432,2.2155276504433252,1.4683098591549275
2020-06-25,-0.023898309590085345,0,0.0,-0.0,-0.023898309590085345,2.2155276504433252,1.433635712580566
2020-06-26,0.010847620135889108,0,0.0,0.0,0.010847620135889108,2.2155276504433252,1.4492719026020509
2020-06-29,0.0194117505482076,0,0.0,0.0,0.0194117505482076,2.2155276504433252,1.477679637144901
2020-06-30,0.011604458757967192,0,0.0,0.0,0.011604458757967192,2.2155276504433252,1.494927190260203
2020-07-01,0.006763772105707646,0,0.0,0.0,0.006763772105707646,2.2155276504433252,1.5050728097397925
2020-07-02,0.024287299795076073,1,0.0005,0.023787299795076072,0.024287299795076073,2.2688608828664916,1.5420744807830005
2020-07-06,-0.006912648885671197,0,0.0005,-0.0005,-0.006912648885671197,2.2677267359854065,1.5314514203867247
2020-07-07,0.013085746153881533,0,0.0,0.0,0.013085746153881533,2.2677267359854065,1.5516232991167318
2020-07-08,0.00838812203226087,0,0.0,0.0,0.00838812203226087,2.2677267359854065,1.5646932442110262
2020-07-09,0.006804169555916021,0,0.0,0.0,0.006804169555916021,2.2677267359854065,1.5753759847218882
2020-07-10,-0.02078503946977746,0,0.0,-0.0,-0.02078503946977746,2.2677267359854065,1.542969682501788
2020-07-13,0.00705327546846138,0,0.0,0.0,0.00705327546846138,2.2677267359854065,1.553891143470993
2020-07-14,0.0020334958184196005,0,0.0,0.0,0.0020334958184196005,2.2677267359854065,1.5570541895440413
2020-07-15,-0.006845917279608777,0,0.0,-0.0,-0.006845917279608777,2.2677267359854065,1.5464311291477655
2020-07-16,0.0011570950494533103,0,0.0,0.0,0.0011570950494533103,2.2677267359854065,1.5482215325853403
2020-07-17,0.027975978800370758,0,0.0,0.0,0.027975978800370758,2.2677267359854065,1.5921460969205037
2020-07-20,-0.010475245566581772,0,0.0,-0.0,-0.010475245566581772,2.2677267359854065,1.5755550250656458
2020-07-21,0.003516537002504505,0,0.0,0.0,0.003516537002504505,2.2677267359854065,1.5811052757221271
2020-07-22,-0.026467296288418055,0,0.0,-0.0,-0.026467296288418055,2.2677267359854065,1.5398066364287397
2020-07-23,-0.00954112812625999,0,0.0,-0.0,-0.00954112812625999,2.2677267359854065,1.5251850083552139
2020-07-24,0.017685847266808614,0,0.0,0.0,0.017685847266808614,2.2677267359854065,1.5523991406063478
2020-07-27,-0.01280655113334984,0,0.0,-0.0,-0.01280655113334984,2.2677267359854065,1.5326450226784414
2020-07-28,0.011460112260218213,0,0.0,0.0,0.011460112260218213,2.2677267359854065,1.550310336595844
2020-07-29,0.0052217434832553524,0,0.0,0.0,0.0052217434832553524,2.2677267359854065,1.5584268321795156
2020-07-30,0.017688155687949517,0,0.0,0.0,0.017688155687949517,2.2677267359854065,1.5862377655765079
2020-07-31,0.013416498871644502,0,0.0,0.0,0.013416498871644502,2.2677267359854065,1.607662926712817
2020-08-03,0.003705354765590484,0,0.0,0.0,0.003705354765590484,2.2677267359854065,1.613630938171399
2020-08-04,0.002474928770087851,0,0.0,0.0,0.002474928770087851,2.2677267359854065,1.617629505848649
2020-08-05,0.013157843443089273,0,0.0,0.0,0.013157843443089273,2.2677267359854065,1.639054666984958
2020-08-06,-0.011609513118284858,0,0.0,-0.0,-0.011609513118284858,2.2677267359854065,1.6201360706612535
2020-08-07,-0.004282187502634627,0,0.0,-0.0,-0.004282187502634627,2.2677267359854065,1.6132131773692981
2020-08-10,-0.01912289831839963,0,0.0,-0.0,-0.01912289831839963,2.2677267359854065,1.5826569587013584
2020-08-11,0.024840677696984486,1,0.0005,0.024340677696984486,0.024840677696984486,2.323602003846117,1.6224635951301003
2020-08-12,0.0022779890072762285,0,0.0005,-0.0005,0.0022779890072762285,2.322440493246042,1.626163762234421
2020-08-13,-0.0011750882668264944,1,0.0005,-0.0016750882668264944,-0.0011750882668264944,2.3185534568987847,1.6242539985676747
2020-08-14,0.01154392888261178,1,0.0,0.01154392888261178,0.01154392888261178,2.345473757177298,1.6431129147767938
2020-08-17,0.009579136668310152,0,0.0005,-0.0005,0.009579136668310152,2.3443013134340713,1.6589281451420363
2020-08-18,-0.0067500752623646226,0,0.0,-0.0,-0.0067500752623646226,2.3443013134340713,1.6477679637144882
2020-08-19,0.013776452977931408,1,0.0005,0.013276452977931407,0.013776452977931408,2.375632845174314,1.6706254476008568
2020-08-20,0.006906399826374104,0,0.0005,-0.0005,0.006906399826374104,2.3744453256563465,1.682203389830506
2020-08-21,0.006224600115618665,0,0.0,0.0,0.006224600115618665,2.3744453256563465,1.6927070899976102
2020-08-24,0.007831608624936195,0,0.0,0.0,0.007831608624936195,2.3744453256563465,1.7060157555502482
2020-08-25,0.021114626102462394,0,0.0,0.0,0.021114626102462394,2.3744453256563465,1.7424206254475985
2020-08-26,-0.0031217328656869413,0,0.0,-0.0,-0.0031217328656869413,2.3744453256563465,1.736989735020289
2020-08-27,0.005072151797392749,0,0.0,0.0,0.005072151797392749,2.3744453256563465,1.7458223919789901
2020-08-28,0.008001268406375795,0,0.0,0.0,0.008001268406375795,2.3744453256563465,1.7598472189066579
2020-08-31,0.016947278506143453,0,0.0,0.0,0.016947278506143453,2.3744453256563465,1.789925996657911
2020-09-01,0.009424640013310049,0,0.0,0.0,0.009424640013310049,2.3744453256563465,1.8068751492002837
2020-09-02,-0.052030644690160055,0,0.0,-0.0,-0.052030644690160055,2.3744453256563465,1.7152661733110504
2020-09-03,-0.013415497441394782,0,0.0,-0.0,-0.013415497441394782,2.3744453256563465,1.692408689424681
2020-09-04,-0.049257513645115845,0,0.0,-0.0,-0.049257513645115845,2.3744453256563465,1.6110646932442085
2020-09-08,0.028952609160384182,1,0.0005,0.028452609160384182,0.028952609160384182,2.4429747883773025,1.6583910241107638
2020-09-09,-0.02013808012825101,0,0.0005,-0.0005,-0.02013808012825101,2.441753606304074,1.6253282406302194
2020-09-10,-0.006964047378993226,1,0.0005,-0.007464047378993225,-0.006964047378993226,2.423596090277966,1.6140486989734995
2020-09-11,0.017265508340377485,0,0.0005,-0.0005,0.017265508340377485,2.422384595131853,1.6421580329434209
2020-09-14,0.014074065806247149,0,0.0,0.0,0.014074065806247149,2.422384595131853,1.6654332776318903
2020-09-15,-0.016074903187286063,0,0.0,-0.0,-0.016074903187286063,2.422384595131853,1.6388756266412008
2020-09-16,-0.01574546687074002,0,0.0,-0.0,-0.01574546687074002,2.422384595131853,1.613272857483884
2020-09-17,-0.012844793961652275,0,0.0,-0.0,-0.012844793961652275,2.422384595131853,1.592683217951776
2020-09-18,0.002395300370515444,0,0.0,0.0,0.002395300370515444,2.422384595131853,1.5965027452852683
2020-09-21,0.018408268099480398,0,0.0,0.0,0.018408268099480398,2.422384595131853,1.6261637622344207
2020-09-22,-0.031010236742560208,0,0.0,-0.0,-0.031010236742560208,2.422384595131853,1.5765099068990187
2020-09-23,0.004645462041286863,0,0.0,0.0,0.004645462041286863,2.422384595131853,1.5838505609930744
2020-09-24,0.02298266722034154,0,0.0,0.0,0.02298266722034154,2.422384595131853,1.6206731916925254
2020-09-25,0.020556157882301706,0,0.0,0.0,0.020556157882301706,2.422384595131853,1.6543327763189277
2020-09-28,-0.004519577430237831,0,0.0,-0.0,-0.004519577430237831,2.422384595131853,1.6468727619957002
2020-09-29,0.0068257185503082535,1,0.0005,0.006325718550308253,0.0068257185503082535,2.4377564861709566,1.6581523036524202
2020-09-30,0.015747794593952917,1,0.0,0.015747794593952917,0.015747794593952917,2.4764496408787524,1.684471234184767
2020-10-01,-0.028534349316172852,0,0.0005,-0.0005,-0.028534349316172852,2.475211725562932,1.637085223203626
2020-10-02,0.02110201482394332,1,0.0005,0.020602014823943318,0.02110201482394332,2.5267349934113366,1.671998090236331
2020-10-05,-0.01800812187972839,0,0.0005,-0.0005,-0.01800812187972839,2.5254719417038713,1.6421580329434209
2020-10-06,0.017151101401619205,1,0.0005,0.016651101401619205,0.017151101401619205,2.5678758875575087,1.670565767486271
2020-10-07,0.005308832592146711,0,0.0005,-0.0005,0.005308832592146711,2.5665922705447257,1.6794581045595582
2020-10-08,0.015164629722688495,1,0.0005,0.014664629722688494,0.015164629722688495,2.6045077244088137,1.7051205538314607
2020-10-09,0.030403555101380864,0,0.0005,-0.0005,0.030403555101380864,2.6032057960558213,1.7577584148961538
2020-10-12,-3.395297513267283e-05,0,0.0,-0.0,-3.395297513267283e-05,2.6032057960558213,1.757698734781568
2020-10-13,-0.008387651888190573,1,0.0005,-0.008887651888190573,-0.008387651888190573,2.5801719193072232,1.7430174265934566
2020-10-14,-0.00673356948496699,1,0.0,-0.00673356948496699,-0.00673356948496699,2.562856515068909,1.731320124134636
2020-10-15,-0.005495943734858389,1,0.0,-0.005495943734858389,-0.005495943734858389,2.5488098351000716,1.7218309859154906
2020-10-16,-0.016459982666557803,1,0.0,-0.016459982666557803,-0.016459982666557803,2.5071998585886117,1.6937216519455693
2020-10-19,0.002147094329006428,1,0.0,0.002147094329006428,0.002147094329006428,2.512588836438291,1.6973621389353044
2020-10-20,-0.0007738304993959688,1,0.0,-0.0007738304993959688,-0.0007738304993959688,2.5106452706564393,1.696049176414416
2020-10-21,-3.518834562357422e-05,1,0.0,-3.518834562357422e-05,-3.518834562357422e-05,2.510556926757264,1.6959894962998303
2020-10-22,0.0019686429756704165,1,0.0,0.0019686429756704165,0.0019686429756704165,2.515504185111068,1.6993315827166362
2020-10-23,-0.015109715814265623,1,0.0,-0.015109715814265623,-0.015109715814265623,2.477781340163312,1.6738481737884914
2020-10-26,0.007777994568670778,0,0.0005,-0.0005,0.007777994568670778,2.476542759164284,1.686918118882786
2020-10-27,-0.03976710169441418,0,0.0,-0.0,-0.03976710169441418,2.476542759164284,1.6211506326092124
2020-10-28,0.017335251543359836,0,0.0,0.0,0.017335251543359836,2.476542759164284,1.649498687037477
2020-10-29,-0.025689889618281503,0,0.0,-0.0,-0.025689889618281503,2.476542759164284,1.6076629267128173
2020-10-30,0.0022248600100122913,0,0.0,0.0,0.0022248600100122913,2.476542759164284,1.6112437335879668
2020-11-02,0.01714967760794821,0,0.0,0.0,0.01714967760794821,2.476542759164284,1.6391143470995444
2020-11-03,0.04367101794155256,0,0.0,0.0,0.04367101794155256,2.476542759164284,1.7122821675817599
2020-11-04,0.025736841156330015,0,0.0,0.0,0.025736841156330015,2.476542759164284,1.756922893291953
2020-11-05,0.0007470288972188503,1,0.0005,0.00024702889721885026,0.0007470288972188503,2.4771546123605943,1.758235855812841
2020-11-06,-0.020645452078936744,1,0.0,-0.020645452078936744,-0.020645452078936744,2.4265369457287393,1.722308426832177
2020-11-09,-0.01807709930806962,0,0.0005,-0.0005,-0.01807709930806962,2.4253239805224465,1.6914538075913084
2020-11-10,0.022123097738378752,1,0.0005,0.02162309773837875,0.022123097738378752,2.4783380971296363,1.729291000238718
2020-11-11,-0.0047045887243092385,0,0.0005,-0.0005,-0.0047045887243092385,2.477099237821708,1.7211745046550466
2020-11-12,0.008734282995769406,0,0.0,0.0,0.008734282995769406,2.477099237821708,1.736273573645259
2020-11-13,0.007772281605933004,0,0.0,0.0,0.007772281605933004,2.477099237821708,1.7498209596562402
2020-11-16,-0.0031769374424037372,0,0.0,-0.0,-0.0031769374424037372,2.477099237821708,1.744270708999759
2020-11-17,-0.007417871164728044,0,0.0,-0.0,-0.007417871164728044,2.477099237821708,1.7313798042492219
2020-11-18,0.0077941646781052604,1,0.0005,0.00729416467810526,0.0077941646781052604,2.495233664932031,1.744927190260203
2020-11-19,-0.0068639160279282,1,0.0,-0.0068639160279282,-0.0068639160279282,2.478165235730772,1.7329911673430387
2020-11-20,3.4437040484108845e-05,1,0.0,3.4437040484108845e-05,3.4437040484108845e-05,2.478250577876778,1.7330508474576245
2020-11-23,0.013952283234605959,1,0.0,0.013952283234605959,0.013952283234605959,2.513070173447346,1.7574003342086393
2020-11-24,0.00612782281445665,0,0.0005,-0.0005,0.00612782281445665,2.5118139524420453,1.7682024349486725
2020-11-25,0.009172064502386107,1,0.0005,0.008672064502386107,0.009172064502386107,2.533691288785194,1.7844951062306011
2020-11-27,0.002037987441761449,0,0.0005,-0.0005,0.002037987441761449,2.5324247597994343,1.7881355932203364
2020-11-30,0.012734801007859153,1,0.0005,0.012234801007859153,0.012734801007859153,2.5635987879484876,1.811052757221291
2020-12-01,0.0012843524842693767,0,0.0005,-0.0005,0.0012843524842693767,2.56231730895096,1.8133802816901385
2020-12-02,0.0014141715477361122,1,0.0005,0.0009141715477361122,0.0014141715477361122,2.5646607775340207,1.815946526617329
2020-12-03,0.004066912788160347,1,0.0,0.004066912788160347,0.004066912788160347,2.575112267491107,1.8233468608259704
2020-12-04,0.005646505528883403,1,0.0,0.005646505528883403,0.005646505528883403,2.5896937817054284,1.833671520649317
2020-12-07,0.0033791499808835546,0,0.0005,-0.0005,0.0033791499808835546,2.5883992584723536,1.8398782525662423
2020-12-08,-0.02290126332941784,0,0.0,-0.0,-0.02290126332941784,2.5883992584723536,1.7982215325853397
2020-12-09,0.004007755890218727,0,0.0,0.0,0.004007755890218727,2.5883992584723536,1.8054428264502238
2020-12-10,-0.0022171857453934405,1,0.0005,-0.0027171857453934405,-0.0022171857453934405,2.58137564345848,1.8014442587729742
2020-12-11,0.007229066455404554,1,0.0,0.007229066455404554,0.007229066455404554,2.6001041929339617,1.8145142038672688
2020-12-14,0.010632655418713268,1,0.0,0.010632655418713268,0.010632655418713268,2.627897702429539,1.8339102411076604
2020-12-15,0.005484622767350809,0,0.0005,-0.0005,0.005484622767350809,2.626584082010796,1.8439961804726643
2020-12-16,0.006516362295330397,1,0.0005,0.006016362295330396,0.006516362295330397,2.64243419565035,1.8560515636189996
2020-12-17,-0.003027085041017978,0,0.0005,-0.0005,-0.003027085041017978,2.6411133088017555,1.8504416328479325
2020-12-18,-0.003683483437152897,1,0.0005,-0.004183483437152897,-0.003683483437152897,2.6300873345899363,1.8436380997851494
2020-12-21,0.0027154603871490683,1,0.0,0.0027154603871490683,0.0027154603871490683,2.6372389381153005,1.8486512294103583
2020-12-22,-0.0050488812021968615,1,0.0,-0.0050488812021968615,-0.0050488812021968615,2.6239573887110526,1.8393411315349704
2020-12-23,0.00440301151624309,1,0.0,0.00440301151624309,0.00440301151624309,2.6355361753711666,1.847457627118642
2020-12-24,0.010028368949871249,1,0.0,0.010028368949871249,0.010028368949871249,2.6620992741796625,1.866077822869418
2020-12-28,0.000895083494322645,0,0.0005,-0.0005,0.000895083494322645,2.6607685572495288,1.8677488660778205
2020-12-29,3.1952454750163e-05,1,0.0005,-0.000468047545249837,3.1952454750163e-05,2.6595234824576597,1.8678085461924065
2020-12-30,0.002457278126891703,1,0.0,0.002457278126891703,0.002457278126891703,2.6660667073082602,1.8724039150155147
2020-12-31,-0.014220607189549749,1,0.0,-0.014220607189549749,-0.014220607189549749,2.62842192018078,1.8459656242539964
2021-01-04,0.008210358918194898,1,0.0,0.008210358918194898,0.008210358918194898,2.6500910414392616,1.8611840534733803
2021-01-05,-0.01394920906919252,1,0.0,-0.01394920906919252,-0.01394920906919252,2.6133810007190106,1.8354022439723063
2021-01-06,0.02390398465888784,0,0.0005,-0.0005,0.02390398465888784,2.6120746368368377,1.8798042492241565
2021-01-07,0.012775997503708074,0,0.0,0.0,0.012775997503708074,2.6120746368368377,1.9039746956314134
2021-01-08,-0.014555470486774837,0,0.0,-0.0,-0.014555470486774837,2.6120746368368377,1.8764621628073506
2021-01-11,-0.0015914953863695644,1,0.0005,-0.0020914953863695645,-0.0015914953863695644,2.6066172038723683,1.8734781570780596
2021-01-12,0.006730611477534357,1,0.0,0.006730611477534357,0.006730611477534357,2.6242205055804773,1.8861303413702537
2021-01-13,-0.005361773025462388,1,0.0,-0.005361773025462388,-0.005361773025462388,2.610187684879202,1.8760444020052502
2021-01-14,-0.007952645672330727,1,0.0,-0.007952645672330727,-0.007952645672330727,2.589512108816377,1.8611840534733808
2021-01-15,0.014484471799893239,1,0.0,0.014484471799893239,0.014484471799893239,2.627292779935195,1.888338505609929
2021-01-19,0.02299454621082845,0,0.0005,-0.0005,0.02299454621082845,2.625979461902096,1.932263069945092
2021-01-20,0.007967679393138392,0,0.0,0.0,0.007967679393138392,2.625979461902096,1.9477202196228196
2021-01-21,-0.002884410849426464,1,0.0005,-0.003384410849426464,-0.002884410849426464,2.617107090864116,1.9421102888517527
2021-01-22,0.008232262304071238,1,0.0,0.008232262304071238,0.008232262304071238,2.638740727624071,1.9581642396753383
2021-01-25,0.0014618549885205613,1,0.0,0.0014618549885205613,0.0014618549885205613,2.642601004815438,1.9610288851754574
2021-01-26,-0.02827261552217471,0,0.0005,-0.0005,-0.02827261552217471,2.6412800345831084,1.9063619002148464
2021-01-27,0.0058993538240218,0,0.0,0.0,0.0058993538240218,2.6412800345831084,1.9176414418715666
2021-01-28,-0.021262674346810048,1,0.0005,-0.02176267434681005,-0.021262674346810048,2.58441967817891,1.8772976844115523
2021-01-29,0.02468020648905085,1,0.0,0.02468020648905085,0.02468020648905085,2.648997306200548,1.9242062544760072
2021-02-01,0.016182478963235894,0,0.0005,-0.0005,0.016182478963235894,2.6476731386169305,1.9555979947481485
2021-02-02,-0.003975175708299717,0,0.0,-0.0,-0.003975175708299717,2.6476731386169305,1.9478395798519919
2021-02-03,0.011757316150354732,1,0.0005,0.011257316150354732,0.011757316150354732,2.6776472295665794,1.9708761040821183
2021-02-04,0.0033857347941309247,0,0.0005,-0.0005,0.0033857347941309247,2.6763087406019226,1.9775602769157306
2021-02-05,0.00667731900175306,1,0.0005,0.00617731900175306,0.00667731900175306,2.6928923217404974,1.9908092623537825
2021-02-08,-0.0002098667353937527,1,0.0,-0.0002098667353937527,-0.0002098667353937527,2.692327232518956,1.9903915015516818
2021-02-09,-0.002281392638412293,1,0.0,-0.002281392638412293,-0.002281392638412293,2.6861919781136474,1.9858558128431594
2021-02-10,0.005484556627913661,0,0.0005,-0.0005,0.005484556627913661,2.6848492178426326,1.9967772738123646
2021-02-11,0.005573535731192325,0,0.0,0.0,0.005573535731192325,2.6848492178426326,2.007937455239913
2021-02-12,-0.0027083752920725175,0,0.0,-0.0,-0.0027083752920725175,2.6848492178426326,2.0025065648126037
2021-02-16,-0.004809784169010312,0,0.0,-0.0,-0.004809784169010312,2.6848492178426326,1.9928980663642863
2021-02-17,-0.004381759711816011,0,0.0,-0.0,-0.004381759711816011,2.6848492178426326,1.984184769634757
2021-02-18,-0.0043708339490337285,1,0.0005,-0.004870833949033728,-0.0043708339490337285,2.671803560531953,1.975531153019813
2021-02-19,-0.026261724096994198,1,0.0,-0.026261724096994198,-0.026261724096994198,2.602550722185738,1.9243256147051795
2021-02-22,-0.0029817390708824745,0,0.0005,-0.0005,-0.0029817390708824745,2.601249772089272,1.9185963237049406
2021-02-23,0.008209336542648703,0,0.0,0.0,0.008209336542648703,2.601249772089272,1.934411554070183
2021-02-24,-0.035484757886493024,0,0.0,-0.0,-0.035484757886493024,2.601249772089272,1.866973024588206
2021-02-25,0.004178834414212891,0,0.0,0.0,0.004178834414212891,2.601249772089272,1.8747911195989484
2021-02-26,0.02963853594338448,0,0.0,0.0,0.02963853594338448,2.601249772089272,1.9311888278825484
2021-03-01,-0.016168828388042816,0,0.0,-0.0,-0.016168828388042816,2.601249772089272,1.9002148484125079
2021-03-02,-0.029449511731557607,0,0.0,-0.0,-0.029449511731557607,2.601249772089272,1.8450704225352104
2021-03-03,-0.016502347555351262,0,0.0,-0.0,-0.016502347555351262,2.601249772089272,1.8148722845547853
2021-03-04,0.014948546906083337,0,0.0,0.0,0.014948546906083337,2.601249772089272,1.842205777035091
2021-03-05,-0.028722686935868304,0,0.0,-0.0,-0.028722686935868304,2.601249772089272,1.7900453568870844
2021-03-08,0.038683281818360685,0,0.0,0.0,0.038683281818360685,2.601249772089272,1.860646932442109
2021-03-09,-0.002858750842764795,0,0.0,-0.0,-0.002858750842764795,2.601249772089272,1.8553354022439712
2021-03-10,0.02277017540415294,0,0.0,0.0,0.02277017540415294,2.601249772089272,1.8980663642874187
2021-03-11,-0.008145269973954867,0,0.0,-0.0,-0.008145269973954867,2.601249772089272,1.882668894724277
2021-03-12,0.010626154315155074,0,0.0,0.0,0.010626154315155074,2.601249772089272,1.9027810933396985
2021-03-15,0.005473809823251982,0,0.0,0.0,0.005473809823251982,2.601249772089272,1.913225113392217
2021-03-16,0.004109083107027532,0,0.0,0.0,0.004109083107027532,2.601249772089272,1.9211028885175452
2021-03-17,-0.03110955358465,0,0.0,-0.0,-0.03110955358465,2.601249772089272,1.862258295535927
2021-03-18,0.0035189901632644116,0,0.0,0.0,0.0035189901632644116,2.601249772089272,1.868823108140367
2021-03-19,0.0173174094195227,0,0.0,0.0,0.0173174094195227,2.601249772089272,1.9014681308188108
2021-03-22,-0.0043722448274856164,0,0.0,-0.0,-0.0043722448274856164,2.601249772089272,1.8931725948913818
2021-03-23,-0.01700910516227394,1,0.0005,-0.01750910516227394,-0.01700910516227394,2.5561006302498024,1.8612437335879681
2021-03-24,-0.0017329914478391893,1,0.0,-0.0017329914478391893,-0.0017329914478391893,2.5516747658180363,1.8580210074003336
2021-03-25,0.014888770721611318,0,0.0005,-0.0005,0.014888770721611318,2.55039924734132,1.8858916209119116
2021-03-26,-0.00028485069268892343,0,0.0,-0.0,-0.00028485069268892343,2.55039924734132,1.8853544998806393
2021-03-29,-0.005045787644018939,1,0.0005,-0.005545787644018939,-0.005045787644018939,2.536294422041401,1.8758653616614938
2021-03-30,0.015186968030459005,1,0.0,0.015186968030459005,0.015186968030459005,2.575107021207917,1.904571496777273
2021-03-31,0.01690268608692829,0,0.0005,-0.0005,0.01690268608692829,2.573819789532049,1.937037479111959
2021-04-01,0.019768192003263404,0,0.0,0.0,0.019768192003263404,2.573819789532049,1.9757101933635703
2021-04-05,-0.0006950005567801158,0,0.0,-0.0,-0.0006950005567801158,2.573819789532049,1.9743375507280965
2021-04-06,0.002415314259151531,1,0.0005,0.001915314259151531,0.002415314259151531,2.578754187228103,1.979111959894962
2021-04-07,0.010379574212382154,1,0.0,0.010379574212382154,0.010379574212382154,2.6056599513189576,1.9997612795416557
2021-04-08,0.006039977302311998,0,0.0005,-0.0005,0.006039977302311998,2.6043574469965143,2.011876342802577
2021-04-09,-0.0013060644796407015,1,0.0005,-0.0018060644796407015,-0.0013060644796407015,2.5996580544995385,2.0092504177608013
2021-04-12,0.01160554612030789,1,0.0,0.01160554612030789,0.01160554612030789,2.63000425747035,2.0327047027930285
2021-04-13,-0.012080901903346255,0,0.0005,-0.0005,-0.012080901903346255,2.628689584037362,2.0082955359274277
2021-04-14,0.015041869165381671,0,0.0,0.0,0.015041869165381671,2.628689584037362,2.038732394366196
2021-04-15,0.0011702409105900607,0,0.0,0.0,0.0011702409105900607,2.628689584037362,2.0411195989496287
2021-04-16,-0.009193913988171723,0,0.0,-0.0,-0.009193913988171723,2.628689584037362,2.0224397230842674
2021-04-19,-0.007315408240020385,0,0.0,-0.0,-0.007315408240020385,2.628689584037362,2.00769873478157
2021-04-20,0.008524544739576688,0,0.0,0.0,0.008524544739576688,2.628689584037362,2.024886607782286
2021-04-21,-0.01212783030467,0,0.0,-0.0,-0.01212783030467,2.628689584037362,2.0004774409166854
2021-04-22,0.012510909975191366,1,0.0005,0.012010909975191365,0.012510909975191366,2.6604529093520166,2.025662449271901
2021-04-23,0.006490001489219565,0,0.0005,-0.0005,0.006490001489219565,2.6591230153985355,2.0388517545953673
2021-04-26,-0.004341583281269299,1,0.0005,-0.0048415832812692995,-0.004341583281269299,2.646279765783781,2.0300190976366657
2021-04-27,-0.003386589410619481,1,0.0,-0.003386589410619481,-0.003386589410619481,2.6373330607105743,2.0231558844592965
2021-04-28,0.0035923598009865968,1,0.0,0.0035923598009865968,0.0035923598009865968,2.646824347831716,2.0304368584387666
2021-04-29,-0.006576157934902984,1,0.0,-0.006576157934902984,-0.006576157934902984,2.6294755197332362,2.0171281928861284
2021-04-30,-0.005339832914267156,1,0.0,-0.005339832914267156,-0.005339832914267156,2.6154719813577816,2.006385772260681
2021-05-03,-0.018159669412871823,0,0.0005,-0.0005,-0.018159669412871823,2.6141645722466182,1.9702793029362597
2021-05-04,-0.0033678749008255334,0,0.0,-0.0,-0.0033678749008255334,2.6141645722466182,1.9636548102172335
2021-05-05,0.00750904306488462,0,0.0,0.0,0.00750904306488462,2.6141645722466182,1.978455478634517
2021-05-06,0.008081641077839272,0,0.0,0.0,0.008081641077839272,2.6141645722466182,1.9945094294581025
2021-05-07,-0.02557870223919006,0,0.0,-0.0,-0.02557870223919006,2.6141645722466182,1.9441394127476705
2021-05-10,-0.0013823400606920969,0,0.0,-0.0,-0.0013823400606920969,2.6141645722466182,1.9414538075913088
2021-05-11,-0.026223863358230678,0,0.0,-0.0,-0.026223863358230678,2.6141645722466182,1.8912031511100482
2021-05-12,0.007701655408374812,0,0.0,0.0,0.007701655408374812,2.6141645722466182,1.9058247791835743
2021-05-13,0.021836619454164537,0,0.0,0.0,0.021836619454164537,2.6141645722466182,1.9478992599665776
2021-05-14,-0.006084837459010255,0,0.0,-0.0,-0.006084837459010255,2.6141645722466182,1.9360825972785853
2021-05-17,-0.006773605843868769,0,0.0,-0.0,-0.006773605843868769,2.6141645722466182,1.923012652184291
2021-05-18,0.0011476250077039113,0,0.0,0.0,0.0011476250077039113,2.6141645722466182,1.925220816423966
2021-05-19,0.019158732825197068,0,0.0,0.0,0.019158732825197068,2.6141645722466182,1.9624612079255177
2021-05-20,-0.0055501484263233624,0,0.0,-0.0,-0.0055501484263233624,2.6141645722466182,1.9515994270708985
2021-05-21,0.016679183362210984,0,0.0,0.0,0.016679183362210984,2.6141645722466182,1.9844234900930993
2021-05-24,0.001382461000368488,0,0.0,0.0,0.001382461000368488,2.6141645722466182,1.987168775364047
2021-05-25,0.003477742974527666,1,0.0005,0.002977742974527666,0.003477742974527666,2.621960483785795,1.994091668656002
2021-05-26,-0.003748074131839679,1,0.0,-0.003748074131839679,-0.003748074131839679,2.6121515752629683,1.9866316543327747
2021-05-27,0.0031493254985583545,1,0.0,0.0031493254985583545,0.0031493254985583545,2.6203910584221433,1.992898066364286
2021-05-28,-0.003329586878045952,1,0.0,-0.003329586878045952,-0.003329586878045952,2.611680747653873,1.98627357364526
2021-06-01,0.001951102991795995,1,0.0,0.001951102991795995,0.001951102991795995,2.6167813800857433,1.9901527810933388
2021-06-02,-0.010460251826468162,1,0.0,-0.010460251826468162,-0.010460251826468162,2.589551850026375,1.9694437813320589
2021-06-03,0.0168273201325253,1,0.0,0.0168273201325253,0.0168273201325253,2.633495760208641,2.0028646455001184
2021-06-04,0.0029753071636545734,1,0.0,0.0029753071636545734,0.0029753071636545734,2.641342887026903,2.0088326569587003
2021-06-07,0.00047522871275754457,1,0.0,0.00047522871275754457,0.00047522871275754457,2.6425984273178242,2.0097875387920734
2021-06-08,0.00023752969232825201,1,0.0,0.00023752969232825201,0.00023752969232825201,2.6432261974632856,2.01026497970876
2021-06-09,0.010366459732169186,1,0.0,0.010366459732169186,0.010366459732169186,2.6707696125953846,2.0312126999283833
2021-06-10,0.0026115421465336456,1,0.0,0.0026115421465336456,0.0026115421465336456,2.6777535554636382,2.0365242301265214
2021-06-11,0.009537075568124666,1,0.0,0.009537075568124666,0.009537075568124666,2.7034136601593537,2.0560396275960846
2021-06-14,-0.0065524354593130075,1,0.0,-0.0065524354593130075,-0.0065524354593130075,2.685757624818265,2.0426116018142753
2021-06-15,-0.0036588797825768374,1,0.0,-0.0036588797825768374,-0.0036588797825768374,2.6759487162954376,2.0351515874910477
2021-06-16,0.012617636617555295,1,0.0,0.012617636617555295,0.012617636617555295,2.709926775418511,2.0609930771067075
2021-06-17,-0.007878291253658777,0,0.0005,-0.0005,-0.007878291253658777,2.708572150715199,2.0448197660539504
2021-06-18,0.005036474059128624,1,0.0005,0.004536474059128624,0.005036474059128624,2.7208874308683852,2.0551444258772977
2021-06-21,0.009278461777933037,1,0.0,0.009278461777933037,0.009278461777933037,2.746250564371369,2.0743017426593457
2021-06-22,0.0004889905319567756,1,0.0,0.0004889905319567756,0.0004889905319567756,2.7475937832796267,2.0753163046073047
2021-06-23,0.006163745271424475,1,0.0,0.006163745271424475,0.006163745271424475,2.764581551825239,2.088147529243256
2021-06-24,-0.001229713460175908,1,0.0,-0.001229713460175908,-0.001229713460175908,2.7611839981161164,2.0855812843160657
2021-06-25,0.012088262448238272,1,0.0,0.012088262448238272,0.012088262448238272,2.7947644708225594,2.110945333015039
2021-06-28,0.0036122517054466975,1,0.0,0.0036122517054466975,0.0036122517054466975,2.8048781190729706,2.118584387682024
2021-06-29,-0.0015787548034030489,1,0.0,-0.0015787548034030489,-0.0015787548034030489,2.800453397963416,2.1152423012652184
2021-06-30,0.00039492243108482346,1,0.0,0.00039492243108482346,0.00039492243108482346,2.8015595782408047,2.11607782286942
2021-07-01,0.011413312154925042,1,0.0,0.011413312154925042,0.011413312154925042,2.8337178191620334,2.1403676295058482
2021-07-02,0.004312570155042753,0,0.0005,-0.0005,0.004312570155042753,2.8323013144081517,2.1496180472666504
2021-07-06,0.0021077745829432924,0,0.0,0.0,0.0021077745829432924,2.8323013144081517,2.154153735975173
2021-07-07,-0.0060579299363442635,0,0.0,-0.0,-0.0060579299363442635,2.8323013144081517,2.141143470995464
2021-07-08,0.006224144131419101,0,0.0,0.0,0.006224144131419101,2.8323013144081517,2.154511816662688
2021-07-09,0.003898101503766811,0,0.0,0.0,0.003898101503766811,2.8323013144081517,2.1629267128192886
2021-07-12,0.0,0,0.0,0.0,0.0,2.8323013144081517,2.1629267128192886
2021-07-13,0.0017918928556496538,0,0.0,0.0,0.0017918928556496538,2.8323013144081517,2.1668059202673664
2021-07-14,-0.007048219451452386,0,0.0,-0.0,-0.007048219451452386,2.8323013144081517,2.1515874910479824
2021-07-15,-0.0081323903888498,0,0.0,-0.0,-0.0081323903888498,2.8323013144081517,2.1341608975889232
2021-07-16,-0.008227263613804086,1,0.0005,-0.008727263613804086,-0.008227263613804086,2.807690622408171,2.116674624015278
2021-07-19,0.011549479430646919,1,0.0,0.011549479430646919,0.011549479430646919,2.84030597009566,2.141262831224636
2021-07-20,0.0076907438140083025,1,0.0,0.0076907438140083025,0.0076907438140083025,2.862234249972928,2.157794222964908
2021-07-21,0.006588492634056672,1,0.0,0.006588492634056672,0.006588492634056672,2.8811543181702817,2.1720577703509187
2021-07-22,0.011609773234710484,1,0.0,0.011609773234710484,0.011609773234710484,2.914798790906162,2.1974218190498918
2021-07-23,0.000787305420135338,1,0.0,0.000787305420135338,0.000787305420135338,2.917094531398728,2.199152542372881
2021-07-26,-0.011079085108937655,1,0.0,-0.011079085108937655,-0.011079085108937655,2.8849541645028043,2.174922415851038
2021-07-27,0.0038342555122185583,1,0.0,0.0038342555122185583,0.0038342555122185583,2.8960370496393297,2.1832776318930533
2021-07-28,0.0017752049560930741,1,0.0,0.0017752049560930741,0.0017752049560930741,2.901182674881288,2.1871568393411316
2021-07-29,-0.005225372672094733,1,0.0,-0.005225372672094733,-0.005225372672094733,2.8860624530164567,2.1757579374552396
2021-07-30,8.228533817067499e-05,1,0.0,8.228533817067499e-05,8.228533817067499e-05,2.88629994341224,2.175936977798997
2021-08-02,0.006043140579645751,1,0.0,0.006043140579645751,0.006043140579645751,2.9037950692348975,2.189126283122463
2021-08-03,0.0014438468761805681,1,0.0,0.0014438468761805681,0.0014438468761805681,2.907990732893725,2.192289329195512
2021-08-04,0.006322866073766327,1,0.0,0.006322866073766327,0.006322866073766327,2.9264358202995147,2.2061947958940085
2021-08-05,-0.004391917269440143,1,0.0,-0.004391917269440143,-0.004391917269440143,2.9136113389272493,2.1965266173311058
2021-08-06,0.0018458703902841309,1,0.0,0.0018458703902841309,0.0018458703902841309,2.91899445456499,2.2005848651229414
2021-08-09,-0.005138883204255737,1,0.0,-0.005138883204255737,-0.005138883204255737,2.904032559630681,2.1893053234662214
2021-08-10,-0.0017188463409254868,1,0.0,-0.0017188463409254868,-0.0017188463409254868,2.899045261319244,2.1855454762473148
2021-08-11,0.0035980086243709553,1,0.0,0.0035980086243709553,0.0035980086243709553,2.9094948387336825,2.193423251372643
2021-08-12,0.003503772172784234,1,0.0,0.003503772172784234,0.003503772172784234,2.919706925752338,2.201121986154214
2021-08-13,0.00043372188264625836,1,0.0,0.00043372188264625836,0.00043372188264625836,2.9209735411965125,2.202076867987587
2021-08-16,-0.00884708578445474,1,0.0,-0.00884708578445474,-0.00884708578445474,2.8952454149867215,2.1826808307471954
2021-08-17,-0.009671202121204325,1,0.0,-0.009671202121204325,-0.009671202121204325,2.867379875214886,2.1616734304129865
2021-08-18,0.004819817364529783,1,0.0,0.004819817364529783,0.004819817364529783,2.881233481635543,2.1721174504655054
2021-08-19,0.010305001741887896,1,0.0,0.010305001741887896,0.010305001741887896,2.9110781080389008,2.1946168536643595
2021-08-20,0.014845878364131624,1,0.0,0.014845878364131624,0.014845878364131624,2.954618013932394,2.227440916686561
2021-08-23,0.0030497615933632012,1,0.0,0.0030497615933632012,0.0030497615933632012,2.9636426489721353,2.2342444497493443
2021-08-24,0.001147937176394563,1,0.0,0.001147937176394563,0.001147937176394563,2.9670466779783538,2.2368106946765347
2021-08-25,-0.006370300710650763,1,0.0,-0.006370300710650763,-0.006370300710650763,2.9482057732462605,2.2226068274051096
2021-08-26,0.009673271056733873,1,0.0,0.009673271056733873,0.009673271056733873,2.9768629476707047,2.2442110288851764
2021-08-27,0.011159708571089812,1,0.0,0.011159708571089812,0.011159708571089812,3.010269930010802,2.2693960372403925
2021-08-30,-0.0008155641656460647,1,0.0,-0.0008155641656460647,-0.0008155641656460647,3.0078158625877145,2.267545953688232
2021-08-31,0.0016567397580668738,1,0.0,0.0016567397580668738,0.0016567397580668738,3.012803160899151,2.2713058009071387
2021-09-01,-0.00047307420262558984,1,0.0,-0.00047307420262558984,-0.00047307420262558984,3.0113782185244546,2.270231558844594
2021-09-02,0.0030709894602675763,1,0.0,0.0030709894602675763,0.0030709894602675763,3.02064034395998,2.2772141322511352
2021-09-03,0.0014142051382750387,1,0.0,0.0014142051382750387,0.0014142051382750387,3.0249151710840683,2.2804368584387698
2021-09-07,-0.003486744740247531,1,0.0,-0.003486744740247531,-0.003486744740247531,3.0143864302043686,2.272499403198855
2021-09-08,-0.0034462382019701393,1,0.0,-0.0034462382019701393,-0.0034462382019701393,3.0040160162551914,2.264681308188113
2021-09-09,-0.007618479829333519,1,0.0,-0.007618479829333519,-0.007618479829333519,2.9812169382600535,2.2474934351873967
2021-09-10,-0.0006906444518269576,1,0.0,-0.0006906444518269576,-0.0006906444518269576,2.9791586881632703,2.2459417522081653
2021-09-13,-0.002847298987171167,1,0.0,-0.002847298987171167,-0.002847298987171167,2.970688197380355,2.239555979947483
2021-09-14,0.007407342945050394,1,0.0,0.007407342945050394,0.007407342945050394,2.992774804188145,2.2562067319169268
2021-09-15,0.0006875033323840259,1,0.0,0.0006875033323840259,0.0006875033323840259,2.9948330542849284,2.257758414896158
2021-09-16,-0.011912816713777053,1,0.0,-0.011912816713777053,-0.011912816713777053,2.9593678218480473,2.2310217235617102
2021-09-17,-0.0219878234675504,0,0.0005,-0.0005,-0.0219878234675504,2.957888507796455,2.1825017904034385
2021-09-20,0.0012297603517432778,0,0.0,0.0,0.0012297603517432778,2.957888507796455,2.1851873955598005
2021-09-21,0.009297082134913773,1,0.0005,0.008797082134913772,0.009297082134913773,2.9840240858091187,2.2055979947481514
2021-09-22,0.00918463126130792,0,0.0005,-0.0005,0.00918463126130792,2.9825324467070655,2.225948913821916
2021-09-23,0.0009379481064417124,0,0.0,0.0,0.0009379481064417124,2.9825324467070655,2.2280377178324198
2021-09-24,-0.008014242550443675,0,0.0,-0.0,-0.008014242550443675,2.9825324467070655,2.210253043685846
2021-09-27,-0.028705649336571663,1,0.0005,-0.029205649336571663,-0.028705649336571663,2.896685361857187,2.1477082835999064
2021-09-28,-0.0016408263432440527,0,0.0005,-0.0005,-0.0016408263432440527,2.895237381201589,2.144187156839343
2021-09-29,-0.003680780464825134,1,0.0005,-0.0041807804648251335,-0.003680780464825134,2.8831582969111595,2.1363093817140144
2021-09-30,0.006182658177149255,1,0.0,0.006182658177149255,0.006182658177149255,2.9010390976127542,2.1495583671520664
2021-10-01,-0.02121291663919265,1,0.0,-0.02121291663919265,-0.02121291663919265,2.8401477222505678,2.1044402005251865
2021-10-04,0.013408651597901122,1,0.0,0.013408651597901122,0.013408651597901122,2.8784867363675,2.132847935068037
2021-10-05,0.006387302937156843,0,0.0005,-0.0005,0.006387302937156843,2.8770478527501973,2.14651468130819
2021-10-06,0.009133241833824296,1,0.0005,0.008633241833824296,0.009133241833824296,2.901993629150852,2.1662091191215107
2021-10-07,-0.004999112782217772,0,0.0005,-0.0005,-0.004999112782217772,2.9005429950250297,2.155407018381477
2021-10-08,-0.007699294513479498,1,0.0005,-0.008199294513479498,-0.007699294513479498,2.876857822306106,2.138875626641205
2021-10-11,-0.003493917156820374,1,0.0,-0.003493917156820374,-0.003493917156820374,2.8668238585295422,2.1314156123179773
2021-10-12,0.007976169681177127,1,0.0,0.007976169681177127,0.007976169681177127,2.8897815676503202,2.148484125089522
2021-10-13,0.018249133667863255,1,0.0,0.018249133667863255,0.018249133667863255,2.9430017115212133,2.188052041059921
2021-10-14,0.00628086407541458,1,0.0,0.00628086407541458,0.00628086407541458,2.9615444765803036,2.2018381475292457
2021-10-15,0.010005612134269403,0,0.0005,-0.0005,0.010005612134269403,2.9600640744733817,2.223979470040585
2021-10-18,0.007538933209466775,1,0.0005,0.0070389332094667745,0.007538933209466775,2.9809732706755803,2.2408092623537863
2021-10-19,-0.0013058833223649194,1,0.0,-0.0013058833223649194,-0.0013058833223649194,2.9770830080643704,2.2378849367390807
2021-10-20,0.006088420269777251,1,0.0,0.006088420269777251,0.006088420269777251,2.9952640312881886,2.2515516829792337
2021-10-21,-0.008437970130481507,1,0.0,-0.008437970130481507,-0.008437970130481507,2.970096413987095,2.232633086655529
2021-10-22,0.010185851931408342,1,0.0,0.010185851931408342,0.010185851931408342,3.000503976846145,2.2554905705418973
2021-10-25,0.0031437843738238436,1,0.0,0.0031437843738238436,0.0031437843738238436,3.009951757473369,2.26259250417761
2021-10-26,0.002318475061098662,1,0.0,0.002318475061098662,0.002318475061098662,3.0169383515506443,2.267844354261162
2021-10-27,0.011044052479865151,1,0.0,0.011044052479865151,0.011044052479865151,3.0504422458757596,2.293029362616378
2021-10-28,0.004906997760394209,1,0.0,0.004906997760394209,0.004906997760394209,3.065447544518998,2.304308904273098
2021-10-29,0.003412884353118211,1,0.0,0.003412884353118211,0.003412884353118211,3.0759274356349113,2.3121866793984265
2021-11-01,0.0041726827491301915,1,0.0,0.0041726827491301915,0.0041726827491301915,3.0887891201862585,2.3218548579613296
2021-11-02,0.010559652216521309,1,0.0,0.010559652216521309,0.010559652216521309,3.121578476480743,2.346502745285273
2021-11-03,0.01273709410642825,0,0.0005,-0.0005,0.01273709410642825,3.1200180773747874,2.376581523036527
2021-11-04,0.0009537913928057214,0,0.0,0.0,0.0009537913928057214,3.1200180773747874,2.378849367390788
2021-11-05,-0.0013556600876199409,0,0.0,-0.0,-0.0013556600876199409,3.1200180773747874,2.3756266412031537
2021-11-08,-0.006907184183091345,0,0.0,-0.0,-0.006907184183091345,3.1200180773747874,2.359274289806639
2021-11-09,-0.014806024585800263,0,0.0,-0.0,-0.014806024585800263,3.1200180773747874,2.3246001432322774
2021-11-10,0.002768877554163168,0,0.0,0.0,0.002768877554163168,3.1200180773747874,2.3310455956075455
2021-11-11,0.010467566192455393,0,0.0,0.0,0.010467566192455393,3.1200180773747874,2.355574122702318
2021-11-12,-0.00022804728279137606,0,0.0,-0.0,-0.00022804728279137606,3.1200180773747874,2.355037001671046
2021-11-15,0.007095720591660171,0,0.0,0.0,0.007095720591660171,3.1200180773747874,2.3718071138696613
2021-11-16,0.0005282686746333988,0,0.0,0.0,0.0005282686746333988,3.1200180773747874,2.373060396275963
2021-11-17,0.010308079965318295,0,0.0,0.0,0.010308079965318295,3.1200180773747874,2.397648603485321
2021-11-18,0.005560120561933046,0,0.0,0.0,0.005560120561933046,3.1200180773747874,2.4110169491525446
2021-11-19,-0.011677111110379373,0,0.0,-0.0,-0.011677111110379373,3.1200180773747874,2.383026975411795
2021-11-22,-0.004568395706012971,0,0.0,-0.0,-0.004568395706012971,3.1200180773747874,2.3721651945571756
2021-11-23,0.0032151137913405585,0,0.0,0.0,0.0032151137913405585,3.1200180773747874,2.3798042492241605
2021-11-24,-0.019140793993840992,0,0.0,-0.0,-0.019140793993840992,3.1200180773747874,2.3346860825972806
2021-11-26,0.021470308479568136,1,0.0005,0.020970308479568135,0.021470308479568136,3.186136659476693,2.385354499880642
2021-11-29,-0.014795294523206165,1,0.0,-0.014795294523206165,-0.014795294523206165,3.13934383956344,2.3503222726187656
2021-11-30,-0.017159229631960916,0,0.0005,-0.0005,-0.017159229631960916,3.1377745599962434,2.3103365958462665
2021-12-01,0.007181220776543654,1,0.0005,0.006681220776543654,0.007181220776543654,3.158808913914331,2.3269873478157104
2021-12-02,-0.017541586085326414,1,0.0,-0.017541586085326414,-0.017541586085326414,3.1038815603293,2.2865242301265245
2021-12-03,0.007981012818133649,1,0.0,0.007981012818133649,0.007981012818133649,3.128752795654675,2.304846025304371
2021-12-06,0.029669408363203285,1,0.0,0.029669408363203285,0.029669408363203285,3.2229718402260468,2.37425399856768
2021-12-07,0.004464293128685528,0,0.0005,-0.0005,0.004464293128685528,3.2213607571102774,2.3848770589639563
2021-12-08,-0.01482367628729479,1,0.0005,-0.01532367628729479,-0.01482367628729479,3.1723739551774397,2.349785151587494
2021-12-09,0.010811735397927026,1,0.0,0.010811735397927026,0.010811735397927026,3.2068589081354553,2.3753282406302247
2021-12-10,-0.014552245363570197,1,0.0,-0.014552245363570197,-0.014552245363570197,3.1605298241381212,2.341012174743378
2021-12-13,-0.010404214498454975,1,0.0,-0.010404214498454975,-0.010404214498454975,3.1278174622200035,2.3167820482215356
2021-12-14,0.02254154660631013,1,0.0,0.02254154660631013,0.02254154660631013,3.1991239654159003,2.369598949629986
2021-12-15,-0.026051046492457604,1,0.0,-0.026051046492457604,-0.026051046492457604,3.1168596267006334,2.308665552637864
2021-12-16,-0.005001630122329328,1,0.0,-0.005001630122329328,-0.005001630122329328,3.101309168941529,2.2971472905228008
2021-12-17,-0.0110241450851296,0,0.0005,-0.0005,-0.0110241450851296,3.0997589019561023,2.2719622821675842
2021-12-20,0.022133648071197855,1,0.0005,0.021633648071197855,0.022133648071197855,3.1675486207445247,2.3228097397947027
2021-12-21,0.01210495397919556,0,0.0005,-0.0005,0.01210495397919556,3.165965242311748,2.3510981141083813
2021-12-22,0.007510751354343647,1,0.0005,0.007010751354343647,0.007510751354343647,3.1882390241644334,2.36882310814037
2021-12-23,0.01639217114059394,1,0.0,0.01639217114059394,0.01639217114059394,3.2409318791440733,2.407973263308668
2021-12-27,-0.004645451720718656,0,0.0005,-0.0005,-0.004645451720718656,3.2393118182534755,2.3968130818811195
2021-12-28,-0.00014940983144479713,1,0.0005,-0.0006494098314447971,-0.00014940983144479713,3.237208860226302,2.3964550011936048
2021-12-29,-0.002992894115828358,1,0.0,-0.002992894115828358,-0.002992894115828358,3.2275347209353753,2.389293387443306
2021-12-30,-0.006264114695098959,1,0.0,-0.006264114695098959,-0.006264114695098959,3.2073802640792786,2.3743733587968516
2021-12-31,0.009580701902906243,1,0.0,0.009580701902906243,0.009580701902906243,3.238256891982819,2.397230842683221
2022-01-03,-0.013055375556939287,1,0.0,-0.013055375556939287,-0.013055375556939287,3.1962550038947124,2.366137502984009
2022-01-04,-0.03120290027477018,1,0.0,-0.03120290027477018,-0.03120290027477018,3.0980624900918077,2.29344712341848
2022-01-05,-0.000702841329970304,1,0.0,-0.000702841329970304,-0.000702841329970304,3.0958858087513486,2.291835760324662
2022-01-06,-0.010891870780680239,0,0.0005,-0.0005,-0.010891870780680239,3.0943382527682095,2.2670088326569613
2022-01-07,0.0006579207311287267,1,0.0005,0.00015792073112872666,0.0006579207311287267,3.094826951514262,2.268500835521607
2022-01-10,0.014910254944524382,1,0.0,0.014910254944524382,0.014910254944524382,3.1413173408572055,2.30257818095011
2022-01-11,0.003957737618168435,0,0.0005,-0.0005,0.003957737618168435,3.139747074786009,2.3117092384817406
2022-01-12,-0.025334357124479623,1,0.0005,-0.025834357124479623,-0.025334357124479623,3.0596725184418796,2.2538792074480813
2022-01-13,0.006203248210218904,1,0.0,0.006203248210218904,0.006203248210218904,3.078711416970552,2.2679040343757486
2022-01-14,-0.02520917976628285,1,0.0,-0.02520917976628285,-0.02520917976628285,3.002069723318961,2.211446645977563
2022-01-18,-0.011044438818881175,1,0.0,-0.011044438818881175,-0.011044438818881175,2.9690959713990903,2.1871568393411343
2022-01-19,-0.013073517706207282,1,0.0,-0.013073517706207282,-0.013073517706207282,2.930532074804843,2.158749104798284
2022-01-20,-0.028120326120432915,0,0.0005,-0.0005,-0.028120326120432915,2.929067175022905,2.098889949868706
2022-01-21,0.0045674486132530655,1,0.0005,0.004067448613253066,0.0045674486132530655,2.941005267572286,2.1084984483170235
2022-01-24,-0.023454347572885458,0,0.0005,-0.0005,-0.023454347572885458,2.939535132502895,2.059620434471237
2022-01-25,-0.0015659439460275102,1,0.0005,-0.0020659439460275104,-0.0015659439460275102,2.9334684865247977,2.056397708283603
2022-01-26,-0.010121573421586413,1,0.0,-0.010121573421586413,-0.010121573421586413,2.903926925598887,2.0356887085223234
2022-01-27,0.03088714287885771,1,0.0,0.03088714287885771,0.03088714287885771,2.9950204996355567,2.099546431129151
2022-01-28,0.03147773352279796,0,0.0005,-0.0005,0.03147773352279796,2.993523363700913,2.1666865600381984
2022-01-31,0.006780431428760173,0,0.0,0.0,0.006780431428760173,2.993523363700913,2.1814275483408956
2022-02-01,0.008092576964096702,0,0.0,0.0,0.008092576964096702,2.993523363700913,2.1991525423728846
2022-02-02,-0.04138865616886282,0,0.0,-0.0,-0.04138865616886282,2.993523363700913,2.1099904511816696
2022-02-03,0.012536000921226295,0,0.0,0.0,0.012536000921226295,2.993523363700913,2.136607782286945
2022-02-04,-0.008076999346785725,0,0.0,-0.0,-0.008076999346785725,2.993523363700913,2.1194199092862287
2022-02-07,0.011172674848986167,0,0.0,0.0,0.011172674848986167,2.993523363700913,2.143232275005971
2022-02-08,0.020969288001764962,0,0.0,0.0,0.020969288001764962,2.993523363700913,2.1886488422057804
2022-02-09,-0.022892499520621317,1,0.0005,-0.023392499520621318,-0.022892499520621317,2.924310062063137,2.1391143470995497
2022-02-10,-0.032235707292462557,1,0.0,-0.032235707292462557,-0.032235707292462557,2.83154604843242,2.071258056815472
2022-02-11,0.0012382119500065284,1,0.0,0.0012382119500065284,0.0012382119500065284,2.8350542741018314,2.0738243017426625
2022-02-14,0.02455994512118791,0,0.0005,-0.0005,0.02455994512118791,2.8336371012875086,2.125387920744811
2022-02-15,-0.0002527486428214364,1,0.0005,-0.0007527486428214364,-0.0002527486428214364,2.8315048874164965,2.124850799713539
2022-02-16,-0.030195169155926956,1,0.0,-0.030195169155926956,-0.030195169155926956,2.747285033586194,2.0616495583671552
2022-02-17,-0.011470953775818702,1,0.0,-0.011470953775818702,-0.011470953775818702,2.7159511125199627,2.0381355932203418
2022-02-18,-0.010094407291238665,0,0.0005,-0.0005,-0.010094407291238665,2.7145934764010167,2.0176653139174054
2022-02-22,-0.02594902151321671,0,0.0,-0.0,-0.02594902151321671,2.7145934764010167,1.9659823346860854
2022-02-23,0.033052224228148075,0,0.0,0.0,0.033052224228148075,2.7145934764010167,2.0320482215325884
2022-02-24,0.015388057553135763,0,0.0,0.0,0.015388057553135763,2.7145934764010167,2.063559322033901
2022-02-25,0.0029744307705730374,0,0.0,0.0,0.0029744307705730374,2.7145934764010167,2.0697063738362402
2022-02-28,-0.015429848901151805,0,0.0,-0.0,-0.015429848901151805,2.7145934764010167,2.0380162329911697
2022-03-01,0.016640188808567595,0,0.0,0.0,0.016640188808567595,2.7145934764010167,2.0722129386488453
2022-03-02,-0.014387902664496842,0,0.0,-0.0,-0.014387902664496842,2.7145934764010167,2.042611601814278
2022-03-03,-0.014597940081701045,1,0.0005,-0.015097940081701046,-0.014597940081701045,2.67391654834115,2.0130102649797115
2022-03-04,-0.037578421776354856,0,0.0005,-0.0005,-0.037578421776354856,2.6725799242508486,1.9387682024349513
2022-03-07,-0.00465899239864788,0,0.0,-0.0,-0.00465899239864788,2.6725799242508486,1.9297565051324925
2022-03-08,0.03536535274065357,0,0.0,0.0,0.03536535274065357,2.6725799242508486,1.9992241585103872
2022-03-09,-0.011166927796972334,0,0.0,-0.0,-0.011166927796972334,2.6725799242508486,1.9770231558844618
2022-03-10,-0.020956430595025388,0,0.0,-0.0,-0.020956430595025388,2.6725799242508486,1.936022917164003
2022-03-11,-0.01939149110907907,0,0.0,-0.0,-0.01939149110907907,2.6725799242508486,1.8988422057770376
2022-03-14,0.03088498978755294,0,0.0,0.0,0.03088498978755294,2.6725799242508486,1.9584029601336856
2022-03-15,0.03641553053219528,0,0.0,0.0,0.03641553053219528,2.6725799242508486,2.0310336595846286
2022-03-16,0.012033558376037312,0,0.0,0.0,0.012033558376037312,2.6725799242508486,2.0556218667939863
2022-03-17,0.0202613515159267,1,0.0005,0.0197613515159267,0.0202613515159267,2.7259190059798946,2.0976963475769894
2022-03-18,-0.004019561550329473,1,0.0,-0.004019561550329473,-0.004019561550329473,2.714983998445024,2.089281451420389
2022-03-21,0.01946203089066068,0,0.0005,-0.0005,0.01946203089066068,2.713626845762246,2.130341370255433
2022-03-22,-0.014475626291688824,1,0.0005,-0.014975626291688825,-0.014475626291688824,2.6732913626176256,2.0997254714729072
2022-03-23,0.02198323192083158,1,0.0,0.02198323192083158,0.02198323192083158,2.732709656838328,2.1463953210790185
2022-03-24,-0.0008344923989134286,1,0.0,-0.0008344923989134286,-0.0008344923989134286,2.730430182635488,2.1446049176414443
2022-03-25,0.015353903920876308,1,0.0,0.015353903920876308,0.015353903920876308,2.772676437861461,2.1777870613511605
2022-03-28,0.017063313058666225,1,0.0,0.017063313058666225,0.017063313058666225,2.8203934311742507,2.2152661733110555
2022-03-29,-0.011107011296150035,1,0.0,-0.011107011296150035,-0.011107011296150035,2.789240617068767,2.1907973263308693
2022-03-30,-0.01247223656307097,1,0.0,-0.01247223656307097,-0.01247223656307097,2.7546685916590232,2.163642874194321
2022-03-31,-0.001905051722636288,1,0.0,-0.001905051722636288,-0.001905051722636288,2.749425800992491,2.1595249462879
2022-04-01,0.020379560546380817,1,0.0,0.020379560546380817,0.020379560546380817,2.8060327436963575,2.2039866316543355
2022-04-04,-0.02245439357510547,0,0.0005,-0.0005,-0.02245439357510547,2.8046300780201507,2.155048937693963
2022-04-05,-0.021950598556114715,1,0.0005,-0.022450598556114715,-0.021950598556114715,2.7423660021476928,2.10825972785868
2022-04-06,0.0023750293905606523,1,0.0,0.0023750293905606523,0.0023750293905606523,2.748886942649884,2.113272857483889
2022-04-07,-0.01407772982581385,1,0.0,-0.01407772982581385,-0.01407772982581385,2.7104599718334,2.083731200763908
2022-04-08,-0.02394178469401687,1,0.0,-0.02394178469401687,-0.02394178469401687,2.64633739022852,2.0344354261160205
2022-04-11,-0.004233183850371376,1,0.0,-0.004233183850371376,-0.004233183850371376,2.6351586350819063,2.025841489615662
2022-04-12,0.020123163720958067,1,0.0,0.020123163720958067,0.020123163720958067,2.6887235034927626,2.0670207686798783
2022-04-13,-0.023132548183675414,0,0.0005,-0.0005,-0.023132548183675414,2.6873794777754463,2.0197541179279086
2022-04-14,0.0007679584498409085,1,0.0005,0.00026795844984090844,0.0007679584498409085,2.6880996803023125,2.02130580090714
2022-04-18,0.02210470321615053,1,0.0,0.02210470321615053,0.02210470321615053,2.748180918543443,2.0664836476486057
2022-04-19,-0.014691814439322664,0,0.0005,-0.0005,-0.014691814439322664,2.7468071715495395,2.0363451897827667
2022-04-20,-0.02090812955452826,1,0.0005,-0.02140812955452826,-0.02090812955452826,2.688628141838383,1.9942110288851778
2022-04-21,-0.026534799172141667,1,0.0,-0.026534799172141667,-0.026534799172141667,2.618224142912494,1.9419909286225854
2022-04-22,0.012763921797646608,1,0.0,0.012763921797646608,0.012763921797646608,2.6518571389708048,1.966937216519458
2022-04-25,-0.03847579982116258,0,0.0005,-0.0005,-0.03847579982116258,2.650531541828222,1.8926951539746981
2022-04-26,-0.0011989274192097225,0,0.0,-0.0,-0.0011989274192097225,2.650531541828222,1.890427309620437
2022-04-27,0.03489970638206632,0,0.0,0.0,0.03489970638206632,2.650531541828222,1.9575674385294843
2022-04-28,-0.046042501948100376,0,0.0,-0.0,-0.046042501948100376,2.650531541828222,1.869479589400814
2022-04-29,0.016558084915884216,0,0.0,0.0,0.016558084915884216,2.650531541828222,1.9006922893291982
2022-05-02,0.0010670015134387608,0,0.0,0.0,0.0010670015134387608,2.650531541828222,1.902721413225116
2022-05-03,0.03325311782981621,0,0.0,0.0,0.03325311782981621,2.650531541828222,1.9670565767486303
2022-05-04,-0.05167660749516354,0,0.0,-0.0,-0.05167660749516354,2.650531541828222,1.8679875865361686
2022-05-05,-0.012053179267555897,0,0.0,-0.0,-0.012053179267555897,2.650531541828222,1.8456075435664863
2022-05-06,-0.03991294945992777,0,0.0,-0.0,-0.03991294945992777,2.650531541828222,1.7733946049176437
2022-05-09,0.012075542697156534,0,0.0,0.0,0.012075542697156534,2.650531541828222,1.7949391262831247
2022-05-10,-0.030106897623859652,0,0.0,-0.0,-0.030106897623859652,2.650531541828222,1.7417044640725732
2022-05-11,-0.002367108602837626,1,0.0005,-0.002867108602837626,-0.002367108602837626,2.642943063736267,1.7375865361661516
2022-05-12,0.0363897238564612,0,0.0005,-0.0005,0.0363897238564612,2.6416219225172277,1.8019813798042517
2022-05-13,-0.011659414536276379,0,0.0,-0.0,-0.011659414536276379,2.6416219225172277,1.7810933396992148
2022-05-16,0.02557159564076724,0,0.0,0.0,0.02557159564076724,2.6416219225172277,1.8272260682740538
2022-05-17,-0.050336252107566065,0,0.0,-0.0,-0.050336252107566065,2.6416219225172277,1.737526856051566
2022-05-18,-0.005372653783239172,0,0.0,-0.0,-0.005372653783239172,2.6416219225172277,1.728216758176178
2022-05-19,-0.0031127891492030257,0,0.0,-0.0,-0.0031127891492030257,2.6416219225172277,1.7228455478634546
2022-05-20,0.016490685641720963,0,0.0,0.0,0.016490685641720963,2.6416219225172277,1.7514920028646481
2022-05-23,-0.021491390603676712,0,0.0,-0.0,-0.021491390603676712,2.6416219225172277,1.7142516113630966
2022-05-24,0.01389823581231738,0,0.0,0.0,0.01389823581231738,2.6416219225172277,1.738243017426596
2022-05-25,0.02733030466019048,0,0.0,0.0,0.02733030466019048,2.6416219225172277,1.786404869897353
2022-05-26,0.032118205423446,0,0.0,0.0,0.032118205423446,2.6416219225172277,1.8447123418476994
2022-05-27,-0.0026563882282782435,0,0.0,-0.0,-0.0026563882282782435,2.6416219225172277,1.8398185724516618
2022-05-31,-0.007423358957411713,0,0.0,-0.0,-0.007423358957411713,2.6416219225172277,1.8262115063260949
2022-06-01,0.027017343347711154,1,0.0005,0.026517343347711154,0.027017343347711154,2.7126077360875938,1.876223442349012
2022-06-02,-0.026363962076508523,1,0.0,-0.026363962076508523,-0.026363962076508523,2.6420271289204824,1.8274051086178111
2022-06-03,0.003325620097416226,1,0.0,0.003325620097416226,0.003325620097416226,2.650828133726162,1.833492480305565
2022-06-06,0.00858875136565226,0,0.0005,-0.0005,0.00858875136565226,2.649503050957597,1.8493077106708073
2022-06-07,-0.007222586497798825,0,0.0,-0.0,-0.007222586497798825,2.649503050957597,1.8359990451181694
2022-06-08,-0.02714979620332508,0,0.0,-0.0,-0.02714979620332508,2.649503050957597,1.7868226306994537
2022-06-09,-0.03590757040254708,0,0.0,-0.0,-0.03590757040254708,2.649503050957597,1.7238004296968277
2022-06-10,-0.04761200512702361,1,0.0005,-0.04811200512702361,-0.04761200512702361,2.525048042666715,1.6436500358080715
2022-06-13,0.0018138291267588151,1,0.0,0.0018138291267588151,0.0018138291267588151,2.5296322045393174,1.6466340415373624
2022-06-14,0.024665208439701634,1,0.0,0.024665208439701634,0.024665208439701634,2.5928019551437744,1.6877536404869924
2022-06-15,-0.04118303328426667,0,0.0005,-0.0005,-0.04118303328426667,2.591505878212437,1.6196586297445716
2022-06-16,0.012086288351351056,1,0.0005,0.011586288351351056,0.012086288351351056,2.621706430889482,1.6393530675578922
2022-06-17,0.022996137234494875,0,0.0005,-0.0005,0.022996137234494875,2.620395905332729,1.6774886607782313
2022-06-21,-0.0014597243357441802,0,0.0,-0.0,-0.0014597243357441802,2.620395905332729,1.6750417760802128
2022-06-22,0.01478312393815192,0,0.0,0.0,0.01478312393815192,2.620395905332729,1.699988063977086
2022-06-23,0.03368972185732614,0,0.0,0.0,0.03368972185732614,2.620395905332729,1.7582358558128461
2022-06-24,-0.007358735894696129,0,0.0,-0.0,-0.007358735894696129,2.620395905332729,1.7453449510623087
2022-06-27,-0.030940505199549186,1,0.0005,-0.03144050519954918,-0.030940505199549186,2.5392910047134483,1.6921699689663432
2022-06-28,0.0009165580364567448,1,0.0,0.0009165580364567448,0.0009165580364567448,2.5416194792187223,1.6937216519455744
2022-06-29,-0.012480661223609255,1,0.0,-0.012480661223609255,-0.012480661223609255,2.5100955166857766,1.6727142516113656
2022-06-30,0.006578854118996009,1,0.0,0.006578854118996009,0.006578854118996009,2.5266635083579216,1.6837550728097423
2022-07-01,0.016974875602698072,1,0.0,0.016974875602698072,0.016974875602698072,2.5699194001289802,1.7125805681546935
2022-07-05,0.006391573794644139,1,0.0,0.006391573794644139,0.006391573794644139,2.5863978350893837,1.7235617092384847
2022-07-06,0.02117315041268504,1,0.0,0.02117315041268504,0.02117315041268504,2.641743882945521,1.7604440200525215
2022-07-07,0.00125353632188799,1,0.0,0.00125353632188799,0.00125353632188799,2.6450574812799497,1.762652184292197
2022-07-08,-0.021596006913859437,0,0.0005,-0.0005,-0.021596006913859437,2.6437352831163965,1.7249940319885444
2022-07-11,-0.009734467078975748,0,0.0,-0.0,-0.009734467078975748,2.6437352831163965,1.7082835999045147
2022-07-12,-0.002063334589937646,0,0.0,-0.0,-0.002063334589937646,2.6437352831163965,1.704762473143951
2022-07-13,0.0035644432483454037,0,0.0,0.0,0.0035644432483454037,2.6437352831163965,1.7108498448317047
2022-07-14,0.017976769236629022,0,0.0,0.0,0.017976769236629022,2.6437352831163965,1.7418835044163312
2022-07-15,-0.008498683458062593,1,0.0005,-0.008998683458062593,-0.008498683458062593,2.6200518657607996,1.7271425161136333
2022-07-18,0.030289877323319357,1,0.0,0.030289877323319357,0.030289877323319357,2.7006270613560694,1.7802578180950133
2022-07-19,0.015732118988499636,1,0.0,0.015732118988499636,0.015732118988499636,2.743449609127488,1.8084865122941063
2022-07-20,0.01425295666996347,1,0.0,0.01425295666996347,0.01425295666996347,2.7828318676487713,1.834447362138938
2022-07-21,-0.01769086293531134,0,0.0005,-0.0005,-0.01769086293531134,2.7814407995109622,1.8022797803771813
2022-07-22,-0.0057118343448174696,1,0.0005,-0.006211834344817469,-0.0057118343448174696,2.76421650264985,1.79201480066842
2022-07-25,-0.019844590410608223,1,0.0,-0.019844590410608223,-0.019844590410608223,2.709902460735459,1.7568035330627862
2022-07-26,0.04139118399760214,1,0.0,0.04139118399760214,0.04139118399760214,2.824422237246479,1.8310455956075462
2022-07-27,0.009730542865391174,1,0.0,0.009730542865391174,0.009730542865391174,2.852039546694474,1.8489496299832922
2022-07-28,0.018072684707905514,1,0.0,0.018072684707905514,0.018072684707905514,2.904052146154865,1.8826688947242802
2022-07-29,-0.0006024765137131421,1,0.0,-0.0006024765137131421,-0.0006024765137131421,2.9023030498898255,1.8815349725471495
2022-08-01,-0.0029860250903653,1,0.0,-0.0029860250903653,-0.0029860250903653,2.893649626262787,1.8759250417760824
2022-08-02,0.026868318489067042,1,0.0,0.026868318489067042,0.026868318489067042,2.9724510158877337,1.9270112198615446
2022-08-03,0.004665614296941257,0,0.0005,-0.0005,0.004665614296941257,2.9709651618742483,1.936022917164003
2022-08-04,-0.008202475765021705,0,0.0,-0.0,-0.008202475765021705,2.9709651618742483,1.920207686798761
2022-08-05,-0.0032375584734339984,0,0.0,-0.0,-0.0032375584734339984,2.9709651618742483,1.9140009548818357
2022-08-08,-0.011383180033846887,0,0.0,-0.0,-0.011383180033846887,2.9709651618742483,1.8923370732871831
2022-08-09,0.0275285264148894,0,0.0,0.0,0.0275285264148894,2.9709651618742483,1.9451539746956341
2022-08-10,-0.005692235489409328,0,0.0,-0.0,-0.005692235489409328,2.9709651618742483,1.9341131534972575
2022-08-11,0.019283375950527284,0,0.0,0.0,0.019283375950527284,2.9709651618742483,1.97177130580091
2022-08-12,0.00804887908516273,0,0.0,0.0,0.00804887908516273,2.9709651618742483,1.9877058963953242
2022-08-15,-0.0023446669592542455,0,0.0,-0.0,-0.0023446669592542455,2.9709651618742483,1.98305084745763
2022-08-16,-0.011471590909858762,0,0.0,-0.0,-0.011471590909858762,2.9709651618742483,1.9604320840296046
2022-08-17,0.002402056584672822,0,0.0,0.0,0.002402056584672822,2.9709651618742483,1.9651468130818843
2022-08-18,-0.019689659916301387,0,0.0,-0.0,-0.019689659916301387,2.9709651618742483,1.926832179517788
2022-08-19,-0.026679966731409113,0,0.0,-0.0,-0.026679966731409113,2.9709651618742483,1.876104082119841
2022-08-22,-0.0008274194533733203,0,0.0,-0.0,-0.0008274194533733203,2.9709651618742483,1.8745523991406097
2022-08-23,0.0028929778088834456,1,0.0005,0.0023929778088834456,0.0028929778088834456,2.978083128749308,1.879983289567919
2022-08-24,0.01752747084425043,1,0.0,0.01752747084425043,0.01752747084425043,3.0307415301560363,1.9132251133922207
2022-08-25,-0.041851908941146446,0,0.0005,-0.0005,-0.041851908941146446,3.029226538170517,1.834805442826453
2022-08-26,-0.009904469297487157,0,0.0,-0.0,-0.009904469297487157,3.029226538170517,1.81672236810695
2022-08-29,-0.011198769234884798,1,0.0005,-0.011698769234884799,-0.011198769234884798,2.9939948017379705,1.7964908092623564
2022-08-30,-0.00583053176836538,1,0.0,-0.00583053176836538,-0.00583053176836538,2.976589011747135,1.7860467892098382
2022-08-31,0.000434296029676882,1,0.0,0.000434296029676882,0.000434296029676882,2.977882013289311,1.786822630699454
2022-09-01,-0.014229010439744097,0,0.0005,-0.0005,-0.014229010439744097,2.976393444455887,1.7615779422296522
2022-09-02,-0.007208218623345586,0,0.0,-0.0,-0.007208218623345586,2.976393444455887,1.7489257579374584
2022-09-06,0.019999990986250323,1,0.0005,0.019499990986250323,0.019999990986250323,3.035002672335572,1.784256385772264
2022-09-07,0.0051710735922713726,0,0.0005,-0.0005,0.0051710735922713726,3.033485550311517,1.7935068035330661
2022-09-08,0.021626556732476106,1,0.0005,0.021126556732476105,0.021626556732476106,3.0982544174466624,1.8327166388159501
2022-09-09,0.01181568543041936,0,0.0005,-0.0005,0.01181568543041936,3.0967056774552026,1.8544998806397748
2022-09-12,-0.05639771145928082,1,0.0005,-0.05689771145928082,-0.05639771145928082,2.9254290400615313,1.752804965385537
2022-09-13,0.007901962335136061,0,0.0005,-0.0005,0.007901962335136061,2.9239666911591917,1.766710432084033
2022-09-14,-0.01679394978813277,1,0.0005,-0.01729394978813277,-0.01679394978813277,2.8738344992826748,1.7372881355932241
2022-09-15,-0.006133508770497625,1,0.0,-0.006133508770497625,-0.006133508770497625,2.8562617565526054,1.726665075196948
2022-09-16,0.005961731736664683,1,0.0,0.005961731736664683,0.005961731736664683,2.873340882913853,1.736989735020295
2022-09-19,-0.008003078349871632,1,0.0,-0.008003078349871632,-0.008003078349871632,2.850437083400504,1.7231439484363849
2022-09-20,-0.018068254381056106,1,0.0,-0.018068254381056106,-0.018068254381056106,2.799397150864291,1.6922893291955157
2022-09-21,-0.012384169062359889,1,0.0,-0.012384169062359889,-0.012384169062359889,2.764942728320504,1.6714609692050644
2022-09-22,-0.01641564634957787,0,0.0005,-0.0005,-0.01641564634957787,2.763560602516589,1.6442468369539305
2022-09-23,-0.004146365146112586,0,0.0,-0.0,-0.004146365146112586,2.763560602516589,1.637443303891147
2022-09-26,0.0004008381214277402,1,0.0005,-9.916187857225982e-05,0.0004008381214277402,2.7632865762424,1.6380997851515908
2022-09-27,0.019696895942305538,1,0.0,0.019696895942305538,0.019696895942305538,2.818254314169694,1.6706851277154486
2022-09-28,-0.029251283623261893,0,0.0005,-0.0005,-0.029251283623261893,2.816845539235692,1.6225232752446919
2022-09-29,-0.01710204351632313,0,0.0,-0.0,-0.01710204351632313,2.816845539235692,1.5950107424206288
2022-09-30,0.02318933770759302,1,0.0005,0.02268933770759302,0.02318933770759302,2.881488478494295,1.632430174265938
2022-10-03,0.030956652560821217,0,0.0005,-0.0005,0.030956652560821217,2.8800480943810842,1.6837550728097432
2022-10-04,-0.0005318111841140121,0,0.0,-0.0,-0.0005318111841140121,2.8800480943810842,1.682859871090956
2022-10-05,-0.007904053682094746,0,0.0,-0.0,-0.007904053682094746,2.8800480943810842,1.6696108856529035
2022-10-06,-0.03884903502226014,0,0.0,-0.0,-0.03884903502226014,2.8800480943810842,1.6059918835044196
2022-10-07,-0.010046582233604247,0,0.0,-0.0,-0.010046582233604247,2.8800480943810842,1.5899379326808338
2022-10-10,-0.01383346574219544,0,0.0,-0.0,-0.01383346574219544,2.8800480943810842,1.5680950107424236
2022-10-11,-0.00034258960004657734,0,0.0,-0.0,-0.00034258960004657734,2.8800480943810842,1.5675578897111513
2022-10-12,0.023181590485988213,0,0.0,0.0,0.023181590485988213,2.8800480943810842,1.6043208402960163
2022-10-13,-0.030518268408369516,0,0.0,-0.0,-0.030518268408369516,2.8800480943810842,1.5560993077106737
2022-10-14,0.03248790689191006,0,0.0,0.0,0.03248790689191006,2.8800480943810842,1.6074838863690648
2022-10-17,0.00787682270901472,0,0.0,0.0,0.00787682270901472,2.8800480943810842,1.6201957507758442
2022-10-18,-0.003653342809085853,0,0.0,-0.0,-0.003653342809085853,2.8800480943810842,1.6142874194318482
2022-10-19,-0.005114911077334884,0,0.0,-0.0,-0.005114911077334884,2.8800480943810842,1.606051563619005
2022-10-20,0.023176987349842876,0,0.0,0.0,0.023176987349842876,2.8800480943810842,1.6437097159226572
2022-10-21,0.010941304736697615,1,0.0005,0.010441304736697615,0.010941304736697615,2.910277094660669,1.6617927906421603
2022-10-24,0.02047489149668111,1,0.0,0.02047489149668111,0.02047489149668111,2.9704789120973554,1.6961685366435928
2022-10-25,-0.022344118109452984,1,0.0,-0.022344118109452984,-0.022344118109452984,2.904842208364301,1.6586894246836978
2022-10-26,-0.01837379212882742,0,0.0005,-0.0005,-0.01837379212882742,2.903390150304885,1.6284912867032728
2022-10-27,0.030141789868591385,0,0.0,0.0,0.030141789868591385,2.903390150304885,1.6783241823824326
2022-10-28,-0.011696039763191411,0,0.0,-0.0,-0.011696039763191411,2.903390150304885,1.6588087849128692
2022-10-31,-0.010270223711580215,1,0.0005,-0.010770223711580216,-0.010270223711580215,2.872287779260914,1.6418596323704964
2022-11-01,-0.034878440619407106,1,0.0,-0.034878440619407106,-0.034878440619407106,2.773833801730361,1.585581284316068
2022-11-02,-0.019728104327827695,0,0.0005,-0.0005,-0.019728104327827695,2.7724472315009403,1.5546073048460274
2022-11-03,0.015957076403195176,0,0.0,0.0,0.015957076403195176,2.7724472315009403,1.5796132728574857
2022-11-04,0.010934409204195542,1,0.0005,0.010434409204195541,0.010934409204195542,2.8015275344545802,1.5969801862019593
2022-11-07,0.007260843992958955,1,0.0,0.007260843992958955,0.007260843992958955,2.821943015945617,1.6086178085461944
2022-11-08,-0.023346779741337382,0,0.0005,-0.0005,-0.023346779741337382,2.8205323971217378,1.571496777273814
2022-11-09,0.07119309239655384,0,0.0,0.0,0.07119309239655384,2.8205323971217378,1.6874552399140623
2022-11-10,0.01825846660487219,0,0.0,0.0,0.01825846660487219,2.8205323971217378,1.7185485796132742
2022-11-11,-0.008789732209457541,1,0.0005,-0.009289732209457542,-0.008789732209457541,2.7944517352081433,1.7035091907376478
2022-11-14,0.013743409958554205,1,0.0,0.013743409958554205,0.013743409958554205,2.8331221540494833,1.7270828359990464
2022-11-15,-0.01374340995855421,1,0.0,-0.01374340995855421,-0.01374340995855421,2.7944517352081433,1.7035091907376478
2022-11-16,-0.0022095581106978,1,0.0,-0.0022095581106978,-0.0022095581106978,2.788284048152436,1.699749343518741
2022-11-17,3.5110510334876864e-05,0,0.0005,-0.0005,3.5110510334876864e-05,2.7868902546057837,1.699809023633327
2022-11-18,-0.010340477872605624,0,0.0,-0.0,-0.010340477872605624,2.7868902546057837,1.6823227500596816
2022-11-21,0.014300046442649013,1,0.0005,0.013800046442649013,0.014300046442649013,2.825616063952889,1.7065528765815243
2022-11-22,0.009986686337093839,0,0.0005,-0.0005,0.009986686337093839,2.824203609064061,1.7236810694676548
2022-11-23,-0.006600225440185324,1,0.0005,-0.007100225440185324,-0.006600225440185324,2.8042221471369264,1.712341847696349
2022-11-25,-0.014781793997181403,1,0.0,-0.014781793997181403,-0.014781793997181403,2.763075572344487,1.6872165194557187
2022-11-28,-0.007598389064611474,1,0.0,-0.007598389064611474,-0.007598389064611474,2.742160211286098,1.674444974934353
2022-11-29,0.04457727556662969,1,0.0,0.04457727556662969,0.04457727556662969,2.86716370097619,1.750775841489617
2022-11-30,0.0012264088203391282,1,0.0,0.0012264088203391282,0.0012264088203391282,2.870682172929938,1.7529243256147065
2022-12-01,-0.003991340349164685,1,0.0,-0.003991340349164685,-0.003991340349164685,2.8592471390802574,1.7459417522081653
2022-12-02,-0.0169258939999519,1,0.0,-0.0169258939999519,-0.0169258939999519,2.81125909104442,1.7166388159465276
2022-12-05,-0.02093802338749611,1,0.0,-0.02093802338749611,-0.02093802338749611,2.7530088331434865,1.681069467653379
2022-12-06,-0.004091003731332123,1,0.0,-0.004091003731332123,-0.004091003731332123,2.741769269957903,1.6742062544760095
2022-12-07,0.011765258501270392,1,0.0,0.011765258501270392,0.011765258501270392,2.7742174001980215,1.6940200525185023
2022-12-08,-0.006397024765895444,1,0.0,-0.006397024765895444,-0.006397024765895444,2.756527305097234,1.6832179517784687
2022-12-09,0.012473295151309176,1,0.0,0.012473295151309176,0.012473295151309176,2.791125612642419,1.7043447123418487
2022-12-12,0.010692681504793432,1,0.0,0.010692681504793432,0.010692681504793432,2.821130359581323,1.7226665075196954
2022-12-13,-0.007441441947317564,0,0.0005,-0.0005,-0.007441441947317564,2.8197201469840616,1.70989496299833
2022-12-14,-0.03415312415546054,1,0.0005,-0.03465312415546054,-0.03415312415546054,2.7236816617934547,1.652482692766771
2022-12-15,-0.009580216248824725,1,0.0,-0.009580216248824725,-0.009580216248824725,2.6977127947807977,1.6367271425161147
2022-12-16,-0.01654449501709555,1,0.0,-0.01654449501709555,-0.01654449501709555,2.653447680554677,1.6098710909524958
2022-12-19,-0.0007788017972307635,1,0.0,-0.0007788017972307635,-0.0007788017972307635,2.6513819752241248,1.6086178085461937
2022-12-20,0.01440198745176851,1,0.0,0.01440198745176851,0.01440198745176851,2.6898434411405985,1.6319527333492494
2022-12-21,-0.024769412028676194,0,0.0005,-0.0005,-0.024769412028676194,2.688498855594427,1.5920267366913357
2022-12-22,0.002246687082978194,1,0.0005,0.001746687082978194,0.002246687082978194,2.693198925398744,1.5956075435664852
2022-12-23,-0.014239137631340515,1,0.0,-0.014239137631340515,-0.014239137631340515,2.655121831076454,1.573048460253045
2022-12-27,-0.013290754761137141,1,0.0,-0.013290754761137141,-0.013290754761137141,2.620066728367046,1.55227978037718
2022-12-28,0.0240829050903728,1,0.0,0.0240829050903728,0.0240829050903728,2.6839314844525783,1.5901169730245897
2022-12-29,-0.0006006908124759151,0,0.0005,-0.0005,-0.0006006908124759151,2.6825898541458795,1.5891620911912165
2022-12-30,-0.006782752659788627,1,0.0005,-0.0072827526597886265,-0.006782752659788627,2.6631241836181143,1.5784196705657692
2023-01-03,0.004752753090447845,1,0.0,0.004752753090447845,0.004752753090447845,2.6758114812260954,1.5859393650035827
2023-01-04,-0.01577822310215559,1,0.0,-0.01577822310215559,-0.01577822310215559,2.6339232605521263,1.5611124373358813
2023-01-05,0.02722744458798825,1,0.0,0.02722744458798825,0.02722744458798825,2.7066234897026207,1.6042014800668436
2023-01-06,0.0064523530120532855,1,0.0,0.0064523530120532855,0.0064523530120532855,2.7241440435422133,1.6145858200047762
2023-01-09,0.008428928936414592,1,0.0,0.008428928936414592,0.008428928936414592,2.7472027034805278,1.628252566244929
2023-01-10,0.01715220653870786,0,0.0005,-0.0005,0.01715220653870786,2.7458294454718994,1.656421580329436
2023-01-11,0.005389880098272339,1,0.0005,0.004889880098272339,0.005389880098272339,2.7592891034680473,1.665373597517309
2023-01-12,0.00685692483404522,1,0.0,0.00685692483404522,0.00685692483404522,2.7782743572887196,1.6768321795177865
2023-01-13,0.002026631331331342,1,0.0,0.002026631331331342,0.002026631331331342,2.7839106045167314,1.680233946049178
2023-01-17,-0.013085167575139178,1,0.0,-0.013085167575139178,-0.013085167575139178,2.7477199644210746,1.6583910241107676
2023-01-18,-0.00987296231891241,1,0.0,-0.00987296231891241,-0.00987296231891241,2.720725306644806,1.6420983528288386
2023-01-19,0.026999112316885843,1,0.0,0.026999112316885843,0.026999112316885843,2.7951830989727555,1.6870374791119611
2023-01-20,0.021972754405966907,0,0.0005,-0.0005,0.021972754405966907,2.793785856762931,1.7245165910718558
2023-01-23,-0.002043892419910665,1,0.0005,-0.002543892419910665,-0.002043892419910665,2.786687798275507,1.7209954643112928
2023-01-24,-0.0022218374007403046,1,0.0,-0.0022218374007403046,-0.0022218374007403046,2.7805031043375235,1.7171759369778004
2023-01-25,0.019309805410639626,1,0.0,0.019309805410639626,0.019309805410639626,2.8347158121376603,1.7506564812604453
2023-01-26,0.009905101335296951,1,0.0,0.009905101335296951,0.009905101335296951,2.8629334782297104,1.7680830747195049
2023-01-27,-0.020425922834404774,1,0.0,-0.020425922834404774,-0.020425922834404774,2.805048608403895,1.7323346860825986
2023-01-30,0.014874866067290967,1,0.0,0.014874866067290967,0.014874866067290967,2.8470852000136277,1.7582955359274302
2023-01-31,0.021158058305228593,1,0.0,0.021158058305228593,0.021158058305228593,2.907965780965654,1.795894008116497
2023-02-01,0.035260900283339336,0,0.0005,-0.0005,0.035260900283339336,2.9065121615103187,1.8603485318691824
2023-02-02,-0.017932184671425197,0,0.0,-0.0,-0.017932184671425197,2.9065121615103187,1.8272857483886378
2023-02-03,-0.008495057401347055,0,0.0,-0.0,-0.008495057401347055,2.9065121615103187,1.8118285987109102
2023-02-06,0.020507018861113776,0,0.0,0.0,0.020507018861113776,2.9065121615103187,1.8493673907853914
2023-02-07,-0.017941059166496708,0,0.0,-0.0,-0.017941059166496708,2.9065121615103187,1.8164836476486044
2023-02-08,-0.008877213647103447,0,0.0,-0.0,-0.008877213647103447,2.9065121615103187,1.8004296968250186
2023-02-09,-0.0065848786274842015,0,0.0,-0.0,-0.0065848786274842015,2.9065121615103187,1.788613034137026
2023-02-10,0.01588911282733427,0,0.0,0.0,0.01588911282733427,2.9065121615103187,1.8172594891382199
2023-02-13,0.00736199644106904,0,0.0,0.0,0.00736199644106904,2.9065121615103187,1.8306875149200295
2023-02-14,0.007631765547049985,0,0.0,0.0,0.007631765547049985,2.9065121615103187,1.8447123418476976
2023-02-15,-0.018942434443535192,0,0.0,-0.0,-0.018942434443535192,2.9065121615103187,1.810097875387922
2023-02-16,-0.007080729712613811,0,0.0,-0.0,-0.007080729712613811,2.9065121615103187,1.7973263308665566
2023-02-17,-0.023959882032723492,0,0.0,-0.0,-0.023959882032723492,2.9065121615103187,1.7547744091668667
2023-02-21,0.0007479431911879181,1,0.0005,0.00024794319118791807,0.0007479431911879181,2.9072329007583724,1.7560873716877545
2023-02-22,0.008696148327286112,1,0.0,0.008696148327286112,0.008696148327286112,2.9326248754565847,1.7714251611363103
2023-02-23,-0.01688592281787213,1,0.0,-0.01688592281787213,-0.01688592281787213,2.8835205508456445,1.7417641441871579
2023-02-24,0.007135693228738356,1,0.0,0.007135693228738356,0.007135693228738356,2.9041700555613112,1.754237288135594
2023-02-27,-0.0012936172016763897,1,0.0,-0.0012936172016763897,-0.0012936172016763897,2.9004156001584627,1.751969443781333
2023-02-28,-0.00807173135433114,1,0.0,-0.00807173135433114,-0.00807173135433114,2.877098456077614,1.7378849367390794
2023-03-01,0.008242039783307061,1,0.0,0.008242039783307061,0.008242039783307061,2.9009096074483116,1.7522678443542623
2023-03-02,0.020462882589940553,1,0.0,0.020462882589940553,0.020462882589940553,2.960882092435918,1.788493673907855
2023-03-03,0.0011339004049657725,0,0.0005,-0.0005,0.0011339004049657725,2.9594020214382843,1.7905227978037725
2023-03-06,-0.012341695320155789,1,0.0005,-0.01284169532015579,-0.012341695320155789,2.9216412573857937,1.7685605156361908
2023-03-07,0.00498183338147072,1,0.0,0.00498183338147072,0.00498183338147072,2.936232703228174,1.7773931725948924
2023-03-08,-0.017477751497778457,1,0.0,-0.017477751497778457,-0.017477751497778457,2.885359824480416,1.7465982334686097
2023-03-09,-0.014143144507305033,1,0.0,-0.014143144507305033,-0.014143144507305033,2.844838985012725,1.7220697063738375
2023-03-10,0.0073890260913683885,0,0.0005,-0.0005,0.0073890260913683885,2.8434169210658315,1.734841250895203
2023-03-13,0.02271974744611894,0,0.0,0.0,0.02271974744611894,2.8434169210658315,1.7747075674385306
2023-03-14,0.005232277574955974,1,0.0005,0.0047322775749559735,0.005232277574955974,2.8569046478603215,1.7840176653139186
2023-03-15,0.02601923121661233,1,0.0,0.02601923121661233,0.02601923121661233,2.9322146154953503,1.8310455956075447
2023-03-16,-0.004737255049056799,0,0.0005,-0.0005,-0.004737255049056799,2.9307488746533497,1.8223919789926009
2023-03-17,0.001995649493562157,1,0.0005,0.0014956494935621568,0.001995649493562157,2.935135527353194,1.826032465982336
2023-03-20,0.014181412724801215,1,0.0,0.014181412724801215,0.014181412724801215,2.9770564420001633,1.8521126760563387
2023-03-21,-0.013691288713617486,1,0.0,-0.013691288713617486,-0.013691288713617486,2.936574460350229,1.826927667701123
2023-03-22,0.011788338567531436,1,0.0,0.011788338567531436,0.011788338567531436,2.97139663887849,1.8485915492957756
2023-03-23,0.003673631354983793,1,0.0,0.003673631354983793,0.003673631354983793,2.9823325296559604,1.8553950823585588
2023-03-24,-0.0068748757825826375,1,0.0,-0.0068748757825826375,-0.0068748757825826375,2.9618996810980547,1.8426832179517791
2023-03-27,-0.005325725389110831,1,0.0,-0.005325725389110831,-0.005325725389110831,2.9461673469971323,1.8328956791597049
2023-03-28,0.018069670792157225,1,0.0,0.018069670792157225,0.018069670792157225,2.9998875122197948,1.8663165433277642
2023-03-29,0.009420820789605723,1,0.0,0.009420820789605723,0.009420820789605723,3.0282824566946305,1.8839818572451668
2023-03-30,0.01649398853948467,1,0.0,0.01649398853948467,0.01649398853948467,3.0786451115908755,1.9153139174027223
2023-03-31,-0.002433394848978851,1,0.0,-0.002433394848978851,-0.002433394848978851,3.0711626600062907,1.910658868465028
2023-04-03,-0.003379121515789206,1,0.0,-0.003379121515789206,-0.003379121515789206,3.0608023424276345,1.9042134160897595
2023-04-04,-0.009921497470627936,1,0.0,-0.009921497470627936,-0.009921497470627936,3.030584749489887,1.8854141799952262
2023-04-05,0.006719586146419332,1,0.0,0.006719586146419332,0.006719586146419332,3.051017598047793,1.898126044402006
2023-04-06,-0.0005661089596402201,0,0.0005,-0.0005,-0.0005661089596402201,3.049492470562414,1.8970518023394611
2023-04-10,-0.006438400022105922,1,0.0005,-0.006938400022105922,-0.006438400022105922,3.0284071058744977,1.8848770589639536
2023-04-11,-0.008873116240910037,1,0.0,-0.008873116240910037,-0.008873116240910037,3.0016545623371838,1.8682263069945102
2023-04-12,0.019392898294227256,1,0.0,0.019392898294227256,0.019392898294227256,3.0604334483170166,1.9048102172356176
2023-04-13,-0.0018816451125205768,1,0.0,-0.0018816451125205768,-0.0018816451125205768,3.0546802131477016,1.9012294103604683
2023-04-14,0.0008471784758586172,1,0.0,0.0008471784758586172,0.0008471784758586172,3.0572691689738933,1.9028407734542856
2023-04-17,6.272541949700338e-05,1,0.0,6.272541949700338e-05,6.272541949700338e-05,3.0574609434795375,1.9029601336834576
2023-04-18,-0.000470536577215347,1,0.0,-0.000470536577215347,-0.000470536577215347,3.0560226346872086,1.9020649319646703
2023-04-19,-0.0076537011992777295,1,0.0,-0.0076537011992777295,-0.0076537011992777295,3.032722032251484,1.8875626641203158
2023-04-20,0.0010428353423388617,1,0.0,0.0010428353423388617,0.0010428353423388617,3.035886311594607,1.889532107901648
2023-04-21,-0.0020867593256008983,1,0.0,-0.0020867593256008983,-0.0020867593256008983,3.0295577529083606,1.8855932203389838
2023-04-24,-0.019043934325090914,1,0.0,-0.019043934325090914,-0.019043934325090914,2.9724089502265003,1.8500238720458353
2023-04-25,0.006046395418766588,0,0.0005,-0.0005,0.006046395418766588,2.9709231172405888,1.8612437335879692
2023-04-26,0.026827713771890624,1,0.0005,0.026327713771890623,0.026827713771890624,3.050179472038977,1.9118524707567448
2023-04-27,0.006875017357918575,1,0.0,0.006875017357918575,0.006875017357918575,3.0712217590163653,1.9250417760802112
2023-04-28,-0.0011477318049364117,1,0.0,-0.0011477318049364117,-0.0011477318049364117,3.0676988421920965,1.9228336118405358
2023-05-01,-0.008759817225291611,1,0.0,-0.008759817225291611,-0.008759817225291611,3.0409437171213005,1.9060634996419203
2023-05-02,-0.006565434235745298,1,0.0,-0.006565434235745298,-0.006565434235745298,3.021043997762595,1.893590355693484
2023-05-03,-0.0035361385630205858,1,0.0,-0.0035361385630205858,-0.0035361385630205858,3.010380033321566,1.8869061828598723
2023-05-04,0.02103166433036152,1,0.0,0.02103166433036152,0.02103166433036152,3.0743638199677403,1.9270112198615434
2023-05-05,0.002474559708712574,1,0.0,0.002474559708712574,0.002474559708712574,3.0819809374256186,1.931785629028409
2023-05-08,-0.0063533599730808766,1,0.0,-0.0063533599730808766,-0.0063533599730808766,3.062462073939806,1.919551205538316
2023-05-09,0.01082295112612958,1,0.0,0.01082295112612958,0.01082295112612958,3.0957869628180217,1.940439245643353
2023-05-10,0.00325483138083558,1,0.0,0.00325483138083558,0.00325483138083558,3.10587964344971,1.9467653377894498
2023-05-11,-0.0035932044249612103,1,0.0,-0.0035932044249612103,-0.0035932044249612103,3.0947396091675636,1.9397827643829089
2023-05-12,0.005400277000511534,1,0.0,0.005400277000511534,0.005400277000511534,3.1114972675748946,1.950286464550013
2023-05-15,0.0011315851043096517,1,0.0,0.0011315851043096517,0.0011315851043096517,3.115020184399164,1.9524946287896887
2023-05-16,0.012031499573703459,1,0.0,0.012031499573703459,0.012031499573703459,3.1527249158156585,1.976127954165673
2023-05-17,0.01840294907657009,1,0.0,0.01840294907657009,0.01840294907657009,3.2112815062730946,2.0128312246359523
2023-05-18,-0.002255930191805351,1,0.0,-0.002255930191805351,-0.002255930191805351,3.204045244688111,2.00829553592743
2023-05-19,0.0033523727902773945,1,0.0,0.0033523727902773945,0.0033523727902773945,3.214804423097363,2.0150393888756275
2023-05-22,-0.012757252001321122,1,0.0,-0.012757252001321122,-0.012757252001321122,3.1740528446977168,1.9894962998328967
2023-05-23,-0.005142791142633152,1,0.0,-0.005142791142633152,-0.005142791142633152,3.157771256131502,1.9792910002387212
2023-05-24,0.02404155294024368,1,0.0,0.02404155294024368,0.02404155294024368,3.2346089284878454,2.0274528527094784
2023-05-25,0.02522949606653903,1,0.0,0.02522949606653903,0.02522949606653903,3.3172546529058207,2.0792551921699696
2023-05-26,0.004524765015253688,0,0.0005,-0.0005,0.004524765015253688,3.3155964401670985,2.0886846502745295
2023-05-30,-0.005702266264187078,0,0.0,-0.0,-0.005702266264187078,3.3155964401670985,2.076808307471951
2023-05-31,0.011485840556061253,0,0.0,0.0,0.011485840556061253,3.3155964401670985,2.1007997135354506
2023-06-01,0.007471803362620085,0,0.0,0.0,0.007471803362620085,3.3155964401670985,2.116555263786107
2023-06-02,0.000704672004354947,0,0.0,0.0,0.000704672004354947,3.3155964401670985,2.1180472666507524
2023-06-05,-0.0001690760000646671,0,0.0,-0.0,-0.0001690760000646671,3.3155964401670985,2.1176891859632376
2023-06-06,-0.017110953811863634,0,0.0,-0.0,-0.017110953811863634,3.3155964401670985,2.0817617569825737
2023-06-07,0.012336866014408693,0,0.0,0.0,0.012336866014408693,3.3155964401670985,2.1076032465982335
2023-06-08,0.003815450117250954,0,0.0,0.0,0.003815450117250954,3.3155964401670985,2.1156600620673194
2023-06-09,0.01675587111704128,0,0.0,0.0,0.01675587111704128,3.3155964401670985,2.1514084507042255
2023-06-12,0.007654614232073824,0,0.0,0.0,0.007654614232073824,3.3155964401670985,2.1679398424444973
2023-06-13,0.00724124070386362,0,0.0,0.0,0.00724124070386362,3.3155964401670985,2.1836953926951534
2023-06-14,0.01184538953586933,0,0.0,0.0,0.01184538953586933,3.3155964401670985,2.209715922654571
2023-06-15,-0.006312758877026332,0,0.0,-0.0,-0.006312758877026332,3.3155964401670985,2.1958104559560754
2023-06-16,-0.002803371322767771,0,0.0,-0.0,-0.002803371322767771,3.3155964401670985,2.1896634041537357
2023-06-20,-0.013721400791539645,0,0.0,-0.0,-0.013721400791539645,3.3155964401670985,2.1598233468608257
2023-06-21,0.011729775868136416,0,0.0,0.0,0.011729775868136416,3.3155964401670985,2.185306755788971
2023-06-22,-0.009962893403059973,0,0.0,-0.0,-0.009962893403059973,3.3155964401670985,2.1636428741943186
2023-06-23,-0.013496081109047871,0,0.0,-0.0,-0.013496081109047871,3.3155964401670985,2.13463833850561
2023-06-26,0.017047993650117943,0,0.0,0.0,0.017047993650117943,3.3155964401670985,2.171341608975889
2023-06-27,0.0019495592209441712,0,0.0,0.0,0.0019495592209441712,3.3155964401670985,2.1755788971114822
2023-06-28,-0.002004531459977276,0,0.0,-0.0,-0.002004531459977276,3.3155964401670985,2.171222248746717
2023-06-29,0.015302454814363662,0,0.0,0.0,0.015302454814363662,3.3155964401670985,2.2047027930293623
2023-06-30,0.002352274272773228,0,0.0,0.0,0.002352274272773228,3.3155964401670985,2.2098949629983284
2023-07-03,-2.700622493663253e-05,0,0.0,-0.0,-2.700622493663253e-05,3.3155964401670985,2.209835282883742
2023-07-05,-0.007645007007421735,0,0.0,-0.0,-0.007645007007421735,3.3155964401670985,2.193005490570541
2023-07-06,-0.003325612987332089,0,0.0,-0.0,-0.003325612987332089,3.3155964401670985,2.1857245165910713
2023-07-07,0.0003276003305303374,0,0.0,0.0,0.0003276003305303374,3.3155964401670985,2.186440677966101
2023-07-10,0.00492833148681893,1,0.0005,0.0044283314868189295,0.00492833148681893,3.3303115579432716,2.1972427787061344
2023-07-11,0.012550941419493599,1,0.0,0.012550941419493599,0.012550941419493599,3.3723735096080896,2.224994031988541
2023-07-12,0.0168361757058451,0,0.0005,-0.0005,0.0168361757058451,3.3706877443297256,2.2627715445213648
2023-07-13,-0.00021102054890886456,0,0.0,-0.0,-0.00021102054890886456,3.3706877443297256,2.2622941036046784
2023-07-14,0.009295309024210795,0,0.0,0.0,0.009295309024210795,3.3706877443297256,2.283420864168059
2023-07-17,0.00814737375940394,0,0.0,0.0,0.00814737375940394,3.3706877443297256,2.30210074003342
2023-07-18,-0.00023334500164227424,0,0.0,-0.0,-0.00023334500164227424,3.3706877443297256,2.3015636190021476
2023-07-19,-0.023321842425391728,0,0.0,-0.0,-0.023321842425391728,3.3706877443297256,2.248507997135354
2023-07-20,-0.003003763605650395,0,0.0,-0.0,-0.003003763605650395,3.3706877443297256,2.2417641441871563
2023-07-21,0.001596042155102072,0,0.0,0.0,0.001596042155102072,3.3706877443297256,2.2453449510623056
2023-07-24,0.006754903103520956,0,0.0,0.0,0.006754903103520956,3.3706877443297256,2.260563380281689
2023-07-25,-0.0033320141894571395,0,0.0,-0.0,-0.0033320141894571395,3.3706877443297256,2.253043685843876
2023-07-26,-0.002386825860636677,1,0.0005,-0.002886825860636677,-0.002386825860636677,3.360971187532938,2.2476724755311523
2023-07-27,0.01805074665130049,1,0.0,0.01805074665130049,0.01805074665130049,3.422190088139587,2.2886130341370245
2023-07-28,0.0005214036303536659,1,0.0,0.0005214036303536659,0.0005214036303536659,3.423974895737448,2.2898066364287413
2023-07-31,-0.0023223359035549783,1,0.0,-0.0023223359035549783,-0.0023223359035549783,3.416032501926965,2.284495106230603
2023-08-01,-0.02218850109056938,1,0.0,-0.02218850109056938,-0.02218850109056938,3.3410705828167826,2.234363809978514
2023-08-02,-0.0016038924553543582,1,0.0,-0.0016038924553543582,-0.0016038924553543582,3.335716160023199,2.2307830031033653
2023-08-03,-0.004692767015404491,0,0.0005,-0.0005,-0.004692767015404491,3.334048718838222,2.220338983050847
2023-08-04,0.008431188950594944,1,0.0005,0.007931188950594944,0.008431188950594944,3.3605968290725787,2.2391382191453806
2023-08-07,-0.008538710051714514,1,0.0,-0.008538710051714514,-0.008538710051714514,3.332023829033288,2.220100262592504
2023-08-08,-0.011055511232556476,1,0.0,-0.011055511232556476,-0.011055511232556476,3.2953894810205298,2.195691095726904
2023-08-09,0.0018465721472466618,1,0.0,0.0018465721472466618,0.0018465721472466618,3.3014802772671494,2.19974934351874
2023-08-10,-0.006396058983580021,1,0.0,-0.006396058983580021,-0.006396058983580021,3.2804312020030952,2.185724516591072
2023-08-11,0.011159648255041755,1,0.0,0.011159648255041755,0.011159648255041755,3.3172446910819313,2.2102530436858445
2023-08-14,-0.010668287996199795,0,0.0005,-0.0005,-0.010668287996199795,3.3155864833228765,2.1867987586536173
2023-08-15,-0.010645403428325395,1,0.0005,-0.011145403428325396,-0.010645403428325395,3.278838102535601,2.163642874194319
2023-08-16,-0.010983025867491902,1,0.0,-0.010983025867491902,-0.010983025867491902,3.2430235747978586,2.1400095488183344
2023-08-17,-0.0012557381901547877,1,0.0,-0.0012557381901547877,-0.0012557381901547877,3.2389537421003882,2.1373239436619724
2023-08-18,0.015983055640987686,1,0.0,0.015983055640987686,0.015983055640987686,3.291138041354623,2.1717593697779902
2023-08-21,-0.0014299859438196298,0,0.0005,-0.0005,-0.0014299859438196298,3.2894928836576445,2.168656003819528
2023-08-22,0.0156455839233974,1,0.0005,0.0151455839233974,0.0156455839233974,3.3396933724352666,2.2028527094772032
2023-08-23,-0.021607511602174223,1,0.0,-0.021607511602174223,-0.021607511602174223,3.268304949719777,2.1557650990689914
2023-08-24,0.0077216201867438185,0,0.0005,-0.0005,0.0077216201867438185,3.266671205714955,2.1724755311530206
2023-08-25,0.007498871999438688,0,0.0,0.0,0.007498871999438688,3.266671205714955,2.1888278825495355
2023-08-28,0.021604821289545724,0,0.0,0.0,0.021604821289545724,3.266671205714955,2.2366316543327773
2023-08-29,0.0055612612230986486,1,0.0005,0.005061261223098648,0.0055612612230986486,3.2832465928156327,2.2491047982812136
2023-08-30,0.002993974548847904,1,0.0,0.002993974548847904,0.002993974548847904,3.2930912795690204,2.255848651229411
2023-08-31,-0.0010587893733764319,1,0.0,-0.0010587893733764319,-0.0010587893733764319,3.289606434700564,2.253461446645978
2023-09-01,0.0012704127902970254,1,0.0,0.0012704127902970254,0.0012704127902970254,3.2937882485427106,2.2563260921460975
2023-09-05,-0.008846911489746574,1,0.0,-0.008846911489746574,-0.008846911489746574,3.2647769150128165,2.2364526139890195
2023-09-06,-0.007177320580524911,1,0.0,-0.007177320580524911,-0.007177320580524911,3.2414284543941623,2.22045834328002
2023-09-07,0.0013966482717208183,1,0.0,0.0013966482717208183,0.0013966482717208183,3.245958752723155,2.223561709238482
2023-09-08,0.011713828823325514,1,0.0,0.011713828823325514,0.011713828823325514,3.2842049251544574,2.249761279541657
2023-09-11,-0.011150350267557464,1,0.0,-0.011150350267557464,-0.011150350267557464,3.2477882962790945,2.2248149916447844
2023-09-12,0.0038018787427654775,1,0.0,0.0038018787427654775,0.0038018787427654775,3.260159495562112,2.2332895679159703
2023-09-13,0.008143974324485933,1,0.0,0.008143974324485933,0.008143974324485933,3.286818558805799,2.251551682979231
2023-09-14,-0.017271309440242067,1,0.0,-0.017271309440242067,-0.017271309440242067,3.230538314180238,2.212998328956792
2023-09-15,-0.00040460167517566075,1,0.0,-0.00040460167517566075,-0.00040460167517566075,3.229231497354567,2.212103127238005
2023-09-18,-0.0021336078205931005,1,0.0,-0.0021336078205931005,-0.0021336078205931005,3.2223489287393665,2.2073883981857247
2023-09-19,-0.01451530775178362,1,0.0,-0.01451530775178362,-0.01451530775178362,3.175913370867193,2.1755788971114827
2023-09-20,-0.01849443633307158,1,0.0,-0.01849443633307158,-0.01849443633307158,3.117716461563981,2.135712580568155
2023-09-21,0.00013970968350532391,1,0.0,0.00013970968350532391,0.00013970968350532391,3.118152067172538,2.136010981141084
2023-09-22,0.004738552739896975,1,0.0,0.004738552739896975,0.004738552739896975,3.132962657863475,2.1461566006206736
2023-09-25,-0.015130153299990137,1,0.0,-0.015130153299990137,-0.015130153299990137,3.0859172521393217,2.1139293387443305
2023-09-26,0.00234050159715582,1,0.0,0.00234050159715582,0.00234050159715582,3.0931483052413675,2.118882788254954
2023-09-27,0.00833045978719233,1,0.0,0.00833045978719233,0.00833045978719233,3.119023278389651,2.136607782286942
2023-09-28,0.0007259731150363124,1,0.0,0.0007259731150363124,0.0007259731150363124,3.1212884275541475,2.138159465266173
2023-09-29,0.008311028617898751,1,0.0,0.008311028617898751,0.008311028617898751,3.147337642945854,2.156003819527333
2023-10-02,-0.0177055087372744,1,0.0,-0.0177055087372744,-0.0177055087372744,3.09210285178083,2.1181666268799235
2023-10-03,0.013516933800340225,1,0.0,0.013516933800340225,0.013516933800340225,3.134182353567434,2.1469921222248747
2023-10-04,-0.002950840067809703,1,0.0,-0.002950840067809703,-0.002950840067809703,3.124947514666026,2.140666030078778
2023-10-05,0.01661659211496705,0,0.0005,-0.0005,0.01661659211496705,3.1233854314620375,2.176533778944856
2023-10-06,0.005087120890550974,0,0.0,0.0,0.005087120890550974,3.1233854314620375,2.187634280257819
2023-10-09,0.005522696482651237,0,0.0,0.0,0.005522696482651237,3.1233854314620375,2.19974934351874
2023-10-10,0.007109963583115755,1,0.0005,0.006609963583115755,0.007109963583115755,3.1440992788902142,2.2154452136548106
2023-10-11,-0.003481080220403738,1,0.0,-0.003481080220403738,-0.003481080220403738,3.1331734449648643,2.20774647887324
2023-10-12,-0.012649615769063491,1,0.0,-0.012649615769063491,-0.012649615769063491,3.0937896250013934,2.179995225590833
2023-10-13,0.011242955543069144,1,0.0,0.011242955543069144,0.011242955543069144,3.1287692328399173,2.204643112914777
2023-10-16,-0.003280869525576942,1,0.0,-0.003280869525576942,-0.003280869525576942,3.1185209700107124,2.1974218190498926
2023-10-17,-0.013204669904526484,1,0.0,-0.013204669904526484,-0.013204669904526484,3.077612615080914,2.1685963237049415
2023-10-18,-0.009400904250043661,1,0.0,-0.009400904250043661,-0.009400904250043661,3.048815843494721,2.148305084745763
2023-10-19,-0.01503030100429975,1,0.0,-0.01503030100429975,-0.01503030100429975,3.0033338836659387,2.1162568632131777
2023-10-20,0.0030129410208462335,1,0.0,0.0030129410208462335,0.0030129410208462335,3.0123963970768877,2.12264263547386
2023-10-23,0.00968110527043429,1,0.0,0.00968110527043429,0.00968110527043429,3.0417013469851897,2.143291955120554
2023-10-24,-0.024780328407887055,1,0.0,-0.024780328407887055,-0.024780328407887055,2.9672532227961774,2.090833134399618
2023-10-25,-0.01925131500490203,1,0.0,-0.01925131500490203,-0.01925131500490203,2.9106760362680095,2.0509668178562905
2023-10-26,0.004789767782361044,1,0.0,0.004789767782361044,0.004789767782361044,2.9246509401260146,2.0608140367629506
2023-10-27,0.011202259664487018,1,0.0,0.011202259664487018,0.011202259664487018,2.9575978346761005,2.0840296013368347
2023-10-30,0.004770960526002866,0,0.0005,-0.0005,0.004770960526002866,2.956119405396883,2.093996180472667
2023-10-31,0.01720794619277228,1,0.0005,0.01670794619277228,0.01720794619277228,3.0059250053839404,2.1303413702554312
2023-11-01,0.017990490766925517,1,0.0,0.017990490766925517,0.017990490766925517,3.060492447211842,2.1690140845070425
2023-11-02,0.011680362570035619,1,0.0,0.011680362570035619,0.011680362570035619,3.096449696687945,2.1944974934351875
2023-11-03,0.004071003831171527,1,0.0,0.004071003831171527,0.004071003831171527,3.1090810489629224,2.2034495106230607
2023-11-06,0.00940821863285774,1,0.0,0.00940821863285774,0.00940821863285774,3.138469995256036,2.224277870613512
2023-11-07,0.0006437423107346973,1,0.0,0.0006437423107346973,0.0006437423107346973,3.1404910116200324,2.2257101933635717
2023-11-08,-0.007725371862505841,1,0.0,-0.007725371862505841,-0.007725371862505841,3.116323024267242,2.2085820004774415
2023-11-09,0.022233232833769937,1,0.0,0.022233232833769937,0.022233232833769937,3.1863849248857834,2.2582358558128437
2023-11-10,-0.0031233482246464405,1,0.0,-0.0031233482246464405,-0.0031233482246464405,3.176448261096134,2.2511936022917167
2023-11-13,0.021298048465201037,1,0.0,0.021298048465201037,0.021298048465201037,3.244825981411345,2.2996538553354027
2023-11-14,0.0007523186034838091,1,0.0,0.0007523186034838091,0.0007523186034838091,3.247268042851174,2.3013845786583915
2023-11-15,0.0008553987846129312,1,0.0,0.0008553987846129312,0.0008553987846129312,3.250046940351669,2.3033540224397235
2023-11-16,0.00023316364307245094,0,0.0005,-0.0005,0.00023316364307245094,3.24842232306966,2.3038911434709957
2023-11-17,0.012101386124554163,0,0.0,0.0,0.012101386124554163,3.24842232306966,2.331940797326331
2023-11-20,-0.0058264304146309395,0,0.0,-0.0,-0.0058264304146309395,3.24842232306966,2.31839341131535
2023-11-21,0.004084626695573907,0,0.0,0.0,0.004084626695573907,3.24842232306966,2.3278825495344955
2023-11-22,-0.0014110345222495132,0,0.0,-0.0,-0.0014110345222495132,3.24842232306966,2.324600143232275
2023-11-24,-0.0008732727734297608,0,0.0,-0.0,-0.0008732727734297608,3.24842232306966,2.3225710193363573
2023-11-27,0.002617533828721009,0,0.0,0.0,0.002617533828721009,3.24842232306966,2.3286583910241108
2023-11-28,-0.0009743590514450082,0,0.0,-0.0,-0.0009743590514450082,3.24842232306966,2.32639054666985
2023-11-29,-0.002517210822635823,0,0.0,-0.0,-0.002517210822635823,3.24842232306966,2.320541895440439
2023-11-30,0.0028506510309191705,0,0.0,0.0,0.0028506510309191705,3.24842232306966,2.3271663881594655
2023-12-01,-0.009326839569026031,0,0.0,-0.0,-0.009326839569026031,3.24842232306966,2.3055621866793987
2023-12-04,0.0025077248441340355,0,0.0,0.0,0.0025077248441340355,3.24842232306966,2.3113511577942236
2023-12-05,-0.005800570424161266,0,0.0,-0.0,-0.005800570424161266,3.24842232306966,2.2979828121269996
2023-12-06,0.01387549986360429,1,0.0005,0.01337549986360429,0.01387549986360429,3.292163473162085,2.3300907137741707
2023-12-07,0.004446723401826506,1,0.0,0.004446723401826506,0.004446723401826506,3.3068354103679924,2.3404750537121037
2023-12-08,0.008505935578581376,1,0.0,0.008505935578581376,0.008505935578581376,3.335083105563272,2.3604678920983533
2023-12-11,0.00793265218225496,1,0.0,0.00793265218225496,0.00793265218225496,3.3616443711946546,2.379267128192887
2023-12-12,0.012637099416755566,0,0.0005,-0.0005,0.012637099416755566,3.3599639691445784,2.4095249462878976
2023-12-13,-0.0008672705064561735,0,0.0,-0.0,-0.0008672705064561735,3.3599639691445784,2.407436142277394
2023-12-14,0.004822385169341595,0,0.0,0.0,0.004822385169341595,3.3599639691445784,2.4190737646216287
2023-12-15,0.004283505232563732,0,0.0,0.0,0.004283505232563732,3.3599639691445784,2.429458104559562
2023-12-18,0.005096551265075884,0,0.0,0.0,0.005096551265075884,3.3599639691445784,2.4418715683934122
2023-12-19,-0.014971224176605017,0,0.0,-0.0,-0.014971224176605017,3.3599639691445784,2.4055860587252336
2023-12-20,0.011568236548809674,0,0.0,0.0,0.011568236548809674,3.3599639691445784,2.433576032465983
2023-12-21,0.001494823533877242,0,0.0,0.0,0.001494823533877242,3.3599639691445784,2.437216519455718
2023-12-22,0.006103087566652981,0,0.0,0.0,0.006103087566652981,3.3599639691445784,2.452136548102173
2023-12-26,0.0015078190555828973,0,0.0,0.0,0.0015078190555828973,3.3599639691445784,2.455836715206494
2023-12-27,-0.0004861448807461197,0,0.0,-0.0,-0.0004861448807461197,3.3599639691445784,2.4546431129147774
2023-12-28,-0.004337133087050629,0,0.0,-0.0,-0.004337133087050629,3.3599639691445784,2.4440200525185016
2023-12-29,-0.017067067801547306,0,0.0,-0.0,-0.017067067801547306,3.3599639691445784,2.402661733110528
2024-01-02,-0.010637866886129584,0,0.0,-0.0,-0.010637866886129584,3.3599639691445784,2.3772380042969687
2024-01-03,-0.005159775356821426,1,0.0005,-0.005659775356821425,-0.005159775356821426,3.3410010414476603,2.3650035808068757
2024-01-04,0.0011853273016890788,1,0.0,0.0011853273016890788,0.0011853273016890788,3.344963569179266,2.3678085461924097
2024-01-05,0.02045724328848035,1,0.0,0.02045724328848035,0.02045724328848035,3.414097031730671,2.416746240152782
2024-01-08,0.0019736036997017956,0,0.0005,-0.0005,0.0019736036997017956,3.412390409905816,2.4215206493196475
2024-01-09,0.006754707905356918,1,0.0005,0.006254707905356918,0.006754707905356918,3.4338008032568106,2.4379326808307478
2024-01-10,0.0020786215223997204,1,0.0,0.0020786215223997204,0.0020786215223997204,3.4409457988082632,2.4430054905705427
2024-01-11,0.0005128768841588317,1,0.0,0.0005128768841588317,0.0005128768841588317,3.4427110330033286,2.4442587729768452
2024-01-12,-9.767055728826789e-05,1,0.0,-9.767055728826789e-05,-9.767055728826789e-05,3.4423747979185535,2.4440200525185016
2024-01-16,-0.005656719257778516,1,0.0,-0.005656719257778516,-0.005656719257778516,3.4229572217728417,2.430233946049177
2024-01-17,0.014094356701281853,1,0.0,0.014094356701281853,0.014094356701281853,3.4715431915227186,2.4647290522797816
2024-01-18,0.019636916158801337,0,0.0005,-0.0005,0.019636916158801337,3.4698078537975414,2.513607066125568
2024-01-19,0.0013050030918026697,0,0.0,0.0,0.0013050030918026697,3.4698078537975414,2.5168894724277884
2024-01-22,0.004140988631744015,1,0.0005,0.0036409886317440147,0.004140988631744015,3.482464411957627,2.527333492480307
2024-01-23,0.005533918115283674,0,0.0005,-0.0005,0.005533918115283674,3.4807236149871574,2.5413583194079745
2024-01-24,0.0012203995975958168,0,0.0,0.0,0.0012203995975958168,3.4807236149871574,2.544461685366437
2024-01-25,-0.005975363596376085,0,0.0,-0.0,-0.005975363596376085,3.4807236149871574,2.529302936261639
2024-01-26,0.01018835988051842,0,0.0,0.0,0.01018835988051842,3.4807236149871574,2.5552041059918844
2024-01-29,-0.006678799212613155,0,0.0,-0.0,-0.006678799212613155,3.4807236149871574,2.538195273334926
2024-01-30,-0.019780525494811477,0,0.0,-0.0,-0.019780525494811477,3.4807236149871574,2.4884817378849378
2024-01-31,0.011706636643636947,0,0.0,0.0,0.011706636643636947,3.4807236149871574,2.517784674146575
2024-02-01,0.016759315271239236,0,0.0,0.0,0.016759315271239236,3.4807236149871574,2.5603365958462647
2024-02-02,-0.0013061835645248657,0,0.0,-0.0,-0.0013061835645248657,3.4807236149871574,2.556994509429459
2024-02-05,-0.002009252580078531,0,0.0,-0.0,-0.002009252580078531,3.4807236149871574,2.5518620195750783
2024-02-06,0.010237647292990362,0,0.0,0.0,0.010237647292990362,3.4807236149871574,2.578121269992839
2024-02-07,0.001850182076855559,0,0.0,0.0,0.001850182076855559,3.4807236149871574,2.582895679159705
2024-02-08,0.009794983121601623,0,0.0,0.0,0.009794983121601623,3.4807236149871574,2.608319407973264
2024-02-09,-0.003920270039805942,0,0.0,-0.0,-0.003920270039805942,3.4807236149871574,2.5981141083790886
2024-02-12,-0.015719917641799235,0,0.0,-0.0,-0.015719917641799235,3.4807236149871574,2.5575913105753165
2024-02-13,0.010838264767940257,0,0.0,0.0,0.010838264767940257,3.4807236149871574,2.5854619240868946
2024-02-14,0.0029732772874981766,0,0.0,0.0,0.0029732772874981766,3.4807236149871574,2.593160658868465
2024-02-15,-0.009109047124740234,0,0.0,-0.0,-0.009109047124740234,3.4807236149871574,2.5696466937216518
2024-02-16,-0.007576765197903524,0,0.0,-0.0,-0.007576765197903524,3.4807236149871574,2.55025065648126
2024-02-20,-0.004009713085682794,1,0.0005,-0.0045097130856827945,-0.004009713085682794,3.4650618916357407,2.5400453568870853
2024-02-21,0.02885528096660793,0,0.0005,-0.0005,0.02885528096660793,3.46332979375048,2.614406779661017
2024-02-22,-0.00294907912198587,1,0.0005,-0.00344907912198587,-0.00294907912198587,3.451405071742678,2.6067080448794457
2024-02-23,-0.000526719579809345,1,0.0,-0.000526719579809345,-0.000526719579809345,3.4495876277972117,2.605335402243972
2024-02-26,0.0024023348509547918,1,0.0,0.0024023348509547918,0.0024023348509547918,3.4578846545047757,2.6116018142754833
2024-02-27,-0.005338722912068065,1,0.0,-0.005338722912068065,-0.005338722912068065,3.439473157144181,2.597696347576987
2024-02-28,0.008532884879467998,1,0.0,0.008532884879467998,0.008532884879467998,3.4689473567815274,2.619957030317498
2024-02-29,0.014944716937798459,1,0.0,0.014944716937798459,0.014944716937798459,3.521179115388193,2.6594055860587256
2024-03-01,-0.0035745235501976184,0,0.0005,-0.0005,-0.0035745235501976184,3.5194189659045394,2.64991644783958
2024-03-04,-0.0181126907897775,1,0.0005,-0.0186126907897775,-0.0181126907897775,3.4545189643732166,2.6023513965146816
2024-03-05,0.006264023042691197,1,0.0,0.006264023042691197,0.006264023042691197,3.476226066683462,2.618703747911196
2024-03-06,0.015064068450966979,1,0.0,0.015064068450966979,0.015064068450966979,3.5289885854375633,2.6584507042253525
2024-03-07,-0.014540037042659165,1,0.0,-0.014540037042659165,-0.014540037042659165,3.478048195709505,2.62007639054667
2024-03-08,-0.003719724511215403,1,0.0,-0.003719724511215403,-0.003719724511215403,3.4651348465249425,2.6103485318691817
2024-03-11,0.0142332577053099,1,0.0,0.0142332577053099,0.0142332577053099,3.5148076682348846,2.647767963714491
2024-03-12,-0.00771575594177251,1,0.0,-0.00771575594177251,-0.00771575594177251,3.487792624848776,2.627417044640726
2024-03-13,-0.0025244785351247767,1,0.0,-0.0025244785351247767,-0.0025244785351247767,3.4789988717230926,2.6207925519217
2024-03-14,-0.011958083529214633,1,0.0,-0.011958083529214633,-0.011958083529214633,3.437644465132041,2.589639532107902
2024-03-15,0.008170805155048986,1,0.0,0.008170805155048986,0.008170805155048986,3.4658478535351342,2.610885652900454
2024-03-18,0.0024884437246092054,1,0.0,0.0024884437246092054,0.0024884437246092054,3.474483160658553,2.6173907853903087
2024-03-19,0.011786976004885482,1,0.0,0.011786976004885482,0.011786976004885482,3.5156791212473397,2.6484244449749346
2024-03-20,0.004721019514417051,1,0.0,0.004721019514417051,0.004721019514417051,3.5323159514851192,2.660957269037957
2024-03-21,0.001143177485102368,1,0.0,0.001143177485102368,0.001143177485102368,3.536356324542865,2.6640009548818337
2024-03-22,-0.003635796360990732,1,0.0,-0.003635796360990732,-0.003635796360990732,3.523522198359435,2.6543327763189306
2024-03-25,-0.003242953927596161,1,0.0,-0.003242953927596161,-0.003242953927596161,3.512114086196386,2.6457388398185726
2024-03-26,0.003400329797703632,1,0.0,0.003400329797703632,0.003400329797703632,3.524076759367361,2.654750537121031
2024-03-27,-0.001845102004036944,1,0.0,-0.001845102004036944,-0.001845102004036944,3.517580473274514,2.649856767724994
2024-03-28,0.002114831601752241,1,0.0,0.002114831601752241,0.002114831601752241,3.5250274353809488,2.655466698496061
2024-04-01,-0.008667638852714533,1,0.0,-0.008667638852714533,-0.008667638852714533,3.494605802946152,2.6325495344951064
2024-04-02,0.0022418233820408703,1,0.0,0.0022418233820408703,0.0022418233820408703,3.5024488800582487,2.6384578658391025
2024-04-03,-0.015408765845506631,1,0.0,-0.015408765845506631,-0.015408765845506631,3.4488941312928243,2.5981141083790877
2024-04-04,0.011715003643543814,1,0.0,0.011715003643543814,0.011715003643543814,3.4895355308736864,2.6287300071616135
2024-04-05,0.0002950957380080848,0,0.0005,-0.0005,0.0002950957380080848,3.4877911992275017,2.6295058486512297
2024-04-08,0.0036926743590538114,1,0.0005,0.0031926743590538114,0.0036926743590538114,3.4989443755151366,2.6392337073287186
2024-04-09,-0.00876680609190925,1,0.0,-0.00876680609190925,-0.00876680609190925,3.4684038755728253,2.616197183098592
2024-04-10,0.015842094733068128,1,0.0,0.015842094733068128,0.015842094733068128,3.523788201893079,2.6579732633086657
2024-04-11,-0.01607023855592315,1,0.0,-0.01607023855592315,-0.01607023855592315,3.4676126709111075,2.615600381952733
2024-04-12,-0.01658786726086476,1,0.0,-0.01658786726086476,-0.01658786726086476,3.4105668148012453,2.572571019336357
2024-04-15,9.279020142128858e-05,0,0.0005,-0.0005,9.279020142128858e-05,3.4088619576436523,2.5728097397947
2024-04-16,-0.012276392888587099,1,0.0005,-0.012776392888587099,-0.012276392888587099,3.3655860417036294,2.5414179995225585
2024-04-17,-0.005722712114822937,1,0.0,-0.005722712114822937,-0.005722712114822937,3.3463807672312,2.526915731678205
2024-04-18,-0.020906185852466178,1,0.0,-0.020906185852466178,-0.020906185852466178,3.2771469382688574,2.474635951301026
2024-04-19,0.010006442450793502,1,0.0,0.010006442450793502,0.010006442450793502,3.3101041376721643,2.4995225590833137
2024-04-22,0.014812627896238892,0,0.0005,-0.0005,0.014812627896238892,3.3084494992973936,2.536822630699451
2024-04-23,0.0033819520714711768,0,0.0,0.0,0.0033819520714711768,3.3084494992973936,2.545416567199809
2024-04-24,-0.004841600131739463,1,0.0005,-0.005341600131739463,-0.004841600131739463,3.290824200573169,2.53312246359513
2024-04-25,0.015313876919770916,1,0.0,0.015313876919770916,0.015313876919770916,3.3416073281824374,2.572212938648842
2024-04-26,0.004052103952570829,1,0.0,0.004052103952570829,0.004052103952570829,3.3551753393757533,2.5826569587013606
2024-04-29,-0.01903619664246146,0,0.0005,-0.0005,-0.01903619664246146,3.3534981710330922,2.533957985199331
2024-04-30,-0.007256771512826843,0,0.0,-0.0,-0.007256771512826843,3.3534981710330922,2.5156361900214845
2024-05-01,0.012682567862885996,1,0.0005,0.012182567862885995,0.012682567862885996,3.394602258375984,2.5477440916686556
2024-05-02,0.019899077249063018,1,0.0,0.019899077249063018,0.019899077249063018,3.4628282770615453,2.5989496299832893
2024-05-03,0.010893876363336196,1,0.0,0.010893876363336196,0.010893876363336196,3.500758126610511,2.6274170446407252
2024-05-06,0.00015898792860857114,1,0.0,0.00015898792860857114,0.00015898792860857114,3.501314749140579,2.6278348054428258
2024-05-07,-0.0005906540529291615,1,0.0,-0.0005906540529291615,-0.0005906540529291615,3.4992472940288954,2.6262831224635947
2024-05-08,0.002179144640426831,1,0.0,0.002179144640426831,0.002179144640426831,3.5068809744412657,2.632012413463833
2024-05-09,0.002355393578874296,1,0.0,0.002355393578874296,0.002355393578874296,3.5151507948880005,2.6382191453807584
2024-05-10,0.0023047211774360034,1,0.0,0.0023047211774360034,0.0023047211774360034,3.5232615803261442,2.6443065170685123
2024-05-13,0.00641164838064049,1,0.0,0.00641164838064049,0.00641164838064049,3.545924069050369,2.661315349725471
2024-05-14,0.015509361532795434,1,0.0,0.015509361532795434,0.015509361532795434,3.6013477695443497,2.702912389591787
2024-05-15,-0.002033419496509813,1,0.0,-0.002033419496509813,-0.002033419496509813,3.594032159149162,2.6974218190498918
2024-05-16,-0.0004868657010771622,1,0.0,-0.0004868657010771622,-0.0004868657010771622,3.59228277405466,2.6961088565290035
2024-05-17,0.006948531823132312,1,0.0,0.006948531823132312,0.006948531823132312,3.6173307879077514,2.714908092623537
2024-05-20,0.001954519623870354,1,0.0,0.001954519623870354,0.001954519623870354,3.6244078457900524,2.7202196228216744
2024-05-21,-0.0001974745209433014,1,0.0,-0.0001974745209433014,-0.0001974745209433014,3.623692188251393,2.719682501790402
2024-05-22,-0.004508623492407011,0,0.0005,-0.0005,-0.004508623492407011,3.6218807950433067,2.707448078300309
2024-05-23,0.009411989050763028,0,0.0,0.0,0.009411989050763028,3.6218807950433067,2.7330508474576263
2024-05-24,0.0037705873819828964,0,0.0,0.0,0.0037705873819828964,3.6218807950433067,2.743375507280973
2024-05-28,-0.007073338664500525,0,0.0,-0.0,-0.007073338664500525,3.6218807950433067,2.7240391501551673
2024-05-29,-0.010771147869671087,0,0.0,-0.0,-0.010771147869671087,3.6218807950433067,2.694855574122702
2024-05-30,-0.0018619915383390603,1,0.0005,-0.0023619915383390603,-0.0018619915383390603,3.6133360385464153,2.6898424444974927
2024-05-31,0.005354942872349604,0,0.0005,-0.0005,0.005354942872349604,3.6115298221188787,2.704285032227261
2024-06-03,0.002732784069872197,1,0.0005,0.002232784069872197,0.002732784069872197,3.619602597401816,2.711685366435903
2024-06-04,0.019959263729746008,1,0.0,0.019959263729746008,0.019959263729746008,3.692572995518331,2.766352351396514
2024-06-05,-0.00034523681430391825,1,0.0,-0.00034523681430391825,-0.00034523681430391825,3.6912984034114924,2.765397469563141
2024-06-06,-0.0008852137505492057,1,0.0,-0.0008852137505492057,-0.0008852137505492057,3.688032261137718,2.762950584865122
2024-06-07,0.004031090079096102,1,0.0,0.004031090079096102,0.004031090079096102,3.7029290563863952,2.7741107662926705
2024-06-10,0.006839282702586575,0,0.0005,-0.0005,0.006839282702586575,3.7010780546471995,2.793148722845547
2024-06-11,0.01301269728247063,0,0.0,0.0,0.01301269728247063,3.7010780546471995,2.829732633086655
2024-06-12,0.005405589108987094,0,0.0,0.0,0.005405589108987094,3.7010780546471995,2.8450704225352106
2024-06-13,0.005167862031251512,0,0.0,0.0,0.005167862031251512,3.7010780546471995,2.8598114108379082
2024-06-14,0.01217541615609773,0,0.0,0.0,0.01217541615609773,3.7010780546471995,2.8948436380997844
2024-06-17,0.0003091922891463394,0,0.0,0.0,0.0003091922891463394,3.7010780546471995,2.8957388398185717
2024-06-18,-0.007737862914044295,0,0.0,-0.0,-0.007737862914044295,3.7010780546471995,2.873418476963475
2024-06-20,-0.002682890394164811,0,0.0,-0.0,-0.002682890394164811,3.7010780546471995,2.865719742181904
2024-06-21,-0.013038103658470617,0,0.0,-0.0,-0.013038103658470617,3.7010780546471995,2.8285987109095236
2024-06-24,0.011370672366305285,0,0.0,0.0,0.011370672366305285,3.7010780546471995,2.8609453330150383
2024-06-25,0.0020630379809957722,0,0.0,0.0,0.0020630379809957722,3.7010780546471995,2.8668536643590348
2024-06-26,0.00257801760280116,0,0.0,0.0,0.00257801760280116,3.7010780546471995,2.8742539985676765
2024-06-27,-0.005204441758178706,0,0.0,-0.0,-0.005204441758178706,3.7010780546471995,2.8593339699212215
2024-06-28,0.005847909031011501,0,0.0,0.0,0.005847909031011501,3.7010780546471995,2.876104082119837
2024-07-01,0.010444929306005032,0,0.0,0.0,0.010444929306005032,3.7010780546471995,2.9063022201002613
2024-07-02,0.008302536393946925,0,0.0,0.0,0.008302536393946925,3.7010780546471995,2.9305323466221043
2024-07-03,0.010372864480712687,0,0.0,0.0,0.010372864480712687,3.7010780546471995,2.9610885652900434
2024-07-05,0.0023754414793510244,0,0.0,0.0,0.0023754414793510244,3.7010780546471995,2.9681308188111704
2024-07-08,0.0008642261192499693,0,0.0,0.0,0.0008642261192499693,3.7010780546471995,2.9706970637383607
2024-07-09,0.010372521124065727,0,0.0,0.0,0.010372521124065727,3.7010780546471995,3.001671043208401
2024-07-10,-0.022174214127512006,0,0.0,-0.0,-0.022174214127512006,3.7010780546471995,2.9358438768202415
2024-07-11,0.005857630126025553,0,0.0,0.0,0.005857630126025553,3.7010780546471995,2.9530914299355437
2024-07-12,0.0026842402869314106,0,0.0,0.0,0.0026842402869314106,3.7010780546471995,2.9610288851754576
2024-07-15,0.00038287539888769644,0,0.0,0.0,0.00038287539888769644,3.7010780546471995,2.962162807352588
2024-07-16,-0.02979435401762903,0,0.0,-0.0,-0.02979435401762903,3.7010780546471995,2.875208880401048
2024-07-17,-0.004743782692837453,0,0.0,-0.0,-0.004743782692837453,3.7010780546471995,2.8616018142754815
2024-07-18,-0.00890309945858512,1,0.0005,-0.009403099458585121,-0.00890309945858512,3.6664395594258323,2.836237765576508
2024-07-19,0.014787854591063361,1,0.0,0.014787854591063361,0.014787854591063361,3.721061207605141,2.8784912867032686
2024-07-22,-0.0035308570962907923,0,0.0005,-0.0005,-0.0035308570962907923,3.7192011420564772,2.868345667223679
2024-07-23,-0.0365294852756318,1,0.0005,-0.0370294852756318,-0.0365294852756318,3.583999706385618,2.765457149677726
2024-07-24,-0.011088921742834391,1,0.0,-0.011088921742834391,-0.011088921742834391,3.5444765536823706,2.734960611124371
2024-07-25,0.010203727104151497,1,0.0,0.010203727104151497,0.010203727104151497,3.580828572802774,2.763010264979707
2024-07-26,0.0020067545871532157,0,0.0005,-0.0005,0.0020067545871532157,3.579038606045353,2.7685605156361874
2024-07-29,-0.013826555421495869,1,0.0005,-0.014326555421495869,-0.013826555421495869,3.5281288624979505,2.7305442826450204
2024-07-30,0.029164246594901057,1,0.0,0.029164246594901057,0.029164246594901057,3.6325392067337874,2.811351157794221
2024-07-31,-0.024519617174318498,0,0.0005,-0.0005,-0.024519617174318498,3.630723391122153,2.7432561470518007
2024-08-01,-0.024021145954296,1,0.0005,-0.024521145954296,-0.024021145954296,3.5427765779753164,2.6781451420386704
2024-08-02,-0.030269695534838627,1,0.0,-0.030269695534838627,-0.030269695534838627,3.4371445988927323,2.598293148722844
2024-08-05,0.009509729913681356,1,0.0,0.009509729913681356,0.009509729913681356,3.469986828562653,2.6231200763905447
2024-08-06,-0.01088881855480641,0,0.0005,-0.0005,-0.01088881855480641,3.4682522688244433,2.5947123418476945
2024-08-07,0.03013231458270047,0,0.0,0.0,0.03013231458270047,3.4682522688244433,2.674086894246835
2024-08-08,0.0052088088564624,0,0.0,0.0,0.0052088088564624,3.4682522688244433,2.6880520410599176
2024-08-09,0.0021512777344975744,0,0.0,0.0,0.0021512777344975744,3.4682522688244433,2.6938410121747416
2024-08-12,0.024509958167167833,0,0.0,0.0,0.024509958167167833,3.4682522688244433,2.76068274051086
2024-08-13,0.0003242156711026025,0,0.0,0.0,0.0003242156711026025,3.4682522688244433,2.761577942229647
2024-08-14,0.02494927467243515,0,0.0,0.0,0.02494927467243515,3.4682522688244433,2.8313439961804705
2024-08-15,0.001284954624111364,1,0.0005,0.000784954624111364,0.001284954624111364,3.47097575824841,2.834984483170205
2024-08-16,0.013050483245022053,0,0.0005,-0.0005,0.013050483245022053,3.4692407041689526,2.8722248746717565
2024-08-19,-0.0021008192598558624,1,0.0005,-0.0026008192598558624,-0.0021008192598558624,3.4602295593874017,2.866197183098589
2024-08-20,0.004653296858872257,1,0.0,0.004653296858872257,0.004653296858872257,3.4763685553750494,2.8795655287658124
2024-08-21,-0.015981956090079043,1,0.0,-0.015981956090079043,-0.015981956090079043,3.421251002113663,2.83391024110766
2024-08-22,0.010787139212975104,1,0.0,0.010787139212975104,0.010787139212975104,3.4583562830674066,2.864645500119357
2024-08-23,-0.009755766448716195,1,0.0,-0.009755766448716195,-0.009755766448716195,3.42478140748596,2.8368345667223647
2024-08-26,0.002982882161287307,1,0.0,0.002982882161287307,0.002982882161287307,3.435012378156701,2.845309142993551
2024-08-27,-0.011412301772348447,1,0.0,-0.011412301772348447,-0.011412301772348447,3.3960338208829626,2.8130222010026227
2024-08-28,-0.0014649528633453386,1,0.0,-0.0014649528633453386,-0.0014649528633453386,3.3910624337260535,2.8089042730962017
2024-08-29,0.011848955330997885,1,0.0,0.011848955330997885,0.011848955330997885,3.4314819727844035,2.842384817378846
2024-08-30,-0.030831369228027688,1,0.0,-0.030831369228027688,-0.030831369228027688,3.327298989756998,2.7560873716877503
2024-09-03,-0.0026018531188913355,1,0.0,-0.0026018531188913355,-0.0026018531188913355,3.3186530990493295,2.748925757937452
2024-09-04,0.0009331091655180036,1,0.0,0.0009331091655180036,0.0009331091655180036,3.321751209886244,2.7514920028646426
2024-09-05,-0.02715258100057336,0,0.0005,-0.0005,-0.02715258100057336,3.320090749431008,2.6777870613511547
2024-09-06,0.01277767481581391,1,0.0005,0.01227767481581391,0.01277767481581391,3.3611050086697882,2.712222487467172
2024-09-09,0.009199293892174285,0,0.0005,-0.0005,0.009199293892174285,3.3594248762335654,2.7372881355932166
2024-09-10,0.021483010651460598,0,0.0,0.0,0.021483010651460598,3.3594248762335654,2.7967295297206927
2024-09-11,0.00976819115066799,0,0.0,0.0,0.00976819115066799,3.3594248762335654,2.82418238243017
2024-09-12,0.004469940815265907,1,0.0005,0.003969940815265907,0.004469940815265907,3.372788102222839,2.836834566722364
2024-09-13,-0.004427678067758385,1,0.0,-0.004427678067758385,-0.004427678067758385,3.357887494206119,2.824301742659342
2024-09-16,0.0005281336934731271,1,0.0,0.0005281336934731271,0.0005281336934731271,3.359661376112871,2.825793745523987
2024-09-17,-0.0043389525492774006,1,0.0,-0.0043389525492774006,-0.0043389525492774006,3.3451155444775007,2.813559322033894
2024-09-18,0.024969877108703895,1,0.0,0.024969877108703895,0.024969877108703895,3.4296942337914573,2.884698018620191
2024-09-19,-0.0019051569233196626,0,0.0005,-0.0005,-0.0019051569233196626,3.427979815314898,2.8792074480782954
2024-09-20,0.0012429052434864889,1,0.0005,0.0007429052434864889,0.0012429052434864889,3.430527425693645,2.8827882549534447
2024-09-23,0.004812020726826285,1,0.0,0.004812020726826285,0.004812020726826285,3.447074976417945,2.896693721651941
2024-09-24,0.0009266982407228952,1,0.0,0.0009266982407228952,0.0009266982407228952,3.4502708553131964,2.899379326808303
2024-09-25,0.0074849881387814374,1,0.0,0.0074849881387814374,0.0074849881387814374,3.476192984130235,2.9211625686321274
2024-09-26,-0.0055725288125503,1,0.0,-0.0055725288125503,-0.0055725288125503,3.456875671696716,2.9049295774647845
2024-09-27,0.0027081939368795564,1,0.0,0.0027081939368795564,0.0027081939368795564,3.4662502497894527,2.9128073525901126
2024-09-30,-0.014030395009164339,1,0.0,-0.014030395009164339,-0.014030395009164339,3.4179569687056572,2.872224874671755
2024-10-01,0.001411931049952819,1,0.0,0.001411931049952819,0.001411931049952819,3.4227862968140363,2.8762831224635907
2024-10-02,-0.0007472445705445171,1,0.0,-0.0007472445705445171,-0.0007472445705445171,3.4202295936978353,2.8741346383385014
2024-10-03,0.011827861826774087,1,0.0,0.011827861826774087,0.011827861826774087,3.4609237849640335,2.9083313439961755
2024-10-04,-0.010769430074630104,1,0.0,-0.010769430074630104,-0.010769430074630104,3.4238515897791197,2.8771783241823776
2024-10-07,0.01482423688350135,1,0.0,0.01482423688350135,0.01482423688350135,3.4749856521031393,2.9201480066841685
2024-10-08,0.007837589104924625,1,0.0,0.007837589104924625,0.007837589104924625,3.502328171540289,2.9431248507997094
2024-10-09,-0.001136202366231721,1,0.0,-0.001136202366231721,-0.001136202366231721,3.4983510778039757,2.939782764382903
2024-10-10,0.0015619456494666423,1,0.0,0.0015619456494666423,0.0015619456494666423,3.503819581691406,2.9443781332060115
2024-10-11,0.00835642591540996,1,0.0,0.00835642591540996,0.00835642591540996,3.5332216675277164,2.9690857006445404
2024-10-14,-0.013456974460117056,0,0.0005,-0.0005,-0.013456974460117056,3.5314554982730617,2.9293984244449702
2024-10-15,0.00012222946560200775,1,0.0005,-0.00037777053439799226,0.00012222946560200775,3.5301216703985734,2.9297565051324854
2024-10-16,0.0006923515793384924,1,0.0,0.0006923515793384924,0.0006923515793384924,3.5325666019907906,2.931785629028403
2024-10-17,0.0065333186982101665,1,0.0,0.0065333186982101665,0.0065333186982101665,3.5557215423641453,2.951002625925037
2024-10-18,0.0019194057757111205,1,0.0,0.0019194057757111205,0.0019194057757111205,3.5625529688718114,2.9566722368106895
2024-10-21,0.001089390654249127,1,0.0,0.001089390654249127,0.001089390654249127,3.5664360955182746,2.959894962998324
2024-10-22,-0.015442439510986542,1,0.0,-0.015442439510986542,-0.015442439510986542,3.5117846834569417,2.914538075913101
2024-10-23,0.008076072773077035,1,0.0,0.008076072773077035,0.008076072773077035,3.5402609455310055,2.938171401289086
2024-10-24,0.006075106773166096,1,0.0,0.006075106773166096,0.006075106773166096,3.5618338713446893,2.956075435664832
2024-10-25,0.00016149870836134364,1,0.0,0.00016149870836134364,0.00016149870836134364,3.562409149366388,2.9565528765815188
2024-10-28,0.00956253017785279,1,0.0,0.00956253017785279,0.00956253017785279,3.596638191657434,2.9849606111243694
2024-10-29,-0.00758628480296532,1,0.0,-0.00758628480296532,-0.00758628480296532,3.5694563051321917,2.9624015278109295
2024-10-30,-0.025566821103194977,1,0.0,-0.025566821103194977,-0.025566821103194977,3.479353384983704,2.8876223442348974
2024-10-31,0.007371749057366306,1,0.0,0.007371749057366306,0.007371749057366306,3.5050970764547005,2.9089878252566206
2024-11-01,-0.0029174905638226214,0,0.0005,-0.0005,-0.0029174905638226214,3.5033449659805944,2.9005132489854346
2024-11-04,0.01267625487440547,1,0.0005,0.012176254874405469,0.01267625487440547,3.5462633495282274,2.9375149200286432
2024-11-05,0.026800830393324256,0,0.0005,-0.0005,0.026800830393324256,3.544490661062511,3.017307233229884
2024-11-06,0.015621638033348149,0,0.0,0.0,0.015621638033348149,3.544490661062511,3.064812604440196
2024-11-07,0.0011676787875090876,1,0.0005,0.0006676787875090876,0.0011676787875090876,3.5468580325233328,3.068393411315345
2024-11-08,-0.0005836689595453468,1,0.0,-0.0005836689595453468,-0.0005836689595453468,3.5447884456214056,3.0666030078777706
2024-11-11,-0.0018115417664095626,0,0.0005,-0.0005,-0.0018115417664095626,3.5430164944233105,3.0610527572212893
2024-11-12,-0.001287604064118326,0,0.0,-0.0,-0.001287604064118326,3.5430164944233105,3.0571138696586253
2024-11-13,-0.0069739934351512635,0,0.0,-0.0,-0.0069739934351512635,3.5430164944233105,3.0358677488660732
2024-11-14,-0.024114333227992134,0,0.0,-0.0,-0.024114333227992134,3.5430164944233105,2.96353544998806
2024-11-15,0.006923637166347413,1,0.0005,0.006423637166347413,0.006923637166347413,3.5658488015753225,2.984125089520168
2024-11-18,0.00685616748781993,1,0.0,0.00685616748781993,0.00685616748781993,3.590380860047822,3.0046550489376904
2024-11-19,-0.0005761799430235307,1,0.0,-0.0005761799430235307,-0.0005761799430235307,3.588312750467292,3.002924325614702
2024-11-20,0.0035907393636968508,1,0.0,0.0035907393636968508,0.0035907393636968508,3.601220606814741,3.0137264263547356
2024-11-21,0.0016027388493763393,1,0.0,0.0016027388493763393,0.0016027388493763393,3.6069970508155325,3.0185605156361865
2024-11-22,0.001580434553266792,1,0.0,0.001580434553266792,0.001580434553266792,3.612702180692857,3.0233349248030517
2024-11-25,0.005354870557302359,1,0.0,0.005354870557302359,0.005354870557302359,3.6320996222757644,3.039567915970395
2024-11-26,-0.007904556192788981,1,0.0,-0.007904556192788981,-0.007904556192788981,3.60350265876567,3.015636190021481
2024-11-27,0.00874847950473771,1,0.0,0.00874847950473771,0.00874847950473771,3.635166129584826,3.0421341608975845
2024-11-29,0.010829057172113252,1,0.0,0.010829057172113252,0.010829057172113252,3.6747454681087706,3.0752566244927144
2024-12-02,0.00306154323771073,1,0.0,0.00306154323771073,0.00306154323771073,3.6860130996164893,3.084686082597275
2024-12-03,0.012287080254524758,1,0.0,0.012287080254524758,0.012287080254524758,3.731582824511626,3.1228216758176135
2024-12-04,-0.002774935517140207,1,0.0,-0.002774935517140207,-0.002774935517140207,3.7212422766089737,3.1141680592026693
2024-12-05,0.008909807198054726,0,0.0005,-0.0005,0.008909807198054726,3.7193821205484374,3.1420386727142477
2024-12-06,-0.007818051757729283,0,0.0,-0.0,-0.007818051757729283,3.7193821205484374,3.117569825734061
2024-12-09,-0.003413299829669369,0,0.0,-0.0,-0.003413299829669369,3.7193821205484374,3.1069467653377854
2024-12-10,0.017744059196375058,0,0.0,0.0,0.017744059196375058,3.7193821205484374,3.1625686321317694
2024-12-11,-0.0064747201828099545,0,0.0,-0.0,-0.0064747201828099545,3.7193821205484374,3.1421580329434193
2024-12-12,0.007625175305220822,0,0.0,0.0,0.007625175305220822,3.7193821205484374,3.1662091191215045
2024-12-13,0.014297988499857812,0,0.0,0.0,0.014297988499857812,3.7193821205484374,3.21180472666507
2024-12-16,-0.0044135382686005566,0,0.0,-0.0,-0.0044135382686005566,3.7193821205484374,3.197660539508231
2024-12-17,-0.03674375349037452,0,0.0,-0.0,-0.03674375349037452,3.7193821205484374,3.082298878013842
2024-12-18,-0.004463253547543272,0,0.0,-0.0,-0.004463253547543272,3.7193821205484374,3.0685724516591026
2024-12-19,0.00869461244459308,0,0.0,0.0,0.00869461244459308,3.7193821205484374,3.0953688231081355
2024-12-20,0.008084304684516284,1,0.0005,0.007584304684516284,0.008084304684516284,3.747698291289345,3.1204941513487654
2024-12-23,0.01346866479822245,1,0.0,0.01346866479822245,0.01346866479822245,3.7985162400820496,3.162807352590112
2024-12-24,-0.0006795273771239808,1,0.0,-0.0006795273771239808,-0.0006795273771239808,3.7959359211024477,3.160658868465022
2024-12-26,-0.0133821948406983,1,0.0,-0.0133821948406983,-0.0133821948406983,3.7454763499457986,3.1186440677966045
2024-12-27,-0.013389144025394381,1,0.0,-0.013389144025394381,-0.013389144025394381,3.6956618585340504,3.07716638815946
2024-12-30,-0.008531078969294783,1,0.0,-0.008531078969294783,-0.008531078969294783,3.6642679776155673,3.051026497970871
2024-12-31,-0.00195798233797617,1,0.0,-0.00195798233797617,-0.00195798233797617,3.6571004248944528,3.0450584865122896
2025-01-02,0.016232702543166916,1,0.0,0.016232702543166916,0.016232702543166916,3.7169494901157627,3.094891382191449
2025-01-03,0.011427381043588581,0,0.0005,-0.0005,0.011427381043588581,3.7150914799119645,3.1304607304845975
2025-01-06,-0.01800533387533403,0,0.0,-0.0,-0.01800533387533403,3.7150914799119645,3.0746001432322694
2025-01-07,0.0001746809650712339,1,0.0005,-0.0003253190349287661,0.0001746809650712339,3.713883086504393,3.075137264263542
2025-01-08,-0.01580534828560434,1,0.0,-0.01580534828560434,-0.01580534828560434,3.6556453172980437,3.0269157316781996
2025-01-10,-0.0032189610613979815,1,0.0,-0.0032189610613979815,-0.0032189610613979815,3.6438968564309215,3.017187873000711
2025-01-13,-0.0009498932084459785,1,0.0,-0.0009498932084459785,-0.0009498932084459785,3.6404371869731182,3.0143232275005913
2025-01-14,0.02274560272265942,1,0.0,0.02274560272265942,0.02274560272265942,3.7241900184307637,3.083671520649314
2025-01-15,-0.007030656861489003,0,0.0005,-0.0005,-0.007030656861489003,3.7223283888677234,3.062067319169247
2025-01-16,0.016737601074615513,0,0.0,0.0,0.016737601074615513,3.7223283888677234,3.113750298400567
2025-01-17,0.0058478581236138414,1,0.0005,0.005347858123613842,0.0058478581236138414,3.742288196520475,3.1320124134638276
2025-01-21,0.012704774650576534,1,0.0,0.012704774650576534,0.012704774650576534,3.7901364316551027,3.172057770350914
2025-01-22,0.0021237615462590537,1,0.0,0.0021237615462590537,0.0021237615462590537,3.7981943311636166,3.178801623299111
2025-01-23,-0.005667124282590487,1,0.0,-0.005667124282590487,-0.005667124282590487,3.7767303687559814,3.160837908808779
2025-01-24,-0.02954690721571355,1,0.0,-0.02954690721571355,-0.02954690721571355,3.66677212944511,3.068811172117445
2025-01-27,0.014671794621398145,0,0.0005,-0.0005,0.014671794621398145,3.664939201650522,3.1141680592026675
2025-01-28,-0.001879844027842163,1,0.0005,-0.002379844027842163,-0.001879844027842163,3.6562275882312862,3.1083194079732572
2025-01-29,0.004253368867802892,1,0.0,0.004253368867802892,0.004253368867802892,3.6718119924435495,3.1215683934113083
2025-01-30,-0.001454072615431148,1,0.0,-0.001454072615431148,-0.001454072615431148,3.6664767910015135,3.1170327047027864
2025-01-31,-0.008035414246676994,1,0.0,-0.008035414246676994,-0.008035414246676994,3.637133183070314,3.092086416805914
2025-02-03,0.012200653942069319,1,0.0,0.012200653942069319,0.012200653942069319,3.6817803951378814,3.1300429696824956
2025-02-04,0.004527649175805766,1,0.0,0.004527649175805766,0.004527649175805766,3.6984879996537323,3.144246836953921
2025-02-05,0.005206126577261924,1,0.0,0.005206126577261924,0.005206126577261924,3.7177930048716266,3.1606588684650214
2025-02-06,-0.012693515929139242,1,0.0,-0.012693515929139242,-0.012693515929139242,3.670899392196886,3.1207925519216935
2025-02-07,0.012032421321315224,1,0.0,0.012032421321315224,0.012032421321315224,3.7153360042075305,3.1585700644545174
2025-02-10,-0.0023835658820050253,1,0.0,-0.0023835658820050253,-0.0023835658820050253,3.706490801816786,3.151050370016704
2025-02-11,0.0005869600373005646,1,0.0,0.0005869600373005646,0.0005869600373005646,3.7086670024049844,3.152900453568864
2025-02-12,0.014283272330534363,1,0.0,0.014283272330534363,0.014283272330534363,3.762019016825348,3.198257340654087
2025-02-13,0.004189755209502721,1,0.0,0.004189755209502721,0.004189755209502721,3.7778140210945343,3.2116853664358964
2025-02-14,0.0022644600960060354,1,0.0,0.0022644600960060354,0.0022644600960060354,3.786378423409382,3.2189663404153666
2025-02-18,0.0002780635671227278,1,0.0,0.0002780635671227278,0.0002780635671227278,3.7874314236939943,3.219861542134154
2025-02-19,-0.0042535471607749505,1,0.0,-0.0042535471607749505,-0.0042535471607749505,3.7713556193489115,3.206194795894001
2025-02-20,-0.020973015784900455,1,0.0,-0.020973015784900455,-0.020973015784900455,3.693082598192721,3.1396514681308125
2025-02-21,-0.01187451210749677,1,0.0,-0.01187451210749677,-0.01187451210749677,3.649488386409766,3.1025901169730177
2025-02-24,-0.01267934794400333,1,0.0,-0.01267934794400333,-0.01267934794400333,3.6035073739816905,3.0634996419193063
2025-02-25,0.002412734174286459,1,0.0,0.002412734174286459,0.002412734174286459,3.6122121763344865,3.070899976127948
2025-02-26,-0.028164213875888286,1,0.0,-0.028164213875888286,-0.028164213875888286,3.5118963492204096,2.9856170923848118
2025-02-27,0.015668084591741682,1,0.0,0.015668084591741682,0.015668084591741682,3.567354364209997,3.0327643829076094
2025-02-28,-0.022125412608246027,0,0.0005,-0.0005,-0.022125412608246027,3.5655711328728774,2.966400095488178
2025-03-03,-0.003022367805436653,1,0.0005,-0.003522367805436653,-0.003022367805436653,3.553033973112861,2.957448078300305
2025-03-04,0.012951782959329833,1,0.0,0.012951782959329833,0.012951782959329833,3.5993513971191344,2.9960014323227444
2025-03-05,-0.027894881853187684,0,0.0005,-0.0005,-0.027894881853187684,3.597552171264523,2.913583194079727
2025-03-06,0.007326638147615067,0,0.0,0.0,0.007326638147615067,3.597552171264523,2.935008355216037
2025-03-07,-0.03952739512119919,0,0.0,-0.0,-0.03952739512119919,3.597552171264523,2.821258056815464
2025-03-10,-0.0023932323220595578,1,0.0005,-0.0028932323220595578,-0.0023932323220595578,3.5871586597142633,2.814514203867267
2025-03-11,0.011217593274715373,1,0.0,0.011217593274715373,0.011217593274715373,3.6276244868340255,2.8462640248269233
2025-03-12,-0.018154234064064856,0,0.0005,-0.0005,-0.018154234064064856,3.625811127968104,2.7950584865122896
2025-03-13,0.023882991708153018,1,0.0005,0.023382991708153018,0.023882991708153018,3.7115924429190392,2.8626163762234387
2025-03-14,0.006462830179672,0,0.0005,-0.0005,0.006462830179672,3.7097371105693204,2.8811768918596288
2025-03-17,-0.017194436002310326,0,0.0,-0.0,-0.017194436002310326,3.7097371105693204,2.832060157555499
2025-03-18,0.013292639964092178,0,0.0,0.0,0.013292639964092178,3.7097371105693204,2.8699570303174946
2025-03-19,-0.0033953060790510095,0,0.0,-0.0,-0.0033953060790510095,3.7097371105693204,2.8602291716400057
2025-03-20,0.0032913267916312924,0,0.0,0.0,0.0032913267916312924,3.7097371105693204,2.869658629744565
2025-03-21,0.020216849135833128,0,0.0,0.0,0.020216849135833128,3.7097371105693204,2.9282645022678406
2025-03-24,0.0056903783185460535,0,0.0,0.0,0.0056903783185460535,3.7097371105693204,2.94497493435187
2025-03-25,-0.018572079255453667,0,0.0,-0.0,-0.018572079255453667,3.7097371105693204,2.8907853903079457
2025-03-26,-0.005714301263438664,0,0.0,-0.0,-0.005714301263438664,3.7097371105693204,2.874313678682259
2025-03-27,-0.026680592878950762,0,0.0,-0.0,-0.026680592878950762,3.7097371105693204,2.7986392933874393
2025-03-28,-4.26502889621754e-05,0,0.0,-0.0,-4.26502889621754e-05,3.7097371105693204,2.7985199331582677
2025-03-31,0.008028759595563144,0,0.0,0.0,0.008028759595563144,3.7097371105693204,2.8210790164717077
2025-04-01,0.007271992840864276,0,0.0,0.0,0.007271992840864276,3.7097371105693204,2.841668656003815
2025-04-02,-0.05501975571407946,0,0.0,-0.0,-0.05501975571407946,3.7097371105693204,2.6895440439245606
2025-04-03,-0.06412144219268044,0,0.0,-0.0,-0.06412144219268044,3.7097371105693204,2.52249940319885
2025-04-04,0.002410323015787155,1,0.0005,0.0019103230157871548,0.002410323015787155,3.7168306801014976,2.528586774886604
2025-04-07,-0.01817257511884545,1,0.0,-0.01817257511884545,-0.01817257511884545,3.649896322223864,2.4830508474576236
2025-04-08,0.11335615349540927,1,0.0,0.11335615349540927,0.11335615349540927,4.087996169197521,2.781093339699208
2025-04-09,-0.04346317608114219,0,0.0005,-0.0005,-0.04346317608114219,4.085952682027288,2.6628073525901135
2025-04-10,0.018255409362437823,0,0.0,0.0,0.018255409362437823,4.085952682027288,2.711864406779657
2025-04-11,0.006755300506074558,0,0.0,0.0,0.006755300506074558,4.085952682027288,2.73024588207209
2025-04-14,0.0011141819016669495,0,0.0,0.0,0.0011141819016669495,4.085952682027288,2.7332895679159663
2025-04-15,-0.030617464131621065,0,0.0,-0.0,-0.030617464131621065,4.085952682027288,2.6508713296729494
2025-04-16,-0.000180123385005334,1,0.0005,-0.000680123385005334,-0.000180123385005334,4.08317467485912,2.650393888756263
2025-04-17,-0.02505802498822373,0,0.0005,-0.0005,-0.02505802498822373,4.08113359783347,2.584805442826447
2025-04-21,0.02591332225614612,0,0.0,0.0,0.02591332225614612,4.08113359783347,2.6526617331105244
2025-04-22,0.02242485853989883,0,0.0,0.0,0.02242485853989883,4.08113359783347,2.712819288613031
2025-04-23,0.027748523522714754,0,0.0,0.0,0.027748523522714754,4.08113359783347,2.7891501551682945
2025-04-24,0.011086281370387245,0,0.0,0.0,0.011086281370387245,4.08113359783347,2.820243494867506
2025-04-25,-0.0003174703985520059,1,0.0005,-0.0008174703985520059,-0.0003174703985520059,4.0777987551779935,2.819348293148719
2025-04-28,0.006582718877482998,1,0.0,0.006582718877482998,0.006582718877482998,4.104730302173516,2.8379684888994943
2025-04-29,-0.0001261829654669907,0,0.0005,-0.0005,-0.0001261829654669907,4.102678450028213,2.8376104082119795
2025-04-30,0.012976204643748447,0,0.0,0.0,0.012976204643748447,4.102678450028213,2.8746717593697735
2025-05-01,0.014734787613254826,0,0.0,0.0,0.014734787613254826,4.102678450028213,2.9173430412986345
2025-05-02,-0.005950200164501514,0,0.0,-0.0,-0.005950200164501514,4.102678450028213,2.900035808068747
2025-05-05,-0.00934528272556755,0,0.0,-0.0,-0.00934528272556755,4.102678450028213,2.873060396275956
2025-05-06,0.003918280971660209,0,0.0,0.0,0.003918280971660209,4.102678450028213,2.884339937932676
2025-05-07,0.010271912793276012,0,0.0,0.0,0.010271912793276012,4.102678450028213,2.9141203151110004
2025-05-08,-0.0006555630906937166,1,0.0005,-0.0011555630906937165,-0.0006555630906937166,4.09794028439029,2.9122105514442542
2025-05-09,0.03993219983188958,0,0.0005,-0.0005,0.03993219983188958,4.095891826405268,3.0308546192408645
2025-05-12,0.015125747611687229,0,0.0,0.0,0.015125747611687229,4.095891826405268,3.077047027930289
2025-05-13,0.005975246683485812,0,0.0,0.0,0.005975246683485812,4.095891826405268,3.0954881833373062
2025-05-14,0.001098340075538202,0,0.0,0.0,0.001098340075538202,4.095891826405268,3.098889949868698
2025-05-15,0.004342986956175698,0,0.0,0.0,0.004342986956175698,4.095891826405268,3.1123776557650933
2025-05-16,0.0009582950748690498,0,0.0,0.0,0.0009582950748690498,4.095891826405268,3.1153616614943838
2025-05-19,-0.0033388371962152818,0,0.0,-0.0,-0.0033388371962152818,4.095891826405268,3.1049773215564507
2025-05-20,-0.013994092750443958,0,0.0,-0.0,-0.013994092750443958,4.095891826405268,3.0618285987109024
2025-05-21,0.001869450614557799,0,0.0,0.0,0.001869450614557799,4.095891826405268,3.067557889711142
2025-05-22,-0.009303847261720514,0,0.0,-0.0,-0.009303847261720514,4.095891826405268,3.039150155168291
2025-05-23,0.023252799306439507,0,0.0,0.0,0.023252799306439507,4.095891826405268,3.1106469324421036
2025-05-27,-0.004441759775942576,0,0.0,-0.0,-0.004441759775942576,4.095891826405268,3.0968608259727786
2025-05-28,0.001963729405451779,0,0.0,0.0,0.001963729405451779,4.095891826405268,3.102948197660532
2025-05-29,-0.001578380370799464,0,0.0,-0.0,-0.001578380370799464,4.095891826405268,3.0980544282644953
2025-05-30,0.007867106351588224,0,0.0,0.0,0.007867106351588224,4.095891826405268,3.122523275244682
2025-06-02,0.00778673342624178,0,0.0,0.0,0.00778673342624178,4.095891826405268,3.146932442110282
2025-06-03,0.002783908167815893,0,0.0,0.0,0.002783908167815893,4.095891826405268,3.1557054189543976
2025-06-04,-0.007555372133955925,0,0.0,-0.0,-0.007555372133955925,4.095891826405268,3.131952733349241
2025-06-05,0.00972786918655611,0,0.0,0.0,0.00972786918655611,4.095891826405268,3.1625686321317668
2025-06-06,0.0014708380770092405,0,0.0,0.0,0.0014708380770092405,4.095891826405268,3.1672236810694607
2025-06-09,0.006592130247483411,0,0.0,0.0,0.006592130247483411,4.095891826405268,3.1881714012890834
2025-06-10,-0.003375150866749657,0,0.0,-0.0,-0.003375150866749657,4.095891826405268,3.1774289806636355
2025-06-11,0.002345062843614029,0,0.0,0.0,0.002345062843614029,4.095891826405268,3.1848889949868635
2025-06-12,-0.012634287725759502,0,0.0,-0.0,-0.012634287725759502,4.095891826405268,3.144903318214365
2025-06-13,0.013814118379029818,0,0.0,0.0,0.013814118379029818,4.095891826405268,3.1886488422057706
2025-06-16,-0.009799113553620706,0,0.0,-0.0,-0.009799113553620706,4.095891826405268,3.1575555025065594
2025-06-17,-0.00017012106990482983,0,0.0,-0.0,-0.00017012106990482983,4.095891826405268,3.157018381475287
2025-06-18,-0.004091612232068815,0,0.0,-0.0,-0.004091612232068815,4.095891826405268,3.1441274767247496
2025-06-20,0.009107462241222008,0,0.0,0.0,0.009107462241222008,4.095891826405268,3.172893291955114
2025-06-23,0.015176271040872283,0,0.0,0.0,0.015176271040872283,4.095891826405268,3.221413225113386
2025-06-24,0.002553334597192239,0,0.0,0.0,0.002553334597192239,4.095891826405268,3.229649080926229
2025-06-25,0.009306841258020282,0,0.0,0.0,0.009306841258020282,4.095891826405268,3.2598472189066547
2025-06-26,0.0034176820466208188,0,0.0,0.0,0.0034176820466208188,4.095891826405268,3.2710074003342027
2025-06-27,0.006456152566336343,0,0.0,0.0,0.006456152566336343,4.095891826405268,3.292193841012168
2025-06-30,-0.008465138886913987,0,0.0,-0.0,-0.008465138886913987,4.095891826405268,3.2644425877297625
2025-07-01,0.006941246135276686,0,0.0,0.0,0.006941246135276686,4.095891826405268,3.287180711386959
2025-07-02,0.009792132587266545,0,0.0,0.0,0.009792132587266545,4.095891826405268,3.319527333492474
2025-07-03,-0.007561506815373562,0,0.0,-0.0,-0.007561506815373562,4.095891826405268,3.294521365481015
2025-07-07,0.0005614060652537651,0,0.0,0.0,0.0005614060652537651,4.095891826405268,3.2963714490331757
2025-07-08,0.007054034788803655,0,0.0,0.0,0.007054034788803655,4.095891826405268,3.3197063738362314
2025-07-09,-0.0014392374527185067,0,0.0,-0.0,-0.0014392374527185067,4.095891826405268,3.314931964669366
2025-07-10,-0.0022529635988532974,0,0.0,-0.0,-0.0022529635988532974,4.095891826405268,3.3074719503461387
2025-07-11,0.003620288353556368,0,0.0,0.0,0.003620288353556368,4.095891826405268,3.3194676533778886
2025-07-14,0.0009164997541601784,0,0.0,0.0,0.0009164997541601784,4.095891826405268,3.322511339221765
2025-07-15,0.0010233302209894295,0,0.0,0.0,0.0010233302209894295,4.095891826405268,3.325913105753157
2025-07-16,0.008060163912559221,0,0.0,0.0,0.008060163912559221,4.095891826405268,3.3528288374313613
2025-07-17,-0.0009616584004689948,0,0.0,-0.0,-0.0009616584004689948,4.095891826405268,3.3496061112437276
2025-07-18,0.005171368250689296,0,0.0,0.0,0.005171368250689296,4.095891826405268,3.366973024588201
2025-07-21,-0.005189185463899399,0,0.0,-0.0,-0.005189185463899399,4.095891826405268,3.349546431129142
2025-07-22,0.004550876252347379,0,0.0,0.0,0.004550876252347379,4.095891826405268,3.364824540463111
2025-07-23,0.0021261147960462226,0,0.0,0.0,0.0021261147960462226,4.095891826405268,3.37198615421341
2025-07-24,0.002404144770203983,0,0.0,0.0,0.002404144770203983,4.095891826405268,3.3801026497970814
2025-07-25,0.0031202923484020205,0,0.0,0.0,0.0031202923484020205,4.095891826405268,3.390666030078771
2025-07-28,-0.001550114807485334,0,0.0,-0.0,-0.001550114807485334,4.095891826405268,3.385414179995219
2025-07-29,0.0013388769528763897,0,0.0,0.0,0.0013388769528763897,4.095891826405268,3.3899498687037415
2025-07-30,-0.005313199263997172,0,0.0,-0.0,-0.005313199263997172,4.095891826405268,3.3719861542134093
2025-07-31,-0.01989537331834457,0,0.0,-0.0,-0.01989537331834457,4.095891826405268,3.305562186679391
2025-08-01,0.01828348395941723,0,0.0,0.0,0.01828348395941723,4.095891826405268,3.366555263786099
2025-08-04,-0.006812730353113683,0,0.0,-0.0,-0.006812730353113683,4.095891826405268,3.3436977798997303
2025-08-05,0.012504708033590111,1,0.0005,0.012004708033590111,0.012504708033590111,4.145358132137226,3.3857722606827334
2025-08-06,0.0033786193890522585,0,0.0005,-0.0005,0.0033786193890522585,4.143285971154573,3.3972308426832103
2025-08-07,0.009284987888183388,1,0.0005,0.008784987888183387,0.009284987888183388,4.179845038587463,3.42892098352828
2025-08-08,-0.002963223364007737,0,0.0005,-0.0005,-0.002963223364007737,4.177755638461731,3.4187753640486904
2025-08-11,0.012490404381780834,0,0.0,0.0,0.012490404381780834,4.177755638461731,3.461745046550481
2025-08-12,0.0004998319634564901,0,0.0,0.0,0.0004998319634564901,4.177755638461731,3.46347576987347
2025-08-13,-0.0007757083036375455,0,0.0,-0.0,-0.0007757083036375455,4.177755638461731,3.4607901647171078
2025-08-14,-0.0044070826495231415,0,0.0,-0.0,-0.0044070826495231415,4.177755638461731,3.4455717354977247
2025-08-15,-0.00039845814551187417,0,0.0,-0.0,-0.00039845814551187417,4.177755638461731,3.4441990928622506
2025-08-18,-0.013660485108729485,0,0.0,-0.0,-0.013660485108729485,4.177755638461731,3.3974695631415535
2025-08-19,-0.005955020328992139,0,0.0,-0.0,-0.005955020328992139,4.177755638461731,3.3772976844115465
2025-08-20,-0.004640543937600442,0,0.0,-0.0,-0.004640543937600442,4.177755638461731,3.361661494390061
2025-08-21,0.01530970224105165,1,0.0005,0.01480970224105165,0.01530970224105165,4.240087373471055,3.4135235139651385
2025-08-22,-0.00288893564255633,0,0.0005,-0.0005,-0.00288893564255633,4.2379678597069175,3.403676295058478
2025-08-25,0.0040072499005375265,1,0.0005,0.0035072499005375265,0.0040072499005375265,4.252857567761961,3.4173430412986305
2025-08-26,0.00153564291586177,0,0.0005,-0.0005,0.00153564291586177,4.250731670496686,3.4225948913821824
2025-08-27,0.00624040545179923,1,0.0005,0.0057404054517992305,0.00624040545179923,4.27520276355203,3.4440200525184923
2025-08-28,-0.01164303597748548,1,0.0,-0.01164303597748548,-0.01164303597748548,4.225715076471334,3.404153735975164
2025-08-29,-0.008415394463972185,1,0.0,-0.008415394463972185,-0.008415394463972185,4.190303228530358,3.375626641203142
2025-09-02,0.007836685669861291,0,0.0005,-0.0005,0.007836685669861291,4.18820860061671,3.402184292193832
2025-09-03,0.009010800512702127,0,0.0,0.0,0.009010800512702127,4.18820860061671,3.432979231320115
2025-09-04,0.0014418611189099737,1,0.0005,0.0009418611189099737,0.0014418611189099737,4.192155169723762,3.437932680830738
2025-09-05,0.004866105382708958,1,0.0,0.004866105382708958,0.004866105382708958,4.212604352147336,3.4547027930293535
2025-09-08,0.002829100198129219,1,0.0,0.002829100198129219,0.002829100198129219,4.224539106302019,3.464490331821428
2025-09-09,0.0003272448595786138,1,0.0,0.0003272448595786138,0.0003272448595786138,4.225921791234574,3.4656242539985587
2025-09-10,0.005803687369826154,1,0.0,0.005803687369826154,0.005803687369826154,4.2505190284558125,3.485796132728566
2025-09-11,0.004407475915327099,1,0.0,0.004407475915327099,0.004407475915327099,4.269294434382083,3.5011936022917074
