date,y_reg,pos,costs,r_strategy,r_bh,equity_strategy,equity_bh
1999-12-17,0.013279777798412917,0,0.0,0.0,0.013279777798412917,1.0,1.0133683456672238
1999-12-20,0.05220571663742647,0,0.0,0.0,0.05220571663742647,1.0,1.06767724994032
1999-12-21,-0.00335946564557869,0,0.0,-0.0,-0.00335946564557869,1.0,1.0640964430651707
1999-12-22,0.01170908275942859,0,0.0,0.0,0.01170908275942859,1.0,1.076629267128193
1999-12-23,-0.005558658003827493,0,0.0,-0.0,-0.005558658003827493,1.0,1.0706612556696111
1999-12-27,-0.006150424755600978,0,0.0,-0.0,-0.006150424755600978,1.0,1.064096443065171
1999-12-28,0.03688830020923006,0,0.0,0.0,0.03688830020923006,1.0,1.1040821198376702
1999-12-29,-0.010869672236903879,0,0.0,-0.0,-0.010869672236903879,1.0,1.0921460969205063
1999-12-30,-0.0010934938213712185,0,0.0,-0.0,-0.0010934938213712185,1.0,1.0909524946287898
1999-12-31,0.0359963655024313,0,0.0,0.0,0.0359963655024313,1.0,1.1309381714012892
2000-01-03,-0.07106814814912954,0,0.0,-0.0,-0.07106814814912954,1.0,1.0533540224397233
2000-01-04,0.0005664117965082575,0,0.0,0.0,0.0005664117965082575,1.0,1.0539508235855815
2000-01-05,-0.09746425353560079,0,0.0,-0.0,-0.09746425353560079,1.0,0.9560754356648368
2000-01-06,0.1165338162559516,0,0.0,0.0,0.1165338162559516,1.0,1.0742420625447604
2000-01-07,0.027398974188114347,0,0.0,0.0,0.027398974188114347,1.0,1.1040821198376705
2000-01-10,-0.04533667487478175,0,0.0,-0.0,-0.04533667487478175,1.0,1.055144425877298
2000-01-11,-0.026943446986049457,0,0.0,-0.0,-0.026943446986049457,1.0,1.0270947720219623
2000-01-12,0.05867446980505256,0,0.0,0.0,0.05867446980505256,1.0,1.0891620911912154
2000-01-13,0.023288352772196153,0,0.0,0.0,0.023288352772196153,1.0,1.114824540463118
2000-01-14,0.005339040979420328,0,0.0,0.0,0.005339040979420328,1.0,1.1207925519217001
2000-01-18,0.022117805253618974,0,0.0,0.0,0.022117805253618974,1.0,1.1458582000477444
2000-01-19,-0.009945122533398063,0,0.0,-0.0,-0.009945122533398063,1.0,1.1345189782764387
2000-01-20,0.01254590423345541,0,0.0,0.0,0.01254590423345541,1.0,1.1488422057770356
2000-01-21,-0.048971998882179506,0,0.0,-0.0,-0.048971998882179506,1.0,1.0939365003580812
2000-01-24,0.014622518867541963,0,0.0,0.0,0.014622518867541963,1.0,1.1100501312962525
2000-01-25,-0.04115807249350744,0,0.0,-0.0,-0.04115807249350744,1.0,1.0652900453568876
2000-01-26,0.01446076366967388,0,0.0,0.0,0.01446076366967388,1.0,1.0808068751492008
2000-01-27,-0.051554888075914636,0,0.0,-0.0,-0.051554888075914636,1.0,1.0264979708761046
2000-01-28,0.04212347281124282,0,0.0,0.0,0.04212347281124282,1.0,1.0706612556696116
2000-01-31,0.02640417419651071,0,0.0,0.0,0.02640417419651071,1.0,1.0993077106708051
2000-02-01,0.008648702558531896,0,0.0,0.0,0.008648702558531896,1.0,1.1088565290045365
2000-02-02,0.038019362525147406,0,0.0,0.0,0.038019362525147406,1.0,1.151826211506327
2000-02-03,0.006713167478508831,0,0.0,0.0,0.006713167478508831,1.0,1.1595846264024836
2000-02-04,0.013800372354594052,0,0.0,0.0,0.013800372354594052,1.0,1.175698257340655
2000-02-07,0.04126859528689949,0,0.0,0.0,0.04126859528689949,1.0,1.2252327524468858
2000-02-08,-0.03620529333035271,0,0.0,-0.0,-0.03620529333035271,1.0,1.181666268799237
2000-02-09,0.03230094478832125,0,0.0,0.0,0.03230094478832125,1.0,1.22045834328002
2000-02-10,-0.023251109268403274,0,0.0,-0.0,-0.023251109268403274,1.0,1.1924086894246848
2000-02-11,-0.0015026298845350185,0,0.0,-0.0,-0.0015026298845350185,1.0,1.1906182859871102
2000-02-14,0.006993035490970604,0,0.0,0.0,0.006993035490970604,1.0,1.198973502029125
2000-02-15,-0.004489905272852079,0,0.0,-0.0,-0.004489905272852079,1.0,1.193602291716401
2000-02-16,0.02127213527553977,0,0.0,0.0,0.02127213527553977,1.0,1.2192647409883037
2000-02-17,-0.03689351617849654,0,0.0,-0.0,-0.03689351617849654,1.0,1.175101456194797
2000-02-18,0.0030425986960967303,0,0.0,0.0,0.0030425986960967303,1.0,1.1786822630699463
2000-02-22,0.054200456897679654,0,0.0,0.0,0.054200456897679654,1.0,1.2443303891143485
2000-02-23,0.02135312447056906,0,0.0,0.0,0.02135312447056906,1.0,1.2711864406779676
2000-02-24,-0.023273432309836417,0,0.0,-0.0,-0.023273432309836417,1.0,1.2419431845309157
2000-02-25,-0.00048065369827068546,0,0.0,-0.0,-0.00048065369827068546,1.0,1.2413463833850575
2000-02-28,0.026098752967361288,0,0.0,0.0,0.026098752967361288,1.0,1.2741704464072585
2000-02-29,0.008395571701638155,0,0.0,0.0,0.008395571701638155,1.0,1.2849128670327064
2000-03-01,-0.023497321661663243,0,0.0,-0.0,-0.023497321661663243,1.0,1.2550728097397963
2000-03-02,0.054592648191727676,0,0.0,0.0,0.054592648191727676,1.0,1.325495344951064
2000-03-03,0.008071792704327495,0,0.0,0.0,0.008071792704327495,1.0,1.3362377655765116
2000-03-06,-0.015301828717808505,0,0.0,-0.0,-0.015301828717808505,1.0,1.315946526617333
2000-03-07,0.009029406719394157,0,0.0,0.0,0.009029406719394157,1.0,1.3278825495344968
2000-03-08,0.03315220731690055,0,0.0,0.0,0.03315220731690055,1.0,1.372642635473862
2000-03-09,-0.004357305368955701,0,0.0,-0.0,-0.004357305368955701,1.0,1.36667462401528
2000-03-10,-0.02655023209412084,0,0.0,-0.0,-0.02655023209412084,1.0,1.330866555263788
2000-03-13,-0.03746440882540911,0,0.0,-0.0,-0.03746440882540911,1.0,1.2819288613034157
2000-03-14,-0.042802539234760434,0,0.0,-0.0,-0.042802539234760434,1.0,1.2282167581761774
2000-03-15,0.055294027128789475,0,0.0,0.0,0.055294027128789475,1.0,1.2980424922415867
2000-03-16,0.01867510434439001,0,0.0,0.0,0.01867510434439001,1.0,1.322511339221773
2000-03-17,-0.7215243707107858,0,0.0,-0.0,-0.7215243707107858,1.0,0.6427548340892824
2000-03-20,0.03736197655865585,0,0.0,0.0,0.03736197655865585,1.0,0.6672236810694686
2000-03-21,0.019486887673496694,0,0.0,0.0,0.019486887673496694,1.0,0.680353306278349
2000-03-22,0.01739174271186924,0,0.0,0.0,0.01739174271186924,1.0,0.6922893291955131
2000-03-23,0.013358650444352083,0,0.0,0.0,0.013358650444352083,1.0,0.7015994270709011
2000-03-24,0.0020394296667696973,0,0.0,0.0,0.0020394296667696973,1.0,0.7030317498209607
2000-03-27,-0.025796787332020305,0,0.0,-0.0,-0.025796787332020305,1.0,0.6851277154452147
2000-03-28,-0.0427111180930498,0,0.0,-0.0,-0.0427111180930498,1.0,0.6564812604440211
2000-03-29,-0.024851716155763433,0,0.0,-0.0,-0.024851716155763433,1.0,0.6403676295058497
2000-03-30,0.02029589961990273,0,0.0,0.0,0.02029589961990273,1.0,0.6534972547147301
2000-03-31,-0.06216690641655156,0,0.0,-0.0,-0.06216690641655156,1.0,0.6141083790880889
2000-04-03,-0.009765702611324789,0,0.0,-0.0,-0.009765702611324789,1.0,0.6081403676295069
2000-04-04,-0.017822253907504384,0,0.0,-0.0,-0.017822253907504384,1.0,0.5973979470040591
2000-04-05,0.023693112257288044,0,0.0,0.0,0.023693112257288044,1.0,0.611721174504656
2000-04-06,0.03922071315328133,0,0.0,0.0,0.03922071315328133,1.0,0.6361900214848423
2000-04-07,-0.06892586756719707,0,0.0,-0.0,-0.06892586756719707,1.0,0.5938171401289101
2000-04-10,-0.017744445299071956,0,0.0,-0.0,-0.017744445299071956,1.0,0.5833731200763915
2000-04-11,-0.060624621816434854,0,0.0,-0.0,-0.060624621816434854,1.0,0.549057054189545
2000-04-12,-0.04445176257083381,0,0.0,-0.0,-0.04445176257083381,1.0,0.525185008355217
2000-04-13,-0.0905714254571515,0,0.0,-0.0,-0.0905714254571515,1.0,0.479708761040822
2000-04-14,0.10892469634821529,0,0.0,0.0,0.10892469634821529,1.0,0.5349128670327056
2000-04-17,0.026098491679769985,0,0.0,0.0,0.026098491679769985,1.0,0.549057054189545
2000-04-18,-0.032478277155483994,0,0.0,-0.0,-0.032478277155483994,1.0,0.5315111005013139
2000-04-19,-0.020532738811019843,0,0.0,-0.0,-0.020532738811019843,1.0,0.5207089997612804
2000-04-20,-0.02907181482197696,0,0.0,-0.0,-0.02907181482197696,1.0,0.5057889711148253
2000-04-24,0.06531255777709062,0,0.0,0.0,0.06531255777709062,1.0,0.5399259966579144
2000-04-25,-0.034751880514360456,0,0.0,-0.0,-0.034751880514360456,1.0,0.521484841250896
2000-04-26,0.04333656893931113,0,0.0,0.0,0.04333656893931113,1.0,0.5445810455956084
2000-04-27,0.03763885149993491,0,0.0,0.0,0.03763885149993491,1.0,0.5654690857006456
2000-04-28,0.009244734398915627,0,0.0,0.0,0.009244734398915627,1.0,0.5707209357841977
2000-05-01,-0.05923350579313293,0,0.0,-0.0,-0.05923350579313293,1.0,0.5378968727619966
2000-05-02,-0.01115709442569243,0,0.0,-0.0,-0.01115709442569243,1.0,0.5319288613034147
2000-05-03,0.002017485553168909,0,0.0,0.0,0.002017485553168909,1.0,0.5330031033659595
2000-05-04,0.02356955579076042,0,0.0,0.0,0.02356955579076042,1.0,0.5457149677727392
2000-05-05,-0.03971077197014579,0,0.0,-0.0,-0.03971077197014579,1.0,0.5244688469801871
2000-05-08,-0.02162495126290169,0,0.0,-0.0,-0.02162495126290169,1.0,0.513248985438053
2000-05-09,-0.0754505545885538,0,0.0,-0.0,-0.0754505545885538,1.0,0.47594891382191545
2000-05-10,0.059392072017060635,0,0.0,0.0,0.059392072017060635,1.0,0.5050728097397956
2000-05-11,0.0,0,0.0,0.0,0.0,1.0,0.5050728097397956
2000-05-12,0.04256453779869636,0,0.0,0.0,0.04256453779869636,1.0,0.5270350919073775
2000-05-15,0.027916060221026228,0,0.0,0.0,0.027916060221026228,1.0,0.5419551205538327
2000-05-16,-0.02080742661918658,0,0.0,-0.0,-0.02080742661918658,1.0,0.5307949391262843
2000-05-17,-0.036525899036501115,0,0.0,-0.0,-0.036525899036501115,1.0,0.5117569825734076
2000-05-18,-0.04850449069227139,0,0.0,-0.0,-0.04850449069227139,1.0,0.48752685605156465
2000-05-19,-0.000734753890513295,0,0.0,-0.0,-0.000734753890513295,1.0,0.4871687753640498
2000-05-22,-0.08724527557895102,0,0.0,-0.0,-0.08724527557895102,1.0,0.4464669372165205
2000-05-23,0.060805455775972614,0,0.0,0.0,0.060805455775972614,1.0,0.4744569109572701
2000-05-24,-0.022258470600942697,0,0.0,-0.0,-0.022258470600942697,1.0,0.46401289090475156
2000-05-25,0.0,0,0.0,0.0,0.0,1.0,0.46401289090475156
2000-05-26,0.0957193331548613,0,0.0,0.0,0.0957193331548613,1.0,0.510623060396277
2000-05-30,-0.024371252357395113,0,0.0,-0.0,-0.024371252357395113,1.0,0.4983289567915981
2000-05-31,0.04541979166647988,0,0.0,0.0,0.04541979166647988,1.0,0.5214848412508962
2000-06-01,0.0690844214275079,0,0.0,0.0,0.0690844214275079,1.0,0.5587849128670338
2000-06-02,0.002453465415473825,0,0.0,0.0,0.002453465415473825,1.0,0.5601575555025077
2000-06-05,-0.028201317903670704,0,0.0,-0.0,-0.028201317903670704,1.0,0.5445810455956086
2000-06-06,0.026388467500495914,0,0.0,0.0,0.026388467500495914,1.0,0.5591429935545487
2000-06-07,-0.004707401439171956,0,0.0,-0.0,-0.004707401439171956,1.0,0.5565170685127726
2000-06-08,0.005347606326595277,0,0.0,0.0,0.005347606326595277,1.0,0.5595010742420636
2000-06-09,-0.03252319170556006,0,0.0,-0.0,-0.03252319170556006,1.0,0.5415970398663176
2000-06-12,0.037842353183159934,0,0.0,0.0,0.037842353183159934,1.0,0.5624850799713547
2000-06-13,-0.022750203207279506,0,0.0,-0.0,-0.022750203207279506,1.0,0.5498328956791607
2000-06-14,0.017431041729679603,0,0.0,0.0,0.017431041729679603,1.0,0.5595010742420636
2000-06-15,0.005319161477600027,0,0.0,0.0,0.005319161477600027,1.0,0.5624850799713547
2000-06-16,0.03901665234245172,0,0.0,0.0,0.03901665234245172,1.0,0.5848651229410372
2000-06-19,-0.0037826554329919086,0,0.0,-0.0,-0.0037826554329919086,1.0,0.5826569587013617
2000-06-20,0.012722170471800444,0,0.0,0.0,0.012722170471800444,1.0,0.5901169730245892
2000-06-21,-0.03740197970257027,0,0.0,-0.0,-0.03740197970257027,1.0,0.5684530914299365
2000-06-22,-0.04016604172533476,0,0.0,-0.0,-0.04016604172533476,1.0,0.546073048460254
2000-06-23,0.026955809988528295,0,0.0,0.0,0.026955809988528295,1.0,0.560993077106709
2000-06-26,-0.011986444880367923,0,0.0,-0.0,-0.011986444880367923,1.0,0.5543089042730971
2000-06-27,0.011986444880367835,0,0.0,0.0,0.011986444880367835,1.0,0.5609930771067089
2000-06-28,-0.02542692468470908,0,0.0,-0.0,-0.02542692468470908,1.0,0.5469085700644554
2000-06-29,0.019451661494622047,0,0.0,0.0,0.019451661494622047,1.0,0.557650990689903
2000-06-30,0.01918549492689353,0,0.0,0.0,0.01918549492689353,1.0,0.5684530914299365
2000-07-03,-0.03951051892244433,0,0.0,-0.0,-0.03951051892244433,1.0,0.5464311291477689
2000-07-05,0.026300287185637844,0,0.0,0.0,0.026300287185637844,1.0,0.5609930771067089
2000-07-06,0.020428213803914047,0,0.0,0.0,0.020428213803914047,1.0,0.572571019336358
2000-07-07,-0.015334824184810884,0,0.0,-0.0,-0.015334824184810884,1.0,0.5638577226068283
2000-07-10,0.005488719711433859,0,0.0,0.0,0.005488719711433859,1.0,0.5669610885652909
2000-07-11,0.023408090898014804,0,0.0,0.0,0.023408090898014804,1.0,0.5803891143471004
2000-07-12,0.01277156567948754,0,0.0,0.0,0.01277156567948754,1.0,0.5878491286703279
2000-07-13,0.021095709487595544,0,0.0,0.0,0.021095709487595544,1.0,0.6003819527333502
2000-07-14,0.011857846450783468,0,0.0,0.0,0.011857846450783468,1.0,0.6075435664836485
2000-07-17,-0.022852459951875227,0,0.0,-0.0,-0.022852459951875227,1.0,0.5938171401289098
2000-07-18,-0.022872661665991455,0,0.0,-0.0,-0.022872661665991455,1.0,0.5803891143471004
2000-07-19,0.03187722475907331,0,0.0,0.0,0.03187722475907331,1.0,0.5991883504416338
2000-07-20,-0.03445122875424608,0,0.0,-0.0,-0.03445122875424608,1.0,0.5788971114824548
2000-07-21,-0.020834086902842025,0,0.0,-0.0,-0.020834086902842025,1.0,0.5669610885652908
2000-07-24,0.007863736460214451,0,0.0,0.0,0.007863736460214451,1.0,0.5714370971592273
2000-07-25,-0.0012540496993041033,0,0.0,-0.0,-0.0012540496993041033,1.0,0.5707209357841974
2000-07-26,-0.04000320054055385,0,0.0,-0.0,-0.04000320054055385,1.0,0.5483408928145148
2000-07-27,-0.05595552163527214,0,0.0,-0.0,-0.05595552163527214,1.0,0.5185008355216049
2000-07-28,0.02904015322116365,0,0.0,0.0,0.02904015322116365,1.0,0.5337789448555746
2000-07-31,-0.013394313593382836,0,0.0,-0.0,-0.013394313593382836,1.0,0.5266770112198621
2000-08-01,-0.017835158932857205,0,0.0,-0.0,-0.017835158932857205,1.0,0.5173669133444742
2000-08-02,0.042348110529220113,0,0.0,0.0,0.042348110529220113,1.0,0.5397469563141567
2000-08-03,-0.0034335748414506613,0,0.0,-0.0,-0.0034335748414506613,1.0,0.5378968727619963
2000-08-04,0.02324921035231814,0,0.0,0.0,0.02324921035231814,1.0,0.5505490570541901
2000-08-07,0.020174522638492266,0,0.0,0.0,0.020174522638492266,1.0,0.5617689185963243
2000-08-08,-0.02691807658200702,0,0.0,-0.0,-0.02691807658200702,1.0,0.5468488899498692
2000-08-09,-0.02006240129426339,0,0.0,-0.0,-0.02006240129426339,1.0,0.53598710909525
2000-08-10,0.013822302223777736,0,0.0,0.0,0.013822302223777736,1.0,0.5434471234184776
2000-08-11,0.021080863246619824,0,0.0,0.0,0.021080863246619824,1.0,0.5550250656481266
2000-08-14,0.0,0,0.0,0.0,0.0,1.0,0.5550250656481266
2000-08-15,0.010056787445593013,0,0.0,0.0,0.010056787445593013,1.0,0.5606349964191937
2000-08-16,0.019084347461906303,0,0.0,0.0,0.019084347461906303,1.0,0.5714370971592271
2000-08-17,-0.005235614053945052,0,0.0,-0.0,-0.005235614053945052,1.0,0.5684530914299362
2000-08-18,0.002621233479874287,0,0.0,0.0,0.002621233479874287,1.0,0.5699450942945817
2000-08-21,0.0,0,0.0,0.0,0.0,1.0,0.5699450942945817
2000-08-22,0.01620309649038564,0,0.0,0.0,0.01620309649038564,1.0,0.5792551921699697
2000-08-23,0.015336155808139462,0,0.0,0.0,0.015336155808139462,1.0,0.5882072093578427
2000-08-24,-0.0053919455115748515,0,0.0,-0.0,-0.0053919455115748515,1.0,0.5850441632847941
2000-08-25,0.004782993904408362,0,0.0,0.0,0.004782993904408362,1.0,0.5878491286703277
2000-08-28,0.0050633019565466345,0,0.0,0.0,0.0050633019565466345,1.0,0.5908331343996186
2000-08-29,-0.0012128564252092936,0,0.0,-0.0,-0.0012128564252092936,1.0,0.5901169730245888
2000-08-30,0.031065819574890532,0,0.0,0.0,0.031065819574890532,1.0,0.6087371687753647
2000-08-31,0.005865119452398058,0,0.0,0.0,0.005865119452398058,1.0,0.6123179756505138
2000-09-01,-0.030680288572122044,0,0.0,-0.0,-0.030680288572122044,1.0,0.5938171401289096
2000-09-05,-0.03580945269671089,0,0.0,-0.0,-0.03580945269671089,1.0,0.5729291000238725
2000-09-06,0.02194493875056602,0,0.0,0.0,0.02194493875056602,1.0,0.5856409644306523
2000-09-07,-0.031048753000036546,0,0.0,-0.0,-0.031048753000036546,1.0,0.5677369300549063
2000-09-08,-0.02468998461106413,0,0.0,-0.0,-0.02468998461106413,1.0,0.5538911434709961
2000-09-11,-0.015527756472176111,0,0.0,-0.0,-0.015527756472176111,1.0,0.5453568870852238
2000-09-12,0.02293480015951584,0,0.0,0.0,0.02293480015951584,1.0,0.5580090713774176
2000-09-13,-0.005361943141385399,0,0.0,-0.0,-0.005361943141385399,1.0,0.5550250656481266
2000-09-14,-0.018996500690655036,0,0.0,-0.0,-0.018996500690655036,1.0,0.5445810455956082
2000-09-15,-0.015127545145472496,0,0.0,-0.0,-0.015127545145472496,1.0,0.5364048698973507
2000-09-18,0.03616497248043566,0,0.0,0.0,0.03616497248043566,1.0,0.5561589878252572
2000-09-19,0.015334130722577098,0,0.0,0.0,0.015334130722577098,1.0,0.5647529243256152
2000-09-20,-0.07548268817416613,0,0.0,-0.0,-0.07548268817416613,1.0,0.523693005490571
2000-09-21,0.057462261310857125,0,0.0,0.0,0.057462261310857125,1.0,0.5546669849606116
2000-09-22,-0.02693581961918201,0,0.0,-0.0,-0.02693581961918201,1.0,0.5399259966579141
2000-09-25,-0.01145029463086127,0,0.0,-0.0,-0.01145029463086127,1.0,0.5337789448555745
2000-09-26,0.0013407823237650853,0,0.0,0.0,0.0013407823237650853,1.0,0.5344951062306045
2000-09-27,0.022085703353811794,0,0.0,0.0,0.022085703353811794,1.0,0.5464311291477684
2000-09-28,-0.03117106672884081,0,0.0,-0.0,-0.03117106672884081,1.0,0.5296610169491529
2000-09-29,-0.022793009528556573,0,0.0,-0.0,-0.022793009528556573,1.0,0.5177249940319889
2000-10-02,-0.03221361998365496,0,0.0,-0.0,-0.03221361998365496,1.0,0.5013129625208884
2000-10-03,0.01921889019478708,0,0.0,0.0,0.01921889019478708,1.0,0.5110408211983771
2000-10-04,0.00291528397247964,0,0.0,0.0,0.00291528397247964,1.0,0.5125328240630227
2000-10-05,-0.03411036521398229,0,0.0,-0.0,-0.03411036521398229,1.0,0.4953449510623065
2000-10-06,-0.004467797083505037,0,0.0,-0.0,-0.004467797083505037,1.0,0.4931367868226311
2000-10-09,-0.05369750195024656,0,0.0,-0.0,-0.05369750195024656,1.0,0.4673549773215569
2000-10-10,-0.016090969564834766,0,0.0,-0.0,-0.016090969564834766,1.0,0.4598949629983294
2000-10-11,-0.025364392816942367,0,0.0,-0.0,-0.025364392816942367,1.0,0.4483767008832661
2000-10-12,0.07831087482877773,0,0.0,0.0,0.07831087482877773,1.0,0.484900931009788
2000-10-13,0.00918842605440617,0,0.0,0.0,0.00918842605440617,1.0,0.48937693960372447
2000-10-16,-0.04681041784399056,0,0.0,-0.0,-0.04681041784399056,1.0,0.4669968966340419
2000-10-17,-0.0032000027306709027,0,0.0,-0.0,-0.0032000027306709027,1.0,0.4655048937693964
2000-10-18,0.08664806313589574,0,0.0,0.0,0.08664806313589574,1.0,0.5076390546669853
2000-10-19,0.014588576406078845,0,0.0,0.0,0.014588576406078845,1.0,0.5150990689902128
2000-10-20,-0.0013913045722583578,0,0.0,-0.0,-0.0013913045722583578,1.0,0.514382907615183
2000-10-23,-0.043755868318672494,0,0.0,-0.0,-0.043755868318672494,1.0,0.4923609453330155
2000-10-24,-0.057629112836636416,0,0.0,-0.0,-0.057629112836636416,1.0,0.4647887323943666
2000-10-25,0.025356328043615615,0,0.0,0.0,0.025356328043615615,1.0,0.47672475531153063
2000-10-26,-0.00200501320302041,0,0.0,-0.0,-0.00200501320302041,1.0,0.4757698734781576
2000-10-27,-0.037706556504786826,0,0.0,-0.0,-0.037706556504786826,1.0,0.4581642396753407
2000-10-30,0.06224006302615006,0,0.0,0.0,0.06224006302615006,1.0,0.48758653616614994
2000-10-31,-0.008604847193518414,0,0.0,-0.0,-0.008604847193518414,1.0,0.4834089281451426
2000-11-01,0.012270092591814401,0,0.0,0.0,0.012270092591814401,1.0,0.48937693960372464
2000-11-02,0.012843990938354378,0,0.0,0.0,0.012843990938354378,1.0,0.49570303174982155
2000-11-03,-0.007492482180349304,0,0.0,-0.0,-0.007492482180349304,1.0,0.4920028646455007
2000-11-06,-0.0037673982701573656,0,0.0,-0.0,-0.0037673982701573656,1.0,0.49015278109334026
2000-11-07,-0.08152519730869771,0,0.0,-0.0,-0.08152519730869771,1.0,0.45177846741465805
2000-11-08,-0.0001321091223271277,0,0.0,-0.0,-0.0001321091223271277,1.0,0.4517187873000722
2000-11-09,-0.05345819668134557,0,0.0,-0.0,-0.05345819668134557,1.0,0.4282048221532591
2000-11-10,0.001531927045642151,0,0.0,0.0,0.001531927045642151,1.0,0.4288613034137031
2000-11-13,0.05390607626139383,0,0.0,0.0,0.05390607626139383,1.0,0.4526139890188596
2000-11-14,0.02010249132560039,0,0.0,0.0,0.02010249132560039,1.0,0.4618047266650758
2000-11-15,-0.059914096320664086,0,0.0,-0.0,-0.059914096320664086,1.0,0.43494867510145674
2000-11-16,-0.0006862947218790397,0,0.0,-0.0,-0.0006862947218790397,1.0,0.4346502745285276
2000-11-17,-0.041634718851137856,0,0.0,-0.0,-0.041634718851137856,1.0,0.41692528049653904
2000-11-20,-0.0015758186772108637,0,0.0,-0.0,-0.0015758186772108637,1.0,0.41626879923609506
2000-11-21,-0.04576249412702931,0,0.0,-0.0,-0.04576249412702931,1.0,0.39764860348531916
2000-11-22,0.05560635705355965,0,0.0,0.0,0.05560635705355965,1.0,0.4203867271425166
2000-11-24,-0.012571594141923007,0,0.0,-0.0,-0.012571594141923007,1.0,0.4151348770589645
2000-11-27,-0.060903197130173316,0,0.0,-0.0,-0.060903197130173316,1.0,0.39060634996419247
2000-11-28,-0.03910460071964818,0,0.0,-0.0,-0.03910460071964818,1.0,0.3756266412031516
2000-11-29,0.0006353240366176832,0,0.0,0.0,0.0006353240366176832,1.0,0.37586536166149487
2000-11-30,0.016065867686793286,0,0.0,0.0,0.016065867686793286,1.0,0.3819527333492485
2000-12-01,0.015504186535965254,0,0.0,0.0,0.015504186535965254,1.0,0.38792074480783056
2000-12-04,0.08391685028722559,0,0.0,0.0,0.08391685028722559,1.0,0.4218787300071622
2000-12-05,-0.03879641500675599,0,0.0,-0.0,-0.03879641500675599,1.0,0.40582477918357657
2000-12-06,-0.022305757514298277,0,0.0,-0.0,-0.022305757514298277,1.0,0.39687276199570354
2000-12-07,0.022305757514298186,0,0.0,0.0,0.022305757514298186,1.0,0.4058247791835765
2000-12-08,0.08967938332081722,0,0.0,0.0,0.08967938332081722,1.0,0.4439006922893297
2000-12-11,-0.037254376620116214,0,0.0,-0.0,-0.037254376620116214,1.0,0.42766770112198665
2000-12-12,-0.04174692674329383,0,0.0,-0.0,-0.04174692674329383,1.0,0.4101814275483414
2000-12-13,-0.04996938383744944,0,0.0,-0.0,-0.04996938383744944,1.0,0.39018858916209165
2000-12-14,-0.02321007794925279,0,0.0,-0.0,-0.02321007794925279,1.0,0.3812365719742187
2000-12-15,0.0018767600128601842,0,0.0,0.0,0.0018767600128601842,1.0,0.3819527333492485
2000-12-18,-0.07914467352693329,0,0.0,-0.0,-0.07914467352693329,1.0,0.35288851754595413
2000-12-19,-0.05921980825129365,0,0.0,-0.0,-0.05921980825129365,1.0,0.3325972785867753
2000-12-20,0.005903944155197393,0,0.0,0.0,0.005903944155197393,1.0,0.3345667223681074
2000-12-21,0.07622081930015354,0,0.0,0.0,0.07622081930015354,1.0,0.3610646932442115
2000-12-22,0.006261348516634738,0,0.0,0.0,0.006261348516634738,1.0,0.36333253759847267
2000-12-26,0.011107595417248034,0,0.0,0.0,0.011107595417248034,1.0,0.3673907853903084
2000-12-27,-0.0019512201312618048,0,0.0,-0.0,-0.0019512201312618048,1.0,0.36667462401527856
2000-12-28,-0.051087723413447916,0,0.0,-0.0,-0.051087723413447916,1.0,0.34841250895201764
2000-12-29,-0.08841383619757853,0,0.0,-0.0,-0.08841383619757853,1.0,0.3189305323466225
2001-01-02,0.155646566418841,0,0.0,0.0,0.155646566418841,1.0,0.37264263547386056
2001-01-03,-0.018263133872634698,0,0.0,-0.0,-0.018263133872634698,1.0,0.3658987825256629
2001-01-04,-0.0794040816488829,0,0.0,-0.0,-0.0794040816488829,1.0,0.3379684888994991
2001-01-05,0.01088876230863529,0,0.0,0.0,0.01088876230863529,1.0,0.34166865600381996
2001-01-08,0.0,0,0.0,0.0,0.0,1.0,0.34166865600381996
2001-01-09,0.05007858312533045,0,0.0,0.0,0.05007858312533045,1.0,0.3592146096920511
2001-01-10,0.028659948985377336,0,0.0,0.0,0.028659948985377336,1.0,0.36965862974456964
2001-01-11,0.012673627563595113,0,0.0,0.0,0.012673627563595113,1.0,0.3743733587968494
2001-01-12,-0.012028049749049726,0,0.0,-0.0,-0.012028049749049726,1.0,0.3698973502029129
2001-01-16,0.03019457098720949,0,0.0,0.0,0.03019457098720949,1.0,0.38123657197421873
2001-01-17,0.04109747316614138,0,0.0,0.0,0.04109747316614138,1.0,0.39723084268321845
2001-01-18,-0.0037630811321768634,0,0.0,-0.0,-0.0037630811321768634,1.0,0.395738839818573
2001-01-19,0.001055090911052121,0,0.0,0.0,0.001055090911052121,1.0,0.3961566006206737
2001-01-22,0.02072381285619301,0,0.0,0.0,0.02072381285619301,1.0,0.40445213654810264
2001-01-23,-0.009488581197361451,0,0.0,-0.0,-0.009488581197361451,1.0,0.4006326092146102
2001-01-24,-0.039965814148933236,0,0.0,-0.0,-0.039965814148933236,1.0,0.38493673907853954
2001-01-25,0.01614798640798194,0,0.0,0.0,0.01614798640798194,1.0,0.39120315111005066
2001-01-26,0.02187940918125725,0,0.0,0.0,0.02187940918125725,1.0,0.3998567677249946
2001-01-29,-0.003738322110607104,0,0.0,-0.0,-0.003738322110607104,1.0,0.3983647648603491
2001-01-30,-0.037394666036785235,0,0.0,-0.0,-0.037394666036785235,1.0,0.3837431367868232
2001-01-31,0.013132672327280546,0,0.0,0.0,0.013132672327280546,1.0,0.38881594652661794
2001-02-01,-0.056842450940391705,0,0.0,-0.0,-0.056842450940391705,1.0,0.3673311052757227
2001-02-02,-0.0008126778179903221,0,0.0,-0.0,-0.0008126778179903221,1.0,0.36703270470279364
2001-02-05,0.001624695727001983,0,0.0,0.0,0.001624695727001983,1.0,0.3676295058486519
2001-02-06,-0.01636697746420536,0,0.0,-0.0,-0.01636697746420536,1.0,0.36166149439006984
2001-02-07,-0.030323120661105187,0,0.0,-0.0,-0.030323120661105187,1.0,0.35085939365003643
2001-02-08,-0.04150261391015042,0,0.0,-0.0,-0.04150261391015042,1.0,0.3365958462640254
2001-02-09,0.011984634104622418,0,0.0,0.0,0.011984634104622418,1.0,0.3406540940558611
2001-02-12,-0.032585452210773386,0,0.0,-0.0,-0.032585452210773386,1.0,0.32973263308665607
2001-02-13,0.03904666389690257,0,0.0,0.0,0.03904666389690257,1.0,0.3428622582955365
2001-02-14,0.016400885539416512,0,0.0,0.0,0.016400885539416512,1.0,0.34853186918118934
2001-02-15,-0.05762185723258914,0,0.0,-0.0,-0.05762185723258914,1.0,0.3290164717116262
2001-02-16,-0.03959081609692157,0,0.0,-0.0,-0.03959081609692157,1.0,0.31624492719026065
2001-02-20,-0.028521408834980333,0,0.0,-0.0,-0.028521408834980333,1.0,0.3073525901169734
2001-02-21,-0.009756174945364685,0,0.0,-0.0,-0.009756174945364685,1.0,0.3043685843876824
2001-02-22,0.003523198007316878,0,0.0,0.0,0.003523198007316878,1.0,0.30544282645022713
2001-02-23,0.018775350715138753,0,0.0,0.0,0.018775350715138753,1.0,0.3112317975650517
2001-02-26,-0.062303883336154865,0,0.0,-0.0,-0.062303883336154865,1.0,0.2924325614705184
2001-02-27,-0.03214377305468967,0,0.0,-0.0,-0.03214377305468967,1.0,0.2831821437097163
2001-02-28,0.0280537878031645,0,0.0,0.0,0.0280537878031645,1.0,0.291238959178802
2001-03-01,-0.04398614818424977,0,0.0,-0.0,-0.04398614818424977,1.0,0.2787061351157798
2001-03-02,0.018037624316547603,0,0.0,0.0,0.018037624316547603,1.0,0.2837789448555745
2001-03-05,0.03816863520247749,0,0.0,0.0,0.03816863520247749,1.0,0.29481976605395116
2001-03-06,0.00040477636658729614,0,0.0,0.0,0.00040477636658729614,1.0,0.29493912628312285
2001-03-07,-0.01879140261702653,0,0.0,-0.0,-0.01879140261702653,1.0,0.28944855574122735
2001-03-08,-0.07268155143480481,0,0.0,-0.0,-0.07268155143480481,1.0,0.2691573167820486
2001-03-09,-0.06409516045640043,0,0.0,-0.0,-0.06409516045640043,1.0,0.25244688469801896
2001-03-12,0.04957787590768153,0,0.0,0.0,0.04957787590768153,1.0,0.26527810933397034
2001-03-13,-0.015873349156290233,0,0.0,-0.0,-0.015873349156290233,1.0,0.2611005013129629
2001-03-14,-0.037256928355758986,0,0.0,-0.0,-0.037256928355758986,1.0,0.25155168297923175
2001-03-15,-0.022796428092383685,0,0.0,-0.0,-0.022796428092383685,1.0,0.24588207209357887
2001-03-16,0.048790164169431834,0,0.0,0.0,0.048790164169431834,1.0,0.2581761756982578
2001-03-19,-0.06963702580895487,0,0.0,-0.0,-0.06963702580895487,1.0,0.24080926235378414
2001-03-20,0.0,0,0.0,0.0,0.0,1.0,0.24080926235378414
2001-03-21,0.058946707871793104,0,0.0,0.0,0.058946707871793104,1.0,0.25543089042731
2001-03-22,0.0,0,0.0,0.0,0.0,1.0,0.25543089042731
2001-03-23,-0.02340255721927735,0,0.0,-0.0,-0.02340255721927735,1.0,0.24952255908331386
2001-03-26,0.033861688009414706,0,0.0,0.0,0.033861688009414706,1.0,0.25811649558367195
2001-03-27,-0.08564604568474349,0,0.0,-0.0,-0.08564604568474349,1.0,0.23693005490570587
2001-03-28,-0.019072415376387496,0,0.0,-0.0,-0.019072415376387496,1.0,0.23245404631176936
2001-03-29,0.0051216501200547025,0,0.0,0.0,0.0051216501200547025,1.0,0.2336476486034857
2001-03-30,-0.04572971801632587,0,0.0,-0.0,-0.04572971801632587,1.0,0.22320362855096718
2001-04-02,-0.07608442013302633,0,0.0,-0.0,-0.07608442013302633,1.0,0.20685127715445242
2001-04-03,-0.01775625169193861,0,0.0,-0.0,-0.01775625169193861,1.0,0.20321079016471744
2001-04-04,0.09143135463754534,0,0.0,0.0,0.09143135463754534,1.0,0.22266650751969486
2001-04-05,-0.02744364596226153,0,0.0,-0.0,-0.02744364596226153,1.0,0.21663881594652698
2001-04-06,0.02045061047129084,0,0.0,0.0,0.02045061047129084,1.0,0.22111482454046352
2001-04-09,0.07159856054829605,0,0.0,0.0,0.07159856054829605,1.0,0.237526856051564
2001-04-10,0.02970515441391591,0,0.0,0.0,0.02970515441391591,1.0,0.24468846980186248
2001-04-11,0.04296603588344334,0,0.0,0.0,0.04296603588344334,1.0,0.2554308904273101
2001-04-12,-0.061428098723178726,0,0.0,-0.0,-0.061428098723178726,1.0,0.24021246120792597
2001-04-16,0.02454110891611766,0,0.0,0.0,0.02454110891611766,1.0,0.246180472666508
2001-04-17,0.09915951092527735,0,0.0,0.0,0.09915951092527735,1.0,0.27184292193841064
2001-04-18,0.05862093695255968,0,0.0,0.0,0.05862093695255968,1.0,0.2882549534495112
2001-04-19,0.0020682530640590605,0,0.0,0.0,0.0020682530640590605,1.0,0.2888517545953694
2001-04-20,-0.06950953385959156,0,0.0,-0.0,-0.06950953385959156,1.0,0.26945571735497786
2001-04-23,-0.019005602811904523,0,0.0,-0.0,-0.019005602811904523,1.0,0.2643829076151831
2001-04-24,0.01789756945754288,0,0.0,0.0,0.01789756945754288,1.0,0.26915731678204885
2001-04-25,-0.025829622377446675,0,0.0,-0.0,-0.025829622377446675,1.0,0.26229410360467953
2001-04-26,0.026937655731808386,0,0.0,0.0,0.026937655731808386,1.0,0.2694557173549779
2001-04-27,0.021906681085866807,0,0.0,0.0,0.021906681085866807,1.0,0.27542372881356
2001-04-30,0.04034517446744038,0,0.0,0.0,0.04034517446744038,1.0,0.2867629505848658
2001-05-01,0.019169916107720123,0,0.0,0.0,0.019169916107720123,1.0,0.2923132012413471
2001-05-02,-0.045528848600420654,0,0.0,-0.0,-0.045528848600420654,1.0,0.27930293626163827
2001-05-03,0.02947581813295368,0,0.0,0.0,0.02947581813295368,1.0,0.28765815230365316
2001-05-04,-0.020965128465044964,0,0.0,-0.0,-0.020965128465044964,1.0,0.2816901408450711
2001-05-07,0.02096512846504487,0,0.0,0.0,0.02096512846504487,1.0,0.28765815230365316
2001-05-08,-0.03483201733347865,0,0.0,-0.0,-0.03483201733347865,1.0,0.2778109333969928
2001-05-09,-0.01689814905752525,0,0.0,-0.0,-0.01689814905752525,1.0,0.27315588445929884
2001-05-10,-0.004818230959583537,0,0.0,-0.0,-0.004818230959583537,1.0,0.2718429219384108
2001-05-11,-0.01615615533318628,0,0.0,-0.0,-0.01615615533318628,1.0,0.2674862735736459
2001-05-14,0.007335811490213358,0,0.0,0.0,0.007335811490213358,1.0,0.2694557173549779
2001-05-15,0.043343729216472,0,0.0,0.0,0.043343729216472,1.0,0.281391740272142
2001-05-16,0.015781495337403046,0,0.0,0.0,0.015781495337403046,1.0,0.28586774886607846
2001-05-17,0.0029184927949132172,0,0.0,0.0,0.0029184927949132172,1.0,0.28670327047028
2001-05-18,0.06077154739889175,0,0.0,0.0,0.06077154739889175,1.0,0.30466698496061184
2001-05-21,-0.002942621054197424,0,0.0,-0.0,-0.002942621054197424,1.0,0.3037717832418246
2001-05-22,-0.045211114924463,0,0.0,-0.0,-0.045211114924463,1.0,0.290343757460015
2001-05-23,0.025369194125459005,0,0.0,0.0,0.025369194125459005,1.0,0.2978037717832426
2001-05-24,-0.01840480710698946,0,0.0,-0.0,-0.01840480710698946,1.0,0.2923728813559329
2001-05-25,-0.06036950024962521,0,0.0,-0.0,-0.06036950024962521,1.0,0.27524468846980255
2001-05-29,-0.03733177845304113,0,0.0,-0.0,-0.03733177845304113,1.0,0.265158749104799
2001-05-30,0.006729500496939618,0,0.0,0.0,0.006729500496939618,1.0,0.26694915254237356
2001-05-31,0.029083345256559156,0,0.0,0.0,0.029083345256559156,1.0,0.27482692766770184
2001-06-01,-0.0047888641802831195,0,0.0,-0.0,-0.0047888641802831195,1.0,0.2735139651468138
2001-06-04,0.04313221937793056,0,0.0,0.0,0.04313221937793056,1.0,0.2855693482931495
2001-06-05,-0.0077625481574960815,0,0.0,-0.0,-0.0077625481574960815,1.0,0.2833611840534741
2001-06-06,0.02537046034707699,0,0.0,0.0,0.02537046034707699,1.0,0.29064215803294424
2001-06-07,-0.02811221045645685,0,0.0,-0.0,-0.02811221045645685,1.0,0.2825853425638585
2001-06-08,-0.02783905693077153,0,0.0,-0.0,-0.02783905693077153,1.0,0.27482692766770184
2001-06-11,-0.005443671581176581,0,0.0,-0.0,-0.005443671581176581,1.0,0.2733349248030563
2001-06-12,-0.027671937203320996,0,0.0,-0.0,-0.027671937203320996,1.0,0.2658749104798288
2001-06-13,-0.05300780011363545,0,0.0,-0.0,-0.05300780011363545,1.0,0.2521484841250902
2001-06-14,0.00824989947214184,0,0.0,0.0,0.00824989947214184,1.0,0.2542372881355939
2001-06-15,-0.013470604258299395,0,0.0,-0.0,-0.013470604258299395,1.0,0.25083552160420214
2001-06-18,-0.005008955016537885,0,0.0,-0.0,-0.005008955016537885,1.0,0.24958223919789985
2001-06-19,0.02246222823832973,0,0.0,0.0,0.02246222823832973,1.0,0.2552518500835528
2001-06-20,0.013469780987733495,0,0.0,0.0,0.013469780987733495,1.0,0.2587132967295303
2001-06-21,-0.002309469848662529,0,0.0,-0.0,-0.002309469848662529,1.0,0.2581164955836721
2001-06-22,0.002540123753502385,0,0.0,0.0,0.002540123753502385,1.0,0.2587729768441161
2001-06-25,0.0034534396011978827,0,0.0,0.0,0.0034534396011978827,1.0,0.25966817856290336
2001-06-26,0.006414684080718297,0,0.0,0.0,0.006414684080718297,1.0,0.26133922177130636
2001-06-27,0.012707227942281536,0,0.0,0.0,0.012707227942281536,1.0,0.26468130818811225
2001-06-28,0.029985589144570602,0,0.0,0.0,0.029985589144570602,1.0,0.272738123657198
2001-06-29,-0.005485477276671203,0,0.0,-0.0,-0.005485477276671203,1.0,0.2712461207925525
2001-07-02,0.004171704370387004,0,0.0,0.0,0.004171704370387004,1.0,0.27238004296968304
2001-07-03,-0.049173673282473754,0,0.0,-0.0,-0.049173673282473754,1.0,0.2593100978753885
2001-07-05,-0.042309483098549504,0,0.0,-0.0,-0.042309483098549504,1.0,0.24856767724994083
2001-07-06,0.00860631656843906,0,0.0,0.0,0.00860631656843906,1.0,0.2507161613750304
2001-07-09,-0.03660571106879719,0,0.0,-0.0,-0.03660571106879719,1.0,0.24170446407257157
2001-07-10,0.012270092591814401,0,0.0,0.0,0.012270092591814401,1.0,0.2446884698018626
2001-07-11,0.06148508365068089,0,0.0,0.0,0.06148508365068089,1.0,0.2602052995941758
2001-07-12,-0.010374732825551704,0,0.0,-0.0,-0.010374732825551704,1.0,0.2575196944378139
2001-07-13,-0.01871399643137353,0,0.0,-0.0,-0.01871399643137353,1.0,0.2527452852709483
2001-07-16,0.02218421391038072,0,0.0,0.0,0.02218421391038072,1.0,0.2584148961566012
2001-07-17,-0.03885126639559243,0,0.0,-0.0,-0.03885126639559243,1.0,0.2485676772499409
2001-07-18,0.023491411244737415,0,0.0,0.0,0.023491411244737415,1.0,0.25447600859393704
2001-07-19,-0.023491411244737477,0,0.0,-0.0,-0.023491411244737477,1.0,0.24856767724994083
2001-07-20,-0.0252870269146452,0,0.0,-0.0,-0.0252870269146452,1.0,0.24236094533301555
2001-07-23,-0.011391901305435744,0,0.0,-0.0,-0.011391901305435744,1.0,0.2396156600620678
2001-07-24,0.00867953371972281,0,0.0,0.0,0.00867953371972281,1.0,0.2417044640725715
2001-07-25,0.014706147389695487,0,0.0,0.0,0.014706147389695487,1.0,0.2452852709477207
2001-07-26,0.02047031141102629,0,0.0,0.0,0.02047031141102629,1.0,0.2503580806875154
2001-07-27,-0.005977304108459414,0,0.0,-0.0,-0.005977304108459414,1.0,0.24886607782286993
2001-07-30,0.0014378147696274175,0,0.0,0.0,0.0014378147696274175,1.0,0.24922415851038482
2001-07-31,0.03158405353531882,0,0.0,0.0,0.03158405353531882,1.0,0.25722129386488474
2001-08-01,0.018619087463923968,0,0.0,0.0,0.018619087463923968,1.0,0.2620553831463362
2001-08-02,-0.016764659486964716,0,0.0,-0.0,-0.016764659486964716,1.0,0.2576987347815713
2001-08-03,-0.01587334915629012,0,0.0,-0.0,-0.01587334915629012,1.0,0.25364048698973557
2001-08-06,-0.005189914928334193,0,0.0,-0.0,-0.005189914928334193,1.0,0.25232752446884754
2001-08-07,-0.043012186889543454,0,0.0,-0.0,-0.043012186889543454,1.0,0.24170446407257157
2001-08-08,0.004188745806639675,0,0.0,0.0,0.004188745806639675,1.0,0.2427190260205305
2001-08-09,-0.009635652068771585,0,0.0,-0.0,-0.009635652068771585,1.0,0.24039150155168354
2001-08-10,0.02015305365182739,0,0.0,0.0,0.02015305365182739,1.0,0.24528527094772076
2001-08-13,-0.01224005489450195,0,0.0,-0.0,-0.01224005489450195,1.0,0.2423012652184298
2001-08-14,-0.03764559961636688,0,0.0,-0.0,-0.03764559961636688,1.0,0.23334924803055673
2001-08-15,0.011696039763191236,0,0.0,0.0,0.011696039763191236,1.0,0.23609453330150448
2001-08-16,-0.04656816547721155,0,0.0,-0.0,-0.04656816547721155,1.0,0.22535211267605681
2001-08-17,0.013677225307453593,0,0.0,0.0,0.013677225307453593,1.0,0.22845547863451945
2001-08-20,-0.042423328217562915,0,0.0,-0.0,-0.042423328217562915,1.0,0.218966340415374
2001-08-21,0.026890568911853447,0,0.0,0.0,0.026890568911853447,1.0,0.22493435187395605
2001-08-22,-0.009865431299900904,0,0.0,-0.0,-0.009865431299900904,1.0,0.2227261876342807
2001-08-23,0.0516951428960725,0,0.0,0.0,0.0516951428960725,1.0,0.23454285032227312
2001-08-24,0.0012714559881968875,0,0.0,0.0,0.0012714559881968875,1.0,0.23484125089520225
2001-08-27,-0.03175689607741096,0,0.0,-0.0,-0.03175689607741096,1.0,0.22750059680114632
2001-08-28,-0.014799424445939095,0,0.0,-0.0,-0.014799424445939095,1.0,0.22415851038434043
2001-08-29,-0.03770960837605563,0,0.0,-0.0,-0.03770960837605563,1.0,0.21586297445691144
2001-08-30,0.0,0,0.0,0.0,0.0,1.0,0.21586297445691144
2001-08-31,-0.019542777178476224,0,0.0,-0.0,-0.019542777178476224,1.0,0.21168536643590402
2001-09-04,-0.0039548074144766104,0,0.0,-0.0,-0.0039548074144766104,1.0,0.21084984483170252
2001-09-05,-0.041317446984649245,0,0.0,-0.0,-0.041317446984649245,1.0,0.20231558844593023
2001-09-06,-0.005917177028088396,0,0.0,-0.0,-0.005917177028088396,1.0,0.20112198615421387
2001-09-07,0.01179954693115503,0,0.0,0.0,0.01179954693115503,1.0,0.20350919073764664
2001-09-10,-0.08887928947403448,0,0.0,-0.0,-0.08887928947403448,1.0,0.1862019575077588
2001-09-17,-0.022691411202070765,0,0.0,-0.0,-0.022691411202070765,1.0,0.18202434948675136
2001-09-18,-0.017529802284794126,0,0.0,-0.0,-0.017529802284794126,1.0,0.1788613034137029
2001-09-19,-0.03393606954731284,0,0.0,-0.0,-0.03393606954731284,1.0,0.1728932919551209
2001-09-20,-0.027293506655237786,0,0.0,-0.0,-0.027293506655237786,1.0,0.16823824301742696
2001-09-21,0.049144836987478666,0,0.0,0.0,0.049144836987478666,1.0,0.1767128192886134
2001-09-24,0.003034903695154111,0,0.0,0.0,0.003034903695154111,1.0,0.1772499403198858
2001-09-25,-0.03529576591337543,0,0.0,-0.0,-0.03529576591337543,1.0,0.17110288851754632
2001-09-26,-0.006649193351503443,0,0.0,-0.0,-0.006649193351503443,1.0,0.16996896634041575
2001-09-27,0.017403850348761195,0,0.0,0.0,0.017403850348761195,1.0,0.17295297206970675
2001-09-28,-0.008664063901338158,0,0.0,-0.0,-0.008664063901338158,1.0,0.17146096920506124
2001-10-01,0.003127717580177783,0,0.0,0.0,0.003127717580177783,1.0,0.1719980902363336
2001-10-02,0.07291761391377012,0,0.0,0.0,0.07291761391377012,1.0,0.1850083552160424
2001-10-03,0.009630893060961366,0,0.0,0.0,0.009630893060961366,1.0,0.186798758653617
2001-10-04,0.014589538832827431,0,0.0,0.0,0.014589538832827431,1.0,0.18954404392456473
2001-10-05,0.0031436681029675356,0,0.0,0.0,0.0031436681029675356,1.0,0.19014084507042295
2001-10-08,-0.024465080411240053,0,0.0,-0.0,-0.024465080411240053,1.0,0.1855454762473148
2001-10-09,0.04435386526502926,0,0.0,0.0,0.04435386526502926,1.0,0.1939603724039154
2001-10-10,0.06549959761712174,0,0.0,0.0,0.06549959761712174,1.0,0.20708999761279584
2001-10-11,-0.004332136739134793,0,0.0,-0.0,-0.004332136739134793,1.0,0.20619479589400852
2001-10-12,-0.004350985834326146,0,0.0,-0.0,-0.004350985834326146,1.0,0.20529959417522123
2001-10-15,0.016147986407982158,0,0.0,0.0,0.016147986407982158,1.0,0.20864168059202717
2001-10-16,-0.07450410763723563,0,0.0,-0.0,-0.07450410763723563,1.0,0.19366197183098632
2001-10-17,0.026757449169549117,0,0.0,0.0,0.026757449169549117,1.0,0.19891382191453844
2001-10-18,0.00657897109804234,0,0.0,0.0,0.00657897109804234,1.0,0.20022678443542646
2001-10-19,0.026472134041976923,0,0.0,0.0,0.026472134041976923,1.0,0.2055979947481503
2001-10-22,0.005211360954662981,0,0.0,0.0,0.005211360954662981,1.0,0.20667223681069502
2001-10-23,0.021426330317308576,0,0.0,0.0,0.021426330317308576,1.0,0.2111482454046315
2001-10-24,0.03935115644324584,0,0.0,0.0,0.03935115644324584,1.0,0.21962282167581793
2001-10-25,-0.021701167514101376,0,0.0,-0.0,-0.021701167514101376,1.0,0.21490809262353813
2001-10-26,-0.05626037395561046,0,0.0,-0.0,-0.05626037395561046,1.0,0.2031511100501316
2001-10-29,-0.01957938547148422,0,0.0,-0.0,-0.01957938547148422,1.0,0.19921222248746745
2001-10-30,0.015458096152715383,0,0.0,0.0,0.015458096152715383,1.0,0.20231558844593006
2001-10-31,0.041600452505145866,0,0.0,0.0,0.041600452505145866,1.0,0.21090952494628817
2001-11-01,0.007330170966434393,0,0.0,0.0,0.007330170966434393,1.0,0.21246120792551948
2001-11-02,0.03206465962950145,0,0.0,0.0,0.03206465962950145,1.0,0.21938410121747462
2001-11-05,0.03816340374993853,0,0.0,0.0,0.03816340374993853,1.0,0.22791835760324688
2001-11-06,-0.00131010106515173,0,0.0,-0.0,-0.00131010106515173,1.0,0.22761995703031782
2001-11-07,-0.010278124477239262,0,0.0,-0.0,-0.010278124477239262,1.0,0.22529243256147086
2001-11-08,-0.0005299417188147279,0,0.0,-0.0,-0.0005299417188147279,1.0,0.2251730723322992
2001-11-09,0.007130625750166817,0,0.0,0.0,0.007130625750166817,1.0,0.2267844354261164
2001-11-12,0.03516391245766697,0,0.0,0.0,0.03516391245766697,1.0,0.23490093100978796
2001-11-13,0.007088637277734536,0,0.0,0.0,0.007088637277734536,1.0,0.23657197421819093
2001-11-14,-0.004044494896506526,0,0.0,-0.0,-0.004044494896506526,1.0,0.23561709238481776
2001-11-15,-0.002790109609634723,0,0.0,-0.0,-0.002790109609634723,1.0,0.23496061112437372
2001-11-16,0.028050925088423658,0,0.0,0.0,0.028050925088423658,1.0,0.24164478395798555
2001-11-19,-0.04728475304370149,0,0.0,-0.0,-0.04728475304370149,1.0,0.23048460253043715
2001-11-20,0.0005177323439488503,0,0.0,0.0,0.0005177323439488503,1.0,0.23060396275960882
2001-11-21,0.016427474141947996,0,0.0,0.0,0.016427474141947996,1.0,0.2344234900931013
2001-11-23,0.02439452037830723,0,0.0,0.0,0.02439452037830723,1.0,0.24021246120792583
2001-11-26,-0.001243008239596914,0,0.0,-0.0,-0.001243008239596914,1.0,0.23991406063499673
2001-11-27,-0.036736239825619466,0,0.0,-0.0,-0.036736239825619466,1.0,0.2312604440200528
2001-11-28,0.030497916412927706,0,0.0,0.0,0.030497916412927706,1.0,0.23842205777035125
2001-11-29,-0.007537724131426746,0,0.0,-0.0,-0.007537724131426746,1.0,0.23663165433277664
2001-11-30,-0.01729882873023915,0,0.0,-0.0,-0.01729882873023915,1.0,0.23257340654094086
2001-12-03,0.04662498598086646,0,0.0,0.0,0.04662498598086646,1.0,0.2436739078539034
2001-12-04,0.048288539712304575,0,0.0,0.0,0.048288539712304575,1.0,0.25572929100023906
2001-12-05,0.0013992539596443347,0,0.0,0.0,0.0013992539596443347,1.0,0.256087371687754
2001-12-06,-0.02788460439997209,0,0.0,-0.0,-0.02788460439997209,1.0,0.2490451181666272
2001-12-07,-0.017648227899153327,0,0.0,-0.0,-0.017648227899153327,1.0,0.24468846980186232
2001-12-10,0.0055940800145008445,0,0.0,0.0,0.0055940800145008445,1.0,0.2460611124373362
2001-12-11,0.007972019512218122,0,0.0,0.0,0.007972019512218122,1.0,0.2480305562186683
2001-12-12,-0.04427678444265342,0,0.0,-0.0,-0.04427678444265342,1.0,0.23728813559322065
2001-12-13,0.008764297993588258,0,0.0,0.0,0.008764297993588258,1.0,0.23937693960372436
2001-12-14,0.01705640162815454,0,0.0,0.0,0.01705640162815454,1.0,0.24349486751014593
2001-12-17,0.01121142623298971,0,0.0,0.0,0.01121142623298971,1.0,0.24624015278109362
2001-12-18,-0.01834465042850663,0,0.0,-0.0,-0.01834465042850663,1.0,0.24176414418715714
2001-12-19,-0.04338637576272335,0,0.0,-0.0,-0.04338637576272335,1.0,0.2314991644783961
2001-12-20,0.01763173311340508,0,0.0,0.0,0.01763173311340508,1.0,0.2356170923848177
2001-12-21,-0.0040609192863149575,0,0.0,-0.0,-0.0040609192863149575,1.0,0.23466221055144457
2001-12-24,0.009365971516008147,0,0.0,0.0,0.009365971516008147,1.0,0.23687037479111991
2001-12-26,0.00803015607416962,0,0.0,0.0,0.00803015607416962,1.0,0.23878013845786614
2001-12-27,0.007966186016133065,0,0.0,0.0,0.007966186016133065,1.0,0.24068990212461236
2001-12-28,-0.035844321888814576,0,0.0,-0.0,-0.035844321888814576,1.0,0.23221532585342594
2001-12-31,0.030374392785499384,0,0.0,0.0,0.030374392785499384,1.0,0.23937693960372436
2002-01-02,0.03406774745469119,0,0.0,0.0,0.03406774745469119,1.0,0.24767247553115335
2002-01-03,0.004088018197709534,0,0.0,0.0,0.004088018197709534,1.0,0.24868703747911228
2002-01-04,-0.01110050008363616,0,0.0,-0.0,-0.01110050008363616,1.0,0.24594175220816455
2002-01-07,0.0067714889940506786,0,0.0,0.0,0.0067714889940506786,1.0,0.24761279541656753
2002-01-08,-0.009201033434989575,0,0.0,-0.0,-0.009201033434989575,1.0,0.24534495106230633
2002-01-09,0.006546271407609957,0,0.0,0.0,0.006546271407609957,1.0,0.24695631415612346
2002-01-10,-0.012890851011385058,0,0.0,-0.0,-0.012890851011385058,1.0,0.24379326808307503
2002-01-11,-0.02202786752565918,0,0.0,-0.0,-0.02202786752565918,1.0,0.23848173788493704
2002-01-14,0.009464578745713118,0,0.0,0.0,0.009464578745713118,1.0,0.2407495822391982
2002-01-15,-0.039438882711560076,0,0.0,-0.0,-0.039438882711560076,1.0,0.23143948436381023
2002-01-16,0.022186298266351278,0,0.0,0.0,0.022186298266351278,1.0,0.23663165433277658
2002-01-17,-0.027097772531329535,0,0.0,-0.0,-0.027097772531329535,1.0,0.23030556218667966
2002-01-18,-0.03132247112904127,0,0.0,-0.0,-0.03132247112904127,1.0,0.22320362855096706
2002-01-22,0.02716770015626636,0,0.0,0.0,0.02716770015626636,1.0,0.22935068035330658
2002-01-23,0.013183595367301073,0,0.0,0.0,0.013183595367301073,1.0,0.23239436619718343
2002-01-24,-0.0028288562004777137,0,0.0,-0.0,-0.0028288562004777137,1.0,0.2317378849367394
2002-01-25,0.005649732542118907,0,0.0,0.0,0.005649732542118907,1.0,0.23305084745762744
2002-01-28,-0.027783170901555188,0,0.0,-0.0,-0.027783170901555188,1.0,0.22666507519694468
2002-01-29,0.007606594053471183,0,0.0,0.0,0.007606594053471183,1.0,0.22839579851993344
2002-01-30,0.006251648389206521,0,0.0,0.0,0.006251648389206521,1.0,0.2298281212699931
2002-01-31,-0.009654347654544409,0,0.0,-0.0,-0.009654347654544409,1.0,0.22761995703031782
2002-02-01,-0.03251019053762151,0,0.0,-0.0,-0.03251019053762151,1.0,0.2203389830508478
2002-02-04,-0.01666022420840696,0,0.0,-0.0,-0.01666022420840696,1.0,0.2166984960611128
2002-02-05,-0.006908967651073178,0,0.0,-0.0,-0.006908967651073178,1.0,0.2152064931964673
2002-02-06,-0.02442226644167752,0,0.0,-0.0,-0.02442226644167752,1.0,0.21001432322750094
2002-02-07,0.027468094630512876,0,0.0,0.0,0.027468094630512876,1.0,0.2158629744569113
2002-02-08,0.01263753082671651,0,0.0,0.0,0.01263753082671651,1.0,0.21860825972785905
2002-02-11,-0.008223730557612496,0,0.0,-0.0,-0.008223730557612496,1.0,0.21681785629028444
2002-02-12,0.01692180116110039,0,0.0,0.0,0.01692180116110039,1.0,0.2205180233946053
2002-02-13,-0.0018962487058177626,0,0.0,-0.0,-0.0018962487058177626,1.0,0.22010026259250454
2002-02-14,-0.030280320607820002,0,0.0,-0.0,-0.030280320607820002,1.0,0.21353544998806434
2002-02-15,-0.031225926168231995,0,0.0,-0.0,-0.031225926168231995,1.0,0.20697063738362415
2002-02-19,0.013461466344332812,0,0.0,0.0,0.013461466344332812,1.0,0.2097756027691577
2002-02-20,-0.048676372635399416,0,0.0,-0.0,-0.048676372635399416,1.0,0.19980902363332573
2002-02-21,0.005064810469462334,0,0.0,0.0,0.005064810469462334,1.0,0.2008235855812847
2002-02-22,0.03962067887583757,0,0.0,0.0,0.03962067887583757,1.0,0.20894008116495624
2002-02-25,-0.0037201359257952545,0,0.0,-0.0,-0.0037201359257952545,1.0,0.20816423967534062
2002-02-26,-0.013857034661426354,0,0.0,-0.0,-0.013857034661426354,1.0,0.20529959417522123
2002-02-27,-0.018187652999698527,0,0.0,-0.0,-0.018187652999698527,1.0,0.2015994270709004
2002-02-28,0.05640159835162806,0,0.0,0.0,0.05640159835162806,1.0,0.2132967295297212
2002-03-01,0.0386932614324861,0,0.0,0.0,0.0386932614324861,1.0,0.22171162568632183
2002-03-04,0.007241549682175573,0,0.0,0.0,0.007241549682175573,1.0,0.22332298878013904
2002-03-05,0.004798729549905191,0,0.0,0.0,0.004798729549905191,1.0,0.2243972308426838
2002-03-06,0.0021253993123135366,0,0.0,0.0,0.0021253993123135366,1.0,0.22487467175937037
2002-03-07,0.025934655911043533,0,0.0,0.0,0.025934655911043533,1.0,0.2307830031033666
2002-03-08,-0.003626946981139507,0,0.0,-0.0,-0.003626946981139507,1.0,0.22994748149916516
2002-03-11,-0.013850998911680498,0,0.0,-0.0,-0.013850998911680498,1.0,0.2267844354261167
2002-03-12,-0.024508419028731465,0,0.0,-0.0,-0.024508419028731465,1.0,0.2212938648842212
2002-03-13,-0.005950788455977203,0,0.0,-0.0,-0.005950788455977203,1.0,0.21998090236333315
2002-03-14,0.009987935642948297,0,0.0,0.0,0.009987935642948297,1.0,0.22218906660300847
2002-03-15,0.005624763724765788,0,0.0,0.0,0.005624763724765788,1.0,0.22344234900931068
2002-03-18,-0.0016038495819744047,0,0.0,-0.0,-0.0016038495819744047,1.0,0.2230842683217958
2002-03-19,-0.035951584252245525,0,0.0,-0.0,-0.035951584252245525,1.0,0.21520649319646754
2002-03-20,0.026274089370180213,0,0.0,0.0,0.026274089370180213,1.0,0.2209357841967063
2002-03-21,-0.00922665975708749,0,0.0,-0.0,-0.00922665975708749,1.0,0.21890666030078834
2002-03-22,-0.031010236742560208,0,0.0,-0.0,-0.031010236742560208,1.0,0.2122224874671765
2002-03-25,0.009237294513811958,0,0.0,0.0,0.009237294513811958,1.0,0.21419193124850855
2002-03-26,-0.007832207869829537,0,0.0,-0.0,-0.007832207869829537,1.0,0.21252088804010555
2002-03-27,0.012557720485484966,0,0.0,0.0,0.012557720485484966,1.0,0.21520649319646748
2002-03-28,0.018954007883674455,0,0.0,0.0,0.018954007883674455,1.0,0.2193244211028891
2002-04-01,-0.04622203606372184,0,0.0,-0.0,-0.04622203606372184,1.0,0.209417522081643
2002-04-02,-0.0017113523857283602,0,0.0,-0.0,-0.0017113523857283602,1.0,0.20905944139412805
2002-04-03,-0.007737536812204252,0,0.0,-0.0,-0.007737536812204252,1.0,0.20744807830031087
2002-04-04,-0.011283209535448742,0,0.0,-0.0,-0.011283209535448742,1.0,0.20512055383146388
2002-04-05,0.012433295918686225,0,0.0,0.0,0.012433295918686225,1.0,0.20768679875865415
2002-04-08,-0.035388983156227106,0,0.0,-0.0,-0.035388983156227106,1.0,0.20046550489376996
2002-04-09,0.007415131113821231,0,0.0,0.0,0.007415131113821231,1.0,0.20195750775841548
2002-04-10,-0.025135973271542388,0,0.0,-0.0,-0.025135973271542388,1.0,0.1969443781332066
2002-04-11,0.015634714147402157,0,0.0,0.0,0.015634714147402157,1.0,0.20004774409166926
2002-04-12,0.008022625112316191,0,0.0,0.0,0.008022625112316191,1.0,0.20165910718548638
2002-04-15,0.04088118187785285,0,0.0,0.0,0.04088118187785285,1.0,0.21007400334208703
2002-04-16,-0.005126755746345627,0,0.0,-0.0,-0.005126755746345627,1.0,0.20899976127954226
2002-04-17,-0.01931730818934753,0,0.0,-0.0,-0.01931730818934753,1.0,0.20500119360229227
2002-04-18,0.0031972124314251726,0,0.0,0.0,0.0031972124314251726,1.0,0.2056576748627363
2002-04-19,-0.02557082747558212,0,0.0,-0.0,-0.02557082747558212,1.0,0.20046550489376996
2002-04-22,-0.01741785775909993,0,0.0,-0.0,-0.01741785775909993,1.0,0.19700405824779232
2002-04-23,-0.015570456529409837,0,0.0,-0.0,-0.015570456529409837,1.0,0.1939603724039155
2002-04-24,-0.0024645730281616994,0,0.0,-0.0,-0.0024645730281616994,1.0,0.19348293148722895
2002-04-25,-0.04349882099251213,0,0.0,-0.0,-0.04349882099251213,1.0,0.18524707567438575
2002-04-26,0.0025740039951728426,0,0.0,0.0,0.0025740039951728426,1.0,0.1857245165910723
2002-04-29,0.019411906284913304,0,0.0,0.0,0.019411906284913304,1.0,0.18936500358080735
2002-04-30,-0.00537210961743079,0,0.0,-0.0,-0.00537210961743079,1.0,0.1883504416328484
2002-05-01,-0.03383599724909514,0,0.0,-0.0,-0.03383599724909514,1.0,0.1820840296013373
2002-05-02,-0.02556155769656937,0,0.0,-0.0,-0.02556155769656937,1.0,0.17748866077822914
2002-05-03,-0.02623212925075001,0,0.0,-0.0,-0.02623212925075001,1.0,0.172893291955121
2002-05-06,-0.009363689015683541,0,0.0,-0.0,-0.009363689015683541,1.0,0.17128192886130383
2002-05-07,0.10162532551584938,0,0.0,0.0,0.10162532551584938,1.0,0.18960372403915066
2002-05-08,-0.02614944915081967,0,0.0,-0.0,-0.02614944915081967,1.0,0.1847099546431134
2002-05-09,-0.045950903050604126,0,0.0,-0.0,-0.045950903050604126,1.0,0.17641441871568436
2002-05-10,0.03979304855744226,0,0.0,0.0,0.03979304855744226,1.0,0.1835760324659828
2002-05-13,0.05717647465069892,0,0.0,0.0,0.05717647465069892,1.0,0.19437813320601624
2002-05-14,0.007341727684868271,0,0.0,0.0,0.007341727684868271,1.0,0.19581045595607594
2002-05-15,0.0015227656361117105,0,0.0,0.0,0.0015227656361117105,1.0,0.196108856529005
2002-05-16,0.002127983779150975,0,0.0,0.0,0.002127983779150975,1.0,0.19652661733110577
2002-05-17,-0.022107133045165376,0,0.0,-0.0,-0.022107133045165376,1.0,0.19222964908092674
2002-05-20,-0.02770085837900723,0,0.0,-0.0,-0.02770085837900723,1.0,0.18697779899737452
2002-05-21,0.0022317879501073112,0,0.0,0.0,0.0022317879501073112,1.0,0.18739555979947525
2002-05-22,0.01986507070685925,0,0.0,0.0,0.01986507070685925,1.0,0.19115540701838196
2002-05-23,-0.02497363864958167,0,0.0,-0.0,-0.02497363864958167,1.0,0.18644067796610217
2002-05-24,-0.004491505786296699,0,0.0,-0.0,-0.004491505786296699,1.0,0.1856051563619007
2002-05-28,-0.026720390615940448,0,0.0,-0.0,-0.026720390615940448,1.0,0.18071138696586342
2002-05-29,0.008549871221238261,0,0.0,0.0,0.008549871221238261,1.0,0.18226306994509472
2002-05-30,-0.016507472894552403,0,0.0,-0.0,-0.016507472894552403,1.0,0.1792790642158037
2002-05-31,-0.03592389000339768,0,0.0,-0.0,-0.03592389000339768,1.0,0.17295297206970678
2002-06-03,0.013027266853778476,0,0.0,0.0,0.013027266853778476,1.0,0.17522081642396795
2002-06-04,0.010166132963471217,0,0.0,0.0,0.010166132963471217,1.0,0.17701121986154256
2002-06-05,-0.02665002268516055,0,0.0,-0.0,-0.02665002268516055,1.0,0.1723561709238486
2002-06-06,-0.020287509375433513,0,0.0,-0.0,-0.020287509375433513,1.0,0.16889472427787103
2002-06-07,-0.0017683470567420034,0,0.0,-0.0,-0.0017683470567420034,1.0,0.16859632370494193
2002-06-10,-0.028363057252624897,0,0.0,-0.0,-0.028363057252624897,1.0,0.16388159465266214
2002-06-11,0.014461568011834541,0,0.0,0.0,0.014461568011834541,1.0,0.16626879923609492
2002-06-12,-0.006481837602190806,0,0.0,-0.0,-0.006481837602190806,1.0,0.16519455717355014
2002-06-13,-0.002169982768322693,0,0.0,-0.0,-0.002169982768322693,1.0,0.16483647648603525
2002-06-14,0.03346698949023756,0,0.0,0.0,0.03346698949023756,1.0,0.17044640725710233
2002-06-17,0.015978109984658095,0,0.0,0.0,0.015978109984658095,1.0,0.17319169252805006
2002-06-18,-0.05963441616023832,0,0.0,-0.0,-0.05963441616023832,1.0,0.16316543327763228
2002-06-19,-0.03271667260899379,0,0.0,-0.0,-0.03271667260899379,1.0,0.1579135831940801
2002-06-20,-0.0244847732683132,0,0.0,-0.0,-0.0244847732683132,1.0,0.15409405586058764
2002-06-21,0.019559588089721483,0,0.0,0.0,0.019559588089721483,1.0,0.15713774170446446
2002-06-24,-0.03360038037895748,0,0.0,-0.0,-0.03360038037895748,1.0,0.1519455717354981
2002-06-25,0.0074349784875179905,0,0.0,0.0,0.0074349784875179905,1.0,0.15307949391262868
2002-06-26,0.021597445718536473,0,0.0,0.0,0.021597445718536473,1.0,0.1564215803294346
2002-06-27,-0.004205703006667275,0,0.0,-0.0,-0.004205703006667275,1.0,0.15576509906899055
2002-06-28,-0.04907756178600995,0,0.0,-0.0,-0.04907756178600995,1.0,0.14830508474576304
2002-07-01,-0.03688942868571362,0,0.0,-0.0,-0.03688942868571362,1.0,0.14293387443303923
2002-07-02,0.03285716515777502,0,0.0,0.0,0.03285716515777502,1.0,0.14770828359990482
2002-07-03,0.06226320730043565,0,0.0,0.0,0.06226320730043565,1.0,0.15719742181905022
2002-07-05,-0.03712723402889346,0,0.0,-0.0,-0.03712723402889346,1.0,0.15146813081881147
2002-07-08,-0.02877896455004329,0,0.0,-0.0,-0.02877896455004329,1.0,0.1471711625686324
2002-07-09,-0.031304038798733294,0,0.0,-0.0,-0.031304038798733294,1.0,0.14263547386011008
2002-07-10,0.03696519423347155,0,0.0,0.0,0.03696519423347155,1.0,0.14800668417283389
2002-07-11,0.0,0,0.0,0.0,0.0,1.0,0.14800668417283389
2002-07-12,0.030576136132158725,0,0.0,0.0,0.030576136132158725,1.0,0.15260205299594204
2002-07-15,-0.014972698938576334,0,0.0,-0.0,-0.014972698938576334,1.0,0.1503342086416809
2002-07-16,0.018096481252259718,0,0.0,0.0,0.018096481252259718,1.0,0.15307949391262862
2002-07-17,-0.036526490083453676,0,0.0,-0.0,-0.036526490083453676,1.0,0.14758892337073318
2002-07-18,-0.03038000468172172,0,0.0,-0.0,-0.03038000468172172,1.0,0.14317259489138245
2002-07-19,-0.024901054487947435,0,0.0,-0.0,-0.024901054487947435,1.0,0.1396514681308191
2002-07-22,-0.04367506350266153,0,0.0,-0.0,-0.04367506350266153,1.0,0.1336834566722371
2002-07-23,0.05303285190822221,0,0.0,0.0,0.05303285190822221,1.0,0.14096443065170716
2002-07-24,-0.059751802156967064,0,0.0,-0.0,-0.059751802156967064,1.0,0.1327882549534498
2002-07-25,0.018700455907188485,0,0.0,0.0,0.018700455907188485,1.0,0.13529481976605426
2002-07-26,0.049902826591213,0,0.0,0.0,0.049902826591213,1.0,0.14221771305800937
2002-07-29,0.019942497217381276,0,0.0,0.0,0.019942497217381276,1.0,0.1450823585581287
2002-07-30,-0.019103570993681627,0,0.0,-0.0,-0.019103570993681627,1.0,0.14233707328718104
2002-07-31,-0.048098579469898456,0,0.0,-0.0,-0.048098579469898456,1.0,0.13565290045356915
2002-08-01,-0.021343629252202692,0,0.0,-0.0,-0.021343629252202692,1.0,0.13278825495344976
2002-08-02,-0.03708367240964793,0,0.0,-0.0,-0.03708367240964793,1.0,0.12795416567199833
2002-08-05,0.0482569730077732,0,0.0,0.0,0.0482569730077732,1.0,0.13428025781809527
2002-08-06,0.013245226750020723,0,0.0,0.0,0.013245226750020723,1.0,0.13607066125566988
2002-08-07,0.0332141809876446,0,0.0,0.0,0.0332141809876446,1.0,0.140666030078778
2002-08-08,-0.010234630914701224,0,0.0,-0.0,-0.010234630914701224,1.0,0.13923370732871831
2002-08-09,0.0029959363303172564,0,0.0,0.0,0.0029959363303172564,1.0,0.1396514681308191
2002-08-12,-0.034786116085415424,0,0.0,-0.0,-0.034786116085415424,1.0,0.13487705896395352
2002-08-13,0.06176920338876648,0,0.0,0.0,0.06176920338876648,1.0,0.1434709954643116
2002-08-14,0.020177748603391086,0,0.0,0.0,0.020177748603391086,1.0,0.1463953210790168
2002-08-15,0.0069063853635335775,0,0.0,0.0,0.0069063853635335775,1.0,0.14740988302697575
2002-08-16,0.024001152099543045,0,0.0,0.0,0.024001152099543045,1.0,0.15099068990212497
2002-08-19,-0.004357305368955701,0,0.0,-0.0,-0.004357305368955701,1.0,0.15033420864168096
2002-08-20,0.02198753674522636,0,0.0,0.0,0.02198753674522636,1.0,0.1536762950584869
2002-08-21,0.015796899479252856,0,0.0,0.0,0.015796899479252856,1.0,0.15612317975650553
2002-08-22,-0.0393736300432498,0,0.0,-0.0,-0.0393736300432498,1.0,0.15009548818333768
2002-08-23,0.00396825917562067,0,0.0,0.0,0.00396825917562067,1.0,0.15069228932919587
2002-08-26,-0.035473288084253894,0,0.0,-0.0,-0.035473288084253894,1.0,0.14544043924564373
2002-08-27,-0.037203872677219176,0,0.0,-0.0,-0.037203872677219176,1.0,0.14012890904750572
2002-08-28,0.013116329354970537,0,0.0,0.0,0.013116329354970537,1.0,0.14197899259966612
2002-08-29,-0.012690525644044907,0,0.0,-0.0,-0.012690525644044907,1.0,0.14018858916209154
2002-08-30,-0.03685654533583911,0,0.0,-0.0,-0.03685654533583911,1.0,0.13511577942229683
2002-09-03,0.003967384529469681,0,0.0,0.0,0.003967384529469681,1.0,0.1356529004535692
2002-09-04,-0.024945614236231674,0,0.0,-0.0,-0.024945614236231674,1.0,0.13231081403676329
2002-09-05,0.030211093711993663,0,0.0,0.0,0.030211093711993663,1.0,0.1363690618285991
2002-09-06,0.010015324299684868,0,0.0,0.0,0.010015324299684868,1.0,0.1377417044640729
2002-09-09,0.024396673298043285,0,0.0,0.0,0.024396673298043285,1.0,0.14114347099546465
2002-09-10,-0.008492620045653588,0,0.0,-0.0,-0.008492620045653588,1.0,0.13994986870374823
2002-09-11,-0.027671458595991755,0,0.0,-0.0,-0.027671458595991755,1.0,0.13613034137025573
2002-09-12,0.00786030247879352,0,0.0,0.0,0.00786030247879352,1.0,0.1372045834328005
2002-09-13,-0.014458083175229888,0,0.0,-0.0,-0.014458083175229888,1.0,0.13523513965146847
2002-09-16,-0.02141027367763925,0,0.0,-0.0,-0.02141027367763925,1.0,0.13237049415134913
2002-09-17,-0.011335419492424113,0,0.0,-0.0,-0.011335419492424113,1.0,0.13087849128670362
2002-09-18,-0.01608860259980827,0,0.0,-0.0,-0.01608860259980827,1.0,0.1287896872761999
2002-09-19,0.004161855718279269,0,0.0,0.0,0.004161855718279269,1.0,0.1293268083074723
2002-09-20,-0.03045445009946269,0,0.0,-0.0,-0.03045445009946269,1.0,0.12544760085939397
2002-09-23,0.00047562426580340155,0,0.0,0.0,0.00047562426580340155,1.0,0.12550728097397978
2002-09-24,0.03916584497406798,0,0.0,0.0,0.03916584497406798,1.0,0.1305204105991887
2002-09-25,-0.012422519998557096,0,0.0,-0.0,-0.012422519998557096,1.0,0.12890904750537155
2002-09-26,-0.013516868579593687,0,0.0,-0.0,-0.013516868579593687,1.0,0.12717832418238276
2002-09-27,-0.02807702871924347,0,0.0,-0.0,-0.02807702871924347,1.0,0.12365719742181937
2002-09-30,0.05903353158419314,0,0.0,0.0,0.05903353158419314,1.0,0.1311768918596327
2002-10-01,-0.03377605360504944,0,0.0,-0.0,-0.03377605360504944,1.0,0.12682024349486784
2002-10-02,-0.024292692569044587,0,0.0,-0.0,-0.024292692569044587,1.0,0.12377655765099099
2002-10-03,-0.01898329091277717,0,0.0,-0.0,-0.01898329091277717,1.0,0.12144903318214405
2002-10-04,-0.009380468685436195,0,0.0,-0.0,-0.009380468685436195,1.0,0.12031511100501344
2002-10-07,0.0019821612039912025,0,0.0,0.0,0.0019821612039912025,1.0,0.12055383146335674
2002-10-08,-0.00695482187336961,0,0.0,-0.0,-0.00695482187336961,1.0,0.11971830985915524
2002-10-09,0.049596941139372186,0,0.0,0.0,0.049596941139372186,1.0,0.12580568154690888
2002-10-10,0.052668060538322466,0,0.0,0.0,0.052668060538322466,1.0,0.1326092146096924
2002-10-11,0.011633240814006459,0,0.0,0.0,0.011633240814006459,1.0,0.13416089758892372
2002-10-14,0.04692433375789564,0,0.0,0.0,0.04692433375789564,1.0,0.1406063499641923
2002-10-15,-0.0336674007643498,0,0.0,-0.0,-0.0336674007643498,1.0,0.13595130102649833
2002-10-16,0.0332428624433907,0,0.0,0.0,0.0332428624433907,1.0,0.14054666984960648
2002-10-17,0.010979840036344654,0,0.0,0.0,0.010979840036344654,1.0,0.14209835282883782
2002-10-18,0.019959082515309774,0,0.0,0.0,0.019959082515309774,1.0,0.14496299832895718
2002-10-21,-0.006194527344695652,0,0.0,-0.0,-0.006194527344695652,1.0,0.14406779661016986
2002-10-22,0.018876227268931615,0,0.0,0.0,0.018876227268931615,1.0,0.14681308188111758
2002-10-23,-0.025526293338948996,0,0.0,-0.0,-0.025526293338948996,1.0,0.14311291477679672
2002-10-24,0.029583094034563308,0,0.0,0.0,0.029583094034563308,1.0,0.14740988302697577
2002-10-25,-0.00853837266985521,0,0.0,-0.0,-0.00853837266985521,1.0,0.14615660062067354
2002-10-28,-0.023549941881645213,0,0.0,-0.0,-0.023549941881645213,1.0,0.14275483408928183
2002-10-29,0.02640417419651071,0,0.0,0.0,0.02640417419651071,1.0,0.1465743614227743
2002-10-30,-0.00040724903841207315,0,0.0,-0.0,-0.00040724903841207315,1.0,0.14651468130818848
2002-10-31,0.028114301480839255,0,0.0,0.0,0.028114301480839255,1.0,0.15069228932919587
2002-11-01,0.025416812984123256,0,0.0,0.0,0.025416812984123256,1.0,0.1545714967772742
2002-11-04,0.007692345623155865,0,0.0,0.0,0.007692345623155865,1.0,0.15576509906899064
2002-11-05,0.014076701910362118,0,0.0,0.0,0.014076701910362118,1.0,0.15797326330866596
2002-11-06,-0.035766165634616605,0,0.0,-0.0,-0.035766165634616605,1.0,0.1524230126521847
2002-11-07,-0.01857393843419111,0,0.0,-0.0,-0.01857393843419111,1.0,0.14961804726665115
2002-11-08,-0.030784123842170136,0,0.0,-0.0,-0.030784123842170136,1.0,0.1450823585581288
2002-11-11,0.025184109207434573,0,0.0,0.0,0.025184109207434573,1.0,0.14878252566244962
2002-11-12,0.011961865117499885,0,0.0,0.0,0.011961865117499885,1.0,0.15057292910002426
2002-11-13,0.033901551675681416,0,0.0,0.0,0.033901551675681416,1.0,0.1557650990689906
2002-11-14,0.012942700654837788,0,0.0,0.0,0.012942700654837788,1.0,0.15779422296490847
2002-11-15,-0.014860246784109646,0,0.0,-0.0,-0.014860246784109646,1.0,0.15546669849606148
2002-11-18,-0.015474196582597478,0,0.0,-0.0,-0.015474196582597478,1.0,0.15307949391262865
2002-11-19,0.041617000057018586,0,0.0,0.0,0.041617000057018586,1.0,0.15958462640248305
2002-11-20,0.03635428795388968,0,0.0,0.0,0.03635428795388968,1.0,0.16549295774647926
2002-11-21,-0.00036068530598420224,0,0.0,-0.0,-0.00036068530598420224,1.0,0.16543327763189344
2002-11-22,0.009693129205659751,0,0.0,0.0,0.009693129205659751,1.0,0.1670446407257106
2002-11-25,-0.034160298234871565,0,0.0,-0.0,-0.034160298234871565,1.0,0.16143470995464348
2002-11-26,0.03129804225574032,0,0.0,0.0,0.03129804225574032,1.0,0.16656719980902404
2002-11-27,-0.006830873226528383,0,0.0,-0.0,-0.006830873226528383,1.0,0.16543327763189344
2002-11-29,0.010050335853501506,0,0.0,0.0,0.010050335853501506,1.0,0.16710432084029644
2002-12-02,-0.03009108673694749,0,0.0,-0.0,-0.03009108673694749,1.0,0.16215087132967337
2002-12-03,-0.022330663666534283,0,0.0,-0.0,-0.022330663666534283,1.0,0.15857006445452415
2002-12-04,-0.014023349004670995,0,0.0,-0.0,-0.014023349004670995,1.0,0.15636190021484878
2002-12-05,0.010252605471958753,0,0.0,0.0,0.010252605471958753,1.0,0.15797326330866593
2002-12-06,-0.04837468570223646,0,0.0,-0.0,-0.04837468570223646,1.0,0.15051324898543839
2002-12-09,0.014955020948743458,0,0.0,0.0,0.014955020948743458,1.0,0.15278109333969958
2002-12-10,0.004676547883901803,0,0.0,0.0,0.004676547883901803,1.0,0.15349725471472941
2002-12-11,0.0054284739742928865,0,0.0,0.0,0.0054284739742928865,1.0,0.15433277631893091
2002-12-12,-0.032222827111813665,0,0.0,-0.0,-0.032222827111813665,1.0,0.14943900692289366
2002-12-13,0.03183605472254038,0,0.0,0.0,0.03183605472254038,1.0,0.1542730962043451
2002-12-16,0.003089998596134904,0,0.0,0.0,0.003089998596134904,1.0,0.15475053712103168
2002-12-17,-0.021439137264331463,0,0.0,-0.0,-0.021439137264331463,1.0,0.15146813081881158
2002-12-18,-0.012688512818319378,0,0.0,-0.0,-0.012688512818319378,1.0,0.14955836715206533
2002-12-19,0.010321647808053287,0,0.0,0.0,0.010321647808053287,1.0,0.15111005013129664
2002-12-20,0.013728397607073626,0,0.0,0.0,0.013728397607073626,1.0,0.15319885414180037
2002-12-23,-0.01254426484585687,0,0.0,-0.0,-0.01254426484585687,1.0,0.15128909047505412
2002-12-24,-0.0027651607585355556,0,0.0,-0.0,-0.0027651607585355556,1.0,0.15087132967295336
2002-12-26,-0.01836378950219551,0,0.0,-0.0,-0.01836378950219551,1.0,0.14812604440200564
2002-12-27,-0.0076845676440146365,0,0.0,-0.0,-0.0076845676440146365,1.0,0.14699212222487504
2002-12-30,-0.010612344495331579,0,0.0,-0.0,-0.010612344495331579,1.0,0.14544043924564373
2002-12-31,0.04139630638737592,0,0.0,0.0,0.04139630638737592,1.0,0.1515874910479832
2003-01-02,0.010963304797269594,0,0.0,0.0,0.010963304797269594,1.0,0.15325853425638616
2003-01-03,0.02461662763535603,0,0.0,0.0,0.02461662763535603,1.0,0.15707806158987866
2003-01-06,0.012460044154737107,0,0.0,0.0,0.012460044154737107,1.0,0.15904750537121073
2003-01-07,-0.028546181906361497,0,0.0,-0.0,-0.028546181906361497,1.0,0.15457149677727422
2003-01-08,0.03042059670071172,0,0.0,0.0,0.03042059670071172,1.0,0.1593459059441398
2003-01-09,0.014870162479451407,0,0.0,0.0,0.014870162479451407,1.0,0.16173311052757264
2003-01-10,-0.005921556903437321,0,0.0,-0.0,-0.005921556903437321,1.0,0.16077822869419947
2003-01-13,0.005183277061856152,0,0.0,0.0,0.005183277061856152,1.0,0.16161375029840092
2003-01-14,-0.012634876370277114,0,0.0,-0.0,-0.012634876370277114,1.0,0.15958462640248305
2003-01-15,-0.011282556690311458,0,0.0,-0.0,-0.011282556690311458,1.0,0.15779422296490847
2003-01-16,-0.04367844042645294,0,0.0,-0.0,-0.04367844042645294,1.0,0.1510503700167108
2003-01-17,-0.011124469113349748,0,0.0,-0.0,-0.011124469113349748,1.0,0.14937932680830782
2003-01-21,-0.004003207908216356,0,0.0,-0.0,-0.004003207908216356,1.0,0.1487825256624496
2003-01-22,0.02299863461825357,0,0.0,0.0,0.02299863461825357,1.0,0.15224397230842718
2003-01-23,-0.027420752377258977,0,0.0,-0.0,-0.027420752377258977,1.0,0.14812604440200558
2003-01-24,-0.011752921506063151,0,0.0,-0.0,-0.011752921506063151,1.0,0.1463953210790168
2003-01-27,0.010140017930598363,0,0.0,0.0,0.010140017930598363,1.0,0.14788732394366227
2003-01-28,0.01482102034475165,0,0.0,0.0,0.01482102034475165,1.0,0.1500954881833376
2003-01-29,-0.02618477899506691,0,0.0,-0.0,-0.02618477899506691,1.0,0.1462162807352593
2003-01-30,-0.002451983247286645,0,0.0,-0.0,-0.002451983247286645,1.0,0.14585820004774439
2003-01-31,0.0020437366606817866,0,0.0,0.0,0.0020437366606817866,1.0,0.14615660062067348
2003-02-03,-0.012325546342140425,0,0.0,-0.0,-0.012325546342140425,1.0,0.1443661971830989
2003-02-04,-0.004557704181315738,0,0.0,-0.0,-0.004557704181315738,1.0,0.14370971592265486
2003-02-05,0.005384150509346936,0,0.0,0.0,0.005384150509346936,1.0,0.14448555741227054
2003-02-06,-0.016660110451195774,0,0.0,-0.0,-0.016660110451195774,1.0,0.1420983528288377
2003-02-07,0.008781156153066095,0,0.0,0.0,0.008781156153066095,1.0,0.14335163523513994
2003-02-10,0.0053975634467441315,0,0.0,0.0,0.0053975634467441315,1.0,0.1441274767247556
2003-02-11,-0.013758816171427584,0,0.0,-0.0,-0.013758816171427584,1.0,0.14215803294342355
2003-02-12,0.0050251362026729795,0,0.0,0.0,0.0050251362026729795,1.0,0.14287419431845338
2003-02-13,0.022714170834249144,0,0.0,0.0,0.022714170834249144,1.0,0.14615660062067345
2003-02-14,0.0305612847572926,0,0.0,0.0,0.0305612847572926,1.0,0.15069228932919582
2003-02-18,-0.006755439956649003,0,0.0,-0.0,-0.006755439956649003,1.0,0.14967772738123686
2003-02-19,-0.00399521106728822,0,0.0,-0.0,-0.00399521106728822,1.0,0.14908092623537866
2003-02-20,0.0075773044497928375,0,0.0,0.0,0.0075773044497928375,1.0,0.15021484841250926
2003-02-21,-0.017231442182882795,0,0.0,-0.0,-0.017231442182882795,1.0,0.14764860348531897
2003-02-24,0.0012118765369263827,0,0.0,0.0,0.0012118765369263827,1.0,0.14782764382907645
2003-02-25,-0.022454505376322074,0,0.0,-0.0,-0.022454505376322074,1.0,0.14454523752685633
2003-02-26,0.02245450537632203,0,0.0,0.0,0.02245450537632203,1.0,0.14782764382907645
2003-02-27,0.01562218833097156,0,0.0,0.0,0.01562218833097156,1.0,0.1501551682979234
2003-02-28,-0.020478531343540676,0,0.0,-0.0,-0.020478531343540676,1.0,0.1471114824540466
2003-03-03,-0.006103782938017799,0,0.0,-0.0,-0.006103782938017799,1.0,0.1462162807352593
2003-03-04,0.002038736689848309,0,0.0,0.0,0.002038736689848309,1.0,0.1465146813081884
2003-03-05,-0.002446983276453252,0,0.0,-0.0,-0.002446983276453252,1.0,0.14615660062067345
2003-03-06,0.002039568318689089,0,0.0,0.0,0.002039568318689089,1.0,0.14645500119360258
2003-03-07,-0.02183402904960337,0,0.0,-0.0,-0.02183402904960337,1.0,0.14329195512055415
2003-03-10,-0.008784829555732915,0,0.0,-0.0,-0.008784829555732915,1.0,0.1420386727142519
2003-03-11,0.01790595415100529,0,0.0,0.0,0.01790595415100529,1.0,0.14460491764144218
2003-03-12,0.05578176164015379,0,0.0,0.0,0.05578176164015379,1.0,0.15290045356887116
2003-03-13,0.0038956029008304555,0,0.0,0.0,0.0038956029008304555,1.0,0.15349725471472933
2003-03-14,0.033642316418234806,0,0.0,0.0,0.033642316418234806,1.0,0.15874910479828153
2003-03-17,0.012329691035854141,0,0.0,0.0,0.012329691035854141,1.0,0.1607185485796136
2003-03-18,-0.008577341417303755,0,0.0,-0.0,-0.008577341417303755,1.0,0.15934590594413972
2003-03-19,0.003738322110607158,0,0.0,0.0,0.003738322110607158,1.0,0.15994270708999792
2003-03-20,0.013711535921445313,0,0.0,0.0,0.013711535921445313,1.0,0.16215087132967324
2003-03-21,-0.04247960609788803,0,0.0,-0.0,-0.04247960609788803,1.0,0.15540701838147553
2003-03-24,0.014108908968672468,0,0.0,0.0,0.014108908968672468,1.0,0.1576151826211509
2003-03-25,0.0056635982991921135,0,0.0,0.0,0.0056635982991921135,1.0,0.1585103843399382
2003-03-26,-0.007179324243037704,0,0.0,-0.0,-0.007179324243037704,1.0,0.1573764621628076
2003-03-27,-0.011058263306743196,0,0.0,-0.0,-0.011058263306743196,1.0,0.15564573883981883
2003-03-28,-0.03234258133708332,0,0.0,-0.0,-0.03234258133708332,1.0,0.1506922893291958
2003-03-31,0.007889587275162924,0,0.0,0.0,0.007889587275162924,1.0,0.1518858916209122
2003-04-01,0.02713344751440005,0,0.0,0.0,0.02713344751440005,1.0,0.1560634996419196
2003-04-02,0.012540540557875618,0,0.0,0.0,0.012540540557875618,1.0,0.15803294342325166
2003-04-03,-0.016371962869431555,0,0.0,-0.0,-0.016371962869431555,1.0,0.15546669849606137
2003-04-04,0.0015343309492610044,0,0.0,0.0,0.0015343309492610044,1.0,0.15570541895440462
2003-04-07,-0.0011505274519380746,0,0.0,-0.0,-0.0011505274519380746,1.0,0.15552637861064716
2003-04-08,-0.023292978567438484,0,0.0,-0.0,-0.023292978567438484,1.0,0.15194557173549797
2003-04-09,0.012102431535013078,0,0.0,0.0,0.012102431535013078,1.0,0.15379565528765837
2003-04-10,-0.010140492510553552,0,0.0,-0.0,-0.010140492510553552,1.0,0.15224397230842707
2003-04-11,0.02017918685275399,0,0.0,0.0,0.02017918685275399,1.0,0.1553473382668897
2003-04-14,0.009558474609935808,0,0.0,0.0,0.009558474609935808,1.0,0.1568393411315352
2003-04-15,-0.0022857152808560626,0,0.0,-0.0,-0.0022857152808560626,1.0,0.15648126044402028
2003-04-16,0.022625399517978827,0,0.0,0.0,0.022625399517978827,1.0,0.16006206731916953
2003-04-17,0.0037216269229945727,0,0.0,0.0,0.0037216269229945727,1.0,0.1606588684650277
2003-04-21,0.018767800172984742,0,0.0,0.0,0.018767800172984742,1.0,0.1637025543089045
2003-04-22,0.007264833985813295,0,0.0,0.0,0.007264833985813295,1.0,0.1648961566006209
2003-04-23,-0.005443671581176581,0,0.0,-0.0,-0.005443671581176581,1.0,0.1640009548818336
2003-04-24,-0.019475169999142467,0,0.0,-0.0,-0.019475169999142467,1.0,0.16083790880878515
2003-04-25,0.019475169999142485,0,0.0,0.0,0.019475169999142485,1.0,0.1640009548818336
2003-04-28,0.009056392273538164,0,0.0,0.0,0.009056392273538164,1.0,0.16549295774647915
2003-04-29,-0.010148691672147023,0,0.0,-0.0,-0.010148691672147023,1.0,0.1638219145380762
2003-04-30,0.008705169227330807,0,0.0,0.0,0.008705169227330807,1.0,0.16525423728813587
2003-05-01,0.021083503845501627,0,0.0,0.0,0.021083503845501627,1.0,0.16877536404869928
2003-05-02,-0.0010613834359221215,0,0.0,-0.0,-0.0010613834359221215,1.0,0.16859632370494182
2003-05-05,0.012662849469568822,0,0.0,0.0,0.012662849469568822,1.0,0.17074480783003132
2003-05-06,-0.011247921748543067,0,0.0,-0.0,-0.011247921748543067,1.0,0.1688350441632851
2003-05-07,-0.018552083994767623,0,0.0,-0.0,-0.018552083994767623,1.0,0.16573167820482243
2003-05-08,0.02278489454738841,0,0.0,0.0,0.02278489454738841,1.0,0.1695512055383149
2003-05-09,0.01502211655065168,0,0.0,0.0,0.01502211655065168,1.0,0.17211745046550514
2003-05-12,-0.006260890016722532,0,0.0,-0.0,-0.006260890016722532,1.0,0.1710432084029604
2003-05-13,-0.0020957045742188815,0,0.0,-0.0,-0.0020957045742188815,1.0,0.17068512771544547
2003-05-14,0.011126679464757053,0,0.0,0.0,0.011126679464757053,1.0,0.17259489138219172
2003-05-15,-0.007636274524988597,0,0.0,-0.0,-0.007636274524988597,1.0,0.1712819288613037
2003-05-16,-0.03582578558270483,0,0.0,-0.0,-0.03582578558270483,1.0,0.16525423728813587
2003-05-19,0.0028849641358375706,0,0.0,0.0,0.0028849641358375706,1.0,0.1657316782048224
2003-05-20,-0.0028849641358376743,0,0.0,-0.0,-0.0028849641358376743,1.0,0.16525423728813582
2003-05-21,0.01434230393328184,0,0.0,0.0,0.01434230393328184,1.0,0.16764144187156862
2003-05-22,0.00035593522354785193,0,0.0,0.0,0.00035593522354785193,1.0,0.16770112198615444
2003-05-23,0.034968597837746855,0,0.0,0.0,0.034968597837746855,1.0,0.17366913344473645
2003-05-27,0.003088010688576545,0,0.0,0.0,0.003088010688576545,1.0,0.17420625447600882
2003-05-28,0.004102569856777684,0,0.0,0.0,0.004102569856777684,1.0,0.17492241585103865
2003-05-29,0.016244012002389896,0,0.0,0.0,0.016244012002389896,1.0,0.17778706135115802
2003-05-30,-0.007074309442537154,0,0.0,-0.0,-0.007074309442537154,1.0,0.1765337789448558
2003-06-02,0.009421334828390615,0,0.0,0.0,0.009421334828390615,1.0,0.17820482215325878
2003-06-03,0.018580494720102488,0,0.0,0.0,0.018580494720102488,1.0,0.1815469085700647
2003-06-04,0.0072060580412436435,0,0.0,0.0,0.0072060580412436435,1.0,0.18285987109095272
2003-06-05,-0.016784991730180755,0,0.0,-0.0,-0.016784991730180755,1.0,0.17981618524707588
2003-06-06,-0.013364716132203488,0,0.0,-0.0,-0.013364716132203488,1.0,0.1774289806636431
2003-06-09,0.01502281632969661,0,0.0,0.0,0.01502281632969661,1.0,0.180114585820005
2003-06-10,0.011202753076553449,0,0.0,0.0,0.011202753076553449,1.0,0.18214370971592292
2003-06-11,0.004250455965964116,0,0.0,0.0,0.004250455965964116,1.0,0.18291955120553857
2003-06-12,-0.022769503733201555,0,0.0,-0.0,-0.022769503733201555,1.0,0.178801623299117
2003-06-13,0.03024556650755662,0,0.0,0.0,0.03024556650755662,1.0,0.18429219384101245
2003-06-16,-0.0038935805191320986,0,0.0,-0.0,-0.0038935805191320986,1.0,0.18357603246598264
2003-06-17,0.0051880790817778995,0,0.0,0.0,0.0051880790817778995,1.0,0.18453091429935575
2003-06-18,-0.01630293688807441,0,0.0,-0.0,-0.01630293688807441,1.0,0.18154690857006475
2003-06-19,-0.0013157896635200795,0,0.0,-0.0,-0.0013157896635200795,1.0,0.18130818811172145
2003-06-20,-0.015591624525770132,0,0.0,-0.0,-0.015591624525770132,1.0,0.1785032227261879
2003-06-23,-0.007719454342676979,0,0.0,-0.0,-0.007719454342676979,1.0,0.17713058009071403
2003-06-24,-0.005405418566907935,0,0.0,-0.0,-0.005405418566907935,1.0,0.17617569825734092
2003-06-25,0.02343595711232181,0,0.0,0.0,0.02343595711232181,1.0,0.1803533062783483
2003-06-26,-0.01298935831793642,0,0.0,-0.0,-0.01298935831793642,1.0,0.17802578180950132
2003-06-27,0.004014726034801182,0,0.0,0.0,0.004014726034801182,1.0,0.17874194318453115
2003-06-30,0.013267192944049079,0,0.0,0.0,0.013267192944049079,1.0,0.181129147767964
2003-07-01,0.020222476479604075,0,0.0,0.0,0.020222476479604075,1.0,0.18482931487228485
2003-07-02,-0.012672793484195163,0,0.0,-0.0,-0.012672793484195163,1.0,0.18250179040343784
2003-07-03,0.041946280521050025,0,0.0,0.0,0.041946280521050025,1.0,0.19031988541418027
2003-07-07,0.012155362379781896,0,0.0,0.0,0.012155362379781896,1.0,0.19264740988302728
2003-07-08,-0.002481390851385398,0,0.0,-0.0,-0.002481390851385398,1.0,0.1921699689663407
2003-07-09,-0.018809331957496227,0,0.0,-0.0,-0.018809331957496227,1.0,0.1885891620911915
2003-07-10,0.0075662403833158766,0,0.0,0.0,0.0075662403833158766,1.0,0.1900214848412512
2003-07-11,0.011864016772646065,0,0.0,0.0,0.011864016772646065,1.0,0.19228932919551234
2003-07-14,0.0012406949482343704,0,0.0,0.0,0.0012406949482343704,1.0,0.19252804965385562
2003-07-15,-0.0031046283862971816,0,0.0,-0.0,-0.0031046283862971816,1.0,0.19193124850799742
2003-07-16,-0.03094658068113503,0,0.0,-0.0,-0.03094658068113503,1.0,0.18608259727858706
2003-07-17,0.0032020520474798347,0,0.0,0.0,0.0032020520474798347,1.0,0.18667939842444525
2003-07-18,-0.01287019052053502,0,0.0,-0.0,-0.01287019052053502,1.0,0.18429219384101242
2003-07-21,0.0147865117712994,0,0.0,0.0,0.0147865117712994,1.0,0.18703747911196011
2003-07-22,0.008261883664991757,0,0.0,0.0,0.008261883664991757,1.0,0.18858916209119145
2003-07-23,-0.01338025696323604,0,0.0,-0.0,-0.01338025696323604,1.0,0.186082597278587
2003-07-24,0.01968942615650082,0,0.0,0.0,0.01968942615650082,1.0,0.1897827643829079
2003-07-25,0.0028261912358350447,0,0.0,0.0,0.0028261912358350447,1.0,0.19031988541418024
2003-07-28,-0.0075543324317811555,0,0.0,-0.0,-0.0075543324317811555,1.0,0.18888756266412055
2003-07-29,-0.007293515762709984,0,0.0,-0.0,-0.007293515762709984,1.0,0.1875149200286467
2003-07-30,0.012021656958656082,0,0.0,0.0,0.012021656958656082,1.0,0.18978276438290784
2003-07-31,-0.010749392155999384,0,0.0,-0.0,-0.010749392155999384,1.0,0.18775364048698998
2003-08-01,-0.00031791448368225894,0,0.0,-0.0,-0.00031791448368225894,1.0,0.18769396037240413
2003-08-04,-0.04022598774786886,0,0.0,-0.0,-0.04022598774786886,1.0,0.1802936261637625
2003-08-05,-0.0006622516798331541,0,0.0,-0.0,-0.0006622516798331541,1.0,0.18017426593459085
2003-08-06,0.003966947350964194,0,0.0,0.0,0.003966947350964194,1.0,0.18089042730962065
2003-08-07,-0.007949694069274003,0,0.0,-0.0,-0.007949694069274003,1.0,0.179458104559561
2003-08-08,0.010914611411738318,0,0.0,0.0,0.010914611411738318,1.0,0.18142754834089303
2003-08-11,0.015018238522838841,0,0.0,0.0,0.015018238522838841,1.0,0.18417283361184075
2003-08-12,0.00032399157905327547,0,0.0,0.0,0.00032399157905327547,1.0,0.18423251372642663
2003-08-13,0.000971345389631659,0,0.0,0.0,0.000971345389631659,1.0,0.18441155407018406
2003-08-14,0.00869990987554611,0,0.0,0.0,0.00869990987554611,1.0,0.1860229171640012
2003-08-15,0.025341869292504343,0,0.0,0.0,0.025341869292504343,1.0,0.1907973263308668
2003-08-18,0.012434104866402932,0,0.0,0.0,0.012434104866402932,1.0,0.1931845309142996
2003-08-19,-0.002474483167969132,0,0.0,-0.0,-0.002474483167969132,1.0,0.19270708999761307
2003-08-20,0.01078094532572244,0,0.0,0.0,0.01078094532572244,1.0,0.19479589400811675
2003-08-21,-0.006146300848694178,0,0.0,-0.0,-0.006146300848694178,1.0,0.19360229171640034
2003-08-22,0.002155505068601761,0,0.0,0.0,0.002155505068601761,1.0,0.19402005251850107
2003-08-25,0.0009223674750779126,0,0.0,0.0,0.0009223674750779126,1.0,0.1941990928622586
2003-08-26,0.007958413599206264,0,0.0,0.0,0.007958413599206264,1.0,0.19575077584148992
2003-08-27,0.008802606543422919,0,0.0,0.0,0.008802606543422919,1.0,0.19748149916447874
2003-08-28,0.009025332022042216,0,0.0,0.0,0.009025332022042216,1.0,0.1992719026020533
2003-08-29,0.014273212874116996,0,0.0,0.0,0.014273212874116996,1.0,0.20213654810217263
2003-09-02,-0.0005906674713962588,0,0.0,-0.0,-0.0005906674713962588,1.0,0.20201718787300102
2003-09-03,0.009116369562084958,0,0.0,0.0,0.009116369562084958,1.0,0.20386727142516142
2003-09-04,-0.006461109114288809,0,0.0,-0.0,-0.006461109114288809,1.0,0.2025543089042734
2003-09-05,0.016365064231233878,0,0.0,0.0,0.016365064231233878,1.0,0.20589639532107934
2003-09-08,-0.011955237887502291,0,0.0,-0.0,-0.011955237887502291,1.0,0.20344951062306071
2003-09-09,-0.024347996119426344,0,0.0,-0.0,-0.024347996119426344,1.0,0.19855574122702346
2003-09-10,0.011059745074361894,0,0.0,0.0,0.011059745074361894,1.0,0.20076390546669878
2003-09-11,0.005336508365686896,0,0.0,0.0,0.005336508365686896,1.0,0.20183814752924356
2003-09-12,-0.009805456664321003,0,0.0,-0.0,-0.009805456664321003,1.0,0.19986870374791146
2003-09-15,0.026809677573239432,0,0.0,0.0,0.026809677573239432,1.0,0.2052995941752211
2003-09-16,-0.004078071483378848,0,0.0,-0.0,-0.004078071483378848,1.0,0.20446407257101962
2003-09-17,0.015064016030163165,0,0.0,0.0,0.015064016030163165,1.0,0.20756743852948226
2003-09-18,-0.005767028670992556,0,0.0,-0.0,-0.005767028670992556,1.0,0.20637383623776587
2003-09-19,-0.019270669331442045,0,0.0,-0.0,-0.019270669331442045,1.0,0.20243494867510176
2003-09-22,0.01753405529152491,0,0.0,0.0,0.01753405529152491,1.0,0.20601575555025098
2003-09-23,-0.038386762030078556,0,0.0,-0.0,-0.038386762030078556,1.0,0.1982573406540943
2003-09-24,-0.013028513328591906,0,0.0,-0.0,-0.013028513328591906,1.0,0.19569109572690405
2003-09-25,-0.006424987682657886,0,0.0,-0.0,-0.006424987682657886,1.0,0.1944378133206018
2003-09-26,0.017042408824517956,0,0.0,0.0,0.017042408824517956,1.0,0.19777989973740778
2003-09-29,-0.021965495690886783,0,0.0,-0.0,-0.021965495690886783,1.0,0.19348293148722875
2003-09-30,0.022267200324341464,0,0.0,0.0,0.022267200324341464,1.0,0.1978395798519936
2003-10-01,0.0033127571329100913,0,0.0,0.0,0.0033127571329100913,1.0,0.19849606111243762
2003-10-02,0.02757772988642834,0,0.0,0.0,0.02757772988642834,1.0,0.2040463117689189
2003-10-03,0.007285475908320135,0,0.0,0.0,0.007285475908320135,1.0,0.2055383146335644
2003-10-06,0.0060790460763821925,0,0.0,0.0,0.0060790460763821925,1.0,0.2067915970398666
2003-10-07,-0.006369448285479823,0,0.0,-0.0,-0.006369448285479823,1.0,0.20547863451897855
2003-10-08,0.007523183631225926,0,0.0,0.0,0.007523183631225926,1.0,0.20703031749820988
2003-10-09,0.00918227398491593,0,0.0,0.0,0.00918227398491593,1.0,0.2089400811649561
2003-10-10,0.006548066101404504,0,0.0,0.0,0.006548066101404504,1.0,0.21031272380043
2003-10-13,0.0025506603030750422,0,0.0,0.0,0.0025506603030750422,1.0,0.21084984483170235
2003-10-14,-0.004254722061641657,0,0.0,-0.0,-0.004254722061641657,1.0,0.2099546431129151
2003-10-15,0.007927561336649779,0,0.0,0.0,0.007927561336649779,1.0,0.21162568632131806
2003-10-16,-0.024262642998808977,0,0.0,-0.0,-0.024262642998808977,1.0,0.20655287658152338
2003-10-17,0.012347608420937798,0,0.0,0.0,0.012347608420937798,1.0,0.20911912150871362
2003-10-20,0.0059752631900870205,0,0.0,0.0,0.0059752631900870205,1.0,0.21037240391501588
2003-10-21,-0.019479275324744454,0,0.0,-0.0,-0.019479275324744454,1.0,0.20631415612318013
2003-10-22,-0.011638187806332667,0,0.0,-0.0,-0.011638187806332667,1.0,0.20392695153974733
2003-10-23,0.0008775779413589422,0,0.0,0.0,0.0008775779413589422,1.0,0.20410599188350478
2003-10-24,0.00029235492095380593,0,0.0,0.0,0.00029235492095380593,1.0,0.20416567199809058
2003-10-27,0.03306323877992938,0,0.0,0.0,0.03306323877992938,1.0,0.2110288851754599
2003-10-28,-0.0011318620336834176,0,0.0,-0.0,-0.0011318620336834176,1.0,0.21079016471711665
2003-10-29,0.0019799186216128664,0,0.0,0.0,0.0019799186216128664,1.0,0.21120792551921744
2003-10-30,-0.005951555047959926,0,0.0,-0.0,-0.005951555047959926,1.0,0.20995464311291523
2003-10-31,0.01635221099590131,0,0.0,0.0,0.01635221099590131,1.0,0.21341608975889279
2003-11-03,-0.006734032181343956,0,0.0,-0.0,-0.006734032181343956,1.0,0.21198376700883312
2003-11-04,0.008968669982760316,0,0.0,0.0,0.008968669982760316,1.0,0.21389353067557934
2003-11-05,0.00278629324868307,0,0.0,0.0,0.00278629324868307,1.0,0.21449033182143748
2003-11-06,-0.008662901737668193,0,0.0,-0.0,-0.008662901737668193,1.0,0.21264024826927708
2003-11-07,-0.012426028284251062,0,0.0,-0.0,-0.012426028284251062,1.0,0.21001432322750097
2003-11-10,-0.0037010718404052114,0,0.0,-0.0,-0.0037010718404052114,1.0,0.20923848173788537
2003-11-11,0.0211663045172529,0,0.0,0.0,0.0211663045172529,1.0,0.21371449033182188
2003-11-12,-0.0011176307394149233,0,0.0,-0.0,-0.0011176307394149233,1.0,0.2134757698734786
2003-11-13,-0.020619287202735818,0,0.0,-0.0,-0.020619287202735818,1.0,0.20911912150871373
2003-11-14,-0.010327114155849517,0,0.0,-0.0,-0.010327114155849517,1.0,0.20697063738362423
2003-11-17,-0.023338282128487327,0,0.0,-0.0,-0.023338282128487327,1.0,0.20219622821675864
2003-11-18,0.009693129205659533,0,0.0,0.0,0.009693129205659533,1.0,0.20416567199809066
2003-11-19,-0.00969312920565957,0,0.0,-0.0,-0.00969312920565957,1.0,0.2021962282167586
2003-11-20,0.01027758275824023,0,0.0,0.0,0.01027758275824023,1.0,0.20428503222726227
2003-11-21,0.027375286767318197,0,0.0,0.0,0.027375286767318197,1.0,0.20995464311291523
2003-11-24,0.0,0,0.0,0.0,0.0,1.0,0.20995464311291523
2003-11-25,0.004537727582138388,0,0.0,0.0,0.004537727582138388,1.0,0.21090952494628837
2003-11-26,0.0011312218400888893,0,0.0,0.0,0.0011312218400888893,1.0,0.21114824540463165
2003-11-28,0.014590606762593957,0,0.0,0.0,0.014590606762593957,1.0,0.2142516113630943
2003-12-01,-0.005586606708639712,0,0.0,-0.0,-0.005586606708639712,1.0,0.21305800907137795
2003-12-02,-0.0126851595273158,0,0.0,-0.0,-0.0126851595273158,1.0,0.21037240391501602
2003-12-03,0.010722450359467079,0,0.0,0.0,0.010722450359467079,1.0,0.21264024826927722
2003-12-04,-0.01669771354955404,0,0.0,-0.0,-0.01669771354955404,1.0,0.2091191215087138
2003-12-05,0.005691534999788055,0,0.0,0.0,0.005691534999788055,1.0,0.21031272380043023
2003-12-08,-0.023253523717546486,0,0.0,-0.0,-0.023253523717546486,1.0,0.2054786345189788
2003-12-09,0.0037686665854225784,0,0.0,0.0,0.0037686665854225784,1.0,0.20625447600859448
2003-12-10,0.021186020003396155,0,0.0,0.0,0.021186020003396155,1.0,0.21067080448794517
2003-12-11,-0.0017011628712722208,0,0.0,-0.0,-0.0017011628712722208,1.0,0.21031272380043028
2003-12-12,-0.013139292141841771,0,0.0,-0.0,-0.013139292141841771,1.0,0.20756743852948253
2003-12-15,0.0020106282803959495,0,0.0,0.0,0.0020106282803959495,1.0,0.2079851993315833
2003-12-16,0.0017201839104115414,0,0.0,0.0,0.0017201839104115414,1.0,0.20834328001909816
2003-12-17,0.01844808952875925,0,0.0,0.0,0.01844808952875925,1.0,0.2122224874671765
2003-12-18,-0.0028161099996420248,0,0.0,-0.0,-0.0028161099996420248,1.0,0.2116256863213183
2003-12-19,0.0030972853143019043,0,0.0,0.0,0.0030972853143019043,1.0,0.2122821675817623
2003-12-22,0.007562002146365979,0,0.0,0.0,0.007562002146365979,1.0,0.21389353067557948
2003-12-23,0.0016727073875033088,0,0.0,0.0,0.0016727073875033088,1.0,0.21425161136309437
2003-12-24,-0.0013937284486036918,0,0.0,-0.0,-0.0013937284486036918,1.0,0.2139532107901653
2003-12-26,0.016323505346128062,0,0.0,0.0,0.016323505346128062,1.0,0.21747433755072867
2003-12-29,0.0032876741941917083,0,0.0,0.0,0.0032876741941917083,1.0,0.2181904989257585
2003-12-30,-0.00273897733543235,0,0.0,-0.0,-0.00273897733543235,1.0,0.2175936977799003
2003-12-31,-0.002746499941238943,0,0.0,-0.0,-0.002746499941238943,1.0,0.2169968966340421
2004-01-02,0.019878122192221417,0,0.0,0.0,0.019878122192221417,1.0,0.221353544998807
2004-01-05,0.006717746612077081,0,0.0,0.0,0.006717746612077081,1.0,0.2228455478634525
2004-01-06,0.009064311594585739,0,0.0,0.0,0.009064311594585739,1.0,0.22487467175937037
2004-01-07,0.007930255675977344,0,0.0,0.0,0.007930255675977344,1.0,0.22666507519694493
2004-01-08,-0.006604171407920766,0,0.0,-0.0,-0.006604171407920766,1.0,0.2251730723322994
2004-01-09,0.01577734541624462,0,0.0,0.0,0.01577734541624462,1.0,0.2287538792074486
2004-01-12,-0.009963375550824717,0,0.0,-0.0,-0.009963375550824717,1.0,0.22648603485318744
2004-01-13,0.0034197060815255383,0,0.0,0.0,0.0034197060815255383,1.0,0.2272618763428031
2004-01-14,0.002622608374436982,0,0.0,0.0,0.002622608374436982,1.0,0.22785867748866126
2004-01-15,0.01016295392253486,0,0.0,0.0,0.01016295392253486,1.0,0.23018620195750827
2004-01-16,-0.0007781092339161439,0,0.0,-0.0,-0.0007781092339161439,1.0,0.23000716161375082
2004-01-20,-0.0041601724066663934,0,0.0,-0.0,-0.0041601724066663934,1.0,0.2290522797803777
2004-01-21,-0.006010732849087922,0,0.0,-0.0,-0.006010732849087922,1.0,0.22767963714490383
2004-01-22,-0.003676474729308637,0,0.0,-0.0,-0.003676474729308637,1.0,0.22684411554070236
2004-01-23,0.015143892548370067,0,0.0,0.0,0.015143892548370067,1.0,0.23030556218667994
2004-01-26,-0.022272635609123292,0,0.0,-0.0,-0.022272635609123292,1.0,0.22523275244688518
2004-01-27,-0.01710357032701474,0,0.0,-0.0,-0.01710357032701474,1.0,0.22141322511339268
2004-01-28,0.0037664827954768648,0,0.0,0.0,0.0037664827954768648,1.0,0.22224874671759415
2004-01-29,-0.004575435246225446,0,0.0,-0.0,-0.004575435246225446,1.0,0.2212341847696352
2004-01-30,-0.0027012442141004485,0,0.0,-0.0,-0.0027012442141004485,1.0,0.220637383623777
2004-02-02,-0.001082544084068652,0,0.0,-0.0,-0.001082544084068652,1.0,0.22039866316543372
2004-02-03,-0.016380382631361302,0,0.0,-0.0,-0.016380382631361302,1.0,0.2168178562902845
2004-02-04,0.003846158587478315,0,0.0,0.0,0.003846158587478315,1.0,0.21765337789448597
2004-02-05,0.017935263368399883,0,0.0,0.0,0.017935263368399883,1.0,0.22159226545715008
2004-02-06,-0.0002693602709890429,0,0.0,-0.0,-0.0002693602709890429,1.0,0.2215325853425642
2004-02-09,0.0016150743752982777,0,0.0,0.0,0.0016150743752982777,1.0,0.22189066603007918
2004-02-10,0.010701011692021294,0,0.0,0.0,0.010701011692021294,1.0,0.22427787061351195
2004-02-11,-0.008820049159750655,0,0.0,-0.0,-0.008820049159750655,1.0,0.22230842683217988
2004-02-12,-0.008356970054474715,0,0.0,-0.0,-0.008356970054474715,1.0,0.22045834328001943
2004-02-13,0.013444676838297472,0,0.0,0.0,0.013444676838297472,1.0,0.22344234900931043
2004-02-17,0.0029337266007523318,0,0.0,0.0,0.0029337266007523318,1.0,0.2240988302697544
2004-02-18,-0.015296152251164971,0,0.0,-0.0,-0.015296152251164971,1.0,0.22069706373836268
2004-02-19,-0.0032502737173014723,0,0.0,-0.0,-0.0032502737173014723,1.0,0.21998090236333284
2004-02-20,-0.011185493787009958,0,0.0,-0.0,-0.011185493787009958,1.0,0.21753401766531424
2004-02-23,-0.0024721891453891483,0,0.0,-0.0,-0.0024721891453891483,1.0,0.21699689663404184
2004-02-24,0.006032373653441534,0,0.0,0.0,0.006032373653441534,1.0,0.2183098591549299
2004-02-25,0.002457339120515135,0,0.0,0.0,0.002457339120515135,1.0,0.2188469801862023
2004-02-26,-0.0027307499219448757,0,0.0,-0.0,-0.0027307499219448757,1.0,0.21825017904034408
2004-02-27,0.013040119580806062,0,0.0,0.0,0.013040119580806062,1.0,0.22111482454046347
2004-03-01,-0.011673812495731217,0,0.0,-0.0,-0.011673812495731217,1.0,0.2185485796132732
2004-03-02,-0.005476464946902586,0,0.0,-0.0,-0.005476464946902586,1.0,0.21735497732155684
2004-03-03,0.009292223188024393,0,0.0,0.0,0.009292223188024393,1.0,0.21938410121747473
2004-03-04,-0.0035427206967632153,0,0.0,-0.0,-0.0035427206967632153,1.0,0.21860825972785905
2004-03-05,-0.023758023519796567,0,0.0,-0.0,-0.023758023519796567,1.0,0.21347576987347855
2004-03-08,-0.0030799408359322203,0,0.0,-0.0,-0.0030799408359322203,1.0,0.21281928861303448
2004-03-09,-0.01326766110150054,0,0.0,-0.0,-0.01326766110150054,1.0,0.21001432322750094
2004-03-10,-0.009135090645934017,0,0.0,-0.0,-0.009135090645934017,1.0,0.2081045595607547
2004-03-11,0.018187486267436662,0,0.0,0.0,0.018187486267436662,1.0,0.21192408689424716
2004-03-12,-0.017614091756313677,0,0.0,-0.0,-0.017614091756313677,1.0,0.20822391978992635
2004-03-15,0.0017182134811365036,0,0.0,0.0,0.0017182134811365036,1.0,0.20858200047744124
2004-03-16,0.015614227801550798,0,0.0,0.0,0.015614227801550798,1.0,0.21186440677966134
2004-03-17,-0.0045172295898197,0,0.0,-0.0,-0.0045172295898197,1.0,0.21090952494628823
2004-03-18,-0.016835894880749304,0,0.0,-0.0,-0.016835894880749304,1.0,0.20738839818572483
2004-03-19,-0.012742715140442683,0,0.0,-0.0,-0.012742715140442683,1.0,0.20476247314394877
2004-03-22,-0.008194368357544057,0,0.0,-0.0,-0.008194368357544057,1.0,0.2030914299355458
2004-03-23,0.01139530227057904,0,0.0,0.0,0.01139530227057904,1.0,0.20541895440439278
2004-03-24,0.026377676108157,0,0.0,0.0,0.026377676108157,1.0,0.21090952494628823
2004-03-25,-0.003401363823490401,0,0.0,-0.0,-0.003401363823490401,1.0,0.21019336357125834
2004-03-26,0.016054421709874422,0,0.0,0.0,0.016054421709874422,1.0,0.21359513010265008
2004-03-29,0.003347283460056969,0,0.0,0.0,0.003347283460056969,1.0,0.2143112914776799
2004-03-30,-0.0019512201312615824,0,0.0,-0.0,-0.0019512201312615824,1.0,0.21389353067557923
2004-03-31,0.008888947417245774,0,0.0,0.0,0.008888947417245774,1.0,0.21580329434232542
2004-04-01,0.025663434089413843,0,0.0,0.0,0.025663434089413843,1.0,0.2214132251133925
2004-04-02,0.009389740349839137,0,0.0,0.0,0.009389740349839137,1.0,0.22350202912389625
2004-04-05,-0.012629484004249849,0,0.0,-0.0,-0.012629484004249849,1.0,0.22069706373836268
2004-04-06,-0.0010822511878848177,0,0.0,-0.0,-0.0010822511878848177,1.0,0.22045834328001943
2004-04-07,0.0,0,0.0,0.0,0.0,1.0,0.22045834328001943
2004-04-08,0.006207009538067044,0,0.0,0.0,0.006207009538067044,1.0,0.22183098591549333
2004-04-12,-0.014634407518437696,0,0.0,-0.0,-0.014634407518437696,1.0,0.21860825972785905
2004-04-13,0.004901970600206688,0,0.0,0.0,0.004901970600206688,1.0,0.2196825017904038
2004-04-14,-0.018092598786156152,1,0.0005,-0.018592598786156152,-0.018092598786156152,0.9815791773430309,0.21574361422773966
2004-04-15,-0.0016611299500763758,1,0.0,-0.0016611299500763758,-0.0016611299500763758,0.9799500002852002,0.21538553354022474
2004-04-16,0.01211802215249389,1,0.0,0.01211802215249389,0.01211802215249389,0.9918972987092924,0.21801145858200083
2004-04-19,-0.023543533095382534,1,0.0,-0.023543533095382534,-0.023543533095382534,0.9688172903900233,0.2129386488422061
2004-04-20,0.00865081437913077,1,0.0,0.00865081437913077,0.00865081437913077,0.9772347051888156,0.21478873239436655
2004-04-21,0.025512287543712125,1,0.0,0.025512287543712125,0.025512287543712125,1.0024869495851925,0.22033898305084784
2004-04-22,0.007824132723879634,1,0.0,0.007824132723879634,0.007824132723879634,1.0103613053647076,0.22206970637383663
2004-04-23,-0.0072825675874372674,0,0.0005,-0.0005,-0.0072825675874372674,1.009856250986142,0.22045834328001948
2004-04-26,-0.001896762525040716,0,0.0,-0.0,-0.001896762525040716,1.009856250986142,0.22004058247791872
2004-04-27,-0.018339093414327635,0,0.0,-0.0,-0.018339093414327635,1.009856250986142,0.21604201480066879
2004-04-28,-0.015590516229116861,1,0.0005,-0.01609051622911686,-0.015590516229116861,0.9937371725114198,0.21269992838386287
2004-04-29,-0.02471365658283844,1,0.0,-0.02471365658283844,-0.02471365658283844,0.9694792785696428,0.20750775841489652
2004-04-30,0.009446184452050116,1,0.0,0.009446184452050116,0.009446184452050116,0.9786805486854893,0.2094772021962286
2004-05-03,0.004264398786457518,1,0.0,0.004264398786457518,0.004264398786457518,0.9828629441926922,0.21037240391501588
2004-05-04,0.007911880774658112,0,0.0005,-0.0005,0.007911880774658112,0.9823716355579901,0.21204344712341885
2004-05-05,-0.007628233063211667,0,0.0,-0.0,-0.007628233063211667,0.9823716355579901,0.2104320840296017
2004-05-06,-0.008258625894439663,0,0.0,-0.0,-0.008258625894439663,0.9823716355579901,0.2087013607066129
2004-05-07,-0.008615791378352292,1,0.0005,-0.009115791378352292,-0.008615791378352292,0.9734572333181792,0.20691095726903835
2004-05-10,0.01488719163656163,1,0.0,0.01488719163656163,0.01488719163656163,0.9880576879280856,0.21001432322750097
2004-05-11,0.0019872256362304047,1,0.0,0.0019872256362304047,0.0019872256362304047,0.9900231337409576,0.2104320840296017
2004-05-12,-0.007115442003149849,1,0.0,-0.007115442003149849,-0.007115442003149849,0.9830036844092719,0.20894008116495622
2004-05-13,-0.007454162955773156,0,0.0005,-0.0005,-0.007454162955773156,0.982512305422051,0.20738839818572488
2004-05-14,-0.009541781227407755,0,0.0,-0.0,-0.009541781227407755,0.982512305422051,0.20541895440439284
2004-05-17,0.008966075972589043,1,0.0005,0.008466075972589042,0.008966075972589043,0.9908656393301836,0.20726903795655321
2004-05-18,-0.0011524057743242384,0,0.0005,-0.0005,-0.0011524057743242384,0.9903703303480829,0.20703031749820996
2004-05-19,0.0046016762248746405,0,0.0,0.0,0.0046016762248746405,0.9903703303480829,0.2079851993315831
2004-05-20,0.004866189651172906,0,0.0,0.0,0.004866189651172906,0.9903703303480829,0.20899976127954203
2004-05-21,0.006829850112018179,0,0.0,0.0,0.006829850112018179,0.9903703303480829,0.21043208402960165
2004-05-24,0.019658032633695453,0,0.0,0.0,0.019658032633695453,0.9903703303480829,0.2146096920506091
2004-05-25,0.006375627972231409,0,0.0,0.0,0.006375627972231409,0.9903703303480829,0.2159823346860829
2004-05-26,0.00633523672381092,0,0.0,0.0,0.00633523672381092,0.9903703303480829,0.2173549773215568
2004-05-27,0.0035631118963255913,0,0.0,0.0,0.0035631118963255913,0.9903703303480829,0.21813081881117244
2004-05-28,-0.001368925607341621,0,0.0,-0.0,-0.001368925607341621,0.9903703303480829,0.21783241823824334
2004-06-01,-0.002194186288983849,0,0.0,-0.0,-0.002194186288983849,0.9903703303480829,0.2173549773215568
2004-06-02,-0.01215484577707494,0,0.0,-0.0,-0.01215484577707494,0.9903703303480829,0.21472905227978067
2004-06-03,0.0058196090532640025,0,0.0,0.0,0.0058196090532640025,0.9903703303480829,0.2159823346860829
2004-06-04,0.023485514166444756,0,0.0,0.0,0.023485514166444756,0.9903703303480829,0.2211148245404634
2004-06-07,0.0013486178712936849,0,0.0,0.0,0.0013486178712936849,0.9903703303480829,0.2214132251133925
2004-06-08,-0.014115326650669863,0,0.0,-0.0,-0.014115326650669863,0.9903703303480829,0.21830985915492984
2004-06-09,0.00708256842438656,1,0.0005,0.006582568424386559,0.00708256842438656,0.9969110144459739,0.21986154213416118
2004-06-10,-0.014215657654013671,1,0.0,-0.014215657654013671,-0.014215657654013671,0.9828395234711663,0.21675817617569848
2004-06-14,0.012857515383590342,1,0.0,0.012857515383590342,0.012857515383590342,0.9955579864676267,0.219563141561232
2004-06-15,-0.0016322092851071472,1,0.0,-0.0016322092851071472,-0.0016322092851071472,0.9939343528936104,0.21920506087371708
2004-06-16,-0.009299848207507398,0,0.0005,-0.0005,-0.009299848207507398,0.9934375099382533,0.21717593697779924
2004-06-17,0.001373060767689104,1,0.0005,0.0008730607676891041,0.001373060767689104,0.9943052199800122,0.21747433755072834
2004-06-18,-0.00799012378698391,0,0.0005,-0.0005,-0.00799012378698391,0.9938081916374626,0.21574361422773955
2004-06-21,0.014554698783490356,0,0.0,0.0,0.014554698783490356,0.9938081916374626,0.218906660300788
2004-06-22,0.011924260529735572,1,0.0005,0.011424260529735572,0.011924260529735572,1.0052268158137234,0.22153258534256406
2004-06-23,-0.0018875561759039157,0,0.0005,-0.0005,-0.0018875561759039157,1.004724328038229,0.22111482454046333
2004-06-24,0.007528941184396518,0,0.0,0.0,0.007528941184396518,1.004724328038229,0.22278586774886627
2004-06-25,-0.008338985781140935,0,0.0,-0.0,-0.008338985781140935,1.004724328038229,0.2209357841967059
2004-06-28,0.00940993635204093,1,0.0005,0.00890993635204093,0.00940993635204093,1.0137163575703838,0.22302458820720958
2004-06-29,0.009852296443011858,0,0.0005,-0.0005,0.009852296443011858,1.013209626085027,0.22523275244688498
2004-06-30,-0.018722130162425563,0,0.0,-0.0,-0.018722130162425563,1.013209626085027,0.22105514442587756
2004-07-01,-0.005957233973046844,1,0.0005,-0.006457233973046844,-0.005957233973046844,1.0066881724015835,0.21974218190498948
2004-07-02,-0.021689251044929934,0,0.0005,-0.0005,-0.021689251044929934,1.0061849541304342,0.2150274528527097
2004-07-06,0.0019409405788332747,1,0.0005,0.0014409405788332746,0.0019409405788332747,1.007635851938373,0.21544521365481042
2004-07-07,-0.011142176553241848,1,0.0,-0.011142176553241848,-0.011142176553241848,0.9964709117506901,0.21305800907137762
2004-07-08,0.0013995803544232636,1,0.0,0.0013995803544232636,0.0013995803544232636,0.9978665292741505,0.21335640964430674
2004-07-09,-0.004204631282031812,1,0.0,-0.004204631282031812,-0.004204631282031812,0.9936796767037696,0.21246120792551945
2004-07-12,-0.001405481608735032,1,0.0,-0.001405481608735032,-0.001405481608735032,0.992284059180309,0.21216280735259033
2004-07-13,-0.01017820491575604,1,0.0,-0.01017820491575604,-0.01017820491575604,0.9822356130113946,0.21001432322750083
2004-07-14,-0.0034158871814069605,1,0.0,-0.0034158871814069605,-0.0034158871814069605,0.9788861309550898,0.20929816185247102
2004-07-15,-0.01147130445515467,1,0.0,-0.01147130445515467,-0.01147130445515467,0.967721190767407,0.20691095726903821
2004-07-16,-0.00202107763325348,1,0.0,-0.00202107763325348,-0.00202107763325348,0.9657673262345625,0.20649319646693748
2004-07-19,0.023705236813701975,1,0.0,0.023705236813701975,0.023705236813701975,0.9889345771240043,0.21144664597756055
2004-07-20,-0.02950235449802803,0,0.0005,-0.0005,-0.02950235449802803,0.9884402334316642,0.2052995941752211
2004-07-21,0.013570296308206994,1,0.0005,0.013070296308206993,0.013570296308206994,1.0014442381377366,0.2081045595607546
2004-07-22,-0.01910886169804636,0,0.0005,-0.0005,-0.01910886169804636,1.0009436411783368,0.2041656719980905
2004-07-23,-0.004394323754971075,0,0.0,-0.0,-0.004394323754971075,1.0009436411783368,0.2032704702793032
2004-07-26,0.013704836167358772,1,0.0005,0.013204836167358772,0.013704836167358772,1.0142485894752218,0.20607543566483677
2004-07-27,-0.004353511447197775,0,0.0005,-0.0005,-0.004353511447197775,1.0137415919404302,0.20518023394604945
2004-07-28,0.011567508971433665,0,0.0,0.0,0.011567508971433665,1.0137415919404302,0.20756743852948226
2004-07-29,0.0031577462725458564,0,0.0,0.0,0.0031577462725458564,1.0137415919404302,0.2082239197899263
2004-07-30,0.0020042955886520235,0,0.0,0.0,0.0020042955886520235,1.0137415919404302,0.20864168059202706
2004-08-02,-0.02110209824524092,0,0.0,-0.0,-0.02110209824524092,1.0137415919404302,0.20428503222726216
2004-08-03,0.000292098731447589,0,0.0,0.0,0.000292098731447589,1.0137415919404302,0.204344712341848
2004-08-04,-0.018868484304382805,0,0.0,-0.0,-0.018868484304382805,1.0137415919404302,0.20052518500835556
2004-08-05,-0.026539555234612378,1,0.0005,-0.027039555234612378,-0.026539555234612378,0.9866977446833004,0.19527333492480337
2004-08-06,0.0024420036555515873,1,0.0,0.0024420036555515873,0.0024420036555515873,0.9891102086067313,0.19575077584148992
2004-08-09,0.012422519998557329,0,0.0005,-0.0005,0.012422519998557329,0.9886157771206001,0.19819766053950855
2004-08-10,-0.008770659579786138,0,0.0,-0.0,-0.008770659579786138,0.9886157771206001,0.19646693721651978
2004-08-11,-0.01376378969411453,0,0.0,-0.0,-0.01376378969411453,0.9886157771206001,0.19378133206015788
2004-08-12,0.0015386985648552947,1,0.0005,0.0010386985648552947,0.0015386985648552947,0.98964318440035,0.19407973263308698
2004-08-13,0.011313375521355662,1,0.0,0.011313375521355662,0.011313375521355662,1.0009029623286443,0.19628789687276232
2004-08-16,0.011186813563815966,0,0.0005,-0.0005,0.011186813563815966,1.0004026359395006,0.19849606111243767
2004-08-17,0.017583525593502482,0,0.0,0.0,0.017583525593502482,1.0004026359395006,0.20201718787300105
2004-08-18,-0.0053317661853008545,0,0.0,-0.0,-0.0053317661853008545,1.0004026359395006,0.20094294581045627
2004-08-19,0.0100473658461208,0,0.0,0.0,0.0100473658461208,1.0004026359395006,0.20297206970637413
2004-08-20,0.0023494871307078004,0,0.0,0.0,0.0023494871307078004,1.0004026359395006,0.20344951062306071
2004-08-23,-0.00029338418869688466,0,0.0,-0.0,-0.00029338418869688466,1.0004026359395006,0.20338983050847484
2004-08-24,0.013696848252563856,0,0.0,0.0,0.013696848252563856,1.0004026359395006,0.20619479589400838
2004-08-25,-0.004350985834326146,0,0.0,-0.0,-0.004350985834326146,1.0004026359395006,0.2052995941752211
2004-08-26,0.004640379556502301,0,0.0,0.0,0.004640379556502301,1.0004026359395006,0.2062544760085942
2004-08-27,-0.016924827692069055,0,0.0,-0.0,-0.016924827692069055,1.0004026359395006,0.20279302936261662
2004-08-30,0.0011764707239300329,0,0.0,0.0,0.0011764707239300329,1.0004026359395006,0.20303174982095998
2004-08-31,0.00732174891880175,0,0.0,0.0,0.00732174891880175,1.0004026359395006,0.20452375268560546
2004-09-01,0.014772173039619483,0,0.0,0.0,0.014772173039619483,1.0004026359395006,0.2075674385294823
2004-09-02,-0.018572791559842438,0,0.0,-0.0,-0.018572791559842438,1.0004026359395006,0.20374791119598984
2004-09-03,0.008458559984137724,0,0.0,0.0,0.008458559984137724,1.0004026359395006,0.2054786345189786
2004-09-07,-0.003782923178538261,1,0.0005,-0.0042829231785382615,-0.003782923178538261,0.9961271506253275,0.20470279302936292
2004-09-08,0.008419268777183313,1,0.0,0.008419268777183313,0.008419268777183313,1.0045492169134136,0.20643351635235177
2004-09-09,0.015206145817838284,1,0.0,0.015206145817838284,0.015206145817838284,1.0199412690950875,0.20959656242540017
2004-09-10,0.013012913470773189,0,0.0005,-0.0005,0.013012913470773189,1.0194314259319524,0.21234184769634792
2004-09-13,0.0014042973800556808,0,0.0,0.0,0.0014042973800556808,1.0194314259319524,0.21264024826927702
2004-09-14,-0.010722450359467145,0,0.0,-0.0,-0.010722450359467145,1.0194314259319524,0.21037240391501583
2004-09-15,0.0019838464774816745,0,0.0,0.0,0.0019838464774816745,1.0194314259319524,0.2107901647171166
2004-09-16,0.003109543141621392,0,0.0,0.0,0.003109543141621392,1.0194314259319524,0.21144664597756066
2004-09-17,0.0,1,0.0005,-0.0005,0.0,1.018921837626679,0.21144664597756066
2004-09-20,0.0039436670829832475,1,0.0,0.0039436670829832475,0.0039436670829832475,1.0229480599599485,0.21228216758176216
2004-09-21,-0.017584117280544456,0,0.0005,-0.0005,-0.017584117280544456,1.0224367137771675,0.20858200047744133
2004-09-22,-0.0008587377084178693,1,0.0005,-0.0013587377084178693,-0.0008587377084178693,1.0210484338274295,0.20840296013368384
2004-09-23,-0.0034423441909729015,1,0.0,-0.0034423441909729015,-0.0034423441909729015,1.0175396763228677,0.20768679875865398
2004-09-24,-0.008658062743114541,1,0.0,-0.008658062743114541,-0.008658062743114541,1.0087677825614638,0.20589639532107937
2004-09-27,0.002026929896219111,1,0.0,0.002026929896219111,0.002026929896219111,1.010814557772458,0.20631415612318013
2004-09-28,0.014644913570448998,1,0.0,0.014644913570448998,0.014644913570448998,1.0257267771668448,0.20935784196705692
2004-09-29,0.0017089152549689959,1,0.0,0.0017089152549689959,0.0017089152549689959,1.0274811559191257,0.20971592265457187
2004-09-30,0.026952782579884142,0,0.0005,-0.0005,0.026952782579884142,1.0269675437549075,0.2154452136548106
2004-10-01,0.005800320087409281,0,0.0,0.0,0.005800320087409281,1.0269675437549075,0.21669849606111286
2004-10-04,0.0013760838830334846,0,0.0,0.0,0.0013760838830334846,1.0269675437549075,0.2169968966340419
2004-10-05,0.007944159023382299,0,0.0,0.0,0.007944159023382299,1.0269675437549075,0.21872761995703063
2004-10-06,-0.011249947157881818,0,0.0,-0.0,-0.011249947157881818,1.0269675437549075,0.21628073525901204
2004-10-07,-0.018379798937089645,0,0.0,-0.0,-0.018379798937089645,1.0269675437549075,0.21234184769634787
2004-10-08,0.004766586902327603,1,0.0005,0.0042665869023276026,0.004766586902327603,1.0313585506714378,0.21335640964430683
2004-10-11,-0.0016797316379477188,0,0.0005,-0.0005,-0.0016797316379477188,1.0308430002944369,0.21299832895679188
2004-10-12,-0.00224404021238253,1,0.0005,-0.00274404021238253,-0.00224404021238253,1.0280182031000253,0.21252088804010538
2004-10-13,-0.004503244311549708,1,0.0,-0.004503244311549708,-0.004503244311549708,1.0233991940436928,0.21156600620673227
2004-10-14,0.005064726639608255,1,0.0,0.005064726639608255,0.005064726639608255,1.0285955792320671,0.21264024826927702
2004-10-15,0.014212305546337676,1,0.0,0.014212305546337676,0.014212305546337676,1.0433186705991273,0.21568393411315384
2004-10-18,-0.00722024797348702,1,0.0,-0.00722024797348702,-0.00722024797348702,1.0358127808825868,0.2141322511339225
2004-10-19,0.004726826540362581,1,0.0,0.004726826540362581,0.004726826540362581,1.04072047800494,0.21514681308188144
2004-10-20,0.015141376676362695,1,0.0,0.015141376676362695,0.015141376676362695,1.0565983216360837,0.21842921938410156
2004-10-21,-0.02210034700066608,1,0.0,-0.02210034700066608,-0.02210034700066608,1.0335032763544205,0.21365481021723595
2004-10-22,-0.004759913788909783,1,0.0,-0.004759913788909783,-0.004759913788909783,1.0285955792320671,0.21264024826927702
2004-10-25,0.00531841701482088,1,0.0,0.00531841701482088,0.00531841701482088,1.034080652486462,0.21377417044640756
2004-10-26,0.025087463199010118,1,0.0,0.025087463199010118,0.025087463199010118,1.0603512664943535,0.21920506087371716
2004-10-27,0.00624238694190753,0,0.0005,-0.0005,0.00624238694190753,1.0598212233829267,0.22057770350919104
2004-10-28,-0.001624695727001922,0,0.0,-0.0,-0.001624695727001922,1.0598212233829267,0.22021962282167612
2004-10-29,0.0037868587314970857,0,0.0,0.0,0.0037868587314970857,1.0598212233829267,0.2210551444258776
2004-11-01,0.0032345041676590976,0,0.0,0.0,0.0032345041676590976,1.0598212233829267,0.22177130580090745
2004-11-02,0.0067051344144169875,1,0.0005,0.006205134414416988,0.0067051344144169875,1.0664180023125678,0.2232633086655529
2004-11-03,0.005597775512829678,1,0.0,0.005597775512829678,0.005597775512829678,1.072404310264603,0.22451659107185515
2004-11-04,0.008997149868842822,1,0.0,0.008997149868842822,0.008997149868842822,1.0820964279012317,0.22654571496777304
2004-11-05,0.0010531859846586405,0,0.0005,-0.0005,0.0010531859846586405,1.0815555149267937,0.2267844354261163
2004-11-08,-0.0021074823395646983,0,0.0,-0.0,-0.0021074823395646983,1.0815555149267937,0.22630699450942976
2004-11-09,-0.0034341600254235113,0,0.0,-0.0,-0.0034341600254235113,1.0815555149267937,0.22553115301981408
2004-11-10,0.013144248127805493,1,0.0005,0.012644248127805492,0.013144248127805493,1.0953177947061676,0.22851515874910505
2004-11-11,0.009616708290981636,1,0.0,0.009616708290981636,0.009616708290981636,1.1059019572562143,0.2307233229887804
2004-11-12,0.004387669963391082,0,0.0005,-0.0005,0.004387669963391082,1.105349144492294,0.23173788493673936
2004-11-15,-0.006199968194048402,0,0.0,-0.0,-0.006199968194048402,1.105349144492294,0.23030556218667972
2004-11-16,0.013385013217895248,1,0.0005,0.012885013217895248,0.013385013217895248,1.1196837352020776,0.23340892814514233
2004-11-17,0.0045918448029456365,1,0.0,0.0045918448029456365,0.0045918448029456365,1.124836971518528,0.23448317020768708
2004-11-18,-0.01564736298527482,1,0.0,-0.01564736298527482,-0.01564736298527482,1.1073732262238907,0.23084268321795204
2004-11-19,0.009520205700601298,1,0.0,0.009520205700601298,0.009520205700601298,1.1179659897632608,0.23305084745762733
2004-11-22,-0.0015376732911888695,1,0.0,-0.0015376732911888695,-0.0015376732911888695,1.1162482443244441,0.23269276677011244
2004-11-23,0.008682383449212006,1,0.0,0.008682383449212006,0.008682383449212006,1.1259821351444057,0.23472189066603028
2004-11-24,-0.0030557701394778847,0,0.0005,-0.0005,-0.0030557701394778847,1.1254192848011455,0.23400572929100047
2004-11-26,-0.0002550695078233751,0,0.0,-0.0,-0.0002550695078233751,1.1254192848011455,0.23394604917641465
2004-11-29,-0.0020429016298004047,1,0.0005,-0.0025429016298004047,-0.0020429016298004047,1.122561089862074,0.23346860825972804
2004-11-30,0.020243606276646814,1,0.0,0.020243606276646814,0.020243606276646814,1.1455173493684558,0.2382430174265937
2004-12-01,0.0037504732047900073,1,0.0,0.0037504732047900073,0.0037504732047900073,1.1498216480259025,0.239138219145381
2004-12-02,0.0014962596307721223,1,0.0,0.0014962596307721223,0.0014962596307721223,1.151543367488881,0.23949629983289591
2004-12-03,0.003482590584537543,1,0.0,0.003482590584537543,0.003482590584537543,1.155560712902498,0.24033182143709741
2004-12-06,-0.0172828346889432,1,0.0,-0.0172828346889432,-0.0172828346889432,1.1357609390782437,0.23621389353067584
2004-12-07,0.005794196837806215,1,0.0,0.005794196837806215,0.005794196837806215,1.1423608636863285,0.2375865361661497
2004-12-08,0.006010536502142323,0,0.0005,-0.0005,0.006010536502142323,1.141789826025797,0.23901885891620936
2004-12-09,-0.003000752439238213,1,0.0005,-0.003500752439238213,-0.003000752439238213,1.137799690820031,0.23830269754117955
2004-12-10,0.008727146775231667,1,0.0,0.008727146775231667,0.008727146775231667,1.1477728912153982,0.24039150155168326
2004-12-13,0.004878843710580166,0,0.0005,-0.0005,0.004878843710580166,1.1471991482174928,0.2415671998090239
2004-12-14,-0.0036383026756649575,1,0.0005,-0.004138302675664958,-0.0036383026756649575,1.1424615005840755,0.24068990212461236
2004-12-15,-0.009466936672992992,1,0.0,-0.009466936672992992,-0.009466936672992992,1.1316969240846473,0.23842205777035125
2004-12-16,-0.011961112070577894,1,0.0,-0.011961112070577894,-0.011961112070577894,1.1182412034603617,0.2355872523275248
2004-12-17,-0.006990813345288928,1,0.0,-0.006990813345288928,-0.006990813345288928,1.1104510494147226,0.23394604917641476
2004-12-20,0.012170535620255114,1,0.0,0.012170535620255114,0.012170535620255114,1.1240484092034744,0.2368106946765341
2004-12-21,0.001259287409835495,1,0.0,0.001259287409835495,0.001259287409835495,1.1254648008481358,0.23710909524946314
2004-12-22,0.000704508885822049,0,0.0005,-0.0005,0.000704508885822049,1.1249022091073677,0.23727619957030344
2004-12-23,-0.0042345175942903315,0,0.0,-0.0,-0.0042345175942903315,1.1249022091073677,0.23627357364526164
2004-12-27,0.009552611605192727,0,0.0,0.0,0.009552611605192727,1.1249022091073677,0.23854141799952278
2004-12-28,0.001250156432355198,1,0.0005,0.000750156432355198,0.001250156432355198,1.1257463783251975,0.23883981857245187
2004-12-29,-0.0007499062968603498,0,0.0005,-0.0005,-0.0007499062968603498,1.1251836458308822,0.23866077822869441
2004-12-30,-0.0018772297609648938,0,0.0,-0.0,-0.0018772297609648938,1.1251836458308822,0.23821317736930075
2004-12-31,-0.010476837966849027,0,0.0,-0.0,-0.010476837966849027,1.1251836458308822,0.23573048460253068
2005-01-03,-0.01837070531640742,1,0.0005,-0.01887070531640742,-0.01837070531640742,1.1041497234828155,0.23143948436381018
2005-01-04,-0.006207986828285439,1,0.0,-0.006207986828285439,-0.006207986828285439,1.0973164090517717,0.2300071616137505
2005-01-05,-0.0050203650907232195,1,0.0,-0.0050203650907232195,-0.0050203650907232195,1.0918212853634741,0.2288553354022442
2005-01-06,0.0052798021138413505,1,0.0,0.0052798021138413505,0.0052798021138413505,1.0976011304863986,0.23006684172833633
2005-01-07,-0.0005189413712721646,1,0.0,-0.0005189413712721646,-0.0005189413712721646,1.097031687617145,0.22994748149916475
2005-01-10,-0.007058331925193835,0,0.0005,-0.0005,-0.007058331925193835,1.0964833088794455,0.22833015039388901
2005-01-11,0.008355180764710592,1,0.0005,0.007855180764710592,0.008355180764710592,1.1051303008560154,0.23024588207209384
2005-01-12,-0.01330743708317694,1,0.0,-0.01330743708317694,-0.01330743708317694,1.090521268885135,0.22720219622821705
2005-01-13,0.009411834182346597,1,0.0,0.009411834182346597,0.009411834182346597,1.100833526746933,0.22935068035330658
2005-01-14,0.0075178578316237804,1,0.0,0.0075178578316237804,0.0075178578316237804,1.1091406233578258,0.23108140367629537
2005-01-18,-0.01666705248521176,0,0.0005,-0.0005,-0.01666705248521176,1.1085861916656206,0.22726187634280287
2005-01-19,-0.01935629834433818,0,0.0,-0.0,-0.01935629834433818,1.1085861916656206,0.222905227978038
2005-01-20,-0.008064559836730519,1,0.0005,-0.00856455983673052,-0.008064559836730519,1.09913218140013,0.22111482454046336
2005-01-21,-0.014134510934904693,1,0.0,-0.014134510934904693,-0.014134510934904693,1.0837057648190755,0.21801145858200074
2005-01-24,0.004915356701551691,1,0.0,0.004915356701551691,0.004915356701551691,1.089045678250979,0.21908570064454547
2005-01-25,0.01191457365502526,0,0.0005,-0.0005,0.01191457365502526,1.0885012915198775,0.22171162568632155
2005-01-26,-0.0013468015503786276,0,0.0,-0.0,-0.0013468015503786276,1.0885012915198775,0.22141322511339248
2005-01-27,-0.004863559978737999,0,0.0,-0.0,-0.004863559978737999,1.0885012915198775,0.2203389830508477
2005-01-28,0.012917294785834706,0,0.0,0.0,0.012917294785834706,1.0885012915198775,0.22320362855096704
2005-01-31,0.003203419717537865,0,0.0,0.0,0.003203419717537865,1.0885012915198775,0.22391978992599693
2005-02-01,0.0015978698472952333,0,0.0,0.0,0.0015978698472952333,1.0885012915198775,0.2242778706135118
2005-02-02,-0.011400557016106679,0,0.0,-0.0,-0.011400557016106679,1.0885012915198775,0.22173549773215592
2005-02-03,0.015914038725821186,0,0.0,0.0,0.015914038725821186,1.0885012915198775,0.22529243256147077
2005-02-04,-0.0020152743350063756,0,0.0,-0.0,-0.0020152743350063756,1.0885012915198775,0.22483886369061853
2005-02-07,0.0017503385803768368,0,0.0,0.0,0.0017503385803768368,1.0885012915198775,0.22523275244688493
2005-02-08,-0.016834064867898027,0,0.0,-0.0,-0.016834064867898027,1.0885012915198775,0.22147290522797827
2005-02-09,0.0010772960912619049,0,0.0,0.0,0.0010772960912619049,1.0885012915198775,0.22171162568632155
2005-02-10,0.014696323290197042,1,0.0005,0.014196323290197042,0.014696323290197042,1.1040642145265613,0.22499403198854168
2005-02-11,0.004472740984869029,0,0.0005,-0.0005,0.004472740984869029,1.1035123204043265,0.226002625925042
2005-02-14,0.006606243347167121,0,0.0,0.0,0.006606243347167121,1.1035123204043265,0.22750059680114612
2005-02-15,-0.0036793734018615997,0,0.0,-0.0,-0.0036793734018615997,1.1035123204043265,0.22666507519694462
2005-02-16,-0.013519092578543718,0,0.0,-0.0,-0.013519092578543718,1.1035123204043265,0.2236213893530678
2005-02-17,-0.00320770122676962,1,0.0005,-0.00370770122676962,-0.00320770122676962,1.0994284020731953,0.22290522797803797
2005-02-18,-0.012392399970242047,0,0.0005,-0.0005,-0.012392399970242047,1.098878825277807,0.22015994270709024
2005-02-22,0.001354463162509549,1,0.0005,0.000854463162509549,0.001354463162509549,1.099818178018073,0.22045834328001931
2005-02-23,0.012643073588960935,1,0.0,0.012643073588960935,0.012643073588960935,1.1138115332879295,0.22326330866555286
2005-02-24,0.005597775512829678,0,0.0005,-0.0005,0.005597775512829678,1.1132547667245256,0.2245165910718551
2005-02-25,-0.010689572658779598,0,0.0,-0.0,-0.010689572658779598,1.1132547667245256,0.2221293864884223
2005-02-28,0.010955353391241329,0,0.0,0.0,0.010955353391241329,1.1132547667245256,0.22457627118644097
2005-03-01,-0.0005316321231009896,0,0.0,-0.0,-0.0005316321231009896,1.1132547667245256,0.22445691095726927
2005-03-02,-0.008276645832475208,1,0.0005,-0.008776645832475208,-0.008276645832475208,1.1035268754881882,0.22260682740510884
2005-03-03,0.00588079748825416,0,0.0005,-0.0005,0.00588079748825416,1.1029752499683163,0.22391978992599693
2005-03-04,0.01428973772997951,0,0.0,0.0,0.01428973772997951,1.1029752499683163,0.2271425161136312
2005-03-07,-0.010034412159841195,0,0.0,-0.0,-0.010034412159841195,1.1029752499683163,0.22487467175937
2005-03-08,-0.0029235901222848075,0,0.0,-0.0,-0.0029235901222848075,1.1029752499683163,0.224218190498926
2005-03-09,-0.0013317354478535727,0,0.0,-0.0,-0.0013317354478535727,1.1029752499683163,0.22391978992599693
2005-03-10,-0.00937213982886321,1,0.0005,-0.009872139828863211,-0.00937213982886321,1.0921400951531555,0.2218309859154932
2005-03-11,0.004563153804415832,1,0.0,0.004563153804415832,0.004563153804415832,1.0971350861721503,0.22284554786345212
2005-03-14,-0.008066728335597993,0,0.0005,-0.0005,-0.008066728335597993,1.0965866557480959,0.2210551444258775
2005-03-15,-0.011540417264945459,1,0.0005,-0.012040417264945459,-0.011540417264945459,1.0834624637721408,0.2185187395559802
2005-03-16,0.002591204995709753,1,0.0,0.002591204995709753,0.002591204995709753,1.086273577634174,0.21908570064454547
2005-03-17,-0.005463001841197465,1,0.0,-0.005463001841197465,-0.005463001841197465,1.080355443187788,0.21789209835282905
2005-03-18,0.001915447295174259,1,0.0,0.001915447295174259,0.001915447295174259,1.0824267902440232,0.21830985915492984
2005-03-21,-0.012378097803170651,0,0.0005,-0.0005,-0.012378097803170651,1.0818857121297023,0.21562425399856797
2005-03-22,0.003591660167156024,1,0.0005,0.003091660167156024,0.003591660167156024,1.0852357109518933,0.2164000954881836
2005-03-23,0.00027574796810623804,1,0.0,0.00027574796810623804,0.00027574796810623804,1.0855350037568996,0.21645977560276944
2005-03-24,0.001928109673214037,0,0.0005,-0.0005,0.001928109673214037,1.084992371924284,0.21687753640487015
2005-03-28,-0.008012199237067164,0,0.0,-0.0,-0.008012199237067164,1.084992371924284,0.21514681308188133
2005-03-29,0.018686996100617765,0,0.0,0.0,0.018686996100617765,1.084992371924284,0.21920506087371708
2005-03-30,-0.004365627670286013,0,0.0,-0.0,-0.004365627670286013,1.084992371924284,0.218250179040344
2005-03-31,-0.010169113329564387,0,0.0,-0.0,-0.010169113329564387,1.084992371924284,0.21604201480066865
2005-04-01,0.007156650418791622,1,0.0005,0.006656650418791621,0.007156650418791622,1.092238878824528,0.21759369777989998
2005-04-04,0.0027389773354322177,0,0.0005,-0.0005,0.0027389773354322177,1.0916928958922234,0.21819049892575818
2005-04-05,-0.0016424859975035261,0,0.0,-0.0,-0.0016424859975035261,1.0916928958922234,0.21783241823824323
2005-04-06,0.011982714182647946,0,0.0,0.0,0.011982714182647946,1.0916928958922234,0.2204583432800193
2005-04-07,-0.008154434965164298,0,0.0,-0.0,-0.008154434965164298,1.0916928958922234,0.21866793984244468
2005-04-08,-0.004376374599799,0,0.0,-0.0,-0.004376374599799,1.0916928958922234,0.21771305800907156
2005-04-11,0.004922077205428235,0,0.0,0.0,0.004922077205428235,1.0916928958922234,0.2187873000716163
2005-04-12,-0.016502024636387534,1,0.0005,-0.017002024636387534,-0.016502024636387534,1.0732888031354704,0.21520649319646712
2005-04-13,-0.014244061525921429,1,0.0,-0.014244061525921429,-0.014244061525921429,1.0581091777999438,0.21216280735259027
2005-04-14,-0.023048395436290905,1,0.0,-0.023048395436290905,-0.023048395436290905,1.0340003610905781,0.20732871807113884
2005-04-15,0.0002878111978421647,1,0.0,0.0002878111978421647,0.0002878111978421647,1.0342980008030394,0.20738839818572466
2005-04-18,0.006882734368795583,1,0.0,0.006882734368795583,0.006882734368795583,1.0414413539021106,0.20882072093578435
2005-04-19,-0.00820735229507814,0,0.0005,-0.0005,-0.00820735229507814,1.0409207633836348,0.2071138696586299
2005-04-20,0.027342899945802853,1,0.0005,0.026842899945802853,0.027342899945802853,1.0692404865945984,0.21285509668178573
2005-04-21,-0.01628166443519754,0,0.0005,-0.0005,-0.01628166443519754,1.0687059999840887,0.20941752208164255
2005-04-22,0.008089166368277926,0,0.0,0.0,0.008089166368277926,1.0687059999840887,0.21111840534733842
2005-04-25,-0.009229742482802642,0,0.0,-0.0,-0.009229742482802642,1.0687059999840887,0.20917880162329924
2005-04-26,0.0014255169912211687,0,0.0,0.0,0.0014255169912211687,1.0687059999840887,0.20947720219622837
2005-04-27,-0.01002155846101899,0,0.0,-0.0,-0.01002155846101899,1.0687059999840887,0.20738839818572466
2005-04-28,0.006596897579654823,0,0.0,0.0,0.006596897579654823,1.0687059999840887,0.2087610408211985
2005-04-29,0.003994299176459858,0,0.0,0.0,0.003994299176459858,1.0687059999840887,0.20959656242539998
2005-05-02,0.005112195172335141,0,0.0,0.0,0.005112195172335141,1.0687059999840887,0.21067080448794476
2005-05-03,0.012051731158551106,0,0.0,0.0,0.012051731158551106,1.0687059999840887,0.21322511339221786
2005-05-04,0.0008952552075112085,0,0.0,0.0,0.0008952552075112085,1.0687059999840887,0.21341608975889248
2005-05-05,0.002708855699475906,0,0.0,0.0,0.002708855699475906,1.0687059999840887,0.21399498687037494
2005-05-06,0.004813118755212824,0,0.0,0.0,0.004813118755212824,1.0687059999840887,0.21502745285270963
2005-05-09,-0.007354203294157413,0,0.0,-0.0,-0.007354203294157413,1.0687059999840887,0.21345189782764398
2005-05-10,0.005131362701211242,0,0.0,0.0,0.005131362701211242,1.0687059999840887,0.2145500119360231
2005-05-11,-0.0027855171214264235,1,0.0005,-0.0032855171214264236,-0.0027855171214264235,1.0652005099505018,0.21395321079016488
2005-05-12,0.010819914129149276,0,0.0005,-0.0005,0.010819914129149276,1.0646680428234012,0.21628073525901187
2005-05-13,0.00671032714313341,1,0.0005,0.0062103271431334095,0.00671032714313341,1.0713005533813813,0.21773693005490588
2005-05-16,0.005902946742612576,0,0.0005,-0.0005,0.005902946742612576,1.070765036994944,0.2190260205299596
2005-05-17,0.013532006218576373,0,0.0,0.0,0.013532006218576373,1.070765036994944,0.22201002625925062
2005-05-18,0.008352120508184227,1,0.0005,0.007852120508184226,0.008352120508184227,1.079205909104866,0.22387204583432818
2005-05-19,0.0039376414417210265,0,0.0005,-0.0005,0.0039376414417210265,1.0786664410285716,0.2247553115301983
2005-05-20,0.005032456654451454,0,0.0,0.0,0.005032456654451454,1.0786664410285716,0.22588923370732888
2005-05-23,0.003165394360253019,1,0.0005,0.002665394360253019,0.003165394360253019,1.0815453474832064,0.22660539508235866
2005-05-24,-0.004222756340869353,1,0.0,-0.004222756340869353,-0.004222756340869353,1.0769878743307886,0.22565051324898555
2005-05-25,0.010000083334583179,1,0.0,0.010000083334583179,0.010000083334583179,1.087811873067781,0.2279183576032467
2005-05-26,0.0005235602213838304,1,0.0,0.0005235602213838304,0.0005235602213838304,1.0883815572118334,0.22803771783241836
2005-05-27,-0.0034080515356440357,0,0.0005,-0.0005,-0.0034080515356440357,1.0878375024582505,0.22726187634280268
2005-05-31,0.008107799089541855,1,0.0005,0.007607799089541855,0.008107799089541855,1.0961451128650954,0.22911195989496314
2005-06-01,0.007008464767478465,1,0.0,0.007008464767478465,0.007008464767478465,1.103854390814394,0.23072332298878026
2005-06-02,-0.014591191647529466,1,0.0,-0.014591191647529466,-0.014591191647529466,1.0878647772899228,0.22738123657197437
2005-06-03,0.0002624327531134626,1,0.0,0.0002624327531134626,0.0002624327531134626,1.0881503061028597,0.2274409166865602
2005-06-06,-0.008432197524371302,1,0.0,-0.008432197524371302,-0.008432197524371302,1.079013384088876,0.22553115301981394
2005-06-07,-0.0021192060911318007,1,0.0,-0.0021192060911318007,-0.0021192060911318007,1.0767291535853802,0.2250537121031274
2005-06-08,0.006344192571373319,1,0.0,0.006344192571373319,0.006344192571373319,1.083581845095868,0.22648603485318713
2005-06-09,-0.010676022298515192,1,0.0,-0.010676022298515192,-0.010676022298515192,1.0720750339345073,0.22408092623537856
2005-06-10,0.004862052433095268,1,0.0,0.004862052433095268,0.004862052433095268,1.0773002112112542,0.2251730723322991
2005-06-13,-0.003983539990899777,1,0.0,-0.003983539990899777,-0.003983539990899777,1.0730172790171995,0.2242778706135118
2005-06-14,0.0031881004686458952,1,0.0,0.0031881004686458952,0.0031881004686458952,1.0764436247724434,0.22499403198854165
2005-06-15,0.005291017634415459,1,0.0,0.005291017634415459,0.005291017634415459,1.082154201031183,0.226187634280258
2005-06-16,-0.000791870174677183,1,0.0,-0.000791870174677183,-0.000791870174677183,1.081297614592372,0.22600859393650055
2005-06-17,0.0,1,0.0,0.0,0.0,1.081297614592372,0.22600859393650055
2005-06-20,-0.0005282620302455872,0,0.0005,-0.0005,-0.0005282620302455872,1.0807571009247534,0.2258892337073289
2005-06-21,-0.0010573619806162435,1,0.0005,-0.0015573619806162435,-0.0010573619806162435,1.0790752808467365,0.22565051324898566
2005-06-22,-0.011170328913819144,1,0.0,-0.011170328913819144,-0.011170328913819144,1.0670887265501054,0.22314394843638122
2005-06-23,-0.011296516040481859,1,0.0,-0.011296516040481859,-0.011296516040481859,1.055102172253474,0.22063738362377674
2005-06-24,-0.004608927773655297,1,0.0,-0.004608927773655297,-0.004608927773655297,1.0502504717048375,0.2196228216758178
2005-06-27,0.009465925988883052,1,0.0,0.009465925988883052,0.009465925988883052,1.0602392669520304,0.2217116256863215
2005-06-28,-0.002209707439323173,0,0.0005,-0.0005,-0.002209707439323173,1.0597092798263772,0.22122224874671775
2005-06-29,-0.007799844548269847,0,0.0,-0.0,-0.007799844548269847,1.0597092798263772,0.21950346144664615
2005-06-30,-0.001496497116234,1,0.0005,-0.0019964971162339997,-0.001496497116234,1.0575956839013083,0.21917522081642418
2005-07-01,0.010428753012565163,0,0.0005,-0.0005,0.010428753012565163,1.0570670182367876,0.22147290522797822
2005-07-05,-0.004862246208034414,0,0.0,-0.0,-0.004862246208034414,1.0570670182367876,0.22039866316543347
2005-07-06,0.0035139919927418867,0,0.0,0.0,0.0035139919927418867,1.0570670182367876,0.22117450465504912
2005-07-07,0.01897691586715184,1,0.0005,0.01847691586715184,0.01897691586715184,1.0767799125205086,0.22541179279064233
2005-07-08,0.009223942061635832,0,0.0005,-0.0005,0.009223942061635832,1.0762416571393074,0.227500596801146
2005-07-11,0.004710817400598905,0,0.0,0.0,0.004710817400598905,1.0762416571393074,0.2285748388636908
2005-07-12,0.0023471128261061446,0,0.0,0.0,0.0023471128261061446,1.0762416571393074,0.2291119598949632
2005-07-13,0.00984974267013138,0,0.0,0.0,0.00984974267013138,1.0762416571393074,0.23137980424922436
2005-07-14,0.0030903964848181366,1,0.0005,0.0025903964848181366,0.0030903964848181366,1.0790331637382635,0.23209596562425416
2005-07-15,-0.004045198306964703,0,0.0005,-0.0005,-0.004045198306964703,1.0784937820130627,0.2311589878252568
2005-07-18,0.01147446265570354,0,0.0,0.0,0.01147446265570354,1.0784937820130627,0.23382668894724296
2005-07-19,0.007121088078074555,0,0.0,0.0,0.007121088078074555,1.0784937820130627,0.23549773215564593
2005-07-20,0.0002533890802863222,1,0.0005,-0.0002466109197136778,0.0002533890802863222,1.0782278464622281,0.2355574122702317
2005-07-21,-0.0012675879501815408,1,0.0,-0.0012675879501815408,-0.0012675879501815408,1.0768619637076524,0.2352590116973026
2005-07-22,-0.0038124331346558083,1,0.0,-0.0038124331346558083,-0.0038124331346558083,1.0727643154439248,0.2343638099785153
2005-07-25,0.003812433134655939,1,0.0,0.003812433134655939,0.003812433134655939,1.0768619637076524,0.2352590116973026
2005-07-26,0.007581537452397533,1,0.0,0.007581537452397533,0.007581537452397533,1.0850572602351078,0.23704941513487715
2005-07-27,0.004772079883670593,1,0.0,0.004772079883670593,0.004772079883670593,1.0902476147024962,0.23818333731200772
2005-07-28,-0.008429313293566474,1,0.0,-0.008429313293566474,-0.008429313293566474,1.0810962002468378,0.2361840534733828
2005-07-29,0.0018933423137809581,1,0.0,0.0018933423137809581,0.0018933423137809581,1.0831450243787015,0.23663165433277641
2005-08-01,0.010786508695752319,1,0.0,0.010786508695752319,0.010786508695752319,1.0948916160680544,0.23919789925996668
2005-08-02,-0.0004991265389370107,1,0.0,-0.0004991265389370107,-0.0004991265389370107,1.094345262966224,0.2390785390307951
2005-08-03,-0.009707474673624707,1,0.0,-0.009707474673624707,-0.009707474673624707,1.0837733304458066,0.23676891859632385
2005-08-04,-0.00487664099876682,1,0.0,-0.00487664099876682,-0.00487664099876682,1.0785010230131433,0.23561709238481748
2005-08-05,-0.007372602353740685,1,0.0,-0.007372602353740685,-0.007372602353740685,1.070578903036603,0.23388636906182875
2005-08-08,0.006612435080343344,1,0.0,0.006612435080343344,0.006612435080343344,1.077681493360398,0.2354380520410601
2005-08-09,-0.008655858524460557,1,0.0,-0.008655858524460557,-0.008655858524460557,1.0683934906292818,0.23340892814514222
2005-08-10,0.008199480635653884,1,0.0,0.008199480635653884,0.008199480635653884,1.0771897755687505,0.2353306278348056
2005-08-11,-0.005645853098836435,1,0.0,-0.005645853098836435,-0.005645853098836435,1.0711252561384335,0.2340057292910004
2005-08-12,0.006000831677071276,1,0.0,0.006000831677071276,0.006000831677071276,1.0775722227400317,0.2354141799952257
2005-08-15,-0.01625470260049666,1,0.0,-0.01625470260049666,-0.01625470260049666,1.0601981941018261,0.23161852470756758
2005-08-16,0.005908816164076736,1,0.0,0.005908816164076736,0.005908816164076736,1.0664812547728753,0.23299116734304143
2005-08-17,-0.005058881145814109,1,0.0,-0.005058881145814109,-0.005058881145814109,1.0610996767198462,0.23181546908570083
2005-08-18,-0.0005923026582133603,1,0.0,-0.0005923026582133603,-0.0005923026582133603,1.0604713706527413,0.23167820482215343
2005-08-19,0.0005150656822600646,0,0.0005,-0.0005,0.0005150656822600646,1.0599412675042459,0.2317975650513251
2005-08-22,-0.0028361498964635493,1,0.0005,-0.0033361498964635493,-0.0028361498964635493,1.0564110365185309,0.23114108379088105
2005-08-23,-0.005956252232922183,0,0.0005,-0.0005,-0.005956252232922183,1.0558829630296453,0.2297684411554072
2005-08-24,0.00228310601456855,1,0.0005,0.00178310601456855,0.00228310601456855,1.0577673938623895,0.2302936261637624
2005-08-25,-0.0033252072550580595,0,0.0005,-0.0005,-0.0033252072550580595,1.0572386423643485,0.229529123895918
2005-08-26,0.007772646969316267,0,0.0,0.0,0.007772646969316267,1.0572386423643485,0.23132012413463848
2005-08-29,-0.003618510022197104,0,0.0,-0.0,-0.003618510022197104,1.0572386423643485,0.230484602530437
2005-08-30,0.00927841707904634,0,0.0,0.0,0.00927841707904634,1.0572386423643485,0.2326330866555265
2005-08-31,-0.0015404367616102758,1,0.0005,-0.002040436761610276,-0.0015404367616102758,1.055083613120803,0.23227500596801162
2005-09-01,-0.003861505634966546,0,0.0005,-0.0005,-0.003861505634966546,1.054556203177716,0.23137980424922436
2005-09-02,0.01459506127807531,0,0.0,0.0,0.01459506127807531,1.054556203177716,0.23478157078061612
2005-09-06,0.0017524036535771672,0,0.0,0.0,0.0017524036535771672,1.054556203177716,0.23519336357125825
2005-09-07,-0.00022840031060217822,0,0.0,-0.0,-0.00022840031060217822,1.054556203177716,0.23513965146813104
2005-09-08,0.00554298487009835,0,0.0,0.0,0.00554298487009835,1.054556203177716,0.23644664597756052
2005-09-09,0.0027977686525210346,1,0.0005,0.0022977686525210345,0.0027977686525210346,1.0569821153888668,0.2371090952494631
2005-09-12,-0.0025201626241638177,0,0.0005,-0.0005,-0.0025201626241638177,1.056453756431919,0.23651229410360494
2005-09-13,-0.011419994685949052,1,0.0005,-0.011919994685949052,-0.011419994685949052,1.0439355897308638,0.233826688947243
2005-09-14,-0.0005105948540851376,1,0.0,-0.0005105948540851376,-0.0005105948540851376,1.043402697648306,0.23370732871807137
2005-09-15,0.006109998641578474,1,0.0,0.006109998641578474,0.006109998641578474,1.0497974026390002,0.23513965146813104
2005-09-16,-0.00789913649902462,1,0.0,-0.00789913649902462,-0.00789913649902462,1.0415375753593534,0.23328956791597064
2005-09-19,-0.004101518182499219,1,0.0,-0.004101518182499219,-0.004101518182499219,1.0372744386988904,0.23233468608259747
2005-09-20,-0.01110692032862586,1,0.0,-0.01110692032862586,-0.01110692032862586,1.025817258923896,0.2297684411554072
2005-09-21,0.003629768050578731,1,0.0,0.003629768050578731,0.003629768050578731,1.0295475035018011,0.2306039627596087
2005-09-22,0.0028427464550387824,1,0.0,0.0028427464550387824,0.0028427464550387824,1.0324784099558695,0.23126044402005272
2005-09-23,0.0002580312232094237,0,0.0005,-0.0005,0.0002580312232094237,1.0319622997891855,0.2313201241346385
2005-09-26,-0.002324681403359687,0,0.0,-0.0,-0.002324681403359687,1.0319622997891855,0.23078300310336616
2005-09-27,0.0002585649658877715,0,0.0,0.0,0.0002585649658877715,1.0319622997891855,0.23084268321795193
2005-09-28,0.013354076211323295,0,0.0,0.0,0.013354076211323295,1.0319622997891855,0.2339460491764146
2005-09-29,0.006610753798052347,1,0.0005,0.0061107537980523464,0.006610753798052347,1.0382876740513318,0.23549773215564593
2005-09-30,0.0025310061600420626,0,0.0005,-0.0005,0.0025310061600420626,1.037768659978637,0.23609453330150412
2005-10-03,-0.006593987879295908,0,0.0,-0.0,-0.006593987879295908,1.037768659978637,0.23454285032227276
2005-10-04,-0.013835731852650024,1,0.0005,-0.014335731852650024,-0.013835731852650024,1.0229976165723373,0.23132012413463848
2005-10-05,-0.013245226750020567,1,0.0,-0.013245226750020567,-0.013245226750020567,1.009537121617438,0.2282764382907617
2005-10-06,0.002350177344953673,1,0.0,0.002350177344953673,0.002350177344953673,1.0119125030800675,0.2288135593220341
2005-10-07,-0.005492363748026032,1,0.0,-0.005492363748026032,-0.005492363748026032,1.0063699463339326,0.22756027691573188
2005-10-10,-0.004995409362604358,0,0.0005,-0.0005,-0.004995409362604358,1.0058668871360454,0.2264263547386013
2005-10-11,-0.0120117582999493,1,0.0005,-0.012511758299949301,-0.0120117582999493,0.9933601276924339,0.22372284554786365
2005-10-12,0.007785655866444664,1,0.0,0.007785655866444664,0.007785655866444664,1.0011242730605316,0.22547147290522815
2005-10-13,0.0073839997946398925,1,0.0,0.0073839997946398925,0.0073839997946398925,1.0085439341631506,0.22714251611363112
2005-10-14,0.003147956429597971,1,0.0,0.003147956429597971,0.003147956429597971,1.011723788921416,0.22785867748866093
2005-10-17,-0.00709688876935814,0,0.0005,-0.0005,-0.00709688876935814,1.0112180534713537,0.22624731439484377
2005-10-18,0.019849176090962335,0,0.0,0.0,0.019849176090962335,1.0112180534713537,0.2307830031033661
2005-10-19,-0.009457563738736435,1,0.0005,-0.009957563738736436,-0.009457563738736435,1.001198751953801,0.22861064693244224
2005-10-20,0.006349558128869113,0,0.0005,-0.0005,0.006349558128869113,1.0006982777068125,0.23006684172833622
2005-10-21,0.015699717652971082,0,0.0,0.0,0.015699717652971082,1.0006982777068125,0.23370732871807126
2005-10-24,-0.003837794143744475,0,0.0,-0.0,-0.003837794143744475,1.0006982777068125,0.23281212699928397
2005-10-25,-0.005140078137750139,0,0.0,-0.0,-0.005140078137750139,1.0006982777068125,0.23161852470756758
2005-10-26,-0.020302623440646646,0,0.0,-0.0,-0.020302623440646646,1.0006982777068125,0.2269634757698736
2005-10-27,0.0076488218673388345,1,0.0005,0.007148821867338834,0.0076488218673388345,1.0078777231495508,0.22870613511577953
2005-10-28,0.014198601056624537,0,0.0005,-0.0005,0.014198601056624537,1.0073739102516968,0.23197660539508244
2005-10-31,-0.000772101441007487,0,0.0,-0.0,-0.000772101441007487,1.0073739102516968,0.231797565051325
2005-11-01,0.012969089652127093,0,0.0,0.0,0.012969089652127093,1.0073739102516968,0.23482334686082607
2005-11-02,0.014958594912417739,0,0.0,0.0,0.014958594912417739,1.0073739102516968,0.23836237765576518
2005-11-03,0.003499128788940161,0,0.0,0.0,0.003499128788940161,1.0073739102516968,0.23919789925996662
2005-11-04,0.0012467275022160587,0,0.0,0.0,0.0012467275022160587,1.0073739102516968,0.23949629983289575
2005-11-07,0.0002491590893666539,0,0.0,0.0,0.0002491590893666539,1.0073739102516968,0.23955597994748157
2005-11-08,0.00047323130685521215,0,0.0,0.0,0.00047323130685521215,1.0073739102516968,0.23966937216519463
2005-11-09,0.010921491932639674,0,0.0,0.0,0.010921491932639674,1.0073739102516968,0.2423012652184293
2005-11-10,0.0027056959072005206,0,0.0,0.0,0.0027056959072005206,1.0073739102516968,0.2429577464788733
2005-11-11,9.825112996691994e-05,0,0.0,0.0,9.825112996691994e-05,1.0073739102516968,0.24298161852470762
2005-11-14,-0.004776334264371706,0,0.0,-0.0,-0.004776334264371706,1.0073739102516968,0.2418238243017428
2005-11-15,0.006101780569215385,1,0.0005,0.0056017805692153855,0.006101780569215385,1.013032833071978,0.2433038911434711
2005-11-16,0.013134517180646982,1,0.0,0.013134517180646982,0.013134517180646982,1.0264262960092279,0.24652064931964682
2005-11-17,0.003455904450959075,1,0.0,0.003455904450959075,0.003455904450959075,1.0299796637272738,0.24737407495822406
2005-11-18,0.002385572041840458,1,0.0,0.002385572041840458,0.002385572041840458,1.0324396875320747,0.24796490809262361
2005-11-21,0.0036276751816111566,1,0.0,0.0036276751816111566,0.0036276751816111566,1.0361918450525287,0.24886607782286949
2005-11-22,0.0023952107259546285,1,0.0,0.0023952107259546285,0.0023952107259546285,1.0386767175826304,0.24946287896872762
2005-11-23,0.002150795428232891,1,0.0,0.002150795428232891,0.002150795428232891,1.0409131028597223,0.25
2005-11-25,-0.008390316510977292,1,0.0,-0.008390316510977292,-0.008390316510977292,1.0322160490043653,0.2479111959894963
2005-11-28,-0.004753697886848604,1,0.0,-0.004753697886848604,-0.004753697886848604,1.0273208501200644,0.2467354977321557
2005-11-29,-0.002494461412358396,1,0.0,-0.002494461412358396,-0.002494461412358396,1.0247614314140594,0.24612079255192174
2005-11-30,0.018427611913929845,1,0.0,0.018427611913929845,0.018427611913929845,1.0438204037199414,0.25069825734065415
2005-12-01,0.0023777265880398266,1,0.0,0.0023777265880398266,0.0023777265880398266,1.0463052762500433,0.25129505848651235
2005-12-02,-0.00731765812001835,1,0.0,-0.00731765812001835,-0.00731765812001835,1.0386767175826304,0.24946287896872768
2005-12-05,0.0032483070503398835,1,0.0,0.0032483070503398835,0.0032483070503398835,1.042056144223569,0.25027452852709486
2005-12-06,-0.0018139295631968326,1,0.0,-0.0018139295631968326,-0.0018139295631968326,1.0401676411006915,0.2498209596562426
2005-12-07,-0.007168489478612516,1,0.0,-0.007168489478612516,-0.007168489478612516,1.0327378722356866,0.24803652423012656
2005-12-08,0.0036985488147967278,1,0.0,0.0036985488147967278,0.0036985488147967278,1.0365645759320437,0.24895559799474817
2005-12-09,0.003637150763695361,1,0.0,0.003637150763695361,0.003637150763695361,1.0403415821777986,0.24986273573645265
2005-12-12,0.004242546167128016,1,0.0,0.004242546167128016,0.004242546167128016,1.04476465528138,0.25092504177608027
2005-12-13,-0.0034785129900237904,1,0.0,-0.0034785129900237904,-0.0034785129900237904,1.0411367413874313,0.25005371210312727
2005-12-14,0.0016931170506618164,1,0.0,0.0016931170506618164,0.0016931170506618164,1.0429010008838036,0.2504774409166865
2005-12-15,-0.00933579491563264,1,0.0,-0.00933579491563264,-0.00933579491563264,1.0332099980164058,0.2481499164478395
2005-12-16,-0.016000341346441075,1,0.0,-0.016000341346441075,-0.016000341346441075,1.0168098393177327,0.2442110288851754
2005-12-19,0.0007328692156526977,1,0.0,0.0007328692156526977,0.0007328692156526977,1.0175553010767633,0.24439006922893286
2005-12-20,0.004385971943254268,1,0.0,0.004385971943254268,0.004385971943254268,1.0220280716309469,0.2454643112914776
2005-12-21,0.006470632195194361,1,0.0,0.006470632195194361,0.006470632195194361,1.028662681286319,0.247057770350919
2005-12-22,0.00014492753648562992,0,0.0005,-0.0005,0.00014492753648562992,1.0281484785070834,0.2470935784196705
2005-12-23,-0.008854875242456869,0,0.0,-0.0,-0.008854875242456869,1.0281484785070834,0.24491525423728805
2005-12-27,-0.0011703322153095378,0,0.0,-0.0,-0.0011703322153095378,1.0281484785070834,0.2446287896872761
2005-12-28,-0.006608762273978993,0,0.0,-0.0,-0.006608762273978993,1.0281484785070834,0.24301742659345896
2005-12-29,-0.007592601676781463,0,0.0,-0.0,-0.007592601676781463,1.0281484785070834,0.24117927906421568
2005-12-30,0.02197783084318733,1,0.0005,0.02147783084318733,0.02197783084318733,1.0504697255399638,0.2465385533540223
2006-01-03,0.010355300240381622,1,0.0,0.010355300240381622,0.010355300240381622,1.0614041719689686,0.24910479828121257
2006-01-04,0.004303138363732109,0,0.0005,-0.0005,0.004303138363732109,1.0608736025363958,0.2501790403437574
2006-01-05,0.017967386420765938,0,0.0,0.0,0.017967386420765938,1.0608736025363958,0.25471472905227965
2006-01-06,0.003972884885225854,0,0.0,0.0,0.003972884885225854,1.0608736025363958,0.2557286941990927
2006-01-09,0.000702205443767986,0,0.0,0.0,0.000702205443767986,1.0608736025363958,0.25590833134399604
2006-01-10,0.007666433181295222,1,0.0005,0.007166433181295222,0.007666433181295222,1.0685035895639814,0.2578777751253281
2006-01-11,-0.004871834250279354,1,0.0,-0.004871834250279354,-0.004871834250279354,1.0633106769555936,0.2566244927190259
2006-01-12,-0.00046522447919812197,1,0.0,-0.00046522447919812197,-0.00046522447919812197,1.0628161138500327,0.25650513248985424
2006-01-13,-0.0065359709797854215,0,0.0005,-0.0005,-0.0065359709797854215,1.0622848386229826,0.2548340892814513
2006-01-17,-0.011541760440171571,1,0.0005,-0.012041760440171571,-0.011541760440171571,1.0495697686347378,0.2519097636667461
2006-01-18,0.00731739367933975,1,0.0,0.00731739367933975,0.00731739367933975,1.0572780517021807,0.25375984721890654
2006-01-19,-0.030323440693057254,1,0.0,-0.030323440693057254,-0.030323440693057254,1.0256989565549144,0.2461804726665074
2006-01-20,0.00024239486241568598,1,0.0,0.00024239486241568598,0.00024239486241568598,1.0259476108474124,0.2462401527810932
2006-01-23,0.00435309030812185,1,0.0,0.00435309030812185,0.00435309030812185,1.0304233881123792,0.24731439484363799
2006-01-24,-0.004353090308121818,1,0.0,-0.004353090308121818,-0.004353090308121818,1.0259476108474124,0.2462401527810932
2006-01-25,0.007004013658351512,1,0.0,0.007004013658351512,0.007004013658351512,1.033158585329859,0.247970876104082
2006-01-26,0.013387720872379251,1,0.0,0.013387720872379251,0.013387720872379251,1.0470832257097562,0.2513129625208879
2006-01-27,0.001897983962410919,1,0.0,0.001897983962410919,0.001897983962410919,1.0490724600497414,0.2517904034375745
2006-01-30,-0.004513607852878892,0,0.0005,-0.0005,-0.004513607852878892,1.0485480549319213,0.25065648126044393
2006-01-31,0.0035650661644961446,0,0.0,0.0,0.0035650661644961446,1.0485480549319213,0.25155168297923125
2006-02-01,-0.01722942835855403,0,0.0,-0.0,-0.01722942835855403,1.0485480549319213,0.24725471472905217
2006-02-02,-0.012386315005884652,1,0.0005,-0.012886315005884653,-0.012386315005884652,1.0351228210726486,0.24421102888517535
2006-02-03,-0.0026917916657114146,1,0.0,-0.0026917916657114146,-0.0026917916657114146,1.0323402328439588,0.2435545476247313
2006-02-06,-0.004420439418078902,0,0.0005,-0.0005,-0.004420439418078902,1.0318241917485615,0.24248030556218655
2006-02-07,0.011501411502553524,0,0.0,0.0,0.011501411502553524,1.0318241917485615,0.24528527094772012
2006-02-08,-0.009534358987301457,0,0.0,-0.0,-0.009534358987301457,1.0318241917485615,0.24295774647887317
2006-02-09,0.006122218216364828,0,0.0,0.0,0.006122218216364828,1.0318241917485615,0.24444974934351868
2006-02-10,-0.011540950687182592,0,0.0,-0.0,-0.011540950687182592,1.0318241917485615,0.2416447839579851
2006-02-13,0.010075033004686299,0,0.0,0.0,0.010075033004686299,1.0318241917485615,0.24409166865600376
2006-02-14,0.006336847917092836,0,0.0,0.0,0.006336847917092836,1.0318241917485615,0.2456433516352351
2006-02-15,0.009189907482117479,0,0.0,0.0,0.009189907482117479,1.0318241917485615,0.2479111959894963
2006-02-16,-0.007975873097240242,0,0.0,-0.0,-0.007975873097240242,1.0318241917485615,0.24594175220816422
2006-02-17,-0.01122510566385424,0,0.0,-0.0,-0.01122510566385424,1.0318241917485615,0.24319646693721653
2006-02-21,0.012437667956234065,0,0.0,0.0,0.012437667956234065,1.0318241917485615,0.24624015278109337
2006-02-22,-0.002669580520026918,0,0.0,-0.0,-0.002669580520026918,1.0318241917485615,0.24558367152064933
2006-02-23,0.0026695805200269737,0,0.0,0.0,0.0026695805200269737,1.0318241917485615,0.24624015278109337
2006-02-24,0.011087122489466018,0,0.0,0.0,0.011087122489466018,1.0318241917485615,0.2489854380520411
2006-02-27,-0.014972508630382663,0,0.0,-0.0,-0.014972508630382663,1.0318241917485615,0.24528527094772026
2006-02-28,0.013533314330636821,1,0.0005,0.01303331433063682,0.013533314330636821,1.045360299334793,0.24862735736452615
2006-03-01,0.0007198560598797079,0,0.0005,-0.0005,0.0007198560598797079,1.0448377498333874,0.24880639770828367
2006-03-02,-0.005773410311401411,0,0.0,-0.0,-0.005773410311401411,1.0448377498333874,0.24737407495822406
2006-03-03,-0.008723098685985536,1,0.0005,-0.009223098685985536,-0.008723098685985536,1.035245411694503,0.2452255908331345
2006-03-06,-0.005857961589306579,1,0.0,-0.005857961589306579,-0.005857961589306579,1.0291987117965549,0.2437932680830748
2006-03-07,0.000489476270173897,1,0.0,0.000489476270173897,0.000489476270173897,1.029702603454717,0.24391262831224642
2006-03-08,-0.0086006181957032,1,0.0,-0.0086006181957032,-0.0086006181957032,1.0208844994368764,0.24182382430174273
2006-03-09,0.0009866799024451063,1,0.0,0.0009866799024451063,0.0009866799024451063,1.021892282753201,0.242062544760086
2006-03-10,0.0029542118974313827,1,0.0,0.0029542118974313827,0.0029542118974313827,1.024915632702175,0.24277870613511582
2006-03-13,0.016819409292960868,0,0.0005,-0.0005,0.016819409292960868,1.0244033029789283,0.24689663404153736
2006-03-14,0.008424649659251623,0,0.0,0.0,0.008424649659251623,1.0244033029789283,0.2489854380520411
2006-03-15,-0.008424649659251578,0,0.0,-0.0,-0.008424649659251578,1.0244033029789283,0.24689663404153742
2006-03-16,0.001931901107983873,0,0.0,0.0,0.001931901107983873,1.0244033029789283,0.247374074958224
2006-03-17,0.002409639720153108,0,0.0,0.0,0.002409639720153108,1.0244033029789283,0.24797087610408217
2006-03-20,-0.010646120391670046,0,0.0,-0.0,-0.010646120391670046,1.0244033029789283,0.2453449510623061
2006-03-21,0.002429544440938868,1,0.0005,0.001929544440938868,0.002429544440938868,1.0263818429039622,0.24594175220816428
2006-03-22,-0.002916162455407493,1,0.0,-0.002916162455407493,-0.002916162455407493,1.0233931066470228,0.24522559083313444
2006-03-23,0.00509771707166858,0,0.0005,-0.0005,0.00509771707166858,1.0228815379965195,0.24647887323943665
2006-03-24,0.0002421014416862998,0,0.0,0.0,0.0002421014416862998,1.0228815379965195,0.2465385533540225
2006-03-27,-0.004123717183862152,0,0.0,-0.0,-0.004123717183862152,1.0228815379965195,0.24552399140606354
2006-03-28,0.018782155787975627,1,0.0005,0.018282155787975627,0.018782155787975627,1.0417540066792355,0.25017904034375754
2006-03-29,0.0030963464061703394,1,0.0,0.0030963464061703394,0.0030963464061703394,1.0449846369480402,0.2509548818333732
2006-03-30,-0.0028578252362857614,1,0.0,-0.0028578252362857614,-0.0028578252362857614,1.0420025166999127,0.25023872045834333
2006-03-31,0.0011917532098156072,0,0.0005,-0.0005,0.0011917532098156072,1.0414816456701717,0.2505371210312724
2006-04-03,0.0054638454019204676,1,0.0005,0.004963845401920467,0.0054638454019204676,1.0466642517343467,0.2519097636667463
2006-04-04,0.00943180771741318,1,0.0,0.00943180771741318,0.00943180771741318,1.0565828895143452,0.25429696825017906
2006-04-05,0.002812282144112838,0,0.0005,-0.0005,0.002812282144112838,1.0560547301204397,0.25501312962520883
2006-04-06,-0.009641462105889505,0,0.0,-0.0,-0.009641462105889505,1.0560547301204397,0.25256624492719026
2006-04-07,-0.0014187753621333703,1,0.0005,-0.0019187753621333703,-0.0014187753621333703,1.05403034111819,0.25220816423967535
2006-04-10,-0.008077972175123791,0,0.0005,-0.0005,-0.008077972175123791,1.0535034576794673,0.2501790403437575
2006-04-11,0.00023852116988454572,1,0.0005,-0.0002614788301154543,0.00023852116988454572,1.0532280248393282,0.2502387204583433
2006-04-12,0.00404617950566459,1,0.0,0.00404617950566459,0.00404617950566459,1.0574982076254644,0.25125328240630224
2006-04-13,-0.010506304855509968,0,0.0005,-0.0005,-0.010506304855509968,1.0569695906868992,0.2486273573645261
2006-04-17,0.019021020442284247,1,0.0005,0.018521020442284247,0.019021020442284247,1.0767281556669877,0.25340176653139174
2006-04-18,0.004464817662577982,1,0.0,0.004464817662577982,0.004464817662577982,1.081546298615097,0.2545356887085223
2006-04-19,-0.0035231980073169053,0,0.0005,-0.0005,-0.0035231980073169053,1.0810056606365475,0.253640486989735
2006-04-20,-0.011834457647002796,1,0.0005,-0.012334457647002797,-0.011834457647002796,1.067753936522249,0.250656481260444
2006-04-21,-0.0009528347552718544,1,0.0,-0.0009528347552718544,-0.0009528347552718544,1.0667370280112756,0.2504177608021007
2006-04-24,-0.0021472034970444996,1,0.0,-0.0021472034970444996,-0.0021472034970444996,1.064448983861585,0.24988063977082833
2006-04-25,-0.00023886301319827564,1,0.0,-0.00023886301319827564,-0.00023886301319827564,1.0641947567338415,0.24982095965624254
2006-04-26,0.009510295170056866,0,0.0005,-0.0005,0.009510295170056866,1.0636627923576514,0.25220816423967535
2006-04-27,-0.009749215252426205,1,0.0005,-0.010249215252426206,-0.009749215252426205,1.0528167600472396,0.24976127954165678
2006-04-28,-0.009845198984256816,0,0.0005,-0.0005,-0.009845198984256816,1.05229048324738,0.24731439484363815
2006-05-01,0.0026509233502295874,1,0.0005,0.0021509233502295874,0.0026509233502295874,1.0545563153610544,0.24797087610408217
2006-05-02,-0.0014450869566805741,1,0.0,-0.0014450869566805741,-0.0014450869566805741,1.0530334903569232,0.24761279541656725
2006-05-03,0.008161351109330355,0,0.0005,-0.0005,0.008161351109330355,1.0525071052189954,0.2496419193124851
2006-05-04,0.007858118778999746,0,0.0,0.0,0.007858118778999746,1.0525071052189954,0.2516113630938171
2006-05-05,0.0009483168088594818,0,0.0,0.0,0.0009483168088594818,1.0525071052189954,0.2518500835521605
2006-05-08,-0.003798675033215784,0,0.0,-0.0,-0.003798675033215784,1.0525071052189954,0.2508952017187874
2006-05-09,-0.008840100574388188,0,0.0,-0.0,-0.008840100574388188,1.0525071052189954,0.24868703747911206
2006-05-10,-0.02257103463570231,1,0.0005,-0.02307103463570231,-0.02257103463570231,1.0285026459296327,0.24313678682263082
2006-05-11,-0.013592202337550083,1,0.0,-0.013592202337550083,-0.013592202337550083,1.014617607754343,0.2398543805204107
2006-05-12,-0.0007467330776360427,1,0.0,-0.0007467330776360427,-0.0007467330776360427,1.0138602420356908,0.23967534017665323
2006-05-15,-0.007498160598824977,1,0.0,-0.007498160598824977,-0.007498160598824977,1.0062865848491693,0.23788493673907868
2006-05-16,-0.013640019505682808,1,0.0,-0.013640019505682808,-0.013640019505682808,0.9926540019134306,0.23466221055144443
2006-05-17,-0.006890418993270924,1,0.0,-0.006890418993270924,-0.006890418993270924,0.985837710445561,0.23305084745762722
2006-05-18,0.007653098577717432,1,0.0,0.007653098577717432,0.007653098577717432,0.9934113676320828,0.2348412508952019
2006-05-19,-0.009703855512794467,1,0.0,-0.009703855512794467,-0.009703855512794467,0.9838180685291553,0.23257340654094072
2006-05-22,-0.009798943801090348,1,0.0,-0.009798943801090348,-0.009798943801090348,0.974224769426228,0.23030556218667958
2006-05-23,0.006714901264129112,1,0.0,0.006714901264129112,0.006714901264129112,0.9807886056545468,0.23185724516591094
2006-05-24,0.013041995370396157,1,0.0,0.013041995370396157,0.013041995370396157,0.9936638228716335,0.23490093100978773
2006-05-25,0.0032974031145054793,0,0.0005,-0.0005,0.0032974031145054793,0.9931671151474768,0.23567677249940341
2006-05-26,-0.021759465954240893,0,0.0,-0.0,-0.021759465954240893,0.9931671151474768,0.2306039627596087
2006-05-30,0.0046475683965468756,0,0.0,0.0,0.0046475683965468756,0.9931671151474768,0.23167820482215343
2006-05-31,0.023422659382806535,0,0.0,0.0,0.023422659382806535,0.9931671151474768,0.23716877536404887
2006-06-01,-0.002469074847867145,0,0.0,-0.0,-0.002469074847867145,0.9931671151474768,0.23658391024110786
2006-06-02,-0.021984512461297907,0,0.0,-0.0,-0.021984512461297907,0.9931671151474768,0.23143948436381018
2006-06-05,-0.0007738940151498033,0,0.0,-0.0,-0.0007738940151498033,0.9931671151474768,0.23126044402005272
2006-06-06,-0.007512015638722339,0,0.0,-0.0,-0.007512015638722339,0.9931671151474768,0.22952972069706395
2006-06-07,-0.0015612805669525758,0,0.0,-0.0,-0.0015612805669525758,0.9931671151474768,0.22917164000954904
2006-06-08,-0.0026075634070809417,1,0.0005,-0.0031075634070809417,-0.0026075634070809417,0.9900855758825126,0.2285748388636908
2006-06-09,-0.023779191766114063,0,0.0005,-0.0005,-0.023779191766114063,0.9895906568346441,0.22320362855096698
2006-06-12,-0.004018759594917744,1,0.0005,-0.004518759594917744,-0.004018759594917744,0.9851290226770207,0.2223084268321797
2006-06-13,0.010149659779777359,1,0.0,0.010149659779777359,0.010149659779777359,0.9951786610291622,0.22457627118644086
2006-06-14,0.026745170428085017,1,0.0,0.026745170428085017,0.026745170428085017,1.022154006079647,0.2306636428741945
2006-06-15,-0.008053037415932437,0,0.0005,-0.0005,-0.008053037415932437,1.0216430568245656,0.2288135593220341
2006-06-16,-0.008118415677330229,0,0.0,-0.0,-0.008118415677330229,1.0216430568245656,0.22696347576987366
2006-06-19,0.0013138879829962882,0,0.0,0.0,0.0013138879829962882,1.0216430568245656,0.2272618763428028
2006-06-20,0.015633460661928958,0,0.0,0.0,0.015633460661928958,1.0216430568245656,0.23084268321795198
2006-06-21,-0.01274896934766875,0,0.0,-0.0,-0.01274896934766875,1.0216430568245656,0.2279183576032468
2006-06-22,-0.001047943506958791,0,0.0,-0.0,-0.001047943506958791,1.0216430568245656,0.22767963714490352
2006-06-23,0.00261780254207888,0,0.0,0.0,0.00261780254207888,1.0216430568245656,0.22827643829076175
2006-06-26,-0.019002947125615358,0,0.0,-0.0,-0.019002947125615358,1.0216430568245656,0.22397947004058266
2006-06-27,0.007433004755912076,0,0.0,0.0,0.007433004755912076,1.0216430568245656,0.22565051324898566
2006-06-28,0.029961860871492794,0,0.0,0.0,0.029961860871492794,1.0216430568245656,0.23251372642635498
2006-06-29,-0.004888727091496504,0,0.0,-0.0,-0.004888727091496504,1.0216430568245656,0.23137980424922439
2006-06-30,0.005914894446808607,0,0.0,0.0,0.005914894446808607,1.0216430568245656,0.23275244688469823
2006-07-03,-0.02203588839918045,0,0.0,-0.0,-0.02203588839918045,1.0216430568245656,0.22767963714490352
2006-07-05,-0.0010490428446971174,0,0.0,-0.0,-0.0010490428446971174,1.0216430568245656,0.22744091668656025
2006-07-06,-0.011081907606724834,1,0.0005,-0.011581907606724834,-0.011081907606724834,1.0098787394575117,0.2249343518739558
2006-07-07,-0.00879419391840212,0,0.0005,-0.0005,-0.00879419391840212,1.0093739263015888,0.22296490809262373
2006-07-10,0.00746670135653707,1,0.0005,0.0069667013565370695,0.00746670135653707,1.0164304849307204,0.2246359513010267
2006-07-11,-0.019043085852707087,0,0.0005,-0.0005,-0.019043085852707087,1.0159223967208926,0.22039866316543347
2006-07-12,-0.016931043438227305,1,0.0005,-0.017431043438227305,-0.016931043438227305,0.9983672559997975,0.21669849606111266
2006-07-13,-0.01024230407083157,1,0.0,-0.01024230407083157,-0.01024230407083157,0.9881938634159382,0.2144903318214373
2006-07-14,0.002501043404588873,1,0.0,0.002501043404588873,0.002501043404588873,0.9906684724228229,0.2150274528527097
2006-07-17,0.0033250238447716947,1,0.0,0.0033250238447716947,0.0033250238447716947,0.9939679510986689,0.2157436142277395
2006-07-18,0.012917590641590914,1,0.0,0.012917590641590914,0.012917590641590914,1.0068909092457332,0.218548579613273
2006-07-19,-0.014855844051941671,0,0.0005,-0.0005,-0.014855844051941671,1.0063875896314995,0.21532585342563873
2006-07-20,-0.010588006408829372,0,0.0,-0.0,-0.010588006408829372,1.0063875896314995,0.21305800907137762
2006-07-21,0.019692773401748614,1,0.0005,0.019192773401748613,0.019692773401748614,1.025889507898372,0.21729529720697086
2006-07-24,0.005751077059022518,0,0.0005,-0.0005,0.005751077059022518,1.0253766913592415,0.21854857961327306
2006-07-25,-0.0008195602152490459,0,0.0,-0.0,-0.0008195602152490459,1.0253766913592415,0.21836953926951566
2006-07-26,-0.006580775051587088,0,0.0,-0.0,-0.006580775051587088,1.0253766913592415,0.21693721651945594
2006-07-27,0.020692271092977815,0,0.0,0.0,0.020692271092977815,1.0253766913592415,0.22147290522797827
2006-07-28,-0.00026950545911670105,0,0.0,-0.0,-0.00026950545911670105,1.0253766913592415,0.22141322511339248
2006-07-31,-0.01685280440725891,0,0.0,-0.0,-0.01685280440725891,1.0253766913592415,0.21771305800907162
2006-08-01,0.01117634640245372,0,0.0,0.0,0.01117634640245372,1.0253766913592415,0.22015994270709024
2006-08-02,0.0062153963094154115,0,0.0,0.0,0.0062153963094154115,1.0253766913592415,0.22153258534256406
2006-08-03,-0.0045902605237888635,0,0.0,-0.0,-0.0045902605237888635,1.0253766913592415,0.22051802339460516
2006-08-04,-0.0065164498854679365,0,0.0,-0.0,-0.0065164498854679365,1.0253766913592415,0.21908570064454547
2006-08-07,-0.0062850323026123886,0,0.0,-0.0,-0.0062850323026123886,1.0253766913592415,0.21771305800907156
2006-08-08,0.0013696756010605322,1,0.0005,0.0008696756010605322,0.0013696756010605322,1.0262688243265206,0.2180114585820007
2006-08-09,0.007092228309491837,1,0.0,0.007092228309491837,0.007092228309491837,1.0335732287701258,0.219563141561232
2006-08-10,-0.007092228309491798,0,0.0005,-0.0005,-0.007092228309491798,1.0330565713308641,0.2180114585820007
2006-08-11,0.006548454505989518,0,0.0,0.0,0.006548454505989518,1.0330565713308641,0.21944378133206036
2006-08-14,0.02497779914078436,0,0.0,0.0,0.02497779914078436,1.0330565713308641,0.22499403198854165
2006-08-15,0.023073913023617918,0,0.0,0.0,0.023073913023617918,1.0330565713308641,0.23024588207209382
2006-08-16,0.003880486049077814,0,0.0,0.0,0.003880486049077814,1.0330565713308641,0.2311410837908811
2006-08-17,0.0015479879252149533,0,0.0,0.0,0.0015479879252149533,1.0330565713308641,0.231499164478396
2006-08-18,-0.009584324111465101,0,0.0,-0.0,-0.009584324111465101,1.0330565713308641,0.2292910002387207
2006-08-21,0.00026024723634198533,0,0.0,0.0,0.00026024723634198533,1.0330565713308641,0.22935068035330652
2006-08-22,-0.007574804404479532,0,0.0,-0.0,-0.007574804404479532,1.0330565713308641,0.22761995703031776
2006-08-23,0.002879960100271889,0,0.0,0.0,0.002879960100271889,1.0330565713308641,0.22827643829076177
2006-08-24,0.001828392830114989,0,0.0,0.0,0.001828392830114989,1.0330565713308641,0.22869419909286254
2006-08-25,0.007539357173485241,0,0.0,0.0,0.007539357173485241,1.0330565713308641,0.23042492241585133
2006-08-28,0.003103183250515806,0,0.0,0.0,0.003103183250515806,1.0330565713308641,0.23114108379088114
2006-08-29,0.004636793469801304,1,0.0005,0.0041367934698013035,0.004636793469801304,1.0373389645902469,0.23221532585342589
2006-08-30,-0.0010285421323303616,1,0.0,-0.0010285421323303616,-0.0010285421323303616,1.03627256627147,0.2319766053950826
2006-08-31,0.005388082310450176,1,0.0,0.005388082310450176,0.005388082310450176,1.0418711574450488,0.23322988780138482
2006-09-01,0.009676673419887379,1,0.0,0.009676673419887379,0.009676673419887379,1.0520019414734296,0.235497732155646
2006-09-05,-0.020223394975263594,1,0.0,-0.020223394975263594,-0.020223394975263594,1.0309405746775855,0.23078300310336625
2006-09-06,-0.004928078577675538,1,0.0,-0.004928078577675538,-0.004928078577675538,1.0258725166675982,0.2296484841250898
2006-09-07,0.006220235366846019,1,0.0,0.006220235366846019,0.006220235366846019,1.0322735725760566,0.23108140367629537
2006-09-08,0.006179216365958118,1,0.0,0.006179216365958118,0.006179216365958118,1.0386719624887182,0.23251372642635507
2006-09-11,0.018311803642337688,1,0.0,0.018311803642337688,0.018311803642337688,1.0578671322267026,0.23681069467653412
2006-09-12,0.007031671363680747,0,0.0005,-0.0005,0.007031671363680747,1.0573383308719446,0.2384817378849371
2006-09-13,0.0007504690783741788,0,0.0,0.0,0.0007504690783741788,1.0573383308719446,0.23866077822869453
2006-09-14,0.0029962569232344855,1,0.0005,0.0024962569232344855,0.0029962569232344855,1.059981016038877,0.23937693960372436
2006-09-15,2.4931407465982133e-06,1,0.0,2.4931407465982133e-06,2.4931407465982133e-06,1.059983658724033,0.23937753640487022
2006-09-18,-0.006505767686483996,1,0.0,-0.006505767686483996,-0.006505767686483996,1.0531100346334892,0.23782525662449305
2006-09-19,0.014449678416455506,1,0.0,0.014449678416455506,0.014449678416455506,1.068437608537816,0.24128670327047066
2006-09-20,-0.006202724265891136,1,0.0,-0.006202724265891136,-0.006202724265891136,1.06183089564802,0.23979470040582518
2006-09-21,-0.0077451979935247986,1,0.0,-0.0077451979935247986,-0.0077451979935247986,1.0536385716646728,0.23794461685366472
2006-09-22,0.017404715825092246,1,0.0,0.017404715825092246,0.017404715825092246,1.0721373677561017,0.24212222487467214
2006-09-25,0.004917639612806167,1,0.0,0.004917639612806167,0.004917639612806167,1.0774227380679386,0.24331582716638853
2006-09-26,-0.0012271445888948,1,0.0,-0.0012271445888948,-0.0012271445888948,1.0761013954899794,0.24301742659345943
2006-09-27,0.0026977330892170867,1,0.0,0.0026977330892170867,0.0026977330892170867,1.0790083491614895,0.24367390785390344
2006-09-28,-0.004418269337664777,1,0.0,-0.004418269337664777,-0.004418269337664777,1.0742515158808363,0.24259966579135867
2006-09-29,-0.012625492625627456,1,0.0,-0.012625492625627456,-0.012625492625627456,1.0607738215856526,0.23955597994748185
2006-10-02,0.004226233760882333,1,0.0,0.004226233760882333,0.004226233760882333,1.065266386350714,0.24057054189544078
2006-10-03,0.024262922837912603,1,0.0,0.024262922837912603,0.024262922837912603,1.0914289693943062,0.24647887323943693
2006-10-04,0.004830927269665592,1,0.0,0.004830927269665592,0.004830927269665592,1.096714339706143,0.24767247553115335
2006-10-05,-0.002171029679176772,0,0.0005,-0.0005,-0.002171029679176772,1.096166119602737,0.24713535449988094
2006-10-06,0.003375123743981314,0,0.0,0.0,0.003375123743981314,1.096166119602737,0.24797087610408244
2006-10-09,0.0016832996640311186,0,0.0,0.0,0.0016832996640311186,1.096166119602737,0.24838863690618315
2006-10-10,-0.0019240025175221252,1,0.0005,-0.002424002517522125,-0.0019240025175221252,1.0935122279886498,0.24791119598949657
2006-10-11,0.01647405049788601,1,0.0,0.01647405049788601,0.01647405049788601,1.111676008376521,0.25202912389591814
2006-10-12,0.004724790268381246,0,0.0005,-0.0005,0.004724790268381246,1.1111203093086768,0.2532227261876346
2006-10-13,0.00047125354312288855,0,0.0,0.0,0.00047125354312288855,1.1111203093086768,0.2533420864168062
2006-10-16,-0.010657294473988093,0,0.0,-0.0,-0.010657294473988093,1.1111203093086768,0.2506564812604443
2006-10-17,-0.004773278752657771,1,0.0005,-0.0052732787526577705,-0.004773278752657771,1.1052764837922444,0.2494628789687279
2006-10-18,0.0023894873973814854,1,0.0,0.0023894873973814854,0.0023894873973814854,1.10792068590658,0.2500596801145861
2006-10-19,0.0023837913552761975,1,0.0,0.0023837913552761975,0.0023837913552761975,1.1105648880209156,0.2506564812604443
2006-10-20,0.0101860409308651,1,0.0,0.0101860409308651,0.0101860409308651,1.121934957112558,0.2532227261876346
2006-10-23,-0.007095583223308217,1,0.0,-0.007095583223308217,-0.007095583223308217,1.1140023507695518,0.25143232275006
2006-10-24,0.0070955832233082754,1,0.0,0.0070955832233082754,0.0070955832233082754,1.1219349571125583,0.2532227261876346
2006-10-25,0.009149623947303273,1,0.0,0.009149623947303273,0.009149623947303273,1.1322473453584667,0.25555025065648157
2006-10-26,-0.01434812336712929,1,0.0,-0.01434812336712929,-0.01434812336712929,1.1161177124610202,0.25190976366674656
2006-10-27,0.0063762171392758435,1,0.0,0.0063762171392758435,0.0063762171392758435,1.1232570581697259,0.25352112676056365
2006-10-30,0.0023512825316499876,1,0.0,0.0023512825316499876,0.0023512825316499876,1.1259012602840615,0.2541179279064219
2006-10-31,-0.013715041181965123,1,0.0,-0.013715041181965123,-0.013715041181965123,1.1105648880209154,0.2506564812604443
2006-11-01,0.0009519277253821558,1,0.0,0.0009519277253821558,0.0009519277253821558,1.1116225688666497,0.25089520171878765
2006-11-02,-0.002619984826079058,1,0.0,-0.002619984826079058,-0.002619984826079058,1.1087139465408806,0.2502387204583436
2006-11-03,0.014443248589419758,1,0.0,0.014443248589419758,0.014443248589419758,1.1248435794383271,0.2538792074480786
2006-11-06,0.006793981855188358,0,0.0005,-0.0005,0.006793981855188358,1.124281298230624,0.25560993077106736
2006-11-07,0.004658755223228721,0,0.0,0.0,0.004658755223228721,1.124281298230624,0.25680353306278375
2006-11-08,-0.005359444262757211,1,0.0005,-0.00585944426275721,-0.005359444262757211,1.117712897011182,0.2554308904273099
2006-11-09,0.00535944426275728,1,0.0,0.00535944426275728,0.00535944426275728,1.1237192980932516,0.2568035330627838
2006-11-10,0.009943427977775287,0,0.0005,-0.0005,0.009943427977775287,1.1231575788857093,0.25936977798997407
2006-11-13,0.010756483159404676,0,0.0,0.0,0.010756483159404676,1.1231575788857093,0.2621747433755076
2006-11-14,0.004089056129160137,0,0.0,0.0,0.004089056129160137,1.1231575788857093,0.2632489854380524
2006-11-15,0.004298162934241617,0,0.0,0.0,0.004298162934241617,1.1231575788857093,0.26438290761518296
2006-11-16,0.0,0,0.0,0.0,0.0,1.1231575788857093,0.26438290761518296
2006-11-17,0.0020295417948539567,0,0.0,0.0,0.0020295417948539567,1.1231575788857093,0.26492002864645536
2006-11-20,0.0013507431139696668,1,0.0005,0.0008507431139696668,0.0013507431139696668,1.1241135040275598,0.2652781093339703
2006-11-21,0.006279455484843101,0,0.0005,-0.0005,0.006279455484843101,1.1235515877663178,0.2669491525423732
2006-11-22,-0.0017901101222486501,1,0.0005,-0.00229011012224865,-0.0017901101222486501,1.1209814749462665,0.26647171162568667
2006-11-24,-0.02242195620071022,0,0.0005,-0.0005,-0.02242195620071022,1.120421124308127,0.2605633802816905
2006-11-27,0.002516300081006186,1,0.0005,0.002016300081006186,0.002516300081006186,1.1226825085603243,0.26121986154213456
2006-11-28,0.006830627651091556,1,0.0,0.006830627651091556,0.006830627651091556,1.130377385246824,0.26301026497970914
2006-11-29,-0.000680966999416458,1,0.0,-0.000680966999416458,-0.000680966999416458,1.129607897578174,0.26283122463595165
2006-11-30,-0.00866596073268145,1,0.0,-0.00866596073268145,-0.00866596073268145,1.119861053775274,0.2605633802816904
2006-12-01,0.013648983501105692,1,0.0,0.013648983501105692,0.013648983501105692,1.1352508071482736,0.2641441871568396
2006-12-04,0.00360848384337776,1,0.0,0.00360848384337776,0.00360848384337776,1.1393547413810736,0.2650990689902128
2006-12-05,-0.0036084838433779205,1,0.0,-0.0036084838433779205,-0.0036084838433779205,1.1352508071482734,0.2641441871568396
2006-12-06,-0.012733232521359045,0,0.0005,-0.0005,-0.012733232521359045,1.134683323627402,0.26080210074003374
2006-12-07,0.004566217979581184,1,0.0005,0.004066217979581184,0.004566217979581184,1.1393065865864174,0.2619957030317501
2006-12-08,0.0036380212930714837,1,0.0,0.0036380212930714837,0.0036380212930714837,1.1434589568336573,0.2629505848651233
2006-12-11,-0.005918523991796729,0,0.0005,-0.0005,-0.005918523991796729,1.142887370263791,0.261398901885892
2006-12-12,0.0018248180246291173,0,0.0,0.0,0.0018248180246291173,1.142887370263791,0.26187634280257854
2006-12-13,0.011104929983788552,0,0.0,0.0,0.011104929983788552,1.142887370263791,0.2648006684172837
2006-12-14,0.0013513515569989558,1,0.0005,0.0008513515569989558,0.0013513515569989558,1.1438607835055847,0.26515874910479864
2006-12-15,-0.009952581587188638,0,0.0005,-0.0005,-0.009952581587188638,1.1432889960726025,0.2625328240630226
2006-12-18,-0.0031876165424363154,1,0.0005,-0.0036876165424363154,-0.0031876165424363154,1.1390807486281707,0.26169730245882117
2006-12-19,-0.003655475854847659,1,0.0,-0.003655475854847659,-0.003655475854847659,1.1349244676753654,0.260742420625448
2006-12-20,-0.007120737564616054,0,0.0005,-0.0005,-0.007120737564616054,1.1343571472834448,0.25889233707328757
2006-12-21,-0.010427623162259163,1,0.0005,-0.010927623162259164,-0.010427623162259163,1.1220288022808085,0.25620673191692567
2006-12-22,0.004184106522574091,0,0.0005,-0.0005,0.004184106522574091,1.1214679281098956,0.2572809739794705
2006-12-26,0.005090246992774847,0,0.0,0.0,0.005090246992774847,1.1214679281098956,0.25859393650035856
2006-12-27,-0.004858309151076295,0,0.0,-0.0,-0.004858309151076295,1.1214679281098956,0.2573406540940563
2006-12-28,0.0009272137891922675,0,0.0,0.0,0.0009272137891922675,1.1214679281098956,0.2575793745523996
2006-12-29,0.0018518523810737264,0,0.0,0.0,0.0018518523810737264,1.1214679281098956,0.2580568154690862
2007-01-03,0.01878634860318946,1,0.0005,0.01828634860318946,0.01878634860318946,1.1421641338927166,0.2629505848651234
2007-01-04,-0.004777622556005072,1,0.0,-0.004777622556005072,-0.004777622556005072,1.1367203193644035,0.2616973024588212
2007-01-05,0.0006839165888375561,0,0.0005,-0.0005,0.0006839165888375561,1.1361521012710825,0.26187634280257865
2007-01-08,0.005001147045770752,0,0.0,0.0,0.005001147045770752,1.1361521012710825,0.2631893053234667
2007-01-09,0.011722406551586042,1,0.0005,0.011222406551586041,0.011722406551586042,1.1489742753099472,0.2662926712819293
2007-01-10,0.010256500167189061,0,0.0005,-0.0005,0.010256500167189061,1.1483999317701425,0.269037956552877
2007-01-11,0.005089069507471449,1,0.0005,0.00458906950747145,0.005089069507471449,1.1536821297962983,0.2704105991883509
2007-01-12,-0.0006623247841193517,0,0.0005,-0.0005,-0.0006623247841193517,1.1531054329176342,0.27023155884459343
2007-01-16,-0.008204946795280874,0,0.0,-0.0,-0.008204946795280874,1.1531054329176342,0.2680233946049181
2007-01-17,-0.018654322254987563,1,0.0005,-0.019154322254987564,-0.018654322254987563,1.1312286660391884,0.26306994509429504
2007-01-18,0.0020396607637760437,1,0.0,0.0020396607637760437,0.0020396607637760437,1.1335383434426258,0.2636070661255674
2007-01-19,-0.010926582645090721,1,0.0,-0.010926582645090721,-0.010926582645090721,1.1212200639576255,0.26074242062544806
2007-01-22,-0.002520913446870685,1,0.0,-0.002520913446870685,-0.002520913446870685,1.1183971249089797,0.260085939365004
2007-01-23,0.01638634753461614,1,0.0,0.01638634753461614,0.01638634753461614,1.13687454413648,0.26438290761518307
2007-01-24,-0.012950311626260733,0,0.0005,-0.0005,-0.012950311626260733,1.136306248950048,0.26098114108379133
2007-01-25,-0.003665525295478394,1,0.0005,-0.004165525295478394,-0.003665525295478394,1.13158278121877,0.2600262592504182
2007-01-26,0.0009176417253243342,1,0.0,0.0009176417253243342,0.0009176417253243342,1.1326216453741236,0.26026497970876145
2007-01-29,0.0004585052808433116,1,0.0,0.0004585052808433116,0.0004585052808433116,1.1331410774518005,0.26038433993793314
2007-01-30,0.010034291718377423,0,0.0005,-0.0005,0.010034291718377423,1.132574648532105,0.2630102649797092
2007-01-31,-0.001135202755579907,1,0.0005,-0.0016352027555799071,-0.001135202755579907,1.1307241727098376,0.2627118644067801
2007-02-01,0.003175325870524072,0,0.0005,-0.0005,0.003175325870524072,1.1301589519404505,0.26354738601098154
2007-02-02,-0.0009062075835380977,0,0.0,-0.0,-0.0009062075835380977,1.1301589519404505,0.26330866555263827
2007-02-05,-0.0015878420031131587,0,0.0,-0.0,-0.0015878420031131587,1.1301589519404505,0.26289090475053756
2007-02-06,0.009264556153862187,0,0.0,0.0,0.009264556153862187,1.1301589519404505,0.26533778944855624
2007-02-07,-0.0002249465761368821,0,0.0,-0.0,-0.0002249465761368821,1.1301589519404505,0.26527810933397045
2007-02-08,-0.013818319320153457,0,0.0,-0.0,-0.013818319320153457,1.1301589519404505,0.2616376223442354
2007-02-09,-0.0031985405382156584,0,0.0,-0.0,-0.0031985405382156584,1.1301589519404505,0.26080210074003396
2007-02-12,0.0036546408881976138,1,0.0005,0.0031546408881976138,0.0036546408881976138,1.1337298270333183,0.26175698257340707
2007-02-13,0.016731116036276316,0,0.0005,-0.0005,0.016731116036276316,1.1331631038124135,0.26617331105275777
2007-02-14,0.005812670066043914,0,0.0,0.0,0.005812670066043914,1.1331631038124135,0.2677249940319891
2007-02-15,-0.003349338846173001,0,0.0,-0.0,-0.003349338846173001,1.1331631038124135,0.26682979231320186
2007-02-16,-0.000671216044889362,0,0.0,-0.0,-0.000671216044889362,1.1331631038124135,0.2666507519694444
2007-02-20,0.011349849222188324,1,0.0005,0.010849849222188323,0.011349849222188324,1.1455246920510456,0.2696944378133212
2007-02-21,0.005076713254224255,0,0.0005,-0.0005,0.005076713254224255,1.1449520728717444,0.2710670804487951
2007-02-22,-0.003528896472021179,1,0.0005,-0.00402889647202118,-0.003528896472021179,1.1403484594727642,0.2701121986154219
2007-02-23,-0.004872656373956347,1,0.0,-0.004872656373956347,-0.004872656373956347,1.1348054488434225,0.2687992360945339
2007-02-26,-0.0419419968588252,1,0.0,-0.0419419968588252,-0.0419419968588252,1.0881937685512304,0.25775841489615714
2007-02-27,0.0032362487792083248,1,0.0,0.0032362487792083248,0.0032362487792083248,1.0917211389517207,0.25859393650035867
2007-02-28,-0.004626425092066137,1,0.0,-0.004626425092066137,-0.004626425092066137,1.0866820383795919,0.2574003342086423
2007-03-01,-0.015185433726068457,1,0.0,-0.015185433726068457,-0.015185433726068457,1.070304961520173,0.25352112676056393
2007-03-02,-0.007798692485818872,1,0.0,-0.007798692485818872,-0.007798692485818872,1.0619904455761604,0.2515516829792319
2007-03-05,0.016470960595924497,1,0.0,0.016470960595924497,0.016470960595924497,1.0796272975786116,0.2557292910002394
2007-03-06,-0.003975218610236224,1,0.0,-0.003975218610236224,-0.003975218610236224,1.075344062092302,0.25471472905228043
2007-03-07,0.006771771353350999,0,0.0005,-0.0005,0.006771771353350999,1.0748065244568634,0.25644545237526917
2007-03-08,-0.0009313155504344906,0,0.0,-0.0,-0.0009313155504344906,1.0748065244568634,0.2562067319169259
2007-03-09,0.00650106770737251,0,0.0,0.0,0.00650106770737251,1.0748065244568634,0.25787777512532883
2007-03-12,-0.019631385305374085,0,0.0,-0.0,-0.019631385305374085,1.0748065244568634,0.25286464550011994
2007-03-13,0.014526965869722352,0,0.0,0.0,0.014526965869722352,1.0748065244568634,0.25656481260444075
2007-03-14,-0.0023288319794011027,0,0.0,-0.0,-0.0023288319794011027,1.0748065244568634,0.25596801145858256
2007-03-15,-0.0013999069015095513,0,0.0,-0.0,-0.0013999069015095513,1.0748065244568634,0.25560993077106764
2007-03-16,0.010220762609513946,0,0.0,0.0,0.010220762609513946,1.0748065244568634,0.25823585581284375
2007-03-19,0.00713877527968029,0,0.0,0.0,0.00713877527968029,1.0748065244568634,0.2600859393650041
2007-03-20,0.019091488949807712,0,0.0,0.0,0.019091488949807712,1.0748065244568634,0.26509906899021307
2007-03-21,-0.0036084838433779205,0,0.0,-0.0,-0.0036084838433779205,1.0748065244568634,0.2641441871568399
2007-03-22,-0.00316814023760194,0,0.0,-0.0,-0.00316814023760194,1.0748065244568634,0.26330866555263843
2007-03-23,0.0040714826657883,0,0.0,0.0,0.0040714826657883,1.0748065244568634,0.2643829076151832
2007-03-26,-0.0070223416904615045,0,0.0,-0.0,-0.0070223416904615045,1.0748065244568634,0.2625328240630228
2007-03-27,-0.010741732812941204,0,0.0,-0.0,-0.010741732812941204,1.0748065244568634,0.25972785867748927
2007-03-28,0.0011482375816634018,1,0.0005,0.0006482375816634018,0.0011482375816634018,1.0755034803111163,0.26002625925041833
2007-03-29,-0.0009184845651445755,1,0.0,-0.0009184845651445755,-0.0009184845651445755,1.0745161004806725,0.259787538792075
2007-03-30,0.0013774106860950765,1,0.0,0.0013774106860950765,0.0013774106860950765,1.0759971702263385,0.26014561947959
2007-04-02,0.012991635718538397,0,0.0005,-0.0005,0.012991635718538397,1.0754593061184576,0.26354738601098165
2007-04-03,0.004067802219325748,0,0.0,0.0,0.004067802219325748,1.0754593061184576,0.26462162807352646
2007-04-04,0.004949391430863064,0,0.0,0.0,0.004949391430863064,1.0754593061184576,0.2659345905944145
2007-04-05,-0.002471633659115004,0,0.0,-0.0,-0.002471633659115004,1.0754593061184576,0.26527810933397045
2007-04-09,0.005161012241086353,0,0.0,0.0,0.005161012241086353,1.0754593061184576,0.26665075196944427
2007-04-10,-0.010574966362848144,1,0.0005,-0.011074966362848144,-0.010574966362848144,1.0636143428335236,0.2638457865839108
2007-04-11,0.007885587780876772,1,0.0,0.007885587780876772,0.007885587780876772,1.072034723290247,0.2659345905944145
2007-04-12,0.0020177117034793153,1,0.0,0.0020177117034793153,0.0020177117034793153,1.0741999639791184,0.26647171162568684
2007-04-13,0.009140627681590343,0,0.0005,-0.0005,0.009140627681590343,1.073662998249748,0.2689185963237055
2007-04-16,0.002216804277362675,0,0.0,0.0,0.002216804277362675,1.073662998249748,0.26951539746956366
2007-04-17,-0.003327051976619871,0,0.0,-0.0,-0.003327051976619871,1.073662998249748,0.26862019575077634
2007-04-18,0.0031055925581530666,1,0.0005,0.0026055925581530666,0.0031055925581530666,1.0764641743449543,0.2694557173549778
2007-04-19,0.005521825184307947,1,0.0,0.005521825184307947,0.005521825184307947,1.082424662574993,0.2709477202196233
2007-04-20,0.0015406627896170032,1,0.0,0.0015406627896170032,0.0015406627896170032,1.0840935992794039,0.27136548102172414
2007-04-23,0.0050455300632398295,1,0.0,0.0050455300632398295,0.0050455300632398295,1.089577248451039,0.272738123657198
2007-04-24,0.013259622592501512,1,0.0,0.013259622592501512,0.013259622592501512,1.104120839732333,0.27637861064693303
2007-04-25,0.005169083230415319,1,0.0,0.005169083230415319,0.005169083230415319,1.1098429084331698,0.2778109333969927
2007-04-26,0.00042955327120979415,1,0.0,0.00042955327120979415,0.00042955327120979415,1.110319747491573,0.2779302936261643
2007-04-27,-0.013185104013730919,1,0.0,-0.013185104013730919,-0.013185104013730919,1.095776156210279,0.27428980663642927
2007-04-30,-0.0009795919150694036,1,0.0,-0.0009795919150694036,-0.0009795919150694036,1.094703268328872,0.27402124612079304
2007-05-01,0.010938539780805539,1,0.0,0.010938539780805539,0.010938539780805539,1.10674345455355,0.27703509190737696
2007-05-02,0.0036555249824144743,1,0.0,0.0036555249824144743,0.0036555249824144743,1.1107965865499763,0.2780496538553359
2007-05-03,0.0008581849915241874,1,0.0,0.0008581849915241874,0.0008581849915241874,1.1117502646667825,0.2782883743136792
2007-05-04,0.0,1,0.0,0.0,0.0,1.1117502646667825,0.2782883743136792
2007-05-07,0.002142245892105092,0,0.0005,-0.0005,0.002142245892105092,1.1111945284800735,0.27888517545953734
2007-05-08,0.0021376664831155956,1,0.0005,0.0016376664831155956,0.0021376664831155956,1.1130157854142624,0.27948197660539553
2007-05-09,-0.013760698752936418,1,0.0,-0.013760698752936418,-0.013760698752936418,1.0978048073517996,0.27566244927190303
2007-05-10,0.012692436713519103,1,0.0,0.012692436713519103,0.012692436713519103,1.1118274277531326,0.27918357603246646
2007-05-11,-0.006864033813769938,1,0.0,-0.006864033813769938,-0.006864033813769938,1.1042219387219012,0.2772738123657202
2007-05-14,-0.007778777339660231,1,0.0,-0.007778777339660231,-0.007778777339660231,1.095665763561766,0.2751253282406307
2007-05-15,0.00971405372047307,1,0.0,0.00971405372047307,0.00971405372047307,1.106360982511935,0.27781093339699253
2007-05-16,-0.004737304294519053,1,0.0,-0.004737304294519053,-0.004737304294519053,1.1011322088029634,0.2764979708761045
2007-05-17,0.008168575085459635,1,0.0,0.008168575085459635,0.008168575085459635,1.1101637270275506,0.27876581523036564
2007-05-18,0.006402070522022409,1,0.0,0.006402070522022409,0.006402070522022409,1.1172938729943298,0.2805562186679402
2007-05-21,0.0008505209953494489,1,0.0,0.0008505209953494489,0.0008505209953494489,1.1182445591232337,0.28079493912628356
2007-05-22,-0.00468684283593826,1,0.0,-0.00468684283593826,-0.00468684283593826,1.1130157854142622,0.2794819766053955
2007-05-23,-0.01441040099560635,1,0.0,-0.01441040099560635,-0.01441040099560635,1.0970917927551214,0.27548340892814555
2007-05-24,0.006262843060003515,1,0.0,0.006262843060003515,0.006262843060003515,1.103984267189675,0.27721413225113434
2007-05-25,0.00772039005213177,1,0.0,0.00772039005213177,0.00772039005213177,1.1125404423498104,0.27936261637622395
2007-05-29,0.008085150426316932,0,0.0005,-0.0005,0.008085150426316932,1.1119843111730157,0.2816304607304851
2007-05-30,0.00465117117573088,0,0.0,0.0,0.00465117117573088,1.1119843111730157,0.2829434232513731
2007-05-31,0.0006325777754430376,0,0.0,0.0,0.0006325777754430376,1.1119843111730157,0.2831224635951306
2007-06-01,0.0029488519065461985,1,0.0005,0.0024488519065461985,0.0029488519065461985,1.1147107330126402,0.2839585820004779
2007-06-04,-2.1017212046759496e-06,0,0.0005,-0.0005,-2.1017212046759496e-06,1.1141535169617554,0.283957985199332
2007-06-05,-0.01077664946176067,1,0.0005,-0.011276649461760671,-0.01077664946176067,1.1016601722294337,0.2809142993554552
2007-06-06,-0.015632494374032243,1,0.0,-0.015632494374032243,-0.015632494374032243,1.0845723861290575,0.27655705418954446
2007-06-07,0.012227511301347912,1,0.0,0.012227511301347912,0.012227511301347912,1.097915417023215,0.2799594175220821
2007-06-08,-0.0019204102776018725,1,0.0,-0.0019204102776018725,-0.0019204102776018725,1.0958089922197172,0.27942229649080974
2007-06-11,-0.00599830418861911,0,0.0005,-0.0005,-0.00599830418861911,1.095261224676905,0.27775125328240674
2007-06-12,0.010898708157242979,1,0.0005,0.010398708157242979,0.010898708157242979,1.106709949316061,0.28079493912628356
2007-06-13,0.006567124544361664,1,0.0,0.006567124544361664,0.006567124544361664,1.1140017683232444,0.282645022678444
2007-06-14,0.007782140442054949,0,0.0005,-0.0005,0.007782140442054949,1.1134449066660983,0.2848531869181194
2007-06-15,0.0008376963840654375,0,0.0,0.0,0.0008376963840654375,1.1134449066660983,0.2850919073764627
2007-06-18,-0.00020935831752390147,0,0.0,-0.0,-0.00020935831752390147,1.1134449066660983,0.2850322272618768
2007-06-19,-0.009466779441289883,1,0.0005,-0.009966779441289883,-0.009466779441289883,1.102402566554511,0.2823466221055149
2007-06-20,0.009047931267627325,1,0.0,0.009047931267627325,0.009047931267627325,1.1124222897339326,0.2849128670327052
2007-06-21,-0.00947076425489968,1,0.0,-0.00947076425489968,-0.00947076425489968,1.1019365329182587,0.2822272618763433
2007-06-22,-0.004238192400321148,1,0.0,-0.004238192400321148,-0.004238192400321148,1.0972761965557372,0.2810336595846269
2007-06-25,-0.0057502021926986065,1,0.0,-0.0057502021926986065,-0.0057502021926986065,1.0909847424663326,0.27942229649080974
2007-06-26,0.015260999869283195,1,0.0,0.015260999869283195,0.015260999869283195,1.107761953371411,0.2837192647409888
2007-06-27,-0.0004207868776582507,1,0.0,-0.0004207868776582507,-0.0004207868776582507,1.1072959197351588,0.28359990451181716
2007-06-28,0.00168208618298488,0,0.0005,-0.0005,0.00168208618298488,1.1067424101642154,0.28407734542850377
2007-06-29,0.008576561305474633,0,0.0,0.0,0.008576561305474633,1.1067424101642154,0.2865242301265224
2007-07-02,0.006229256023466334,0,0.0,0.0,0.006229256023466334,1.1067424101642154,0.288314633564097
2007-07-03,0.007218758789061113,0,0.0,0.0,0.007218758789061113,1.1067424101642154,0.29040343757460063
2007-07-05,0.004101728474217874,0,0.0,0.0,0.004101728474217874,1.1067424101642154,0.2915970398663171
2007-07-06,0.0006138107609598871,0,0.0,0.0,0.0006138107609598871,1.1067424101642154,0.29177608021007456
2007-07-09,-0.008421534829495286,0,0.0,-0.0,-0.008421534829495286,1.1067424101642154,0.2893291955120559
2007-07-10,0.006783868137997171,1,0.0005,0.006283868137997171,0.006783868137997171,1.1137189303420412,0.291298639293388
2007-07-11,0.015248846861885492,1,0.0,0.015248846861885492,0.015248846861885492,1.130832005485588,0.29577464788732444
2007-07-12,0.006836945996531244,0,0.0005,-0.0005,0.006836945996531244,1.1302667308132899,0.2978037717832423
2007-07-13,-0.00100250634962559,0,0.0,-0.0,-0.00100250634962559,1.1302667308132899,0.29750537121031323
2007-07-16,0.007593961354105847,0,0.0,0.0,0.007593961354105847,1.1302667308132899,0.29977321556457437
2007-07-17,-0.0011952192657916098,1,0.0005,-0.0016952192657916098,-0.0011952192657916098,1.128352304020791,0.2994151348770595
2007-07-18,0.0029853738960234064,1,0.0,0.0029853738960234064,0.0029853738960234064,1.1317258907380148,0.3003103365958468
2007-07-19,-0.0053801066309555464,1,0.0,-0.0053801066309555464,-0.0053801066309555464,1.1256534346470117,0.2986989735020296
2007-07-20,0.00039952058062392757,1,0.0,0.00039952058062392757,0.00039952058062392757,1.1261032462093084,0.2988183337312013
2007-07-23,-0.014889611096206557,1,0.0,-0.014889611096206557,-0.014889611096206557,1.1094602184043376,0.2944020052518507
2007-07-24,0.001418008948229849,1,0.0,0.001418008948229849,0.001418008948229849,1.1110345588723753,0.2948197660539514
2007-07-25,-0.00853837266985521,1,0.0,-0.00853837266985521,-0.00853837266985521,1.1015885160641485,0.2923132012413469
2007-07-26,-0.020419395653867453,1,0.0,-0.020419395653867453,-0.020419395653867453,1.0793228437304714,0.28640486989735076
2007-07-27,0.011601538867179578,1,0.0,0.011601538867179578,0.011601538867179578,1.0919175674747734,0.28974695631415665
2007-07-30,-0.02123310411141581,1,0.0,-0.02123310411141581,-0.02123310411141581,1.0689771777976516,0.283659584626403
2007-07-31,0.007754413790951491,1,0.0,0.007754413790951491,0.007754413790951491,1.077298691700137,0.28586774886607835
2007-08-01,0.009143870858467549,1,0.0,0.009143870858467549,0.009143870858467549,1.0871945460706602,0.28849367390785446
2007-08-02,-0.019215294638077588,0,0.0005,-0.0005,-0.019215294638077588,1.0866510846742963,0.28300310336595896
2007-08-03,0.011531734876713082,1,0.0005,0.011031734876713082,0.011531734876713082,1.0987050974336947,0.286285509668179
2007-08-06,0.00706276305234292,1,0.0,0.00706276305234292,0.00706276305234292,1.1064924589748135,0.288314633564097
2007-08-07,0.010911070676188638,0,0.0005,-0.0005,0.010911070676188638,1.1059393510338342,0.29147767963714544
2007-08-08,-0.023408629714488358,0,0.0,-0.0,-0.023408629714488358,1.1059393510338342,0.2847338266889477
2007-08-09,-0.009053646430172911,0,0.0,-0.0,-0.009053646430172911,1.1059393510338342,0.28216758176175744
2007-08-10,0.006745388139531655,1,0.0005,0.006245388139531655,0.006745388139531655,1.1128679850232333,0.2840773454285037
2007-08-13,-0.01716325635924945,0,0.0005,-0.0005,-0.01716325635924945,1.112311690116038,0.27924325614705225
2007-08-14,-0.019204387811625416,0,0.0,-0.0,-0.019204387811625416,1.112311690116038,0.2739317259489143
2007-08-15,-0.007874056430905883,1,0.0005,-0.008374056430905883,-0.007874056430905883,1.1030360209472667,0.27178324182382474
2007-08-16,0.016766859857067107,1,0.0,0.016766859857067107,0.016766859857067107,1.1216863884512063,0.2763786106469329
2007-08-17,0.004739345363896568,0,0.0005,-0.0005,0.004739345363896568,1.1211256854444136,0.277691573167821
2007-08-20,0.01047577725536633,0,0.0,0.0,0.01047577725536633,1.1211256854444136,0.2806158987825262
2007-08-21,0.013519428558672516,0,0.0,0.0,0.013519428558672516,1.1211256854444136,0.2844354261160187
2007-08-22,-0.0027313810446779174,0,0.0,-0.0,-0.0027313810446779174,1.1211256854444136,0.28365958462640306
2007-08-23,0.01399793043063657,0,0.0,0.0,0.01399793043063657,1.1211256854444136,0.287658152303653
2007-08-24,-0.006661140366782199,0,0.0,-0.0,-0.006661140366782199,1.1211256854444136,0.28574838863690677
2007-08-27,-0.02409755157906053,0,0.0,-0.0,-0.02409755157906053,1.1211256854444136,0.2789448555741233
2007-08-28,0.028265961116240083,0,0.0,0.0,0.028265961116240083,1.1211256854444136,0.28694199092862316
2007-08-29,0.005186195630040668,0,0.0,0.0,0.005186195630040668,1.1211256854444136,0.28843399379326873
2007-08-30,0.011111225425070629,0,0.0,0.0,0.011111225425070629,1.1211256854444136,0.291656719980903
2007-08-31,0.01643872634315994,0,0.0,0.0,0.01643872634315994,1.1211256854444136,0.29649080926235444
2007-09-04,-0.010115400837176863,0,0.0,-0.0,-0.010115400837176863,1.1211256854444136,0.2935068035330634
2007-09-05,-0.0008136696950133879,0,0.0,-0.0,-0.0008136696950133879,1.1211256854444136,0.2932680830747202
2007-09-06,-0.018692133012152633,0,0.0,-0.0,-0.018692133012152633,1.1211256854444136,0.28783719264741053
2007-09-07,-0.0006222130243257605,1,0.0005,-0.0011222130243257605,-0.0006222130243257605,1.119868249285883,0.2876581523036531
2007-09-10,0.01503168424447752,1,0.0,0.01503168424447752,0.01503168424447752,1.1368289094929096,0.29201480066841795
2007-09-11,0.00020435271349340372,0,0.0005,-0.0005,0.00020435271349340372,1.1362606371180959,0.29207448078300374
2007-09-12,0.004891978773521031,0,0.0,0.0,0.004891978773521031,1.1362606371180959,0.2935068035330635
2007-09-13,0.000813008174863347,0,0.0,0.0,0.000813008174863347,1.1362606371180959,0.2937455239914068
2007-09-14,-0.008364835063853653,0,0.0,-0.0,-0.008364835063853653,1.1362606371180959,0.2912986392933882
2007-09-17,0.025287076104572113,0,0.0,0.0,0.025287076104572113,1.1362606371180959,0.2987586536166157
2007-09-18,0.0021949524925334307,0,0.0,0.0,0.0021949524925334307,1.1362606371180959,0.2994151348770598
2007-09-19,-0.002794412996047946,0,0.0,-0.0,-0.002794412996047946,1.1362606371180959,0.29857961327285826
2007-09-20,0.006574383676032716,0,0.0,0.0,0.006574383676032716,1.1362606371180959,0.3005490570541903
2007-09-21,0.0045567191276983604,0,0.0,0.0,0.0045567191276983604,1.1362606371180959,0.3019216996896642
2007-09-24,0.009443312355707788,0,0.0,0.0,0.009443312355707788,1.1362606371180959,0.3047863451897836
2007-09-25,0.004883299087883146,0,0.0,0.0,0.004883299087883146,1.1362606371180959,0.30627834805442905
2007-09-26,0.005053460705762937,0,0.0,0.0,0.005053460705762937,1.1362606371180959,0.30783003103366036
2007-09-27,-0.0033012943857855153,0,0.0,-0.0,-0.0033012943857855153,1.1362606371180959,0.30681546908570134
2007-09-28,0.011411012514014204,0,0.0,0.0,0.011411012514014204,1.1362606371180959,0.3103365958462648
2007-10-01,0.00019228920355365755,0,0.0,0.0,0.00019228920355365755,1.1362606371180959,0.31039627596085057
2007-10-02,-0.0069458122193335374,0,0.0,-0.0,-0.0069458122193335374,1.1362606371180959,0.30824779183576106
2007-10-03,0.0023206353481624678,1,0.0005,0.0018206353481624677,0.0023206353481624678,1.1383312377311388,0.3089639532107909
2007-10-04,0.020041210793014082,1,0.0,0.020041210793014082,0.020041210793014082,1.1613749143226442,0.31521842921938487
2007-10-05,0.006266063081132855,1,0.0,0.006266063081132855,0.006266063081132855,1.1686750103420906,0.3171998090236341
2007-10-08,0.004319912547475774,0,0.0005,-0.0005,0.004319912547475774,1.1680908188969514,0.3185730484602538
2007-10-09,0.002430534987780673,1,0.0005,0.001930534987780673,0.002430534987780673,1.170348037210154,0.31934829314872365
2007-10-10,-0.016012398255049902,1,0.0,-0.016012398255049902,-0.016012398255049902,1.151757197523579,0.3142754834089289
2007-10-11,0.01638609033712675,1,0.0,0.01638609033712675,0.01638609033712675,1.1707854687321912,0.3194676533778953
2007-10-12,-0.007688739237111573,1,0.0,-0.007688739237111573,-0.007688739237111573,1.1618181225304314,0.3170207686798766
2007-10-15,-0.004717434920819596,1,0.0,-0.004717434920819596,-0.004717434920819596,1.156350228504968,0.3155287658152311
2007-10-16,0.012779726646399021,1,0.0,0.012779726646399021,0.012779726646399021,1.1712229002542283,0.31958701360706687
2007-10-17,0.004285853946960821,1,0.0,0.004285853946960821,0.004285853946960821,1.1762533627576544,0.3209596562425407
2007-10-18,-0.025231991945219554,1,0.0,-0.025231991945219554,-0.025231991945219554,1.1469454507811714,0.31296252088804083
2007-10-19,0.011942137944304605,1,0.0,0.011942137944304605,0.011942137944304605,1.1607245437253388,0.3167223681069475
2007-10-22,0.020700039817145483,1,0.0,0.020700039817145483,0.020700039817145483,1.1850019931983957,0.3233468608259735
2007-10-23,-0.0075961458353622805,1,0.0,-0.0075961458353622805,-0.0075961458353622805,1.176034646996636,0.3208999761279549
2007-10-24,-0.013480825761594695,1,0.0,-0.013480825761594695,-0.013480825761594695,1.1602871122033016,0.31660300787777584
2007-10-25,0.01645204428914358,1,0.0,0.01645204428914358,0.01645204428914358,1.1795340991729324,0.32185485796132807
2007-10-26,0.004255719254883835,1,0.0,0.004255719254883835,0.004255719254883835,1.1845645616763585,0.3232275005968019
2007-10-29,0.001844678626766095,0,0.0005,-0.0005,0.001844678626766095,1.1839724274414152,0.32382430174266
2007-10-30,0.014091183840881793,0,0.0,0.0,0.014091183840881793,1.1839724274414152,0.3284196705657682
2007-10-31,-0.018894444507393124,0,0.0,-0.0,-0.018894444507393124,1.1839724274414152,0.3222726187634287
2007-11-01,0.007747686790825957,1,0.0005,0.0072476867908259565,0.007747686790825957,1.1925846604489152,0.3247791835760332
2007-11-02,-0.006452229961186787,1,0.0,-0.006452229961186787,-0.006452229961186787,1.1849146010744733,0.32269037956552943
2007-11-05,0.011218508461835247,0,0.0005,-0.0005,0.011218508461835247,1.1843222918635785,0.32633086655526444
2007-11-06,-0.024624034107986387,0,0.0,-0.0,-0.024624034107986387,1.1843222918635785,0.31839341131535037
2007-11-07,-0.030836093732338716,1,0.0005,-0.03133609373233871,-0.030836093732338716,1.147785704196283,0.3087252327524475
2007-11-08,-0.03401487858727761,1,0.0,-0.03401487858727761,-0.03401487858727761,1.109400448672224,0.29840057292910066
2007-11-09,-0.025728148572731337,1,0.0,-0.025728148572731337,-0.025728148572731337,1.0812216772759493,0.29082119837670145
2007-11-12,0.040419697315721204,1,0.0,0.040419697315721204,0.040419697315721204,1.125819575312573,0.3028169014084513
2007-11-13,-0.012893166801610364,1,0.0,-0.012893166801610364,-0.012893166801610364,1.1113973694798343,0.298937693960373
2007-11-14,-0.005404877535491161,0,0.0005,-0.0005,-0.005404877535491161,1.1108418096966142,0.29732633086655585
2007-11-15,0.009190873888012388,0,0.0,0.0,0.009190873888012388,1.1108418096966142,0.3000716161375036
2007-11-16,-0.011602450619463592,0,0.0,-0.0,-0.011602450619463592,1.1108418096966142,0.2966101694915261
2007-11-19,0.004016069654889744,1,0.0005,0.0035160696548897437,0.004016069654889744,1.1147544814573487,0.29780377178324235
2007-11-20,-0.011894102521438127,0,0.0005,-0.0005,-0.011894102521438127,1.114197243537709,0.29428264502267903
2007-11-21,0.010690974243163018,0,0.0,0.0,0.010690974243163018,1.114197243537709,0.29744569109572755
2007-11-23,-0.017405822955176203,0,0.0,-0.0,-0.017405822955176203,1.114197243537709,0.292313201241347
2007-11-26,0.019810633733355384,0,0.0,0.0,0.019810633733355384,1.114197243537709,0.29816185247075744
2007-11-27,0.02997069747054881,0,0.0,0.0,0.02997069747054881,1.114197243537709,0.307233229887802
2007-11-28,0.004264398786457739,0,0.0,0.0,0.004264398786457739,1.114197243537709,0.3085461924086901
2007-11-29,-0.007572116560510064,0,0.0,-0.0,-0.007572116560510064,1.114197243537709,0.3062186679398431
2007-11-30,-0.00841574592200668,0,0.0,-0.0,-0.00841574592200668,1.114197243537709,0.30365242301265283
2007-12-03,-0.004135899544048272,0,0.0,-0.0,-0.004135899544048272,1.114197243537709,0.3023991406063506
2007-12-04,0.017606088575049052,0,0.0,0.0,0.017606088575049052,1.114197243537709,0.3077703509190744
2007-12-05,0.014438599086075764,0,0.0,0.0,0.014438599086075764,1.114197243537709,0.31224635951301094
2007-12-06,0.00019111323517306795,0,0.0,0.0,0.00019111323517306795,1.114197243537709,0.31230603962759673
2007-12-07,0.0040049638732772685,0,0.0,0.0,0.0040049638732772685,1.114197243537709,0.3135593220338989
2007-12-10,-0.023494244509958132,0,0.0,-0.0,-0.023494244509958132,1.114197243537709,0.3062783480544289
2007-12-11,0.008923434575955853,1,0.0005,0.008423434575955853,0.008923434575955853,1.123622250861014,0.3090236333253766
2007-12-12,-0.005422166653701166,1,0.0,-0.005422166653701166,-0.005422166653701166,1.117546271134458,0.30735259011697363
2007-12-13,-0.010344583317740137,1,0.0,-0.010344583317740137,-0.010344583317740137,1.1060453095091904,0.3041895440439251
2007-12-14,-0.024628851625303195,1,0.0,-0.024628851625303195,-0.024628851625303195,1.0791373992915843,0.2967892098352834
2007-12-17,0.004213912124980078,1,0.0,0.004213912124980078,0.004213912124980078,1.0836943840865014,0.29804249224158563
2007-12-18,0.0,1,0.0,0.0,0.0,1.0836943840865014,0.29804249224158563
2007-12-19,0.019040638704849944,0,0.0005,-0.0005,0.019040638704849944,1.0831526723336822,0.30377178324182436
2007-12-20,0.01849201111905938,0,0.0,0.0,0.01849201111905938,1.0831526723336822,0.3094413941274773
2007-12-21,0.007493550292639245,0,0.0,0.0,0.007493550292639245,1.0831526723336822,0.3117689185963243
2007-12-24,0.004964684629402327,0,0.0,0.0,0.004964684629402327,1.0831526723336822,0.3133206015755555
2007-12-26,-0.010916511741350528,0,0.0,-0.0,-0.010916511741350528,1.0831526723336822,0.30991883504416373
2007-12-27,-0.001348877745709263,0,0.0,-0.0,-0.001348877745709263,1.0831526723336822,0.30950107424206297
2007-12-28,-0.012417699339139141,0,0.0,-0.0,-0.012417699339139141,1.0831526723336822,0.30568154690857047
2007-12-31,-0.015147333971761141,0,0.0,-0.0,-0.015147333971761141,1.0831526723336822,0.30108617808546234
2008-01-02,0.003364008317359814,1,0.0005,0.002864008317359814,0.003364008317359814,1.0862592771437187,0.30210074003342124
2008-01-03,-0.04484694139439199,0,0.0005,-0.0005,-0.04484694139439199,1.085716283264929,0.2888517545953692
2008-01-04,-0.004763393080456568,1,0.0005,-0.005263393080456568,-0.004763393080456568,1.0800167443072095,0.2874791119598954
2008-01-07,-0.02629239685685471,1,0.0,-0.02629239685685471,-0.02629239685685471,1.0519905676332628,0.2800190976366679
2008-01-08,0.021088930021919302,1,0.0,0.021088930021919302,0.021088930021919302,1.0744115089724202,0.2859871090952499
2008-01-09,0.0014597020629602945,1,0.0,0.0014597020629602945,0.0014597020629602945,1.0759809748661613,0.28640486989735064
2008-01-10,-0.019781789838765634,1,0.0,-0.019781789838765634,-0.019781789838765634,1.0549052900073534,0.28079493912628356
2008-01-11,0.01727813737302893,1,0.0,0.01727813737302893,0.01727813737302893,1.0732904619054622,0.28568870852232076
2008-01-14,-0.027961999681341602,1,0.0,-0.027961999681341602,-0.027961999681341602,1.0436948193377746,0.2778109333969925
2008-01-15,-0.010799241021760273,1,0.0,-0.010799241021760273,-0.010799241021760273,1.0324843486681958,0.27482692766770145
2008-01-16,-0.013995417591456122,1,0.0,-0.013995417591456122,-0.013995417591456122,1.018134946211135,0.271007400334209
2008-01-17,-0.0013221685487140359,1,0.0,-0.0013221685487140359,-0.0013221685487140359,1.0167896897307858,0.2706493196466941
2008-01-18,-0.026137978569174523,1,0.0,-0.026137978569174523,-0.026137978569174523,0.9905571883639717,0.2636667462401531
2008-01-22,-0.0036281218936553834,1,0.0,-0.0036281218936553834,-0.0036281218936553834,0.9869698377497066,0.26271186440678007
2008-01-23,0.02001641100133085,1,0.0,0.02001641100133085,0.02001641100133085,1.0069244755415565,0.268023394604918
2008-01-24,-0.020698151739018223,0,0.0005,-0.0005,-0.020698151739018223,1.0064211391483702,0.26253282406302253
2008-01-25,0.00769931339633364,0,0.0,0.0,0.00769931339633364,1.0064211391483702,0.2645619479589404
2008-01-28,0.0018030205470486403,0,0.0,0.0,0.0018030205470486403,1.0064211391483702,0.26503938887562695
2008-01-29,-0.0009011039131927147,0,0.0,-0.0,-0.0009011039131927147,1.0064211391483702,0.26480066841728367
2008-01-30,0.016983648448091786,0,0.0,0.0,0.016983648448091786,1.0064211391483702,0.26933635712580606
2008-01-31,0.010138986920555733,0,0.0,0.0,0.010138986920555733,1.0064211391483702,0.2720810455956079
2008-02-01,-0.01413543984183625,0,0.0,-0.0,-0.01413543984183625,1.0064211391483702,0.2682621150632613
2008-02-04,-0.028891683324315846,0,0.0,-0.0,-0.028891683324315846,1.0064211391483702,0.26062246359513047
2008-02-05,-0.01988735743645866,0,0.0,-0.0,-0.01988735743645866,1.0064211391483702,0.25549057054189583
2008-02-06,0.0069832686021884405,1,0.0005,0.00648326860218844,0.0069832686021884405,1.012967234839524,0.2572809739794704
2008-02-07,0.011302161595945394,1,0.0,0.011302161595945394,0.011302161595945394,1.0244808962886394,0.2602052995941756
2008-02-08,0.01072212849890689,0,0.0005,-0.0005,0.01072212849890689,1.0239687838792666,0.26301026497970914
2008-02-11,-0.005688944686575159,0,0.0,-0.0,-0.005688944686575159,1.0239687838792666,0.2615182621150636
2008-02-12,0.021671277003288244,0,0.0,0.0,0.021671277003288244,1.0239687838792666,0.2672475531153024
2008-02-13,-0.01825402797789012,0,0.0,-0.0,-0.01825402797789012,1.0239687838792666,0.2624134638338509
2008-02-14,-0.003417249025398272,0,0.0,-0.0,-0.003417249025398272,1.0239687838792666,0.26151826211506357
2008-02-15,-0.001827318918698658,0,0.0,-0.0,-0.001827318918698658,1.0239687838792666,0.26104082119837707
2008-02-19,0.0045620517078423725,0,0.0,0.0,0.0045620517078423725,1.0239687838792666,0.26223442349009346
2008-02-20,-0.009604464408776865,0,0.0,-0.0,-0.009604464408776865,1.0239687838792666,0.25972785867748904
2008-02-21,0.0036697288889624017,0,0.0,0.0,0.0036697288889624017,1.0239687838792666,0.26068274051086215
2008-02-22,0.005023988644476046,0,0.0,0.0,0.005023988644476046,1.0239687838792666,0.2619957030317502
2008-02-25,0.0038649587727700796,0,0.0,0.0,0.0038649587727700796,1.0239687838792666,0.2630102649797092
2008-02-26,0.004979639081211149,0,0.0,0.0,0.004979639081211149,1.0239687838792666,0.2643232275005972
2008-02-27,-0.003845723549805155,0,0.0,-0.0,-0.003845723549805155,1.0239687838792666,0.26330866555263827
2008-02-28,-0.026876545955037225,0,0.0,-0.0,-0.026876545955037225,1.0239687838792666,0.25632609214609736
2008-02-29,-0.006540551230355823,1,0.0005,-0.007040551230355824,-0.006540551230355823,1.0167847984821323,0.25465504893769436
2008-03-03,0.005608801803524565,1,0.0,0.005608801803524565,0.005608801803524565,1.0225037661792429,0.25608737168775403
2008-03-04,0.004879708485157293,1,0.0,0.004879708485157293,0.004879708485157293,1.0275054800110075,0.2573400572929104
2008-03-05,-0.022275539730122088,0,0.0005,-0.0005,-0.022275539730122088,1.0269918556877833,0.25167104320840333
2008-03-06,-0.0023741701560390234,0,0.0,-0.0,-0.0023741701560390234,1.0269918556877833,0.25107424206254514
2008-03-07,-0.019441389959323815,1,0.0005,-0.019941389959323815,-0.019441389959323815,1.0067150563233402,0.24624015278109368
2008-03-10,0.03734761879349596,1,0.0,0.03734761879349596,0.03734761879349596,1.0450243949063087,0.25561052757221336
2008-03-11,-0.0028080415832264683,0,0.0005,-0.0005,-0.0028080415832264683,1.0445020133151364,0.25489376939603764
2008-03-12,0.007696831000153852,0,0.0,0.0,0.007696831000153852,1.0445020133151364,0.2568632131773697
2008-03-13,-0.018525562050346077,0,0.0,-0.0,-0.018525562050346077,1.0445020133151364,0.25214848412508994
2008-03-14,-0.01839297044185635,1,0.0005,-0.018892970441856352,-0.01839297044185635,1.0249535137371864,0.24755311530198174
2008-03-17,0.04363385239049154,1,0.0,0.04363385239049154,0.04363385239049154,1.0706662427731988,0.2585939365003585
2008-03-18,-0.025004223563907454,0,0.0005,-0.0005,-0.025004223563907454,1.0701310434627898,0.25220816423967574
2008-03-19,0.019449939439836205,0,0.0,0.0,0.019449939439836205,1.0701310434627898,0.25716161375029883
2008-03-20,0.033992133169093254,0,0.0,0.0,0.033992133169093254,1.0701310434627898,0.2660533540224402
2008-03-24,0.005594473370508145,0,0.0,0.0,0.005594473370508145,1.0701310434627898,0.2675459536882316
2008-03-25,-0.0029040565478248466,0,0.0,-0.0,-0.0029040565478248466,1.0701310434627898,0.2667701121986159
2008-03-26,-0.022396592744300038,0,0.0,-0.0,-0.022396592744300038,1.0701310434627898,0.26086178085461975
2008-03-27,-0.005045882265676138,0,0.0,-0.0,-0.005045882265676138,1.0701310434627898,0.2595488183337317
2008-03-28,0.005274636698790776,0,0.0,0.0,0.005274636698790776,1.0701310434627898,0.2609214609692056
2008-03-31,0.04188273091701225,0,0.0,0.0,0.04188273091701225,1.0701310434627898,0.272081642396754
2008-04-01,-0.0021958726434373357,0,0.0,-0.0,-0.0021958726434373357,1.0701310434627898,0.2714848412508958
2008-04-02,0.0021958726434374563,0,0.0,0.0,0.0021958726434374563,1.0701310434627898,0.27208164239675403
2008-04-03,0.005904883204408278,0,0.0,0.0,0.005904883204408278,1.0701310434627898,0.27369300549057113
2008-04-04,-0.0021829303582159903,0,0.0,-0.0,-0.0021829303582159903,1.0701310434627898,0.27309620434471293
2008-04-07,-0.007678001961682764,0,0.0,-0.0,-0.007678001961682764,1.0701310434627898,0.2710074003342092
2008-04-08,-0.01129455036165113,0,0.0,-0.0,-0.01129455036165113,1.0701310434627898,0.2679637144903324
2008-04-09,0.014153265887385007,1,0.0005,0.013653265887385007,0.014153265887385007,1.0848420250811048,0.27178324182382496
2008-04-10,-0.02805795279515738,0,0.0005,-0.0005,-0.02805795279515738,1.0842997396512195,0.2642635473860116
2008-04-11,-0.00452694299577718,0,0.0,-0.0,-0.00452694299577718,1.0842997396512195,0.26306994509429515
2008-04-14,0.0013602359839314396,0,0.0,0.0,0.0013602359839314396,1.0842997396512195,0.2634280257818101
2008-04-15,0.027484692847282173,1,0.0005,0.026984692847282173,0.027484692847282173,1.113957589413049,0.27076867987586606
2008-04-16,-0.0022065322280052373,0,0.0005,-0.0005,-0.0022065322280052373,1.1134007498398364,0.27017187873000786
2008-04-17,0.0313137130661494,0,0.0,0.0,0.0313137130661494,1.1134007498398364,0.278765815230366
2008-04-18,0.007040029076354818,0,0.0,0.0,0.007040029076354818,1.1134007498398364,0.28073525901169805
2008-04-21,-0.01499278458614128,0,0.0,-0.0,-0.01499278458614128,1.1134007498398364,0.27655765099069063
2008-04-22,0.010945489680201074,0,0.0,0.0,0.010945489680201074,1.1134007498398364,0.27960133683456745
2008-04-23,0.008924836120713818,0,0.0,0.0,0.008924836120713818,1.1134007498398364,0.28210790164717187
2008-04-24,-0.0025418357256786193,1,0.0005,-0.0030418357256786193,-0.0025418357256786193,1.1100191134606077,0.28139174027214203
2008-04-25,0.0019069822496950274,0,0.0005,-0.0005,0.0019069822496950274,1.109464242633144,0.28192886130341444
2008-04-28,0.007591769908212663,0,0.0,0.0,0.007591769908212663,1.109464242633144,0.2840773454285039
2008-04-29,-0.008227026679178916,0,0.0,-0.0,-0.008227026679178916,1.109464242633144,0.28174982095965695
2008-04-30,0.031073295530348814,0,0.0,0.0,0.031073295530348814,1.109464242633144,0.29064215803294413
2008-05-01,0.0014363396334170853,0,0.0,0.0,0.0014363396334170853,1.109464242633144,0.2910599188350449
2008-05-02,-0.0028747453062668506,0,0.0,-0.0,-0.0028747453062668506,1.109464242633144,0.2902243972308434
2008-05-05,0.006150080885337693,0,0.0,0.0,0.006150080885337693,1.109464242633144,0.292014800668418
2008-05-06,-0.01835670808924938,1,0.0005,-0.018856708089249382,-0.01835670808924938,1.0887394143922078,0.28670327047028005
2008-05-07,0.007465816510803205,1,0.0,0.007465816510803205,0.007465816510803205,1.0968981610446056,0.2888517545953696
2008-05-08,-0.003933345305055106,1,0.0,-0.003933345305055106,-0.003933345305055106,1.0925921558669511,0.28771783241823895
2008-05-09,0.018088879652430244,0,0.0005,-0.0005,0.018088879652430244,1.0920459963402775,0.2929696825017912
2008-05-12,0.0026446968929486497,0,0.0,0.0,0.0026446968929486497,1.0920459963402775,0.2937455239914068
2008-05-13,-0.0022373649117565816,0,0.0,-0.0,-0.0022373649117565816,1.0920459963402775,0.29308904273096276
2008-05-14,0.017360145304960408,1,0.0005,0.016860145304960408,0.017360145304960408,1.1106141414775137,0.2982215325853433
2008-05-15,0.0007981604726194767,1,0.0,0.0007981604726194767,0.0007981604726194767,1.1115009436437124,0.2984596562425407
2008-05-16,-0.007222595337551659,1,0.0,-0.007222595337551659,-0.007222595337551659,1.1035019436533628,0.29631176891859695
2008-05-19,-0.007683013935309811,1,0.0,-0.007683013935309811,-0.007683013935309811,1.095056208737184,0.2940439245643358
2008-05-20,-0.02237137936914649,1,0.0,-0.02237137936914649,-0.02237137936914649,1.070830284898671,0.2875387920744814
2008-05-21,0.003522224712578114,1,0.0,0.003522224712578114,0.003522224712578114,1.0746086399927512,0.28855335402244037
2008-05-22,-0.0031072008427487155,1,0.0,-0.0031072008427487155,-0.0031072008427487155,1.0712747972626806,0.2876581523036531
2008-05-23,0.017481164954817406,1,0.0,0.017481164954817406,0.017481164954817406,1.0901665727330805,0.2927309620434478
2008-05-27,0.004069181606725749,0,0.0005,-0.0005,0.004069181606725749,1.0896216256948266,0.2939245643351642
2008-05-28,0.00889433799613118,0,0.0,0.0,0.00889433799613118,1.0896216256948266,0.29655048937694023
2008-05-29,0.00641927981658319,0,0.0,0.0,0.00641927981658319,1.0896216256948266,0.2984602530436865
2008-05-30,-0.012272561236935521,0,0.0,-0.0,-0.012272561236935521,1.0896216256948266,0.2948197660539515
2008-06-02,-0.005480578013319906,1,0.0005,-0.005980578013319906,-0.005480578013319906,1.0831245061877595,0.2932084029601344
2008-06-03,0.012741602250366964,1,0.0,0.012741602250366964,0.012741602250366964,1.0970135442276185,0.29696825017904105
2008-06-04,0.015751497035556332,1,0.0,0.015751497035556332,0.015751497035556332,1.1144299570077596,0.3016829792313208
2008-06-05,-0.030530589803338403,0,0.0005,-0.0005,-0.030530589803338403,1.1138728813097858,0.2926116018142762
2008-06-06,-0.005316985941180597,1,0.0005,-0.005816985941180597,-0.005316985941180597,1.1074123071707827,0.2910599188350449
2008-06-09,-0.004727169423505975,1,0.0,-0.004727169423505975,-0.004727169423505975,1.1021897352895178,0.289687276199571
2008-06-10,-0.024188001567815885,1,0.0,-0.024188001567815885,-0.024188001567815885,1.0758498075405307,0.28276438290761585
2008-06-11,0.0008438819066200568,1,0.0,0.0008438819066200568,0.0008438819066200568,1.0767580809111854,0.28300310336595913
2008-06-12,0.019835706197632363,1,0.0,0.019835706197632363,0.019835706197632363,1.0983295734642353,0.28867271425161206
2008-06-13,0.00885052602420971,1,0.0,0.00885052602420971,0.00885052602420971,1.1080935121987738,0.2912389591788024
2008-06-16,-0.005342112560646104,0,0.0005,-0.0005,-0.005342112560646104,1.107539603931281,0.2896872761995711
2008-06-17,-0.010770609505348095,0,0.0,-0.0,-0.010770609505348095,1.107539603931281,0.2865839102411084
2008-06-18,0.015497778928854152,1,0.0005,0.014997778928854151,0.015497778928854152,1.1242754244314839,0.29105991883504495
2008-06-19,-0.028071289084701787,1,0.0,-0.028071289084701787,-0.028071289084701787,1.093154411042464,0.2830031033659593
2008-06-20,-0.007833214605870905,1,0.0,-0.007833214605870905,-0.007833214605870905,1.0846249481136214,0.2807949391262839
2008-06-23,-0.005114010719409329,0,0.0005,-0.0005,-0.005114010719409329,1.0840827711950896,0.2793626163762242
2008-06-24,0.01610545513221089,1,0.0005,0.015605455132210889,0.01610545513221089,1.101133069049145,0.28389830508474656
2008-06-25,-0.04119870340321272,0,0.0005,-0.0005,-0.04119870340321272,1.1005826401333165,0.27243972308426906
2008-06-26,0.0,0,0.0,0.0,0.0,1.1005826401333165,0.27243972308426906
2008-06-27,-0.01057045737446456,1,0.0005,-0.01107045737446456,-0.01057045737446456,1.0884658797157432,0.2695750775841498
2008-06-30,0.014069258232137867,0,0.0005,-0.0005,0.014069258232137867,1.0879217828114467,0.2733946049176422
2008-07-01,-0.024305217652761498,1,0.0005,-0.0248052176527615,-0.024305217652761498,1.0612675943495888,0.26682979231320203
2008-07-02,-0.0017909116047106933,0,0.0005,-0.0005,-0.0017909116047106933,1.0607370931887563,0.2663523513965154
2008-07-03,0.00603151610702994,1,0.0005,0.005531516107029941,0.00603151610702994,1.066620835510372,0.2679637144903325
2008-07-07,0.023551215069928078,0,0.0005,-0.0005,0.023551215069928078,1.0660876583980026,0.2743494867510153
2008-07-08,-0.026897565097272213,0,0.0,-0.0,-0.026897565097272213,1.0660876583980026,0.2670685127715452
2008-07-09,0.011773989174063203,0,0.0,0.0,0.011773989174063203,1.0660876583980026,0.2702315588445937
2008-07-10,-0.016028838275898915,1,0.0005,-0.016528838275898915,-0.016028838275898915,1.0486112977540765,0.26593459059441465
2008-07-11,-0.007433303738793322,1,0.0,-0.007433303738793322,-0.007433303738793322,1.0408455498128995,0.2639651468130826
2008-07-14,0.00022606533384397692,0,0.0005,-0.0005,0.00022606533384397692,1.0403252571220052,0.2640248269276684
2008-07-15,0.024560287865303645,0,0.0,0.0,0.024560287865303645,1.0403252571220052,0.27058963953210863
2008-07-16,0.006594879914491991,0,0.0,0.0,0.006594879914491991,1.0403252571220052,0.27238004296968327
2008-07-17,-0.023274906354489585,0,0.0,-0.0,-0.023274906354489585,1.0403252571220052,0.26611363093817214
2008-07-18,0.004251992531223339,0,0.0,0.0,0.004251992531223339,1.0403252571220052,0.26724755311530274
2008-07-21,0.0,0,0.0,0.0,0.0,1.0403252571220052,0.26724755311530274
2008-07-22,0.013089482505263601,0,0.0,0.0,0.013089482505263601,1.0403252571220052,0.2707686798758661
2008-07-23,-0.015101330730512433,0,0.0,-0.0,-0.015101330730512433,1.0403252571220052,0.26671043208403034
2008-07-24,0.012894798502507104,0,0.0,0.0,0.012894798502507104,1.0403252571220052,0.2701718787300079
2008-07-25,-0.018954742981585893,0,0.0,-0.0,-0.018954742981585893,1.0403252571220052,0.2650990689902132
2008-07-28,0.020499826613101638,0,0.0,0.0,0.020499826613101638,1.0403252571220052,0.27058963953210863
2008-07-29,0.005059960196408147,0,0.0,0.0,0.005059960196408147,1.0403252571220052,0.27196228216758245
2008-07-30,-0.002416786851393985,0,0.0,-0.0,-0.002416786851393985,1.0403252571220052,0.27130580090713846
2008-07-31,-0.012840557209956222,0,0.0,-0.0,-0.012840557209956222,1.0403252571220052,0.26784435426116093
2008-08-01,-0.010077344266623867,0,0.0,-0.0,-0.010077344266623867,1.0403252571220052,0.26515874910479903
2008-08-04,0.033203581389884884,1,0.0005,0.032703581389884884,0.033203581389884884,1.0749100599112296,0.27411076629267206
2008-08-05,0.015125612482527495,0,0.0005,-0.0005,0.015125612482527495,1.0743727392226403,0.2782883743136795
2008-08-06,-0.0077503079013213,0,0.0,-0.0,-0.0077503079013213,1.0743727392226403,0.2761398901885899
2008-08-07,0.022439236191277804,0,0.0,0.0,0.022439236191277804,1.0743727392226403,0.28240630222010105
2008-08-08,0.009046027816553295,0,0.0,0.0,0.009046027816553295,1.0743727392226403,0.28497254714729137
2008-08-11,0.0010465725706708953,0,0.0,0.0,0.0010465725706708953,1.0743727392226403,0.28527094772022044
2008-08-12,-0.0020942416031146257,0,0.0,-0.0,-0.0020942416031146257,1.0743727392226403,0.28467414657436224
2008-08-13,0.011464429890699434,0,0.0,0.0,0.011464429890699434,1.0743727392226403,0.2879565528765824
2008-08-14,-0.0018670267844293992,0,0.0,-0.0,-0.0018670267844293992,1.0743727392226403,0.28741943184531
2008-08-15,-0.011696039763191187,0,0.0,-0.0,-0.011696039763191187,1.0743727392226403,0.2840773454285041
2008-08-18,-0.012472416201335237,0,0.0,-0.0,-0.012472416201335237,1.0743727392226403,0.28055621866794067
2008-08-19,0.0017003192194242002,1,0.0005,0.0012003192194242002,0.0017003192194242002,1.0756631037400937,0.2810336595846273
2008-08-20,-0.0046828523208485885,1,0.0,-0.0046828523208485885,-0.0046828523208485885,1.0706377080547502,0.2797206970637392
2008-08-21,0.013141350626415851,1,0.0,0.013141350626415851,0.013141350626415851,1.0848001868043544,0.28342086416806006
2008-08-22,-0.021281926858537057,0,0.0005,-0.0005,-0.021281926858537057,1.0842579222883784,0.27745285270947806
2008-08-25,-0.0012914336706630332,1,0.0005,-0.0017914336706630332,-0.0012914336706630332,1.0823172849192673,0.2770947720219631
2008-08-26,0.006440554680504333,1,0.0,0.006440554680504333,0.006440554680504333,1.0893105045073737,0.27888517545953767
2008-08-27,0.00809893599961507,1,0.0,0.00809893599961507,0.00809893599961507,1.0981685826523087,0.2811530198137989
2008-08-28,-0.0212385973110915,1,0.0,-0.0212385973110915,-0.0212385973110915,1.0750909580115573,0.27524468846980266
2008-08-29,-0.01243607169489101,1,0.0,-0.01243607169489101,-0.01243607169489101,1.0618038407941552,0.2718429219384109
2008-09-02,-0.009485016516163833,1,0.0,-0.009485016516163833,-0.009485016516163833,1.0517802260512026,0.26927667701122066
2008-09-03,-0.032893256068005604,1,0.0,-0.032893256068005604,-0.032893256068005604,1.017746557389085,0.26056338028169096
2008-09-04,-0.00482149941039661,1,0.0,-0.00482149941039661,-0.00482149941039661,1.0128513036774105,0.2593100978753888
2008-09-05,-0.0032272964848657905,1,0.0,-0.0032272964848657905,-0.0032272964848657905,1.0095878012029609,0.25847457627118725
2008-09-08,-0.020056642469178942,1,0.0,-0.020056642469178942,-0.020056642469178942,0.9895405717170559,0.2533420864168067
2008-09-09,0.008211189830394624,1,0.0,0.008211189830394624,0.008211189830394624,0.9976993279031798,0.25543089042731043
2008-09-10,0.01851904776723753,1,0.0,0.01851904776723753,0.01851904776723753,1.0163479134714637,0.260205299594176
2008-09-11,-0.003906703808258122,0,0.0005,-0.0005,-0.003906703808258122,1.0158398665370458,0.2591907376462171
2008-09-12,-0.031577878117276074,0,0.0,-0.0,-0.031577878117276074,1.0158398665370458,0.2511339221771314
2008-09-15,0.007811615057044916,1,0.0005,0.007311615057044916,0.007811615057044916,1.023294516154702,0.25310336595846344
2008-09-16,-0.05326846257731663,1,0.0,-0.05326846257731663,-0.05326846257731663,0.9702115655406879,0.23997374074958303
2008-09-17,0.033263032355363355,1,0.0,0.033263032355363355,0.033263032355363355,1.0030264804657147,0.24809023633325455
2008-09-18,0.03149307266942509,0,0.0005,-0.0005,0.03149307266942509,1.0025250925828981,0.2560276915731686
2008-09-19,-0.04823088003852218,0,0.0,-0.0,-0.04823088003852218,1.0025250925828981,0.24397230842683293
2008-09-22,-0.0076120686770931355,0,0.0,-0.0,-0.0076120686770931355,1.0025250925828981,0.24212222487467253
2008-09-23,0.006877944087656021,0,0.0,0.0,0.006877944087656021,1.0025250925828981,0.2437932680830755
2008-09-24,0.015786605930640626,1,0.0005,0.015286605930640625,0.015786605930640626,1.0179680329559715,0.2476724755311538
2008-09-25,-0.010172042176295156,0,0.0005,-0.0005,-0.010172042176295156,1.0174591761642926,0.24516591071854932
2008-09-26,-0.08268332183004595,0,0.0,-0.0,-0.08268332183004595,1.0174591761642926,0.22571019336357195
2008-09-29,0.028413223766150762,1,0.0005,0.027913223766150762,0.028413223766150762,1.0462598314151967,0.23221532585342636
2008-09-30,-0.010593045702723581,1,0.0,-0.010593045702723581,-0.010593045702723581,1.0352352482519938,0.2297684411554077
2008-10-01,-0.04652001563489282,0,0.0005,-0.0005,-0.04652001563489282,1.0347177600107091,0.2193244211028892
2008-10-02,-0.01563174569169657,1,0.0005,-0.01613174569169657,-0.01563174569169657,1.0181598691602751,0.21592265457149745
2008-10-03,-0.03716643987527427,1,0.0,-0.03716643987527427,-0.03716643987527427,0.9810130745972137,0.20804487944616917
2008-10-06,-0.06549518436943477,1,0.0,-0.06549518436943477,-0.06549518436943477,0.9188203352151184,0.19485557412270293
2008-10-07,-0.007995122539202088,1,0.0,-0.007995122539202088,-0.007995122539202088,0.9115035423466367,0.19330389114347163
2008-10-08,-0.02722746819355962,1,0.0,-0.02722746819355962,-0.02722746819355962,0.8870204277482552,0.18811172117450525
2008-10-09,-0.006365393867075959,1,0.0,-0.006365393867075959,-0.006365393867075959,0.8813921255417307,0.18691811888278886
2008-10-10,0.11479859515513334,1,0.0,0.11479859515513334,0.11479859515513334,0.9886112825760218,0.20965624253998635
2008-10-13,-0.04423182454072148,0,0.0005,-0.0005,-0.04423182454072148,0.9881171004905507,0.20058486512294169
2008-10-14,-0.0938236327786792,0,0.0,-0.0,-0.0938236327786792,0.9881171004905507,0.1826211506326098
2008-10-15,0.05282806373872753,1,0.0005,0.05232806373872753,0.05282806373872753,1.0412001083958313,0.19252804965385592
2008-10-16,0.001239157531548053,1,0.0,0.001239157531548053,0.001239157531548053,1.0424911190696018,0.1927667701121992
2008-10-17,0.0274826456938321,0,0.0005,-0.0005,0.0274826456938321,1.041970003799741,0.19813798042492303
2008-10-20,-0.05319745237324043,0,0.0,-0.0,-0.05319745237324043,1.041970003799741,0.18787300071616198
2008-10-21,-0.02802567059188135,0,0.0,-0.0,-0.02802567059188135,1.041970003799741,0.18268083074719563
2008-10-22,-0.003927991957157709,0,0.0,-0.0,-0.003927991957157709,1.041970003799741,0.18196466937216577
2008-10-23,-0.03266957204531529,0,0.0,-0.0,-0.03266957204531529,1.041970003799741,0.17611601814275543
2008-10-24,-0.02818055896157459,0,0.0,-0.0,-0.02818055896157459,1.041970003799741,0.17122224874671815
2008-10-27,0.10480267448862898,1,0.0005,0.10430267448862898,0.10480267448862898,1.1565203864710085,0.19014084507042314
2008-10-28,-0.0025141433733324595,0,0.0005,-0.0005,-0.0025141433733324595,1.1559422708187301,0.18966340415373661
2008-10-29,0.03281012347565765,0,0.0,0.0,0.03281012347565765,1.1559422708187301,0.1959894962998336
2008-10-30,0.0015213756167379467,0,0.0,0.0,0.0015213756167379467,1.1559422708187301,0.19628789687276266
2008-10-31,-0.0021305745390208033,0,0.0,-0.0,-0.0021305745390208033,1.1559422708187301,0.19587013607066192
2008-11-03,0.02794233165659403,0,0.0,0.0,0.02794233165659403,1.1559422708187301,0.2014203867271432
2008-11-04,-0.05355706335711221,0,0.0,-0.0,-0.05355706335711221,1.1559422708187301,0.19091668656003885
2008-11-05,-0.04573138966310692,0,0.0,-0.0,-0.04573138966310692,1.1559422708187301,0.18238243017426656
2008-11-06,0.020405566321392322,0,0.0,0.0,0.020405566321392322,1.1559422708187301,0.18614227739317327
2008-11-07,-0.013557341285761462,0,0.0,-0.0,-0.013557341285761462,1.1559422708187301,0.1836357125805688
2008-11-10,-0.022015017579120406,0,0.0,-0.0,-0.022015017579120406,1.1559422708187301,0.17963714490331883
2008-11-11,-0.04727967762185744,0,0.0,-0.0,-0.04727967762185744,1.1559422708187301,0.17134160897588985
2008-11-12,0.059168853334043175,1,0.0005,0.058668853334043175,0.059168853334043175,1.2257889574667606,0.18178562902840836
2008-11-13,-0.04980841057447947,1,0.0,-0.04980841057447947,-0.04980841057447947,1.1662299404920131,0.17295297206970697
2008-11-14,-0.021273688071776275,0,0.0005,-0.0005,-0.021273688071776275,1.1656469712762163,0.16931248507997196
2008-11-17,-0.0010580145582255918,1,0.0005,-0.0015580145582255918,-0.0010580145582255918,1.1638322903419547,0.1691334447362145
2008-11-18,-0.053636043167442866,1,0.0,-0.053636043167442866,-0.053636043167442866,1.103053469251408,0.16030078777751308
2008-11-19,-0.04960956158575746,1,0.0,-0.04960956158575746,-0.04960956158575746,1.049666666942144,0.15254237288135647
2008-11-20,0.04251070868458897,1,0.0,0.04251070868458897,0.04251070868458897,1.0952507827600542,0.15916686560038254
2008-11-21,0.05932246645526892,1,0.0,0.05932246645526892,0.05932246645526892,1.1621896195016697,0.16889472427787122
2008-11-24,-0.0046042227609106754,0,0.0005,-0.0005,-0.0046042227609106754,1.1616086699414119,0.16811888278825557
2008-11-25,0.041034964385824296,0,0.0,0.0,0.041034964385824296,1.1616086699414119,0.17516113630938238
2008-11-26,-0.007867322945620219,0,0.0,-0.0,-0.007867322945620219,1.1616086699414119,0.1737884936739085
2008-11-28,-0.07818431650497774,0,0.0,-0.0,-0.07818431650497774,1.1616086699414119,0.16071854857961385
2008-12-01,0.032873668714291836,0,0.0,0.0,0.032873668714291836,1.1616086699414119,0.16608975889233765
2008-12-02,0.027991198590505535,0,0.0,0.0,0.027991198590505535,1.1616086699414119,0.17080448794461747
2008-12-03,-0.02871010588243148,0,0.0,-0.0,-0.02871010588243148,1.1616086699414119,0.165970398663166
2008-12-04,0.03982905295746435,0,0.0,0.0,0.03982905295746435,1.1616086699414119,0.1727142516113637
2008-12-05,0.038635777878301095,0,0.0,0.0,0.038635777878301095,1.1616086699414119,0.17951778467414717
2008-12-08,-0.002329839629363184,0,0.0,-0.0,-0.002329839629363184,1.1616086699414119,0.17910002387204643
2008-12-09,-0.0033377868104191525,0,0.0,-0.0,-0.0033377868104191525,1.1616086699414119,0.1785032227261882
2008-12-10,-0.02779840013474644,0,0.0,-0.0,-0.02779840013474644,1.1616086699414119,0.17360945333015096
2008-12-11,0.020078945792069383,0,0.0,0.0,0.020078945792069383,1.1616086699414119,0.17713058009071433
2008-12-12,-0.01767551115872233,0,0.0,-0.0,-0.01767551115872233,1.1616086699414119,0.17402721413225167
2008-12-15,0.04689405715786238,0,0.0,0.0,0.04689405715786238,1.1616086699414119,0.18238243017426653
2008-12-16,-0.012181220579572206,0,0.0,-0.0,-0.012181220579572206,1.1616086699414119,0.1801742659345912
2008-12-17,-0.017711407008961483,0,0.0,-0.0,-0.017711407008961483,1.1616086699414119,0.17701121986154272
2008-12-18,0.006720455401258357,0,0.0,0.0,0.006720455401258357,1.1616086699414119,0.17820482215325914
2008-12-19,-0.022008675711394716,0,0.0,-0.0,-0.022008675711394716,1.1616086699414119,0.17432561470518082
2008-12-22,-0.005148458257512858,1,0.0005,-0.0056484582575128586,-0.005148458257512858,1.1550658676262753,0.17343041298639353
2008-12-23,0.002749142624921935,0,0.0005,-0.0005,0.002749142624921935,1.1544884790516348,0.1739078539030801
2008-12-24,-0.00034322979571563137,0,0.0,-0.0,-0.00034322979571563137,1.1544884790516348,0.1738481737884943
2008-12-26,-0.008273056493199288,0,0.0,-0.0,-0.008273056493199288,1.1544884790516348,0.17241585103843463
2008-12-29,0.020555708349040927,0,0.0,0.0,0.020555708349040927,1.1544884790516348,0.17599665791358382
2008-12-30,0.008441718204824155,0,0.0,0.0,0.008441718204824155,1.1544884790516348,0.17748866077822933
2008-12-31,0.04246153742827987,0,0.0,0.0,0.04246153742827987,1.1544884790516348,0.18518739555980016
2009-01-02,-0.000322320711896111,0,0.0,-0.0,-0.000322320711896111,1.1544884790516348,0.18512771544521434
2009-01-05,0.009943947215707618,0,0.0,0.0,0.009943947215707618,1.1544884790516348,0.18697779899737477
2009-01-06,-0.028818571970615173,0,0.0,-0.0,-0.028818571970615173,1.1544884790516348,0.1816662687992368
2009-01-07,0.010457611643958224,0,0.0,0.0,0.010457611643958224,1.1544884790516348,0.18357603246598309
2009-01-08,-0.02268714763700562,0,0.0,-0.0,-0.02268714763700562,1.1544884790516348,0.17945810455956146
2009-01-09,-0.01845999726816596,0,0.0,-0.0,-0.01845999726816596,1.1544884790516348,0.17617569825734133
2009-01-12,0.0003386960235595419,1,0.0005,-0.00016130397644045812,0.0003386960235595419,1.1543022704877037,0.17623537837192718
2009-01-13,-0.03095157664580766,0,0.0005,-0.0005,-0.03095157664580766,1.1537252636161988,0.17086416805920335
2009-01-14,0.01624869021579008,1,0.0005,0.01574869021579008,0.01624869021579008,1.1720387536177743,0.1736631654332783
2009-01-15,0.010970905847477707,1,0.0,0.010970905847477707,0.010970905847477707,1.184967872828445,0.17557889711148314
2009-01-16,-0.05089979780768197,1,0.0,-0.05089979780768197,-0.05089979780768197,1.1261625331163603,0.16686560038195336
2009-01-20,0.041679995430891764,1,0.0,0.041679995430891764,0.041679995430891764,1.174092912744703,0.17396753401766596
2009-01-21,-0.0134693799436553,1,0.0,-0.0134693799436553,-0.0134693799436553,1.1583846370681876,0.17164000954881897
2009-01-22,0.004856062265540396,1,0.0,0.004856062265540396,0.004856062265540396,1.1640235052597572,0.17247553115302044
2009-01-23,0.007240162639145381,0,0.0005,-0.0005,0.007240162639145381,1.163441638985818,0.17372881355932268
2009-01-26,0.007188119260918914,0,0.0,0.0,0.007188119260918914,1.163441638985818,0.17498209596562492
2009-01-27,0.034526640487056635,0,0.0,0.0,0.034526640487056635,1.163441638985818,0.1811291477679644
2009-01-28,-0.025698060222853585,0,0.0,-0.0,-0.025698060222853585,1.163441638985818,0.17653377894485622
2009-01-29,-0.017735799140516866,0,0.0,-0.0,-0.017735799140516866,1.163441638985818,0.17343041298639356
2009-01-30,0.011972094423766812,0,0.0,0.0,0.011972094423766812,1.163441638985818,0.1755192169968973
2009-02-02,0.015519879662114822,0,0.0,0.0,0.015519879662114822,1.163441638985818,0.17826450226784502
2009-02-03,0.0013382404138382997,0,0.0,0.0,0.0013382404138382997,1.163441638985818,0.1785032227261883
2009-02-04,0.02182626326088641,0,0.0,0.0,0.02182626326088641,1.163441638985818,0.1824421102888524
2009-02-05,0.02583288629984369,0,0.0,0.0,0.02583288629984369,1.163441638985818,0.18721651945571802
2009-02-06,0.004135523629000675,0,0.0,0.0,0.004135523629000675,1.163441638985818,0.18799236094533367
2009-02-09,-0.037520571911201235,0,0.0,-0.0,-0.037520571911201235,1.163441638985818,0.18106946765337853
2009-02-10,-0.00462504953956227,0,0.0,-0.0,-0.00462504953956227,1.163441638985818,0.18023394604917703
2009-02-11,0.01217721152191932,1,0.0005,0.01167721152191932,0.01217721152191932,1.1771070246160613,0.1824421102888524
2009-02-12,-0.004590171993863448,0,0.0005,-0.0005,-0.004590171993863448,1.1765186182176113,0.18160658868465093
2009-02-13,-0.040575557586326264,0,0.0,-0.0,-0.040575557586326264,1.1765186182176113,0.17438529481976667
2009-02-17,0.0006842285590243227,1,0.0005,0.00018422855902432264,0.0006842285590243227,1.1767353865141532,0.1745046550489383
2009-02-18,-0.015509530257493218,1,0.0,-0.015509530257493218,-0.015509530257493218,1.1586255737942022,0.1718190498925764
2009-02-19,0.0027748890507592393,1,0.0,0.0027748890507592393,0.0027748890507592393,1.1618450960555269,0.172296490809263
2009-02-20,-0.03561102532318412,1,0.0,-0.03561102532318412,-0.03561102532318412,1.1211986275063033,0.16626879923609514
2009-02-23,0.03248873310756216,1,0.0,0.03248873310756216,0.03248873310756216,1.1582231335115367,0.17175936977799058
2009-02-24,-0.006623695125001397,1,0.0,-0.006623695125001397,-0.006623695125001397,1.1505767681408905,0.17062544760086
2009-02-25,-0.028380762579808108,0,0.0005,-0.0005,-0.028380762579808108,1.1500016235549488,0.16585103843399437
2009-02-26,-0.00939992459989638,1,0.0005,-0.00989992459989638,-0.00939992459989638,1.1386728636525045,0.16429935545476307
2009-02-27,-0.032862473482327584,1,0.0,-0.032862473482327584,-0.032862473482327584,1.1018614270869131,0.15898782525662508
2009-03-02,-0.0007510327052227691,1,0.0,-0.0007510327052227691,-0.0007510327052227691,1.1010342037933045,0.15886846502745344
2009-03-03,0.026322186973011055,1,0.0,0.026322186973011055,0.026322186973011055,1.1304006307164167,0.16310575316304668
2009-03-04,-0.030462979639042348,0,0.0005,-0.0005,-0.030462979639042348,1.1298355716775903,0.15821198376700946
2009-03-05,-0.007953081117215297,0,0.0,-0.0,-0.007953081117215297,1.1298355716775903,0.15695870136070722
2009-03-06,-0.02152273701573836,1,0.0005,-0.02202273701573836,-0.02152273701573836,1.1052254853921608,0.1536166149439013
2009-03-09,0.059938797771996004,1,0.0,0.059938797771996004,0.059938797771996004,1.173496989734567,0.1631057531630467
2009-03-10,0.015250840252466894,0,0.0005,-0.0005,0.015250840252466894,1.1729103879023788,0.16561231797565118
2009-03-11,0.03261543970283505,0,0.0,0.0,0.03261543970283505,1.1729103879023788,0.17110288851754665
2009-03-12,0.0024386007556003514,0,0.0,0.0,0.0024386007556003514,1.1729103879023788,0.1715206493196474
2009-03-13,-0.01684250339449735,0,0.0,-0.0,-0.01684250339449735,1.1729103879023788,0.16865600381952803
2009-03-16,0.03716350573297824,0,0.0,0.0,0.03716350573297824,1.1729103879023788,0.1750417760802108
2009-03-17,0.01253616281929426,0,0.0,0.0,0.01253616281929426,1.1729103879023788,0.1772499403198861
2009-03-18,-0.000673627509474165,0,0.0,-0.0,-0.000673627509474165,1.1729103879023788,0.1771305800907145
2009-03-19,-0.0169898752045401,0,0.0,-0.0,-0.0169898752045401,1.1729103879023788,0.17414657436142347
2009-03-20,0.057272640809060235,0,0.0,0.0,0.057272640809060235,1.1729103879023788,0.18441155407018459
2009-03-23,-0.018618862203210098,0,0.0,-0.0,-0.018618862203210098,1.1729103879023788,0.1810097875387928
2009-03-24,0.004605271297127997,0,0.0,0.0,0.004605271297127997,1.1729103879023788,0.1818453091429943
2009-03-25,0.030383720552937594,0,0.0,0.0,0.030383720552937594,1.1729103879023788,0.18745523991406143
2009-03-26,-0.018962483658585435,0,0.0,-0.0,-0.018962483658585435,1.1729103879023788,0.18393411315349806
2009-03-27,-0.02496844556714127,0,0.0,-0.0,-0.02496844556714127,1.1729103879023788,0.17939842444497572
2009-03-30,0.008612176449342483,0,0.0,0.0,0.008612176449342483,1.1729103879023788,0.18095010742420706
2009-03-31,0.014732628559779633,1,0.0005,0.014232628559779633,0.014732628559779633,1.1897233482847331,0.18363571258056896
2009-04-01,0.031667447044984566,0,0.0005,-0.0005,0.031667447044984566,1.1891286353012265,0.18954404392456517
2009-04-02,0.01840638456797465,0,0.0,0.0,0.01840638456797465,1.1891286353012265,0.19306517068512857
2009-04-03,-0.0024760148830390853,0,0.0,-0.0,-0.0024760148830390853,1.1891286353012265,0.19258772976844202
2009-04-06,-0.026693373236395413,0,0.0,-0.0,-0.026693373236395413,1.1891286353012265,0.18751492002864728
2009-04-07,0.016727547996068622,0,0.0,0.0,0.016727547996068622,1.1891286353012265,0.19067796610169574
2009-04-08,0.030515543925950413,0,0.0,0.0,0.030515543925950413,1.1891286353012265,0.19658629744569192
2009-04-09,-0.0015190645485285642,0,0.0,-0.0,-0.0015190645485285642,1.1891286353012265,0.19628789687276285
2009-04-13,-0.012236310519956588,0,0.0,-0.0,-0.012236310519956588,1.1891286353012265,0.19390069228933005
2009-04-14,-0.0027739268827253194,0,0.0,-0.0,-0.0027739268827253194,1.1891286353012265,0.19336357125805764
2009-04-15,0.02559554718896394,0,0.0,0.0,0.02559554718896394,1.1891286353012265,0.1983767008832666
2009-04-16,0.0021036822183409464,0,0.0,0.0,0.0021036822183409464,1.1891286353012265,0.19879446168536735
2009-04-17,-0.0326497345671607,0,0.0,-0.0,-0.0326497345671607,1.1891286353012265,0.19240868942468456
2009-04-20,0.013861303097691466,0,0.0,0.0,0.013861303097691466,1.1891286353012265,0.19509429458104643
2009-04-21,0.003054370120437595,1,0.0005,0.002554370120437595,0.003054370120437595,1.1921699926791136,0.1956910957269046
2009-04-22,0.009711760702598035,0,0.0005,-0.0005,0.009711760702598035,1.1915740566791893,0.19760085939365088
2009-04-23,0.017365705859306513,0,0.0,0.0,0.017365705859306513,1.1915740566791893,0.2010623060396284
2009-04-24,0.0011865916550972454,0,0.0,0.0,0.0011865916550972454,1.1915740566791893,0.20130102649797166
2009-04-27,-0.007439403452284286,0,0.0,-0.0,-0.007439403452284286,1.1915740566791893,0.19980902363332617
2009-04-28,0.013646014184805795,0,0.0,0.0,0.013646014184805795,1.1915740566791893,0.20255430890427392
2009-04-29,0.00996783392349886,0,0.0,0.0,0.00996783392349886,1.1915740566791893,0.2045834328001918
2009-04-30,0.0026219971321633116,0,0.0,0.0,0.0026219971321633116,1.1915740566791893,0.20512055383146416
2009-05-01,0.01959152261885667,0,0.0,0.0,0.01959152261885667,1.1915740566791893,0.20917880162329996
2009-05-04,-0.0008562866228931219,0,0.0,-0.0,-0.0008562866228931219,1.1915740566791893,0.20899976127954253
2009-05-05,0.00028551035168956256,0,0.0,0.0,0.00028551035168956256,1.1915740566791893,0.20905944139412835
2009-05-06,-0.023686838219882093,0,0.0,-0.0,-0.023686838219882093,1.1915740566791893,0.20416567199809113
2009-05-07,0.0005844535525806061,1,0.0005,8.445355258060612e-05,0.0005844535525806061,1.1916746935909512,0.20428503222726274
2009-05-08,0.0034995661262645535,1,0.0,0.0034995661262645535,0.0034995661262645535,1.1958523436999469,0.2050011936022926
2009-05-11,-0.012302439872219642,1,0.0,-0.012302439872219642,-0.012302439872219642,1.1812305683184627,0.20249462878968813
2009-05-12,-0.027186140304156718,1,0.0,-0.027186140304156718,-0.027186140304156718,1.149550054991914,0.19706373836237853
2009-05-13,0.011143015463581065,1,0.0,0.011143015463581065,0.011143015463581065,1.1624311428279832,0.19927190260205382
2009-05-14,-0.0005991611922806354,1,0.0,-0.0005991611922806354,-0.0005991611922806354,1.1617348678098172,0.19915254237288216
2009-05-15,0.025737258510258956,1,0.0,0.025737258510258956,0.025737258510258956,1.1920228311000345,0.20434471234184856
2009-05-18,0.00466201310581115,0,0.0005,-0.0005,0.00466201310581115,1.1914269686625076,0.20529959417522164
2009-05-19,-0.003494470649773589,0,0.0,-0.0,-0.003494470649773589,1.1914269686625076,0.2045834328001918
2009-05-20,-0.018549037638842303,1,0.0005,-0.019049037638842303,-0.018549037638842303,1.1689462295026307,0.20082358558128516
2009-05-21,-0.003274299695674007,1,0.0,-0.003274299695674007,-0.003274299695674007,1.1651250085443756,0.20016710432084112
2009-05-22,0.036591232768787806,1,0.0,0.036591232768787806,0.036591232768787806,1.2085479739790943,0.20762711864406863
2009-05-26,-0.006922438950171806,0,0.0005,-0.0005,-0.006922438950171806,1.2079438510354266,0.20619479589400894
2009-05-27,0.011510918466140491,0,0.0,0.0,0.011510918466140491,1.2079438510354266,0.20858200047744174
2009-05-28,0.012228220051819878,0,0.0,0.0,0.012228220051819878,1.2079438510354266,0.21114824540463198
2009-05-29,0.028147322892429084,0,0.0,0.0,0.028147322892429084,1.2079438510354266,0.21717593697779983
2009-06-01,0.001373060767689104,0,0.0,0.0,0.001373060767689104,1.2079438510354266,0.21747433755072892
2009-06-02,-0.003023226158646997,0,0.0,-0.0,-0.003023226158646997,1.2079438510354266,0.2168178562902849
2009-06-03,0.01122223355386915,0,0.0,0.0,0.01122223355386915,1.2079438510354266,0.2192647409883036
2009-06-04,0.001088139389195428,0,0.0,0.0,0.001088139389195428,1.2079438510354266,0.2195034614466469
2009-06-05,-0.0029952370929403273,0,0.0,-0.0,-0.0029952370929403273,1.2079438510354266,0.21884698018620288
2009-06-08,0.007606665310976094,0,0.0,0.0,0.007606665310976094,1.2079438510354266,0.22051802339460586
2009-06-09,-0.003524471589279064,0,0.0,-0.0,-0.003524471589279064,1.2079438510354266,0.21974218190499017
2009-06-10,0.0,1,0.0005,-0.0005,0.0,1.207340030077728,0.21974218190499017
2009-06-11,-0.004627747472271315,1,0.0,-0.004627747472271315,-0.004627747472271315,1.2017656736107747,0.21872761995703122
2009-06-12,-0.020676132838427303,1,0.0,-0.020676132838427303,-0.020676132838427303,1.177172924491864,0.2142516113630947
2009-06-15,-0.00979713924498338,1,0.0,-0.00979713924498338,-0.00979713924498338,1.165696308236372,0.212162807352591
2009-06-16,0.009490685607627015,1,0.0,0.009490685607627015,0.009490685607627015,1.17681223083812,0.21418596323705033
2009-06-17,-0.0019244452243111373,1,0.0,-0.0019244452243111373,-0.0019244452243111373,1.17454969791918,0.21377417044640815
2009-06-18,0.009447138891409837,1,0.0,0.009447138891409837,0.009447138891409837,1.1856984108530861,0.215803294342326
2009-06-19,-0.03032236801999336,1,0.0,-0.03032236801999336,-0.03032236801999336,1.1502848521218547,0.20935784196705745
2009-06-22,-0.002283106014568521,1,0.0,-0.002283106014568521,-0.002283106014568521,1.147661625549171,0.2088804010503709
2009-06-23,0.016716638032687674,1,0.0,0.016716638032687674,0.016716638032687674,1.167007921522714,0.21240152781093433
2009-06-24,0.019477521702877434,1,0.0,0.019477521702877434,0.019477521702877434,1.1899611540336974,0.21657913583194172
2009-06-25,0.002202037773918681,0,0.0005,-0.0005,0.002202037773918681,1.189366322177037,0.21705657674862827
2009-06-26,0.0021971994557696017,0,0.0,0.0,0.0021971994557696017,1.189366322177037,0.21753401766531488
2009-06-29,-0.0019222853646909215,0,0.0,-0.0,-0.0019222853646909215,1.189366322177037,0.21711625686321415
2009-06-30,0.0005496015527186049,0,0.0,0.0,0.0005496015527186049,1.189366322177037,0.21723561709238576
2009-07-01,-0.022223136784710124,0,0.0,-0.0,-0.022223136784710124,1.189366322177037,0.21246120792552015
2009-07-02,-0.00535137173417255,1,0.0005,-0.00585137173417255,-0.00535137173417255,1.1824272191323066,0.21132728574838952
2009-07-06,-0.025165754721911304,1,0.0,-0.025165754721911304,-0.025165754721911304,1.1530418491002132,0.20607543566483735
2009-07-07,0.005199318471793893,1,0.0,0.005199318471793893,0.005199318471793893,1.1590524929704142,0.20714967772738213
2009-07-08,0.0017271161460751556,1,0.0,0.0017271161460751556,0.0017271161460751556,1.1610560409271478,0.20750775841489708
2009-07-09,0.004304784951631393,0,0.0005,-0.0005,0.004304784951631393,1.1604756580145037,0.20840296013368437
2009-07-10,0.019004968550700004,1,0.0005,0.018504968550700003,0.019004968550700004,1.1821501479440886,0.21240152781093438
2009-07-13,0.0036460564861969034,0,0.0005,-0.0005,0.0036460564861969034,1.18155922061426,0.21317736930055
2009-07-14,0.033042653626353224,0,0.0,0.0,0.033042653626353224,1.18155922061426,0.22033898305084848
2009-07-15,0.0024347367634131875,0,0.0,0.0,0.0024347367634131875,1.18155922061426,0.22087610408212086
2009-07-16,0.014751507941997633,0,0.0,0.0,0.014751507941997633,1.18155922061426,0.22415851038434098
2009-07-17,0.00953902304675891,0,0.0,0.0,0.00953902304675891,1.18155922061426,0.2263069945094305
2009-07-20,0.00683314091078039,0,0.0,0.0,0.00683314091078039,1.18155922061426,0.22785867748866181
2009-07-21,0.00834642299613704,0,0.0,0.0,0.00834642299613704,1.18155922061426,0.22976844115540807
2009-07-22,0.021837733569673754,0,0.0,0.0,0.021837733569673754,1.18155922061426,0.23484125089520283
2009-07-23,-0.007653098577717383,0,0.0,-0.0,-0.007653098577717383,1.18155922061426,0.23305084745762816
2009-07-24,0.007653098577717432,0,0.0,0.0,0.007653098577717432,1.18155922061426,0.23484125089520283
2009-07-27,-0.006885147688830319,0,0.0,-0.0,-0.006885147688830319,1.18155922061426,0.23322988780138565
2009-07-28,0.006630985786331204,0,0.0,0.0,0.006630985786331204,1.18155922061426,0.234781570780617
2009-07-29,0.005829442436419789,1,0.0005,0.005329442436419789,0.005829442436419789,1.187873082202333,0.23615421341609086
2009-07-30,-0.0030372081054495597,0,0.0005,-0.0005,-0.0030372081054495597,1.1872792941206227,0.23543805204106105
2009-07-31,0.014844907155136443,1,0.0005,0.014344907155136442,0.014844907155136443,1.20443344857957,0.2389591788016244
2009-08-03,0.0,1,0.0,0.0,0.0,1.20443344857957,0.2389591788016244
2009-08-04,-0.007772384620512305,1,0.0,-0.007772384620512305,-0.007772384620512305,1.1951084143872706,0.237109095249464
2009-08-05,-0.00884849661552797,1,0.0,-0.00884849661552797,-0.00884849661552797,1.18458014997661,0.23502029123896032
2009-08-06,0.012616871882657992,1,0.0,0.012616871882657992,0.012616871882657992,1.1996205277061252,0.2380042969682513
2009-08-07,-0.0070458268332027575,1,0.0,-0.0070458268332027575,-0.0070458268332027575,1.1911979161775965,0.23633325375984832
2009-08-10,-0.008622929412119968,1,0.0,-0.008622929412119968,-0.008622929412119968,1.1809704593215262,0.2343041298639304
2009-08-11,0.015417972544948616,1,0.0,0.015417972544948616,0.015417972544948616,1.1993197201515347,0.2379446168536654
2009-08-12,0.005502765261152147,1,0.0,0.005502765261152147,0.005502765261152147,1.2059374863525214,0.2392575793745535
2009-08-13,-0.011540519452071988,0,0.0005,-0.0005,-0.011540519452071988,1.2053346683264103,0.23651229410360577
2009-08-14,-0.029447781404837996,1,0.0005,-0.029947781404837996,-0.029447781404837996,1.169772727602202,0.22964908092623643
2009-08-17,0.01419195539501792,1,0.0,0.01419195539501792,0.01419195539501792,1.1864924521391358,0.23293148722845655
2009-08-18,0.006893937682691818,1,0.0,0.006893937682691818,0.006893937682691818,1.1947003169118122,0.23454285032227365
2009-08-19,0.011636862913157674,0,0.0005,-0.0005,0.011636862913157674,1.1941031160660096,0.23728813559322134
2009-08-20,0.013241917414882601,0,0.0,0.0,0.013241917414882601,1.1941031160660096,0.2404511816662698
2009-08-21,-0.0009932953386834694,0,0.0,-0.0,-0.0009932953386834694,1.1941031160660096,0.24021246120792653
2009-08-24,0.002976931000276952,0,0.0,0.0,0.002976931000276952,1.1941031160660096,0.24092862258295633
2009-08-25,-0.001735465912212155,0,0.0,-0.0,-0.001735465912212155,1.1941031160660096,0.24051086178085557
2009-08-26,0.0024783160144672216,0,0.0,0.0,0.0024783160144672216,1.1941031160660096,0.24110766292671382
2009-08-27,0.0009896091851662818,1,0.0005,0.0004896091851662818,0.0009896091851662818,1.1946879030665325,0.2413463833850571
2009-08-28,-0.010190221147788333,0,0.0005,-0.0005,-0.010190221147788333,1.194090708426101,0.2388994986870385
2009-08-31,-0.018913689518217053,0,0.0,-0.0,-0.018913689518217053,1.194090708426101,0.23442349009310198
2009-09-01,-0.0007640392578477263,1,0.0005,-0.0012640392578477265,-0.0007640392578477263,1.1925822844476284,0.23424444974934452
2009-09-02,0.006602360194881836,1,0.0,0.006602360194881836,0.006602360194881836,1.2004821925739055,0.23579613272857586
2009-09-03,0.021285391062108833,1,0.0,0.021285391062108833,0.021285391062108833,1.2263088152944275,0.2408689424683706
2009-09-04,0.009371215313251583,0,0.0005,-0.0005,0.009371215313251583,1.225695814149837,0.2431367868226318
2009-09-08,0.008554372096658595,0,0.0,0.0,0.008554372096658595,1.225695814149837,0.2452255908331355
2009-09-09,0.009446600466008124,0,0.0,0.0,0.009446600466008124,1.225695814149837,0.24755311530198246
2009-09-10,0.000963855496306659,0,0.0,0.0,0.000963855496306659,1.225695814149837,0.24779183576032576
2009-09-11,0.0038461585874780936,0,0.0,0.0,0.0038461585874780936,1.225695814149837,0.24874671759369882
2009-09-14,0.003114147923362225,0,0.0,0.0,0.003114147923362225,1.225695814149837,0.24952255908331453
2009-09-15,0.014484403768062724,0,0.0,0.0,0.014484403768062724,1.225695814149837,0.25316304607304957
2009-09-16,-0.00023576565003718123,0,0.0,-0.0,-0.00023576565003718123,1.225695814149837,0.2531033659584637
2009-09-17,0.0007071302592831059,0,0.0,0.0,0.0007071302592831059,1.225695814149837,0.2532824063022212
2009-09-18,0.003058466094278642,0,0.0,0.0,0.003058466094278642,1.225695814149837,0.2540582477918369
2009-09-21,0.0018774940976271387,0,0.0,0.0,0.0018774940976271387,1.225695814149837,0.25453568870852344
2009-09-22,-0.004700361180331741,1,0.0005,-0.005200361180331741,-0.004700361180331741,1.219338298236104,0.25334208641680706
2009-09-23,-0.008992015154926826,1,0.0,-0.008992015154926826,-0.008992015154926826,1.2084231379692083,0.2510742420625459
2009-09-24,-0.008833768797673728,1,0.0,-0.008833768797673728,-0.008833768797673728,1.1977952187619678,0.24886607782287054
2009-09-25,0.01688305468174339,1,0.0,0.01688305468174339,0.01688305468174339,1.2181893339974832,0.2531033659584637
2009-09-28,-0.004490141066324689,1,0.0,-0.004490141066324689,-0.004490141066324689,1.2127317538640354,0.2519694437813331
2009-09-29,0.0007103113830084102,1,0.0,0.0007103113830084102,0.0007103113830084102,1.213593477043001,0.25214848412509067
2009-09-30,-0.03003228709887509,1,0.0,-0.03003228709887509,-0.03003228709887509,1.1776883445861075,0.24468846980186307
2009-10-01,-0.0029311208088587007,1,0.0,-0.0029311208088587007,-0.0029311208088587007,1.1742414518702458,0.24397230842683326
2009-10-02,0.00803999945527698,1,0.0,0.00803999945527698,0.00803999945527698,1.1837204068388658,0.2459417522081653
2009-10-05,0.017559080123047816,1,0.0,0.017559080123047816,0.017559080123047816,1.2046890041936915,0.2502984005729302
2009-10-06,0.002857144800779965,0,0.0005,-0.0005,0.002857144800779965,1.2040868102526257,0.25101456194796
2009-10-07,0.0042704691234522855,0,0.0,0.0,0.0042704691234522855,1.2040868102526257,0.2520888040105048
2009-10-08,0.0056657375356773,0,0.0,0.0,0.0056657375356773,1.2040868102526257,0.25352112676056443
2009-10-09,0.0021164029063776937,0,0.0,0.0,0.0021164029063776937,1.2040868102526257,0.25405824779183683
2009-10-12,0.00023487962527245711,0,0.0,0.0,0.00023487962527245711,1.2040868102526257,0.2541179279064227
2009-10-13,0.013529480924600514,0,0.0,0.0,0.013529480924600514,1.2040868102526257,0.25757937455240026
2009-10-14,-0.002319648453716796,0,0.0,-0.0,-0.002319648453716796,1.2040868102526257,0.25698257340654207
2009-10-15,-0.0065237882819573784,0,0.0,-0.0,-0.0065237882819573784,1.2040868102526257,0.2553115301981391
2009-10-16,0.010001246289582317,0,0.0,0.0,0.010001246289582317,1.2040868102526257,0.2578777751253294
2009-10-19,0.0002314011348981728,0,0.0,0.0,0.0002314011348981728,1.2040868102526257,0.25793745523991524
2009-10-20,-0.001852710117729522,0,0.0,-0.0,-0.001852710117729522,1.2040868102526257,0.2574600143232287
2009-10-21,0.003932914265524993,1,0.0005,0.0034329142655249926,0.003932914265524993,1.2082274401878503,0.25847457627118764
2009-10-22,-0.004164744566783535,1,0.0,-0.004164744566783535,-0.004164744566783535,1.203205945400646,0.25740033420864283
2009-10-23,-0.003251280151561613,1,0.0,-0.003251280151561613,-0.003251280151561613,1.1993003383439318,0.25656481260444136
2009-10-26,-0.015235264801471094,1,0.0,-0.015235264801471094,-0.015235264801471094,1.181167162723472,0.252685605156363
2009-10-27,-0.022692959946078155,1,0.0,-0.022692959946078155,-0.022692959946078155,1.1546648291243389,0.24701599427071008
2009-10-28,0.01677087702183834,1,0.0,0.01677087702183834,0.01677087702183834,1.1741928644079107,0.25119360229171755
2009-10-29,-0.02721420205122702,1,0.0,-0.02721420205122702,-0.02721420205122702,1.1426690360215734,0.24444974934351987
2009-10-30,0.004141801511080369,1,0.0,0.004141801511080369,0.004141801511080369,1.147411558876155,0.2454643112914788
2009-11-02,0.00315572540077288,1,0.0,0.00315572540077288,0.00315572540077288,1.1510381940002468,0.2462401527810944
2009-11-03,0.001695120880535139,1,0.0,0.001695120880535139,0.001695120880535139,1.152990997528604,0.2466579135831951
2009-11-04,0.02437979257442241,1,0.0,0.02437979257442241,0.02437979257442241,1.1814461346560943,0.2527452852709488
2009-11-05,0.00588583217726135,0,0.0005,-0.0005,0.00588583217726135,1.1808555592449226,0.25423728813559426
2009-11-06,0.021136543457264012,0,0.0,0.0,0.021136543457264012,1.1808555592449226,0.2596681785629039
2009-11-09,0.00252496404089427,0,0.0,0.0,0.00252496404089427,1.1808555592449226,0.2603246598233479
2009-11-10,0.006398559307642775,0,0.0,0.0,0.006398559307642775,1.1808555592449226,0.2619957030317509
2009-11-11,-0.0057110377955145045,0,0.0,-0.0,-0.0057110377955145045,1.1808555592449226,0.2605037001671054
2009-11-12,0.0082135985373888,0,0.0,0.0,0.0082135985373888,1.1808555592449226,0.2626521842921949
2009-11-13,0.010173027713050568,0,0.0,0.0,0.010173027713050568,1.1808555592449226,0.2653377894485568
2009-11-16,0.003143950489967783,0,0.0,0.0,0.003143950489967783,1.1808555592449226,0.26617331105275827
2009-11-17,-0.005553508815210939,0,0.0,-0.0,-0.005553508815210939,1.1808555592449226,0.2646992122224885
2009-11-18,-0.015747999089009725,0,0.0,-0.0,-0.015747999089009725,1.1808555592449226,0.2605633802816911
2009-11-19,-0.005051675496117834,1,0.0005,-0.005551675496117833,-0.005051675496117834,1.1743179963772283,0.2592504177608031
2009-11-20,0.015985725202910386,1,0.0,0.015985725202910386,0.015985725202910386,1.1932411685103788,0.26342802578181046
2009-11-23,-0.003404065467961882,1,0.0,-0.003404065467961882,-0.003404065467961882,1.1891862030532752,0.2625328240630232
2009-11-24,0.004309862631342783,0,0.0005,-0.0005,0.004309862631342783,1.1885917585752523,0.2636667462401538
2009-11-25,-0.01528140125938246,1,0.0005,-0.01578140125938246,-0.01528140125938246,1.1699813505042458,0.2596681785629038
2009-11-27,0.0011485013321711882,1,0.0,0.0011485013321711882,0.0011485013321711882,1.1713258475744646,0.25996657913583293
2009-11-30,0.01027758275824023,1,0.0,0.01027758275824023,0.01027758275824023,1.183426321206432,0.26265218429219483
2009-12-01,0.0013623980308956293,1,0.0,0.0013623980308956293,0.0013623980308956293,1.1850397176906944,0.2630102649797098
2009-12-02,-0.004092775153753036,1,0.0,-0.004092775153753036,-0.004092775153753036,1.1801995282379074,0.261936022917165
2009-12-03,0.005226690685158953,0,0.0005,-0.0005,0.005226690685158953,1.179609575974145,0.2633086655526389
2009-12-04,-0.004771109811675612,1,0.0005,-0.005271109811675612,-0.004771109811675612,1.1734080830980802,0.26205538314633664
2009-12-07,-0.0061220951446887915,0,0.0005,-0.0005,-0.0061220951446887915,1.1728215257080985,0.26045595607543676
2009-12-08,0.009986175415721917,1,0.0005,0.009486175415721916,0.009986175415721917,1.1840000533421033,0.26306994509429565
2009-12-09,0.00497851220643085,1,0.0,0.00497851220643085,0.00497851220643085,1.1899093095066964,0.2643829076151837
2009-12-10,-0.0038448537696340332,0,0.0005,-0.0005,-0.0038448537696340332,1.1893145035658201,0.2633683456672247
2009-12-11,0.009472330635362444,0,0.0,0.0,0.009472330635362444,1.1893145035658201,0.26587491047982914
2009-12-14,-0.005627476865728336,0,0.0,-0.0,-0.005627476865728336,1.1893145035658201,0.2643829076151837
2009-12-15,0.0013534854310763558,1,0.0005,0.0008534854310763558,0.0013534854310763558,1.1903299994614136,0.2647409883026986
2009-12-16,-0.012247828314845778,1,0.0,-0.012247828314845778,-0.012247828314845778,1.1758399588908734,0.26151826211506435
2009-12-17,0.014499574368730088,1,0.0,0.014499574368730088,0.014499574368730088,1.19301334030781,0.26533778944855685
2009-12-18,0.011183297049385109,1,0.0,0.011183297049385109,0.011183297049385109,1.2064300445397917,0.2683217951778479
2009-12-21,0.00598737790431596,0,0.0005,-0.0005,0.00598737790431596,1.2058269802961465,0.269933158271665
2009-12-22,0.007269555089229799,0,0.0,0.0,0.007269555089229799,1.2058269802961465,0.2719026020529971
2009-12-23,0.009176380756053886,0,0.0,0.0,0.009176380756053886,1.2058269802961465,0.2744091668656015
2009-12-24,0.005206085511199266,0,0.0,0.0,0.005206085511199266,1.2058269802961465,0.27584148961566124
2009-12-28,-0.00411924701708456,0,0.0,-0.0,-0.00411924701708456,1.2058269802961465,0.27470756743853064
2009-12-29,0.003036878689747404,0,0.0,0.0,0.003036878689747404,1.2058269802961465,0.2755430890427321
2009-12-30,-0.009138444797367227,1,0.0005,-0.009638444797367227,-0.009138444797367227,1.1942605144259977,0.2730365242301277
2009-12-31,0.014538609124760685,1,0.0,0.014538609124760685,0.014538609124760685,1.2117502312492856,0.2770350919073777
2010-01-04,0.0,0,0.0005,-0.0005,0.0,1.2111445075771983,0.2770350919073777
2010-01-05,-0.006050148100683406,0,0.0,-0.0,-0.006050148100683406,1.2111445075771983,0.2753640486989747
2010-01-06,0.0006499837732899861,1,0.0005,0.0001499837732899861,0.0006499837732899861,1.2113261732235532,0.27554308904273217
2010-01-07,0.00819676720417849,1,0.0,0.00819676720417849,0.00819676720417849,1.2212959359661337,0.27781093339699336
2010-01-08,-0.004089985251525055,1,0.0,-0.004089985251525055,-0.004089985251525055,1.2163110545948435,0.27667701121986277
2010-01-11,-0.0125897039471303,1,0.0,-0.0125897039471303,-0.0125897039471303,1.2010940483035362,0.2732155645738852
2010-01-12,0.012373977487443526,1,0.0,0.012373977487443526,0.012373977487443526,1.2160486924174072,0.276617331105277
2010-01-13,0.00086262675178821,1,0.0,0.00086262675178821,0.00086262675178821,1.2170981411271526,0.27685605156362025
2010-01-14,-0.01170872006117845,1,0.0,-0.01170872006117845,-0.01170872006117845,1.2029305835455906,0.27363332537598595
2010-01-15,0.016010727126231507,1,0.0,0.016010727126231507,0.016010727126231507,1.2223453846758792,0.27804965385533664
2010-01-19,-0.014485173817394404,1,0.0,-0.014485173817394404,-0.014485173817394404,1.204767118787645,0.2740510861780867
2010-01-20,-0.009408230429398309,1,0.0,-0.009408230429398309,-0.009408230429398309,1.1934855451578825,0.27148484125089645
2010-01-21,-0.029673119613072976,1,0.0,-0.029673119613072976,-0.029673119613072976,1.15859137555885,0.26354738601098227
2010-01-22,0.0033909832425582822,1,0.0,0.0033909832425582822,0.0033909832425582822,1.162526808220395,0.2644425877297696
2010-01-25,0.0009023235441904031,1,0.0,0.0009023235441904031,0.0009023235441904031,1.1635762569301404,0.2646813081881129
2010-01-26,0.007860792863934641,1,0.0,0.007860792863934641,0.007860792863934641,1.172758933140412,0.2667701121986166
2010-01-27,-0.02606379832101152,0,0.0005,-0.0005,-0.02606379832101152,1.172172700244279,0.25990689902124725
2010-01-28,-0.017605272869786283,1,0.0005,-0.018105272869786283,-0.017605272869786283,1.1511411590618805,0.25537121031272497
2010-01-29,0.010923990096187197,1,0.0,0.010923990096187197,0.010923990096187197,1.1637851493577225,0.2581761756982585
2010-02-01,0.0089748617606985,1,0.0,0.0089748617606985,0.0089748617606985,1.1742769710925702,0.2605037001671055
2010-02-02,0.005483221414531401,0,0.0005,-0.0005,0.005483221414531401,1.1736899793671842,0.2619360229171652
2010-02-03,-0.02936287702967168,0,0.0,-0.0,-0.02936287702967168,1.1736899793671842,0.254356648364766
2010-02-04,0.008411264543893229,1,0.0005,0.007911264543893229,0.008411264543893229,1.1830121778541431,0.2565051324898555
2010-02-05,-0.007238794014455661,1,0.0,-0.007238794014455661,-0.007238794014455661,1.1744795167295554,0.25465504893769514
2010-02-08,0.01025889155913459,0,0.0005,-0.0005,0.01025889155913459,1.173892423756665,0.2572809739794712
2010-02-09,-0.0020898649194591307,0,0.0,-0.0,-0.0020898649194591307,1.173892423756665,0.25674385294819885
2010-02-10,0.014996243657885464,0,0.0,0.0,0.014996243657885464,1.173892423756665,0.26062306039627714
2010-02-11,0.0020587906162561,0,0.0,0.0,0.0020587906162561,1.173892423756665,0.2611601814275495
2010-02-12,0.012715884325302714,0,0.0,0.0,0.012715884325302714,1.173892423756665,0.2645022678443555
2010-02-16,0.005624944519436162,0,0.0,0.0,0.005624944519436162,1.173892423756665,0.265994270709001
2010-02-17,0.00626260154634067,0,0.0,0.0,0.00626260154634067,1.173892423756665,0.26766531391740395
2010-02-18,-0.00044603033745704905,0,0.0,-0.0,-0.00044603033745704905,1.173892423756665,0.26754595368823225
2010-02-19,-0.002009602105364538,0,0.0,-0.0,-0.002009602105364538,1.173892423756665,0.2670088326569599
2010-02-22,-0.013048554093143854,0,0.0,-0.0,-0.013048554093143854,1.173892423756665,0.26354738601098227
2010-02-23,0.010138647171333613,0,0.0,0.0,0.010138647171333613,1.173892423756665,0.2662329911673442
2010-02-24,-0.00022419011415494605,0,0.0,-0.0,-0.00022419011415494605,1.173892423756665,0.26617331105275843
2010-02-25,0.003581024417706021,0,0.0,0.0,0.003581024417706021,1.173892423756665,0.26712819288613154
2010-02-26,0.014417461666135303,0,0.0,0.0,0.014417461666135303,1.173892423756665,0.27100740033420984
2010-03-01,0.003078278596107489,0,0.0,0.0,0.003078278596107489,1.173892423756665,0.27184292193841125
2010-03-02,0.001097092814373149,0,0.0,0.0,0.001097092814373149,1.173892423756665,0.2721413225113404
2010-03-03,0.0032840752011897975,0,0.0,0.0,0.0032840752011897975,1.173892423756665,0.2730365242301277
2010-03-04,0.014969365108160286,1,0.0005,0.014469365108160286,0.014969365108160286,1.191001381212892,0.27715445213654927
2010-03-05,0.0019361090268664007,1,0.0,0.0019361090268664007,0.0019361090268664007,1.1933095234245448,0.2776915731678216
2010-03-08,0.005572239021567701,0,0.0005,-0.0005,0.005572239021567701,1.1927130178016656,0.279243256147053
2010-03-09,0.008088592418045508,0,0.0,0.0,0.008088592418045508,1.1927130178016656,0.28151110050131417
2010-03-10,0.00380872233591693,1,0.0005,0.00330872233591693,0.00380872233591693,1.1966659099089711,0.2825853425638589
2010-03-11,0.00021117094366301746,0,0.0005,-0.0005,0.00021117094366301746,1.1960677265123278,0.28264502267844477
2010-03-12,-0.0025369992465886742,0,0.0,-0.0,-0.0025369992465886742,1.1960677265123278,0.28192886130341493
2010-03-15,0.006330470602886335,1,0.0005,0.005830470602886335,0.006330470602886335,1.2030617335940914,0.2837192647409895
2010-03-16,0.0027308072846865057,1,0.0,0.0027308072846865057,0.0027308072846865057,1.2063515532273947,0.28449510623060525
2010-03-17,0.0033507884754711828,1,0.0,0.0033507884754711828,0.0033507884754711828,1.2104005620068448,0.2854499880639783
2010-03-18,-0.0071338951311749645,1,0.0,-0.0071338951311749645,-0.0071338951311749645,1.2017964183505134,0.28342086416806045
2010-03-19,0.009013791246163328,1,0.0,0.009013791246163328,0.009013791246163328,1.2126781294452853,0.2859871090952507
2010-03-22,0.006914686107031969,1,0.0,0.006914686107031969,0.006914686107031969,1.2210924758150798,0.2879714729052292
2010-03-23,-0.004830049121118694,1,0.0,-0.004830049121118694,-0.004830049121118694,1.2152087599324415,0.2865839102411089
2010-03-24,-0.0014587894636599842,1,0.0,-0.0014587894636599842,-0.0014587894636599842,1.2134373185914322,0.2861661494390082
2010-03-25,0.00104220957844359,1,0.0,0.00104220957844359,0.00104220957844359,1.2147026338350102,0.28646455001193727
2010-03-26,0.00478022317298944,1,0.0,0.00478022317298944,0.00478022317298944,1.2205230839554693,0.2878371926474111
2010-03-29,0.0033119467243468204,1,0.0,0.0033119467243468204,0.0033119467243468204,1.2245720927349195,0.28879207448078426
2010-03-30,-0.0047643798046616975,1,0.0,-0.0047643798046616975,-0.0047643798046616975,1.21875164261446,0.2874194318453104
2010-03-31,0.0,1,0.0,0.0,0.0,1.21875164261446,0.2874194318453104
2010-04-01,0.00930047005679862,1,0.0,0.00930047005679862,0.00930047005679862,1.2301394798066634,0.29010503700167234
2010-04-05,0.0028759263864919947,1,0.0,0.0028759263864919947,0.0028759263864919947,1.2336823624886821,0.29094055860587376
2010-04-06,-0.0024645730281616994,1,0.0,-0.0024645730281616994,-0.0024645730281616994,1.2306456059040947,0.290224397230844
2010-04-07,0.002259423781365772,1,0.0,0.002259423781365772,0.002259423781365772,1.2334292994399665,0.29088087849128796
2010-04-08,0.0059323074660816814,1,0.0,0.0059323074660816814,0.0059323074660816814,1.2407681278527196,0.2926116018142768
2010-04-09,0.000815494438670153,1,0.0,0.000815494438670153,0.000815494438670153,1.2417803800475822,0.2928503222726201
2010-04-12,0.005081828194331544,1,0.0,0.005081828194331544,0.005081828194331544,1.248106956265473,0.2943423251372656
2010-04-13,0.011891705185374192,1,0.0,0.011891705185374192,0.011891705185374192,1.2630376761396946,0.2978634518978289
2010-04-14,0.00439824779389425,1,0.0,0.00439824779389425,0.00439824779389425,1.2686050632114387,0.299176414418717
2010-04-15,-0.012041084675265748,1,0.0,-0.012041084675265748,-0.012041084675265748,1.253421280288501,0.2955956075435678
2010-04-16,-0.0006058770255017225,1,0.0,-0.0006058770255017225,-0.0006058770255017225,1.252662091142354,0.2954165671998103
2010-04-19,0.005037794029957081,1,0.0,0.005037794029957081,0.005037794029957081,1.2589886673602446,0.2969085700644558
2010-04-20,0.005612361895512001,1,0.0,0.005612361895512001,0.005612361895512001,1.2660744327242823,0.2985796132728588
2010-04-21,0.005581039003113418,1,0.0,0.005581039003113418,0.005581039003113418,1.2731601980883198,0.30025065648126176
2010-04-22,0.004165432979063176,1,0.0,0.004165432979063176,0.004165432979063176,1.278474522111348,0.301503938887564
2010-04-23,-0.0021797293877510223,1,0.0,-0.0021797293877510223,-0.0021797293877510223,1.275690828575476,0.30084745762711995
2010-04-26,-0.021454456993328683,1,0.0,-0.021454456993328683,-0.021454456993328683,1.248613082362904,0.29446168536643724
2010-04-27,0.0006078411695608068,1,0.0,0.0006078411695608068,0.0006078411695608068,1.2493722715090507,0.2946407257101946
2010-04-28,0.01726950549118177,1,0.0,0.01726950549118177,0.01726950549118177,1.2711356936985947,0.29977321556457515
2010-04-29,-0.01995692946492903,1,0.0,-0.01995692946492903,-0.01995692946492903,1.2460191861135688,0.2938499641919325
2010-04-30,0.013966496215493666,1,0.0,0.013966496215493666,0.013966496215493666,1.263543802237126,0.29798281212700056
2010-05-03,-0.030502568097380122,0,0.0005,-0.0005,-0.030502568097380122,1.2629121882526622,0.2890307949391276
2010-05-04,-0.005175459228412417,1,0.0005,-0.0056754592284124165,-0.005175459228412417,1.2557648829242085,0.2875387920744821
2010-05-05,-0.03398744019243945,1,0.0,-0.03398744019243945,-0.03398744019243945,1.2138017973802488,0.27793029362616506
2010-05-06,-0.02522421188442615,1,0.0,-0.02522421188442615,-0.02522421188442615,1.1835675245659674,0.2710074003342099
2010-05-07,0.05066548229201077,1,0.0,0.05066548229201077,0.05066548229201077,1.2450786313260573,0.28509190737646345
2010-05-10,-0.0010472301721552472,0,0.0005,-0.0005,-0.0010472301721552472,1.2444562476192873,0.2847935068035343
2010-05-11,0.018684371658261846,0,0.0,0.0,0.018684371658261846,1.2444562476192873,0.29016471711625813
2010-05-12,-0.015963850989013977,0,0.0,-0.0,-0.015963850989013977,1.2444562476192873,0.28556934829315
2010-05-13,-0.019413988092637068,0,0.0,-0.0,-0.019413988092637068,1.2444562476192873,0.28007877775125445
2010-05-14,0.003191152585749565,1,0.0005,0.0026911525857495648,0.003191152585749565,1.2478097796772138,0.2809739794700417
2010-05-17,-0.013902480360245622,0,0.0005,-0.0005,-0.013902480360245622,1.247186030737605,0.2770947720219634
2010-05-18,-0.008000907639291158,0,0.0,-0.0,-0.008000907639291158,1.247186030737605,0.2748866077822881
2010-05-19,-0.037832185636950684,0,0.0,-0.0,-0.037832185636950684,1.247186030737605,0.2646813081881128
2010-05-20,0.010987889448370694,1,0.0005,0.010487889448370693,0.010987889448370694,1.2603352130051373,0.267605633802818
2010-05-21,-0.004022351791947462,1,0.0,-0.004022351791947462,-0.004022351791947462,1.2552758834257232,0.2665313917402731
2010-05-24,0.0008952552075114304,0,0.0005,-0.0005,0.0008952552075114304,1.2546484023673474,0.26677011219861646
2010-05-25,-0.011248712535870653,0,0.0,-0.0,-0.011248712535870653,1.2546484023673474,0.26378610646932543
2010-05-26,0.037086519525428054,0,0.0,0.0,0.037086519525428054,1.2546484023673474,0.27375268560515736
2010-05-27,-0.0059035920887401,0,0.0,-0.0,-0.0059035920887401,1.2546484023673474,0.27214132251134027
2010-05-28,-0.00925320548048327,0,0.0,-0.0,-0.00925320548048327,1.2546484023673474,0.2696347576987358
2010-06-01,0.023406952918577043,0,0.0,0.0,0.023406952918577043,1.2546484023673474,0.27602052995941856
2010-06-02,0.009468545024411315,0,0.0,0.0,0.009468545024411315,1.2546484023673474,0.27864645500119467
2010-06-03,-0.03481407342062831,0,0.0,-0.0,-0.03481407342062831,1.2546484023673474,0.2691125566961099
2010-06-04,-0.01840868881816753,0,0.0,-0.0,-0.01840868881816753,1.2546484023673474,0.2642038672714262
2010-06-07,-0.0018087276014011706,1,0.0005,-0.0023087276014011706,-0.0018087276014011706,1.2517551021769135,0.2637264263547396
2010-06-08,-0.008408184975328054,1,0.0,-0.008408184975328054,-0.008408184975328054,1.2412742380039004,0.26151826211506424
2010-06-09,0.028126502535236363,0,0.0005,-0.0005,0.028126502535236363,1.2406537560183215,0.26897827643829175
2010-06-10,0.009495489254347816,0,0.0,0.0,0.009495489254347816,1.2406537560183215,0.271544521365482
2010-06-11,-0.0002198043749919901,0,0.0,-0.0,-0.0002198043749919901,1.2406537560183215,0.2714848412508962
2010-06-14,0.026465752932103803,0,0.0,0.0,0.026465752932103803,1.2406537560183215,0.2787658152303662
2010-06-15,0.004059400938217089,0,0.0,0.0,0.004059400938217089,1.2406537560183215,0.2798997374074968
2010-06-16,0.0031931905791549855,0,0.0,0.0,0.0031931905791549855,1.2406537560183215,0.2807949391262841
2010-06-17,-0.0010632643213300003,0,0.0,-0.0,-0.0010632643213300003,1.2406537560183215,0.28049653855335505
2010-06-18,-0.008547060578458408,0,0.0,-0.0,-0.008547060578458408,1.2406537560183215,0.2781093339699222
2010-06-21,-0.007755316767478161,0,0.0,-0.0,-0.007755316767478161,1.2406537560183215,0.2759608498448327
2010-06-22,-0.004117461662806255,0,0.0,-0.0,-0.004117461662806255,1.2406537560183215,0.27482692766770206
2010-06-23,-0.015317586140170137,0,0.0,-0.0,-0.015317586140170137,1.2406537560183215,0.27064931964669464
2010-06-24,-0.0017656151132783473,1,0.0005,-0.002265615113278347,-0.0017656151132783473,1.2378460938602303,0.27017187873000814
2010-06-25,-0.0035406100275627433,1,0.0,-0.0035406100275627433,-0.0035406100275627433,1.233471113188314,0.269216996896635
2010-06-28,-0.03933599357302979,1,0.0,-0.03933599357302979,-0.03933599357302979,1.1858931983812275,0.2588326569587022
2010-06-29,-0.01533487299389966,1,0.0,-0.01533487299389966,-0.01533487299389966,1.1678464031095743,0.25489376939603814
2010-06-30,-0.0028136009182529904,1,0.0,-0.0028136009182529904,-0.0028136009182529904,1.1645651676056372,0.2541776080210083
2010-07-01,-0.0028215396099424204,1,0.0,-0.0028215396099424204,-0.0028215396099424204,1.1612839321017001,0.25346144664597847
2010-07-02,0.003056308950144952,1,0.0,0.003056308950144952,0.003056308950144952,1.164838603897632,0.2542372881355941
2010-07-06,0.03142587626009576,1,0.0,0.03142587626009576,0.03142587626009576,1.2020259396089177,0.26235378371926565
2010-07-07,0.005444659548231764,0,0.0005,-0.0005,0.005444659548231764,1.2014250768673167,0.2637861064693253
2010-07-08,0.009457399920733979,0,0.0,0.0,0.009457399920733979,1.2014250768673167,0.26629267128192974
2010-07-09,0.0029092557164780088,0,0.0,0.0,0.0029092557164780088,1.2014250768673167,0.2670685127715455
2010-07-12,0.012877620231893436,0,0.0,0.0,0.012877620231893436,1.2014250768673167,0.270529959417523
2010-07-13,0.005061073626223494,0,0.0,0.0,0.005061073626223494,1.2014250768673167,0.2719026020529969
2010-07-14,0.0008775779413589422,0,0.0,0.0,0.0008775779413589422,1.2014250768673167,0.27214132251134016
2010-07-15,-0.028020512332174907,0,0.0,-0.0,-0.028020512332174907,1.2014250768673167,0.26462162807352685
2010-07-16,0.008533624658678221,0,0.0,0.0,0.008533624658678221,1.2014250768673167,0.266889472427788
2010-07-19,0.012002811358547482,0,0.0,0.0,0.012002811358547482,1.2014250768673167,0.2701121986154223
2010-07-20,-0.01379332213233576,0,0.0,-0.0,-0.01379332213233576,1.2014250768673167,0.26641203151110143
2010-07-21,0.024998536592495214,0,0.0,0.0,0.024998536592495214,1.2014250768673167,0.27315588445929906
2010-07-22,0.006316039726988472,0,0.0,0.0,0.006316039726988472,1.2014250768673167,0.2748866077822879
2010-07-23,0.00821626243715152,0,0.0,0.0,0.00821626243715152,1.2014250768673167,0.27715445213654905
2010-07-26,-0.0004307559833996323,0,0.0,-0.0,-0.0004307559833996323,1.2014250768673167,0.27703509190737746
2010-07-27,-0.008002638144975248,0,0.0,-0.0,-0.008002638144975248,1.2014250768673167,0.2748269276677021
2010-07-28,-0.007410670357662767,1,0.0005,-0.007910670357662767,-0.007410670357662767,1.1919584920080741,0.27279780377178425
2010-07-29,0.00218531555499777,1,0.0,0.00218531555499777,0.00218531555499777,1.1945661456768732,0.27339460491764245
2010-07-30,0.01859915206307355,1,0.0,0.01859915206307355,0.01859915206307355,1.2169919672285456,0.278527094772023
2010-08-02,-0.004294616864837333,0,0.0005,-0.0005,-0.004294616864837333,1.2163836233435765,0.2773334924803066
2010-08-03,0.010020638834111788,0,0.0,0.0,0.010020638834111788,1.2163836233435765,0.280126521842923
2010-08-04,-0.0023035587355482827,0,0.0,-0.0,-0.0023035587355482827,1.2163836233435765,0.27948197660539614
2010-08-05,-0.0014958865915826911,0,0.0,-0.0,-0.0014958865915826911,1.2163836233435765,0.27906421580329543
2010-08-06,0.006820145788208327,1,0.0005,0.006320145788208328,0.006820145788208327,1.2240956901998883,0.28097397947004166
2010-08-09,-0.008693156262730314,0,0.0005,-0.0005,-0.008693156262730314,1.2234837953412507,0.2785420148006695
2010-08-10,-0.027643021082043306,1,0.0005,-0.028143021082043307,-0.027643021082043306,1.189531269343875,0.2709477202196239
2010-08-11,-0.00796112121586733,1,0.0,-0.00796112121586733,-0.00796112121586733,1.1800988628028224,0.2687992360945344
2010-08-12,-0.007130154984591191,1,0.0,-0.007130154984591191,-0.007130154984591191,1.1717145014329977,0.2668894724277881
2010-08-13,0.0017873105740956587,1,0.0,0.0017873105740956587,0.0017873105740956587,1.1738105917754538,0.2673669133444747
2010-08-16,0.012687035275856602,1,0.0,0.012687035275856602,0.012687035275856602,1.1887976377240153,0.2707806158987836
2010-08-17,0.003915449009171195,0,0.0005,-0.0005,0.003915449009171195,1.1882033874800946,0.2718429219384112
2010-08-18,-0.015264094613904985,0,0.0,-0.0,-0.015264094613904985,1.1882033874800946,0.2677249940319897
2010-08-19,0.00133660077818013,1,0.0005,0.00083660077818013,0.00133660077818013,1.1891978552869649,0.26808307471950454
2010-08-20,-0.009843479927915559,1,0.0,-0.009843479927915559,-0.009843479927915559,1.1775494346207522,0.2654571496777285
2010-08-23,-0.018836367656715692,1,0.0,-0.018836367656715692,-0.018836367656715692,1.1555762774549423,0.26050370016710545
2010-08-24,0.009575996568284383,1,0.0,0.009575996568284383,0.009575996568284383,1.1666952244545088,0.2630102649797099
2010-08-25,-0.01209922304749428,1,0.0,-0.01209922304749428,-0.01209922304749428,1.1526641722883892,0.2598472189066614
2010-08-26,0.01209922304749433,1,0.0,0.01209922304749433,0.01209922304749433,1.1666952244545088,0.2630102649797099
2010-08-27,-0.010492796999220516,0,0.0005,-0.0005,-0.010492796999220516,1.1661120226548816,0.26026497970876217
2010-08-30,-0.0034455070263914437,0,0.0,-0.0,-0.0034455070263914437,1.1661120226548816,0.25936977798997485
2010-08-31,0.029473908615440733,1,0.0005,0.028973908615440733,0.029473908615440733,1.2003930757081218,0.26712819288613143
2010-09-01,0.011108756761666803,0,0.0005,-0.0005,0.011108756761666803,1.1997930291943972,0.27011219861542246
2010-09-02,0.016435123961985886,0,0.0,0.0,0.016435123961985886,1.1997930291943972,0.274588207209359
2010-09-03,-0.006760466267218144,0,0.0,-0.0,-0.006760466267218144,1.1997930291943972,0.27273812365719863
2010-09-07,0.011963166058275224,0,0.0,0.0,0.011963166058275224,1.1997930291943972,0.2760205299594188
2010-09-08,0.003884338073396233,0,0.0,0.0,0.003884338073396233,1.1997930291943972,0.27709477202196353
2010-09-09,0.0036547390997699685,0,0.0,0.0,0.0036547390997699685,1.1997930291943972,0.2781093339699225
2010-09-10,0.013852112808151464,0,0.0,0.0,0.013852112808151464,1.1997930291943972,0.2819885414180008
2010-09-13,0.004223871116185243,0,0.0,0.0,0.004223871116185243,1.1997930291943972,0.2831821437097172
2010-09-14,0.006302541870802305,0,0.0,0.0,0.006302541870802305,1.1997930291943972,0.2849725471472918
2010-09-15,0.00397116207949899,0,0.0,0.0,0.00397116207949899,1.1997930291943972,0.28610646932442235
2010-09-16,0.0011466098092620127,0,0.0,0.0,0.0011466098092620127,1.1997930291943972,0.2864347099546444
2010-09-17,0.017245991334611983,1,0.0005,0.016745991334611982,0.017245991334611983,1.2200539237721157,0.29141740272141453
2010-09-20,-0.0002027651852981281,0,0.0005,-0.0005,-0.0002027651852981281,1.2194440492915555,0.2913583194079746
2010-09-21,-0.0026663947702045346,0,0.0,-0.0,-0.0026663947702045346,1.2194440492915555,0.2905824779183589
2010-09-22,-0.00041084634924655683,1,0.0005,-0.0009108463492465569,-0.00041084634924655683,1.218333828828033,0.29046311768918726
2010-09-23,0.020136956234657548,1,0.0,0.020136956234657548,0.020136956234657548,1.2431160456050978,0.29637144903318347
2010-09-24,-0.005451805527487055,1,0.0,-0.005451805527487055,-0.005451805527487055,1.236357259211353,0.29476008593936637
2010-09-27,-0.0004050222817619628,0,0.0005,-0.0005,-0.0004050222817619628,1.2357392351006504,0.29464072571019473
2010-09-28,-0.001621731553485098,1,0.0005,-0.002121731553485098,-0.001621731553485098,1.2331201076988367,0.2941632847935082
2010-09-29,-0.004473370615474368,1,0.0,-0.004473370615474368,-0.004473370615474368,1.2276162240775395,0.29285032227262014
2010-09-30,-0.0012234911803559686,1,0.0,-0.0012234911803559686,-0.0012234911803559686,1.2261151649080948,0.29249224158510523
2010-10-01,-0.010873017160397179,1,0.0,-0.010873017160397179,-0.010873017160397179,1.212855808911333,0.2893291955120567
2010-10-04,0.024048438318961595,1,0.0,0.024048438318961595,0.024048438318961595,1.2423766392437459,0.2963714490331836
2010-10-05,-0.00869658630991135,1,0.0,-0.00869658630991135,-0.00869658630991135,1.2316190485293919,0.29380520410599326
2010-10-06,0.003649639087549331,0,0.0005,-0.0005,0.003649639087549331,1.231003392931853,0.294879446168538
2010-10-07,0.006857630746943178,1,0.0005,0.006357630746943179,0.006857630746943178,1.2388545890100613,0.2969085700644559
2010-10-08,0.00040192926586109245,1,0.0,0.00040192926586109245,0.00040192926586109245,1.2393526210056431,0.29702793029362756
2010-10-11,0.006808196101170425,1,0.0,0.006808196101170425,0.006808196101170425,1.2478191649305361,0.2990570541895454
2010-10-12,0.008148708510657077,0,0.0005,-0.0005,0.008148708510657077,1.2471954112994734,0.30150393888756405
2010-10-13,-0.0019813757225166373,0,0.0,-0.0,-0.0019813757225166373,1.2471954112994734,0.30090713774170585
2010-10-14,0.020999692298276126,0,0.0,0.0,0.020999692298276126,1.2471954112994734,0.30729291000238856
2010-10-15,-0.003696861881326203,0,0.0,-0.0,-0.003696861881326203,1.2471954112994734,0.3061589878252579
2010-10-18,-0.009400774284705779,0,0.0,-0.0,-0.009400774284705779,1.2471954112994734,0.3032943423251386
2010-10-19,0.007254222577473827,1,0.0005,0.006754222577473826,0.007254222577473827,1.2556477590914907,0.3055025065648139
2010-10-20,0.00195160093168514,1,0.0,0.00195160093168514,0.00195160093168514,1.2581006752061448,0.3060993077106721
2010-10-21,0.006800764577264794,1,0.0,0.006800764577264794,0.006800764577264794,1.2666858816074347,0.30818811172117583
2010-10-22,0.004829527401206434,0,0.0005,-0.0005,0.004829527401206434,1.2660526969759802,0.30968011458582134
2010-10-25,0.0026943819225639615,0,0.0,0.0,0.0026943819225639615,1.2660526969759802,0.31051563619002287
2010-10-26,0.0030704303531096967,1,0.0005,0.0025704303531096967,0.0030704303531096967,1.2693111833189257,0.311470518023396
2010-10-27,0.0021054654155554303,1,0.0,0.0021054654155554303,0.0021054654155554303,1.271986489511014,0.31212699928384
2010-10-28,-0.0022970913622948454,1,0.0,-0.0022970913622948454,-0.0022970913622948454,1.2690679736650996,0.3114108379088102
2010-10-29,0.0007662835624003871,1,0.0,0.0007662835624003871,0.0007662835624003871,1.2700408122804043,0.3116495583671535
2010-11-01,0.010666767804195228,1,0.0,0.010666767804195228,0.010666767804195228,1.2836605528946714,0.3149916447839594
2010-11-02,0.004536869785701584,1,0.0,0.004536869785701584,0.004536869785701584,1.2894975845865002,0.31642396753401913
2010-11-03,0.012184985327858078,1,0.0,0.012184985327858078,0.012184985327858078,1.3053062120852033,0.3203031749820975
2010-11-04,0.0,1,0.0,0.0,0.0,1.3053062120852033,0.3203031749820975
2010-11-05,0.0012568956336623121,1,0.0,0.0012568956336623121,0.0012568956336623121,1.30694787724853,0.32070601575555174
2010-11-08,-0.005364444351345587,1,0.0,-0.005364444351345587,-0.005364444351345587,1.2999555997010268,0.3189902124612094
2010-11-09,0.004945654647451515,1,0.0,0.004945654647451515,0.004945654647451515,1.306400655527421,0.32057173549773366
2010-11-10,-0.006162484488240092,1,0.0,-0.006162484488240092,-0.006162484488240092,1.2983747369511565,0.31860229171640153
2010-11-11,-0.01652617998049776,1,0.0,-0.01652617998049776,-0.01652617998049776,1.2770938922413642,0.3133802816901423
2010-11-12,-0.00372049081675726,1,0.0,-0.00372049081675726,-0.00372049081675726,1.2723513039917533,0.3122165194557189
2010-11-15,-0.016672674552951877,1,0.0,-0.016672674552951877,-0.016672674552951877,1.2513136689357875,0.3070541895440454
2010-11-16,0.002911210207458313,1,0.0,0.002911210207458313,0.002911210207458313,1.2549618137431804,0.30794939126283266
2010-11-17,0.01595727409692435,1,0.0,0.01595727409692435,0.01595727409692435,1.2751482150107547,0.3129028407734557
2010-11-18,0.0007626311141789866,1,0.0,0.0007626311141789866,0.0007626311141789866,1.2761210536260594,0.31314156123179904
2010-11-19,0.008350779217419889,0,0.0005,-0.0005,0.008350779217419889,1.2754831525877957,0.31576748627357504
2010-11-22,-0.016003389741232606,0,0.0,-0.0,-0.016003389741232606,1.2754831525877957,0.31075435664836615
2010-11-23,0.0199645379933706,1,0.0005,0.019464537993370598,0.0199645379933706,1.30055303823176,0.3170207686798773
2010-11-24,-0.006610657750601806,1,0.0,-0.006610657750601806,-0.006610657750601806,1.2919838822946155,0.3149319646693736
2010-11-26,-0.0007582938751982167,0,0.0005,-0.0005,-0.0007582938751982167,1.2913380518245405,0.3146932442110303
2010-11-29,-0.01230755410596621,0,0.0,-0.0,-0.01230755410596621,1.2913380518245405,0.3108438768202449
2010-11-30,0.020993409317813967,1,0.0005,0.020493409317813967,0.020993409317813967,1.3180750009678817,0.3174385294819779
2010-12-01,0.01010109598650392,0,0.0005,-0.0005,0.01010109598650392,1.3174161281993164,0.3206612556696123
2010-12-02,0.00260223195171228,0,0.0,0.0,0.00260223195171228,1.3174161281993164,0.32149677727381376
2010-12-03,-0.0004641879115981031,0,0.0,-0.0,-0.0004641879115981031,1.3174161281993164,0.3213475769873492
2010-12-06,0.0006498027613189569,0,0.0,0.0,0.0006498027613189569,1.3174161281993164,0.32155645738839955
2010-12-07,0.003705080192545424,1,0.0005,0.003205080192545424,0.003705080192545424,1.3216453263764187,0.32275005968011594
2010-12-08,0.0010164950281529748,0,0.0005,-0.0005,0.0010164950281529748,1.3209846688913656,0.32307830031033796
2010-12-09,0.006628027578413331,0,0.0,0.0,0.006628027578413331,1.3209846688913656,0.3252267844354275
2010-12-10,-0.0035847274013851562,0,0.0,-0.0,-0.0035847274013851562,1.3209846688913656,0.324063022201004
2010-12-13,0.0017480109331562388,1,0.0005,0.0012480109331562388,0.0017480109331562388,1.3226343013662432,0.3246299832895693
2010-12-14,-0.0043296092690265735,1,0.0,-0.0043296092690265735,-0.0043296092690265735,1.3169201904953711,0.3232275005968025
2010-12-15,0.007724886676172792,1,0.0,0.007724886676172792,0.007724886676172792,1.3271326439667162,0.3257340654094069
2010-12-16,-0.0010999084518605064,1,0.0,-0.0010999084518605064,-0.0010999084518605064,1.3256737220422383,0.325375984721892
2010-12-17,0.0007334067068747537,1,0.0,0.0007334067068747537,0.0007334067068747537,1.326646336658557,0.3256147051802353
2010-12-20,0.006030169026591231,1,0.0,0.006030169026591231,0.006030169026591231,1.3346704072431854,0.3275841489615673
2010-12-21,-9.109542251809277e-05,1,0.0,-9.109542251809277e-05,-9.109542251809277e-05,1.3345488304161455,0.32755430890427434
2010-12-22,-0.0026088478405111907,1,0.0,-0.0026088478405111907,-0.0026088478405111907,1.3310717331628066,0.3267008832656971
2010-12-23,0.0005113594968614301,1,0.0,0.0005113594968614301,0.0005113594968614301,1.3317525633942295,0.32686798758653746
2010-12-27,-0.0018274858887221167,1,0.0,-0.0018274858887221167,-0.0018274858887221167,1.329321026853433,0.3262711864406792
2010-12-28,0.0021925826434164098,1,0.0,0.0021925826434164098,0.0021925826434164098,1.3322388707023889,0.32698734781570904
2010-12-29,-0.0023755150504024226,1,0.0,-0.0023755150504024226,-0.0023755150504024226,1.3290778731993533,0.3262115063260934
2010-12-30,-0.0036656932543083507,1,0.0,-0.0036656932543083507,-0.0036656932543083507,1.3242148001177605,0.32501790403437697
2010-12-31,0.015487236760973067,1,0.0,0.015487236760973067,0.015487236760973067,1.3448828607145304,0.3300907137741717
2011-01-03,-0.0008139272436679316,1,0.0,-0.0008139272436679316,-0.0008139272436679316,1.343788669271172,0.3298221532585355
2011-01-04,0.008558225290883428,1,0.0,0.008558225290883428,0.008558225290883428,1.3553384678399554,0.3326569587013619
2011-01-05,0.0032240758717526847,1,0.0,0.0032240758717526847,0.0032240758717526847,1.3597152336133889,0.3337312007639067
2011-01-06,-0.0008945344544974391,1,0.0,-0.0008945344544974391,-0.0008945344544974391,1.3584994653429907,0.3334328001909776
2011-01-07,0.003751679255277253,1,0.0,0.003751679255277253,0.003751679255277253,1.3636056920786632,0.3346860825972798
2011-01-10,0.0014255169912209468,1,0.0,0.0014255169912209468,0.0014255169912209468,1.3655509213113004,0.33516352351396633
2011-01-11,0.007008856265788718,1,0.0,0.007008856265788718,0.007008856265788718,1.3751554906474466,0.33752088804010616
2011-01-12,0.00035357553625673505,1,0.0,0.00035357553625673505,0.00035357553625673505,1.375641797955606,0.33764024826927785
2011-01-13,0.007484076314949088,1,0.0,0.007484076314949088,0.007484076314949088,1.385975828253991,0.34017665313917517
2011-01-14,0.0028030852271163373,1,0.0,0.0028030852271163373,0.0028030852271163373,1.389866286719265,0.3411315349725483
2011-01-18,-0.01143673941991462,1,0.0,-0.01143673941991462,-0.01143673941991462,1.374061299204088,0.33725232752447
2011-01-19,-0.007103563878871271,1,0.0,-0.007103563878871271,-0.007103563878871271,1.3643351530409022,0.3348651229410372
2011-01-20,-0.00769303373671638,1,0.0,-0.00769303373671638,-0.00769303373671638,1.3538795459154773,0.3322988780138469
2011-01-21,0.013734274569506925,1,0.0,0.013734274569506925,0.013734274569506925,1.3726023772796105,0.33689424683695507
2011-01-24,0.0014604034193409765,1,0.0,0.0014604034193409765,0.0014604034193409765,1.3746083949257675,0.3373866077822881
2011-01-25,0.005248661294018007,1,0.0,0.005248661294018007,0.005248661294018007,1.3818422161346369,0.3391620911912162
2011-01-26,0.006139831585135731,1,0.0,0.006139831585135731,0.006139831585135731,1.3903525940274246,0.3412508952017199
2011-01-27,-0.025685585312720853,1,0.0,-0.025685585312720853,-0.025685585312720853,1.3550953141858757,0.33259727858677596
2011-01-28,0.004833089153704296,1,0.0,0.004833089153704296,0.004833089153704296,1.3616604628460263,0.3342086416805931
2011-01-31,0.018576385572935457,1,0.0,0.018576385572935457,0.018576385572935457,1.3871915965243893,0.3404750537121043
2011-02-01,-0.0016665939562092655,1,0.0,-0.0016665939562092655,-0.0016665939562092655,1.3848816368106327,0.339908092623539
2011-02-02,0.0017980489440199473,0,0.0005,-0.0005,0.0017980489440199473,1.3841893690735838,0.34051981379804364
2011-02-03,0.005549137084814097,0,0.0,0.0,0.005549137084814097,1.3841893690735838,0.3424146574361435
2011-02-04,0.004781578334358716,0,0.0,0.0,0.004781578334358716,1.3841893690735838,0.34405586058725357
2011-02-07,0.006483705445432759,0,0.0,0.0,0.006483705445432759,1.3841893690735838,0.3462938648842218
2011-02-08,-0.001638567051967928,0,0.0,-0.0,-0.001638567051967928,1.3841893690735838,0.34572690379565657
2011-02-09,0.001569628872253232,0,0.0,0.0,0.001569628872253232,1.3841893690735838,0.34626999283838755
2011-02-10,0.007195572901712592,1,0.0005,0.006695572901712592,0.007195572901712592,1.3934884063548405,0.3487705896395334
2011-02-11,0.002392754517088768,0,0.0005,-0.0005,0.002392754517088768,1.3927918363086866,0.3496061112437349
2011-02-14,-0.001366587161776527,0,0.0,-0.0,-0.001366587161776527,1.3927918363086866,0.34912867032704836
2011-02-15,0.006491703734240752,1,0.0005,0.0059917037342407525,0.006491703734240752,1.4011620833341645,0.3514024826927681
2011-02-16,-0.000356715166724954,1,0.0,-0.000356715166724954,-0.000356715166724954,1.4006623567033325,0.3512771544521378
2011-02-17,-0.0022110732708986586,1,0.0,-0.0022110732708986586,-0.0022110732708986586,1.3975688108934203,0.3505013129625221
2011-02-18,-0.02937322436598051,1,0.0,-0.02937322436598051,-0.02937322436598051,1.3571147503022607,0.34035569348293276
2011-02-22,-0.008275423580130097,1,0.0,-0.008275423580130097,-0.008275423580130097,1.3459303923741166,0.3375507280973992
2011-02-23,0.0052021454883687,1,0.0,0.0052021454883687,0.0052021454883687,1.352950361711994,0.3393112914776808
2011-02-24,0.013886079638381803,1,0.0,0.013886079638381803,0.013886079638381803,1.3718685841649187,0.34405586058725346
2011-02-25,0.0020603218720702857,0,0.0005,-0.0005,0.0020603218720702857,1.3711828213278323,0.34476545714967893
2011-02-28,-0.01621026535823836,0,0.0,-0.0,-0.01621026535823836,1.3711828213278323,0.33922177130580206
2011-03-01,0.005264093573727142,1,0.0005,0.004764093573727143,0.005264093573727142,1.377730849920975,0.3410121747433767
2011-03-02,0.019497173222599532,1,0.0,0.019497173222599532,0.019497173222599532,1.4048562823004132,0.3477261876342814
2011-03-03,-0.005119061358227937,0,0.0005,-0.0005,-0.005119061358227937,1.404154029737034,0.3459507042253533
2011-03-04,-0.013503450739773945,0,0.0,-0.0,-0.013503450739773945,1.404154029737034,0.3413105753163057
2011-03-07,0.004013616765693084,1,0.0005,0.003513616765693084,0.004013616765693084,1.40909636653161,0.34268321795177953
2011-03-08,-0.006815229524470428,1,0.0,-0.006815229524470428,-0.006815229524470428,1.3995257015551676,0.3403556934829326
2011-03-09,-0.015728874234711056,1,0.0,-0.015728874234711056,-0.015728874234711056,1.3776849532755937,0.3350441632847946
2011-03-10,0.006215060403434413,1,0.0,0.006215060403434413,0.006215060403434413,1.3862740115877858,0.3371329672952983
2011-03-11,-0.00354673186123559,1,0.0,-0.00354673186123559,-0.00354673186123559,1.381365978266533,0.33593936500358185
2011-03-14,-0.014314075138125267,1,0.0,-0.014314075138125267,-0.014314075138125267,1.361733844981523,0.3311649558367163
2011-03-15,-0.024444850890810305,1,0.0,-0.024444850890810305,-0.024444850890810305,1.3288500217291308,0.3231678204822163
2011-03-16,0.009191241175547862,1,0.0,0.009191241175547862,0.009191241175547862,1.341120105032262,0.32615182621150735
2011-03-17,-0.0036663652435779564,1,0.0,-0.0036663652435779564,-0.0036663652435779564,1.3362120717110098,0.32495822391979096
2011-03-18,0.019100171373419215,1,0.0,0.019100171373419215,0.019100171373419215,1.3619792466475855,0.331224635951302
2011-03-21,-0.0018936837797525912,0,0.0005,-0.0005,-0.0018936837797525912,1.3612984272432966,0.33059799474815094
2011-03-22,0.0056703270600879496,0,0.0,0.0,0.0056703270600879496,1.3612984272432966,0.33247791835760426
2011-03-23,0.017614546700982305,0,0.0,0.0,0.017614546700982305,1.3612984272432966,0.33838624970160047
2011-03-24,0.0024660924951934683,0,0.0,0.0,0.0024660924951934683,1.3612984272432966,0.33922177130580194
2011-03-25,-0.005468832541700539,0,0.0,-0.0,-0.005468832541700539,1.3612984272432966,0.3373716877536415
2011-03-28,0.00968232192143617,0,0.0,0.0,0.00968232192143617,1.3612984272432966,0.34065409405586156
2011-03-29,0.0047190509667440214,0,0.0,0.0,0.0047190509667440214,1.3612984272432966,0.3422654571496787
2011-03-30,0.001393971300825476,0,0.0,0.0,0.001393971300825476,1.3612984272432966,0.3427428980663653
2011-03-31,0.0005222386749384131,0,0.0,0.0,0.0005222386749384131,1.3612984272432966,0.3429219384101228
2011-04-01,-0.003312127145377527,0,0.0,-0.0,-0.003312127145377527,1.3612984272432966,0.3417880162329922
2011-04-04,-0.002622608374437106,0,0.0,-0.0,-0.002622608374437106,1.3612984272432966,0.34089281451420483
2011-04-05,0.0024479816386400372,1,0.0005,0.0019479816386400372,0.0024479816386400372,1.3639527960757871,0.3417283361184063
2011-04-06,-0.0006988120480047944,1,0.0,-0.0006988120480047944,-0.0006988120480047944,1.362999982386597,0.3414896156600631
2011-04-07,-0.004729797728772991,1,0.0,-0.004729797728772991,-0.004729797728772991,1.3565684899845631,0.33987825256624593
2011-04-08,-0.003341837601349376,1,0.0,-0.003341837601349376,-0.003341837601349376,1.3520426249609094,0.3387443303891153
2011-04-11,-0.006894750198358294,1,0.0,-0.006894750198358294,-0.006894750198358294,1.3427526914913048,0.3364168059202683
2011-04-12,0.00847911810306138,1,0.0,0.00847911810306138,0.00847911810306138,1.3541864557615875,0.3392814514203877
2011-04-13,-0.0017605638350330145,1,0.0,-0.0017605638350330145,-0.0017605638350330145,1.3518044215386118,0.33868465027452943
2011-04-14,-0.0017636688874968153,1,0.0,-0.0017636688874968153,-0.0017636688874968153,1.3494223873156361,0.3380878491286712
2011-04-15,-0.007085946389485835,1,0.0,-0.007085946389485835,-0.007085946389485835,1.3398942504237341,0.33570064454523835
2011-04-18,0.006202944124607865,1,0.0,0.006202944124607865,0.006202944124607865,1.3482313702041486,0.3377894485557421
2011-04-19,0.022276527197260833,1,0.0,0.022276527197260833,0.022276527197260833,1.3786023065470865,0.34539866316543416
2011-04-20,0.008002452033177284,0,0.0005,-0.0005,0.008002452033177284,1.377913177690384,0.3481737884936748
2011-04-21,0.0025678350153590713,0,0.0,0.0,0.0025678350153590713,1.377913177690384,0.3490689902124621
2011-04-25,0.00562613367091452,0,0.0,0.0,0.00562613367091452,1.377913177690384,0.35103843399379414
2011-04-26,0.006777389547596231,0,0.0,0.0,0.006777389547596231,1.377913177690384,0.3534256385772269
2011-04-27,-0.0015209128407066201,0,0.0,-0.0,-0.0015209128407066201,1.377913177690384,0.3528885175459546
2011-04-28,-0.0008459521695595306,0,0.0,-0.0,-0.0008459521695595306,1.377913177690384,0.35259011697302545
2011-04-29,-0.0018636176507662375,1,0.0005,-0.0023636176507662375,-0.0018636176507662375,1.3746601637374347,0.35193363571258146
2011-05-02,-0.004759485442169691,1,0.0,-0.004759485442169691,-0.004759485442169691,1.3681330339113114,0.35026259250417846
2011-05-03,-0.0015346579872761732,1,0.0,-0.0015346579872761732,-0.0015346579872761732,1.3660350278957718,0.34972547147290606
2011-05-04,-0.005475715255962907,1,0.0,-0.005475715255962907,-0.005475715255962907,1.358575450951631,0.34781570780615984
2011-05-05,0.00325482086057509,1,0.0,0.00325482086057509,0.00325482086057509,1.3630045747622146,0.3489496299832905
2011-05-06,0.003755552382664068,1,0.0,0.003755552382664068,0.003755552382664068,1.3681330339113116,0.3502625925041785
2011-05-09,0.008483254132390577,1,0.0,0.008483254132390577,0.008483254132390577,1.3797886228865315,0.3532465982334695
2011-05-10,-0.007376352916729218,1,0.0,-0.007376352916729218,-0.007376352916729218,1.3696482604780904,0.3506505132489864
2011-05-11,0.006023859050373792,1,0.0,0.006023859050373792,0.006023859050373792,1.3779237286504964,0.352769157316783
2011-05-12,-0.011913006784060157,1,0.0,-0.011913006784060157,-0.011913006784060157,1.3616059040851884,0.3485915492957755
2011-05-13,-0.017460226481242496,1,0.0,-0.017460226481242496,-0.017460226481242496,1.338038303177294,0.34255788971114914
2011-05-16,0.0028010004481917685,1,0.0,0.0028010004481917685,0.0028010004481917685,1.341791402827315,0.3435187395559809
2011-05-17,0.00830454599682003,1,0.0,0.00830454599682003,0.00830454599682003,1.352980768243526,0.3463833850561003
2011-05-18,0.002924733267657031,1,0.0,0.002924733267657031,0.002924733267657031,1.3569436684951008,0.3473979470040592
2011-05-19,-0.007674105348662262,0,0.0005,-0.0005,-0.007674105348662262,1.3562653662505457,0.34474218190499023
2011-05-20,-0.014736282713330223,0,0.0,-0.0,-0.014736282713330223,1.3562653662505457,0.33969921222248844
2011-05-23,-0.006167963866587359,1,0.0005,-0.00666796386658736,-0.006167963866587359,1.3472519218517607,0.3376104082119847
2011-05-24,0.003881444534276901,1,0.0,0.003881444534276901,0.003881444534276901,1.35249136719041,0.33892337073287276
2011-05-25,0.006170393881291713,1,0.0,0.006170393881291713,0.006170393881291713,1.3608625719019336,0.34102112676056434
2011-05-26,0.005036167105572143,0,0.0005,-0.0005,0.005036167105572143,1.3601823106954563,0.34274289806636526
2011-05-27,0.016063908778379717,0,0.0,0.0,0.016063908778379717,1.3601823106954563,0.34829314872284656
2011-05-31,-0.022001753678417054,0,0.0,-0.0,-0.022001753678417054,1.3601823106954563,0.3407137741704474
2011-06-01,0.0020997383042694736,0,0.0,0.0,0.0020997383042694736,1.3601823106954563,0.3414299355454773
2011-06-02,-0.015146467794652096,1,0.0005,-0.015646467794652095,-0.015146467794652096,1.3390658914573095,0.33629744569109676
2011-06-03,-0.008196767204178515,1,0.0,-0.008196767204178515,-0.008196767204178515,1.328134741322964,0.333552160420149
2011-06-06,-0.0017908314241698484,1,0.0,-0.0017908314241698484,-0.0017908314241698484,1.3257584043372368,0.3329553592742908
2011-06-07,-0.007195569812424407,0,0.0005,-0.0005,-0.007195569812424407,1.3250956908272522,0.330568154690858
2011-06-08,0.001713641907514436,1,0.0005,0.0012136419075144359,0.001713641907514436,1.3267048587684163,0.33113511577942323
2011-06-09,-0.015346498689992327,0,0.0005,-0.0005,-0.015346498689992327,1.3260416721495032,0.3260921460969215
2011-06-10,0.0,1,0.0005,-0.0005,0.0,1.325378817041015,0.3260921460969215
2011-06-13,0.012729759096245382,1,0.0,0.012729759096245382,0.012729759096245382,1.3423584138918334,0.33026975411792897
2011-06-14,-0.019155926441420248,1,0.0,-0.019155926441420248,-0.019155926441420248,1.316889018615606,0.3240033420864178
2011-06-15,-0.003875616182651061,1,0.0,-0.003875616182651061,-0.003875616182651061,1.3117951395603604,0.3227500596801156
2011-06-16,-0.005376855449557456,1,0.0,-0.005376855449557456,-0.005376855449557456,1.3047607351507358,0.3210193363571268
2011-06-17,0.005191927108762398,1,0.0,0.005191927108762398,0.005191927108762398,1.3115525738910632,0.32269037956552976
2011-06-20,0.02122678051918266,1,0.0,0.02122678051918266,0.02122678051918266,1.3396901915295618,0.3296132728574849
2011-06-21,-0.0072505564726812605,0,0.0005,-0.0005,-0.0072505564726812605,1.3390205138671643,0.32723203628551073
2011-06-22,0.00924024691836506,0,0.0,0.0,0.00924024691836506,1.3390205138671643,0.33026975411792897
2011-06-23,-0.017499535154455185,0,0.0,-0.0,-0.017499535154455185,1.3390205138671643,0.32454046311769025
2011-06-24,0.015781399360813644,0,0.0,0.0,0.015781399360813644,1.3390205138671643,0.32970279302936367
2011-06-27,0.014823071570442803,0,0.0,0.0,0.014823071570442803,1.3390205138671643,0.33462640248269376
2011-06-28,0.004093625010063423,0,0.0,0.0,0.004093625010063423,1.3390205138671643,0.3359990451181676
2011-06-29,0.013233541162439905,0,0.0,0.0,0.013233541162439905,1.3390205138671643,0.34047505371210407
2011-06-30,0.014962004929613762,0,0.0,0.0,0.014962004929613762,1.3390205138671643,0.34560754356648454
2011-07-01,0.004995273499693773,0,0.0,0.0,0.004995273499693773,1.3390205138671643,0.3473382668894734
2011-07-05,0.0032592875580540895,0,0.0,0.0,0.0032592875580540895,1.3390205138671643,0.348472189066604
2011-07-06,0.01360796640718747,0,0.0,0.0,0.01360796640718747,1.3390205138671643,0.35324659823346966
2011-07-07,-0.0027068194500356408,0,0.0,-0.0,-0.0027068194500356408,1.3390205138671643,0.35229171640009654
2011-07-08,-0.018292671800116383,0,0.0,-0.0,-0.018292671800116383,1.3390205138671643,0.3459059441394138
2011-07-11,-0.007620404039690383,1,0.0005,-0.008120404039690382,-0.007620404039690383,1.3281911551693164,0.34328001909763767
2011-07-12,0.004163781171779514,1,0.0,0.004163781171779514,0.004163781171779514,1.3337329819641812,0.3447123418476974
2011-07-13,-0.011667524608402877,1,0.0,-0.011667524608402877,-0.011667524608402877,1.3182620488285166,0.3407137741704475
2011-07-14,0.013224483663517786,1,0.0,0.013224483663517786,0.013224483663517786,1.3358111670122559,0.34524946287896985
2011-07-15,-0.0053730955162838165,1,0.0,-0.0053730955162838165,-0.0053730955162838165,1.3286529740688884,0.34339937932680936
2011-07-18,0.022511475582883897,1,0.0,0.022511475582883897,0.022511475582883897,1.35890211199086,0.35121747433755185
2011-07-19,-0.004257137123318834,0,0.0005,-0.0005,-0.004257137123318834,1.3582228307693216,0.3497254714729063
2011-07-20,0.006633241432016972,0,0.0,0.0,0.006633241432016972,1.3582228307693216,0.35205299594175327
2011-07-21,0.01028763605632026,1,0.0005,0.00978763605632026,0.01028763605632026,1.3715818916861924,0.35569348293148834
2011-07-22,-0.002015452479349827,0,0.0005,-0.0005,-0.002015452479349827,1.3708962721595148,0.35497732155645845
2011-07-25,0.0024348276165510312,0,0.0,0.0,0.0024348276165510312,1.3708962721595148,0.35584268321795287
2011-07-26,-0.02608141720406412,0,0.0,-0.0,-0.02608141720406412,1.3708962721595148,0.34668178562902946
2011-07-27,0.0017199866641373456,1,0.0005,0.0012199866641373455,0.0017199866641373456,1.3725697679431696,0.34727858677488765
2011-07-28,-0.0032705081221592117,1,0.0,-0.0032705081221592117,-0.0032705081221592117,1.3680881000292806,0.3461446645977571
2011-07-29,-0.004666041473577231,1,0.0,-0.004666041473577231,-0.004666041473577231,1.3617194140463855,0.3445333015039399
2011-08-01,-0.025615435627654535,1,0.0,-0.025615435627654535,-0.025615435627654535,1.3272813342870278,0.33582000477441015
2011-08-02,0.009550833123847918,1,0.0,0.009550833123847918,0.009550833123847918,1.3400187062528177,0.3390427309620444
2011-08-03,-0.04758511689922802,1,0.0,-0.04758511689922802,-0.04758511689922802,1.2777471099756228,0.3232871807113879
2011-08-04,-0.00629631709694166,1,0.0,-0.00629631709694166,-0.00629631709694166,1.2697272831823476,0.32125805681547
2011-08-05,-0.062077004269021095,1,0.0,-0.062077004269021095,-0.062077004269021095,1.1933030513876086,0.30192169968966426
2011-08-08,0.047103862845193925,1,0.0,0.047103862845193925,0.047103862845193925,1.2508571024922888,0.31648364764860437
2011-08-09,-0.04178103115506506,1,0.0,-0.04178103115506506,-0.04178103115506506,1.1996717373705035,0.3035330627834814
2011-08-10,0.04310016825391965,1,0.0,0.04310016825391965,0.04310016825391965,1.2525082433026689,0.31690140845070514
2011-08-11,0.008812281644975887,0,0.0005,-0.0005,0.008812281644975887,1.2518821457184575,0.3197063738362387
2011-08-12,0.014639379390074057,0,0.0,0.0,0.014639379390074057,1.2518821457184575,0.3244211028885185
2011-08-15,-0.008498111367991461,0,0.0,-0.0,-0.008498111367991461,1.2518821457184575,0.3216758176175708
2011-08-16,-0.0059546137984887604,0,0.0,-0.0,-0.0059546137984887604,1.2518821457184575,0.3197660539508246
2011-08-17,-0.05033110444772874,0,0.0,-0.0,-0.05033110444772874,1.2518821457184575,0.30407018381475387
2011-08-18,-0.01822193416862019,0,0.0,-0.0,-0.01822193416862019,1.2518821457184575,0.29857961327285837
2011-08-19,0.003591384546500481,1,0.0005,0.003091384546500481,0.003591384546500481,1.255758182911682,0.2996538553354032
2011-08-22,0.04039967870940705,0,0.0005,-0.0005,0.04039967870940705,1.2551304607638405,0.31200763905466794
2011-08-23,0.007811795465173188,0,0.0,0.0,0.007811795465173188,1.2551304607638405,0.3144545237526865
2011-08-24,-0.016456552019579178,0,0.0,-0.0,-0.016456552019579178,1.2551304607638405,0.309322033898306
2011-08-25,0.024772608261236784,0,0.0,0.0,0.024772608261236784,1.2551304607638405,0.3170804487944626
2011-08-26,0.027475275701210413,0,0.0,0.0,0.027475275701210413,1.2551304607638405,0.325913105753164
2011-08-29,0.006570565708506716,0,0.0,0.0,0.006570565708506716,1.2551304607638405,0.32806158987825357
2011-08-30,0.0016359178418922386,0,0.0,0.0,0.0016359178418922386,1.2551304607638405,0.32859871090952597
2011-08-31,-0.009122486179254622,0,0.0,-0.0,-0.009122486179254622,1.2551304607638405,0.3256147051802349
2011-09-01,-0.023739987303072942,0,0.0,-0.0,-0.023739987303072942,1.2551304607638405,0.3179756505132499
2011-09-02,0.00018767007655712668,0,0.0,0.0,0.00018767007655712668,1.2551304607638405,0.3180353306278357
2011-09-06,0.025017518953843694,0,0.0,0.0,0.025017518953843694,1.2551304607638405,0.3260921460969214
2011-09-07,-0.004585901827665207,0,0.0,-0.0,-0.004585901827665207,1.2551304607638405,0.3246001432322759
2011-09-08,-0.0224979276199956,0,0.0,-0.0,-0.0224979276199956,1.2551304607638405,0.31737884936739164
2011-09-09,0.01270570156857919,0,0.0,0.0,0.01270570156857919,1.2551304607638405,0.3214370971592274
2011-09-12,0.013279427896739636,1,0.0005,0.012779427896739635,0.013279427896739636,1.271273238022962,0.3257340654094065
2011-09-13,0.014189796029221729,0,0.0005,-0.0005,0.014189796029221729,1.2706377602866237,0.33038911434710044
2011-09-14,0.014703510366683548,0,0.0,0.0,0.014703510366683548,1.2706377602866237,0.3352828837431377
2011-09-15,0.00727146947833498,0,0.0,0.0,0.00727146947833498,1.2706377602866237,0.3377297684411564
2011-09-16,0.00035335689413597575,0,0.0,0.0,0.00035335689413597575,1.2706377602866237,0.337849128670328
2011-09-19,-0.004425961018089044,0,0.0,-0.0,-0.004425961018089044,1.2706377602866237,0.3363571258056825
2011-09-20,-0.01754116928766367,0,0.0,-0.0,-0.01754116928766367,1.2706377602866237,0.33050847457627214
2011-09-21,-0.03304265362635322,1,0.0005,-0.03354265362635322,-0.03304265362635322,1.2287240758258837,0.31976605395082447
2011-09-22,0.010582109330537008,1,0.0,0.010582109330537008,0.010582109330537008,1.2417956085474358,0.3231678204822162
2011-09-23,0.01156719038793246,1,0.0,0.01156719038793246,0.01156719038793246,1.2562430920817826,0.32692766770112286
2011-09-26,0.010351495319713773,0,0.0005,-0.0005,0.010351495319713773,1.2556151275399599,0.33032943423251454
2011-09-27,-0.014925650216675706,0,0.0,-0.0,-0.014925650216675706,1.2556151275399599,0.3254356648364773
2011-09-28,-0.01199165739580692,0,0.0,-0.0,-0.01199165739580692,1.2556151275399599,0.321556457388399
2011-09-29,-0.026136676277954855,1,0.0005,-0.026636676277954855,-0.026136676277954855,1.2226112223938765,0.31326092146096995
2011-09-30,-0.02605570540116784,1,0.0,-0.02605570540116784,-0.02605570540116784,1.1911666586630376,0.30520410599188424
2011-10-03,0.020323935792281263,1,0.0,0.020323935792281263,0.020323935792281263,1.2156235415648011,0.31147051802339537
2011-10-04,0.02535133874996809,1,0.0,0.02535133874996809,0.02535133874996809,1.2468351826013375,0.3194676533778953
2011-10-05,0.01667322804081869,0,0.0005,-0.0005,0.01667322804081869,1.2462119208384623,0.3248388636906191
2011-10-06,-0.0066359690521952,0,0.0,-0.0,-0.0066359690521952,1.2462119208384623,0.3226903795655296
2011-10-07,0.034000184379900156,0,0.0,0.0,0.034000184379900156,1.2462119208384623,0.3338505609930779
2011-10-10,0.006770024075973267,0,0.0,0.0,0.006770024075973267,1.2462119208384623,0.336118405347339
2011-10-11,0.004959273359350209,0,0.0,0.0,0.004959273359350209,1.2462119208384623,0.33778944855574194
2011-10-12,0.00914533282219163,0,0.0,0.0,0.00914533282219163,1.2462119208384623,0.34089281451420456
2011-10-13,0.018387335035726562,0,0.0,0.0,0.018387335035726562,1.2462119208384623,0.3472189066603015
2011-10-14,-0.01559013041466534,0,0.0,-0.0,-0.01559013041466534,1.2462119208384623,0.3418476963475777
2011-10-17,0.0123190592359591,0,0.0,0.0,0.0123190592359591,1.2462119208384623,0.34608498448317093
2011-10-18,-0.01950262056964094,0,0.0,-0.0,-0.01950262056964094,1.2462119208384623,0.3394008116495591
2011-10-19,-0.00493567016427575,0,0.0,-0.0,-0.00493567016427575,1.2462119208384623,0.33772976844115615
2011-10-20,0.012468332566261347,1,0.0005,0.011968332566261347,0.012468332566261347,1.2612166110093173,0.34196705657674936
2011-10-21,0.02055517573424058,0,0.0005,-0.0005,0.02055517573424058,1.260586160329617,0.34906899021246196
2011-10-24,-0.019857338999710664,0,0.0,-0.0,-0.019857338999710664,1.260586160329617,0.3422057770350926
2011-10-25,-0.0012215340494578146,0,0.0,-0.0,-0.0012215340494578146,1.260586160329617,0.3417880162329918
2011-10-26,0.02721490730051965,1,0.0005,0.02671490730051965,0.02721490730051965,1.2947164668984084,0.35121747433755135
2011-10-27,0.0015281436032628173,0,0.0005,-0.0005,0.0015281436032628173,1.2940692704775476,0.3517545953688237
2011-10-28,-0.016939407523787843,0,0.0,-0.0,-0.016939407523787843,1.2940692704775476,0.34584626402482754
2011-10-31,-0.026402442801147542,0,0.0,-0.0,-0.026402442801147542,1.2940692704775476,0.33683456672236867
2011-11-01,0.00846864623703834,1,0.0005,0.00796864623703834,0.00846864623703834,1.304422446313124,0.339699212222488
2011-11-02,0.020518890636213954,1,0.0,0.020518890636213954,0.020518890636213954,1.3314642327967763,0.34674146574361475
2011-11-03,-0.005176888179533792,0,0.0005,-0.0005,-0.005176888179533792,1.3307986670856717,0.34495106230604017
2011-11-04,0.00706838560531241,0,0.0,0.0,0.00706838560531241,1.3307986670856717,0.3473979470040588
2011-11-07,0.011444313136976596,0,0.0,0.0,0.011444313136976596,1.3307986670856717,0.3513965146813087
2011-11-08,-0.03578910785158528,0,0.0,-0.0,-0.03578910785158528,1.3307986670856717,0.33904273096204396
2011-11-09,-0.000528215524210448,0,0.0,-0.0,-0.000528215524210448,1.3307986670856717,0.33886369061828653
2011-11-10,0.01866930259486042,1,0.0005,0.01816930259486042,0.01866930259486042,1.355199351201036,0.34524946287896924
2011-11-11,-0.006242434004486025,0,0.0005,-0.0005,-0.006242434004486025,1.3545219208971246,0.34310097875387974
2011-11-14,0.011070862078059645,0,0.0,0.0,0.011070862078059645,1.3545219208971246,0.34692050608737224
2011-11-15,-0.016652596437379295,0,0.0,-0.0,-0.016652596437379295,1.3545219208971246,0.34119121508713346
2011-11-16,-0.02371792595361091,0,0.0,-0.0,-0.02371792595361091,1.3545219208971246,0.3331940797326336
2011-11-17,-0.007731765569030984,1,0.0005,-0.008231765569030984,-0.007731765569030984,1.3434175808524629,0.3306278348054433
2011-11-18,-0.019318989755036382,1,0.0,-0.019318989755036382,-0.019318989755036382,1.3177132011466217,0.3243017426593464
2011-11-21,0.003307002830130124,1,0.0,0.003307002830130124,0.003307002830130124,1.3220780958136513,0.3253759847218911
2011-11-22,-0.022818910519641047,1,0.0,-0.022818910519641047,-0.022818910519641047,1.2922513155889483,0.31803533062783523
2011-11-23,-0.007723500765260011,1,0.0,-0.007723500765260011,-0.007723500765260011,1.2823090555140475,0.3155884459298166
2011-11-25,0.03420407777086407,1,0.0,0.03420407777086407,0.03420407777086407,1.3269279787770174,0.3265695870136075
2011-11-28,-0.0062328341099703215,0,0.0005,-0.0005,-0.0062328341099703215,1.3262646806259852,0.32454046311768964
2011-11-29,0.03629539861476615,0,0.0,0.0,0.03629539861476615,1.3262646806259852,0.3365361661494395
2011-11-30,0.006892313225734342,0,0.0,0.0,0.006892313225734342,1.3262646806259852,0.3388636906182865
2011-12-01,-0.0028218713610717004,0,0.0,-0.0,-0.0028218713610717004,1.3262646806259852,0.3379088087849133
2011-12-02,0.010890675004496642,0,0.0,0.0,0.010890675004496642,1.3262646806259852,0.3416089758892341
2011-12-05,-0.0027991620796145775,0,0.0,-0.0,-0.0027991620796145775,1.3262646806259852,0.34065409405586095
2011-12-06,0.0,0,0.0,0.0,0.0,1.3262646806259852,0.34065409405586095
2011-12-07,-0.016961537374375512,0,0.0,-0.0,-0.016961537374375512,1.3262646806259852,0.3349248030556222
2011-12-08,0.015909828250265757,0,0.0,0.0,0.015909828250265757,1.3262646806259852,0.34029601336834603
2011-12-09,-0.01128759779855946,0,0.0,-0.0,-0.01128759779855946,1.3262646806259852,0.3364764860348536
2011-12-12,-0.011057719233698091,0,0.0,-0.0,-0.011057719233698091,1.3262646806259852,0.3327763189305327
2011-12-13,-0.01572558389047051,0,0.0,-0.0,-0.01572558389047051,1.3262646806259852,0.32758414896156646
2011-12-14,-0.002736478949264766,1,0.0005,-0.003236478949264766,-0.002736478949264766,1.3219791915943064,0.32668894724277914
2011-12-15,0.0021897818969240034,1,0.0,0.0021897818969240034,0.0021897818969240034,1.3248772095517654,0.32740510861780897
2011-12-16,-0.009892002259016416,1,0.0,-0.009892002259016416,-0.009892002259016416,1.311836128743199,0.3241823824301748
2011-12-19,0.029208425583055815,1,0.0,0.029208425583055815,0.029208425583055815,1.3507178696724431,0.33379088087849174
2011-12-20,-0.014406876231904342,1,0.0,-0.014406876231904342,-0.014406876231904342,1.3313977499560485,0.3290164717116262
2011-12-21,0.008489168654944423,1,0.0,0.008489168654944423,0.008489168654944423,1.3427483202894304,0.3318214370971597
2011-12-22,0.008596041469797817,0,0.0005,-0.0005,0.008596041469797817,1.3420771139448553,0.33468608259727906
2011-12-23,0.002849004776074871,0,0.0,0.0,0.002849004776074871,1.3420771139448553,0.3356409644306522
2011-12-27,-0.011624918537031374,0,0.0,-0.0,-0.011624918537031374,1.3420771139448553,0.3317617569825739
2011-12-28,0.007169774395423729,0,0.0,0.0,0.007169774395423729,1.3420771139448553,0.33414896156600665
2011-12-29,-0.002861744038532854,0,0.0,-0.0,-0.002861744038532854,1.3420771139448553,0.3331940797326336
2011-12-30,0.01898398181001608,0,0.0,0.0,0.01898398181001608,1.3420771139448553,0.3395798519933163
2012-01-03,0.004209055670341835,0,0.0,0.0,0.004209055670341835,1.3420771139448553,0.34101217474337603
2012-01-04,0.008191766941664739,0,0.0,0.0,0.008191766941664739,1.3420771139448553,0.3438171401289095
2012-01-05,0.0034656073500931046,0,0.0,0.0,0.0034656073500931046,1.3420771139448553,0.345010742420626
2012-01-06,-0.0032920414380023977,0,0.0,-0.0,-0.0032920414380023977,1.3420771139448553,0.34387682024349536
2012-01-09,0.007262698359604699,0,0.0,0.0,0.007262698359604699,1.3420771139448553,0.34638338505609984
2012-01-10,0.0020654052092768578,0,0.0,0.0,0.0020654052092768578,1.3420771139448553,0.34709954643112967
2012-01-11,0.0039468090701823095,0,0.0,0.0,0.0039468090701823095,1.3420771139448553,0.34847218906660354
2012-01-12,-0.0036029892283907195,0,0.0,-0.0,-0.0036029892283907195,1.3420771139448553,0.3472189066603013
2012-01-13,0.009068417009039023,1,0.0005,0.008568417009039023,0.009068417009039023,1.3536259974828069,0.35038195273334977
2012-01-17,0.013198161123719684,1,0.0,0.013198161123719684,0.013198161123719684,1.3716097869230486,0.35503700167104374
2012-01-18,0.006200271224738487,0,0.0005,-0.0005,0.006200271224738487,1.3709241534522387,0.35724516591071903
2012-01-19,-0.0015046395883899946,0,0.0,-0.0,-0.0015046395883899946,1.3709241534522387,0.3567080448794467
2012-01-20,0.0003345600566501758,1,0.0005,-0.00016543994334982423,0.0003345600566501758,1.370697366598274,0.3568274051086183
2012-01-23,-0.001841466997307619,1,0.0,-0.001841466997307619,-0.001841466997307619,1.3681755952263757,0.3561709238481743
2012-01-24,0.012488714477961793,1,0.0,0.012488714477961793,0.012488714477961793,1.3853694909438652,0.36064693244211077
2012-01-25,-0.003481147319879387,1,0.0,-0.003481147319879387,-0.003481147319879387,1.3805552001429682,0.35939365003580853
2012-01-26,0.00298458188718144,1,0.0,0.00298458188718144,0.00298458188718144,1.3846817351151657,0.3604678920983533
2012-01-27,0.0008274721200323929,1,0.0,0.0008274721200323929,0.0008274721200323929,1.3858279948296648,0.36076629267128235
2012-01-30,0.0013225328427941122,1,0.0,0.0013225328427941122,0.0013225328427941122,1.3876620103728636,0.3612437335879689
2012-01-31,0.008062569384927679,1,0.0,0.008062569384927679,0.008062569384927679,1.3988953555749568,0.36416805920267403
2012-02-01,0.003108895574454741,1,0.0,0.003108895574454741,0.003108895574454741,1.403251142490054,0.3653019813798046
2012-02-02,0.013629936787637582,1,0.0,0.013629936787637582,0.013629936787637582,1.422508305693642,0.3703151110050134
2012-02-03,-0.0008061266055246638,1,0.0,-0.0008061266055246638,-0.0008061266055246638,1.421362045979143,0.3700167104320843
2012-02-06,0.0020945790305110196,1,0.0,0.0020945790305110196,0.0020945790305110196,1.4243423212368411,0.37079255192169996
2012-02-07,0.005297387779330013,1,0.0,0.005297387779330013,0.005297387779330013,1.4319076353525366,0.372761995703032
2012-02-08,0.00717878172700577,1,0.0,0.00717878172700577,0.00717878172700577,1.4422239727830304,0.37544760085939394
2012-02-09,-0.006938656860922085,1,0.0,-0.006938656860922085,-0.006938656860922085,1.4322515132668865,0.3728515158749108
2012-02-10,0.009161585689912327,1,0.0,0.009161585689912327,0.009161585689912327,1.4454334999836285,0.37628312246359535
2012-02-13,0.0025344540732787834,1,0.0,0.0025344540732787834,0.0025344540732787834,1.4491015310700261,0.3772380042969685
2012-02-14,-0.006985264154766968,1,0.0,-0.006985264154766968,-0.006985264154766968,1.4390144455824323,0.3746120792551924
2012-02-15,0.013607804915260464,1,0.0,0.013607804915260464,0.013607804915260464,1.4587301126718204,0.379744569109573
2012-02-16,-0.00314812159889506,1,0.0,-0.00314812159889506,-0.00314812159889506,1.4541450738138233,0.37855096681785655
2012-02-17,0.002833755044907009,1,0.0,0.002833755044907009,0.002833755044907009,1.4582716087860206,0.37962520888040124
2012-02-21,-0.004569455677901466,1,0.0,-0.004569455677901466,-0.004569455677901466,1.4516233024419245,0.3778944855574125
2012-02-22,0.006611073976378961,1,0.0,0.006611073976378961,0.006611073976378961,1.4612518840437188,0.3804010503700169
2012-02-23,0.003445578976563118,1,0.0,0.003445578976563118,0.003445578976563118,1.4662954267875157,0.381714012890905
2012-02-24,0.0014061403769897538,1,0.0,0.0014061403769897538,0.0014061403769897538,1.4683586942736144,0.38225113392217736
2012-02-27,0.01009717316411164,1,0.0,0.01009717316411164,0.01009717316411164,1.4832600705621055,0.38613034137025565
2012-02-28,-0.004492300948055578,1,0.0,-0.004492300948055578,-0.004492300948055578,1.4766117642180094,0.38439961804726686
2012-02-29,0.007886842087591286,1,0.0,0.007886842087591286,0.007886842087591286,1.4883036133059027,0.38744330389114373
2012-03-01,-0.0007704754214263477,1,0.0,-0.0007704754214263477,-0.0007704754214263477,1.4871573535914036,0.38714490331821466
2012-03-02,-0.010382056529048615,1,0.0,-0.010382056529048615,-0.010382056529048615,1.4717974734171126,0.3831463356409647
2012-03-05,-0.009861549747598104,1,0.0,-0.009861549747598104,-0.009861549747598104,1.4573546010144214,0.379386488422058
2012-03-06,0.0076784832326948224,1,0.0,0.0076784832326948224,0.0076784832326948224,1.4685879462165148,0.38231081403676326
2012-03-07,0.010713556398635015,1,0.0,0.010713556398635015,0.010713556398635015,1.484406330276605,0.38642874194318483
2012-03-08,0.004161214296112046,0,0.0005,-0.0005,0.004161214296112046,1.483664312631337,0.3880401050370019
2012-03-09,0.00046129008275496076,0,0.0,0.0,0.00046129008275496076,1.483664312631337,0.38821914538075936
2012-03-12,0.018430191913235694,0,0.0,0.0,0.018430191913235694,1.483664312631337,0.39544043924564365
2012-03-13,0.003465163542613707,1,0.0005,0.002965163542613707,0.003465163542613707,1.4880701487448573,0.3968130818811175
2012-03-14,0.0028534974682297744,0,0.0005,-0.0005,0.0028534974682297744,1.487326299648256,0.3979470040582481
2012-03-15,-0.002402403557866512,1,0.0005,-0.002902403557866512,-0.002402403557866512,1.4830157370265884,0.39699212222487495
2012-03-16,0.007040700195449179,1,0.0,0.007040700195449179,0.007040700195449179,1.493494050261743,0.3997970876104085
2012-03-19,0.0017897096499717093,1,0.0,0.0017897096499717093,0.0017897096499717093,1.4961693642792293,0.40051324898543833
2012-03-20,0.00014899798880296252,0,0.0005,-0.0005,0.00014899798880296252,1.495421466587094,0.4005729291000242
2012-03-21,-0.0020879947928921796,1,0.0005,-0.0025879947928921796,-0.0020879947928921796,1.4915563272559194,0.3997374074958227
2012-03-22,-0.0006123104455827807,1,0.0,-0.0006123104455827807,-0.0006123104455827807,1.490643311289698,0.3994927190260208
2012-03-23,0.01734228833275125,1,0.0,0.01734228833275125,0.01734228833275125,1.5167199380322585,0.4064812604440204
2012-03-26,0.0014671364134008253,0,0.0005,-0.0005,0.0014671364134008253,1.5159617676216401,0.4070780615898785
2012-03-27,-0.003995657106670314,1,0.0005,-0.004495657106670313,-0.003995657106670314,1.509161819897018,0.40545476247314427
2012-03-28,-0.0038048092619895244,1,0.0,-0.0038048092619895244,-0.0038048092619895244,1.5034306569317641,0.4039150155168302
2012-03-29,-0.0019226508917600967,1,0.0,-0.0019226508917600967,-0.0019226508917600967,1.500542861639194,0.40313917402721444
2012-03-30,0.010309369658861287,1,0.0,0.010309369658861287,0.010309369658861287,1.5160925285991858,0.40731678204822186
2012-04-02,-0.00029308323773678715,1,0.0,-0.00029308323773678715,-0.00029308323773678715,1.515648252400329,0.4071974218190502
2012-04-03,-0.01372411417665023,1,0.0,-0.01372411417665023,-0.01372411417665023,1.4949894091534828,0.40164717116256893
2012-04-04,0.006221320614252424,1,0.0,0.006221320614252424,0.006221320614252424,1.5043192093294777,0.4041537359751734
2012-04-05,-0.007559511283060166,1,0.0,-0.007559511283060166,-0.007559511283060166,1.4929901662586267,0.4011100501312965
2012-04-09,-0.016199544295303434,1,0.0,-0.016199544295303434,-0.016199544295303434,1.4689992515203538,0.39466459775602797
2012-04-10,0.0048272834726833655,1,0.0,0.0048272834726833655,0.0048272834726833655,1.4761076707020644,0.3965743614227742
2012-04-11,0.011297864363857315,1,0.0,0.011297864363857315,0.011297864363857315,1.4928790972089125,0.40108021007400363
2012-04-12,-0.015218255392280165,1,0.0,-0.015218255392280165,-0.015218255392280165,1.4703320801169246,0.3950226784435429
2012-04-13,-0.011242901774922402,1,0.0,-0.011242901774922402,-0.011242901774922402,1.4538938607592193,0.39060634996419225
2012-04-16,0.020117142159599477,1,0.0,0.020117142159599477,0.020117142159599477,1.4834382279832035,0.3985438052041063
2012-04-17,-0.0025489180904203898,1,0.0,-0.0025489180904203898,-0.0025489180904203898,1.4796618802929198,0.39752924325614736
2012-04-18,-0.01132343947686985,0,0.0005,-0.0005,-0.01132343947686985,1.478922234279686,0.39305323466221087
2012-04-19,-0.0027368118040453767,1,0.0005,-0.0032368118040453767,-0.0027368118040453767,1.4741429802800512,0.3919789925996661
2012-04-20,-0.00917718279333585,1,0.0,-0.00917718279333585,-0.00917718279333585,1.46067638789016,0.38839818572451684
2012-04-23,-0.005392509793418144,1,0.0,-0.005392509793418144,-0.005392509793418144,1.4528208756627239,0.3863093817140132
2012-04-24,0.02622501260183543,1,0.0,0.02622501260183543,0.02622501260183543,1.4914251071804108,0.3965743614227742
2012-04-25,0.005851918567938585,0,0.0005,-0.0005,0.005851918567938585,1.4906795810238915,0.3989018858916211
2012-04-26,0.005966604813221696,0,0.0,0.0,0.005966604813221696,1.4906795810238915,0.40128909047505384
2012-04-27,-0.00716420974678035,0,0.0,-0.0,-0.00716420974678035,1.4906795810238915,0.39842444497493457
2012-04-30,0.0016463372722527868,0,0.0,0.0,0.0016463372722527868,1.4906795810238915,0.39908092623537855
2012-05-01,0.0028373049721951648,1,0.0005,0.0023373049721951648,0.0028373049721951648,1.49416782878196,0.4002148484125091
2012-05-02,-0.010643980259866136,0,0.0005,-0.0005,-0.010643980259866136,1.493420931607423,0.39597756027691583
2012-05-03,-0.025182559271361468,0,0.0,-0.0,-0.025182559271361468,1.493420931607423,0.38613034137025554
2012-05-04,0.0009269273025795029,1,0.0005,0.0004269273025795029,0.0009269273025795029,1.4940586498973583,0.38648842205777045
2012-05-07,-0.003712875552426436,1,0.0,-0.003712875552426436,-0.003712875552426436,1.4885216814604314,0.38505609930771073
2012-05-08,-0.003089081243473013,1,0.0,-0.003089081243473013,-0.003089081243473013,1.4839306117981466,0.383868465027453
2012-05-09,-0.002038736689848317,1,0.0,-0.002038736689848317,-0.002038736689848317,1.4809083498596574,0.3830866555263787
2012-05-10,-0.00015579964197583,1,0.0,-0.00015579964197583,-0.00015579964197583,1.4806776428414523,0.3830269754117929
2012-05-11,-0.00939268019905426,1,0.0,-0.00939268019905426,-0.00939268019905426,1.4668352217491358,0.3794461685366437
2012-05-14,-0.003308392147231045,1,0.0,-0.003308392147231045,-0.003308392147231045,1.461990374366825,0.37819288613034147
2012-05-15,-0.006808671699164828,1,0.0,-0.006808671699164828,-0.006808671699164828,1.452069972583998,0.3756266412031512
2012-05-16,-0.02135769660978142,1,0.0,-0.02135769660978142,-0.02135769660978142,1.4213859391626966,0.3676891859632372
2012-05-17,-0.013069945894460878,1,0.0,-0.013069945894460878,-0.013069945894460878,1.4029293777062748,0.3629147767963716
2012-05-18,0.02757229481170264,1,0.0,0.02757229481170264,0.02757229481170264,1.4421495708011716,0.373060396275961
2012-05-21,-0.0011204482964897178,0,0.0005,-0.0005,-0.0011204482964897178,1.4414286762544262,0.37264263547386023
2012-05-22,0.0019200005898244268,0,0.0,0.0,0.0019200005898244268,1.4414286762544262,0.3733587968488901
2012-05-23,-0.0065752782803356,0,0.0,-0.0,-0.0065752782803356,1.4414286762544262,0.3709119121508715
2012-05-24,-0.001288037531158745,0,0.0,-0.0,-0.001288037531158745,1.4414286762544262,0.37043447123418494
2012-05-25,0.01264725094386025,1,0.0005,0.012147250943860249,0.01264725094386025,1.4590448495279031,0.3751492002864647
2012-05-29,-0.008467180548662342,0,0.0005,-0.0005,-0.008467180548662342,1.4583155094533524,0.37198615421341624
2012-05-30,-0.004341191800524974,0,0.0,-0.0,-0.004341191800524974,1.4583155094533524,0.37037479111959914
2012-05-31,-0.026963558557332522,0,0.0,-0.0,-0.026963558557332522,1.4583155094533524,0.3605216042014802
2012-06-01,0.007602342042931432,1,0.0005,0.007102342042931432,0.007602342042931432,1.4687098333361652,0.36327285748388655
2012-06-04,0.004098702352431932,1,0.0,0.004098702352431932,0.004098702352431932,1.4747419913505242,0.364764860348532
2012-06-05,0.022647360695011002,0,0.0005,-0.0005,0.022647360695011002,1.4740048046668779,0.3731200763905469
2012-06-06,-0.004006736668915201,0,0.0,-0.0,-0.004006736668915201,1.4740048046668779,0.37162807352590144
2012-06-07,0.009589333510609007,0,0.0,0.0,0.009589333510609007,1.4740048046668779,0.3752088804010506
2012-06-08,-0.017084835055183257,0,0.0,-0.0,-0.017084835055183257,1.4740048046668779,0.3688529481976608
2012-06-11,0.012141828897269183,1,0.0005,0.011641828897269182,0.012141828897269183,1.4912651926942253,0.37335879684889023
2012-06-12,-0.006897132161453171,1,0.0,-0.006897132161453171,-0.006897132161453171,1.4810151282303743,0.37079255192169996
2012-06-13,0.003695080113973152,0,0.0005,-0.0005,0.003695080113973152,1.4802748057622994,0.3721651945571738
2012-06-14,0.010051939444261804,1,0.0005,0.009551939444261803,0.010051939444261804,1.494482046397229,0.37592504177608044
2012-06-15,0.009322971848818869,0,0.0005,-0.0005,0.009322971848818869,1.493734992153155,0.37944616853664376
2012-06-18,0.010311547409532797,0,0.0,0.0,0.010311547409532797,1.493734992153155,0.3833790880878493
2012-06-19,0.0007935952614058681,0,0.0,0.0,0.0007935952614058681,1.493734992153155,0.38368345667223697
2012-06-20,-0.025202152867718368,0,0.0,-0.0,-0.025202152867718368,1.493734992153155,0.37413463833850574
2012-06-21,0.01047296148127098,1,0.0005,0.00997296148127098,0.01047296148127098,1.5087064846637217,0.3780735259011699
2012-06-22,-0.019445942691545613,1,0.0,-0.019445942691545613,-0.019445942691545613,1.4796516794342074,0.3707925519216998
2012-06-25,0.0062575414776732926,1,0.0,0.0062575414776732926,0.0062575414776732926,1.4889396909420027,0.3731200763905468
2012-06-26,0.006059658153118817,1,0.0,0.006059658153118817,0.006059658153118817,1.4979895483085726,0.37538792074480787
2012-06-27,-0.011191163961260993,0,0.0005,-0.0005,-0.011191163961260993,1.4972407407519077,0.3712103127238005
2012-06-28,0.03102496381312525,1,0.0005,0.03052496381312525,0.03102496381312525,1.5436486567451566,0.38290761518262123
2012-06-29,0.0029569704838765614,0,0.0005,-0.0005,0.0029569704838765614,1.542877025340711,0.3840415373597518
2012-07-02,0.008356594590941492,0,0.0,0.0,0.008356594590941492,1.542877025340711,0.3872642635473861
2012-07-03,0.0006162378873184659,0,0.0,0.0,0.0006162378873184659,1.542877025340711,0.3875029840057294
2012-07-05,-0.012553438779043241,0,0.0,-0.0,-0.012553438779043241,1.542877025340711,0.38266889472427795
2012-07-06,-0.0018732443816804475,1,0.0005,-0.0023732443816804477,-0.0018732443816804475,1.539219742638083,0.3819527333492481
2012-07-09,-0.009892520024246296,1,0.0,-0.009892520024246296,-0.009892520024246296,1.5240680482964892,0.3781928861303414
2012-07-10,-0.005538427006296968,1,0.0,-0.005538427006296968,-0.005538427006296968,1.5156504403289373,0.37610408211983776
2012-07-11,-0.009406207255475854,1,0.0,-0.009406207255475854,-0.009406207255475854,1.5014607583264923,0.3725829553592744
2012-07-12,0.015102425189122083,1,0.0,0.015102425189122083,0.015102425189122083,1.5243085513812766,0.3782525662449273
2012-07-13,-0.0028440531099629147,0,0.0005,-0.0005,-0.0028440531099629147,1.5235465876124026,0.37717832418238256
2012-07-16,0.0052079341256300584,0,0.0,0.0,0.0052079341256300584,1.5235465876124026,0.3791477679637146
2012-07-17,0.013446106271650339,0,0.0,0.0,0.013446106271650339,1.5235465876124026,0.3842802578180951
2012-07-18,0.010966207664431404,0,0.0,0.0,0.010966207664431404,1.5235465876124026,0.3885175459536883
2012-07-19,-0.013376315730950442,0,0.0,-0.0,-0.013376315730950442,1.5235465876124026,0.38335521604201495
2012-07-20,-0.012138447328523472,0,0.0,-0.0,-0.012138447328523472,1.5235465876124026,0.3787300071616139
2012-07-23,-0.007910182045901772,1,0.0005,-0.008410182045901772,-0.007910182045901772,1.5107870138325294,0.3757460014323229
2012-07-24,-0.0066932520794525975,1,0.0,-0.0066932520794525975,-0.0066932520794525975,1.5007087014785006,0.3732394366197184
2012-07-25,0.013184211305730345,1,0.0,0.013184211305730345,0.013184211305730345,1.5206253663686053,0.37819288613034147
2012-07-26,0.02339470388953857,0,0.0005,-0.0005,0.02339470388953857,1.519865243731916,0.38714490331821455
2012-07-27,-0.0007710695115629186,0,0.0,-0.0,-0.0007710695115629186,1.519865243731916,0.38684650274528537
2012-07-30,-0.0003085943551722967,0,0.0,-0.0,-0.0003085943551722967,1.519865243731916,0.38672714251611373
2012-07-31,-0.002936405788154917,0,0.0,-0.0,-0.002936405788154917,1.519865243731916,0.38559322033898313
2012-08-01,-0.0035661716994120135,1,0.0005,-0.004066171699412013,-0.0035661716994120135,1.5136977582161013,0.3842205777035093
2012-08-02,0.01877267007938125,1,0.0,0.01877267007938125,0.01877267007938125,1.542382307222371,0.39150155168297934
2012-08-03,0.007593050907597196,0,0.0005,-0.0005,0.007593050907597196,1.5416113088344192,0.3944855574122703
2012-08-06,0.008286299767077154,0,0.0,0.0,0.008286299767077154,1.5416113088344192,0.39776796371449047
2012-08-07,-0.00045021385918414503,0,0.0,-0.0,-0.00045021385918414503,1.5416113088344192,0.397588923370733
2012-08-08,0.0029976041630766894,0,0.0,0.0,0.0029976041630766894,1.5416113088344192,0.3987825256624493
2012-08-09,0.0005984440633420732,0,0.0,0.0,0.0005984440633420732,1.5416113088344192,0.3990212461207926
2012-08-10,0.0023902013172118044,0,0.0,0.0,0.0023902013172118044,1.5416113088344192,0.3999761279541657
2012-08-13,0.0004475274185231616,0,0.0,0.0,0.0004475274185231616,1.5416113088344192,0.4001551682979232
2012-08-14,0.0025322125692720525,1,0.0005,0.0020322125692720525,0.0025322125692720525,1.544747376211635,0.4011697302458821
2012-08-15,0.01183095728208983,1,0.0,0.01183095728208983,0.01183095728208983,1.5631317543873167,0.4059441394127477
2012-08-16,0.0044007699012649955,0,0.0005,-0.0005,0.0044007699012649955,1.5623503838690311,0.40773454285032235
2012-08-17,0.0014626300691443364,0,0.0,0.0,0.0014626300691443364,1.5623503838690311,0.4083313439961806
2012-08-20,-0.003954021406916908,1,0.0005,-0.004454021406916909,-0.003954021406916908,1.5554071160245329,0.4067199809023635
2012-08-21,0.00410016682186477,1,0.0,0.00410016682186477,0.00410016682186477,1.5617976368240467,0.40839102411076644
2012-08-22,-0.008217214248739408,1,0.0,-0.008217214248739408,-0.008217214248739408,1.549016595225019,0.4050489376939605
2012-08-23,0.006169232257330968,1,0.0,0.006169232257330968,0.006169232257330968,1.5586023764242898,0.407555502506565
2012-08-24,0.0016094816555068468,1,0.0,0.0016094816555068468,0.0016094816555068468,1.561112938166956,0.408211983767009
2012-08-27,0.0,1,0.0,0.0,0.0,1.561112938166956,0.408211983767009
2012-08-28,0.0,1,0.0,0.0,0.0,1.561112938166956,0.408211983767009
2012-08-29,-0.010138945130950962,1,0.0,-0.010138945130950962,-0.010138945130950962,1.545364869053868,0.4040940558605874
2012-08-30,0.006624003023506396,1,0.0,0.006624003023506396,0.006624003023506396,1.5556353489102297,0.40677966101694935
2012-08-31,-0.001027523026184952,1,0.0,-0.001027523026184952,-0.001027523026184952,1.5540377187103513,0.40636190021484864
2012-09-04,-0.0010285799158259719,1,0.0,-0.0010285799158259719,-0.0010285799158259719,1.5524400885104728,0.4059441394127479
2012-09-05,0.02195653453187708,1,0.0,0.02195653453187708,0.02195653453187708,1.5869032542507082,0.4149558367152067
2012-09-06,-0.001439263345744317,1,0.0,-0.001439263345744317,-0.001439263345744317,1.584620925393739,0.41435903556934855
2012-09-07,-0.012901534318719226,0,0.0005,-0.0005,-0.012901534318719226,1.583828812975649,0.4090475053712106
2012-09-10,-0.0016061914820564337,1,0.0005,-0.0021061914820564337,-0.0016061914820564337,1.5804964767217062,0.40839102411076655
2012-09-11,0.002947573306257638,1,0.0,0.002947573306257638,0.002947573306257638,1.5851619785235151,0.40959656242540005
2012-09-12,0.01343079121541804,1,0.0,0.01343079121541804,0.01343079121541804,1.6065955709595479,0.4151348770589641
2012-09-13,0.008873680668986882,0,0.0005,-0.0005,0.008873680668986882,1.605792473965048,0.418835044163285
2012-09-14,0.0004273808740881764,0,0.0,0.0,0.0004273808740881764,1.605792473965048,0.41901408450704236
2012-09-17,0.0008542141749489659,0,0.0,0.0,0.0008542141749489659,1.605792473965048,0.41937216519455733
2012-09-18,0.0018482979598905538,1,0.0005,0.0013482979598905538,0.0018482979598905538,1.6079590209289132,0.42014800668417307
2012-09-19,-0.000994812844069922,1,0.0,-0.000994812844069922,-0.000994812844069922,1.6063601980387847,0.4197302458820723
2012-09-20,-0.0025626437714568904,1,0.0,-0.0025626437714568904,-0.0025626437714568904,1.6022489391784553,0.41865600381952756
2012-09-21,-0.005933462737812236,1,0.0,-0.005933462737812236,-0.005933462737812236,1.5927702034726952,0.416179279064216
2012-09-24,-0.014080163296009125,1,0.0,-0.014080163296009125,-0.014080163296009125,1.57050088464591,0.41036046789209857
2012-09-25,-0.008177615665232124,1,0.0,-0.008177615665232124,-0.008177615665232124,1.5577103015248845,0.4070183814752927
2012-09-26,0.013688869644061961,1,0.0,0.013688869644061961,0.013688869644061961,1.5791802089066056,0.41262831224635965
2012-09-27,-0.008278313197205477,1,0.0,-0.008278313197205477,-0.008278313197205477,1.566161222515562,0.4092265457149679
2012-09-28,-0.0014594281633014624,1,0.0,-0.0014594281633014624,-0.0014594281633014624,1.563877189815379,0.4086297445691097
2012-10-01,0.0029167294996134733,1,0.0,0.0029167294996134733,0.0029167294996134733,1.568445255215745,0.4098233468608261
2012-10-02,0.006387015470717962,1,0.0,0.006387015470717962,0.006387015470717962,1.5784949990965509,0.4124492719026022
2012-10-03,0.0034667086575374513,1,0.0,0.0034667086575374513,0.0034667086575374513,1.58397667757699,0.41388159465266183
2012-10-04,-0.0053495392521456025,0,0.0005,-0.0005,-0.0053495392521456025,1.583184887202291,0.4116734304129865
2012-10-05,-0.009175044338736445,1,0.0005,-0.009675044338736446,-0.009175044338736445,1.5679413630159205,0.4079135831940798
2012-10-08,-0.016087751070705668,1,0.0,-0.016087751070705668,-0.016087751070705668,1.5429185328948123,0.40140367629505863
2012-10-09,-0.005055935980629534,1,0.0,-0.005055935980629534,-0.005055935980629534,1.5351373227948122,0.39937932680830757
2012-10-10,-0.0031430093971992513,1,0.0,-0.0031430093971992513,-0.0031430093971992513,1.530319946258845,0.39812604440200533
2012-10-11,-0.00044980883883059716,1,0.0,-0.00044980883883059716,-0.00044980883883059716,1.52963174961085,0.3979470040582479
2012-10-12,0.0073216613961798,0,0.0005,-0.0005,0.0073216613961798,1.52886712490815,0.4008713296729531
2012-10-15,0.014044136515714456,0,0.0,0.0,0.014044136515714456,1.52886712490815,0.406540940558606
2012-10-16,-0.0005873715293688793,0,0.0,-0.0,-0.0005873715293688793,1.52886712490815,0.40630222010026273
2012-10-17,-0.011671847064891976,0,0.0,-0.0,-0.011671847064891976,1.52886712490815,0.40158749104798297
2012-10-18,-0.02421717205605387,1,0.0005,-0.02471717205605387,-0.02421717205605387,1.491541050936137,0.39197899259966595
2012-10-19,0.00516326128087408,1,0.0,0.00516326128087408,0.00516326128087408,1.4992621830512143,0.39400811649558376
2012-10-22,-0.009588384851862329,1,0.0,-0.009588384851862329,-0.009588384851862329,1.484955379426218,0.39024826927667716
2012-10-23,-0.003462172369261696,1,0.0,-0.003462172369261696,-0.003462172369261696,1.4798230974909017,0.3888994986870376
2012-10-24,-6.138547007855717e-05,1,0.0,-6.138547007855717e-05,-6.138547007855717e-05,1.479732260642489,0.38887562664120323
2012-10-25,0.002911656336386594,0,0.0005,-0.0005,0.002911656336386594,1.4789925794478764,0.39000954881833383
2012-10-26,-0.006139696953622303,1,0.0005,-0.006639696953622303,-0.006139696953622303,1.469205046009059,0.38762234423490105
2012-10-31,0.014109384678911142,0,0.0005,-0.0005,0.014109384678911142,1.4684706271060806,0.3931302220100264
2012-11-01,-0.010727887451230612,1,0.0005,-0.011227887451230613,-0.010727887451230612,1.4520750204356323,0.3889353067557891
2012-11-02,0.006576455605754281,1,0.0,0.006576455605754281,0.006576455605754281,1.461655997246854,0.39150155168297934
2012-11-05,0.0018275972190240858,1,0.0,0.0018275972190240858,0.0018275972190240858,1.4643297582174277,0.3922177130580092
2012-11-06,-0.023867481406643316,1,0.0,-0.023867481406643316,-0.023867481406643316,1.4297936790141865,0.38296729529720713
2012-11-07,-0.01586462237498266,1,0.0,-0.01586462237498266,-0.01586462237498266,1.4072895241785262,0.3769396037240393
2012-11-08,0.004265746258364571,1,0.0,0.004265746258364571,0.004265746258364571,1.4133054863623167,0.3785509668178565
2012-11-09,-0.00015766653560452302,1,0.0,-0.00015766653560452302,-0.00015766653560452302,1.4130826729481023,0.37849128670327065
2012-11-12,-0.006962053437322778,1,0.0,-0.006962053437322778,-0.006962053437322778,1.4032788827226659,0.37586536166149453
2012-11-13,-0.011819335802742307,0,0.0005,-0.0005,-0.011819335802742307,1.4025774186619335,0.3714490331821439
2012-11-14,-0.0033813530095758034,0,0.0,-0.0,-0.0033813530095758034,1.4025774186619335,0.37019515397469577
2012-11-15,0.004344898932846995,1,0.0005,0.0038448989328469948,0.004344898932846995,1.4079805677068413,0.37180711386965876
2012-11-16,0.023487643081978753,1,0.0,0.023487643081978753,0.023487643081978753,1.4414421411987632,0.3806433516352352
2012-11-19,0.00030412147535793777,0,0.0005,-0.0005,0.00030412147535793777,1.4407216002784053,0.38075913105753173
2012-11-20,0.002035544427891204,0,0.0,0.0,0.002035544427891204,1.4407216002784053,0.3815349725471474
2012-11-21,0.015058888931409012,1,0.0005,0.014558888931409011,0.015058888931409012,1.4618503383082393,0.38732394366197204
2012-11-23,0.004320391711169277,0,0.0005,-0.0005,0.004320391711169277,1.461119595839926,0.38900095488183345
2012-11-26,-0.003396319567791294,0,0.0,-0.0,-0.003396319567791294,1.461119595839926,0.38768202434948684
2012-11-27,0.008583743691391435,0,0.0,0.0,0.008583743691391435,1.461119595839926,0.3910241107662928
2012-11-28,0.0059347355198145265,0,0.0,0.0,0.0059347355198145265,1.461119595839926,0.3933516352351397
2012-11-29,-0.0016703367333569885,0,0.0,-0.0,-0.0016703367333569885,1.461119595839926,0.3926951539746957
2012-11-30,-0.0019776381283901977,0,0.0,-0.0,-0.0019776381283901977,1.461119595839926,0.39191931248508005
2012-12-03,-0.0006092917172500278,1,0.0005,-0.0011092917172500277,-0.0006092917172500278,1.4594996866164032,0.3916805920267367
2012-12-04,-0.011135979365540968,1,0.0,-0.011135979365540968,-0.011135979365540968,1.4433368895383474,0.3873430412986393
2012-12-05,0.006401338982173903,1,0.0,0.006401338982173903,0.006401338982173903,1.452605813344255,0.38983050847457623
2012-12-06,-0.005988501581868806,1,0.0,-0.005988501581868806,-0.005988501581868806,1.4439328760018753,0.38750298400572936
2012-12-07,0.002921955173889432,1,0.0,0.002921955173889432,0.002921955173889432,1.4481581531686756,0.3886369061828599
2012-12-10,0.012968371540494595,1,0.0,0.012968371540494595,0.012968371540494595,1.4670607089148884,0.3937097159226545
2012-12-11,-0.0021244317549941683,1,0.0,-0.0021244317549941683,-0.0021244317549941683,1.4639473467919826,0.39287419431845305
2012-12-12,-0.00791365495709542,1,0.0,-0.00791365495709542,-0.00791365495709542,1.4524078924664416,0.38977739317259485
2012-12-13,-0.009555376466795823,1,0.0,-0.009555376466795823,-0.009555376466795823,1.4385956837911797,0.3860706612556696
2012-12-14,0.013206580153814712,1,0.0,0.013206580153814712,0.013206580153814712,1.4577206225461714,0.3912031511100501
2012-12-17,0.015098260117441418,1,0.0,0.015098260117441418,0.015098260117441418,1.4798966561816107,0.3971544521365481
2012-12-18,-0.004317527453083889,0,0.0005,-0.0005,-0.004317527453083889,1.4791568928097747,0.39544342325137255
2012-12-19,-7.546002316450284e-06,0,0.0,-0.0,-7.546002316450284e-06,1.4791568928097747,0.39544043924564337
2012-12-20,-0.016126927939142572,1,0.0005,-0.016626927939142572,-0.016126927939142572,1.454766389218404,0.3891143470995464
2012-12-21,-0.0019958554257147225,1,0.0,-0.0019958554257147225,-0.0019958554257147225,1.45186578138714,0.3883385056099307
2012-12-24,-0.008798389705165752,1,0.0,-0.008798389705165752,-0.008798389705165752,1.4391477316654455,0.384936739078539
2012-12-26,-0.001551590691418833,1,0.0,-0.001551590691418833,-0.001551590691418833,1.4369164948721658,0.3843399379326808
2012-12-27,-0.009673971528396394,1,0.0,-0.009673971528396394,-0.009673971528396394,1.4230828267538311,0.3806397708283599
2012-12-28,0.020947146365976763,1,0.0,0.020947146365976763,0.020947146365976763,1.4532067546999012,0.38869718309859147
2012-12-31,0.031286439581215485,0,0.0005,-0.0005,0.031286439581215485,1.4524803329431242,0.40105037001671034
2013-01-02,-0.0051905308619835345,0,0.0,-0.0,-0.0051905308619835345,1.4524803329431242,0.39897409883026963
2013-01-03,-0.0033277900926745796,0,0.0,-0.0,-0.0033277900926745796,1.4524803329431242,0.3976486034853186
2013-01-04,0.0003061215326381244,0,0.0,0.0,0.0003061215326381244,1.4524803329431242,0.3977703509190737
2013-01-07,-0.001958393782357067,1,0.0005,-0.002458393782357067,-0.001958393782357067,1.448913949906741,0.3969921222248745
2013-01-08,0.003751223545050593,1,0.0,0.003751223545050593,0.003751223545050593,1.4543593571147488,0.3984841250895201
2013-01-09,0.005972841408995771,1,0.0,0.005972841408995771,0.005972841408995771,1.4630720086475617,0.4008713296729529
2013-01-10,0.001338987033350384,0,0.0005,-0.0005,0.001338987033350384,1.4623406554967622,0.40140845070422526
2013-01-11,-0.004470280130903856,1,0.0005,-0.004970280130903856,-0.004470280130903856,1.455090445505036,0.39961804726665057
2013-01-14,-0.004940499606774036,0,0.0005,-0.0005,-0.004940499606774036,1.4543630821382785,0.39764860348531855
2013-01-15,0.004044040559737166,1,0.0005,0.003544040559737166,0.004044040559737166,1.459526548252106,0.39925996657913576
2013-01-16,0.004771855162776733,1,0.0,0.004771855162776733,0.004771855162776733,1.4665078411585435,0.401169730245882
2013-01-17,-0.0022339721853138626,1,0.0,-0.0022339721853138626,-0.0022339721853138626,1.4632353601086507,0.40027452852709466
2013-01-18,0.0016387340725009787,1,0.0,0.0016387340725009787,0.0016387340725009787,1.465635179545239,0.4009310097875387
2013-01-22,0.006084458928115925,1,0.0,0.006084458928115925,0.006084458928115925,1.474579961081612,0.4033778944855573
2013-01-23,-0.013854970232669234,1,0.0,-0.013854970232669234,-0.013854970232669234,1.4542905785722775,0.397827643829076
2013-01-24,0.005087546511372423,1,0.0,0.005087546511372423,0.005087546511372423,1.4617082022853674,0.39985676772499384
2013-01-25,0.0022363035782805166,1,0.0,0.0022363035782805166,0.0022363035782805166,1.46498068333526,0.40075196944378116
2013-01-28,0.0001489092400933599,1,0.0,0.0001489092400933599,0.0001489092400933599,1.465198848738586,0.4008116495583669
2013-01-29,-0.002086749900175699,1,0.0,-0.002086749900175699,-0.002086749900175699,1.4621445330920197,0.3999761279541655
2013-01-30,-0.002240646243277024,1,0.0,-0.002240646243277024,-0.002240646243277024,1.4588720520421272,0.3990809262353782
2013-01-31,0.011744727286675031,1,0.0,0.011744727286675031,0.011744727286675031,1.4761071189048947,0.40379565528765793
2013-02-01,-0.017594012805369503,0,0.0005,-0.0005,-0.017594012805369503,1.4753692498280837,0.39675340176653123
2013-02-04,0.014633679086311276,1,0.0005,0.014133679086311276,0.014633679086311276,1.4963697025809832,0.40260205299594154
2013-02-05,-0.0032665210930893454,1,0.0,-0.0032665210930893454,-0.0032665210930893454,1.491489753951161,0.4012890904750535
2013-02-06,0.0008919281102671979,0,0.0005,-0.0005,0.0008919281102671979,1.4907441954793357,0.4016471711625684
2013-02-07,0.010200398887686112,0,0.0,0.0,0.010200398887686112,1.4907441954793357,0.40576509906898994
2013-02-08,0.0002941176491790974,0,0.0,0.0,0.0002941176491790974,1.4907441954793357,0.4058844592981616
2013-02-11,-0.00412553996073502,1,0.0005,-0.004625539960735021,-0.00412553996073502,1.4838646217695237,0.40421341608975864
2013-02-12,0.003537218131734592,1,0.0,0.003537218131734592,0.003537218131734592,1.489122668561561,0.4056457388398183
2013-02-13,-0.0002942907613940842,1,0.0,-0.0002942907613940842,-0.0002942907613940842,1.488684497995558,0.40552637861064667
2013-02-14,-0.002947680837342489,1,0.0,-0.002947680837342489,-0.002947680837342489,1.4843027923355268,0.4043327763189302
2013-02-15,0.007206443423613388,1,0.0,0.007206443423613388,0.007206443423613388,1.495037971202603,0.4072571019336354
2013-02-19,-0.01550647625136502,1,0.0,-0.01550647625136502,-0.01550647625136502,1.47203401648744,0.40099068990212433
2013-02-20,-0.010773708878568142,1,0.0,-0.010773708878568142,-0.010773708878568142,1.456259876111328,0.39669372165194533
2013-02-21,0.010014379136658738,1,0.0,0.010014379136658738,0.010014379136658738,1.470916681544132,0.4006863213177367
2013-02-22,-0.012424381809372819,1,0.0,-0.012424381809372819,-0.012424381809372819,1.4527545115833034,0.3957388398185723
2013-02-25,0.003763081132176867,1,0.0,0.003763081132176867,0.003763081132176867,1.458231643658342,0.39723084268321773
2013-02-26,0.010149639816930518,1,0.0,0.010149639816930518,0.010149639816930518,1.4731075343741478,0.40128312246359493
2013-02-27,-0.00206939235224761,1,0.0,-0.00206939235224761,-0.00206939235224761,1.4700622489404258,0.400453568870852
2013-02-28,0.004164194000770713,1,0.0,0.004164194000770713,0.004164194000770713,1.4761966368644694,0.402124612079255
2013-03-01,0.004442477319561215,1,0.0,0.004442477319561215,0.004442477319561215,1.4827691953545163,0.4039150155168297
2013-03-04,0.014667320731306882,1,0.0,0.014667320731306882,0.014667320731306882,1.5046777236546716,0.4098830269754116
2013-03-05,-0.00247831601446709,0,0.0005,-0.0005,-0.00247831601446709,1.5039255728462162,0.40886846502745267
2013-03-06,0.002623908210982479,0,0.0,0.0,0.002623908210982479,1.5039255728462162,0.4099427070899974
2013-03-07,0.0011639751059545863,1,0.0005,0.0006639751059545863,0.0011639751059545863,1.5049244735737046,0.41042014800668397
2013-03-08,0.0029040241114550816,1,0.0,0.0029040241114550816,0.0029040241114550816,1.509301162460061,0.41161375029840036
2013-03-11,-0.0036313497671999827,1,0.0,-0.0036313497671999827,-0.0036313497671999827,1.5038303013521153,0.4101217474337548
2013-03-12,-0.0013105207554567242,1,0.0,-0.0013105207554567242,-0.0013105207554567242,1.5018607913532547,0.4095846264024824
2013-03-13,0.003345700989834362,1,0.0,0.003345700989834362,0.003345700989834362,1.5068939835725648,0.41095726903795626
2013-03-14,-0.005095737895569876,1,0.0,-0.005095737895569876,-0.005095737895569876,1.499234778021441,0.4088684650274526
2013-03-15,-0.002191861767417646,1,0.0,-0.002191861767417646,-0.002191861767417646,1.4959522613566734,0.4079732633086653
2013-03-18,-0.0019035074200578473,1,0.0,-0.0019035074200578473,-0.0019035074200578473,1.4931074135805416,0.40719742181904967
2013-03-19,0.006995844187460999,1,0.0,0.006995844187460999,0.006995844187460999,1.5035895834633657,0.4100560993077105
2013-03-20,-0.011402431811582613,1,0.0,-0.011402431811582613,-0.011402431811582613,1.486542380251007,0.4054070183814751
2013-03-21,0.009668988308019396,1,0.0,0.009668988308019396,0.009668988308019396,1.5009854535759835,0.4093459059441392
2013-03-22,-0.0036515048240841866,1,0.0,-0.0036515048240841866,-0.0036515048240841866,1.495514592468038,0.40785390307949376
2013-03-25,0.0053995023558386585,1,0.0,0.0053995023558386585,0.0053995023558386585,1.5036114669077973,0.410062067319169
2013-03-26,0.0013235306744041274,1,0.0,0.0013235306744041274,0.0013235306744041274,1.5056028603510898,0.4106051563619001
2013-03-27,0.0024533477258112534,1,0.0,0.0024533477258112534,0.0024533477258112534,1.509301162460061,0.4116137502984004
2013-03-28,-0.006837882175020288,1,0.0,-0.006837882175020288,-0.006837882175020288,1.4990159435771229,0.4088087849128669
2013-04-01,0.007852301506992886,1,0.0,0.007852301506992886,0.007852301506992886,1.5108330035702857,0.4120315111005011
2013-04-02,-0.009167034002266003,1,0.0,-0.009167034002266003,-0.009167034002266003,1.4970464335782623,0.4082716638815944
2013-04-03,0.0002923121914997924,1,0.0,0.0002923121914997924,0.0002923121914997924,1.4974841024668981,0.4083910241107661
2013-04-04,-0.008349829495266536,1,0.0,-0.008349829495266536,-0.008349829495266536,1.4850324225852136,0.40499522559083295
2013-04-05,0.0052762815213598345,0,0.0005,-0.0005,0.0052762815213598345,1.4842900919720394,0.4071377417044639
2013-04-08,0.006720259038775167,1,0.0005,0.006220259038775168,0.006720259038775167,1.4935515352592832,0.4098830269754116
2013-04-09,0.01925146877846546,1,0.0,0.01925146877846546,0.01925146877846546,1.5225831499880416,0.41785032227261854
2013-04-10,-0.0003571301062922269,0,0.0005,-0.0005,-0.0003571301062922269,1.5218220487042247,0.41770112198615394
2013-04-11,-0.0007146430662184827,0,0.0,-0.0,-0.0007146430662184827,1.5218220487042247,0.4174027214132248
2013-04-12,-0.01992845734570535,1,0.0005,-0.02042845734570535,-0.01992845734570535,1.491048965387098,0.40916686560038174
2013-04-15,0.013185730415265055,1,0.0,0.013185730415265055,0.013185730415265055,1.5108397261587176,0.4145977560276913
2013-04-16,-0.019697551486765406,1,0.0,-0.019697551486765406,-0.019697551486765406,1.4813710658888881,0.40651110050131267
2013-04-17,-0.013985621648702647,0,0.0005,-0.0005,-0.013985621648702647,1.4806305654964689,0.4008653616614941
2013-04-18,0.013618527925554047,1,0.0005,0.013118527925554046,0.013618527925554047,1.5001822230041997,0.40636190021484825
2013-04-19,0.010228026043047508,1,0.0,0.010228026043047508,0.010228026043047508,1.5156048629822132,0.4105395082358556
2013-04-22,0.00954868366242995,0,0.0005,-0.0005,0.00954868366242995,1.5148472499697587,0.41447839579851975
2013-04-23,-0.00043205876671256743,0,0.0,-0.0,-0.00043205876671256743,1.5148472499697587,0.41429935545476226
2013-04-24,0.005315722595420218,0,0.0,0.0,0.005315722595420218,1.5148472499697587,0.41650751969443767
2013-04-25,-0.0031572930935104397,1,0.0005,-0.0036572930935104397,-0.0031572930935104397,1.5093171283866025,0.4151945571735496
2013-04-26,0.009157311093607491,1,0.0,0.009157311093607491,0.009157311093607491,1.523201891390303,0.4190140845070421
2013-04-29,0.007237667300230603,1,0.0,0.007237667300230603,0.007237667300230603,1.5342663119088766,0.4220577703509189
2013-04-30,-0.004677210709347743,0,0.0005,-0.0005,-0.004677210709347743,1.5334993705042512,0.42008832656958683
2013-05-01,0.012564575542513598,1,0.0005,0.012064575542513598,0.012564575542513598,1.5521124431479,0.4253998567677248
2013-05-02,0.011715615172562763,0,0.0005,-0.0005,0.011715615172562763,1.55133658090805,0.43041298639293374
2013-05-03,0.003874901056554157,0,0.0,0.0,0.003874901056554157,1.55133658090805,0.4320840296013367
2013-05-06,-0.0005526388645764178,0,0.0,-0.0,-0.0005526388645764178,1.55133658090805,0.43184530914299335
2013-05-07,0.004825266134870917,1,0.0005,0.004325266134870918,0.004825266134870917,1.5580610565752635,0.43393411315349695
2013-05-08,-0.0014244771584959097,1,0.0,-0.0014244771584959097,-0.0014244771584959097,1.5558432141965601,0.4333164239675338
2013-05-09,0.006089688693238961,1,0.0,0.006089688693238961,0.006089688693238961,1.565346722360377,0.43596323704941486
2013-05-10,0.0012312745245266984,1,0.0,0.0012312745245266984,0.0012312745245266984,1.567275280950554,0.43650035808068727
2013-05-13,0.005182065326196412,1,0.0,0.005182065326196412,0.005182065326196412,1.575418083886857,0.43876820243494835
2013-05-14,0.002038182647290788,1,0.0,0.002038182647290788,0.002038182647290788,1.5786323482038191,0.4396634041537358
2013-05-15,-0.0010865137562145674,1,0.0,-0.0010865137562145674,-0.0010865137562145674,1.5769180739014395,0.43918596323704917
2013-05-16,0.009601804785205816,1,0.0,0.009601804785205816,0.009601804785205816,1.5921322583350586,0.4434232513726424
2013-05-17,-0.0014815815222789662,1,0.0,-0.0014815815222789662,-0.0014815815222789662,1.5897751311692865,0.44276677011219834
2013-05-20,0.001077731479770605,1,0.0,0.001077731479770605,0.001077731479770605,1.5914894054716662,0.44324421102888495
2013-05-21,-0.008803957088000396,1,0.0,-0.008803957088000396,-0.008803957088000396,1.5775394983360522,0.4393590355693481
2013-05-22,-0.002298241973318361,1,0.0,-0.002298241973318361,-0.002298241973318361,1.5739180938722752,0.4383504416328477
2013-05-23,-0.0005447364971964491,1,0.0,-0.0005447364971964491,-0.0005447364971964491,1.5730609567210854,0.43811172117450436
2013-05-24,0.006517334677866347,1,0.0,0.006517334677866347,0.006517334677866347,1.583346602535363,0.44097636667462375
2013-05-28,-0.004748024927430208,1,0.0,-0.004748024927430208,-0.004748024927430208,1.5758466524624524,0.4388875626641201
2013-05-29,0.005289223695882835,1,0.0,0.005289223695882835,0.005289223695882835,1.5842037396865531,0.4412150871329671
2013-05-30,-0.00924045167183204,1,0.0,-0.00924045167183204,-0.00924045167183204,1.5696324081163266,0.4371568393411313
2013-05-31,0.0017731710299592565,1,0.0,0.0017731710299592565,0.0017731710299592565,1.5724181038576934,0.43793268083074693
2013-06-03,-0.005191977778744813,1,0.0,-0.005191977778744813,-0.005191977778744813,1.5642753009213903,0.4356648364764858
2013-06-04,-0.013099118702860065,1,0.0,-0.013099118702860065,-0.013099118702860065,1.5439182935806324,0.42999522559083286
2013-06-05,0.004845976946139665,1,0.0,0.004845976946139665,0.004845976946139665,1.5514182436535433,0.4320840296013366
2013-06-06,0.013581387165300631,1,0.0,0.013581387165300631,0.013581387165300631,1.5726323881454907,0.4379923609453327
2013-06-07,0.00040869151171681143,1,0.0,0.00040869151171681143,0.00040869151171681143,1.573275241008883,0.4381714012890902
2013-06-10,-0.009992554572144248,1,0.0,-0.009992554572144248,-0.009992554572144248,1.557632487999669,0.43381475292432536
2013-06-11,-0.011623210971510164,1,0.0,-0.011623210971510164,-0.011623210971510164,1.5396326078246831,0.4288016232991165
2013-06-12,0.012585741124887617,1,0.0,0.012585741124887617,0.012585741124887617,1.5591324780142513,0.4342325137264261
2013-06-13,-0.006618887925893866,1,0.0,-0.006618887925893866,-0.006618887925893866,1.5488468321999735,0.4313678682263067
2013-06-14,0.00963796528427388,1,0.0,0.00963796528427388,0.00963796528427388,1.563846732345795,0.4355454762473141
2013-06-17,0.008187818668326578,1,0.0,0.008187818668326578,0.008187818668326578,1.5767037896136418,0.43912628312246327
2013-06-18,-0.011206896026706758,0,0.0005,-0.0005,-0.011206896026706758,1.575915634773965,0.4342325137264261
2013-06-19,-0.024134425909669886,1,0.0005,-0.024634425909669886,-0.024134425909669886,1.5375681314552687,0.4238780138457863
2013-06-20,-0.008412618982932638,1,0.0,-0.008412618982932638,-0.008412618982932638,1.5246874128601842,0.42032704702793
2013-06-21,-0.00998866752439965,1,0.0,-0.00998866752439965,-0.00998866752439965,1.5095336262777317,0.4161494390069226
2013-06-24,0.0072873080939416905,1,0.0,0.0072873080939416905,0.0072873080939416905,1.5205742422163753,0.41919312485079935
2013-06-25,0.008929263495303631,1,0.0,0.008929263495303631,0.008929263495303631,1.534212650140583,0.4229529720697061
2013-06-26,0.004224168489015099,0,0.0005,-0.0005,0.004224168489015099,1.5334457355601352,0.4247433755072807
2013-06-27,0.001404100202599561,1,0.0005,0.000904100202599561,0.001404100202599561,1.534832751066352,0.42534017665313884
2013-06-28,0.006154726380704121,0,0.0005,-0.0005,0.006154726380704121,1.534065526512941,0.42796610169491495
2013-07-01,0.00041826420965301045,1,0.0005,-8.173579034698956e-05,0.00041826420965301045,1.533940143578894,0.4281451420386724
2013-07-02,0.004048109805027844,1,0.0,0.004048109805027844,0.004048109805027844,1.5401622871777434,0.42988183337311975
2013-07-03,0.007592819875759934,1,0.0,0.007592819875759934,0.007592819875759934,1.5519009704621707,0.4331582716638812
2013-07-05,0.0009639882313677377,0,0.0005,-0.0005,0.0009639882313677377,1.5511252139322336,0.43357603246598203
2013-07-08,0.0060381684760083985,1,0.0005,0.005538168476008399,0.0060381684760083985,1.5597394381895378,0.43620195750775803
2013-07-09,0.0057298928936959995,0,0.0005,-0.0005,0.0057298928936959995,1.5589597634053822,0.4387085223203625
2013-07-10,0.019666582128974458,0,0.0,0.0,0.019666582128974458,1.5589597634053822,0.4474218190498922
2013-07-11,0.004392101290877142,0,0.0,0.0,0.004392101290877142,1.5589597634053822,0.44939126283122427
2013-07-12,0.0022550914909291887,0,0.0,0.0,0.0022550914909291887,1.5589597634053822,0.45040582477918323
2013-07-15,-0.0013259084413984516,1,0.0005,-0.0018259084413984516,-0.0013259084413984516,1.5561158427730466,0.44980902363332503
2013-07-16,0.0025177247779303324,1,0.0,0.0025177247779303324,0.0025177247779303324,1.5600386503904924,0.4509429458104557
2013-07-17,-0.0025177247779302452,1,0.0,-0.0025177247779302452,-0.0025177247779302452,1.5561158427730468,0.4498090236333251
2013-07-18,-0.01040286788830663,1,0.0,-0.01040286788830663,-0.01040286788830663,1.5400116851856382,0.44515397469563117
2013-07-19,0.0029451159172416016,1,0.0,0.0029451159172416016,0.0029451159172416016,1.5445538834795227,0.4464669372165192
2013-07-22,-0.0073791171353795,1,0.0,-0.0073791171353795,-0.0073791171353795,1.5331983877448117,0.44318453091429905
2013-07-23,0.003226676636579671,1,0.0,0.003226676636579671,0.003226676636579671,1.5381535131563218,0.4446168536643587
2013-07-24,0.006288908129456783,1,0.0,0.006288908129456783,0.006288908129456783,1.5478573004205292,0.4474218190498922
2013-07-25,0.005321284340407987,1,0.0,0.005321284340407987,0.005321284340407987,1.5561158427730466,0.4498090236333251
2013-07-26,-0.0018592302832483223,1,0.0,-0.0018592302832483223,-0.0018592302832483223,1.5532253529496656,0.4489735020291236
2013-07-29,0.005302942295807823,1,0.0,0.005302942295807823,0.005302942295807823,1.5614838953021826,0.4513607066125564
2013-07-30,0.0018494060753439304,1,0.0,0.0018494060753439304,0.0018494060753439304,1.5643743851255636,0.45219622821675787
2013-07-31,0.010111044054274262,1,0.0,0.010111044054274262,0.010111044054274262,1.5802720791541593,0.45679159703986605
2013-08-01,0.0056022555486697516,1,0.0,0.0056022555486697516,0.0056022555486697516,1.5891500121831152,0.45935784196705626
2013-08-02,0.0006493928405366365,1,0.0,0.0006493928405366365,0.0006493928405366365,1.5901823299771796,0.4596562425399853
2013-08-05,-0.005990381242063967,1,0.0,-0.005990381242063967,-0.005990381242063967,1.5806850062717848,0.45691095726903763
2013-08-06,-0.001830305125944987,1,0.0,-0.001830305125944987,-0.001830305125944987,1.5777945164484037,0.4560754356648361
2013-08-07,0.004960198134872566,1,0.0,0.004960198134872566,0.004960198134872566,1.585640131683295,0.4583432800190973
2013-08-08,-0.004044626819851811,1,0.0,-0.004044626819851811,-0.004044626819851811,1.5792397613600941,0.45649319646693687
2013-08-09,0.002350484237028456,1,0.0,0.002350484237028456,0.002350484237028456,1.582956105418727,0.4575674385294816
2013-08-12,0.005592782998480751,1,0.0,0.005592782998480751,0.005592782998480751,1.591834038447683,0.4601336834566719
2013-08-13,-0.0037684405586931114,1,0.0,-0.0037684405586931114,-0.0037684405586931114,1.5858465952421081,0.4584029601336832
2013-08-14,-0.017069742195256393,1,0.0,-0.017069742195256393,-0.017069742195256393,1.5590063325964274,0.4506445452375266
2013-08-15,-0.00033113679563486333,1,0.0,-0.00033113679563486333,-0.00033113679563486333,1.558490173699395,0.450495344951062
2013-08-16,-0.0017900359471949968,1,0.0,-0.0017900359471949968,-0.0017900359471949968,1.5557029156554203,0.4496896634041534
2013-08-19,0.004369999671118609,1,0.0,0.004369999671118609,0.004369999671118609,1.5625162130962473,0.4516591071854856
2013-08-20,-0.0034414329134118487,1,0.0,-0.0034414329134118487,-0.0034414329134118487,1.5571481605671111,0.45010742420625427
2013-08-21,0.009763898652898837,0,0.0005,-0.0005,0.009763898652898837,1.5563697810979111,0.45452375268560496
2013-08-22,0.006674107087693218,1,0.0005,0.006174107087693217,0.006674107087693218,1.5660087000340295,0.4575674385294818
2013-08-23,0.0005215804004018522,1,0.0,0.0005215804004018522,0.0005215804004018522,1.566825712529156,0.45780615898782506
2013-08-26,-0.02067903782538207,0,0.0005,-0.0005,-0.02067903782538207,1.5660424954934673,0.4484363809978513
2013-08-27,0.0038520337197166664,1,0.0005,0.0033520337197166664,0.0038520337197166664,1.5713007307122335,0.4501671043208401
2013-08-28,0.007001812078545541,1,0.0,0.007001812078545541,0.007001812078545541,1.582341290002668,0.4533301503938885
2013-08-29,-0.006471659647308048,1,0.0,-0.006471659647308048,-0.006471659647308048,1.572133980470002,0.4504058247791834
2013-08-30,0.00568145810480733,0,0.0005,-0.0005,0.00568145810480733,1.5713481099637658,0.4529720697063737
2013-09-03,0.01061539356962064,0,0.0,0.0,0.01061539356962064,1.5713481099637658,0.45780615898782506
2013-09-04,0.0016932599291511496,0,0.0,0.0,0.0016932599291511496,1.5713481099637658,0.45858200047744085
2013-09-05,0.001170579570487431,1,0.0005,0.0006705795704874311,0.001170579570487431,1.5724021772829375,0.4591191215087132
2013-09-06,0.011631043500453303,0,0.0005,-0.0005,0.011631043500453303,1.571616172711814,0.4644903318214369
2013-09-09,0.004870555642223146,1,0.0005,0.004370555642223146,0.004870555642223146,1.5785000408494057,0.46675817617569804
2013-09-10,-0.0019197548610510916,1,0.0,-0.0019197548610510916,-0.0019197548610510916,1.5754726146107225,0.4658629744569107
2013-09-11,-0.0006407381522471583,1,0.0,-0.0006407381522471583,-0.0006407381522471583,1.5744634725311615,0.46556457388398165
2013-09-12,0.0006407381522470486,1,0.0,0.0006407381522470486,0.0006407381522470486,1.5754726146107223,0.4658629744569107
2013-09-13,-0.0026938634724617285,1,0.0,-0.0026938634724617285,-0.0026938634724617285,1.5712342178765657,0.4646096920506084
2013-09-16,0.006657302784766014,1,0.0,0.006657302784766014,0.006657302784766014,1.5817292955040008,0.46771305800907115
2013-09-17,0.011923023030455017,1,0.0,0.011923023030455017,0.011923023030455017,1.6007011665997486,0.4733229887801382
2013-09-18,0.0023927975650579834,0,0.0005,-0.0005,0.0023927975650579834,1.5999010160707507,0.4744569109572688
2013-09-19,-0.006499060639225676,1,0.0005,-0.0069990606392256755,-0.006499060639225676,1.5887423076334775,0.47138338505609906
2013-09-20,-0.0019643259492436262,1,0.0,-0.0019643259492436262,-0.0019643259492436262,1.5856245630277526,0.47045834328001884
2013-09-23,0.0,1,0.0,0.0,0.0,1.5856245630277526,0.47045834328001884
2013-09-24,-0.0034309710256063917,1,0.0,-0.0034309710256063917,-0.0034309710256063917,1.580193653069393,0.4688469801862017
2013-09-25,0.007734775137131894,1,0.0,0.007734775137131894,0.007734775137131894,1.5924634866790202,0.4724874671759367
2013-09-26,-0.0012639031005068383,1,0.0,-0.0012639031005068383,-0.0012639031005068383,1.5904520385462941,0.47189066603007845
2013-09-27,-0.0024058257884556305,1,0.0,-0.0024058257884556305,-0.0024058257884556305,1.5866302870941154,0.4707567438529479
2013-09-30,0.01009090298196294,1,0.0,0.01009090298196294,0.01009090298196294,1.602721872155922,0.4755311530198136
2013-10-01,-0.00037657692028532277,1,0.0,-0.00037657692028532277,-0.00037657692028532277,1.6021184377161042,0.47535211267605604
2013-10-02,-0.011744783612059648,1,0.0,-0.011744783612059648,-0.011744783612059648,1.583411970081754,0.46980186201957475
2013-10-03,0.008601115509092191,1,0.0,0.008601115509092191,0.008601115509092191,1.5970898173842898,0.4738601098114105
2013-10-04,-0.008347082737498662,1,0.0,-0.008347082737498662,-0.008347082737498662,1.5838142597082994,0.4699212222487464
2013-10-07,-0.019492794679501116,1,0.0,-0.019492794679501116,-0.019492794679501116,1.5532402480908671,0.46084984483170177
2013-10-08,-0.0031128429804902036,1,0.0,-0.0031128429804902036,-0.0031128429804902036,1.5484127725723253,0.4594175220816421
2013-10-09,0.020953269950065013,1,0.0,0.020953269950065013,0.020953269950065013,1.5811993771357558,0.46914538075913076
2013-10-10,0.007603635670523169,0,0.0005,-0.0005,0.007603635670523169,1.5804089750641725,0.4727261876342799
2013-10-11,0.006794188188765705,0,0.0,0.0,0.006794188188765705,1.5804089750641725,0.47594891382191423
2013-10-14,-0.0035171497128659735,0,0.0,-0.0,-0.0035171497128659735,1.5804089750641725,0.47427787061351123
2013-10-15,0.011385797068967066,0,0.0,0.0,0.011385797068967066,1.5804089750641725,0.4797087610408209
2013-10-16,0.0059538751915697765,0,0.0,0.0,0.0059538751915697765,1.5804089750641725,0.4825734065409402
2013-10-17,0.015705844315787823,0,0.0,0.0,0.015705844315787823,1.5804089750641725,0.4902124612079252
2013-10-18,0.002188982997381569,0,0.0,0.0,0.002188982997381569,1.5804089750641725,0.49128670327046997
2013-10-21,0.0016992357529598428,0,0.0,0.0,0.0016992357529598428,1.5804089750641725,0.49212222487467144
2013-10-22,-0.006204022088915184,0,0.0,-0.0,-0.006204022088915184,1.5804089750641725,0.4890785390307946
2013-10-23,0.00486915143381055,1,0.0005,0.00436915143381055,0.00486915143381055,1.5873291277926806,0.4914657436142274
2013-10-24,0.0066566055176000664,1,0.0,0.0066566055176000664,0.0066566055176000664,1.5979305973772098,0.4947481499164475
2013-10-25,-0.0006033182686775115,1,0.0,-0.0006033182686775115,-0.0006033182686775115,1.5969668274149798,0.4944497493435183
2013-10-28,0.0027722551353396773,1,0.0,0.0027722551353396773,0.0027722551353396773,1.6014001692412374,0.4958223919789922
2013-10-29,-0.0019277114403326479,1,0.0,-0.0019277114403326479,-0.0019277114403326479,1.5983161053621018,0.4948675101456191
2013-10-30,-0.0021731265343134607,1,0.0,-0.0021731265343134607,-0.0021731265343134607,1.594846533498074,0.49379326808307433
2013-10-31,0.0004833252873210188,1,0.0,0.0004833252873210188,0.0004833252873210188,1.5956175494678582,0.4940319885414176
2013-11-01,0.0015691958075408404,1,0.0,0.0015691958075408404,0.0015691958075408404,1.5981233513696558,0.49480783003103324
2013-11-04,0.0014463061458118833,1,0.0,0.0014463061458118833,0.0014463061458118833,1.6004363992790074,0.49552399140606307
2013-11-05,-0.00024090580699494835,1,0.0,-0.00024090580699494835,-0.00024090580699494835,1.6000508912941156,0.49540463117689143
2013-11-06,-0.018971747418890086,1,0.0,-0.018971747418890086,-0.018971747418890086,1.569981268472542,0.48609453330150354
2013-11-07,0.01353596668519841,1,0.0,0.01353596668519841,0.01353596668519841,1.5913769616340463,0.4927190260205295
2013-11-08,-0.0012119744544987086,1,0.0,-0.0012119744544987086,-0.0012119744544987086,1.5894494217095863,0.4921222248746713
2013-11-11,0.000848536325839086,1,0.0,0.000848536325839086,0.000848536325839086,1.5907986996567085,0.4925399856767721
2013-11-12,0.011924260529735572,1,0.0,0.011924260529735572,0.011924260529735572,1.6098813449088607,0.4984483170207682
2013-11-13,0.002988824031389582,0,0.0005,-0.0005,0.002988824031389582,1.6090766054380392,0.4999403198854137
2013-11-14,0.002265546786714104,1,0.0005,0.0017655467867141038,0.002265546786714104,1.61192001481588,0.5010742420625443
2013-11-15,-0.009814561127940737,1,0.0,-0.009814561127940737,-0.009814561127940737,1.5961771085253964,0.4961804726665071
2013-11-18,-0.0028908716832419822,1,0.0,-0.0028908716832419822,-0.0028908716832419822,1.5915694286354989,0.49474814991644744
2013-11-19,-0.002415460111603662,1,0.0,-0.002415460111603662,-0.002415460111603662,1.5877296953939175,0.49355454762473105
2013-11-20,0.010105957039383618,1,0.0,0.010105957039383618,0.010105957039383618,1.6038565750085594,0.49856767724993994
2013-11-21,0.005372185068506296,1,0.0,0.005372185068506296,0.005372185068506296,1.6124959748021173,0.5012532824063017
2013-11-22,0.0023784052120369415,1,0.0,0.0023784052120369415,0.0023784052120369415,1.6163357080436989,0.5024468846980182
2013-11-25,0.005212664332441937,1,0.0,0.005212664332441937,0.005212664332441937,1.6247831211751778,0.5050728097397943
2013-11-26,0.0069473343897513825,1,0.0,0.0069473343897513825,0.0069473343897513825,1.6361103342378431,0.5085939365003577
2013-11-27,0.005966674618898623,1,0.0,0.005966674618898623,0.005966674618898623,1.6459016540038758,0.5116376223442345
2013-11-29,-0.002920392239717704,1,0.0,-0.002920392239717704,-0.002920392239717704,1.6411019874518988,0.510145619479589
2013-12-02,-0.0008192404928911156,1,0.0,-0.0008192404928911156,-0.0008192404928911156,1.6397580808173453,0.5097278586774882
2013-12-03,0.0009362200800863609,1,0.0,0.0009362200800863609,0.0009362200800863609,1.6412939741139776,0.5102052995941747
2013-12-04,-0.0012875287083263425,1,0.0,-0.0012875287083263425,-0.0012875287083263425,1.639182120831108,0.5095488183337307
2013-12-05,0.007235414923691764,1,0.0,0.007235414923691764,0.007235414923691764,1.6510852938800105,0.5132489854380515
2013-12-06,0.004061508339179794,1,0.0,0.004061508339179794,0.004061508339179794,1.6578048270527779,0.5153377894485551
2013-12-09,-0.000695088072471377,1,0.0,-0.000695088072471377,-0.000695088072471377,1.6566529070803035,0.5149797087610403
2013-12-10,-0.012947052025148686,1,0.0,-0.012947052025148686,-0.012947052025148686,1.6353423875895265,0.5083552160420143
2013-12-11,-0.002586107001438886,1,0.0,-0.002586107001438886,-0.002586107001438886,1.6311186810237868,0.5070422535211261
2013-12-12,-0.0012955658133934084,1,0.0,-0.0012955658133934084,-0.0012955658133934084,1.6290068277409169,0.5063857722606822
2013-12-13,0.005523901922914472,1,0.0,0.005523901922914472,0.005523901922914472,1.6380302008586332,0.5091907376462157
2013-12-16,-0.0019944864944523907,1,0.0,-0.0019944864944523907,-0.0019944864944523907,1.6347664276032894,0.5081761756982568
2013-12-17,0.01155947251726708,1,0.0,0.01155947251726708,0.01155947251726708,1.653773107149117,0.5140845070422528
2013-12-18,-0.002790050635754764,0,0.0005,-0.0005,-0.002790050635754764,1.6529464272827317,0.5126521842921932
2013-12-19,0.006960584947623973,1,0.0005,0.0064605849476239725,0.006960584947623973,1.6636599987948917,0.5162329911673424
2013-12-20,0.010465278654562897,1,0.0,0.010465278654562897,0.010465278654562897,1.6811620866434853,0.521663881594652
2013-12-23,0.00045750887221467963,1,0.0,0.00045750887221467963,0.00045750887221467963,1.681931409186281,0.5219026020529953
2013-12-24,0.0033106942734567007,1,0.0,0.0033106942734567007,0.0033106942734567007,1.6875089976215467,0.5236333253759841
2013-12-26,-0.002510557064396865,1,0.0,-0.002510557064396865,-0.002510557064396865,1.6832777236361722,0.522320362855096
2013-12-27,-0.0014864790342181524,1,0.0,-0.0014864790342181524,-0.0014864790342181524,1.6807774253720875,0.5215445213654804
2013-12-30,0.0065013060471074335,1,0.0,0.0065013060471074335,0.0065013060471074335,1.6917402716069208,0.524946287896872
2013-12-31,-0.007875404511340412,1,0.0,-0.007875404511340412,-0.007875404511340412,1.6784694577437016,0.5208283599904505
2014-01-02,-0.007245158482484734,1,0.0,-0.007245158482484734,-0.007245158482484734,1.6663526276946752,0.5170685127715439
2014-01-03,-0.003700281742856028,1,0.0,-0.003700281742856028,-0.003700281742856028,1.6601980473523124,0.5151587491047975
2014-01-06,0.009225157674825908,1,0.0,0.009225157674825908,0.009225157674825908,1.675584498208219,0.5199331582716632
2014-01-07,0.002178525198011334,1,0.0,0.002178525198011334,0.002178525198011334,1.679238780286497,0.5210670804487938
2014-01-08,-0.0033270265301823545,1,0.0,-0.0033270265301823545,-0.0033270265301823545,1.6736611918512305,0.519336357125805
2014-01-09,0.0032124855530223854,1,0.0,0.0032124855530223854,0.0032124855530223854,1.6790464496507977,0.5210074003342079
2014-01-10,-0.014886894282168309,1,0.0,-0.014886894282168309,-0.014886894282168309,1.6542357976456485,0.5133086655526371
2014-01-13,0.01888804280385527,1,0.0,0.01888804280385527,0.01888804280385527,1.6857780219002567,0.5230962043447116
2014-01-14,0.008180934162669606,1,0.0,0.008180934162669606,0.008180934162669606,1.6996258276705727,0.5273931725948906
2014-01-15,0.00011315417268079125,0,0.0005,-0.0005,0.00011315417268079125,1.6987762271745617,0.5274528527094764
2014-01-16,-0.005673452186184398,0,0.0,-0.0,-0.005673452186184398,1.6987762271745617,0.5244688469801854
2014-01-17,0.007595116712433207,1,0.0005,0.0070951167124332064,0.007595116712433207,1.7108721028566813,0.5284674146574354
2014-01-21,0.002594035177046749,1,0.0,0.002594035177046749,0.002594035177046749,1.7153159265004652,0.5298400572929093
2014-01-22,-0.0033848616318645176,1,0.0,-0.0033848616318645176,-0.0033848616318645176,1.7095196347911823,0.5280496538553348
2014-01-23,-0.01986139936680458,1,0.0,-0.01986139936680458,-0.01986139936680458,1.6759011428773412,0.517665313917402
2014-01-24,-0.009731309417010399,0,0.0005,-0.0005,-0.009731309417010399,1.6750634017586352,0.5126521842921932
2014-01-27,-0.0005822416467252626,1,0.0005,-0.0010822416467252626,-0.0005822416467252626,1.673251558987042,0.5123537837192641
2014-01-28,-0.010774199551566431,1,0.0,-0.010774199551566431,-0.010774199551566431,1.6553203832821142,0.5068632131773687
2014-01-29,0.01831702614591568,1,0.0,0.01831702614591568,0.01831702614591568,1.6859203244307415,0.5162329911673424
2014-01-30,-0.0026625008493463085,0,0.0005,-0.0005,-0.0026625008493463085,1.685077574973448,0.5148603485318686
2014-01-31,-0.023218679079096458,0,0.0,-0.0,-0.023218679079096458,1.685077574973448,0.5030436858438763
2014-02-03,0.0073286380018811464,1,0.0005,0.006828638001881146,0.0073286380018811464,1.6966237371522315,0.506743852948197
2014-02-04,-0.002594341077764383,1,0.0,-0.002594341077764383,-0.002594341077764383,1.6922278212156694,0.505430890427309
2014-02-05,0.012671764068822491,1,0.0,0.012671764068822491,0.012671764068822491,1.7138077721769747,0.5118763428025775
2014-02-06,0.017681167843226445,0,0.0005,-0.0005,0.017681167843226445,1.7129510824811578,0.5210074003342081
2014-02-07,0.005711037795514434,0,0.0,0.0,0.005711037795514434,1.7129510824811578,0.523991406063499
2014-02-10,0.011325149357053503,0,0.0,0.0,0.011325149357053503,1.7129510824811578,0.5299594175220811
2014-02-11,0.0019125842585517258,0,0.0,0.0,0.0019125842585517258,1.7129510824811578,0.5309739794700401
2014-02-12,0.0073908511125942815,0,0.0,0.0,0.0073908511125942815,1.7129510824811578,0.5349128670327042
2014-02-13,0.002006242313588043,0,0.0,0.0,0.002006242313588043,1.7129510824811578,0.5359871090952489
2014-02-14,0.00488726953013195,0,0.0,0.0,0.00488726953013195,1.7129510824811578,0.538613034137025
2014-02-18,-0.006893511843720016,1,0.0005,-0.007393511843720016,-0.006893511843720016,1.700333061587837,0.5349128670327042
2014-02-19,0.0046749862526947635,1,0.0,0.0046749862526947635,0.0046749862526947635,1.7083007050762549,0.5374194318453086
2014-02-20,-0.0013334816955409233,1,0.0,-0.0013334816955409233,-0.0013334816955409233,1.7060242355081356,0.5367032704702789
2014-02-21,0.005323290822850956,1,0.0,0.005323290822850956,0.005323290822850956,1.7151301137806132,0.5395679159703982
2014-02-24,-0.0011066844865676,1,0.0,-0.0011066844865676,-0.0011066844865676,1.7132330558071804,0.5389711148245401
2014-02-25,-0.0008862302562980041,1,0.0,-0.0008862302562980041,-0.0008862302562980041,1.7117154094284344,0.5384936739078535
2014-02-26,0.0023246814033598124,1,0.0,0.0023246814033598124,0.0023246814033598124,1.7156992311726436,0.5397469563141558
2014-02-27,-0.001106317183310943,1,0.0,-0.001106317183310943,-0.001106317183310943,1.7138021731992108,0.5391501551682977
2014-02-28,-0.007444065262501993,1,0.0,-0.007444065262501993,-0.007444065262501993,1.7010918847772107,0.5351515874910477
2014-03-03,0.012633146737780803,1,0.0,0.012633146737780803,0.012633146737780803,1.7227183456743451,0.5419551205538312
2014-03-04,0.0027492182048991245,1,0.0,0.0027492182048991245,0.0027492182048991245,1.7274609906079272,0.5434471234184768
2014-03-05,-0.0008789277647779862,1,0.0,-0.0008789277647779862,-0.0008789277647779862,1.7259433442291812,0.5429696825017902
2014-03-06,-0.004958414654509065,1,0.0,-0.004958414654509065,-0.004958414654509065,1.7174065833487333,0.5402840773454283
2014-03-07,0.0008832947466201707,1,0.0,0.0008832947466201707,0.0008832947466201707,1.7189242297274794,0.5407615182621148
2014-03-10,-0.004313450253719354,1,0.0,-0.004313450253719354,-0.004313450253719354,1.7115257036310916,0.5384339937932678
2014-03-11,0.003761482474623068,1,0.0,0.003761482474623068,0.003761482474623068,1.7179757007407634,0.5404631176891858
2014-03-12,-0.014235115821871985,1,0.0,-0.014235115821871985,-0.014235115821871985,1.6936933586808234,0.5328240630222009
2014-03-13,-0.006855885241085201,1,0.0,-0.006855885241085201,-0.006855885241085201,1.6821213050428832,0.5291835760324658
2014-03-14,0.008758196562812627,1,0.0,0.008758196562812627,0.008758196562812627,1.6969183572356592,0.5338386249701599
2014-03-17,0.012001477532620911,1,0.0,0.012001477532620911,0.012001477532620911,1.717406583348734,0.5402840773454285
2014-03-18,-0.005427271448817476,1,0.0,-0.005427271448817476,-0.005427271448817476,1.7081109992789132,0.5373597517307233
2014-03-19,0.002772696280856274,0,0.0005,-0.0005,0.002772696280856274,1.7072571572575674,0.5388517545953688
2014-03-20,-0.01439034258724804,1,0.0005,-0.014890342587248041,-0.01439034258724804,1.68202384585775,0.531153019813798
2014-03-21,-0.008802675055346158,1,0.0,-0.008802675055346158,-0.008802675055346158,1.6672825132760754,0.5264979708761041
2014-03-24,0.0032818453039919846,1,0.0,0.0032818453039919846,0.0032818453039919846,1.6727632651333648,0.5282286941990929
2014-03-25,-0.0129635656707824,1,0.0,-0.0129635656707824,-0.0129635656707824,1.6512182405909173,0.5214251611363093
2014-03-26,-0.005635628319533362,1,0.0,-0.005635628319533362,-0.005635628319533362,1.6419387607221965,0.5184948675101456
2014-03-27,0.0019663202237280427,1,0.0,0.0019663202237280427,0.0019663202237280427,1.6451705144035633,0.519515397469563
2014-03-28,0.007097099386296113,1,0.0,0.007097099386296113,0.007097099386296113,1.6568879838915611,0.5232155645738839
2014-03-31,0.017413375325197693,1,0.0,0.017413375325197693,0.017413375325197693,1.6859926661682005,0.5324063022201
2014-04-01,0.0025748684810968808,0,0.0005,-0.0005,0.0025748684810968808,1.6851498805490794,0.5337789448555739
2014-04-02,-0.007969958559542545,0,0.0,-0.0,-0.007969958559542545,1.6851498805490794,0.5295416567199807
2014-04-03,-0.026957657555052198,1,0.0005,-0.0274576575550522,-0.026957657555052198,1.6395090744471998,0.5154571496777272
2014-04-04,-0.009539392953991825,1,0.0,-0.009539392953991825,-0.009539392953991825,1.6239435141711003,0.5105633802816899
2014-04-07,0.00919198978912895,1,0.0,0.00919198978912895,0.00919198978912895,1.6389396027297813,0.5152781093339697
2014-04-08,0.016996275006239816,1,0.0,0.016996275006239816,0.016996275006239816,1.6670335407890824,0.524110766292671
2014-04-09,-0.03146222955424288,0,0.0005,-0.0005,-0.03146222955424288,1.666200232363155,0.507877775125328
2014-04-10,-0.011701569604982408,0,0.0,-0.0,-0.011701569604982408,1.666200232363155,0.5019694437813318
2014-04-11,0.007816240645968192,1,0.0005,0.007316240645968192,0.007816240645968192,1.6784352568435135,0.5059083313439959
2014-04-14,0.00329878799981899,1,0.0,0.00329878799981899,0.00329878799981899,1.6839812013456001,0.5075799713535448
2014-04-15,0.013197637567558996,0,0.0005,-0.0005,0.013197637567558996,1.683139421207499,0.5143232275005967
2014-04-16,0.00023204548195534546,0,0.0,0.0,0.00023204548195534546,1.683139421207499,0.5144425877297683
2014-04-17,0.007397167340443769,0,0.0,0.0,0.007397167340443769,1.683139421207499,0.5182621150632608
2014-04-21,0.007914246734255403,0,0.0,0.0,0.007914246734255403,1.683139421207499,0.5223800429696823
2014-04-22,-0.008835905785673,0,0.0,-0.0,-0.008835905785673,1.683139421207499,0.5177846741465741
2014-04-23,0.009521150216323947,1,0.0005,0.009021150216323947,0.009521150216323947,1.6983919690850022,0.5227381236571972
2014-04-24,-0.01611267451568979,0,0.0005,-0.0005,-0.01611267451568979,1.6975429853640773,0.5143829076151825
2014-04-25,0.00324337131303109,1,0.0005,0.00274337131303109,0.00324337131303109,1.7022063698656413,0.5160539508235854
2014-04-28,0.007947977104080284,1,0.0,0.007947977104080284,0.007947977104080284,1.7157893743204498,0.520171878730007
2014-04-29,0.0026353495630337385,0,0.0005,-0.0005,0.0026353495630337385,1.7149316940712203,0.5215445213654808
2014-04-30,0.0029707517277905954,0,0.0,0.0,0.0029707517277905954,1.7149316940712203,0.5230962043447122
2014-05-01,-0.0018271102490704193,0,0.0,-0.0,-0.0018271102490704193,1.7149316940712203,0.5221413225113389
2014-05-02,0.005243970065393985,1,0.0005,0.0047439700653939855,0.005243970065393985,1.7230866067288317,0.5248866077822867
2014-05-05,-0.01304664877985056,1,0.0,-0.01304664877985056,-0.01304664877985056,1.7007521129065366,0.5180830747195032
2014-05-06,-0.002884007305545179,1,0.0,-0.002884007305545179,-0.002884007305545179,1.6958541975946297,0.5165910718548578
2014-05-07,-0.0009246417672185651,1,0.0,-0.0009246417672185651,-0.0009246417672185651,1.6942868646948197,0.5161136309381712
2014-05-08,0.003693448335351509,1,0.0,0.003693448335351509,0.003693448335351509,1.70055619629406,0.5180233946049173
2014-05-09,0.016340419567708885,1,0.0,0.016340419567708885,0.016340419567708885,1.7285722718781675,0.5265576509906896
2014-05-12,0.0006798096794777014,0,0.0005,-0.0005,0.0006798096794777014,1.727708201777755,0.5269157316782045
2014-05-13,-0.005223722984465155,1,0.0005,-0.005723722984465156,-0.005223722984465155,1.7178475254431376,0.5241704464072567
2014-05-14,-0.007944487816420397,1,0.0,-0.007944487816420397,-0.007944487816420397,1.704254174308184,0.5200226784435423
2014-05-15,0.006577277850684608,1,0.0,0.006577277850684608,0.006577277850684608,1.7155004720097642,0.5234542850322269
2014-05-16,0.006930664565494972,1,0.0,0.006930664565494972,0.006930664565494972,1.7274313269627453,0.527094772021962
2014-05-19,-0.0036297680505786127,1,0.0,-0.0036297680505786127,-0.0036297680505786127,1.7211725178070834,0.5251850083552158
2014-05-20,0.0095001845480202,1,0.0,0.0095001845480202,0.0095001845480202,1.7376018918406964,0.5301981379804246
2014-05-21,0.004380306885833365,1,0.0,0.004380306885833365,0.004380306885833365,1.7452298154991595,0.5325256624492716
2014-05-22,0.00725814140506836,1,0.0,0.00725814140506836,0.00725814140506836,1.757943021596598,0.5364048698973498
2014-05-23,0.012395048150331912,1,0.0,0.012395048150331912,0.012395048150331912,1.7798684124200268,0.5430950107424203
2014-05-27,-0.0030926554880184517,1,0.0,-0.0030926554880184517,-0.0030926554880184517,1.774372395630211,0.5414179995225586
2014-05-28,0.006372947621480918,1,0.0,0.006372947621480918,0.006372947621480918,1.7857164872248488,0.5448794461685362
2014-05-29,0.00010952302732606673,1,0.0,0.00010952302732606673,0.00010952302732606673,1.7859120750109634,0.5449391262831221
2014-05-30,-0.000986139344694417,1,0.0,-0.000986139344694417,-0.000986139344694417,1.7841517849359332,0.5444020052518498
2014-06-02,-0.0004385964982589346,1,0.0,-0.0004385964982589346,-0.0004385964982589346,1.7833694337914756,0.5441632847935065
2014-06-03,0.003721952846192231,1,0.0,0.003721952846192231,0.003721952846192231,1.7900194185193663,0.5461924086894243
2014-06-04,0.00837826564599772,1,0.0,0.00837826564599772,0.00837826564599772,1.8050796780501785,0.5507877775125325
2014-06-05,0.005726340535544367,1,0.0,0.005726340535544367,0.005726340535544367,1.8154458307142438,0.5539508235855809
2014-06-06,-0.00075443232548512,1,0.0,-0.00075443232548512,-0.00075443232548512,1.814076716211443,0.5535330627834802
2014-06-09,0.0017235811656766092,1,0.0,0.0017235811656766092,0.0017235811656766092,1.817206120789274,0.5544879446168534
2014-06-10,-0.0002152852537916308,1,0.0,-0.0002152852537916308,-0.0002152852537916308,1.8168149452170452,0.5543685843876818
2014-06-11,-0.009084089720342586,1,0.0,-0.009084089720342586,-0.009084089720342586,1.8003855711834322,0.5493554547624729
2014-06-12,0.0029288950807024637,1,0.0,0.0029288950807024637,0.0029288950807024637,1.805666441408522,0.55096681785629
2014-06-13,0.0008661758878492588,1,0.0,0.0008661758878492588,0.0008661758878492588,1.8072311436974378,0.5514442587729766
2014-06-16,0.0005409791854954569,1,0.0,0.0005409791854954569,0.0005409791854954569,1.8082090826280102,0.5517426593459058
2014-06-17,0.005608902634632578,1,0.0,0.005608902634632578,0.005608902634632578,1.8183796475059608,0.5548460253043683
2014-06-18,-0.0006455778145455032,1,0.0,-0.0006455778145455032,-0.0006455778145455032,1.817206120789274,0.5544879446168534
2014-06-19,-0.0015079709880410346,1,0.0,-0.0015079709880410346,-0.0015079709880410346,1.8144678917836716,0.5536524230126518
2014-06-20,0.00021556369990798093,1,0.0,0.00021556369990798093,0.00021556369990798093,1.8148590673559009,0.5537717832418235
2014-06-23,-0.0009704027932785164,1,0.0,-0.0009704027932785164,-0.0009704027932785164,1.8130987772808707,0.5532346622105512
2014-06-24,0.006344448401060144,1,0.0,0.006344448401060144,0.006344448401060144,1.8246384566616227,0.5567557889711146
2014-06-25,0.000535819548799824,1,0.0,0.000535819548799824,0.000535819548799824,1.8256163955921947,0.5570541895440435
2014-06-26,0.004382924328850579,1,0.0,0.004382924328850579,0.004382924328850579,1.8336354948228868,0.5595010742420622
2014-06-27,0.0017052119660018756,1,0.0,0.0017052119660018756,0.0017052119660018756,1.8367648994007175,0.5604559560754352
2014-06-30,0.010908236306649825,1,0.0,0.010908236306649825,0.010908236306649825,1.856910441370505,0.5666030078777747
2014-07-01,0.0016838564281725307,1,0.0,0.0016838564281725307,0.0016838564281725307,1.860039845948336,0.5675578897111477
2014-07-02,0.006289328907564139,1,0.0,0.006289328907564139,0.006289328907564139,1.8717751131152027,0.571138696586297
2014-07-03,-0.003034903695154047,1,0.0,-0.003034903695154047,-0.003034903695154047,1.866103067317884,0.5694079732633083
2014-07-07,-0.012126473268169624,1,0.0,-0.012126473268169624,-0.012126473268169624,1.8436104719147235,0.562544760085939
2014-07-08,0.007398828805827594,1,0.0,0.007398828805827594,0.007398828805827594,1.8573016169427339,0.5667223681069463
2014-07-09,-0.003164225823310589,1,0.0,-0.003164225823310589,-0.003164225823310589,1.851433983359301,0.5649319646693718
2014-07-10,0.0064234412405861615,1,0.0,0.0064234412405861615,0.0064234412405861615,1.8633648383122818,0.5685724516591069
2014-07-11,0.005965168648451191,1,0.0,0.005965168648451191,0.005965168648451191,1.8745133421208051,0.5719742181904985
2014-07-14,-0.0034491803204929755,1,0.0,-0.0034491803204929755,-0.0034491803204929755,1.8680589451790286,0.5700047744091665
2014-07-15,0.003970747118943521,1,0.0,0.003970747118943521,0.003970747118943521,1.875491281051377,0.5722726187634276
2014-07-16,-0.013343399608585823,1,0.0,-0.013343399608585823,-0.013343399608585823,1.8506320734362316,0.5646872761995699
2014-07-17,0.01573910931126426,1,0.0,0.01573910931126426,0.01573910931126426,1.8799898001320094,0.5736452613989015
2014-07-18,-0.0012492194004319278,1,0.0,-0.0012492194004319278,-0.0012492194004319278,1.8776427466986363,0.5729291000238717
2014-07-21,0.006334064061581975,1,0.0,0.006334064061581975,0.006334064061581975,1.8895736016516171,0.5765695870136067
2014-07-22,0.0063661951416491575,1,0.0,0.0063661951416491575,0.0063661951416491575,1.9016413680548785,0.5802518500835518
2014-07-23,-0.0011011233598791081,1,0.0,-0.0011011233598791081,-0.0011011233598791081,1.8995485787434538,0.5796132728574837
2014-07-24,-0.003920359916351061,1,0.0,-0.003920359916351061,-0.003920359916351061,1.892116242871105,0.5773454285032223
2014-07-25,0.0003100614980140174,1,0.0,0.0003100614980140174,0.0003100614980140174,1.8927030062294483,0.5775244688469798
2014-07-28,-0.0017582876743788033,1,0.0,-0.0017582876743788033,-0.0017582876743788033,1.889378013865503,0.5765099068990209
2014-07-29,0.003926030458734094,1,0.0,0.003926030458734094,0.003926030458734094,1.896810349737852,0.5787777512532822
2014-07-30,-0.020417375918431038,1,0.0,-0.020417375918431038,-0.020417375918431038,1.8584751436594213,0.5670804487944614
2014-07-31,-0.003690235617975338,1,0.0,-0.003690235617975338,-0.003690235617975338,1.851629571145416,0.5649916447839578
2014-08-01,0.006842492089741358,1,0.0,0.006842492089741358,0.006842492089741358,1.8643427772428542,0.5688708522320359
2014-08-04,-0.007687890005462177,1,0.0,-0.007687890005462177,-0.007687890005462177,1.8500648688565,0.5645142038672711
2014-08-05,-0.0007403099063721743,0,0.0005,-0.0005,-0.0007403099063721743,1.8491400676416423,0.5640964430651703
2014-08-06,-0.003178979046811965,1,0.0005,-0.003678979046811965,-0.003178979046811965,1.8423496186968564,0.5623060396275957
2014-08-07,0.007191232343987105,1,0.0,0.007191232343987105,0.007191232343987105,1.8556461347307542,0.5663642874194315
2014-08-08,0.00588360596186816,1,0.0,0.00588360596186816,0.00588360596186816,1.8665962067586699,0.5697063738362373
2014-08-11,-0.0004191114897895163,1,0.0,-0.0004191114897895163,-0.0004191114897895163,1.8658140587566758,0.5694676533778941
2014-08-12,0.010529156434332072,1,0.0,0.010529156434332072,0.010529156434332072,1.8855632958070243,0.5754953449510618
2014-08-13,0.00517171198222347,1,0.0,0.00517171198222347,0.00517171198222347,1.895340145831949,0.5784793506803528
2014-08-14,0.004837142143972797,1,0.0,0.004837142143972797,0.004837142143972797,1.9045303848553783,0.5812843160658863
2014-08-15,0.007670710073980728,0,0.0005,-0.0005,0.007670710073980728,1.9035783576895762,0.5857603246598228
2014-08-18,0.005588025716965856,0,0.0,0.0,0.005588025716965856,1.9035783576895762,0.5890427309620428
2014-08-19,0.0,1,0.0005,-0.0005,0.0,1.9026268064183731,0.5890427309620428
2014-08-20,0.0020242921892306607,1,0.0,0.0020242921892306607,0.0020242921892306607,1.906482179886293,0.5902363332537593
2014-08-21,0.0015155345158934508,1,0.0,0.0015155345158934508,0.0015155345158934508,1.9093737099872328,0.5911315349725467
2014-08-22,0.0035273405179684406,1,0.0,0.0035273405179684406,0.0035273405179684406,1.9161206135560922,0.5932203389830504
2014-08-25,0.0010055305020185744,1,0.0,0.0010055305020185744,0.0010055305020185744,1.918048300290052,0.5938171401289084
2014-08-26,0.00020098482632214377,1,0.0,0.00020098482632214377,0.00020098482632214377,1.9184338376368437,0.59393650035808
2014-08-27,-0.0011059167668154917,1,0.0,-0.0011059167668154917,-0.0011059167668154917,1.916313382229488,0.5932800190976361
2014-08-28,0.003715050208837627,1,0.0,0.003715050208837627,0.003715050208837627,1.9234458231451397,0.5954881833373115
2014-08-29,0.002902178669473267,1,0.0,0.002902178669473267,0.002902178669473267,1.929036114673623,0.5972189066603002
2014-09-02,-0.005913322167160715,1,0.0,-0.005913322167160715,-0.005913322167160715,1.91766276294326,0.5936977798997368
2014-09-03,-0.0009051139552897185,1,0.0,-0.0009051139552897185,-0.0009051139552897185,1.9159278448826962,0.5931606588684645
2014-09-04,0.005018075564144146,1,0.0,0.005018075564144146,0.005018075564144146,1.9255662785524954,0.5961446645977555
2014-09-05,0.001900285614597261,1,0.0,0.001900285614597261,0.001900285614597261,1.9292288833470188,0.597278586774886
2014-09-08,-0.008327946591355929,1,0.0,-0.008327946591355929,-0.008327946591355929,1.9132290834551522,0.592325137264263
2014-09-09,0.008228021535064758,1,0.0,0.008228021535064758,0.008228021535064758,1.9290361146736226,0.5972189066603001
2014-09-10,-0.0007997601146066558,1,0.0,-0.0007997601146066558,-0.0007997601146066558,1.9274939652864547,0.5967414657436134
2014-09-11,-0.005113562052553973,1,0.0,-0.005113562052553973,-0.005113562052553973,1.9176627629432597,0.5936977798997367
2014-09-12,-0.009697045682866874,1,0.0,-0.009697045682866874,-0.009697045682866874,1.8991569702972448,0.5879684888994979
2014-09-15,0.008691312921837424,1,0.0,0.008691312921837424,0.008691312921837424,1.9157350762092997,0.5931009787538785
2014-09-16,0.0015082200837976815,1,0.0,0.0015082200837976815,0.0015082200837976815,1.9186266063102395,0.5939961804726658
2014-09-17,0.00750716703212048,0,0.0005,-0.0005,0.00750716703212048,1.917667532795444,0.5984721890666024
2014-09-18,-0.002996107304668366,0,0.0,-0.0,-0.002996107304668366,1.917667532795444,0.5966817856290277
2014-09-19,-0.009345392840864428,0,0.0,-0.0,-0.009345392840864428,1.917667532795444,0.5911315349725464
2014-09-22,-0.002729618032081101,1,0.0005,-0.003229618032081101,-0.002729618032081101,1.9114841894451604,0.5895201718787294
2014-09-23,0.010673749508638768,1,0.0,0.010673749508638768,0.010673749508638768,1.9319961679915452,0.5958462640248262
2014-09-24,-0.021258012779108895,1,0.0,-0.021258012779108895,-0.021258012779108895,1.891359229361915,0.583313439961804
2014-09-25,0.010584263270470136,0,0.0005,-0.0005,0.010584263270470136,1.8904137861277395,0.5895201718787294
2014-09-26,-0.0013169226438544128,0,0.0,-0.0,-0.0013169226438544128,1.8904137861277395,0.5887443303891137
2014-09-29,0.0014181525877583426,1,0.0005,0.0009181525877583426,0.0014181525877583426,1.8921502714946845,0.5895798519933152
2014-09-30,-0.016122798223405104,1,0.0,-0.016122798223405104,-0.016122798223405104,1.86188812523533,0.5801503938887556
2014-10-01,0.0,0,0.0005,-0.0005,0.0,1.8609574138699436,0.5801503938887556
2014-10-02,0.009827082871452422,1,0.0005,0.009327082871452421,0.009827082871452422,1.8783959166487056,0.5858796848889943
2014-10-03,-0.0021414376204630698,1,0.0,-0.0021414376204630698,-0.0021414376204630698,1.874377752825784,0.584626402482692
2014-10-06,-0.014291098105140523,0,0.0005,-0.0005,-0.014291098105140523,1.8734407982075454,0.5763308665552631
2014-10-07,0.01928067110630813,1,0.0005,0.01878067110630813,0.01928067110630813,1.9089577457950697,0.5875507280973973
2014-10-08,-0.016282168110051457,0,0.0005,-0.0005,-0.016282168110051457,1.9080035055021256,0.578061589878252
2014-10-09,-0.025301924757770933,0,0.0,-0.0,-0.025301924757770933,1.9080035055021256,0.5636190021484835
2014-10-10,-0.015795419113711105,1,0.0005,-0.016295419113711105,-0.015795419113711105,1.87716374455578,0.5547863451897822
2014-10-13,0.00010756736416560721,1,0.0,0.00010756736416560721,0.00010756736416560721,1.8773656769723635,0.5548460253043681
2014-10-14,-0.006474609863247791,1,0.0,-0.006474609863247791,-0.006474609863247791,1.8652497319773822,0.5512652184292189
2014-10-15,-0.006298891373519066,0,0.0005,-0.0005,-0.006298891373519066,1.8643173402287556,0.5478037717832414
2014-10-16,0.013096133922256198,0,0.0,0.0,0.013096133922256198,1.8643173402287556,0.5550250656481255
2014-10-17,0.014835642183597056,0,0.0,0.0,0.014835642183597056,1.8643173402287556,0.5633206015755544
2014-10-20,0.02593473810144054,0,0.0,0.0,0.02593473810144054,1.8643173402287556,0.5781212699928379
2014-10-21,-0.005174923575097514,0,0.0,-0.0,-0.005174923575097514,1.8643173402287556,0.5751372642635468
2014-10-22,0.014934105248015018,0,0.0,0.0,0.014934105248015018,1.8643173402287556,0.5837908808784906
2014-10-23,0.00814502568476914,0,0.0,0.0,0.00814502568476914,1.8643173402287556,0.5885652900453564
2014-10-24,0.0007095433879356953,0,0.0,0.0,0.0007095433879356953,1.8643173402287556,0.5889830508474571
2014-10-27,0.014984943745555045,0,0.0,0.0,0.014984943745555045,1.8643173402287556,0.5978753879207444
2014-10-28,-0.0037001892309756882,0,0.0,-0.0,-0.0037001892309756882,1.8643173402287556,0.595667223681069
2014-10-29,0.002101787292262605,0,0.0,0.0,0.002101787292262605,1.8643173402287556,0.5969205060873712
2014-10-30,0.01370292516632533,0,0.0,0.0,0.01370292516632533,1.8643173402287556,0.6051563619002145
2014-10-31,0.0029542118974313827,0,0.0,0.0,0.0029542118974313827,1.8643173402287556,0.606946765337789
2014-11-03,-0.0033487670416306875,1,0.0005,-0.0038487670416306875,-0.0033487670416306875,1.8571558074704841,0.6049176414418711
2014-11-04,9.865338142464734e-05,1,0.0,9.865338142464734e-05,9.865338142464734e-05,1.8573390312083957,0.604977321556457
2014-11-05,0.003151780408737674,1,0.0,0.003151780408737674,0.003151780408737674,1.863202190821562,0.6068870852232031
2014-11-06,-0.0008854346586645787,1,0.0,-0.0008854346586645787,-0.0008854346586645787,1.8615531771803588,0.6063499641919308
2014-11-07,0.0035370443635332136,1,0.0,0.0035370443635332136,0.0035370443635332136,1.8681492317451711,0.6084984483170203
2014-11-10,0.0031335709150712037,1,0.0,0.0031335709150712037,0.0031335709150712037,1.8740123913583375,0.6104082119837665
2014-11-11,0.001758328088070209,1,0.0,0.001758328088070209,0.001758328088070209,1.8773104186407434,0.6114824540463112
2014-11-12,0.004285164328947885,1,0.0,0.004285164328947885,0.004285164328947885,1.8853722631088476,0.6141083790880874
2014-11-13,0.003104989880577184,1,0.0,0.003104989880577184,0.003104989880577184,1.8912354227220143,0.6160181427548336
2014-11-14,-0.003007812872580777,1,0.0,-0.003007812872580777,-0.003007812872580777,1.8855554868467592,0.6141680592026731
2014-11-17,0.007454412755964412,1,0.0,0.007454412755964412,0.007454412755964412,1.8996637146659412,0.6187634280257814
2014-11-18,-0.004543485026122798,1,0.0,-0.004543485026122798,-0.004543485026122798,1.8910521989841027,0.6159584626402478
2014-11-19,0.004447029757178772,1,0.0,0.004447029757178772,0.004447029757178772,1.8994804909280296,0.6187037479111955
2014-11-20,0.0019273399046994056,1,0.0,0.0019273399046994056,0.0019273399046994056,1.9031449656862587,0.6198973502029119
2014-11-21,0.007767960422224994,1,0.0,0.007767960422224994,0.007767960422224994,1.917986088457086,0.6247314394843633
2014-11-24,0.0015273007932604667,1,0.0,0.0015273007932604667,0.0015273007932604667,1.9209176682636693,0.6256863213177364
2014-11-25,0.006465129953853539,1,0.0,0.006465129953853539,0.006465129953853539,1.933376882441648,0.6297445691095722
2014-11-26,0.004632920875947321,1,0.0,0.004632920875947321,0.004632920875947321,1.9423548455993096,0.6326688947242775
2014-11-28,-0.011384242102920314,1,0.0,-0.011384242102920314,-0.011384242102920314,1.9203679970499352,0.6255072809739791
2014-12-01,0.0039992435706349,1,0.0,0.0039992435706349,0.0039992435706349,1.9280633940422163,0.6280138457865836
2014-12-02,0.001803940674340055,1,0.0,0.001803940674340055,0.001803940674340055,1.9315446450625342,0.6291477679637142
2014-12-03,-0.00047440581562457364,1,0.0,-0.00047440581562457364,-0.00047440581562457364,1.930628526372977,0.628849367390785
2014-12-04,9.489916970333442e-05,1,0.0,9.489916970333442e-05,9.489916970333442e-05,1.9308117501108881,0.6289090475053708
2014-12-05,-0.00714254738818377,1,0.0,-0.00714254738818377,-0.00714254738818377,1.917069969767529,0.6244330389114343
2014-12-08,0.0031490078028228886,1,0.0,0.0031490078028228886,0.0031490078028228886,1.9231163531186068,0.6264024826927663
2014-12-09,-0.01584514833442478,1,0.0,-0.01584514833442478,-0.01584514833442478,1.8928844363632176,0.616555263786106
2014-12-10,0.0047317938704341455,1,0.0,0.0047317938704341455,0.0047317938704341455,1.9018623995208783,0.6194795894008112
2014-12-11,-0.010946009420914877,1,0.0,-0.010946009420914877,-0.010946009420914877,1.8811581171368843,0.6127357364526136
2014-12-12,-0.010378005813083367,1,0.0,-0.010378005813083367,-0.010378005813083367,1.8617364009182704,0.6064096443065166
2014-12-15,-0.01617178951236565,1,0.0,-0.01617178951236565,-0.01617178951236565,1.8318709316387038,0.596681785629028
2014-12-16,0.018039938130998058,1,0.0,0.018039938130998058,0.018039938130998058,1.8652176519385881,0.6075435664836473
2014-12-17,0.023781756562488553,0,0.0005,-0.0005,0.023781756562488553,1.8642852762259716,0.6221651945571732
2014-12-18,0.000671237499431962,0,0.0,0.0,0.000671237499431962,1.8642852762259716,0.6225829553592739
2014-12-19,0.0024892305816417576,0,0.0,0.0,0.0024892305816417576,1.8642852762259716,0.6241346383385052
2014-12-22,-0.003544234755648517,0,0.0,-0.0,-0.003544234755648517,1.8642852762259716,0.6219264740988298
2014-12-23,0.0008632680023907443,1,0.0005,0.0003632680023907443,0.0008632680023907443,1.864962634437986,0.6224635951301023
2014-12-24,0.007069867987814047,1,0.0,0.007069867987814047,0.007069867987814047,1.8781943923429152,0.626879923609453
2014-12-26,-0.0001904217848276195,1,0.0,-0.0001904217848276195,-0.0001904217848276195,1.8778367772644033,0.6267605633802813
2014-12-29,-0.006687710031370472,1,0.0,-0.006687710031370472,-0.006687710031370472,1.8653202495164973,0.6225829553592739
2014-12-30,-0.01030986633720066,1,0.0,-0.01030986633720066,-0.01030986633720066,1.846187842816127,0.6161971830985912
2014-12-31,-0.0030069376165336704,1,0.0,-0.0030069376165336704,-0.0030069376165336704,1.8406448090991971,0.6143470995464307
2015-01-02,-0.014777388836704094,1,0.0,-0.014777388836704094,-0.014777388836704094,1.8136448706715715,0.605335402243972
2015-01-05,-0.013498964285539735,1,0.0,-0.013498964285539735,-0.013498964285539735,1.7893270453327825,0.5972189066603003
2015-01-06,0.012808594910519045,1,0.0,0.012808594910519045,0.012808594910519045,1.8123932178967808,0.6049176414418712
2015-01-07,0.018958840112709277,1,0.0,0.018958840112709277,0.018958840112709277,1.8470818805124058,0.6164955836715202
2015-01-08,-0.006604530611774039,0,0.0005,-0.0005,-0.006604530611774039,1.846158570418909,0.6124373358796846
2015-01-09,-0.01048155748742517,0,0.0,-0.0,-0.01048155748742517,1.846158570418909,0.6060515636190018
2015-01-12,-0.00029546462026146844,1,0.0005,-0.0007954646202614684,-0.00029546462026146844,1.84469060052921,0.6058725232752443
2015-01-13,-0.005531424613229203,1,0.0,-0.005531424613229203,-0.005531424613229203,1.8345150022599395,0.6025304368584384
2015-01-14,-0.013060352134099153,1,0.0,-0.013060352134099153,-0.013060352134099153,1.8107113705943243,0.5947123418476961
2015-01-15,0.011672701995680936,1,0.0,0.011672701995680936,0.011672701995680936,1.8319711026926218,0.601694915254237
2015-01-16,0.007903617511101177,1,0.0,0.007903617511101177,0.007903617511101177,1.8465076716487228,0.6064693244211026
2015-01-20,0.0051040550539118695,0,0.0005,-0.0005,0.0051040550539118695,1.8455846485878935,0.6095726903795652
2015-01-21,0.018334897863305933,0,0.0,0.0,0.018334897863305933,1.8455846485878935,0.6208522320362851
2015-01-22,0.0022084602571559387,0,0.0,0.0,0.0022084602571559387,1.8455846485878935,0.6222248746717589
2015-01-23,-0.001151631605206876,0,0.0,-0.0,-0.001151631605206876,1.8455846485878935,0.6215087132967291
2015-01-26,-0.026268657045837265,1,0.0005,-0.026768657045837266,-0.026268657045837265,1.796836202203697,0.6053950823585577
2015-01-27,-0.005139366916058765,1,0.0,-0.005139366916058765,-0.005139366916058765,1.7876252910725268,0.602291716400095
2015-01-28,0.009565676213337032,1,0.0,0.009565676213337032,0.009565676213337032,1.804807182990287,0.6080806875149196
2015-01-29,-0.007783673959768293,1,0.0,-0.007783673959768293,-0.007783673959768293,1.7908136833871626,0.6033659584626397
2015-01-30,0.008666589600584054,0,0.0005,-0.0005,0.008666589600584054,1.7899185003598757,0.608617808546192
2015-02-02,0.009563847660861474,0,0.0,0.0,0.009563847660861474,1.7899185003598757,0.6144664597756023
2015-02-03,-0.0008745081449323979,1,0.0005,-0.0013745081449323979,-0.0008745081449323979,1.7874599328499747,0.6139293387443301
2015-02-04,0.008614484865249827,1,0.0,0.008614484865249827,0.008614484865249827,1.8029244933655428,0.6192408689424681
2015-02-05,-0.006090211680210868,1,0.0,-0.006090211680210868,-0.006090211680210868,1.7919776696298035,0.6154810217235613
2015-02-06,-0.0032049753069129097,1,0.0,-0.0032049753069129097,-0.0032049753069129097,1.7862436191015594,0.6135115779422293
2015-02-09,0.015444322427473775,1,0.0,0.015444322427473775,0.015444322427473775,1.8140450762081985,0.6230603962759607
2015-02-10,0.003633238531535279,1,0.0,0.003633238531535279,0.003633238531535279,1.8206479222710252,0.6253282406302217
2015-02-11,0.011576180131993415,1,0.0,0.011576180131993415,0.011576180131993415,1.8418465333148375,0.6326092146096918
2015-02-12,0.0085482649133413,0,0.0005,-0.0005,0.0085482649133413,1.8409258402406299,0.6380401050370014
2015-02-13,0.0009349290135014078,0,0.0,0.0,0.0009349290135014078,1.8409258402406299,0.6386369061828596
2015-02-17,0.0014007566374979713,1,0.0005,0.0009007566374979712,0.0014007566374979713,1.8425848134637703,0.6395321079016468
2015-02-18,0.004933684664381662,1,0.0,0.004933684664381662,0.004933684664381662,1.8516980082298755,0.6426951539746953
2015-02-19,0.006663606332410837,1,0.0,0.006663606332410837,0.006663606332410837,1.8640781973460934,0.6469921222248743
2015-02-20,0.0010141521175305978,1,0.0,0.0010141521175305978,0.0010141521175305978,1.8659696151277378,0.6476486034853183
2015-02-23,0.0007369197091041143,1,0.0,0.0007369197091041143,0.0007369197091041143,1.8673451916962067,0.6481260444020049
2015-02-24,-0.0024892835423589803,1,0.0,-0.0024892835423589803,-0.0024892835423589803,1.862702620777625,0.6465146813081878
2015-02-25,0.005064234385734463,1,0.0,0.005064234385734463,0.005064234385734463,1.8721597096858467,0.6497970876104078
2015-02-26,-0.004418269337664666,1,0.0,-0.004418269337664666,-0.004418269337664666,1.863906250275035,0.6469324421102886
2015-02-27,0.008999968913080659,1,0.0,0.008999968913080659,0.008999968913080659,1.8807570632387758,0.6527810933396988
2015-03-02,-0.004673548025537885,1,0.0,-0.004673548025537885,-0.004673548025537885,1.8719877626147883,0.649737407495822
2015-03-03,-0.0038652726202052343,1,0.0,-0.0038652726202052343,-0.0038652726202052343,1.864765985630328,0.6472308426832176
2015-03-04,0.0017504265375026058,1,0.0,0.0017504265375026058,0.0017504265375026058,1.868032979980441,0.6483647648603482
2015-03-05,-0.011386376200430435,1,0.0,-0.011386376200430435,-0.011386376200430435,1.8468834902402351,0.6410241107662923
2015-03-06,0.0028819803334426144,1,0.0,0.0028819803334426144,0.0028819803334426144,1.8522138494430513,0.6428741943184527
2015-03-09,-0.018741178207309712,1,0.0,-0.018741178207309712,-0.018741178207309712,1.8178244352313349,0.6309381714012888
2015-03-10,-0.0057866689008254585,1,0.0,-0.0057866689008254585,-0.0057866689008254585,1.8073356638967613,0.6272976844115538
2015-03-11,0.006543098588935887,1,0.0,0.006543098588935887,0.006543098588935887,1.8192000117998033,0.6314156123179753
2015-03-12,-0.004357305368955701,1,0.0,-0.004357305368955701,-0.004357305368955701,1.8112904465311086,0.6286703270470275
2015-03-13,0.012827944252464411,0,0.0005,-0.0005,0.012827944252464411,1.8103850276814184,0.6367868226306991
2015-03-16,0.0015919842290977163,0,0.0,0.0,0.0015919842290977163,1.8103850276814184,0.6378013845786581
2015-03-17,0.009777069362695155,0,0.0,0.0,0.009777069362695155,1.8103850276814184,0.6440677966101692
2015-03-18,0.0014814817524428803,0,0.0,0.0,0.0014814817524428803,1.8103850276814184,0.6450226784435423
2015-03-19,0.004154938805980085,0,0.0,0.0,0.004154938805980085,1.8103850276814184,0.6477082835999042
2015-03-20,-0.001936823293958842,0,0.0,-0.0,-0.001936823293958842,1.8103850276814184,0.6464550011936019
2015-03-23,-0.0036069403267098257,1,0.0005,-0.004106940326709826,-0.0036069403267098257,1.8029651313693082,0.6441274767247549
2015-03-24,-0.023151134734931328,1,0.0,-0.023151134734931328,-0.023151134734931328,1.7617039076642937,0.6293864884220574
2015-03-25,-0.003419456219418228,1,0.0,-0.003419456219418228,-0.003419456219418228,1.7556901260716602,0.6272380042969679
2015-03-26,0.0039882305261537765,1,0.0,0.0039882305261537765,0.0039882305261537765,1.7627062045963997,0.6297445691095723
2015-03-27,0.011401772516814462,1,0.0,0.011401772516814462,0.011401772516814462,1.7829191927271963,0.6369658629744566
2015-03-30,-0.010643909653712575,0,0.0005,-0.0005,-0.010643909653712575,1.7820279559585923,0.6302220100262588
2015-03-31,-0.005221943981151601,0,0.0,-0.0,-0.005221943981151601,1.7820279559585923,0.6269396037240388
2015-04-01,0.0006661274452909275,1,0.0005,0.00016612744529092747,0.0006661274452909275,1.7823240243022107,0.6273573645261394
2015-04-02,0.008147842328315606,1,0.0,0.008147842328315606,0.008147842328315606,1.796905442309249,0.63248985438052
2015-04-06,-0.0016998776404170595,1,0.0,-0.0016998776404170595,-0.0016998776404170595,1.7938535176101014,0.6314156123179752
2015-04-07,0.007908156446254254,1,0.0,0.007908156446254254,0.007908156446254254,1.8080958328727903,0.6364287419431841
2015-04-08,0.006263166068582922,1,0.0,0.006263166068582922,0.006263166068582922,1.8194557748085065,0.640427309620434
2015-04-09,0.004091887044821075,1,0.0,0.004091887044821075,0.004091887044821075,1.8269160351842009,0.6430532346622101
2015-04-10,-0.002508945236566603,1,0.0,-0.002508945236566603,-0.002508945236566603,1.8223381481354795,0.641441871568393
2015-04-13,-0.0028884250223848145,1,0.0,-0.0028884250223848145,-0.0028884250223848145,1.8170820555980585,0.6395917880162326
2015-04-14,0.0062322884390911375,1,0.0,0.0062322884390911375,0.0062322884390911375,1.8284419975337745,0.6435903556934824
2015-04-15,-0.001391917823207362,1,0.0,-0.001391917823207362,-0.001391917823207362,1.8258987269511515,0.6426951539746952
2015-04-16,-0.015723300055783207,1,0.0,-0.015723300055783207,-0.015723300055783207,1.7974140964257737,0.6326688947242775
2015-04-17,0.01488721844267768,1,0.0,0.01488721844267768,0.01488721844267768,1.8243727646015777,0.6421580329434228
2015-04-20,0.0042659806882356455,1,0.0,0.0042659806882356455,0.0042659806882356455,1.8321721277216216,0.6449033182143705
2015-04-21,0.005445078286518928,1,0.0,0.005445078286518928,0.005445078286518928,1.842175658679939,0.6484244449749339
2015-04-22,0.0037664827954768648,1,0.0,0.0037664827954768648,0.0037664827954768648,1.8491272649391084,0.6508713296729525
2015-04-23,0.013479256907201342,1,0.0,0.013479256907201342,0.013479256907201342,1.8742208680209886,0.6597039866316539
2015-04-24,-0.002536233243579416,1,0.0,-0.002536233243579416,-0.002536233243579416,1.8694734296000923,0.6580329434232508
2015-04-27,-0.001997277105163678,1,0.0,-0.001997277105163678,-0.001997277105163678,1.8657432994122451,0.6567199809023628
2015-04-28,-0.006290188933597087,1,0.0,-0.006290188933597087,-0.006290188933597087,1.854044254732179,0.6526020529959412
2015-04-29,-0.015854327846569934,1,0.0,-0.015854327846569934,-0.015854327846569934,1.824881418718102,0.6423370732871801
2015-04-30,0.013107073371431157,1,0.0,0.013107073371431157,0.013107073371431157,1.848957713566933,0.6508116495583666
2015-05-01,0.001649258207813789,1,0.0,0.001649258207813789,0.001649258207813789,1.8520096382660807,0.6518858916209114
2015-05-04,-0.016430127766932322,1,0.0,-0.016430127766932322,-0.016430127766932322,1.8218294940189543,0.6412628312246355
2015-05-05,-0.0069107484600460034,0,0.0005,-0.0005,-0.0069107484600460034,1.8209188069626816,0.6368465027452848
2015-05-06,0.005979649696316416,1,0.0005,0.005479649696316416,0.005979649696316416,1.8309241921175379,0.6406660300787771
2015-05-07,0.012405269250305611,1,0.0,0.012405269250305611,0.012405269250305611,1.853778765172382,0.6486631654332771
2015-05-08,-0.0038716862522887225,0,0.0005,-0.0005,-0.0038716862522887225,1.852852107473526,0.6461566006206726
2015-05-11,-0.004535994817456204,1,0.0005,-0.005035994817456204,-0.004535994817456204,1.8435446097886303,0.6432322750059675
2015-05-12,0.0020391146188689794,1,0.0,0.0020391146188689794,0.0020391146188689794,1.8473076438780114,0.6445452375268554
2015-05-13,0.014523648986049895,1,0.0,0.014523648986049895,0.014523648986049895,1.8743330705199301,0.653974695631415
2015-05-14,0.0,1,0.0,0.0,0.0,1.8743330705199301,0.653974695631415
2015-05-15,0.00437079552134314,0,0.0005,-0.0005,0.00437079552134314,1.8733961382372604,0.6568393411315343
2015-05-18,-0.0010909091990984967,1,0.0005,-0.0015909091990984967,-0.0010909091990984967,1.8704181046060475,0.6561231797565045
2015-05-19,0.0006365083188300872,1,0.0,0.0006365083188300872,0.0006365083188300872,1.8716090202629736,0.6565409405586052
2015-05-20,0.005167970158442598,1,0.0,0.005167970158442598,0.005167970158442598,1.8813064763265124,0.659942707089997
2015-05-21,-0.0009952500256031557,1,0.0,-0.0009952500256031557,-0.0009952500256031557,1.8794350374370574,0.659286225829553
2015-05-22,-0.011562927573379081,1,0.0,-0.011562927573379081,-0.011562927573379081,1.8578284248042607,0.6517068512771539
2015-05-26,0.015988712695771425,1,0.0,0.015988712695771425,0.015988712695771425,1.887771447035538,0.6622105514442581
2015-05-27,-0.0022556061352006773,1,0.0,-0.0022556061352006773,-0.0022556061352006773,1.8835181768322315,0.6607185485796127
2015-05-28,-0.005979361898904762,1,0.0,-0.005979361898904762,-0.005979361898904762,1.8722895434955025,0.6567796610169486
2015-05-29,0.003356468883427814,1,0.0,0.003356468883427814,0.003356468883427814,1.8785843833963958,0.6589878252566239
2015-06-01,-0.0031747498205982076,1,0.0,-0.0031747498205982076,-0.0031747498205982076,1.8726298051117667,0.6568990212461201
2015-06-02,0.002993606807694697,1,0.0,0.002993606807694697,0.002993606807694697,1.8782441217801316,0.6588684650274522
2015-06-03,-0.007637789448117538,1,0.0,-0.007637789448117538,-0.007637789448117538,1.8639531338970217,0.6538553354022434
2015-06-04,-0.0023759492123845323,1,0.0,-0.0023759492123845323,-0.0023759492123845323,1.859529732885583,0.652303652423012
2015-06-05,-0.010207454483010818,1,0.0,-0.010207454483010818,-0.010207454483010818,1.8406452131829023,0.645679159703986
2015-06-08,-0.0016651252690991752,1,0.0,-0.0016651252690991752,-0.0016651252690991752,1.837582858636522,0.6446049176414413
2015-06-09,0.013609405454950698,1,0.0,0.013609405454950698,0.013609405454950698,1.862762218240096,0.6534375746001427
2015-06-10,0.0014602539785637761,0,0.0005,-0.0005,0.0014602539785637761,1.8618310699374507,0.6543924564335158
2015-06-11,-0.008241804895103755,1,0.0005,-0.008741804895103756,-0.008241804895103755,1.8456262389085119,0.649021246120792
2015-06-12,-0.004977886385236239,0,0.0005,-0.0005,-0.004977886385236239,1.844703656453892,0.6457985199331577
2015-06-15,0.0054375508382848966,1,0.0005,0.004937550838284897,0.0054375508382848966,1.853834497985965,0.6493196466937211
2015-06-16,0.0027535584171828166,1,0.0,0.0027535584171828166,0.0027535584171828166,1.8589461739914408,0.6511100501312956
2015-06-17,0.01446860855850754,1,0.0,0.01446860855850754,0.01446860855850754,1.8860380568204635,0.6605991883504411
2015-06-18,-0.007253635938699917,0,0.0005,-0.0005,-0.007253635938699917,1.885095273507523,0.6558247791835754
2015-06-19,0.007343974255758505,0,0.0,0.0,0.007343974255758505,1.885095273507523,0.6606588684650269
2015-06-22,0.0008126778179902578,1,0.0005,0.0003126778179902578,0.0008126778179902578,1.885684793144401,0.6611959894962992
2015-06-23,-0.005158149077492333,1,0.0,-0.005158149077492333,-0.005158149077492333,1.8759831925297938,0.6577942229649074
2015-06-24,-0.0019980026626729977,1,0.0,-0.0019980026626729977,-0.0019980026626729977,1.8722387150995947,0.6564812604440194
2015-06-25,-0.006658482209762254,1,0.0,-0.006658482209762254,-0.006658482209762254,1.8598138581721155,0.6521246120792545
2015-06-26,-0.023894450379284074,1,0.0,-0.023894450379284074,-0.023894450379284074,1.8159013501270524,0.6367271425161131
2015-06-29,0.0035553929668086393,1,0.0,0.0035553929668086393,0.0035553929668086393,1.8223690838701234,0.6389949868703741
2015-06-30,0.007907385729321915,1,0.0,0.007907385729321915,0.007907385729321915,1.836836383032257,0.6440677966101689
2015-07-01,0.0002779450613158449,1,0.0,0.0002779450613158449,0.0002779450613158449,1.8373469935909204,0.6442468369539263
2015-07-02,-0.0023185727984735213,1,0.0,-0.0023185727984735213,-0.0023185727984735213,1.8330919056020576,0.6427548340892808
2015-07-06,0.0025038265967061487,1,0.0,0.0025038265967061487,0.0025038265967061487,1.8376874006300292,0.644366197183098
2015-07-07,-0.017565620287868827,1,0.0,-0.017565620287868827,-0.017565620287868827,1.8056891389537817,0.6331463356409638
2015-07-08,-0.0005657175334733461,1,0.0,-0.0005657175334733461,-0.0005657175334733461,1.8046679178364546,0.6327882549534488
2015-07-09,0.015163150872665223,1,0.0,0.015163150872665223,0.015163150872665223,1.832240888004285,0.6424564335163517
2015-07-10,0.017404555545203176,1,0.0,0.017404555545203176,0.017404555545203176,1.864409353200087,0.6537359751730717
2015-07-13,0.006551433805962181,0,0.0005,-0.0005,0.006551433805962181,1.8634773815358192,0.6580329434232506
2015-07-14,0.0010877448498176057,0,0.0,0.0,0.0010877448498176057,1.8634773815358192,0.6587491047982804
2015-07-15,0.01403405545185821,0,0.0,0.0,0.01403405545185821,1.8634773815358192,0.6680592026736683
2015-07-16,0.014632460780116813,0,0.0,0.0,0.014632460780116813,1.8634773815358192,0.6779064215803287
2015-07-17,0.003427520163523262,0,0.0,0.0,0.003427520163523262,1.8634773815358192,0.6802339460491756
2015-07-20,-0.0006143314950328883,0,0.0,-0.0,-0.0006143314950328883,1.8634773815358192,0.6798161852470749
2015-07-21,-0.011389343085348114,0,0.0,-0.0,-0.011389343085348114,1.8634773815358192,0.6721174504655041
2015-07-22,-0.0037363267378765067,1,0.0005,-0.004236326737876507,-0.0037363267378765067,1.8555997803066036,0.6696108856528997
2015-07-23,-0.009852296443011707,1,0.0,-0.009852296443011707,-0.009852296443011707,1.8374076255977152,0.6630460730484594
2015-07-24,-0.008315304601013722,1,0.0,-0.008315304601013722,-0.008315304601013722,1.8221923689320998,0.6575555025065641
2015-07-27,0.008585295152984458,1,0.0,0.008585295152984458,0.008585295152984458,1.8379037752715939,0.6632251133922169
2015-07-28,0.0037722336809864953,1,0.0,0.0037722336809864953,0.0037722336809864953,1.8448498707058967,0.6657316782048214
2015-07-29,0.004739981150210132,1,0.0,0.004739981150210132,0.004739981150210132,1.8536151816110886,0.6688947242778699
2015-07-30,-0.0011605589839876456,1,0.0,-0.0011605589839876456,-0.0011605589839876456,1.8514651996909475,0.6681188827882543
2015-07-31,-0.003131293097553397,1,0.0,-0.003131293097553397,-0.003131293097553397,1.845676786829028,0.6660300787777504
2015-08-03,-0.001883493090112113,1,0.0,-0.001883493090112113,-0.001883493090112113,1.8422037391118766,0.6647767963714483
2015-08-04,0.007601878937107082,1,0.0,0.007601878937107082,0.007601878937107082,1.8562613132051085,0.669849606111243
2015-08-05,-0.016076505928079275,1,0.0,-0.016076505928079275,-0.016076505928079275,1.8266577159970085,0.6591668656003812
2015-08-06,-0.001268345884835885,0,0.0005,-0.0005,-0.001268345884835885,1.825744615433174,0.6583313439961798
2015-08-07,0.011357612623797963,1,0.0005,0.010857612623797962,0.011357612623797963,1.845675850227132,0.665851038433993
2015-08-10,-0.01289991277075283,1,0.0,-0.01289991277075283,-0.01289991277075283,1.8220197019271875,0.6573167820482209
2015-08-11,0.0034442162208804168,0,0.0005,-0.0005,0.0034442162208804168,1.8211089197907329,0.659584626402482
2015-08-12,-0.001629992210930953,0,0.0,-0.0,-0.001629992210930953,1.8211089197907329,0.6585103843399374
2015-08-13,0.0015395067564061525,1,0.0005,0.0010395067564061525,0.0015395067564061525,1.8230029590797716,0.6595249462878963
2015-08-14,0.008290576458271817,1,0.0,0.008290576458271817,0.008290576458271817,1.8381795288232647,0.6650155168297918
2015-08-17,-0.0051284470673040325,1,0.0,-0.0051284470673040325,-0.0051284470673040325,1.828776654090883,0.6616137502984
2015-08-18,-0.006606657814806041,1,0.0,-0.006606657814806041,-0.006606657814806041,1.8167343759248504,0.6572571019336352
2015-08-19,-0.02808526752470079,1,0.0,-0.02808526752470079,-0.02808526752470079,1.76642074797088,0.63905466698496
2015-08-20,-0.044689506046744334,1,0.0,-0.044689506046744334,-0.044689506046744334,1.6892181975365905,0.6111243733587963
2015-08-21,-0.03923633827535297,1,0.0,-0.03923633827535297,-0.03923633827535297,1.6242228879829363,0.5876104082119832
2015-08-24,-0.003764949753830146,1,0.0,-0.003764949753830146,-0.003764949753830146,1.6181192675426188,0.585402243972308
2015-08-25,0.04913478338075235,1,0.0,0.04913478338075235,0.04913478338075235,1.699610848556591,0.614884220577703
2015-08-26,0.025016879471954766,0,0.0005,-0.0005,0.025016879471954766,1.6987612555482647,0.6304607304846019
2015-08-27,-0.0001893401501442957,0,0.0,-0.0,-0.0001893401501442957,1.6987612555482647,0.6303413702554304
2015-08-28,-0.01248051259090744,0,0.0,-0.0,-0.01248051259090744,1.6987612555482647,0.622523275244688
2015-08-31,-0.03175179083824977,0,0.0,-0.0,-0.03175179083824977,1.6987612555482647,0.6030675578897106
2015-09-01,0.027813454255551703,1,0.0005,0.027313454255551702,0.027813454255551703,1.7457997611402685,0.6200763905466693
2015-09-02,-0.004920652506580053,0,0.0005,-0.0005,-0.004920652506580053,1.7449270794483023,0.6170327047027924
2015-09-03,-0.011968033874317956,0,0.0,-0.0,-0.011968033874317956,1.7449270794483023,0.6096920506087365
2015-09-04,0.027801018270257088,0,0.0,0.0,0.027801018270257088,1.7449270794483023,0.6268799236094528
2015-09-08,-0.011297391578367923,0,0.0,-0.0,-0.011297391578367923,1.7449270794483023,0.619837670088326
2015-09-09,0.010821269110676966,0,0.0,0.0,0.010821269110676966,1.7449270794483023,0.6265815230365236
2015-09-10,0.005509132474753578,0,0.0,0.0,0.005509132474753578,1.7449270794483023,0.6300429696825012
2015-09-11,-0.003035767439112574,0,0.0,-0.0,-0.003035767439112574,1.7449270794483023,0.6281332060157551
2015-09-14,0.011712611464801558,0,0.0,0.0,0.011712611464801558,1.7449270794483023,0.6355335402243967
2015-09-15,0.005618518385491373,0,0.0,0.0,0.005618518385491373,1.7449270794483023,0.639114347099546
2015-09-16,0.0003734478616830945,0,0.0,0.0,0.0003734478616830945,1.7449270794483023,0.6393530675578892
2015-09-17,-0.016754910024268748,0,0.0,-0.0,-0.016754910024268748,1.7449270794483023,0.6287300071616133
2015-09-18,0.0031275199638718812,1,0.0005,0.002627519963871881,0.0031275199638718812,1.7495179388311721,0.6306994509429453
2015-09-21,-0.015063684593146833,1,0.0,-0.015063684593146833,-0.015063684593146833,1.7233612550371402,0.6212699928383857
2015-09-22,0.0007681966961223688,1,0.0,0.0007681966961223688,0.0007681966961223688,1.724685644090003,0.6217474337550724
2015-09-23,-0.003654201585257305,1,0.0,-0.003654201585257305,-0.003654201585257305,1.7183947960889066,0.6194795894008112
2015-09-24,-0.008513983318244765,1,0.0,-0.008513983318244765,-0.008513983318244765,1.7038265165074207,0.614227739317259
2015-09-25,-0.02898182142811908,1,0.0,-0.02898182142811908,-0.02898182142811908,1.6551552188147292,0.596681785629028
2015-09-28,-0.005114074821101826,1,0.0,-0.005114074821101826,-0.005114074821101826,1.6467122386027315,0.5936380997851511
2015-09-29,0.022564448230296286,1,0.0,0.022564448230296286,0.022564448230296286,1.6842917779777007,0.6071854857961322
2015-09-30,0.004706813945514676,1,0.0,0.004706813945514676,0.004706813945514676,1.6922381122948749,0.6100501312962516
2015-10-01,0.017359695024908386,0,0.0005,-0.0005,0.017359695024908386,1.691392204733241,0.6207328718071135
2015-10-02,0.014223904551079308,0,0.0,0.0,0.014223904551079308,1.691392204733241,0.6296252088804006
2015-10-05,-0.004750602758597865,0,0.0,-0.0,-0.004750602758597865,1.691392204733241,0.6266412031511096
2015-10-06,0.005982071677547469,0,0.0,0.0,0.005982071677547469,1.691392204733241,0.6304010503700163
2015-10-07,0.00396825917562067,0,0.0,0.0,0.00396825917562067,1.691392204733241,0.6329076151826207
2015-10-08,0.004515954612414831,0,0.0,0.0,0.004515954612414831,1.691392204733241,0.6357722606827401
2015-10-09,0.0024376535603477306,0,0.0,0.0,0.0024376535603477306,1.691392204733241,0.6373239436619715
2015-10-12,-0.006482243563516525,0,0.0,-0.0,-0.006482243563516525,1.691392204733241,0.6332060157555498
2015-10-13,-0.0016035470115325974,1,0.0005,-0.0021035470115325977,-0.0016035470115325974,1.6878380212222748,0.632191453807591
2015-10-14,0.01629249521922078,1,0.0,0.01629249521922078,0.01629249521922078,1.715562350089704,0.6425757937455236
2015-10-15,0.0041707275806213175,0,0.0005,-0.0005,0.0041707275806213175,1.7147047833242164,0.6452613989018855
2015-10-16,0.005717990309527741,1,0.0005,0.005217990309527741,0.005717990309527741,1.7236754804184857,0.6489615660062064
2015-10-19,-0.0051632052744936445,1,0.0,-0.0051632052744936445,-0.0051632052744936445,1.7147987260591484,0.6456194795894005
2015-10-20,-0.006119629668441597,1,0.0,-0.006119629668441597,-0.006119629668441597,1.7043368369927863,0.6416805920267363
2015-10-21,0.020163644054560156,1,0.0,0.020163644054560156,0.020163644054560156,1.739051287076624,0.6547505371210309
2015-10-22,0.02759849754963654,1,0.0,0.02759849754963654,0.02759849754963654,1.7877149225822773,0.6730723322988776
2015-10-23,0.0006204848845084816,0,0.0005,-0.0005,0.0006204848845084816,1.786821288548112,0.6734900931009783
2015-10-26,0.0020360295618448983,0,0.0,0.0,0.0020360295618448983,1.786821288548112,0.6748627357364522
2015-10-27,0.008278338778046164,1,0.0005,0.007778338778046163,0.008278338778046164,1.8007739839142385,0.6804726665075193
2015-10-28,-0.0015799178218388384,1,0.0,-0.0015799178218388384,-0.0015799178218388384,1.797931155313076,0.6793984244449744
2015-10-29,-0.0044900370367399346,1,0.0,-0.0044900370367399346,-0.0044900370367399346,1.7898764742764484,0.6763547386010976
2015-10-30,0.011231143763750824,1,0.0,0.011231143763750824,0.011231143763750824,1.8100921443291604,0.6839937932680826
2015-11-02,0.0034840205958822463,1,0.0,0.0034840205958822463,0.0034840205958822463,1.8164095412206331,0.6863809978515154
2015-11-03,8.694518111803747e-05,1,0.0,8.694518111803747e-05,8.694518111803747e-05,1.8165674761429198,0.6864406779661012
2015-11-04,-0.0026988219924318833,1,0.0,-0.0026988219924318833,-0.0026988219924318833,1.8116714935520286,0.6845905944139408
2015-11-05,0.0006971677842291247,1,0.0,0.0006971677842291247,0.0006971677842291247,1.8129349729303232,0.6850680353306273
2015-11-06,-0.010684985173850551,1,0.0,-0.010684985173850551,-0.010684985173850551,1.7936669124113318,0.6777870613511573
2015-11-09,-0.0025567569581452848,1,0.0,-0.0025567569581452848,-0.0025567569581452848,1.7890867996650144,0.6760563380281684
2015-11-10,-0.0012366400303999397,1,0.0,-0.0012366400303999397,-0.0012366400303999397,1.7868757107529991,0.675220816423967
2015-11-11,-0.009770039523101796,1,0.0,-0.009770039523101796,-0.009770039523101796,1.7695028693014498,0.668656003819527
2015-11-12,-0.01983118893219221,1,0.0,-0.01983118893219221,-0.01983118893219221,1.734757186398351,0.6555263786106466
2015-11-13,0.014282083132953765,1,0.0,0.014282083132953765,0.014282083132953765,1.7597109041196672,0.664955836715206
2015-11-16,0.0006280561868105382,1,0.0,0.0006280561868105382,0.0006280561868105382,1.7608164485756745,0.6653735975173066
2015-11-17,0.019012655150437537,0,0.0005,-0.0005,0.019012655150437537,1.7599362604167639,0.678145142038672
2015-11-18,0.0007037917067137724,0,0.0,0.0,0.0007037917067137724,1.7599362604167639,0.6786225829553587
2015-11-19,0.006748787611564119,0,0.0,0.0,0.006748787611564119,1.7599362604167639,0.6832179517784669
2015-11-20,-0.002886762272390943,0,0.0,-0.0,-0.002886762272390943,1.7599362604167639,0.6812485079971348
2015-11-23,-0.0008764242454076153,1,0.0005,-0.0013764242454076155,-0.0008764242454076153,1.7575155078510012,0.6806517068512765
2015-11-24,0.0008764242454076204,1,0.0,0.0008764242454076204,0.0008764242454076204,1.7590565122419273,0.6812485079971348
2015-11-25,0.001400683061882571,1,0.0,0.001400683061882571,0.001400683061882571,1.7615221192674086,0.682203389830508
2015-11-27,-0.0025401844342512834,1,0.0,-0.0025401844342512834,-0.0025401844342512834,1.7570532065337234,0.6804726665075191
2015-11-30,0.009948594140539217,0,0.0005,-0.0005,0.009948594140539217,1.7561748995255069,0.6872761995703026
2015-12-01,-0.006184419345399409,0,0.0,-0.0,-0.006184419345399409,1.7561748995255069,0.6830389114347093
2015-12-02,-0.01709593981559521,1,0.0005,-0.01759593981559521,-0.01709593981559521,1.7255436349578925,0.6714609692050603
2015-12-03,0.02310667266468293,1,0.0,0.02310667266468293,0.02310667266468293,1.76587942519822,0.6871568393411308
2015-12-04,-0.004526470124072066,0,0.0005,-0.0005,-0.004526470124072066,1.7649967061837646,0.6840534733826682
2015-12-07,8.72410033267414e-05,1,0.0005,-0.0004127589966732586,8.72410033267414e-05,1.7642683382447395,0.684113153497254
2015-12-08,-0.01529565685346261,0,0.0005,-0.0005,-0.01529565685346261,1.7633864245724085,0.6737288135593213
2015-12-09,0.004507498020196069,1,0.0005,0.004007498020196069,0.004507498020196069,1.7704673711407117,0.6767724994031982
2015-12-10,-0.0232848737610702,1,0.0,-0.0232848737610702,-0.0232848737610702,1.7297185189477904,0.6611959894962991
2015-12-11,0.00755331349405914,1,0.0,0.00755331349405914,0.00755331349405914,1.7428330920673512,0.6662091191215078
2015-12-14,0.0060730739483038955,0,0.0005,-0.0005,0.0060730739483038955,1.7419618933391494,0.6702673669133437
2015-12-15,0.014760089431908891,0,0.0,0.0,0.014760089431908891,1.7419618933391494,0.6802339460491756
2015-12-16,-0.014671054129352658,0,0.0,-0.0,-0.014671054129352658,1.7419618933391494,0.6703270470279294
2015-12-17,-0.02241822447724638,0,0.0,-0.0,-0.02241822447724638,1.7419618933391494,0.6554666984960603
2015-12-18,0.011046834540181886,1,0.0005,0.010546834540181885,0.011046834540181886,1.7604313029023384,0.6627476724755303
2015-12-21,0.006552103501115712,1,0.0,0.006552103501115712,0.006552103501115712,1.7720037013815704,0.6671043208402953
2015-12-22,0.0073978678673820636,0,0.0005,-0.0005,0.0073978678673820636,1.7711179209944303,0.6720577703509183
2015-12-23,-0.0001776198938950095,0,0.0,-0.0,-0.0001776198938950095,1.7711179209944303,0.6719384101217466
2015-12-24,-0.0005330490531334694,0,0.0,-0.0,-0.0005330490531334694,1.7711179209944303,0.6715803294342317
2015-12-28,0.01560671803885934,1,0.0005,0.01510671803885934,0.01560671803885934,1.798076817569616,0.6821437097159219
2015-12-29,-0.009052221588142773,0,0.0005,-0.0005,-0.009052221588142773,1.7971780038829783,0.6759966579135824
2015-12-30,-0.012526259819180256,0,0.0,-0.0,-0.012526259819180256,1.7971780038829783,0.6675817617569818
2015-12-31,-0.021323540136886362,1,0.0005,-0.021823540136886362,-0.021323540136886362,1.7583820894354387,0.6534972547147283
2016-01-04,-0.0017366669508114304,1,0.0,-0.0017366669508114304,-0.0017366669508114304,1.7553310154902995,0.6523633325375977
2016-01-05,-0.009652140936912246,1,0.0,-0.009652140936912246,-0.009652140936912246,1.7384698173724256,0.6460969205060867
2016-01-06,-0.0318142535225181,1,0.0,-0.0318142535225181,-0.0318142535225181,1.684032234877575,0.6258653616614936
2016-01-07,-0.008234439481272017,1,0.0,-0.008234439481272017,-0.008234439481272017,1.6702221107048398,0.6207328718071132
2016-01-08,0.003071904114836071,1,0.0,0.003071904114836071,0.003071904114836071,1.6753607615598107,0.6226426354738593
2016-01-11,0.011531075497643956,1,0.0,0.011531075497643956,0.011531075497643956,1.6947912851051707,0.6298639293387436
2016-01-12,-0.035098087748842675,0,0.0005,-0.0005,-0.035098087748842675,1.693944101276225,0.6081403676295052
2016-01-13,0.02107180942108869,1,0.0005,0.020571809421088688,0.02107180942108869,1.729152505112168,0.621090952494628
2016-01-14,-0.03152864733004888,0,0.0005,-0.0005,-0.03152864733004888,1.7282881449676555,0.6018142754834082
2016-01-15,0.002179297544043425,1,0.0005,0.001679297544043425,0.002179297544043425,1.731192893290636,0.6031272380042962
2016-01-19,-0.0030721990369701403,1,0.0,-0.0030721990369701403,-0.0030721990369701403,1.7258824856425052,0.6012771544521358
2016-01-20,0.0009920635734284695,0,0.0005,-0.0005,0.0009920635734284695,1.7250197600990433,0.6018739555979941
2016-01-21,0.02854264721696627,0,0.0,0.0,0.02854264721696627,1.7250197600990433,0.6193005490570536
2016-01-22,-0.01495173484826423,0,0.0,-0.0,-0.01495173484826423,1.7250197600990433,0.6101098114108373
2016-01-25,0.008959062748338043,0,0.0,0.0,0.008959062748338043,1.7250197600990433,0.6156003819527327
2016-01-26,-0.025230808773442144,0,0.0,-0.0,-0.025230808773442144,1.7250197600990433,0.6002625925041769
2016-01-27,0.014019382540452457,1,0.0005,0.013519382540452457,0.014019382540452457,1.7484993190760998,0.6087371687753633
2016-01-28,0.02066730525753339,1,0.0,0.02066730525753339,0.02066730525753339,1.7850120989744533,0.621449033182143
2016-01-29,0.0026853377602144416,0,0.0005,-0.0005,0.0026853377602144416,1.7841198160142955,0.623120076390546
2016-02-01,-0.02188313503838779,0,0.0,-0.0,-0.02188313503838779,1.7841198160142955,0.6096323704941508
2016-02-02,-0.004808409244874705,0,0.0,-0.0,-0.004808409244874705,1.7841198160142955,0.6067080448794455
2016-02-03,-9.837194440067792e-05,1,0.0005,-0.000598371944400678,-9.837194440067792e-05,1.7830525681083895,0.6066483647648598
2016-02-04,-0.035344320684067045,1,0.0,-0.035344320684067045,-0.035344320684067045,1.7211324936821957,0.5855812843160654
2016-02-05,-0.015405460264027917,1,0.0,-0.015405460264027917,-0.015405460264027917,1.694820847325456,0.5766292671281924
2016-02-08,-0.003109777565749864,1,0.0,-0.003109777565749864,-0.003109777565749864,1.689558518054108,0.5748388636906178
2016-02-09,0.0038340029349452805,1,0.0,0.0038340029349452805,0.0038340029349452805,1.6960487241554372,0.5770470279302932
2016-02-10,-0.0014489756209327533,1,0.0,-0.0014489756209327533,-0.0014489756209327533,1.6935929704954749,0.5762115063260916
2016-02-11,0.015110530606877892,0,0.0005,-0.0005,0.015110530606877892,1.6927463856740697,0.5849844831702071
2016-02-12,0.022296005555373435,1,0.0005,0.021796005555373435,0.022296005555373435,1.7300465155627016,0.5981737884936734
2016-02-16,0.02239525354168793,0,0.0005,-0.0005,0.02239525354168793,1.7291817085246965,0.6117211745046545
2016-02-17,-0.0114802811182367,0,0.0,-0.0,-0.0114802811182367,1.7291817085246965,0.6047386010981135
2016-02-18,0.002956249689448816,0,0.0,0.0,0.002956249689448816,1.7291817085246965,0.606529004535688
2016-02-19,0.01610497938871207,1,0.0005,0.015604979388712071,0.01610497938871207,1.7563771940668913,0.6163762234423484
2016-02-22,-0.016597081165288168,0,0.0005,-0.0005,-0.016597081165288168,1.7554992249804207,0.606230603962759
2016-02-23,0.009503819145290764,0,0.0,0.0,0.009503819145290764,1.7554992249804207,0.6120195750775835
2016-02-24,0.009800670364947221,0,0.0,0.0,0.009800670364947221,1.7554992249804207,0.6180472666507514
2016-02-25,-0.0012560994936245747,0,0.0,-0.0,-0.0012560994936245747,1.7554992249804207,0.6172714251611358
2016-02-26,-0.009032256811249454,0,0.0,-0.0,-0.009032256811249454,1.7554992249804207,0.6117211745046544
2016-02-29,0.031593198420220354,1,0.0005,0.031093198420220354,0.031593198420220354,1.8109407716057335,0.6313559322033891
2016-03-01,0.0003780361069498565,0,0.0005,-0.0005,0.0003780361069498565,1.810035527549804,0.6315946526617324
2016-03-02,-0.0018916112705622918,0,0.0,-0.0,-0.0018916112705622918,1.810035527549804,0.630401050370016
2016-03-03,0.00037860861786857987,1,0.0005,-0.00012139138213142014,0.00037860861786857987,1.8098158181710902,0.6306397708283593
2016-03-04,-0.006170222243226191,1,0.0,-0.006170222243226191,-0.006170222243226191,1.798683232935818,0.626760563380281
2016-03-07,-0.008318640502732157,1,0.0,-0.008318640502732157,-0.008318640502732157,1.7837826957747616,0.6215683934113146
2016-03-08,0.006412425667039125,1,0.0,0.006412425667039125,0.006412425667039125,1.795257822094196,0.6255669610885646
2016-03-09,-0.0015275924299584518,1,0.0,-0.0015275924299584518,-0.0015275924299584518,1.792517493420898,0.6246120792551915
2016-03-10,0.01733408308323054,1,0.0,0.01733408308323054,0.01733408308323054,1.823860002621741,0.6355335402243965
2016-03-11,0.0016888726100991425,0,0.0005,-0.0005,0.0016888726100991425,1.8229483005649383,0.6366077822869413
2016-03-14,-0.00037505860730340304,0,0.0,-0.0,-0.00037505860730340304,1.8229483005649383,0.636369061828598
2016-03-15,0.008869858815008368,1,0.0005,0.008369858815008367,0.008869858815008368,1.838270151886906,0.6420386727142509
2016-03-16,-0.0005578800702570945,1,0.0,-0.0005578800702570945,-0.0005578800702570945,1.8372449036147995,0.6416805920267359
2016-03-17,-0.00139606332879519,1,0.0,-0.00139606332879519,-0.00139606332879519,1.8346817829345334,0.6407853903079487
2016-03-18,0.0039040763474929964,0,0.0005,-0.0005,0.0039040763474929964,1.8337646713400715,0.6432919551205531
2016-03-21,0.003056831614709714,1,0.0005,0.002556831614709714,0.003056831614709714,1.8384592979530139,0.6452613989018852
2016-03-22,-0.008265661176192596,1,0.0,-0.008265661176192596,-0.008265661176192596,1.8233258464622795,0.6399498687037471
2016-03-23,0.0002797333227247582,1,0.0,0.0002797333227247582,0.0002797333227247582,1.8238359628046636,0.6401289090475045
2016-03-24,-0.0013994497782408924,1,0.0,-0.0013994497782408924,-0.0013994497782408924,1.821285381092742,0.6392337073287172
2016-03-28,0.01593068793143206,1,0.0,0.01593068793143206,0.01593068793143206,1.850532051389442,0.6494986870374783
2016-03-29,0.004858160707723928,0,0.0005,-0.0005,0.004858160707723928,1.8496070166417058,0.6526617331105268
2016-03-30,-0.0014641291048894242,0,0.0,-0.0,-0.0014641291048894242,1.8496070166417058,0.6517068512771537
2016-03-31,0.010566686038280631,1,0.0005,0.01006668603828063,0.010566686038280631,1.8683204629347723,0.6586297445691088
2016-04-01,-0.0038129869165710777,1,0.0,-0.0038129869165710777,-0.0038129869165710777,1.8612101458413273,0.6561231797565044
2016-04-04,-0.00968840408930368,1,0.0,-0.00968840408930368,-0.00968840408930368,1.8432650598435847,0.6497970876104074
2016-04-05,0.01630644193348338,1,0.0,0.01630644193348338,0.01630644193348338,1.8735685541227913,0.6604798281212693
2016-04-06,-0.01447124229930626,1,0.0,-0.01447124229930626,-0.01447124229930626,1.8466509251261776,0.6509906899021238
2016-04-07,-0.0007336757482440227,1,0.0,-0.0007336757482440227,-0.0007336757482440227,1.8452965790131404,0.6505132489854373
2016-04-08,-0.003676474729308637,1,0.0,-0.003676474729308637,-0.003676474729308637,1.8385248484479546,0.6481260444020045
2016-04-11,0.008344461787832849,1,0.0,0.008344461787832849,0.008344461787832849,1.8539305354837525,0.6535569348293142
2016-04-12,0.012703192328982456,1,0.0,0.012703192328982456,0.012703192328982456,1.877631592461903,0.661912150871329
2016-04-13,9.015913092720354e-05,0,0.0005,-0.0005,9.015913092720354e-05,1.8766930113305087,0.6619718309859149
2016-04-14,-0.0025275333910745163,1,0.0005,-0.0030275333910745163,-0.0025275333910745163,1.8710198527457609,0.660300787777512
2016-04-15,0.0053184422474352,1,0.0,0.0053184422474352,0.0053184422474352,1.8809972724232735,0.6638219145380754
2016-04-18,-0.006132222300482658,1,0.0,-0.006132222300482658,-0.006132222300482658,1.86949787347292,0.6597636667462395
2016-04-19,0.0008137800530474868,0,0.0005,-0.0005,0.0008137800530474868,1.8685633581844747,0.660300787777512
2016-04-20,9.03791405559673e-05,1,0.0005,-0.00040962085944403273,9.03791405559673e-05,1.8677981123967882,0.6603604678920979
2016-04-21,-0.015207687342106405,1,0.0,-0.015207687342106405,-0.015207687342106405,1.8396081182919293,0.6503938887562659
2016-04-22,0.0,1,0.0,0.0,0.0,1.8396081182919293,0.6503938887562659
2016-04-25,-0.004875141882068956,1,0.0,-0.004875141882068956,-0.004875141882068956,1.8306615932167345,0.6472308426832174
2016-04-26,-0.008054480427786958,1,0.0,-0.008054480427786958,-0.008054480427786958,1.815975787904622,0.6420386727142511
2016-04-27,-0.012157635953483759,1,0.0,-0.012157635953483759,-0.012157635953483759,1.7940314811164086,0.6342802578180945
2016-04-28,-0.005283031155524336,1,0.0,-0.005283031155524336,-0.005283031155524336,1.7845785489614858,0.6309381714012885
2016-04-29,0.009414492431225146,0,0.0005,-0.0005,0.009414492431225146,1.7836864827221497,0.6369061828598706
2016-05-02,-0.009319907422878346,1,0.0005,-0.009819907422878346,-0.009319907422878346,1.766256566735587,0.6309978515158744
2016-05-03,-0.006452247453425762,0,0.0005,-0.0005,-0.006452247453425762,1.7653736591974978,0.6269396037240387
2016-05-04,-0.00028561908129616417,1,0.0005,-0.0007856190812961642,-0.00028561908129616417,1.7639872926145403,0.6267605633802812
2016-05-05,0.005318151185756993,1,0.0,0.005318151185756993,0.005318151185756993,1.7733934331959929,0.6301026497970872
2016-05-06,0.002837417963430264,0,0.0005,-0.0005,0.002837417963430264,1.772506958116633,0.6318930532346617
2016-05-09,0.01360182313453258,0,0.0,0.0,0.01360182313453258,1.772506958116633,0.6405466698496056
2016-05-10,-0.009078634118613997,0,0.0,-0.0,-0.009078634118613997,1.772506958116633,0.6347576987347812
2016-05-11,-0.004428746932455982,0,0.0,-0.0,-0.004428746932455982,1.772506958116633,0.6319527333492476
2016-05-12,-0.003689866526241916,1,0.0005,-0.004189866526241916,-0.003689866526241916,1.7650959270025905,0.6296252088804006
2016-05-13,0.01243422199550293,1,0.0,0.01243422199550293,0.01243422199550293,1.7871805395489733,0.6375029840057287
2016-05-16,-0.01262381342653819,1,0.0,-0.01262381342653819,-0.01262381342653819,1.7647613116609786,0.6295058486512289
2016-05-17,0.0035961049447554494,0,0.0005,-0.0005,0.0035961049447554494,1.7638791515635508,0.63177369300549
2016-05-18,-0.00520908503733562,1,0.0005,-0.00570908503733562,-0.00520908503733562,1.7538377064975135,0.6284912867032699
2016-05-19,0.010954873934009046,1,0.0,0.010954873934009046,0.010954873934009046,1.7731564012039718,0.6354141799952251
2016-05-20,-0.0013157896635199685,1,0.0,-0.0013157896635199685,-0.0013157896635199685,1.7708248346014683,0.6345786583910237
2016-05-23,0.019833975749919824,1,0.0,0.019833975749919824,0.019833975749919824,1.8062979550538443,0.6472905227978033
2016-05-24,0.00716585519258971,0,0.0005,-0.0005,0.00716585519258971,1.8053950318259353,0.6519455717354973
2016-05-25,0.00292504778937315,0,0.0,0.0,0.00292504778937315,1.8053950318259353,0.6538553354022435
2016-05-26,0.00518914178197509,1,0.0005,0.00468914178197509,0.00518914178197509,1.813880664721982,0.6572571019336352
2016-05-27,0.0019050216674321144,1,0.0,0.0019050216674321144,0.0019050216674321144,1.8173394401654728,0.6585103843399375
2016-05-31,9.062485846056668e-05,1,0.0,9.062485846056668e-05,9.062485846056668e-05,1.8175041437580197,0.6585700644545232
2016-06-01,0.0020821082070414804,1,0.0,0.0020821082070414804,0.0020821082070414804,1.8212923263866045,0.659942707089997
2016-06-02,-0.0047135692781741225,1,0.0,-0.0047135692781741225,-0.0047135692781741225,1.8127277395741517,0.6568393411315344
2016-06-03,0.0036277928414286363,1,0.0,0.0036277928414286363,0.0036277928414286363,1.8193158832760383,0.6592265457149671
2016-06-06,-0.0025380724284708887,1,0.0,-0.0025380724284708887,-0.0025380724284708887,1.814704182684718,0.6575555025065642
2016-06-07,0.0017229657402222153,1,0.0,0.0017229657402222153,0.0017229657402222153,1.817833550943114,0.6586894246836948
2016-06-08,-0.0016322092851071472,1,0.0,-0.0016322092851071472,-0.0016322092851071472,1.814868886277265,0.65761518262115
2016-06-09,-0.011408876544157268,1,0.0,-0.011408876544157268,-0.011408876544157268,1.7942809372088686,0.6501551682979225
2016-06-10,-0.008388305626634856,1,0.0,-0.008388305626634856,-0.008388305626634856,1.7792929102870763,0.6447242778706128
2016-06-13,0.0,1,0.0,0.0,0.0,1.7792929102870763,0.6447242778706128
2016-06-14,-0.0028736983854954633,1,0.0,-0.0028736983854954633,-0.0028736983854954633,1.7741870989181139,0.6428741943184524
2016-06-15,0.0029662609810166564,1,0.0,0.0029662609810166564,0.0029662609810166564,1.7794576138796234,0.6447839579851986
2016-06-16,-0.014450444897122492,1,0.0,-0.014450444897122492,-0.014450444897122492,1.753928557034812,0.6355335402243966
2016-06-17,0.006271960649115634,1,0.0,0.006271960649115634,0.006271960649115634,1.7649636977354726,0.6395321079016465
2016-06-20,0.0031678028913096176,1,0.0,0.0031678028913096176,0.0031678028913096176,1.7705636198820764,0.6415612317975644
2016-06-21,-0.002421534199958989,1,0.0,-0.002421534199958989,-0.002421534199958989,1.76628132647585,0.640009548818333
2016-06-22,0.01416624773800029,1,0.0,0.01416624773800029,0.01416624773800029,1.7914809761355668,0.6491406063499635
2016-06-23,-0.04206008097263733,0,0.0005,-0.0005,-0.04206008097263733,1.7905854595453032,0.6224039150155162
2016-06-24,-0.020048126792988098,0,0.0,-0.0,-0.020048126792988098,1.7905854595453032,0.6100501312962514
2016-06-27,0.02167686966801917,1,0.0005,0.02117686966801917,0.02167686966801917,1.8289088065175472,0.6234184769634751
2016-06-28,0.017555131292361213,1,0.0,0.017555131292361213,0.017555131292361213,1.8612990160911398,0.6344592981618518
2016-06-29,0.011503517081018254,0,0.0005,-0.0005,0.011503517081018254,1.8603685992066992,0.6417999522559077
2016-06-30,0.00500882227041138,0,0.0,0.0,0.00500882227041138,1.8603685992066992,0.645022678443542
2016-07-01,-0.006125309174630054,0,0.0,-0.0,-0.006125309174630054,1.8603685992066992,0.6410837908808779
2016-07-05,0.008158769529631604,0,0.0,0.0,0.008158769529631604,1.8603685992066992,0.6463356409644301
2016-07-06,0.0029503985997544387,0,0.0,0.0,0.0029503985997544387,1.8603685992066992,0.6482454046311764
2016-07-07,0.015348373652757395,0,0.0,0.0,0.015348373652757395,1.8603685992066992,0.658271663881594
2016-07-08,0.005695445491111471,0,0.0,0.0,0.005695445491111471,1.8603685992066992,0.6620315111005006
2016-07-11,0.005035529028911799,0,0.0,0.0,0.005035529028911799,1.8603685992066992,0.6653735975173065
2016-07-12,-0.002424679020062117,0,0.0,-0.0,-0.002424679020062117,1.8603685992066992,0.6637622344234895
2016-07-13,0.006810062161329355,0,0.0,0.0,0.006810062161329355,1.8603685992066992,0.6682979231320118
2016-07-14,-0.0016087231997485147,1,0.0005,-0.0021087231997485145,-0.0016087231997485147,1.8564497301387024,0.667223681069467
2016-07-15,0.0065971532841342575,1,0.0,0.0065971532841342575,0.0065971532841342575,1.8687375011610876,0.6716400095488178
2016-07-18,-0.003649801532343636,1,0.0,-0.003649801532343636,-0.003649801532343636,1.8619294118108471,0.6691931248507991
2016-07-19,0.011615150311028034,1,0.0,0.011615150311028034,0.011615150311028034,1.8836820875396638,0.6770112198615414
2016-07-20,-0.0022945910694395634,1,0.0,-0.0022945910694395634,-0.0022945910694395634,1.879364762585853,0.6754595368823102
2016-07-21,0.004144078584174441,1,0.0,0.004144078584174441,0.004144078584174441,1.887169157694665,0.6782645022678437
2016-07-22,8.798557042304028e-05,1,0.0,8.798557042304028e-05,8.798557042304028e-05,1.8873352086544266,0.6783241823824294
2016-07-25,0.0011431084999420063,1,0.0,0.0011431084999420063,0.0011431084999420063,1.8894938711313325,0.6791000238720452
2016-07-26,0.006918624611514343,1,0.0,0.006918624611514343,0.006918624611514343,1.902611896952527,0.6838147529243248
2016-07-27,0.0034849312147131363,1,0.0,0.0034849312147131363,0.0034849312147131363,1.9092539353430054,0.6862019575077577
2016-07-28,0.0021719308307782265,1,0.0,0.0021719308307782265,0.0021719308307782265,1.9134052093370544,0.6876939603724032
2016-07-29,0.005279797611483013,1,0.0,0.005279797611483013,0.005279797611483013,1.9235343178825337,0.6913344473621381
2016-08-01,-0.007625686866636855,1,0.0,-0.007625686866636855,-0.007625686866636855,1.908921833423481,0.6860825972785859
2016-08-02,0.0033000464164971255,1,0.0,0.0033000464164971255,0.0033000464164971255,1.9152317698944357,0.6883504416328471
2016-08-03,0.002857021120043673,1,0.0,0.002857021120043673,0.002857021120043673,1.9207114515665804,0.6903198854141792
2016-08-04,0.009550513548081284,1,0.0,0.009550513548081284,0.009550513548081284,1.9391431081001576,0.6969443781332051
2016-08-05,-0.0011138243879524874,1,0.0,-0.0011138243879524874,-0.0011138243879524874,1.9369844456232523,0.6961685366435895
2016-08-08,0.0023119417756062633,1,0.0,0.0023119417756062633,0.0023119417756062633,1.9414678215368253,0.6977798997374067
2016-08-09,-0.0025691544490351907,1,0.0,-0.0025691544490351907,-0.0025691544490351907,1.9364862927439668,0.6959894962998321
2016-08-10,0.004278264418991558,1,0.0,0.004278264418991558,0.004278264418991558,1.9447888407320648,0.6989735020291231
2016-08-11,0.0006828269299107297,1,0.0,0.0006828269299107297,0.0006828269299107297,1.9461172484101603,0.6994509429458097
2016-08-12,0.00425713712331869,1,0.0,0.00425713712331869,0.00425713712331869,1.9544197963982581,0.7024349486751006
2016-08-15,-0.005537820329311348,1,0.0,-0.005537820329311348,-0.005537820329311348,1.9436264840137305,0.6985557412270222
2016-08-16,0.0017924975991494311,1,0.0,0.0017924975991494311,0.0017924975991494311,1.9471135541687319,0.6998090236333246
2016-08-17,0.0002558089973447228,1,0.0,0.0002558089973447228,0.0002558089973447228,1.947611707048018,0.6999880639770821
2016-08-18,-0.0002558089973447116,1,0.0,-0.0002558089973447116,-0.0002558089973447116,1.9471135541687319,0.6998090236333246
2016-08-19,0.0007672307609634458,1,0.0,0.0007672307609634458,0.0007672307609634458,1.9486080128065895,0.700346144664597
2016-08-22,0.001787919253684073,1,0.0,0.001787919253684073,0.001787919253684073,1.9520950829615906,0.7015994270708992
2016-08-23,-0.006485771156589972,1,0.0,-0.006485771156589972,-0.006485771156589972,1.9394752100196815,0.6970637383623768
2016-08-24,-0.0016280368618851724,1,0.0,-0.0016280368618851724,-0.0016280368618851724,1.9363202417842043,0.6959298161852463
2016-08-25,0.0014567893231500226,1,0.0,0.0014567893231500226,0.0014567893231500226,1.9391431081001576,0.6969443781332052
2016-08-26,0.0013691598921327876,1,0.0,0.0013691598921327876,0.0013691598921327876,1.9417999234563488,0.6978992599665782
2016-08-29,-0.0032548208605749896,1,0.0,-0.0032548208605749896,-0.0032548208605749896,1.9354899869853945,0.6956314156123171
2016-08-30,-0.0010300430095269704,1,0.0,-0.0010300430095269704,-0.0010300430095269704,1.9334973754682512,0.6949152542372872
2016-08-31,0.002573120898222394,1,0.0,0.002573120898222394,0.002573120898222394,1.9384789042611097,0.6967056576748617
2016-09-01,0.0032498104373566384,1,0.0,0.0032498104373566384,0.0032498104373566384,1.9447888407320644,0.698973502029123
2016-09-02,0.006213579169138495,1,0.0,0.006213579169138495,0.006213579169138495,1.9569105607946868,0.7033301503938877
2016-09-06,0.000593799058886313,1,0.0,0.000593799058886313,0.000593799058886313,1.9580729175130207,0.7037479111959885
2016-09-07,-0.005868611357289519,1,0.0,-0.005868611357289519,-0.005868611357289519,1.9466154012894454,0.6996299832895669
2016-09-08,-0.025486239721164636,1,0.0,-0.025486239721164636,-0.025486239721164636,1.8976303681596676,0.68202434948675
2016-09-09,0.017779402466102604,0,0.0005,-0.0005,0.017779402466102604,1.896681790139855,0.694258772976843
2016-09-12,-0.00898028658381269,0,0.0,-0.0,-0.00898028658381269,1.896681790139855,0.6880520410599178
2016-09-13,0.004759235392543956,0,0.0,0.0,0.004759235392543956,1.896681790139855,0.6913344473621379
2016-09-14,0.015419185048387997,0,0.0,0.0,0.015419185048387997,1.896681790139855,0.7020768679875854
2016-09-15,-0.0029796131523805525,0,0.0,-0.0,-0.0029796131523805525,1.896681790139855,0.6999880639770818
2016-09-16,-0.004357677678022153,0,0.0,-0.0,-0.004357677678022153,1.896681790139855,0.696944378133205
2016-09-19,0.0018821119423646443,1,0.0005,0.0013821119423646443,0.0018821119423646443,1.899305029080223,0.6982573406540931
2016-09-20,0.009781068835160691,1,0.0,0.009781068835160691,0.009781068835160691,1.9179734118446867,0.7051205538314623
2016-09-21,0.007924506146987557,1,0.0,0.007924506146987557,0.007924506146987557,1.9332327855825961,0.7107304846025293
2016-09-22,-0.006402178383437042,0,0.0005,-0.0005,-0.006402178383437042,1.9322664108036325,0.7061947958940069
2016-09-23,-0.008401627898753629,0,0.0,-0.0,-0.008401627898753629,1.9322664108036325,0.7002864645500108
2016-09-26,0.009837257077472057,1,0.0005,0.009337257077472056,0.009837257077472057,1.950392973515569,0.7072093578419659
2016-09-27,0.001686341040436412,1,0.0,0.001686341040436412,0.001686341040436412,1.953684776002515,0.7084029601336822
2016-09-28,-0.007271529461247525,1,0.0,-0.007271529461247525,-0.007271529461247525,1.9395300253086465,0.7032704702793018
2016-09-29,0.007440007264695348,1,0.0,0.007440007264695348,0.007440007264695348,1.9540139562512093,0.7085223203628538
2016-09-30,-0.0014329669076558601,1,0.0,-0.0014329669076558601,-0.0014329669076558601,1.951215924137305,0.7075077584148948
2016-10-03,-0.0015195005456121807,1,0.0,-0.0015195005456121807,-0.0015195005456121807,1.9482533018990535,0.7064335163523501
2016-10-04,0.0035419163356459906,1,0.0,0.0035419163356459906,0.0035419163356459906,1.9551660871216405,0.7089400811649545
2016-10-05,-0.0005052206237473819,1,0.0,-0.0005052206237473819,-0.0005052206237473819,1.9541785463755568,0.7085820004774396
2016-10-06,-0.002192243711033174,1,0.0,-0.002192243711033174,-0.002192243711033174,1.9498992031425266,0.7070303174982083
2016-10-07,0.006310761825112786,1,0.0,0.006310761825112786,0.006310761825112786,1.9622434624685747,0.7115063260921448
2016-10-10,-0.014361993926158598,1,0.0,-0.014361993926158598,-0.014361993926158598,1.9342631413295328,0.7013607066125555
2016-10-11,-0.0008512812295819727,1,0.0,-0.0008512812295819727,-0.0008512812295819727,1.9326172400860597,0.7007639054666973
2016-10-12,-0.003583315838283796,1,0.0,-0.003583315838283796,-0.003583315838283796,1.925704454863473,0.6982573406540928
2016-10-13,0.0011958658638801835,1,0.0,0.0011958658638801835,0.0011958658638801835,1.9280087166043354,0.6990928622582944
2016-10-14,-0.0027355120494729126,1,0.0,-0.0027355120494729126,-0.0027355120494729126,1.9227418326252217,0.6971830985915481
2016-10-17,0.00886319079760398,1,0.0,0.00886319079760398,0.00886319079760398,1.9398592055573416,0.7033898305084734
2016-10-18,-8.485002762725114e-05,1,0.0,-8.485002762725114e-05,-8.485002762725114e-05,1.9396946154329942,0.7033301503938875
2016-10-19,-0.0011886569577508849,1,0.0,-0.0011886569577508849,-0.0011886569577508849,1.9373903536921318,0.702494628789686
2016-10-20,0.0037310312085276948,1,0.0,0.0037310312085276948,0.0037310312085276948,1.9446323191634136,0.7051205538314622
2016-10-21,0.011946970298571587,1,0.0,0.011946970298571587,0.011946970298571587,1.9680041168207305,0.7135951301026485
2016-10-24,-0.0031831154368713453,1,0.0,-0.0031831154368713453,-0.0031831154368713453,1.961749692095533,0.7113272857483873
2016-10-25,-0.006819069232038279,1,0.0,-0.006819069232038279,-0.006819069232038279,1.9484178920234014,0.706493196466936
2016-10-26,-0.0045720171082040545,1,0.0,-0.0045720171082040545,-0.0045720171082040545,1.939530025308647,0.7032704702793018
2016-10-27,-0.006299501550703226,1,0.0,-0.006299501550703226,-0.006299501550703226,1.9273503561069463,0.698854141799951
2016-10-28,-0.0009398095441614749,0,0.0005,-0.0005,-0.0009398095441614749,1.9263869218075393,0.698197660539507
2016-10-31,-0.007550443420595379,1,0.0005,-0.008050443420595379,-0.007550443420595379,1.9109409099304793,0.6929458104559549
2016-11-01,-0.00804189556038837,1,0.0,-0.00804189556038837,-0.00804189556038837,1.8956349496666318,0.6873955597994738
2016-11-02,-0.009859173348129389,1,0.0,-0.009859173348129389,-0.009859173348129389,1.8770373850449673,0.680651706851276
2016-11-03,-0.003513398431844765,1,0.0,-0.003513398431844765,-0.003513398431844765,1.8704541763293343,0.6782645022678432
2016-11-04,0.023479339449748497,1,0.0,0.023479339449748497,0.023479339449748497,1.9148908351598595,0.6943781332060146
2016-11-07,0.006510774305745248,0,0.0005,-0.0005,0.006510774305745248,1.9139336290637454,0.6989138219145369
2016-11-08,0.00460045111932559,0,0.0,0.0,0.00460045111932559,1.9139336290637454,0.7021365481021712
2016-11-09,-0.016281422207028027,0,0.0,-0.0,-0.016281422207028027,1.9139336290637454,0.6907973263308654
2016-11-10,0.000431872172551305,0,0.0,0.0,0.000431872172551305,1.9139336290637454,0.6910957269037945
2016-11-11,-0.010155015011976564,1,0.0005,-0.010655015011976564,-0.010155015011976564,1.8936488964882012,0.6841131534972535
2016-11-14,0.01377539652004119,1,0.0,0.01377539652004119,0.01377539652004119,1.9199151596428399,0.6936022917163989
2016-11-15,0.005919461371768047,0,0.0005,-0.0005,0.005919461371768047,1.9189554420124204,0.6977202196228204
2016-11-16,0.0072442469618386445,0,0.0,0.0,0.0072442469618386445,1.9189554420124204,0.7027930293626151
2016-11-17,-0.0037434108713159417,0,0.0,-0.0,-0.0037434108713159417,1.9189554420124204,0.700167104320839
2016-11-18,0.010345212250441833,0,0.0,0.0,0.010345212250441833,1.9189554420124204,0.707448078300309
2016-11-21,0.0030323473370439703,1,0.0005,0.0025323473370439703,0.0030323473370439703,1.9238210618354274,0.7095965624253985
2016-11-22,-0.004045176593106106,1,0.0,-0.004045176593106106,-0.004045176593106106,1.9160545848826855,0.7067319169252791
2016-11-23,0.0032037798249143694,1,0.0,0.0032037798249143694,0.0032037798249143694,1.922203045803606,0.7089997612795402
2016-11-25,-0.002275313837135428,1,0.0,-0.002275313837135428,-0.002275313837135428,1.9178344025176888,0.7073883981857231
2016-11-28,0.0034530711870386283,1,0.0,0.0034530711870386283,0.0034530711870386283,1.924468268248156,0.7098352828837418
2016-11-29,-0.01218083069423396,1,0.0,-0.01218083069423396,-0.01218083069423396,1.9011688373899305,0.7012413463833838
2016-11-30,-0.017427577620449237,1,0.0,-0.017427577620449237,-0.017427577620449237,1.8683231119439598,0.6891262831224623
2016-12-01,0.001989878235866462,1,0.0,0.001989878235866462,0.001989878235866462,1.8720445488171487,0.6904989257579361
2016-12-02,0.007748639716761098,1,0.0,0.007748639716761098,0.007748639716761098,1.8866066931035397,0.6958701360706598
2016-12-05,0.0023984935260520585,1,0.0,0.0023984935260520585,0.0023984935260520585,1.891137137992639,0.6975411792790629
2016-12-06,0.012583060089564816,1,0.0,0.012583060089564816,0.012583060089564816,1.915083775263593,0.7063738362377642
2016-12-07,0.0017726759379702727,0,0.0005,-0.0005,0.0017726759379702727,1.9141264727215406,0.7076271186440664
2016-12-08,0.007812867901586282,1,0.0005,0.007312867901586282,0.007812867901586282,1.9281755336170903,0.7131773693005478
2016-12-09,-0.004529069219665774,1,0.0,-0.004529069219665774,-0.004529069219665774,1.9194624391555568,0.7099546431129135
2016-12-12,0.012530445463675384,1,0.0,0.012530445463675384,0.012530445463675384,1.943665479326483,0.7189066603007864
2016-12-13,-0.0020775342994121004,0,0.0005,-0.0005,-0.0020775342994121004,1.9426938895045167,0.717414657436141
2016-12-14,0.0015793195585579194,1,0.0005,0.0010793195585579193,0.0015793195585579194,1.9447918089748473,0.7185485796132716
2016-12-15,-0.006666691358189345,1,0.0,-0.006666691358189345,-0.006666691358189345,1.9318696042640509,0.713774170446406
2016-12-16,0.00408862015606067,1,0.0,0.00408862015606067,0.00408862015606067,1.9397844546494138,0.7166984960611112
2016-12-19,0.0038231429545880716,1,0.0,0.0038231429545880716,0.0038231429545880716,1.9472147223581215,0.7194437813320589
2016-12-20,-0.0007468570116050831,1,0.0,-0.0007468570116050831,-0.0007468570116050831,1.945760974328157,0.7189066603007864
2016-12-21,-0.002826504500445412,1,0.0,-0.002826504500445412,-0.002826504500445412,1.9402690373260687,0.7168775364048686
2016-12-22,0.0006657789859776547,1,0.0,0.0006657789859776547,0.0006657789859776547,1.9415612577971484,0.7173549773215552
2016-12-23,0.005144812609487939,1,0.0,0.005144812609487939,0.005144812609487939,1.9515759664480155,0.721055144425876
2016-12-27,-0.007810592262132678,1,0.0,-0.007810592262132678,-0.007810592262132678,1.9363923759128299,0.715445213654809
2016-12-28,-0.0014190911851840137,1,0.0,-0.0014190911851840137,-0.0014190911851840137,1.9336464074117856,0.7144306517068499
2016-12-29,-0.010327981303735101,1,0.0,-0.010327981303735101,-0.010327981303735101,1.9137785176689361,0.7070899976127942
2016-12-30,0.008906873436564761,1,0.0,0.008906873436564761,0.008906873436564761,1.9309004389107411,0.7134160897588911
2017-01-03,0.005422780568589251,1,0.0,0.005422780568589251,0.005422780568589251,1.941399730238263,0.7172952972069693
2017-01-04,0.005641763906668094,1,0.0,0.005641763906668094,0.005641763906668094,1.9523836042424398,0.7213535449988051
2017-01-05,0.008731521700807824,1,0.0,0.008731521700807824,0.008731521700807824,1.9695055254842448,0.727679637144902
2017-01-06,0.0032752014866514814,0,0.0005,-0.0005,0.0032752014866514814,1.9685210188686675,0.7300668417283347
2017-01-09,0.002204712443286063,1,0.0005,0.001704712443286063,0.002204712443286063,1.9718796430752823,0.7316782048221518
2017-01-10,0.002688064177138732,1,0.0,0.002688064177138732,0.002688064177138732,1.9771873125876387,0.733647648603484
2017-01-11,-0.0015467907182987934,1,0.0,-0.0015467907182987934,-0.0015467907182987934,1.974131381656282,0.7325137264263534
2017-01-12,0.00341602609534878,1,0.0,0.00341602609534878,0.00341602609534878,1.9808865973992806,0.735020291238958
2017-01-13,-0.0030087438838781668,1,0.0,-0.0030087438838781668,-0.0030087438838781668,1.9749355740066394,0.7328121269992827
2017-01-17,0.002033926584912525,1,0.0,0.002033926584912525,0.002033926584912525,1.9789565357584242,0.7343041298639281
2017-01-18,-0.00048776523201023256,1,0.0,-0.00048776523201023256,-0.00048776523201023256,1.9779915049379957,0.7339460491764133
2017-01-19,0.002193072397475843,1,0.0,0.002193072397475843,0.002193072397475843,1.9823341436299233,0.7355574122702304
2017-01-20,0.0008110300525662442,1,0.0,0.0008110300525662442,0.0008110300525662442,1.9839425283306373,0.7361542134160886
2017-01-23,0.006706282961381187,1,0.0,0.006706282961381187,0.006706282961381187,1.9972921213465633,0.7411076629267117
2017-01-24,0.010015708099836674,1,0.0,0.010015708099836674,0.010015708099836674,2.0173969301054875,0.7485676772499393
2017-01-25,0.0010358979371693348,1,0.0,0.0010358979371693348,0.0010358979371693348,2.0194878302164154,0.7493435187395548
2017-01-26,0.0019096122925873439,1,0.0,0.0019096122925873439,0.0019096122925873439,2.0233479534981287,0.7507758414896145
2017-01-27,-0.007820644760443226,1,0.0,-0.007820644760443226,-0.007820644760443226,2.007585783431132,0.7449271902602042
2017-01-30,-0.0020048926078956525,1,0.0,-0.0020048926078956525,-0.0020048926078956525,2.0035648216793476,0.7434351873955586
2017-01-31,0.006880027138582237,1,0.0,0.006880027138582237,0.006880027138582237,2.017396930105488,0.7485676772499393
2017-02-01,-0.0008773679525924384,1,0.0,-0.0008773679525924384,-0.0008773679525924384,2.015627706934702,0.7479111959894952
2017-02-02,0.0028685278633749462,1,0.0,0.0028685278633749462,0.0028685278633749462,2.021417891857273,0.7500596801145849
2017-02-03,0.0011927956565106776,1,0.0,0.0011927956565106776,0.0011927956565106776,2.0238304689083435,0.7509548818333721
2017-02-06,0.003649060054202286,1,0.0,0.003649060054202286,0.003649060054202286,2.031229038531628,0.7537001671043199
2017-02-07,0.0016614585094961536,1,0.0,0.0016614585094961536,0.0016614585094961536,2.034606646403127,0.754953449510622
2017-02-08,0.003629768050578731,1,0.0,0.003629768050578731,0.003629768050578731,2.042005216026411,0.7576987347815698
2017-02-09,0.0033026687250660718,1,0.0,0.0033026687250660718,0.0033026687250660718,2.0487604317694097,0.7602052995941743
2017-02-10,0.005636463959468933,1,0.0,0.005636463959468933,0.005636463959468933,2.0603408016145504,0.7645022678443534
2017-02-13,0.0033511312193520723,1,0.0,0.0033511312193520723,0.0033511312193520723,2.0672568558276203,0.7670685127715438
2017-02-14,0.005895603144421325,1,0.0,0.005895603144421325,0.005895603144421325,2.079480579553046,0.771604201480066
2017-02-15,-0.00030942987792332286,1,0.0,-0.00030942987792332286,-0.00030942987792332286,2.0788372256727605,0.7713654810217228
2017-02-16,0.00432332951636459,1,0.0,0.00432332951636459,0.00432332951636459,2.0878441799967584,0.7747075674385288
2017-02-17,0.004918168677834232,1,0.0,0.004918168677834232,0.004918168677834232,2.0981378420813277,0.7785270947720211
2017-02-21,0.00038321518001075935,1,0.0,0.00038321518001075935,0.00038321518001075935,2.0989420344316847,0.7788254953449503
2017-02-22,-0.0037618561886708884,1,0.0,-0.0037618561886708884,-0.0037618561886708884,2.091060949398186,0.775901169730245
2017-02-23,0.0019210825441782337,1,0.0,0.0019210825441782337,0.0019210825441782337,2.095081911149971,0.7773931725948906
2017-02-24,0.0012275588468007436,1,0.0,0.0012275588468007436,0.0012275588468007436,2.0976553266711133,0.7783480544282637
2017-02-27,-0.003071727188733373,1,0.0,-0.003071727188733373,-0.003071727188733373,2.0912217878682577,0.775960849844831
2017-02-28,0.010862188952689913,1,0.0,0.010862188952689913,0.010862188952689913,2.1140608506183955,0.7844354261160175
2017-03-01,-0.0050339515958827755,0,0.0005,-0.0005,-0.0050339515958827755,2.1130040844066555,0.7804965385533533
2017-03-02,0.0018334611706005346,1,0.0005,0.0013334611706005345,0.0018334611706005346,2.1158235727278485,0.7819288613034131
2017-03-03,-0.0022158557299617296,1,0.0,-0.0022158557299617296,-0.0022158557299617296,2.111140403470551,0.7801981379804243
2017-03-06,-0.0016842753943324346,1,0.0,-0.0016842753943324346,-0.0016842753943324346,2.107587654378808,0.7788851754595362
2017-03-07,0.0017607660051472543,1,0.0,0.0017607660051472543,0.0017607660051472543,2.1113018920656303,0.78025781809501
2017-03-08,0.0007645844855995707,1,0.0,0.0007645844855995707,0.0007645844855995707,2.112916778016422,0.7808546192408682
2017-03-09,0.004194796983547528,1,0.0,0.004194796983547528,0.004194796983547528,2.1217986507457787,0.7841370255430882
2017-03-10,0.0016730041925017872,0,0.0005,-0.0005,0.0016730041925017872,2.1207380166010386,0.7854499880639764
2017-03-13,-0.002434386900213448,1,0.0005,-0.002934386900213448,-0.002434386900213448,2.1145240722636003,0.78354022439723
2017-03-14,0.006150594582260625,1,0.0,0.006150594582260625,0.006150594582260625,2.1275697307184216,0.7883743136786815
2017-03-15,-0.0006815342356114453,1,0.0,-0.0006815342356114453,-0.0006815342356114453,2.1261202131123302,0.787837192647409
2017-03-16,-0.0024270015705394046,1,0.0,-0.0024270015705394046,-0.0024270015705394046,2.120966372735117,0.7859274289806629
2017-03-17,0.0009108160022455787,1,0.0,0.0009108160022455787,0.0009108160022455787,2.122899062876572,0.7866435903556928
2017-03-20,-0.015289648819471185,1,0.0,-0.015289648819471185,-0.015289648819471185,2.090687560518988,0.7747075674385288
2017-03-21,0.006756263704041502,0,0.0005,-0.0005,0.006756263704041502,2.0896424780311236,0.779959417522081
2017-03-22,-0.0025282526395836247,1,0.0005,-0.0030282526395836247,-0.0025282526395836247,2.0833240843558727,0.777989973740749
2017-03-23,0.0020690455291109094,1,0.0,0.0020690455291109094,0.0020690455291109094,2.0876390391178856,0.779601336834566
2017-03-24,0.001606303171711403,1,0.0,0.001606303171711403,0.001606303171711403,2.0909951150438966,0.7808546192408683
2017-03-27,0.006095721404955909,1,0.0,0.006095721404955909,0.006095721404955909,2.103780166190603,0.7856290284077337
2017-03-28,0.004623146663269573,1,0.0,0.004623146663269573,0.004623146663269573,2.1135287676899672,0.7892695153974688
2017-03-29,0.001662133957761417,1,0.0,0.001662133957761417,0.001662133957761417,2.1170446567553114,0.7905824779183568
2017-03-30,-0.0006796300053934816,1,0.0,-0.0006796300053934816,-0.0006796300053934816,2.1156063385013066,0.7900453568870844
2017-03-31,-0.0006045035698665836,1,0.0,-0.0006045035698665836,-0.0006045035698665836,2.1143278333866364,0.789567915970398
2017-04-03,0.001586043155634558,1,0.0,0.001586043155634558,0.001586043155634558,2.1176839093126465,0.7908211983767001
2017-04-04,-0.0040834902478067,1,0.0,-0.0040834902478067,-0.0040834902478067,2.1090539997886193,0.7875984721890658
2017-04-05,0.0005302829562540304,1,0.0,0.0005302829562540304,0.0005302829562540304,2.110172691763956,0.7880162329911664
2017-04-06,-0.0005302829562541554,1,0.0,-0.0005302829562541554,-0.0005302829562541554,2.109053999788619,0.7875984721890656
2017-04-07,0.0003788022318868366,1,0.0,0.0003788022318868366,0.0003788022318868366,2.1098530654852885,0.7878968727619949
2017-04-10,-0.0043268750847346524,1,0.0,-0.0043268750847346524,-0.0043268750847346524,2.10074371654326,0.7844951062306031
2017-04-11,-0.00404010154291048,1,0.0,-0.00404010154291048,-0.00404010154291048,2.0922736201585663,0.7813320601575546
2017-04-12,-0.003979800140427063,1,0.0,-0.003979800140427063,-0.003979800140427063,2.0839633369132073,0.7782286941990921
2017-04-13,0.008248099303465923,1,0.0,0.008248099303465923,0.008248099303465923,2.101223155961261,0.7846741465743605
2017-04-17,-0.0015223020141830915,1,0.0,-0.0015223020141830915,-0.0015223020141830915,2.0980268931745845,0.7834805442826442
2017-04-18,0.001598356316992026,1,0.0,0.001598356316992026,0.001598356316992026,2.101382969100595,0.7847338266889464
2017-04-19,0.008330857027799924,1,0.0,0.008330857027799924,0.008330857027799924,2.1189624144273167,0.7912986392933866
2017-04-20,-0.00022628700831991497,1,0.0,-0.00022628700831991497,-0.00022628700831991497,2.1184829750093153,0.7911195989496291
2017-04-21,0.01199774439664589,1,0.0,0.01199774439664589,0.01199774439664589,2.1440530773027286,0.8006684172833604
2017-04-24,0.007204160535041378,1,0.0,0.007204160535041378,0.007204160535041378,2.159554951818111,0.8064573883981849
2017-04-25,-0.0014070428507153415,1,0.0,-0.0014070428507153415,-0.0014070428507153415,2.1565185021707682,0.8053234662210544
2017-04-26,0.005984723614765464,1,0.0,0.005984723614765464,0.005984723614765464,2.1694633664568084,0.8101575555025058
2017-04-27,0.0017663948068227955,1,0.0,0.0017663948068227955,0.0017663948068227955,2.1732988818008208,0.8115898782525655
2017-04-28,0.008858361670917025,1,0.0,0.008858361670917025,0.008858361670917025,2.192636271660214,0.8188111721174495
2017-05-01,0.0016749812749758328,1,0.0,0.0016749812749758328,0.0016749812749758328,2.196311973864893,0.8201838147529236
2017-05-02,-0.0032067661034622295,1,0.0,-0.0032067661034622295,-0.0032067661034622295,2.189280195734204,0.8175578897111475
2017-05-03,0.0003649235525662536,1,0.0,0.0003649235525662536,0.0003649235525662536,2.1900792614308733,0.8178562902840766
2017-05-04,0.0036419298758256307,1,0.0,0.0036419298758256307,0.0036419298758256307,2.198069918397565,0.8208402960133676
2017-05-05,0.002178808327984314,1,0.0,0.002178808327984314,0.002178808327984314,2.2028643125775806,0.8226306994509424
2017-05-08,0.003476249155360909,1,0.0,0.003476249155360909,0.003476249155360909,2.210535343265605,0.8254953449510618
2017-05-09,0.0005782018085341511,1,0.0,0.0005782018085341511,0.0005782018085341511,2.2118138483802756,0.8259727858677484
2017-05-10,-0.0007951137070023246,1,0.0,-0.0007951137070023246,-0.0007951137070023246,2.210055903847603,0.8253163046073042
2017-05-11,0.002239157279235889,1,0.0,0.002239157279235889,0.002239157279235889,2.215010111166952,0.8271663881594646
2017-05-12,0.0031695747612790395,1,0.0,0.0031695747612790395,0.0031695747612790395,2.2220418892976403,0.8297923132012407
2017-05-15,0.00416278502517362,1,0.0,0.00416278502517362,0.00416278502517362,2.2313110513790035,0.8332537598472184
2017-05-16,-0.025754987339488333,1,0.0,-0.025754987339488333,-0.025754987339488333,2.174577386915492,0.8120673191692522
2017-05-17,0.008707478277721491,0,0.0005,-0.0005,0.008707478277721491,2.1734903699989094,0.8191692528049649
2017-05-18,0.0042166547391855975,1,0.0005,0.0037166547391855975,0.0042166547391855975,2.1815835136773107,0.8226306994509424
2017-05-19,0.008380340911017444,0,0.0005,-0.0005,0.008380340911017444,2.1804929945729676,0.8295535927428974
2017-05-22,0.0010066873648033716,0,0.0,0.0,0.0010066873648033716,2.1804929945729676,0.8303891143470987
2017-05-23,0.004589137553487789,0,0.0,0.0,0.004589137553487789,2.1804929945729676,0.8342086416805913
2017-05-24,0.008477343733851115,1,0.0005,0.007977343733851115,0.008477343733851115,2.197957102681628,0.8413105753163039
2017-05-25,0.0017718563053667619,0,0.0005,-0.0005,0.0017718563053667619,2.1968583988291397,0.8428025781809494
2017-05-26,0.0008493771745074925,1,0.0005,0.00034937717450749244,0.0008493771745074925,2.197626065104044,0.8435187395559792
2017-05-30,-0.0003538194849918545,1,0.0,-0.0003538194849918545,-0.0003538194849918545,2.1968486397237186,0.8432203389830502
2017-05-31,0.0038851459882360694,1,0.0,0.0038851459882360694,0.0038851459882360694,2.205400318907299,0.8465027452852703
2017-06-01,0.011356588932335975,1,0.0,0.011356588932335975,0.011356588932335975,2.230588901229844,0.8561709238481732
2017-06-02,-0.00020913939216666406,0,0.0005,-0.0005,-0.00020913939216666406,2.229473885556377,0.8559918835044158
2017-06-05,-0.003981981579295243,1,0.0005,-0.004481981579295243,-0.003981981579295243,2.2195037842650356,0.852590116973024
2017-06-06,0.003912258727602165,1,0.0,0.003912258727602165,0.003912258727602165,2.2282040650937374,0.8559322033898298
2017-06-07,0.0010453326851738386,1,0.0,0.0010453326851738386,0.0010453326851738386,2.2305344974585686,0.8568274051086172
2017-06-08,-0.025323165878208927,1,0.0,-0.025323165878208927,-0.025323165878208927,2.17475948286028,0.8354022439723078
2017-06-09,-0.005372313340199494,0,0.0005,-0.0005,-0.005372313340199494,2.1736723749184836,0.8309262353783713
2017-06-12,0.008083308793820422,1,0.0005,0.007583308793820421,0.008083308793820422,2.1902186622639737,0.8376700883265691
2017-06-13,-0.004355438679805917,1,0.0,-0.004355438679805917,-0.004355438679805917,2.1807000431133536,0.834029601336834
2017-06-14,-0.0044463641814232,0,0.0005,-0.0005,-0.0044463641814232,2.179609965633877,0.8303294342325132
2017-06-15,-0.007068696484359729,0,0.0,-0.0,-0.007068696484359729,2.179609965633877,0.8244807830031029
2017-06-16,0.016582699361448818,1,0.0005,0.016082699361448818,0.016582699361448818,2.2149473762372245,0.8382668894724272
2017-06-19,-0.007862237626681664,1,0.0,-0.007862237626681664,-0.007862237626681664,2.1976012128180233,0.8317020768679871
2017-06-20,0.009853703434210185,0,0.0005,-0.0005,0.009853703434210185,2.1965026868659887,0.8399379326808303
2017-06-21,-0.0002842524180596142,0,0.0,-0.0,-0.0002842524180596142,2.1965026868659887,0.8396992122224869
2017-06-22,0.003830606939842406,0,0.0,0.0,0.003830606939842406,2.1965026868659887,0.8429219384101212
2017-06-23,-0.004683849312426314,1,0.0005,-0.005183849312426315,-0.004683849312426314,2.185145809525433,0.8389830508474572
2017-06-26,-0.01830566891227246,0,0.0005,-0.0005,-0.01830566891227246,2.184053509718378,0.823764621628073
2017-06-27,0.014314216713564682,1,0.0005,0.013814216713564682,0.014314216713564682,2.2144338554269236,0.8356409644306513
2017-06-28,-0.017507021109326483,0,0.0005,-0.0005,-0.017507021109326483,2.213326915257314,0.8211386965862969
2017-06-29,0.00036333248955432515,0,0.0,0.0,0.00036333248955432515,2.213326915257314,0.8214370971592259
2017-06-30,-0.010590611348413565,0,0.0,-0.0,-0.010590611348413565,2.213326915257314,0.8127834805442821
2017-07-03,0.00979110554575044,1,0.0005,0.009291105545750439,0.00979110554575044,2.233986998116794,0.8207806158987819
2017-07-05,-0.009057106687194881,1,0.0,-0.009057106687194881,-0.009057106687194881,2.213844891829694,0.8133802816901402
2017-07-06,0.010728072239999078,1,0.0,0.010728072239999078,0.010728072239999078,2.2377230339603686,0.8221532585342557
2017-07-07,0.0065118528349237745,1,0.0,0.0065118528349237745,0.0065118528349237745,2.2523423046526188,0.8275244688469796
2017-07-10,0.0028086871656294882,1,0.0,0.0028086871656294882,0.0028086871656294882,2.2586773219525935,0.8298519933158266
2017-07-11,0.011796383440369344,1,0.0,0.011796383440369344,0.011796383440369344,2.285479318221718,0.8396992122224867
2017-07-12,0.0022008457287954293,0,0.0005,-0.0005,0.0022008457287954293,2.284336864199914,0.8415492957746472
2017-07-13,0.00784096130368763,1,0.0005,0.007340961303687629,0.00784096130368763,2.3011677947450777,0.8481737884936732
2017-07-14,0.0004924202554565872,0,0.0005,-0.0005,0.0004924202554565872,2.3000174984457447,0.8485915492957739
2017-07-17,0.0066589809021681805,1,0.0005,0.00615898090216818,0.0066589809021681805,2.314226975324321,0.8542611601814266
2017-07-18,0.005851228730705351,1,0.0,0.005851228730705351,0.005851228730705351,2.3278077400251203,0.8592742898066354
2017-07-19,0.0013187577826554578,1,0.0,0.0013187577826554578,0.0013187577826554578,2.3308795796598245,0.8604082119837659
2017-07-20,-0.0004162619735419824,1,0.0,-0.0004162619735419824,-0.0004162619735419824,2.3299095250383393,0.8600501312962512
2017-07-21,0.004569379315681908,1,0.0,0.004569379315681908,0.004569379315681908,2.3405801258746814,0.8639890188589152
2017-07-24,-0.0025590497072263143,1,0.0,-0.0025590497072263143,-0.0025590497072263143,2.33459812237552,0.8617808546192399
2017-07-25,0.0032495620948342708,1,0.0,0.0032495620948342708,0.0032495620948342708,2.3421968835771576,0.8645858200047734
2017-07-26,-0.006301305342730213,1,0.0,-0.006301305342730213,-0.006301305342730213,2.327484388484625,0.8591549295774638
2017-07-27,-0.0008339124875198234,1,0.0,-0.0008339124875198234,-0.0008339124875198234,2.3255442792416536,0.8584387682024339
2017-07-28,-0.004249840931536442,1,0.0,-0.004249840931536442,-0.004249840931536442,2.315682057256549,0.8547982812126989
2017-07-31,0.0023013364876328987,1,0.0,0.0023013364876328987,0.0023013364876328987,2.3210173576747204,0.8567677249940311
2017-08-01,0.002712950778778184,1,0.0,0.002712950778778184,0.002712950778778184,2.327322712714377,0.8590952494628779
2017-08-02,-0.0038978263312370418,1,0.0,-0.0038978263312370418,-0.0038978263312370418,2.318268869580511,0.855753163046072
2017-08-03,0.0018115946983508241,1,0.0,0.0018115946983508241,0.0018115946983508241,2.322472439606949,0.8573048460253033
2017-08-04,0.006314860858674472,1,0.0,0.006314860858674472,0.006314860858674472,2.3371849346994815,0.8627357364526129
2017-08-07,-0.0017308828359866902,1,0.0,-0.0017308828359866902,-0.0017308828359866902,2.333143040443291,0.8612437335879675
2017-08-08,-0.0013174775680939168,1,0.0,-0.0013174775680939168,-0.0013174775680939168,2.3300712008085864,0.8601098114108369
2017-08-09,-0.021673652175743647,1,0.0,-0.021673652175743647,-0.021673652175743647,2.280113387802074,0.8416686560038185
2017-08-10,0.007558401398905986,1,0.0,0.007558401398905986,0.007558401398905986,2.2974126952185685,0.8480544282645011
2017-08-11,0.012796035171524493,1,0.0,0.012796035171524493,0.012796035171524493,2.3269993611738817,0.8589758892337062
2017-08-14,0.0006945409363793315,0,0.0005,-0.0005,0.0006945409363793315,2.325836152319742,0.8595726903795644
2017-08-15,0.0017342448243794996,0,0.0,0.0,0.0017342448243794996,2.325836152319742,0.8610646932442099
2017-08-16,-0.020658274655278773,0,0.0,-0.0,-0.020658274655278773,2.325836152319742,0.843459059441393
2017-08-17,-0.0007078142990870918,1,0.0005,-0.0012078142990870917,-0.0007078142990870918,2.323028669957607,0.8428622582955347
2017-08-18,-0.0012753296329670026,1,0.0,-0.0012753296329670026,-0.0012753296329670026,2.3200679310169265,0.84178801623299
2017-08-21,0.015127817078539822,1,0.0,0.015127817078539822,0.015127817078539822,2.355432312808393,0.8546192408689413
2017-08-22,-0.003567809584061369,0,0.0005,-0.0005,-0.003567809584061369,2.3542548910319625,0.8515755550250645
2017-08-23,-0.0029477842794080845,0,0.0,-0.0,-0.0029477842794080845,2.3542548910319625,0.8490689902124602
2017-08-24,-0.002110892987593089,1,0.0005,-0.002610892987593089,-0.002110892987593089,2.348116200664942,0.8472785867748855
2017-08-25,0.003094453555853858,1,0.0,0.003094453555853858,0.003094453555853858,2.3553935911579518,0.8499045118166617
2017-08-28,0.003924596809736514,1,0.0,0.003924596809736514,0.003924596809736514,2.364655724512692,0.8532465982334677
2017-08-29,0.011682213381071293,1,0.0,0.011682213381071293,0.011682213381071293,2.3924421245769105,0.8632728574838854
2017-08-30,0.010658515893533848,0,0.0005,-0.0005,0.010658515893533848,2.391246202520051,0.8725232752446873
2017-08-31,-0.001368925607341621,0,0.0,-0.0,-0.001368925607341621,2.391246202520051,0.8713296729529709
2017-09-01,-0.00901309895934621,1,0.0005,-0.009513098959346211,-0.00901309895934621,2.3686059012162626,0.8635115779422285
2017-09-05,0.003036369733281283,1,0.0,0.003036369733281283,0.003036369733281283,2.375808794274077,0.8661375029840047
2017-09-06,0.0023399873030991603,1,0.0,0.0023399873030991603,0.0023399873030991603,2.381374666182388,0.8681666268799226
2017-09-07,-0.008699309211391554,1,0.0,-0.008699309211391554,-0.008699309211391554,2.3607481996986475,0.8606469324421093
2017-09-08,0.01144524352414275,1,0.0,0.01144524352414275,0.01144524352414275,2.387922750780401,0.8705538314633553
2017-09-11,0.002396522767047889,1,0.0,0.002396522767047889,0.002396522767047889,2.3936523248036625,0.8726426354738589
2017-09-12,0.0013668673533267048,1,0.0,0.0013668673533267048,0.0013668673533267048,2.396926367102669,0.8738362377655753
2017-09-13,-0.005890831474537409,1,0.0,-0.005890831474537409,-0.005890831474537409,2.3828479852169413,0.8687037479111949
2017-09-14,0.0034291234480045944,1,0.0,0.0034291234480045944,0.0034291234480045944,2.3910330909644575,0.8716877536404858
2017-09-15,-0.003497826000331402,1,0.0,-0.003497826000331402,-0.003497826000331402,2.382684283101991,0.8686440677966091
2017-09-18,0.001716149382925475,1,0.0,0.001716149382925475,0.001716149382925475,2.386776835975749,0.8701360706612545
2017-09-19,-0.0030911925696729694,1,0.0,-0.0030911925696729694,-0.0030911925696729694,2.3794102408029842,0.8674504655048925
2017-09-20,-0.006141974382184067,1,0.0,-0.006141974382184067,-0.006141974382184067,2.3648407525724053,0.8621389353067546
2017-09-21,-0.0009695963083873779,1,0.0,-0.0009695963083873779,-0.0009695963083873779,2.3625489229631005,0.861303413702553
2017-09-22,-0.010588006408829372,1,0.0,-0.010588006408829372,-0.010588006408829372,2.3376662014906513,0.8522320362855085
2017-09-25,0.0025876854667519177,1,0.0,0.0025876854667519177,0.0025876854667519177,2.3437231797438125,0.8544402005251837
2017-09-26,0.0089699172504647,1,0.0,0.0089699172504647,0.0089699172504647,2.364840752572405,0.8621389353067545
2017-09-27,-0.0003461764842270389,1,0.0,-0.0003461764842270389,-0.0003461764842270389,2.3640222419976533,0.8618405347338254
2017-09-28,0.0071759088027368535,1,0.0,0.0071759088027368535,0.0071759088027368535,2.381047261952487,0.8680472666507506
2017-09-29,0.0008933787489013323,0,0.0005,-0.0005,0.0008933787489013323,2.3798570359028197,0.8688231081403663
2017-10-02,0.0021271493936921844,1,0.0005,0.0016271493936921844,0.0021271493936921844,2.3837325710180925,0.8706731916925267
2017-10-03,0.0009591669685760334,1,0.0,0.0009591669685760334,0.0009591669685760334,2.386020065431298,0.8715087132967282
2017-10-04,0.009744872509124574,1,0.0,0.009744872509124574,0.009744872509124574,2.4093851869376106,0.8800429696825006
2017-10-05,0.001355381069514992,1,0.0,0.001355381069514992,0.001355381069514992,2.4126530360993326,0.881236571974217
2017-10-06,-0.0011519567596084803,1,0.0,-0.0011519567596084803,-0.0011519567596084803,2.409875364311869,0.8802220100262581
2017-10-09,0.0007455352949611398,1,0.0,0.0007455352949611398,0.0007455352949611398,2.411672681350816,0.8808784912867021
2017-10-10,0.0029765953515831322,1,0.0,0.0029765953515831322,0.0029765953515831322,2.4188619495066046,0.8835044163284782
2017-10-11,-0.0018254966024125897,1,0.0,-0.0018254966024125897,-0.0018254966024125897,2.41445035313828,0.8818930532346612
2017-10-12,0.00384992539286945,1,0.0,0.00384992539286945,0.00384992539286945,2.4237637232491873,0.8852948197660528
2017-10-13,0.0034321511533732824,1,0.0,0.0034321511533732824,0.0034321511533732824,2.432096738611578,0.8883385056099297
2017-10-16,0.0012756388315475552,1,0.0,0.0012756388315475552,0.0012756388315475552,2.435201195315214,0.8894724277870601
2017-10-17,-0.0012084593615682721,1,0.0,-0.0012084593615682721,-0.0012084593615682721,2.4322601310696643,0.8883981857245155
2017-10-18,-0.0037015891778935032,1,0.0,-0.0037015891778935032,-0.0037015891778935032,2.423273545874929,0.8851157794222954
2017-10-19,0.0026934229467211338,1,0.0,0.0026934229467211338,0.0026934229467211338,2.4298092441983727,0.8875029840057282
2017-10-20,-0.006544128600000467,1,0.0,-0.006544128600000467,-0.006544128600000467,2.4139601757640214,0.8817140128909038
2017-10-23,0.0016907318131649581,1,0.0,0.0016907318131649581,0.0016907318131649581,2.4180449872161742,0.8832060157555494
2017-10-24,-0.00379121705202819,1,0.0,-0.00379121705202819,-0.00379121705202819,2.4088950095633526,0.8798639293387434
2017-10-25,-0.003193045954858138,1,0.0,-0.003193045954858138,-0.003193045954858138,2.401215564033306,0.8770589639532098
2017-10-26,0.028707538115861807,1,0.0,0.028707538115861807,0.028707538115861807,2.471147536094156,0.9026020529959408
2017-10-27,0.0022455593611508864,0,0.0005,-0.0005,0.0022455593611508864,2.4699122711680754,0.9046311768918586
2017-10-30,0.003753337959097029,0,0.0,0.0,0.003753337959097029,2.4699122711680754,0.9080329434232502
2017-10-31,-0.0003286770777330065,0,0.0,-0.0,-0.0003286770777330065,2.4699122711680754,0.9077345428503211
2017-11-01,-0.0019084603206233623,1,0.0005,-0.0024084603206233623,-0.0019084603206233623,2.4639707433066707,0.9060038195273323
2017-11-02,0.009571333066192586,1,0.0,0.009571333066192586,0.009571333066192586,2.487667451594845,0.9147171162568621
2017-11-03,0.003386963441015659,1,0.0,0.003386963441015659,0.003386963441015659,2.4961073750947422,0.9178204822153246
2017-11-06,0.0005850424322622968,0,0.0005,-0.0005,0.0005850424322622968,2.494859633368621,0.918357603246597
2017-11-07,0.004021018453705918,1,0.0005,0.0035210184537059178,0.004021018453705918,2.503659563443733,0.922057770350918
2017-11-08,-0.005256509718579557,1,0.0,-0.005256509718579557,-0.005256509718579557,2.490533581266455,0.9172236810694666
2017-11-09,-6.506815891934049e-05,0,0.0005,-0.0005,-6.506815891934049e-05,2.48928862574064,0.9171640009548808
2017-11-10,0.0012355716089855967,1,0.0005,0.0007355716089855967,0.0012355716089855967,2.491120349379668,0.9182979231320114
2017-11-13,-0.0036460747469239012,1,0.0,-0.0036460747469239012,-0.0036460747469239012,2.4820540765802095,0.9149558367152055
2017-11-14,-0.004707429418718571,1,0.0,-0.004707429418718571,-0.004707429418718571,2.4703974401237634,0.9106588684650265
2017-11-15,0.012698376601793519,1,0.0,0.012698376601793519,0.012698376601793519,2.501967497193305,0.9222964908092613
2017-11-16,-0.003825088134928436,1,0.0,-0.003825088134928436,-0.003825088134928436,2.4924155312081617,0.918775364048698
2017-11-17,-0.0007797778028495344,1,0.0,-0.0007797778028495344,-0.0007797778028495344,2.4904727584654207,0.9180592026736683
2017-11-20,0.010797635051629083,1,0.0,0.010797635051629083,0.010797635051629083,2.5175096791352334,0.9280257818095001
2017-11-21,0.001221119082294412,1,0.0,0.001221119082294412,0.001221119082294412,2.5205857359779067,0.9291597039866308
2017-11-22,0.003654435867015013,1,0.0,0.003654435867015013,0.003654435867015013,2.529813906505926,0.9325614705180225
2017-11-24,-0.00044807169896716515,1,0.0,-0.00044807169896716515,-0.00044807169896716515,2.528680622405994,0.9321437097159218
2017-11-27,0.0025577096877204344,1,0.0,0.0025577096877204344,0.0025577096877204344,2.5351565315484637,0.9345309142993545
2017-11-28,-0.017587826526562916,1,0.0,-0.017587826526562916,-0.017587826526562916,2.490958451651106,0.9182382430174257
2017-11-29,0.008349292863600593,0,0.0005,-0.0005,0.008349292863600593,2.4897132837431983,0.9259369777989964
2017-11-30,-0.0042630215704308715,0,0.0,-0.0,-0.0042630215704308715,2.4897132837431983,0.9219980902363324
2017-12-01,-0.011588671358868164,0,0.0,-0.0,-0.011588671358868164,2.4897132837431983,0.9113750298400564
2017-12-04,0.0006546216520757201,1,0.0005,0.0001546216520757201,0.0006546216520757201,2.490098277087712,0.9119718309859146
2017-12-05,0.004505247410085969,1,0.0,0.004505247410085969,0.004505247410085969,2.501342094973914,0.9160897588923361
2017-12-06,0.0033818970838522967,1,0.0,0.0033818970838522967,0.0033818970838522967,2.509815696859168,0.9191931248507988
2017-12-07,0.004405293467916197,0,0.0005,-0.0005,0.004405293467916197,2.508561102685419,0.9232513726426345
2017-12-08,0.007727018484710591,0,0.0,0.0,0.007727018484710591,2.508561102685419,0.930412986392933
2017-12-11,-0.0013479253621477443,1,0.0005,-0.0018479253621477443,-0.0013479253621477443,2.5039297495166997,0.9291597039866307
2017-12-12,0.0019250519291942045,1,0.0,0.0019250519291942045,0.0019250519291942045,2.5087545868527843,0.9309501074242054
2017-12-13,-0.000705422160268921,1,0.0,-0.000705422160268921,-0.000705422160268921,2.506985479829553,0.9302936261637613
2017-12-14,0.011290905520561305,1,0.0,0.011290905520561305,0.011290905520561305,2.5354520201124524,0.9408570064454514
2017-12-15,0.006260098220470681,0,0.0005,-0.0005,0.006260098220470681,2.5341846109810833,0.9467653377894476
2017-12-18,-0.005942990242547784,0,0.0,-0.0,-0.005942990242547784,2.5341846109810833,0.9411554070183805
2017-12-19,-0.0010785776511150035,1,0.0005,-0.0015785776511150036,-0.0010785776511150035,2.530187359606297,0.9401408450704216
2017-12-20,0.0001269518854059593,1,0.0,0.0001269518854059593,0.0001269518854059593,2.5305085920521306,0.9402602052995933
2017-12-21,-0.0011431475905106462,1,0.0,-0.0011431475905106462,-0.0011431475905106462,2.5276175000396304,0.9391859632370484
2017-12-22,-0.005415923270561249,1,0.0,-0.005415923270561249,-0.005415923270561249,2.5139651210917133,0.9341131534972538
2017-12-26,0.00012777103448018354,1,0.0,0.00012777103448018354,0.00012777103448018354,2.514286353537546,0.9342325137264254
2017-12-27,0.0012130112892846006,1,0.0,0.0012130112892846006,0.0012130112892846006,2.517338061772963,0.9353664359035558
2017-12-28,-0.0062082186020324965,1,0.0,-0.0062082186020324965,-0.0062082186020324965,2.501758288150046,0.9295774647887313
2017-12-29,0.01737513878038993,1,0.0,0.01737513878038993,0.01737513878038993,2.545606517006297,0.9458701360706602
2018-01-02,0.009669797813564633,1,0.0,0.009669797813564633,0.009669797813564633,2.570341415335464,0.9550608737168763
2018-01-03,0.0017481430436834117,0,0.0005,-0.0005,0.0017481430436834117,2.5690565658669313,0.9567319169252794
2018-01-04,0.009992945397518486,1,0.0005,0.009492945397518486,0.009992945397518486,2.593560603297614,0.9663404153735964
2018-01-05,0.003883260650813706,1,0.0,0.003883260650813706,0.003883260650813706,2.6036516555461167,0.970100262592503
2018-01-08,6.15176402027626e-05,1,0.0,6.15176402027626e-05,6.15176402027626e-05,2.603811830978633,0.9701599427070889
2018-01-09,-0.002340334873705856,1,0.0,-0.002340334873705856,-0.002340334873705856,2.597725164543028,0.9678920983528277
2018-01-10,0.006820931597807116,1,0.0,0.006820931597807116,0.006820931597807116,2.6155046375522946,0.9745165910718537
2018-01-11,0.0073220169698485615,1,0.0,0.0073220169698485615,0.0073220169698485615,2.634725689454204,0.9816782048221523
2018-01-12,-0.0028614064758016662,0,0.0005,-0.0005,-0.0028614064758016662,2.633408655895305,0.9788732394366187
2018-01-16,0.010733555643108633,0,0.0,0.0,0.010733555643108633,2.633408655895305,0.9894366197183088
2018-01-17,0.0001809354366987233,0,0.0,0.0,0.0001809354366987233,2.633408655895305,0.9896156600620661
2018-01-18,0.003131023752468975,1,0.0005,0.002631023752468975,0.003131023752468975,2.64034633922168,0.992719026020529
2018-01-19,0.010644123696374394,0,0.0005,-0.0005,0.010644123696374394,2.6390264960403615,1.0033420864168048
2018-01-22,0.008233911993478836,1,0.0005,0.007733911993478835,0.008233911993478836,2.659515623135165,1.0116376223442336
2018-01-23,-0.00651043966243201,0,0.0005,-0.0005,-0.00651043966243201,2.658186197707651,1.0050728097397934
2018-01-24,-0.0003563368608794882,0,0.0,-0.0,-0.0003563368608794882,2.658186197707651,1.0047147290522784
2018-01-25,0.015208970361093357,1,0.0005,0.014708970361093357,0.015208970361093357,2.697574349134469,1.0201121986154202
2018-01-26,-0.004867616566360753,1,0.0,-0.004867616566360753,-0.004867616566360753,2.684475497500574,1.015158749104797
2018-01-29,-0.008264509849893536,0,0.0005,-0.0005,-0.008264509849893536,2.6831335952553417,1.006803533062782
2018-01-30,0.004140792666031608,0,0.0,0.0,0.004140792666031608,2.6831335952553417,1.0109811410837897
2018-01-31,-0.008536926401961504,1,0.0005,-0.009036926401961505,-0.008536926401961504,2.658995545588901,1.0023872045834317
2018-02-01,-0.020146816076998832,1,0.0,-0.020146816076998832,-0.020146816076998832,2.6059612810156527,0.9823943661971819
2018-02-02,-0.04022480131050899,0,0.0005,-0.0005,-0.04022480131050899,2.604658626066021,0.9436619718309848
2018-02-05,0.026153848488494325,1,0.0005,0.025653848488494325,0.026153848488494325,2.672342609173025,0.9686679398424433
2018-02-06,-0.013022632258356256,0,0.0005,-0.0005,-0.013022632258356256,2.671006771855598,0.956135115779421
2018-02-07,-0.04311067359287789,0,0.0,-0.0,-0.04311067359287789,2.671006771855598,0.9157913583194066
2018-02-08,0.017122046455641332,1,0.0005,0.01662204645564133,0.017122046455641332,2.7157754129517753,0.9316065886846491
2018-02-09,0.017589430210545955,0,0.0005,-0.0005,0.017589430210545955,2.7144178646606547,0.9481379804249214
2018-02-12,0.005148178120843473,0,0.0,0.0,0.005148178120843473,2.7144178646606547,0.9530317498209585
2018-02-13,0.018550645186248053,0,0.0,0.0,0.018550645186248053,2.7144178646606547,0.9708761040821187
2018-02-14,0.01839384339349344,0,0.0,0.0,0.01839384339349344,2.7144178646606547,0.9888994986870362
2018-02-15,-0.004475904163867274,0,0.0,-0.0,-0.004475904163867274,2.7144178646606547,0.9844831702076857
2018-02-16,0.001998486660612024,0,0.0,0.0,0.001998486660612024,2.7144178646606547,0.9864526139890176
2018-02-20,-0.002847537594024515,0,0.0,-0.0,-0.002847537594024515,2.7144178646606547,0.9836476486034841
2018-02-21,-0.00012135185986605489,0,0.0,-0.0,-0.00012135185986605489,2.7144178646606547,0.9835282883743125
2018-02-22,0.020242755059287045,0,0.0,0.0,0.020242755059287045,2.7144178646606547,1.0036404869897337
2018-02-23,0.013173241860556914,0,0.0,0.0,0.013173241860556914,2.7144178646606547,1.0169491525423715
2018-02-26,-0.01245993267023346,0,0.0,-0.0,-0.01245993267023346,2.7144178646606547,1.0043566483647635
2018-02-27,-0.006438174250404134,0,0.0,-0.0,-0.006438174250404134,2.7144178646606547,0.9979111959894952
2018-02-28,-0.016461525207777564,1,0.0005,-0.016961525207777564,-0.016461525207777564,2.668765459322563,0.9816185247075662
2018-03-01,0.009138563311327919,1,0.0,0.009138563311327919,0.009138563311327919,2.6932659204338054,0.990630222010025
2018-03-02,0.011024016741959854,1,0.0,0.011024016741959854,0.011024016741959854,2.7231207869534644,1.001611363093816
2018-03-05,0.004221548024119345,0,0.0005,-0.0005,0.004221548024119345,2.7217595668933616,1.0058486512294091
2018-03-06,0.002311317590429551,0,0.0,0.0,0.002311317590429551,2.7217595668933616,1.0081761756982561
2018-03-07,0.005490140417226405,1,0.0005,0.004990140417226405,0.005490140417226405,2.7353754737028337,1.0137264263547374
2018-03-08,0.019241454221916456,1,0.0,0.019241454221916456,0.019241454221916456,2.788517702969402,1.0334208641680578
2018-03-09,0.00529894109379817,0,0.0005,-0.0005,0.00529894109379817,2.787123792624543,1.0389114347099535
2018-03-12,-0.01370795634186662,0,0.0,-0.0,-0.01370795634186662,2.787123792624543,1.024767247553114
2018-03-13,-0.00017472844332289765,0,0.0,-0.0,-0.00017472844332289765,2.787123792624543,1.0245882072093566
2018-03-14,-0.0008741004606547182,1,0.0005,-0.0013741004606547182,-0.0008741004606547182,2.783296634589194,1.0236930054905693
2018-03-15,-0.002977669693924392,1,0.0,-0.002977669693924392,-0.002977669693924392,2.7750212233862532,1.0206493196466926
2018-03-16,-0.023188073126461286,1,0.0,-0.023188073126461286,-0.023188073126461286,2.711414141198941,0.997254714729051
2018-03-19,0.0032860373108896737,0,0.0005,-0.0005,0.0032860373108896737,2.7100587729986283,1.0005371210312712
2018-03-20,-0.004363817188885788,1,0.0005,-0.004863817188885788,-0.004363817188885788,2.696909546195585,0.9961804726665063
2018-03-21,-0.024992202154911772,1,0.0,-0.024992202154911772,-0.024992202154911772,2.630343123176619,0.9715922654571486
2018-03-22,-0.026704770758638783,1,0.0,-0.026704770758638783,-0.026704770758638783,2.561030027363181,0.9459894962998318
2018-03-23,0.03648479981227829,1,0.0,0.03648479981227829,0.03648479981227829,2.6561941612422366,0.9811410837908797
2018-03-26,-0.03289526228258959,0,0.0005,-0.0005,-0.03289526228258959,2.6548663961305556,0.9493912628312235
2018-03-27,-0.01157032475894004,0,0.0,-0.0,-0.01157032475894004,2.6548663961305556,0.9384698018620184
2018-03-28,0.018149089753835525,0,0.0,0.0,0.018149089753835525,2.6548663961305556,0.9556576748627347
2018-03-29,-0.02927594710113911,0,0.0,-0.0,-0.02927594710113911,2.6548663961305556,0.9280854619240859
2018-04-02,0.01119044833012385,0,0.0,0.0,0.01119044833012385,2.6548663961305556,0.9385294819766045
2018-04-03,0.01564700692587309,0,0.0,0.0,0.01564700692587309,2.6548663961305556,0.953330150393888
2018-04-04,0.005680592072624579,0,0.0,0.0,0.005680592072624579,2.6548663961305556,0.9587610408211976
2018-04-05,-0.0253417494712968,0,0.0,-0.0,-0.0253417494712968,2.6548663961305556,0.9347696347576979
2018-04-06,0.006998374408811892,0,0.0,0.0,0.006998374408811892,2.6548663961305556,0.9413344473621381
2018-04-09,0.02182315238852453,1,0.0005,0.02132315238852453,0.02182315238852453,2.712084382833373,0.9621031272380035
2018-04-10,-0.005785577119963421,0,0.0005,-0.0005,-0.005785577119963421,2.7107286795960093,0.9565528765815221
2018-04-11,0.011969506294079512,0,0.0,0.0,0.011969506294079512,2.7107286795960093,0.9680711386965856
2018-04-12,-0.00519192710876233,0,0.0,-0.0,-0.00519192710876233,2.7107286795960093,0.9630580090713766
2018-04-13,0.007593332160449354,0,0.0,0.0,0.007593332160449354,2.7107286795960093,0.9703986631654324
2018-04-16,0.02129681950553901,1,0.0005,0.02079681950553901,0.02129681950553901,2.76769350514257,0.9912867032704695
2018-04-17,0.00204486749549126,0,0.0005,-0.0005,0.00204486749549126,2.766310004294034,0.9933158271663873
2018-04-18,-0.009235013574061864,0,0.0,-0.0,-0.009235013574061864,2.766310004294034,0.9841847696347569
2018-04-19,-0.015953396020133074,1,0.0005,-0.016453396020133074,-0.015953396020133074,2.721167204852556,0.9686082597278579
2018-04-20,-0.0025293822671312647,1,0.0,-0.0025293822671312647,-0.0025293822671312647,2.714293030151449,0.9661613750298391
2018-04-23,-0.021414896716318438,1,0.0,-0.021414896716318438,-0.021414896716318438,2.65678469057878,0.945691095726903
2018-04-24,0.0011983224921087163,1,0.0,0.0011983224921087163,0.0011983224921087163,2.6599702837329513,0.9468250179040336
2018-04-25,0.020834086902842053,1,0.0,0.020834086902842053,0.020834086902842053,2.7159696581273294,0.9667581761756975
2018-04-26,0.0006171315920374406,1,0.0,0.0006171315920374406,0.0006171315920374406,2.7176462861032085,0.9673549773215556
2018-04-27,-0.007120111806097344,0,0.0005,-0.0005,-0.007120111806097344,2.7162878026093322,0.9604917641441864
2018-04-30,0.01136797118090869,1,0.0005,0.01086797118090869,0.01136797118090869,2.745969337050754,0.9714729052279772
2018-05-01,-0.0059149895192018125,1,0.0,-0.0059149895192018125,-0.0059149895192018125,2.729774899382928,0.9657436142277386
2018-05-02,-0.00012360175530211516,1,0.0,-0.00012360175530211516,-0.00012360175530211516,2.7294375152648485,0.965624253998567
2018-05-03,0.018796279948695812,1,0.0,0.018796279948695812,0.018796279948695812,2.781225977390084,0.9839460491764137
2018-05-04,0.008275242777830021,0,0.0005,-0.0005,0.008275242777830021,2.779835711996701,0.992122224874671
2018-05-07,-0.0010231411322556344,0,0.0,-0.0,-0.0010231411322556344,2.779835711996701,0.9911076629267119
2018-05-08,0.01084005224672844,0,0.0,0.0,0.01084005224672844,2.779835711996701,1.0019097636667453
2018-05-09,0.010311202468163819,0,0.0,0.0,0.010311202468163819,2.779835711996701,1.012294103604678
2018-05-10,-0.000943730163235877,1,0.0005,-0.001443730163235877,-0.000943730163235877,2.775825275021464,1.011339221771305
2018-05-11,0.0017098556684873628,1,0.0,0.0017098556684873628,0.0017098556684873628,2.780575595626658,1.0130699450942937
2018-05-14,-0.011136896104482876,1,0.0,-0.011136896104482876,-0.011136896104482876,2.749780413772295,1.0018500835521595
2018-05-15,0.00659049439037595,1,0.0,0.00659049439037595,0.00659049439037595,2.7679626753990725,1.0084745762711853
2018-05-16,-0.003854026293708277,1,0.0,-0.003854026293708277,-0.003854026293708277,2.7573154050770854,1.0045953688231073
2018-05-17,-0.005181821654704521,1,0.0,-0.005181821654704521,-0.005181821654704521,2.743064443261502,0.9994031988541409
2018-05-18,0.005597585031940435,1,0.0,0.005597585031940435,0.005597585031940435,2.7584620341886836,1.0050131296252078
2018-05-21,-0.001307267403474434,1,0.0,-0.001307267403474434,-0.001307267403474434,2.754858342695088,1.0037001671043198
2018-05-22,0.008407888953050615,1,0.0,0.008407888953050615,0.008407888953050615,2.7781185332446596,1.0121747433755062
2018-05-23,-0.00029485478615495596,1,0.0,-0.00029485478615495596,-0.00029485478615495596,2.7772995124506608,1.011876342802577
2018-05-24,0.0010021517624764426,1,0.0,0.0010021517624764426,0.0010021517624764426,2.7800841831502576,1.012890904750536
2018-05-25,-0.004428835961565744,1,0.0,-0.004428835961565744,-0.004428835961565744,2.767798871240272,1.0084148961565995
2018-05-29,0.0071355160488529475,1,0.0,0.0071355160488529475,0.0071355160488529475,2.787619174455048,1.0156361900214836
2018-05-30,-0.0006465834170893094,1,0.0,-0.0006465834170893094,-0.0006465834170893094,2.78581732870825,1.0149797087610397
2018-05-31,0.015577456847817634,0,0.0005,-0.0005,0.015577456847817634,2.784424768213032,1.0309142993554536
2018-06-01,0.008990378673835732,0,0.0,0.0,0.008990378673835732,2.784424768213032,1.0402243972308416
2018-06-04,0.0030933174691386025,0,0.0,0.0,0.0030933174691386025,2.784424768213032,1.043447123418476
2018-06-05,0.005816953955742407,0,0.0,0.0,0.005816953955742407,2.784424768213032,1.0495344951062298
2018-06-06,-0.00816470892081262,0,0.0,-0.0,-0.00816470892081262,2.784424768213032,1.0410002387204575
2018-06-07,5.732794452212342e-05,1,0.0005,-0.0004426720554778766,5.732794452212342e-05,2.7831924539532302,1.0410599188350431
2018-06-08,0.002690712944406101,1,0.0,0.002690712944406101,0.002690712944406101,2.790691310026138,1.0438648842205767
2018-06-11,0.005246063237475888,1,0.0,0.005246063237475888,0.005246063237475888,2.805369921913532,1.0493554547624724
2018-06-12,-5.687473341514843e-05,1,0.0,-5.687473341514843e-05,-5.687473341514843e-05,2.805210371784321,1.0492957746478864
2018-06-13,0.010073086135037062,0,0.0005,-0.0005,0.010073086135037062,2.8038081171912905,1.0599188350441622
2018-06-14,-0.0034970987188656134,0,0.0,-0.0,-0.0034970987188656134,2.8038081171912905,1.0562186679398413
2018-06-15,-0.0027158554658526226,0,0.0,-0.0,-0.0027158554658526226,2.8038081171912905,1.053354022439722
2018-06-18,-0.0028368813351997263,1,0.0005,-0.0033368813351997264,-0.0028368813351997263,2.794467734758377,1.0503700167104308
2018-06-19,0.007077170374085079,1,0.0,0.007077170374085079,0.007077170374085079,2.814314806738195,1.0578300310336584
2018-06-20,-0.008726256642436186,1,0.0,-0.008726256642436186,-0.008726256642436186,2.7898632140590593,1.0486392933874422
2018-06-21,-0.0022220332191922143,0,0.0005,-0.0005,-0.0022220332191922143,2.788468631126817,1.0463117689185952
2018-06-22,-0.022787913877850553,1,0.0005,-0.023287913877850553,-0.022787913877850553,2.7242813090581453,1.0227381236571964
2018-06-25,0.004076409092308419,0,0.0005,-0.0005,0.004076409092308419,2.7229195088820313,1.0269157316782038
2018-06-26,-0.013692431591626315,1,0.0005,-0.014192431591626316,-0.013692431591626315,2.684547599459172,1.012950584865122
2018-06-27,0.00856511161324705,0,0.0005,-0.0005,0.00856511161324705,2.6832056611719715,1.0216638815946517
2018-06-28,0.0026834691170140867,0,0.0,0.0,0.0026834691170140867,2.6832056611719715,1.0244091668655995
2018-06-29,0.006677336466254235,0,0.0,0.0,0.006677336466254235,2.6832056611719715,1.0312723800429686
2018-07-02,-0.011641575015485755,0,0.0,-0.0,-0.011641575015485755,2.6832056611719715,1.0193363571258047
2018-07-03,0.012335778444961358,0,0.0,0.0,0.012335778444961358,2.6832056611719715,1.0319885414179983
2018-07-05,0.015436567388332458,1,0.0005,0.014936567388332458,0.015436567388332458,2.723584352158418,1.048042492241584
2018-07-06,0.008956975982214642,0,0.0005,-0.0005,0.008956975982214642,2.722222900373649,1.0574719503461436
2018-07-09,0.0007334067068747537,0,0.0,0.0,0.0007334067068747537,2.722222900373649,1.0582477918357593
2018-07-10,-0.005088494046231914,0,0.0,-0.0,-0.005088494046231914,2.722222900373649,1.0528765815230354
2018-07-11,0.0170848260392908,1,0.0005,0.0165848260392908,0.0170848260392908,2.7677469544059257,1.0710193363571248
2018-07-12,0.0008354917354587274,0,0.0005,-0.0005,0.0008354917354587274,2.7663634268394377,1.071914538075912
2018-07-13,-0.0023969464359381003,0,0.0,-0.0,-0.0023969464359381003,2.7663634268394377,1.0693482931487217
2018-07-16,0.006064839844514017,1,0.0005,0.005564839844514016,0.006064839844514017,2.781800709426393,1.075853425638576
2018-07-17,-0.001887840649518927,1,0.0,-0.001887840649518927,-0.001887840649518927,2.7765540669389854,1.0738243017426583
2018-07-18,-0.005014496801245664,1,0.0,-0.005014496801245664,-0.005014496801245664,2.7626658956487886,1.0684530914299346
2018-07-19,-0.00022345120477308632,1,0.0,-0.00022345120477308632,-0.00022345120477308632,2.7620486435914464,1.0682143709715912
2018-07-20,0.003179475555322786,1,0.0,0.003179475555322786,0.003179475555322786,2.7708444854085705,1.071616137502983
2018-07-23,0.0041127162955402466,1,0.0,0.0041127162955402466,0.0041127162955402466,2.7822636484693994,1.0760324659823337
2018-07-24,0.013879932016400903,1,0.0,0.013879932016400903,0.013879932016400903,2.8211505280819495,1.09107185485796
2018-07-25,-0.015267472130788308,0,0.0005,-0.0005,-0.015267472130788308,2.819740305402958,1.074540463117688
2018-07-26,-0.013588153264526226,0,0.0,-0.0,-0.013588153264526226,2.819740305402958,1.0600381952733338
2018-07-27,-0.01423208894654865,1,0.0005,-0.014732088946548651,-0.01423208894654865,2.778504133695403,1.0450584865122932
2018-07-30,0.0076232022374695405,1,0.0,0.0076232022374695405,0.0076232022374695405,2.799766172066437,1.0530556218667928
2018-07-31,0.0037899188390476883,1,0.0,0.0037899188390476883,0.0037899188390476883,2.8103971912519548,1.0570541895440426
2018-08-01,0.013514855922410774,0,0.0005,-0.0005,0.013514855922410774,2.8089923438974354,1.0714370971592253
2018-08-02,0.003058871715739377,0,0.0,0.0,0.003058871715739377,2.8089923438974354,1.0747195034614454
2018-08-03,0.0058690163483255545,0,0.0,0.0,0.0058690163483255545,2.8089923438974354,1.0810455956075424
2018-08-06,0.003636968796576213,0,0.0,0.0,0.003636968796576213,2.8089923438974354,1.0849844831702067
2018-08-07,0.0012093894058311293,0,0.0,0.0,0.0012093894058311293,2.8089923438974354,1.0862974456910945
2018-08-08,-0.0006045118750849407,1,0.0005,-0.0011045118750849406,-0.0006045118750849407,2.8058914912760886,1.0856409644306506
2018-08-09,-0.007670484315324274,1,0.0,-0.007670484315324274,-0.007670484315324274,2.7844512781329205,1.0773454285032216
2018-08-10,-0.0011085246673343708,1,0.0,-0.0011085246673343708,-0.0011085246673343708,2.7813663553785073,1.076151826211505
2018-08-13,0.006247083367613211,1,0.0,0.006247083367613211,0.006247083367613211,2.7987961689409393,1.0828956791597029
2018-08-14,-0.012310236415573423,1,0.0,-0.012310236415573423,-0.012310236415573423,2.764553526366958,1.0696466937216507
2018-08-15,0.0032864533131208486,0,0.0005,-0.0005,0.0032864533131208486,2.7631715951153777,1.0731678204822142
2018-08-16,0.0002224199297427035,1,0.0005,-0.00027758007025729654,0.0002224199297427035,2.7624047001921705,1.0734065409405575
2018-08-17,-0.0008899766968561929,1,0.0,-0.0008899766968561929,-0.0008899766968561929,2.759947318050333,1.0724516591071842
2018-08-20,0.003666059763370194,1,0.0,0.003666059763370194,0.003666059763370194,2.77008401938541,1.0763905466698485
2018-08-21,0.0038736144944107828,1,0.0,0.0038736144944107828,0.0038736144944107828,2.780835066255945,1.0805681546908559
2018-08-22,-0.001437020089218134,1,0.0,-0.001437020089218134,-0.001437020089218134,2.7768418202754606,1.0790164717116246
2018-08-23,0.009249130018056361,1,0.0,0.009249130018056361,0.009249130018056361,2.8026443327647454,1.089042730962042
2018-08-24,0.010141300589385744,1,0.0,0.010141300589385744,0.010141300589385744,2.8312114001635975,1.1001432322750049
2018-08-27,0.0014636132169598703,0,0.0005,-0.0005,0.0014636132169598703,2.829796148305965,1.101754595368822
2018-08-28,0.01147178327330178,1,0.0005,0.01097178327330178,0.01147178327330178,2.861015008459983,1.1144664597756015
2018-08-29,-0.0017687261746257127,0,0.0005,-0.0005,-0.0017687261746257127,2.859584858523032,1.1124970159942695
2018-08-30,0.0012866564794386782,1,0.0005,0.0007866564794386782,0.0012866564794386782,2.861835254508735,1.1139293387443292
2018-08-31,-0.00429530861733171,1,0.0,-0.00429530861733171,-0.00429530861733171,2.849569151087321,1.1091549295774636
2018-09-04,-0.012997745941970116,1,0.0,-0.012997745941970116,-0.012997745941970116,2.812770840823078,1.0948317020768668
2018-09-05,-0.008979965070109563,1,0.0,-0.008979965070109563,-0.008979965070109563,2.787625328809179,1.0850441632847923
2018-09-06,-0.003857604254736934,1,0.0,-0.003857604254736934,-0.003857604254736934,2.7768924883154416,1.080866555263785
2018-09-07,0.0033624594147579428,1,0.0,0.0033624594147579428,0.0033624594147579428,2.7862453921742696,1.08450704225352
2018-09-10,0.007674634753108666,1,0.0,0.007674634753108666,0.007674634753108666,2.8077110731617445,1.0928622582955345
2018-09-11,-0.0029532425073764902,0,0.0005,-0.0005,-0.0029532425073764902,2.806307568530561,1.0896395321079004
2018-09-12,0.010623618751451734,0,0.0,0.0,0.010623618751451734,2.806307568530561,1.1012771544521351
2018-09-13,-0.00293064358238451,1,0.0005,-0.00343064358238451,-0.00293064358238451,2.7966966227712655,1.0980544282645008
2018-09-14,-0.014507686088092019,1,0.0,-0.014507686088092019,-0.014507686088092019,2.756415922459597,1.0822391978992585
2018-09-17,0.008237731245633645,1,0.0,0.008237731245633645,0.008237731245633645,2.779216318862429,1.0911912150871317
2018-09-18,-0.0007659900795826456,1,0.0,-0.0007659900795826456,-0.0007659900795826456,2.777088281864831,1.0903556934829302
2018-09-19,0.010995701662278954,1,0.0,0.010995701662278954,0.010995701662278954,2.8077928156873107,1.1024110766292659
2018-09-20,-0.005482737725394112,0,0.0005,-0.0005,-0.005482737725394112,2.8063892701950808,1.096383385056098
2018-09-21,0.0009793254319158547,0,0.0,0.0,0.0009793254319158547,2.8063892701950808,1.0974576271186427
2018-09-24,0.0013585851069379906,1,0.0005,0.0008585851069379906,0.0013585851069379906,2.808799828913566,1.0989496299832882
2018-09-25,0.0007057354870697693,1,0.0,0.0007057354870697693,0.0007057354870697693,2.8107827982725255,1.099725471472904
2018-09-26,0.008430203938789899,1,0.0,0.008430203938789899,0.008430203938789899,2.834578430580037,1.1090355693482918
2018-09-27,-0.0002152736674802546,0,0.0005,-0.0005,-0.0002152736674802546,2.833161495628005,1.1087968488899484
2018-09-28,0.0020432311657264312,1,0.0005,0.0015432311657264312,0.0020432311657264312,2.8375370941572067,1.1110646932442096
2018-10-01,-0.0022585511859370185,1,0.0,-0.0022585511859370185,-0.0022585511859370185,2.8311356031567985,1.1085581284316053
2018-10-02,0.0010761367732104335,1,0.0,0.0010761367732104335,0.0010761367732104335,2.8341839322046116,1.1097517307233216
2018-10-03,-0.019385397865559602,1,0.0,-0.019385397865559602,-0.019385397865559602,2.7797712587011407,1.0884459298161837
2018-10-04,-0.012302585311417136,0,0.0005,-0.0005,-0.012302585311417136,2.7783817204852927,1.075137264263546
2018-10-05,-0.006124740749660544,1,0.0005,-0.006624740749660544,-0.006124740749660544,2.7600364951576934,1.0685724516591057
2018-10-08,0.003234083336302436,1,0.0,0.003234083336302436,0.003234083336302436,2.7689771327851243,1.0720338983050832
2018-10-09,-0.044975703784973585,1,0.0,-0.044975703784973585,-0.044975703784973585,2.6471994823425335,1.0248866077822856
2018-10-10,-0.012480752637967935,1,0.0,-0.012480752637967935,-0.012480752637967935,2.614365761400418,1.012174743375506
2018-10-11,0.027449967278561815,1,0.0,0.027449967278561815,0.027449967278561815,2.6871240538167505,1.040343757460013
2018-10-12,-0.012178028319556262,0,0.0005,-0.0005,-0.012178028319556262,2.685780827624374,1.0277512532824051
2018-10-15,0.028677236302348277,0,0.0,0.0,0.028677236302348277,2.685780827624374,1.057650990689901
2018-10-16,0.00039491129113271734,0,0.0,0.0,0.00039491129113271734,2.685780827624374,1.0580687514920015
2018-10-17,-0.023455293890633867,0,0.0,-0.0,-0.023455293890633867,2.685780827624374,1.0335402243972296
2018-10-18,-0.0009243212674268515,1,0.0005,-0.0014243212674268516,-0.0009243212674268515,2.6819581358887654,1.0325853425638567
2018-10-19,0.005130729267522807,1,0.0,0.005130729267522807,0.005130729267522807,2.695753897887037,1.0378968727619944
2018-10-22,-0.0036868524969957068,1,0.0,-0.0036868524969957068,-0.0036868524969957068,2.685833349933224,1.0340773454285022
2018-10-23,-0.04684711169822581,0,0.0005,-0.0005,-0.04684711169822581,2.6844907689314783,0.9867510145619469
2018-10-24,0.034010412328105984,1,0.0005,0.03351041232810598,0.034010412328105984,2.7759734113312575,1.0208880401050358
2018-10-25,-0.02605856319857494,0,0.0005,-0.0005,-0.02605856319857494,2.774585771564443,0.994628789687275
2018-10-26,-0.02079555978811705,0,0.0,-0.0,-0.02079555978811705,2.774585771564443,0.9741585103843388
2018-10-29,0.01634549531527351,1,0.0005,0.01584549531527351,0.01634549531527351,2.818900625606094,0.9902124612079243
2018-10-30,0.02323330809000016,0,0.0005,-0.0005,0.02323330809000016,2.8174915275971495,1.013487705896394
2018-10-31,0.013104200621984693,0,0.0,0.0,0.013104200621984693,2.8174915275971495,1.0268560515636178
2018-11-01,-0.01569854169974912,0,0.0,-0.0,-0.01569854169974912,2.8174915275971495,1.010861780854618
2018-11-02,-0.002482710975556217,0,0.0,-0.0,-0.002482710975556217,2.8174915275971495,1.0083552160420137
2018-11-05,0.007547205635382904,1,0.0005,0.007047205635382903,0.007547205635382904,2.8374170970971706,1.0159942707089986
2018-11-06,0.030885573344783188,1,0.0,0.030885573344783188,0.030885573344783188,2.9264197245554584,1.0478634518978265
2018-11-07,-0.006399290492990261,0,0.0005,-0.0005,-0.006399290492990261,2.9249568804346873,1.0411792790642147
2018-11-08,-0.016995611122635305,0,0.0,-0.0,-0.016995611122635305,2.9249568804346873,1.0236333253759835
2018-11-09,-0.03072611107999357,1,0.0005,-0.03122611107999357,-0.03072611107999357,2.835033142998575,0.9926593459059431
2018-11-12,0.0008413462034759727,1,0.0,0.0008413462034759727,0.0008413462034759727,2.837419391059777,0.9934948675101445
2018-11-13,-0.00765825191904193,1,0.0,-0.00765825191904193,-0.00765825191904193,2.815772712218869,0.9859154929577453
2018-11-14,0.017342689158425233,1,0.0,0.017342689158425233,0.017342689158425233,2.8650316900536907,1.0031630460730474
2018-11-15,-0.003516198980181696,0,0.0005,-0.0005,-0.003516198980181696,2.8635995322779446,0.999641919312484
2018-11-16,-0.03301671423254193,0,0.0,-0.0,-0.03301671423254193,2.8635995322779446,0.9671759369777979
2018-11-19,-0.018056651473851375,1,0.0005,-0.018556651473851375,-0.018056651473851375,2.8109507174404396,0.9498687037479101
2018-11-20,0.0075736599619895305,1,0.0,0.0075736599619895305,0.0075736599619895305,2.832320724779614,0.9570899976127942
2018-11-21,-0.007259560012804111,1,0.0,-0.007259560012804111,-0.007259560012804111,2.8118337755949514,0.9501671043208392
2018-11-23,0.02285104086160025,1,0.0,0.02285104086160025,0.02285104086160025,2.8768268557669843,0.9721293864884208
2018-11-26,0.003370824139853115,0,0.0005,-0.0005,0.003370824139853115,2.8753888018825315,0.975411792790641
2018-11-27,0.031676039042555934,0,0.0,0.0,0.031676039042555934,2.8753888018825315,1.0068035330627823
2018-11-28,-0.003265551365643885,0,0.0,-0.0,-0.003265551365643885,2.8753888018825315,1.0035211267605624
2018-11-29,0.007229232716751225,0,0.0,0.0,0.007229232716751225,2.8753888018825315,1.0108021007400323
2018-11-30,0.017325572390455832,1,0.0005,0.01682557239045583,0.017325572390455832,2.9241781678068697,1.028467414657435
2018-12-03,-0.03911162608428473,0,0.0005,-0.0005,-0.03911162608428473,2.9227164441843247,0.989018858916208
2018-12-04,0.007035295546110326,1,0.0005,0.006535295546110325,0.007035295546110326,2.941879810871318,0.9960014323227487
2018-12-06,-0.03357308033495098,1,0.0,-0.03357308033495098,-0.03357308033495098,2.8447514163725405,0.9631176891859621
2018-12-07,0.010417724052825312,1,0.0,0.010417724052825312,0.010417724052825312,2.874542158060913,0.9732036285509655
2018-12-10,0.0033059905217995163,1,0.0,0.0033059905217995163,0.0033059905217995163,2.88406109327495,0.9764263547386
2018-12-11,0.008762911304216834,0,0.0005,-0.0005,0.008762911304216834,2.882619423175872,0.9850202912389581
2018-12-12,0.0003028926268801313,1,0.0005,-0.00019710737311986874,0.0003028926268801313,2.8820512936267666,0.985318691811887
2018-12-13,-0.024650214942828805,1,0.0,-0.024650214942828805,-0.024650214942828805,2.811876574060567,0.9613272857483875
2018-12-14,-0.022920220956715802,1,0.0,-0.022920220956715802,-0.022920220956715802,2.7481607217181216,0.9395440439245633
2018-12-17,0.0062688190095958095,1,0.0,0.0062688190095958095,0.0062688190095958095,2.765442555641141,0.9454523752685592
2018-12-18,-0.024861481790530035,1,0.0,-0.024861481790530035,-0.024861481790530035,2.697537167802206,0.9222368106946753
2018-12-19,-0.01460165438200415,1,0.0,-0.01460165438200415,-0.01460165438200415,2.6584348365016366,0.9088684650274516
2018-12-20,-0.03148395838824132,1,0.0,-0.03148395838824132,-0.03148395838824132,2.576040638404009,0.8806994509429446
2018-12-21,-0.027967604275682234,1,0.0,-0.027967604275682234,-0.027967604275682234,2.5049930989427076,0.856409644306516
2018-12-24,0.06056723136045197,1,0.0,0.06056723136045197,0.06056723136045197,2.661402424144984,0.9098830269754107
2018-12-26,0.003862398831293847,0,0.0005,-0.0005,0.003862398831293847,2.6600720555527757,0.9134041537359741
2018-12-27,-0.0005228416562475018,0,0.0,-0.0,-0.0005228416562475018,2.6600720555527757,0.9129267128192875
2018-12-28,0.008397666770678942,0,0.0,0.0,0.008397666770678942,2.6600720555527757,0.9206254476008582
2018-12-31,0.004011133022413707,0,0.0,0.0,0.004011133022413707,2.6600720555527757,0.9243256147051789
2019-01-02,-0.033216050008530076,0,0.0,-0.0,-0.033216050008530076,2.6600720555527757,0.894127476724754
2019-01-03,0.04189470690407487,1,0.0005,0.04139470690407487,0.04189470690407487,2.772495779265891,0.9323824301742646
2019-01-04,0.011835210684284714,0,0.0005,-0.0005,0.011835210684284714,2.7711098778804777,0.9434829314872272
2019-01-07,0.009004815105431892,0,0.0,0.0,0.009004815105431892,2.7711098778804777,0.9520171878729995
2019-01-08,0.008116420906474743,0,0.0,0.0,0.008116420906474743,2.7711098778804777,0.959775602769156
2019-01-09,0.0028562577630008123,0,0.0,0.0,0.0028562577630008123,2.7711098778804777,0.9625208880401037
2019-01-10,-0.003664941829342028,1,0.0005,-0.0041649418293420275,-0.003664941829342028,2.759592367965065,0.9589997612795403
2019-01-11,-0.008876167789971951,1,0.0,-0.008876167789971951,-0.008876167789971951,2.7352061512589203,0.9505251850083539
2019-01-14,0.01933839217061057,1,0.0,0.01933839217061057,0.01933839217061057,2.788615400523786,0.9690857006445439
2019-01-15,-0.0001847688854454118,1,0.0,-0.0001847688854454118,-0.0001847688854454118,2.788100198762389,0.9689066603007864
2019-01-16,0.00785328289194923,1,0.0,0.00785328289194923,0.00785328289194923,2.8100821405820122,0.9765457149677714
2019-01-17,0.009851697290991493,1,0.0,0.009851697290991493,0.009851697290991493,2.837903035697473,0.9862138935306742
2019-01-18,-0.020233582473827443,1,0.0,-0.020233582473827443,-0.020233582473827443,2.7810591080232907,0.9664597756027679
2019-01-22,0.001295936495358741,1,0.0,0.001295936495358741,0.001295936495358741,2.7846655203530726,0.96771305800907
2019-01-23,0.006454609776679472,1,0.0,0.006454609776679472,0.006454609776679472,2.802697582001982,0.9739794700405809
2019-01-24,0.01187770930679204,1,0.0,0.01187770930679204,0.01187770930679204,2.836185696492815,0.9856170923848159
2019-01-25,-0.012429332010859634,1,0.0,-0.012429332010859634,-0.012429332010859634,2.8011519767177897,0.9734423490093087
2019-01-28,-0.009486334537200028,1,0.0,-0.009486334537200028,-0.009486334537200028,2.774704952966055,0.9642516113630922
2019-01-29,0.025119731798589656,1,0.0,0.025119731798589656,0.025119731798589656,2.845287594277502,0.9887801384578643
2019-01-30,0.014857690041312278,1,0.0,0.014857690041312278,0.014857690041312278,2.887877606553022,1.0035808068751477
2019-01-31,-0.004231107888427471,0,0.0005,-0.0005,-0.004231107888427471,2.88643402867429,0.9993435187395543
2019-02-01,0.012345103069648124,0,0.0,0.0,0.012345103069648124,2.88643402867429,1.011756982573405
2019-02-04,0.008809077401738462,1,0.0005,0.008309077401738462,0.008809077401738462,2.9105175497921887,1.020708999761278
2019-02-05,-0.0029863878145905227,1,0.0,-0.0029863878145905227,-0.0029863878145905227,2.9018385814802317,1.0176653139174012
2019-02-06,-0.013520501165940713,0,0.0005,-0.0005,-0.013520501165940713,2.900388024858867,1.0039985676772483
2019-02-07,0.0019596787648646307,1,0.0005,0.0014596787648646307,0.0019596787648646307,2.9046247510459926,1.0059680114585803
2019-02-08,-0.0009496676877072478,1,0.0,-0.0009496676877072478,-0.0009496676877072478,2.9018676321555836,1.0050131296252072
2019-02-11,0.01467797285059108,1,0.0,0.01467797285059108,0.01467797285059108,2.9447752948875747,1.0198734781570762
2019-02-12,0.000701959666145026,0,0.0005,-0.0005,0.000701959666145026,2.943303275275701,1.0205896395321064
2019-02-13,0.0012272449893771938,0,0.0,0.0,0.0012272449893771938,2.943303275275701,1.0218429219384084
2019-02-14,0.004196299431958386,0,0.0,0.0,0.004196299431958386,2.943303275275701,1.0261398901885874
2019-02-15,0.0019754814396118663,0,0.0,0.0,0.0019754814396118663,2.943303275275701,1.0281690140845055
2019-02-19,-0.0001741502921418817,1,0.0005,-0.0006741502921418817,-0.0001741502921418817,2.941319715196739,1.0279899737407479
2019-02-20,-0.003664179514793092,0,0.0005,-0.0005,-0.003664179514793092,2.9398494229428356,1.0242301265218412
2019-02-21,0.007372823737709591,1,0.0005,0.0068728237377095915,0.007372823737709591,2.960124082114285,1.03180950107424
2019-02-22,0.003637312401934372,1,0.0,0.003637312401934372,0.003637312401934372,2.9709105831943483,1.035569348293147
2019-02-25,0.0010368067284400866,0,0.0005,-0.0005,0.0010368067284400866,2.969425499204688,1.0366435903556914
2019-02-26,-0.0006334763666013914,0,0.0,-0.0,-0.0006334763666013914,2.969425499204688,1.0359871090952475
2019-02-27,-0.0023069391395059637,1,0.0005,-0.0028069391395059637,-0.0023069391395059637,2.9611021895258585,1.0335999045118147
2019-02-28,0.006904912640417012,1,0.0,0.006904912640417012,0.006904912640417012,2.981619093662535,1.040761518262113
2019-03-01,0.00017201341747075772,0,0.0005,-0.0005,0.00017201341747075772,2.9801286567559813,1.0409405586058706
2019-03-04,0.0007450497522056488,0,0.0,0.0,0.0007450497522056488,2.9801286567559813,1.0417164000954864
2019-03-05,-0.005687872620895129,1,0.0005,-0.006187872620895129,-0.005687872620895129,2.9617449369513134,1.0358080687514901
2019-03-06,-0.012348340910760211,1,0.0,-0.012348340910760211,-0.012348340910760211,2.925397179889166,1.0230962043447107
2019-03-07,-0.0015178053118169244,1,0.0,-0.0015178053118169244,-0.0015178053118169244,2.9209603644731286,1.0215445213654792
2019-03-08,0.020584710643374235,1,0.0,0.020584710643374235,0.020584710643374235,2.9817106063234786,1.042790642158031
2019-03-11,0.005479153026015892,0,0.0005,-0.0005,0.005479153026015892,2.980220123672032,1.04851993315827
2019-03-12,0.007485149776102208,0,0.0,0.0,0.007485149776102208,2.980220123672032,1.0563977082835982
2019-03-13,-0.001696257333100815,0,0.0,-0.0,-0.001696257333100815,2.980220123672032,1.0546073048460236
2019-03-14,0.00923794098493614,1,0.0005,0.00873794098493614,0.00923794098493614,3.006375215644778,1.0643948436380979
2019-03-15,0.0005605381312688887,0,0.0005,-0.0005,0.0005605381312688887,3.0048724037712327,1.0649916447839562
2019-03-18,0.0033566465082724988,0,0.0,0.0,0.0033566465082724988,3.0048724037712327,1.0685724516591055
2019-03-19,0.003957531432631903,0,0.0,0.0,0.003957531432631903,3.0048724037712327,1.0728097397946985
2019-03-20,0.015511033248345149,0,0.0,0.0,0.015511033248345149,3.0048724037712327,1.089579851993314
2019-03-21,-0.02220898193247269,0,0.0,-0.0,-0.02220898193247269,3.0048724037712327,1.0656481260444004
2019-03-22,-0.0019059370083723587,0,0.0,-0.0,-0.0019059370083723587,3.0048724037712327,1.0636190021484824
2019-03-25,0.004646354259867951,1,0.0005,0.0041463542598679515,0.004646354259867951,3.0173575352647553,1.0685724516591055
2019-03-26,-0.006443501772652333,1,0.0,-0.006443501772652333,-0.006443501772652333,2.997977690721027,1.0617092384817362
2019-03-27,0.002302013874165712,1,0.0,0.002302013874165712,0.002302013874165712,3.0048870266018337,1.0641561231797545
2019-03-28,0.007542567255105284,0,0.0005,-0.0005,0.007542567255105284,3.0033849586368175,1.0722129386488402
2019-03-29,0.013160267347380612,0,0.0,0.0,0.013160267347380612,3.0033849586368175,1.0864168059202655
2019-04-01,0.0037832103680616336,0,0.0,0.0,0.0037832103680616336,3.0033849586368175,1.0905347338266869
2019-04-02,0.005729736556236006,0,0.0,0.0,0.005729736556236006,3.0033849586368175,1.0968011458581979
2019-04-03,-0.00038096275189316697,0,0.0,-0.0,-0.00038096275189316697,3.0033849586368175,1.0963833850560971
2019-04-04,0.005157869023636058,1,0.0005,0.004657869023636059,0.005157869023636058,3.017406963381004,1.10205299594175
2019-04-05,0.002541984656603362,1,0.0,0.002541984656603362,0.002541984656603362,3.025086922618462,1.1048579613272835
2019-04-08,-0.0035172244803363274,1,0.0,-0.0035172244803363274,-0.0035172244803363274,3.014465702396445,1.1009787538792053
2019-04-09,0.005352087380446658,1,0.0,0.005352087380446658,0.005352087380446658,3.030642637811517,1.1068870852232016
2019-04-10,-0.0023751698075707016,1,0.0,-0.0023751698075707016,-0.0023751698075707016,3.0234528887381518,1.1042611601814254
2019-04-11,0.004314303191934536,1,0.0,0.004314303191934536,0.004314303191934536,3.0365251597806346,1.109035569348291
2019-04-12,0.00016142484363384295,1,0.0,0.00016142484363384295,0.00016142484363384295,3.0370153699447275,1.1092146096920483
2019-04-15,0.003437536954676877,1,0.0,0.003437536954676877,0.003437536954676877,3.047473186778713,1.1130341370255408
2019-04-16,0.0034791952665677657,1,0.0,0.0034791952665677657,0.0034791952665677657,3.0580944070007305,1.116913344473619
2019-04-17,0.0012815722371363847,0,0.0005,-0.0005,0.0012815722371363847,3.0565657419953287,1.1183456672236787
2019-04-18,0.00282433376308292,1,0.0005,0.00232433376308292,0.00282433376308292,3.063678483939424,1.1215087132967272
2019-04-22,0.012637981178278824,1,0.0,0.012637981178278824,0.012637981178278824,3.102642892073818,1.1357722606827383
2019-04-23,-0.003157731164481927,0,0.0005,-0.0005,-0.003157731164481927,3.1010919583935124,1.1321914538075892
2019-04-24,0.0040506118141532535,1,0.0005,0.0035506118141532535,0.0040506118141532535,3.112122302785165,1.1367868226306972
2019-04-25,0.0008920841249655017,1,0.0,0.0008920841249655017,0.0008920841249655017,3.1148998163901296,1.1378013845786563
2019-04-26,0.001938848303018774,1,0.0,0.001938848303018774,0.001938848303018774,3.1209449930597564,1.1400095488183315
2019-04-29,-0.007778050564542763,1,0.0,-0.007778050564542763,-0.007778050564542763,3.0967642863812483,1.13117689185963
2019-04-30,-0.0032235079568221584,0,0.0005,-0.0005,-0.0032235079568221584,3.095216291269086,1.1275364048698953
2019-05-01,-0.004349677980297309,0,0.0,-0.0,-0.004349677980297309,3.095216291269086,1.1226426354738581
2019-05-02,0.015822280395960616,0,0.0,0.0,0.015822280395960616,3.095216291269086,1.1405466698496038
2019-05-03,-0.006140945686083469,0,0.0,-0.0,-0.006140945686083469,3.095216291269086,1.1335640964430629
2019-05-06,-0.019672068271733352,0,0.0,-0.0,-0.019672068271733352,3.095216291269086,1.1114824540463097
2019-05-07,-0.002526815139760274,0,0.0,-0.0,-0.002526815139760274,3.095216291269086,1.1086774886607762
2019-05-08,-0.005397541036251191,1,0.0005,-0.0058975410362511905,-0.005397541036251191,3.0770158478586223,1.1027094772021941
2019-05-09,0.001244016711263196,0,0.0005,-0.0005,0.001244016711263196,3.0754777244975777,1.104082119837668
2019-05-10,-0.03531914498925434,0,0.0,-0.0,-0.03531914498925434,3.0754777244975777,1.0657674862735718
2019-05-13,0.01091567978093831,0,0.0,0.0,0.01091567978093831,3.0754777244975777,1.0774647887323923
2019-05-14,0.014025475354504458,1,0.0005,0.013525475354504457,0.014025475354504458,3.1173576068704714,1.0926832179517763
2019-05-15,0.009999539872271949,0,0.0005,-0.0005,0.009999539872271949,3.1157993176718,1.1036643590355673
2019-05-16,-0.01027266690535217,0,0.0,-0.0,-0.01027266690535217,3.1157993176718,1.0923848173788473
2019-05-17,-0.017025673666393366,0,0.0,-0.0,-0.017025673666393366,3.1157993176718,1.0739436619718288
2019-05-20,0.010393150106263788,1,0.0005,0.009893150106263788,0.010393150106263788,3.146777370623615,1.0851635235139632
2019-05-21,-0.004464662232278652,1,0.0,-0.004464662232278652,-0.004464662232278652,3.1327593886063183,1.0803294342325118
2019-05-22,-0.01542046310461944,0,0.0005,-0.0005,-0.01542046310461944,3.1311934004416813,1.0637980424922395
2019-05-23,-0.0005050363452930988,0,0.0,-0.0,-0.0005050363452930988,3.1311934004416813,1.0632609214609672
2019-05-24,-0.003767753648856905,1,0.0005,-0.004267753648856905,-0.003767753648856905,3.1178587132012496,1.0592623537837174
2019-05-28,-0.008259834242374304,1,0.0,-0.008259834242374304,-0.008259834242374304,3.0922117825500925,1.0505490570541878
2019-05-29,0.00419501748991083,0,0.0005,-0.0005,0.00419501748991083,3.0906660631208775,1.0549653855335384
2019-05-30,-0.016081550949840796,1,0.0005,-0.016581550949840797,-0.016081550949840796,3.039840573573049,1.038135593220337
2019-05-31,-0.022263831212518126,1,0.0,-0.022263831212518126,-0.022263831212518126,2.972909907308118,1.0152781093339682
2019-06-03,0.027767485533538947,1,0.0,0.027767485533538947,0.027767485533538947,3.056616928563737,1.0438648842205758
2019-06-04,0.007404909661667588,0,0.0005,-0.0005,0.007404909661667588,3.0550890021129,1.0516232991167325
2019-06-05,0.007913669698596183,0,0.0,0.0,0.007913669698596183,3.0550890021129,1.0599785151587473
2019-06-06,0.019127866046046306,0,0.0,0.0,0.019127866046046306,3.0550890021129,1.0804487944616834
2019-06-07,0.011587487899541555,0,0.0,0.0,0.011587487899541555,3.0550890021129,1.0930412986392914
2019-06-10,0.0013640705975410158,0,0.0,0.0,0.0013640705975410158,3.0550890021129,1.094533301503937
2019-06-11,-0.005796483665607762,0,0.0,-0.0,-0.005796483665607762,3.0550890021129,1.0882072093578399
2019-06-12,0.005905528974041296,1,0.0005,0.005405528974041295,0.005905528974041296,3.071648089223673,1.0946526617331085
2019-06-13,-0.004261602909258052,1,0.0,-0.004261602909258052,-0.004261602909258052,3.058585797709146,1.0899976127954145
2019-06-14,0.006004712621780448,1,0.0,0.006004712621780448,0.006004712621780448,3.0770069780501457,1.0965624253998547
2019-06-17,0.014426834037833668,1,0.0,0.014426834037833668,0.014426834037833668,3.121720206696025,1.1124970159942686
2019-06-18,0.0037481303249868566,0,0.0005,-0.0005,0.0037481303249868566,3.120159736742675,1.116674624015276
2019-06-19,0.009256369952324916,1,0.0005,0.008756369952324915,0.009256369952324916,3.1476009771990205,1.1270589639532087
2019-06-20,-0.0014837584196345874,1,0.0,-0.0014837584196345874,-0.0014837584196345874,3.1429341608176826,1.1253879207448056
2019-06-21,-0.00217662602856918,1,0.0,-0.00217662602856918,-0.00217662602856918,3.1361006082592944,1.122941036046787
2019-06-24,-0.01731528961347688,1,0.0,-0.01731528961347688,-0.01731528961347688,3.082265547860285,1.1036643590355673
2019-06-25,0.004639628521293988,1,0.0,0.004639628521293988,0.004639628521293988,3.0965993410315384,1.1087968488899478
2019-06-26,0.0038142354657910204,1,0.0,0.0038142354657910204,0.0038142354657910204,3.1084330539985032,1.113034137025541
2019-06-27,0.0012860359719095475,1,0.0,0.0012860359719095475,0.0012860359719095475,3.1124331823253644,1.1144664597756007
2019-06-28,0.01340445602430681,1,0.0,0.01340445602430681,0.01340445602430681,3.1544345297574083,1.1295058486512273
2019-07-01,0.003954971274353999,0,0.0005,-0.0005,0.003954971274353999,3.152857706731137,1.1339818572451639
2019-07-02,0.007497741245677286,1,0.0005,0.006997741245677286,0.007497741245677286,3.1749979646978175,1.142516113630936
2019-07-03,-0.0020392697072088863,1,0.0,-0.0020392697072088863,-0.0020392697072088863,3.1685298848491334,1.140188589162089
2019-07-05,-0.007038583528454972,1,0.0,-0.007038583528454972,-0.007038583528454972,3.146306225881858,1.1321914538075892
2019-07-08,0.004995146700978092,1,0.0,0.004995146700978092,0.004995146700978092,3.162061805000449,1.137861064693242
2019-07-09,0.009916056409384444,1,0.0,0.009916056409384444,0.009916056409384444,3.1935729632376297,1.1492002864645479
2019-07-10,-0.0007273105416980584,0,0.0005,-0.0005,-0.0007273105416980584,3.191976575886107,1.1483647648603463
2019-07-11,0.005752056279141461,0,0.0,0.0,0.005752056279141461,3.191976575886107,1.1549892575793723
2019-07-12,0.0031985169654163447,1,0.0005,0.0026985169654163447,0.0031985169654163447,3.2006018112672754,1.1586894246836932
2019-07-15,-0.005163967065386027,1,0.0,-0.005163967065386027,-0.005163967065386027,3.184116610076097,1.1527214132251111
2019-07-16,-0.004930592576098303,1,0.0,-0.004930592576098303,-0.004930592576098303,3.1684556689444774,1.1470518023394582
2019-07-17,0.0011439863969265158,1,0.0,0.0011439863969265158,0.0011439863969265158,3.1720824132065366,1.1483647648603463
2019-07-18,-0.0073547002360748615,1,0.0,-0.0073547002360748615,-0.0073547002360748615,3.148838279526976,1.1399498687037457
2019-07-19,0.007926203044200558,1,0.0,0.007926203044200558,0.007926203044200558,3.1738957853375673,1.1490212461207905
2019-07-22,0.006523112796913776,1,0.0,0.006523112796913776,0.006523112796913776,3.1946671388384518,1.1565409405586036
2019-07-23,0.00699339508846589,0,0.0005,-0.0005,0.00699339508846589,3.193070204535878,1.164657436142275
2019-07-24,-0.009525107412338687,0,0.0,-0.0,-0.009525107412338687,3.193070204535878,1.1536166149438984
2019-07-25,0.01024224708040563,0,0.0,0.0,0.01024224708040563,3.193070204535878,1.1654929577464765
2019-07-26,-0.003436693900847965,1,0.0005,-0.0039366939008479655,-0.003436693900847965,3.180524774497617,1.1614943900692267
2019-07-29,-0.0043254444369848575,1,0.0,-0.0043254444369848575,-0.0043254444369848575,3.1667973014189097,1.1564812604440178
2019-07-30,-0.013926643710630796,1,0.0,-0.013926643710630796,-0.013926643710630796,3.123000125405891,1.140486989735018
2019-07-31,-0.004983616871958593,0,0.0005,-0.0005,-0.004983616871958593,3.1214390156531495,1.1348173788493652
2019-08-01,-0.014834709134572346,0,0.0,-0.0,-0.014834709134572346,3.1214390156531495,1.1181069467653355
2019-08-02,-0.035974320392149185,0,0.0,-0.0,-0.035974320392149185,3.1214390156531495,1.0785987109095228
2019-08-05,0.013901704689519826,1,0.0005,0.013401704689519825,0.013901704689519826,3.163553190084879,1.0936977798997352
2019-08-06,0.005387621532378821,1,0.0,0.005387621532378821,0.005387621532378821,3.1806432133206317,1.0996061112437312
2019-08-07,0.021530455049628208,0,0.0005,-0.0005,0.021530455049628208,3.179053289228118,1.123537837192645
2019-08-08,-0.009446367775719085,0,0.0,-0.0,-0.009446367775719085,3.179053289228118,1.112974456910955
2019-08-09,-0.01154149366320157,0,0.0,-0.0,-0.01154149366320157,3.179053289228118,1.1002029123895896
2019-08-12,0.021678157497129497,1,0.0005,0.021178157497129497,0.021678157497129497,3.2470977655728883,1.1243136786822607
2019-08-13,-0.030340465482212274,0,0.0005,-0.0005,-0.030340465482212274,3.245474622509683,1.090713774170444
2019-08-14,-0.001149708593424824,0,0.0,-0.0,-0.001149708593424824,3.245474622509683,1.089460491764142
2019-08-15,0.01592295142161403,1,0.0005,0.015422951421614029,0.01592295142161403,3.2959174083834237,1.106946765337787
2019-08-16,0.01577952561113908,0,0.0005,-0.0005,0.01577952561113908,3.294269861600252,1.124552399140604
2019-08-19,-0.007778408957216297,0,0.0,-0.0,-0.007778408957216297,3.294269861600252,1.1158391024110743
2019-08-20,0.008839248180450392,0,0.0,0.0,0.008839248180450392,3.294269861600252,1.1257460014323204
2019-08-21,-0.003239084207228336,0,0.0,-0.0,-0.003239084207228336,3.294269861600252,1.1221055144425853
2019-08-22,-0.0321571116345314,1,0.0005,-0.0326571116345314,-0.0321571116345314,3.188426203625557,1.0865958462640224
2019-08-23,0.014991149944020796,1,0.0,0.014991149944020796,0.014991149944020796,3.2365844507830803,1.1030078777751229
2019-08-26,-0.0021123907651796787,1,0.0,-0.0021123907651796787,-0.0021123907651796787,3.22975473573165,1.100680353306276
2019-08-27,0.0035722055739108222,1,0.0,0.0035722055739108222,0.0035722055739108222,3.2413127150494563,1.1046192408689401
2019-08-28,0.015174147082031901,1,0.0,0.015174147082031901,0.015174147082031901,3.2908719293970163,1.121508713296727
2019-08-29,-0.002397507741557309,0,0.0005,-0.0005,-0.002397507741557309,3.289226904722758,1.1188231081403652
2019-08-30,-0.009755651986010931,1,0.0005,-0.010255651986010932,-0.009755651986010931,3.255666126272208,1.107961327285746
2019-09-03,0.014332562583566822,1,0.0,0.014332562583566822,0.014332562583566822,3.30266416138349,1.1239555979947458
2019-09-04,0.01815313851887923,1,0.0,0.01815313851887923,0.01815313851887923,3.3631653632991334,1.1445452375268537
2019-09-05,-0.000991209617634152,0,0.0005,-0.0005,-0.000991209617634152,3.361484200943097,1.143411315349723
2019-09-06,-0.0020899741135886442,0,0.0,-0.0,-0.0020899741135886442,3.361484200943097,1.1410241107662902
2019-09-09,-0.002880865203825782,1,0.0005,-0.003380865203825782,-0.002880865203825782,3.3501386656445296,1.13774170446407
2019-09-10,0.009345618441981035,1,0.0,0.009345618441981035,0.009345618441981035,3.3815945417015154,1.148424444974932
2019-09-11,0.004148737994441241,1,0.0,0.004148737994441241,0.004148737994441241,3.395653033794022,1.1531988541417972
2019-09-12,-0.0035772648770884736,0,0.0005,-0.0005,-0.0035772648770884736,3.3939556316630206,1.1490809262353756
2019-09-13,-0.004476609422735951,1,0.0005,-0.00497660942273595,-0.004476609422735951,3.3771071988940204,1.1439484363809953
2019-09-16,0.004788184436940689,1,0.0,0.004788184436940689,0.004788184436940689,3.393316185867009,1.1494390069228906
2019-09-17,-0.00041545492911648134,1,0.0,-0.00041545492911648134,-0.00041545492911648134,3.3919067087389236,1.1489615660062042
2019-09-18,0.0016607851025127979,1,0.0,0.0016607851025127979,0.0016607851025127979,3.397544617251267,1.1508713296729502
2019-09-19,-0.010635070523235349,1,0.0,-0.010635070523235349,-0.010635070523235349,3.361602950485074,1.1386965862974432
2019-09-20,-0.001573564447430552,1,0.0,-0.001573564447430552,-0.001573564447430552,3.3563174112547514,1.1369061828598686
2019-09-23,-0.013369818938251659,1,0.0,-0.013369818938251659,-0.013369818938251659,3.311742697079032,1.121807113869656
2019-09-24,0.011162660545776122,1,0.0,0.011162660545776122,0.011162660545776122,3.3489176563323,1.134399618047264
2019-09-25,-0.0036894576189261683,0,0.0005,-0.0005,-0.0036894576189261683,3.347243616049081,1.1302220100262566
2019-09-26,-0.012486546760445324,1,0.0005,-0.012986546760445325,-0.012486546760445324,3.3040555194013925,1.1161971830985888
2019-09-27,0.009472186615532,0,0.0005,-0.0005,0.009472186615532,3.302403904579806,1.1268202434948646
2019-09-30,-0.008189792638023712,1,0.0005,-0.008689792638023712,-0.008189792638023712,3.2738310254399656,1.1176295058486485
2019-10-01,-0.017343965947386887,1,0.0,-0.017343965947386887,-0.017343965947386887,3.2175393828815384,1.0984125089520145
2019-10-02,0.010915487174519846,0,0.0005,-0.0005,0.010915487174519846,3.2159310153154967,1.1104678920983502
2019-10-03,0.014618271410890879,0,0.0,0.0,0.014618271410890879,3.2159310153154967,1.1268202434948649
2019-10-04,-0.003023473991333712,0,0.0,-0.0,-0.003023473991333712,3.2159310153154967,1.1234184769634732
2019-10-07,-0.015094222240270763,0,0.0,-0.0,-0.015094222240270763,3.2159310153154967,1.106588684650272
2019-10-08,0.00971428543522503,0,0.0,0.0,0.00971428543522503,3.2159310153154967,1.1173907853903053
2019-10-09,0.007714650801999696,1,0.0005,0.007214650801999695,0.007714650801999696,3.239216732750288,1.1260444020052494
2019-10-10,0.012796720084828902,0,0.0005,-0.0005,0.012796720084828902,3.237597529218529,1.1405466698496034
2019-10-11,-0.0001046572476100016,0,0.0,-0.0,-0.0001046572476100016,3.237597529218529,1.1404273096204318
2019-10-14,0.012636345048491971,1,0.0005,0.01213634504849197,0.012636345048491971,3.2771295317487863,1.154929577464786
2019-10-15,-0.002483444984995618,1,0.0,-0.002483444984995618,-0.002483444984995618,3.2690010583339486,1.1520649319646667
2019-10-16,0.0026384557068810112,1,0.0,0.0026384557068810112,0.0026384557068810112,3.2776375613372144,1.1551086178085437
2019-10-17,-0.009656393173588209,1,0.0,-0.009656393173588209,-0.009656393173588209,3.2461397268547176,1.144008116495581
2019-10-18,0.008829391524138011,1,0.0,0.008829391524138011,0.008829391524138011,3.2749280701989343,1.1541537359751703
2019-10-21,-0.007995058681245656,1,0.0,-0.007995058681245656,-0.007995058681245656,3.2488492179929964,1.1449629983289542
2019-10-22,0.0019267327021770277,1,0.0,0.0019267327021770277,0.0019267327021770277,3.255114916250268,1.1471711625686296
2019-10-23,0.009681419617497473,1,0.0,0.009681419617497473,0.009681419617497473,3.286782093928907,1.158331343996178
2019-10-24,0.007954266658520549,1,0.0,0.007954266658520549,0.007954266658520549,3.313030289330987,1.16758176175698
2019-10-25,0.009816716254157263,1,0.0,0.009816716254157263,0.009816716254157263,3.3457135261864814,1.179100023872043
2019-10-28,-0.007774231883966922,1,0.0,-0.007774231883966922,-0.007774231883966922,3.319804017176686,1.1699689663404127
2019-10-29,0.004834245986917556,1,0.0,0.004834245986917556,0.004834245986917556,3.3358916208102194,1.1756385772260658
2019-10-30,0.0004567716474980824,1,0.0,0.0004567716474980824,0.0004567716474980824,3.3374157095755015,1.1761756982573381
2019-10-31,0.009041607245647412,1,0.0,0.009041607245647412,0.009041607245647412,3.3677281416850007,1.1868584387681995
2019-11-01,0.006165896668277908,1,0.0,0.006165896668277908,0.006165896668277908,3.3885573548105223,1.1941990928622555
2019-11-04,0.0005495740939203912,1,0.0,0.0005495740939203912,0.0005495740939203912,3.3904201299680894,1.1948555741226996
2019-11-05,-0.0022501697120903314,1,0.0,-0.0022501697120903314,-0.0022501697120903314,3.382799686141679,1.1921699689663376
2019-11-06,0.003348412633977959,1,0.0,0.003348412633977959,0.003348412633977959,3.394145680283224,1.1961685366435877
2019-11-07,0.003983473872781267,1,0.0,0.003983473872781267,0.003983473872781267,3.4076931359746205,1.2009429458104532
2019-11-08,-0.0013426491984429654,1,0.0,-0.0013426491984429654,-0.0013426491984429654,3.4031208696787743,1.1993315827166362
2019-11-11,0.0028819895724225258,1,0.0,0.0028819895724225258,0.0028819895724225258,3.412942775055037,1.202793029362614
2019-11-12,0.0002480589400759404,1,0.0,0.0002480589400759404,0.0002480589400759404,3.41378949103575,1.203091429935543
2019-11-13,-0.0007940053019995118,1,0.0,-0.0007940053019995118,-0.0007940053019995118,3.4110799998974706,1.20213654810217
2019-11-14,0.007320604489200247,1,0.0,0.007320604489200247,0.007320604489200247,3.436142792926554,1.2109692050608714
2019-11-15,0.000788216209093131,1,0.0,0.000788216209093131,0.000788216209093131,3.4388522840648337,1.2119240868942445
2019-11-18,0.0014762329223581103,1,0.0,0.0014762329223581103,0.0014762329223581103,3.4439325799491076,1.2137144903318193
2019-11-19,-0.006016984024204093,1,0.0,-0.006016984024204093,-0.006016984024204093,3.4232727100197278,1.2064335163523492
2019-11-20,-0.0022285511266138605,0,0.0005,-0.0005,-0.0022285511266138605,3.4215615015024974,1.2037479111959872
2019-11-21,0.0006443139518616686,1,0.0005,0.00014431395186166856,0.0006443139518616686,3.4220553161956353,1.204523752685603
2019-11-22,0.01177208521536425,1,0.0,0.01177208521536425,0.01177208521536425,3.462578093809011,1.218787300071614
2019-11-25,0.001907884051076143,0,0.0005,-0.0005,0.001907884051076143,3.4608472375122403,1.2211148245404613
2019-11-26,0.006964596518916411,0,0.0,0.0,0.006964596518916411,3.4608472375122403,1.2296490809262333
2019-11-27,-0.004572659619049487,0,0.0,-0.0,-0.004572659619049487,3.4608472375122403,1.2240391501551662
2019-11-29,-0.010291686036547525,1,0.0005,-0.010791686036547525,-0.010291686036547525,3.4236996636993724,1.2115063260921441
2019-12-02,-0.007863347556997443,1,0.0,-0.007863347556997443,-0.007863347556997443,3.3968834939196584,1.2020171878729988
2019-12-03,0.005051516288696206,1,0.0,0.005051516288696206,0.005051516288696206,3.414086319816079,1.2081045595607525
2019-12-04,0.0019740419972102655,1,0.0,0.0019740419972102655,0.0019740419972102655,3.4208325260499697,1.2104917641441852
2019-12-05,0.01064178936771184,0,0.0005,-0.0005,0.01064178936771184,3.419122537319752,1.223442349009308
2019-12-06,-0.004546906897413791,0,0.0,-0.0,-0.004546906897413791,3.419122537319752,1.2178920983528267
2019-12-09,-0.000833394660584824,0,0.0,-0.0,-0.000833394660584824,3.419122537319752,1.216877536404868
2019-12-10,0.005282735823007295,1,0.0005,0.004782735823007296,0.005282735823007295,3.4355144650457126,1.2233229887801365
2019-12-11,0.007436423975283547,1,0.0,0.007436423975283547,0.007436423975283547,3.4611576357527083,1.232454046311767
2019-12-12,0.003287409293690927,0,0.0005,-0.0005,0.003287409293690927,3.459427489507438,1.2365122941036029
2019-12-13,0.009989037580187184,0,0.0,0.0,0.009989037580187184,3.459427489507438,1.2489257579374535
2019-12-16,0.0005732575516467078,0,0.0,0.0,0.0005732575516467078,3.459427489507438,1.2496419193124833
2019-12-17,0.0007638325668555764,1,0.0005,0.00026383256685557634,0.0007638325668555764,3.4603403195536977,1.2505968011458566
2019-12-18,0.006232031777723047,1,0.0,0.006232031777723047,0.006232031777723047,3.481972606924804,1.2584148961565989
2019-12-19,0.004023007532044888,1,0.0,0.004023007532044888,0.004023007532044888,3.4960088239213234,1.2634877058963934
2019-12-20,0.0004722327250583983,0,0.0005,-0.0005,0.0004722327250583983,3.494261256437641,1.2640845070422517
2019-12-23,0.0005191985579071437,0,0.0,0.0,0.0005191985579071437,3.494261256437641,1.2647409883026954
2019-12-24,0.008785379848502394,1,0.0005,0.008285379848502394,0.008785379848502394,3.5233328063467315,1.2759011697302438
2019-12-26,-0.0008423023427331089,1,0.0,-0.0008423023427331089,-0.0008423023427331089,3.5203663443740374,1.2748269276676993
2019-12-27,-0.0065755720466250086,1,0.0,-0.0065755720466250086,-0.0065755720466250086,3.4972938623641894,1.2664717116256845
2019-12-30,0.0018831510673159289,1,0.0,0.0018831510673159289,0.0018831510673159289,3.5038860000812884,1.2688589162091173
2019-12-31,0.01655937272161428,1,0.0,0.01655937272161428,0.01655937272161428,3.5623912223205454,1.290045356887083
2020-01-02,-0.009202091239159759,0,0.0005,-0.0005,-0.009202091239159759,3.5606104719340808,1.2782286941990908
2020-01-03,0.006422510092566968,0,0.0,0.0,0.006422510092566968,3.5606104719340808,1.2864645500119338
2020-01-06,-0.0001391820735736144,1,0.0005,-0.0006391820735736144,-0.0001391820735736144,3.55833532074483,1.2862855096681765
2020-01-07,0.007488247989108504,1,0.0,0.007488247989108504,0.007488247989108504,3.585081032337678,1.2959536882310791
2020-01-08,0.008437707692667998,0,0.0005,-0.0005,0.008437707692667998,3.5832889398819585,1.3069348293148702
2020-01-09,-0.0025604695987694144,0,0.0,-0.0,-0.0025604695987694144,3.5832889398819585,1.3035927428980643
2020-01-10,0.011470834502019503,0,0.0,0.0,0.011470834502019503,3.5832889398819585,1.3186321317736907
2020-01-13,-0.0039453149604297445,0,0.0,-0.0,-0.0039453149604297445,3.5832889398819585,1.3134399618047246
2020-01-14,0.0004088586087619618,0,0.0,0.0,0.0004088586087619618,3.5832889398819585,1.313977082835997
2020-01-15,0.009537873186639468,0,0.0,0.0,0.009537873186639468,3.5832889398819585,1.326569587013605
2020-01-16,0.004936508700959959,0,0.0,0.0,0.004936508700959959,3.5832889398819585,1.3331343996180451
2020-01-17,-0.00044776788461378024,0,0.0,-0.0,-0.00044776788461378024,3.5832889398819585,1.3325375984721868
2020-01-21,0.002638937011723337,0,0.0,0.0,0.002638937011723337,3.5832889398819585,1.3360587252327503
2020-01-22,0.003210991475841103,1,0.0005,0.002710991475841103,0.003210991475841103,3.593016385206499,1.340355693482929
2020-01-23,-0.008450943452309423,0,0.0005,-0.0005,-0.008450943452309423,3.591220326066099,1.329076151826209
2020-01-24,-0.020871901055738516,0,0.0,-0.0,-0.020871901055738516,3.591220326066099,1.301623299116732
2020-01-27,0.015243157161623895,0,0.0,0.0,0.015243157161623895,3.591220326066099,1.3216161375029818
2020-01-28,0.0016243291934908508,0,0.0,0.0,0.0016243291934908508,3.591220326066099,1.3237646216280714
2020-01-29,0.003555279278746457,0,0.0,0.0,0.003555279278746457,3.591220326066099,1.3284793506803512
2020-01-30,-0.01598512539403634,0,0.0,-0.0,-0.01598512539403634,3.591220326066099,1.3074122702315567
2020-01-31,0.014996316827695113,0,0.0,0.0,0.014996316827695113,3.591220326066099,1.327166388159463
2020-02-03,0.022630731288667275,0,0.0,0.0,0.022630731288667275,3.591220326066099,1.3575435664836455
2020-02-04,0.003291714442763105,0,0.0,0.0,0.003291714442763105,3.591220326066099,1.3620195750775819
2020-02-05,0.00859497885114986,0,0.0,0.0,0.00859497885114986,3.591220326066099,1.3737765576509882
2020-02-06,-0.0043100700170990705,0,0.0,-0.0,-0.0043100700170990705,3.591220326066099,1.3678682263069921
2020-02-07,0.012013068119594543,0,0.0,0.0,0.012013068119594543,3.591220326066099,1.3843996180472644
2020-02-10,0.00017242122547983998,0,0.0,0.0,0.00017242122547983998,3.591220326066099,1.3846383385056076
2020-02-11,0.009693822157034635,0,0.0,0.0,0.009693822157034635,3.591220326066099,1.398126044402003
2020-02-12,-0.0012813943321770454,0,0.0,-0.0,-0.0012813943321770454,3.591220326066099,1.3963356409644283
2020-02-13,0.002859522658679185,0,0.0,0.0,0.002859522658679185,3.591220326066099,1.4003342086416781
2020-02-14,0.0003834927716002056,0,0.0,0.0,0.0003834927716002056,3.591220326066099,1.4008713296729505
2020-02-18,0.009539831947798047,0,0.0,0.0,0.009539831947798047,3.591220326066099,1.41429935545476
2020-02-19,-0.009326843938217796,0,0.0,-0.0,-0.009326843938217796,3.591220326066099,1.4011697302458797
2020-02-20,-0.019396371980848107,0,0.0,-0.0,-0.019396371980848107,3.591220326066099,1.3742539985676747
2020-02-21,-0.039326681333394425,0,0.0,-0.0,-0.039326681333394425,3.591220326066099,1.3212580568154666
2020-02-24,-0.027568372879632246,1,0.0005,-0.028068372879632247,-0.027568372879632246,3.491822113591726,1.2853306278348031
2020-02-25,0.005140685165976546,1,0.0,0.005140685165976546,0.005140685165976546,3.509818689466206,1.291955120553829
2020-02-26,-0.051371097235173975,0,0.0005,-0.0005,-0.051371097235173975,3.508064218775697,1.2272618763428005
2020-02-27,0.0007777562126453683,0,0.0,0.0,0.0007777562126453683,3.508064218775697,1.2282167581761736
2020-02-28,0.05031614074355332,0,0.0,0.0,0.05031614074355332,3.508064218775697,1.2915970398663141
2020-03-02,-0.03259269473221566,0,0.0,-0.0,-0.03259269473221566,3.508064218775697,1.2501790403437554
2020-03-03,0.04087545881566572,0,0.0,0.0,0.04087545881566572,3.508064218775697,1.302339460491762
2020-03-04,-0.03085328833875516,0,0.0,-0.0,-0.03085328833875516,3.508064218775697,1.2627715445213632
2020-03-05,-0.017016210963210415,0,0.0,-0.0,-0.017016210963210415,3.508064218775697,1.2414657436142256
2020-03-06,-0.07199502476753283,0,0.0,-0.0,-0.07199502476753283,3.508064218775697,1.1552279780377157
2020-03-09,0.053019860048496924,1,0.0005,0.05251986004849692,0.053019860048496924,3.6972312945674353,1.21813081881117
2020-03-10,-0.04453193645913227,0,0.0005,-0.0005,-0.04453193645913227,3.6953831409970475,1.165075196944376
2020-03-11,-0.0961711178699663,0,0.0,-0.0,-0.0961711178699663,3.6953831409970475,1.0582477918357582
2020-03-12,0.08130862940748297,1,0.0005,0.08080862940748297,0.08130862940748297,4.006399149414312,1.1478873239436598
2020-03-13,-0.12759235014524606,0,0.0005,-0.0005,-0.12759235014524606,4.004396450556042,1.0103843399379309
2020-03-16,0.0731033330005828,1,0.0005,0.0726033330005828,0.0731033330005828,4.305943179411863,1.0870136070661234
2020-03-17,-0.030888333969812817,0,0.0005,-0.0005,-0.030888333969812817,4.303790745975359,1.0539508235855792
2020-03-18,0.005984323171695342,0,0.0,0.0,0.005984323171695342,4.303790745975359,1.0602769157316763
2020-03-19,-0.039963981541159974,0,0.0,-0.0,-0.039963981541159974,4.303790745975359,1.0187395559799457
2020-03-20,-0.0014069647062431945,0,0.0,-0.0,-0.0014069647062431945,4.303790745975359,1.017307233229886
2020-03-23,0.07458555709122454,1,0.0005,0.07408555709122454,0.07458555709122454,4.634747683265529,1.0960849844831684
2020-03-24,-0.007432540500758729,0,0.0005,-0.0005,-0.007432540500758729,4.632430888670812,1.087968488899497
2020-03-25,0.05132072132903687,0,0.0,0.0,0.05132072132903687,4.632430888670812,1.145261398901884
2020-03-26,-0.03499826972234012,0,0.0,-0.0,-0.03499826972234012,4.632430888670812,1.1058725232752429
2020-03-27,0.03572755037142548,0,0.0,0.0,0.03572755037142548,4.632430888670812,1.1460969205060856
2020-03-30,-0.008576561305474645,0,0.0,-0.0,-0.008576561305474645,4.632430888670812,1.136309381714011
2020-03-31,-0.04341858754189147,0,0.0,-0.0,-0.04341858754189147,4.632430888670812,1.0880281690140827
2020-04-01,0.020091900893485837,1,0.0005,0.019591900893485836,0.020091900893485837,4.72408391234006,1.1101098114108359
2020-04-02,-0.01429446614778619,1,0.0,-0.01429446614778619,-0.01429446614778619,4.657036003471839,1.0943542611601795
2020-04-03,0.06905467539770443,1,0.0,0.06905467539770443,0.06905467539770443,4.989989823646981,1.1725948913821895
2020-04-06,-0.00040724903841207315,0,0.0005,-0.0005,-0.00040724903841207315,4.987495452379941,1.172117450465503
2020-04-07,0.02100991707758992,0,0.0,0.0,0.02100991707758992,4.987495452379941,1.1970040582477899
2020-04-08,0.0014448349672376408,0,0.0,0.0,0.0014448349672376408,4.987495452379941,1.1987347815707787
2020-04-09,0.010745603408956932,1,0.0005,0.010245603408956932,0.010745603408956932,5.038858023753647,1.2116853664359015
2020-04-13,0.04257192779420026,1,0.0,0.04257192779420026,0.04257192779420026,5.2580035507681036,1.2643829076151807
2020-04-14,-0.011536124517930372,0,0.0005,-0.0005,-0.011536124517930372,5.255375206133635,1.2498806397708264
2020-04-15,0.01807563172136864,1,0.0005,0.01757563172136864,0.01807563172136864,5.348558221801527,1.2726784435426095
2020-04-16,0.009520770101448988,1,0.0,0.009520770101448988,0.009520770101448988,5.399723796350062,1.2848531869181166
2020-04-17,-0.01191519364971863,1,0.0,-0.01191519364971863,-0.01191519364971863,5.3357668281643935,1.2696347576987328
2020-04-20,-0.03759751306441115,1,0.0,-0.03759751306441115,-0.03759751306441115,5.138879690808511,1.2227858677488639
2020-04-21,0.029242693513624136,1,0.0,0.029242693513624136,0.029242693513624136,5.29137316789434,1.2590713774170423
2020-04-22,-0.002135282787153628,1,0.0,-0.002135282787153628,-0.002135282787153628,5.28008664409687,1.2563857722606806
2020-04-23,0.015647411345085363,0,0.0005,-0.0005,0.015647411345085363,5.277447260675664,1.2761995703031728
2020-04-24,0.008011221234632293,0,0.0,0.0,0.008011221234632293,5.277447260675664,1.2864645500119338
2020-04-27,-0.01901429457896329,0,0.0,-0.0,-0.01901429457896329,5.277447260675664,1.2622344234900909
2020-04-28,0.0348467313301681,1,0.0005,0.0343467313301681,0.0348467313301681,5.461859168127517,1.3069945094294557
2020-04-29,-0.0004110433708623841,0,0.0005,-0.0005,-0.0004110433708623841,5.459128921162075,1.3064573883981834
2020-04-30,-0.0285899236221196,0,0.0,-0.0,-0.0285899236221196,5.459128921162075,1.2696347576987326
2020-05-01,0.011589997948727353,0,0.0,0.0,0.011589997948727353,5.459128921162075,1.2844354261160158
2020-05-04,0.01127345149566946,0,0.0,0.0,0.01127345149566946,5.459128921162075,1.2989973740749559
2020-05-05,0.006137517548585299,0,0.0,0.0,0.006137517548585299,5.459128921162075,1.306994509429456
2020-05-06,0.012794512360094793,0,0.0,0.0,0.012794512360094793,5.459128921162075,1.3238243017426572
2020-05-07,0.013611744145018059,0,0.0,0.0,0.013611744145018059,5.459128921162075,1.3419670565767463
2020-05-08,0.008899179887155818,0,0.0,0.0,0.008899179887155818,5.459128921162075,1.3539627596084962
2020-05-11,-0.021159389835362852,0,0.0,-0.0,-0.021159389835362852,5.459128921162075,1.3256147051802318
2020-05-12,-0.012594739041343601,0,0.0,-0.0,-0.012594739041343601,5.459128921162075,1.309023633325374
2020-05-13,0.011288285426079897,0,0.0,0.0,0.011288285426079897,5.459128921162075,1.3238839818572432
2020-05-14,0.0064704786522029965,0,0.0,0.0,0.0064704786522029965,5.459128921162075,1.3324779183576012
2020-05-15,0.018460697325976636,0,0.0,0.0,0.018460697325976636,5.459128921162075,1.3573048460253025
2020-05-18,-0.0025094116054256957,0,0.0,-0.0,-0.0025094116054256957,5.459128921162075,1.3539030794939109
2020-05-19,0.019771511483120865,0,0.0,0.0,0.019771511483120865,5.459128921162075,1.380938171401287
2020-05-20,-0.010950441843769747,0,0.0,-0.0,-0.010950441843769747,5.459128921162075,1.3658987825256605
2020-05-21,0.0034457975777955527,0,0.0,0.0,0.0034457975777955527,5.459128921162075,1.3706135115779403
2020-05-22,-0.0027032935581837035,0,0.0,-0.0,-0.0027032935581837035,5.459128921162075,1.3669133444736192
2020-05-26,0.005442723470065124,0,0.0,0.0,0.005442723470065124,5.459128921162075,1.3743733587968467
2020-05-27,-0.0013035545428058872,0,0.0,-0.0,-0.0013035545428058872,5.459128921162075,1.3725829553592723
2020-05-28,0.014546495842347183,0,0.0,0.0,0.014546495842347183,5.459128921162075,1.3926951539746937
2020-05-29,0.002995167187154145,0,0.0,0.0,0.002995167187154145,5.459128921162075,1.3968727619957009
2020-06-01,0.006685285389661786,0,0.0,0.0,0.006685285389661786,5.459128921162075,1.4062425399856746
2020-06-02,0.004488489920437749,0,0.0,0.0,0.004488489920437749,5.459128921162075,1.4125686321317714
2020-06-03,-0.00703810248588276,0,0.0,-0.0,-0.00703810248588276,5.459128921162075,1.4026617331105253
2020-06-04,0.019633256184062066,0,0.0,0.0,0.019633256184062066,5.459128921162075,1.4304726665075176
2020-06-05,0.007730069245516757,0,0.0,0.0,0.007730069245516757,5.459128921162075,1.4415731678204802
2020-06-08,0.007218758789061334,0,0.0,0.0,0.007218758789061334,5.459128921162075,1.4520171878729988
2020-06-09,0.011930195429991896,0,0.0,0.0,0.011930195429991896,5.459128921162075,1.469443781332058
2020-06-10,-0.050818863428657046,0,0.0,-0.0,-0.050818863428657046,5.459128921162075,1.3966340415373577
2020-06-11,0.007916619341491557,0,0.0,0.0,0.007916619341491557,5.459128921162075,1.4077345428503203
2020-06-12,0.012093778228536302,0,0.0,0.0,0.012093778228536302,5.459128921162075,1.4248627357364507
2020-06-15,0.017026989430914203,0,0.0,0.0,0.017026989430914203,5.459128921162075,1.4493315827166369
2020-06-16,0.003165665480059003,0,0.0,0.0,0.003165665480059003,5.459128921162075,1.453926951539745
2020-06-17,0.002705474083121122,0,0.0,0.0,0.002705474083121122,5.459128921162075,1.457865839102409
2020-06-18,-0.00016375992831157749,0,0.0,-0.0,-0.00016375992831157749,5.459128921162075,1.4576271186440657
2020-06-19,0.010183802216696122,0,0.0,0.0,0.010183802216696122,5.459128921162075,1.4725471472905207
2020-06-22,0.00847496900350045,0,0.0,0.0,0.00847496900350045,5.459128921162075,1.485079971353543
2020-06-23,-0.020831125799264,0,0.0,-0.0,-0.020831125799264,5.459128921162075,1.4544640725710174
2020-06-24,0.009474485868874432,0,0.0,0.0,0.009474485868874432,5.459128921162075,1.4683098591549275
2020-06-25,-0.023898309590085345,0,0.0,-0.0,-0.023898309590085345,5.459128921162075,1.433635712580566
2020-06-26,0.010847620135889108,0,0.0,0.0,0.010847620135889108,5.459128921162075,1.4492719026020509
2020-06-29,0.0194117505482076,0,0.0,0.0,0.0194117505482076,5.459128921162075,1.477679637144901
2020-06-30,0.011604458757967192,0,0.0,0.0,0.011604458757967192,5.459128921162075,1.494927190260203
2020-07-01,0.006763772105707646,0,0.0,0.0,0.006763772105707646,5.459128921162075,1.5050728097397925
2020-07-02,0.024287299795076073,0,0.0,0.0,0.024287299795076073,5.459128921162075,1.5420744807830005
2020-07-06,-0.006912648885671197,0,0.0,-0.0,-0.006912648885671197,5.459128921162075,1.5314514203867247
2020-07-07,0.013085746153881533,0,0.0,0.0,0.013085746153881533,5.459128921162075,1.5516232991167318
2020-07-08,0.00838812203226087,0,0.0,0.0,0.00838812203226087,5.459128921162075,1.5646932442110262
2020-07-09,0.006804169555916021,0,0.0,0.0,0.006804169555916021,5.459128921162075,1.5753759847218882
2020-07-10,-0.02078503946977746,0,0.0,-0.0,-0.02078503946977746,5.459128921162075,1.542969682501788
2020-07-13,0.00705327546846138,0,0.0,0.0,0.00705327546846138,5.459128921162075,1.553891143470993
2020-07-14,0.0020334958184196005,0,0.0,0.0,0.0020334958184196005,5.459128921162075,1.5570541895440413
2020-07-15,-0.006845917279608777,0,0.0,-0.0,-0.006845917279608777,5.459128921162075,1.5464311291477655
2020-07-16,0.0011570950494533103,0,0.0,0.0,0.0011570950494533103,5.459128921162075,1.5482215325853403
2020-07-17,0.027975978800370758,0,0.0,0.0,0.027975978800370758,5.459128921162075,1.5921460969205037
2020-07-20,-0.010475245566581772,0,0.0,-0.0,-0.010475245566581772,5.459128921162075,1.5755550250656458
2020-07-21,0.003516537002504505,0,0.0,0.0,0.003516537002504505,5.459128921162075,1.5811052757221271
2020-07-22,-0.026467296288418055,0,0.0,-0.0,-0.026467296288418055,5.459128921162075,1.5398066364287397
2020-07-23,-0.00954112812625999,0,0.0,-0.0,-0.00954112812625999,5.459128921162075,1.5251850083552139
2020-07-24,0.017685847266808614,0,0.0,0.0,0.017685847266808614,5.459128921162075,1.5523991406063478
2020-07-27,-0.01280655113334984,0,0.0,-0.0,-0.01280655113334984,5.459128921162075,1.5326450226784414
2020-07-28,0.011460112260218213,0,0.0,0.0,0.011460112260218213,5.459128921162075,1.550310336595844
2020-07-29,0.0052217434832553524,0,0.0,0.0,0.0052217434832553524,5.459128921162075,1.5584268321795156
2020-07-30,0.017688155687949517,0,0.0,0.0,0.017688155687949517,5.459128921162075,1.5862377655765079
2020-07-31,0.013416498871644502,0,0.0,0.0,0.013416498871644502,5.459128921162075,1.607662926712817
2020-08-03,0.003705354765590484,0,0.0,0.0,0.003705354765590484,5.459128921162075,1.613630938171399
2020-08-04,0.002474928770087851,0,0.0,0.0,0.002474928770087851,5.459128921162075,1.617629505848649
2020-08-05,0.013157843443089273,0,0.0,0.0,0.013157843443089273,5.459128921162075,1.639054666984958
2020-08-06,-0.011609513118284858,0,0.0,-0.0,-0.011609513118284858,5.459128921162075,1.6201360706612535
2020-08-07,-0.004282187502634627,0,0.0,-0.0,-0.004282187502634627,5.459128921162075,1.6132131773692981
2020-08-10,-0.01912289831839963,0,0.0,-0.0,-0.01912289831839963,5.459128921162075,1.5826569587013584
2020-08-11,0.024840677696984486,0,0.0,0.0,0.024840677696984486,5.459128921162075,1.6224635951301003
2020-08-12,0.0022779890072762285,0,0.0,0.0,0.0022779890072762285,5.459128921162075,1.626163762234421
2020-08-13,-0.0011750882668264944,0,0.0,-0.0,-0.0011750882668264944,5.459128921162075,1.6242539985676747
2020-08-14,0.01154392888261178,0,0.0,0.0,0.01154392888261178,5.459128921162075,1.6431129147767938
2020-08-17,0.009579136668310152,0,0.0,0.0,0.009579136668310152,5.459128921162075,1.6589281451420363
2020-08-18,-0.0067500752623646226,0,0.0,-0.0,-0.0067500752623646226,5.459128921162075,1.6477679637144882
2020-08-19,0.013776452977931408,0,0.0,0.0,0.013776452977931408,5.459128921162075,1.6706254476008568
2020-08-20,0.006906399826374104,0,0.0,0.0,0.006906399826374104,5.459128921162075,1.682203389830506
2020-08-21,0.006224600115618665,0,0.0,0.0,0.006224600115618665,5.459128921162075,1.6927070899976102
2020-08-24,0.007831608624936195,0,0.0,0.0,0.007831608624936195,5.459128921162075,1.7060157555502482
2020-08-25,0.021114626102462394,0,0.0,0.0,0.021114626102462394,5.459128921162075,1.7424206254475985
2020-08-26,-0.0031217328656869413,0,0.0,-0.0,-0.0031217328656869413,5.459128921162075,1.736989735020289
2020-08-27,0.005072151797392749,0,0.0,0.0,0.005072151797392749,5.459128921162075,1.7458223919789901
2020-08-28,0.008001268406375795,0,0.0,0.0,0.008001268406375795,5.459128921162075,1.7598472189066579
2020-08-31,0.016947278506143453,0,0.0,0.0,0.016947278506143453,5.459128921162075,1.789925996657911
2020-09-01,0.009424640013310049,0,0.0,0.0,0.009424640013310049,5.459128921162075,1.8068751492002837
2020-09-02,-0.052030644690160055,0,0.0,-0.0,-0.052030644690160055,5.459128921162075,1.7152661733110504
2020-09-03,-0.013415497441394782,0,0.0,-0.0,-0.013415497441394782,5.459128921162075,1.692408689424681
2020-09-04,-0.049257513645115845,0,0.0,-0.0,-0.049257513645115845,5.459128921162075,1.6110646932442085
2020-09-08,0.028952609160384182,0,0.0,0.0,0.028952609160384182,5.459128921162075,1.6583910241107638
2020-09-09,-0.02013808012825101,0,0.0,-0.0,-0.02013808012825101,5.459128921162075,1.6253282406302194
2020-09-10,-0.006964047378993226,0,0.0,-0.0,-0.006964047378993226,5.459128921162075,1.6140486989734995
2020-09-11,0.017265508340377485,0,0.0,0.0,0.017265508340377485,5.459128921162075,1.6421580329434209
2020-09-14,0.014074065806247149,0,0.0,0.0,0.014074065806247149,5.459128921162075,1.6654332776318903
2020-09-15,-0.016074903187286063,0,0.0,-0.0,-0.016074903187286063,5.459128921162075,1.6388756266412008
2020-09-16,-0.01574546687074002,0,0.0,-0.0,-0.01574546687074002,5.459128921162075,1.613272857483884
2020-09-17,-0.012844793961652275,0,0.0,-0.0,-0.012844793961652275,5.459128921162075,1.592683217951776
2020-09-18,0.002395300370515444,0,0.0,0.0,0.002395300370515444,5.459128921162075,1.5965027452852683
2020-09-21,0.018408268099480398,0,0.0,0.0,0.018408268099480398,5.459128921162075,1.6261637622344207
2020-09-22,-0.031010236742560208,0,0.0,-0.0,-0.031010236742560208,5.459128921162075,1.5765099068990187
2020-09-23,0.004645462041286863,0,0.0,0.0,0.004645462041286863,5.459128921162075,1.5838505609930744
2020-09-24,0.02298266722034154,0,0.0,0.0,0.02298266722034154,5.459128921162075,1.6206731916925254
2020-09-25,0.020556157882301706,0,0.0,0.0,0.020556157882301706,5.459128921162075,1.6543327763189277
2020-09-28,-0.004519577430237831,0,0.0,-0.0,-0.004519577430237831,5.459128921162075,1.6468727619957002
2020-09-29,0.0068257185503082535,0,0.0,0.0,0.0068257185503082535,5.459128921162075,1.6581523036524202
2020-09-30,0.015747794593952917,0,0.0,0.0,0.015747794593952917,5.459128921162075,1.684471234184767
2020-10-01,-0.028534349316172852,0,0.0,-0.0,-0.028534349316172852,5.459128921162075,1.637085223203626
2020-10-02,0.02110201482394332,1,0.0005,0.020602014823943318,0.02110201482394332,5.5727645179553305,1.671998090236331
2020-10-05,-0.01800812187972839,1,0.0,-0.01800812187972839,-0.01800812187972839,5.47330769831735,1.6421580329434209
2020-10-06,0.017151101401619205,1,0.0,0.017151101401619205,0.017151101401619205,5.567990590612708,1.670565767486271
2020-10-07,0.005308832592146711,1,0.0,0.005308832592146711,0.005308832592146711,5.597628722864825,1.6794581045595582
2020-10-08,0.015164629722688495,0,0.0005,-0.0005,0.015164629722688495,5.594830608090381,1.7051205538314607
2020-10-09,0.030403555101380864,1,0.0005,0.029903555101380864,0.030403555101380864,5.764662567700522,1.7577584148961538
2020-10-12,-3.395297513267283e-05,0,0.0005,-0.0005,-3.395297513267283e-05,5.76178095687941,1.757698734781568
2020-10-13,-0.008387651888190573,0,0.0,-0.0,-0.008387651888190573,5.76178095687941,1.7430174265934566
2020-10-14,-0.00673356948496699,1,0.0005,-0.007233569484966991,-0.00673356948496699,5.72025309239432,1.731320124134636
2020-10-15,-0.005495943734858389,1,0.0,-0.005495943734858389,-0.005495943734858389,5.688901136458757,1.7218309859154906
2020-10-16,-0.016459982666557803,1,0.0,-0.016459982666557803,-0.016459982666557803,5.596028361328879,1.6937216519455693
2020-10-19,0.002147094329006428,1,0.0,0.002147094329006428,0.002147094329006428,5.608056470209819,1.6973621389353044
2020-10-20,-0.0007738304993959688,1,0.0,-0.0007738304993959688,-0.0007738304993959688,5.6037184637281685,1.696049176414416
2020-10-21,-3.518834562357422e-05,1,0.0,-3.518834562357422e-05,-3.518834562357422e-05,5.603521281615366,1.6959894962998303
2020-10-22,0.0019686429756704165,0,0.0005,-0.0005,0.0019686429756704165,5.600720221297993,1.6993315827166362
2020-10-23,-0.015109715814265623,0,0.0,-0.0,-0.015109715814265623,5.600720221297993,1.6738481737884914
2020-10-26,0.007777994568670778,0,0.0,0.0,0.007777994568670778,5.600720221297993,1.686918118882786
2020-10-27,-0.03976710169441418,0,0.0,-0.0,-0.03976710169441418,5.600720221297993,1.6211506326092124
2020-10-28,0.017335251543359836,0,0.0,0.0,0.017335251543359836,5.600720221297993,1.649498687037477
2020-10-29,-0.025689889618281503,0,0.0,-0.0,-0.025689889618281503,5.600720221297993,1.6076629267128173
2020-10-30,0.0022248600100122913,0,0.0,0.0,0.0022248600100122913,5.600720221297993,1.6112437335879668
2020-11-02,0.01714967760794821,0,0.0,0.0,0.01714967760794821,5.600720221297993,1.6391143470995444
2020-11-03,0.04367101794155256,0,0.0,0.0,0.04367101794155256,5.600720221297993,1.7122821675817599
2020-11-04,0.025736841156330015,0,0.0,0.0,0.025736841156330015,5.600720221297993,1.756922893291953
2020-11-05,0.0007470288972188503,0,0.0,0.0,0.0007470288972188503,5.600720221297993,1.758235855812841
2020-11-06,-0.020645452078936744,0,0.0,-0.0,-0.020645452078936744,5.600720221297993,1.722308426832177
2020-11-09,-0.01807709930806962,0,0.0,-0.0,-0.01807709930806962,5.600720221297993,1.6914538075913084
2020-11-10,0.022123097738378752,1,0.0005,0.02162309773837875,0.022123097738378752,5.723143962324203,1.729291000238718
2020-11-11,-0.0047045887243092385,0,0.0005,-0.0005,-0.0047045887243092385,5.720283105616819,1.7211745046550466
2020-11-12,0.008734282995769406,0,0.0,0.0,0.008734282995769406,5.720283105616819,1.736273573645259
2020-11-13,0.007772281605933004,0,0.0,0.0,0.007772281605933004,5.720283105616819,1.7498209596562402
2020-11-16,-0.0031769374424037372,0,0.0,-0.0,-0.0031769374424037372,5.720283105616819,1.744270708999759
2020-11-17,-0.007417871164728044,0,0.0,-0.0,-0.007417871164728044,5.720283105616819,1.7313798042492219
2020-11-18,0.0077941646781052604,1,0.0005,0.00729416467810526,0.0077941646781052604,5.76216033663177,1.744927190260203
2020-11-19,-0.0068639160279282,1,0.0,-0.0068639160279282,-0.0068639160279282,5.722744779229542,1.7329911673430387
2020-11-20,3.4437040484108845e-05,1,0.0,3.4437040484108845e-05,3.4437040484108845e-05,5.7229418570165524,1.7330508474576245
2020-11-23,0.013952283234605959,1,0.0,0.013952283234605959,0.013952283234605959,5.8033495941170985,1.7574003342086393
2020-11-24,0.00612782281445665,0,0.0005,-0.0005,0.00612782281445665,5.800448644617852,1.7682024349486725
2020-11-25,0.009172064502386107,0,0.0,0.0,0.009172064502386107,5.800448644617852,1.7844951062306011
2020-11-27,0.002037987441761449,0,0.0,0.0,0.002037987441761449,5.800448644617852,1.7881355932203364
2020-11-30,0.012734801007859153,0,0.0,0.0,0.012734801007859153,5.800448644617852,1.811052757221291
2020-12-01,0.0012843524842693767,0,0.0,0.0,0.0012843524842693767,5.800448644617852,1.8133802816901385
2020-12-02,0.0014141715477361122,0,0.0,0.0,0.0014141715477361122,5.800448644617852,1.815946526617329
2020-12-03,0.004066912788160347,0,0.0,0.0,0.004066912788160347,5.800448644617852,1.8233468608259704
2020-12-04,0.005646505528883403,1,0.0005,0.005146505528883403,0.005646505528883403,5.830377634433627,1.833671520649317
2020-12-07,0.0033791499808835546,0,0.0005,-0.0005,0.0033791499808835546,5.827463174292164,1.8398782525662423
2020-12-08,-0.02290126332941784,0,0.0,-0.0,-0.02290126332941784,5.827463174292164,1.7982215325853397
2020-12-09,0.004007755890218727,0,0.0,0.0,0.004007755890218727,5.827463174292164,1.8054428264502238
2020-12-10,-0.0022171857453934405,1,0.0005,-0.0027171857453934405,-0.0022171857453934405,5.811650367318982,1.8014442587729742
2020-12-11,0.007229066455404554,0,0.0005,-0.0005,0.007229066455404554,5.808745268470558,1.8145142038672688
2020-12-14,0.010632655418713268,0,0.0,0.0,0.010632655418713268,5.808745268470558,1.8339102411076604
2020-12-15,0.005484622767350809,0,0.0,0.0,0.005484622767350809,5.808745268470558,1.8439961804726643
2020-12-16,0.006516362295330397,0,0.0,0.0,0.006516362295330397,5.808745268470558,1.8560515636189996
2020-12-17,-0.003027085041017978,0,0.0,-0.0,-0.003027085041017978,5.808745268470558,1.8504416328479325
2020-12-18,-0.003683483437152897,0,0.0,-0.0,-0.003683483437152897,5.808745268470558,1.8436380997851494
2020-12-21,0.0027154603871490683,0,0.0,0.0,0.0027154603871490683,5.808745268470558,1.8486512294103583
2020-12-22,-0.0050488812021968615,0,0.0,-0.0,-0.0050488812021968615,5.808745268470558,1.8393411315349704
2020-12-23,0.00440301151624309,0,0.0,0.0,0.00440301151624309,5.808745268470558,1.847457627118642
2020-12-24,0.010028368949871249,0,0.0,0.0,0.010028368949871249,5.808745268470558,1.866077822869418
2020-12-28,0.000895083494322645,0,0.0,0.0,0.000895083494322645,5.808745268470558,1.8677488660778205
2020-12-29,3.1952454750163e-05,0,0.0,0.0,3.1952454750163e-05,5.808745268470558,1.8678085461924065
2020-12-30,0.002457278126891703,0,0.0,0.0,0.002457278126891703,5.808745268470558,1.8724039150155147
2020-12-31,-0.014220607189549749,0,0.0,-0.0,-0.014220607189549749,5.808745268470558,1.8459656242539964
2021-01-04,0.008210358918194898,0,0.0,0.0,0.008210358918194898,5.808745268470558,1.8611840534733803
2021-01-05,-0.01394920906919252,0,0.0,-0.0,-0.01394920906919252,5.808745268470558,1.8354022439723063
2021-01-06,0.02390398465888784,0,0.0,0.0,0.02390398465888784,5.808745268470558,1.8798042492241565
2021-01-07,0.012775997503708074,0,0.0,0.0,0.012775997503708074,5.808745268470558,1.9039746956314134
2021-01-08,-0.014555470486774837,0,0.0,-0.0,-0.014555470486774837,5.808745268470558,1.8764621628073506
2021-01-11,-0.0015914953863695644,0,0.0,-0.0,-0.0015914953863695644,5.808745268470558,1.8734781570780596
2021-01-12,0.006730611477534357,0,0.0,0.0,0.006730611477534357,5.808745268470558,1.8861303413702537
2021-01-13,-0.005361773025462388,0,0.0,-0.0,-0.005361773025462388,5.808745268470558,1.8760444020052502
2021-01-14,-0.007952645672330727,0,0.0,-0.0,-0.007952645672330727,5.808745268470558,1.8611840534733808
2021-01-15,0.014484471799893239,0,0.0,0.0,0.014484471799893239,5.808745268470558,1.888338505609929
2021-01-19,0.02299454621082845,0,0.0,0.0,0.02299454621082845,5.808745268470558,1.932263069945092
2021-01-20,0.007967679393138392,0,0.0,0.0,0.007967679393138392,5.808745268470558,1.9477202196228196
2021-01-21,-0.002884410849426464,0,0.0,-0.0,-0.002884410849426464,5.808745268470558,1.9421102888517527
2021-01-22,0.008232262304071238,0,0.0,0.0,0.008232262304071238,5.808745268470558,1.9581642396753383
2021-01-25,0.0014618549885205613,0,0.0,0.0,0.0014618549885205613,5.808745268470558,1.9610288851754574
2021-01-26,-0.02827261552217471,0,0.0,-0.0,-0.02827261552217471,5.808745268470558,1.9063619002148464
2021-01-27,0.0058993538240218,0,0.0,0.0,0.0058993538240218,5.808745268470558,1.9176414418715666
2021-01-28,-0.021262674346810048,0,0.0,-0.0,-0.021262674346810048,5.808745268470558,1.8772976844115523
2021-01-29,0.02468020648905085,0,0.0,0.0,0.02468020648905085,5.808745268470558,1.9242062544760072
2021-02-01,0.016182478963235894,0,0.0,0.0,0.016182478963235894,5.808745268470558,1.9555979947481485
2021-02-02,-0.003975175708299717,0,0.0,-0.0,-0.003975175708299717,5.808745268470558,1.9478395798519919
2021-02-03,0.011757316150354732,0,0.0,0.0,0.011757316150354732,5.808745268470558,1.9708761040821183
2021-02-04,0.0033857347941309247,0,0.0,0.0,0.0033857347941309247,5.808745268470558,1.9775602769157306
2021-02-05,0.00667731900175306,0,0.0,0.0,0.00667731900175306,5.808745268470558,1.9908092623537825
2021-02-08,-0.0002098667353937527,0,0.0,-0.0,-0.0002098667353937527,5.808745268470558,1.9903915015516818
2021-02-09,-0.002281392638412293,0,0.0,-0.0,-0.002281392638412293,5.808745268470558,1.9858558128431594
2021-02-10,0.005484556627913661,0,0.0,0.0,0.005484556627913661,5.808745268470558,1.9967772738123646
2021-02-11,0.005573535731192325,0,0.0,0.0,0.005573535731192325,5.808745268470558,2.007937455239913
2021-02-12,-0.0027083752920725175,0,0.0,-0.0,-0.0027083752920725175,5.808745268470558,2.0025065648126037
2021-02-16,-0.004809784169010312,0,0.0,-0.0,-0.004809784169010312,5.808745268470558,1.9928980663642863
2021-02-17,-0.004381759711816011,0,0.0,-0.0,-0.004381759711816011,5.808745268470558,1.984184769634757
2021-02-18,-0.0043708339490337285,0,0.0,-0.0,-0.0043708339490337285,5.808745268470558,1.975531153019813
2021-02-19,-0.026261724096994198,0,0.0,-0.0,-0.026261724096994198,5.808745268470558,1.9243256147051795
2021-02-22,-0.0029817390708824745,0,0.0,-0.0,-0.0029817390708824745,5.808745268470558,1.9185963237049406
2021-02-23,0.008209336542648703,0,0.0,0.0,0.008209336542648703,5.808745268470558,1.934411554070183
2021-02-24,-0.035484757886493024,0,0.0,-0.0,-0.035484757886493024,5.808745268470558,1.866973024588206
2021-02-25,0.004178834414212891,0,0.0,0.0,0.004178834414212891,5.808745268470558,1.8747911195989484
2021-02-26,0.02963853594338448,0,0.0,0.0,0.02963853594338448,5.808745268470558,1.9311888278825484
2021-03-01,-0.016168828388042816,0,0.0,-0.0,-0.016168828388042816,5.808745268470558,1.9002148484125079
2021-03-02,-0.029449511731557607,0,0.0,-0.0,-0.029449511731557607,5.808745268470558,1.8450704225352104
2021-03-03,-0.016502347555351262,0,0.0,-0.0,-0.016502347555351262,5.808745268470558,1.8148722845547853
2021-03-04,0.014948546906083337,0,0.0,0.0,0.014948546906083337,5.808745268470558,1.842205777035091
2021-03-05,-0.028722686935868304,0,0.0,-0.0,-0.028722686935868304,5.808745268470558,1.7900453568870844
2021-03-08,0.038683281818360685,0,0.0,0.0,0.038683281818360685,5.808745268470558,1.860646932442109
2021-03-09,-0.002858750842764795,0,0.0,-0.0,-0.002858750842764795,5.808745268470558,1.8553354022439712
2021-03-10,0.02277017540415294,0,0.0,0.0,0.02277017540415294,5.808745268470558,1.8980663642874187
2021-03-11,-0.008145269973954867,0,0.0,-0.0,-0.008145269973954867,5.808745268470558,1.882668894724277
2021-03-12,0.010626154315155074,0,0.0,0.0,0.010626154315155074,5.808745268470558,1.9027810933396985
2021-03-15,0.005473809823251982,1,0.0005,0.004973809823251981,0.005473809823251982,5.837708832667448,1.913225113392217
2021-03-16,0.004109083107027532,0,0.0005,-0.0005,0.004109083107027532,5.834790707843115,1.9211028885175452
2021-03-17,-0.03110955358465,1,0.0005,-0.03160955358465,-0.03110955358465,5.653240062060309,1.862258295535927
2021-03-18,0.0035189901632644116,1,0.0,0.0035189901632644116,0.0035189901632644116,5.6731688021842235,1.868823108140367
2021-03-19,0.0173174094195227,1,0.0,0.0173174094195227,0.0173174094195227,5.77226899170951,1.9014681308188108
2021-03-22,-0.0043722448274856164,1,0.0,-0.0043722448274856164,-0.0043722448274856164,5.747086311007472,1.8931725948913818
2021-03-23,-0.01700910516227394,1,0.0,-0.01700910516227394,-0.01700910516227394,5.650160165859341,1.8612437335879681
2021-03-24,-0.0017329914478391893,1,0.0,-0.0017329914478391893,-0.0017329914478391893,5.640376966162147,1.8580210074003336
2021-03-25,0.014888770721611318,1,0.0,0.014888770721611318,0.014888770721611318,5.724983526506402,1.8858916209119116
2021-03-26,-0.00028485069268892343,1,0.0,-0.00028485069268892343,-0.00028485069268892343,5.7233529932235365,1.8853544998806393
2021-03-29,-0.005045787644018939,1,0.0,-0.005045787644018939,-0.005045787644018939,5.694546905226241,1.8758653616614938
2021-03-30,0.015186968030459005,1,0.0,0.015186968030459005,0.015186968030459005,5.781689850677178,1.904571496777273
2021-03-31,0.01690268608692829,1,0.0,0.01690268608692829,0.01690268608692829,5.880246529108174,1.937037479111959
2021-04-01,0.019768192003263404,1,0.0,0.019768192003263404,0.019768192003263404,5.997644925474507,1.9757101933635703
2021-04-05,-0.0006950005567801158,1,0.0,-0.0006950005567801158,-0.0006950005567801158,5.993478007084961,1.9743375507280965
2021-04-06,0.002415314259151531,1,0.0,0.002415314259151531,0.002415314259151531,6.00797163626599,1.979111959894962
2021-04-07,0.010379574212382154,1,0.0,0.010379574212382154,0.010379574212382154,6.07065658247394,1.9997612795416557
2021-04-08,0.006039977302311998,1,0.0,0.006039977302311998,0.006039977302311998,6.107434166520801,2.011876342802577
2021-04-09,-0.0013060644796407015,1,0.0,-0.0013060644796407015,-0.0013060644796407015,6.099462670471235,2.0092504177608013
2021-04-12,0.01160554612030789,1,0.0,0.01160554612030789,0.01160554612030789,6.1706626238230395,2.0327047027930285
2021-04-13,-0.012080901903346255,1,0.0,-0.012080901903346255,-0.012080901903346255,6.096563944635029,2.0082955359274277
2021-04-14,0.015041869165381671,1,0.0,0.015041869165381671,0.015041869165381671,6.188960830664088,2.038732394366196
2021-04-15,0.0011702409105900607,1,0.0,0.0011702409105900607,0.0011702409105900607,6.196207645254603,2.0411195989496287
2021-04-16,-0.009193913988171723,1,0.0,-0.009193913988171723,-0.009193913988171723,6.139501321083827,2.0224397230842674
2021-04-19,-0.007315408240020385,1,0.0,-0.007315408240020385,-0.007315408240020385,6.0947522409874,2.00769873478157
2021-04-20,0.008524544739576688,1,0.0,0.008524544739576688,0.008524544739576688,6.146929306039104,2.024886607782286
2021-04-21,-0.01212783030467,1,0.0,-0.01212783030467,-0.01212783030467,6.072830626851094,2.0004774409166854
2021-04-22,0.012510909975191366,0,0.0005,-0.0005,0.012510909975191366,6.069794970514996,2.025662449271901
2021-04-23,0.006490001489219565,0,0.0,0.0,0.006490001489219565,6.069794970514996,2.0388517545953673
2021-04-26,-0.004341583281269299,0,0.0,-0.0,-0.004341583281269299,6.069794970514996,2.0300190976366657
2021-04-27,-0.003386589410619481,0,0.0,-0.0,-0.003386589410619481,6.069794970514996,2.0231558844592965
2021-04-28,0.0035923598009865968,0,0.0,0.0,0.0035923598009865968,6.069794970514996,2.0304368584387666
2021-04-29,-0.006576157934902984,0,0.0,-0.0,-0.006576157934902984,6.069794970514996,2.0171281928861284
2021-04-30,-0.005339832914267156,0,0.0,-0.0,-0.005339832914267156,6.069794970514996,2.006385772260681
2021-05-03,-0.018159669412871823,0,0.0,-0.0,-0.018159669412871823,6.069794970514996,1.9702793029362597
2021-05-04,-0.0033678749008255334,0,0.0,-0.0,-0.0033678749008255334,6.069794970514996,1.9636548102172335
2021-05-05,0.00750904306488462,0,0.0,0.0,0.00750904306488462,6.069794970514996,1.978455478634517
2021-05-06,0.008081641077839272,0,0.0,0.0,0.008081641077839272,6.069794970514996,1.9945094294581025
2021-05-07,-0.02557870223919006,0,0.0,-0.0,-0.02557870223919006,6.069794970514996,1.9441394127476705
2021-05-10,-0.0013823400606920969,0,0.0,-0.0,-0.0013823400606920969,6.069794970514996,1.9414538075913088
2021-05-11,-0.026223863358230678,0,0.0,-0.0,-0.026223863358230678,6.069794970514996,1.8912031511100482
2021-05-12,0.007701655408374812,0,0.0,0.0,0.007701655408374812,6.069794970514996,1.9058247791835743
2021-05-13,0.021836619454164537,0,0.0,0.0,0.021836619454164537,6.069794970514996,1.9478992599665776
2021-05-14,-0.006084837459010255,0,0.0,-0.0,-0.006084837459010255,6.069794970514996,1.9360825972785853
2021-05-17,-0.006773605843868769,0,0.0,-0.0,-0.006773605843868769,6.069794970514996,1.923012652184291
2021-05-18,0.0011476250077039113,0,0.0,0.0,0.0011476250077039113,6.069794970514996,1.925220816423966
2021-05-19,0.019158732825197068,0,0.0,0.0,0.019158732825197068,6.069794970514996,1.9624612079255177
2021-05-20,-0.0055501484263233624,0,0.0,-0.0,-0.0055501484263233624,6.069794970514996,1.9515994270708985
2021-05-21,0.016679183362210984,0,0.0,0.0,0.016679183362210984,6.069794970514996,1.9844234900930993
2021-05-24,0.001382461000368488,0,0.0,0.0,0.001382461000368488,6.069794970514996,1.987168775364047
2021-05-25,0.003477742974527666,1,0.0005,0.002977742974527666,0.003477742974527666,6.08789619686985,1.994091668656002
2021-05-26,-0.003748074131839679,1,0.0,-0.003748074131839679,-0.003748074131839679,6.065121018807158,1.9866316543327747
2021-05-27,0.0031493254985583545,1,0.0,0.0031493254985583545,0.0031493254985583545,6.0842521683798205,1.992898066364286
2021-05-28,-0.003329586878045952,1,0.0,-0.003329586878045952,-0.003329586878045952,6.06402781026015,1.98627357364526
2021-06-01,0.001951102991795995,1,0.0,0.001951102991795995,0.001951102991795995,6.075870902852752,1.9901527810933388
2021-06-02,-0.010460251826468162,1,0.0,-0.010460251826468162,-0.010460251826468162,6.012647008550717,1.9694437813320589
2021-06-03,0.0168273201325253,1,0.0,0.0168273201325253,0.0168273201325253,6.114679806271578,2.0028646455001184
2021-06-04,0.0029753071636545734,1,0.0,0.0029753071636545734,0.0029753071636545734,6.132899948721733,2.0088326569587003
2021-06-07,0.00047522871275754457,1,0.0,0.00047522871275754457,0.00047522871275754457,6.135815171513758,2.0097875387920734
2021-06-08,0.00023752969232825201,1,0.0,0.00023752969232825201,0.00023752969232825201,6.13727278290977,2.01026497970876
2021-06-09,0.010366459732169186,1,0.0,0.010366459732169186,0.010366459732169186,6.201225482909811,2.0312126999283833
2021-06-10,0.0026115421465336456,1,0.0,0.0026115421465336456,0.0026115421465336456,6.217441409690448,2.0365242301265214
2021-06-11,0.009537075568124666,1,0.0,0.009537075568124666,0.009537075568124666,6.277021275502451,2.0560396275960846
2021-06-14,-0.0065524354593130075,1,0.0,-0.0065524354593130075,-0.0065524354593130075,6.236025954989605,2.0426116018142753
2021-06-15,-0.0036588797825768374,1,0.0,-0.0036588797825768374,-0.0036588797825768374,6.213250776926913,2.0351515874910477
2021-06-16,0.012617636617555295,1,0.0,0.012617636617555295,0.012617636617555295,6.292143993736079,2.0609930771067075
2021-06-17,-0.007878291253658777,0,0.0005,-0.0005,-0.007878291253658777,6.28899870812614,2.0448197660539504
2021-06-18,0.005036474059128624,0,0.0,0.0,0.005036474059128624,6.28899870812614,2.0551444258772977
2021-06-21,0.009278461777933037,1,0.0005,0.008778461777933037,0.009278461777933037,6.344449473024705,2.0743017426593457
2021-06-22,0.0004889905319567756,1,0.0,0.0004889905319567756,0.0004889905319567756,6.34755260738732,2.0753163046073047
2021-06-23,0.006163745271424475,1,0.0,0.006163745271424475,0.006163745271424475,6.386798130208631,2.088147529243256
2021-06-24,-0.001229713460175908,0,0.0005,-0.0005,-0.001229713460175908,6.383605529360252,2.0855812843160657
2021-06-25,0.012088262448238272,1,0.0005,0.011588262448238271,0.012088262448238272,6.4580107063189605,2.110945333015039
2021-06-28,0.0036122517054466975,0,0.0005,-0.0005,0.0036122517054466975,6.454782508082615,2.118584387682024
2021-06-29,-0.0015787548034030489,0,0.0,-0.0,-0.0015787548034030489,6.454782508082615,2.1152423012652184
2021-06-30,0.00039492243108482346,1,0.0005,-0.00010507756891517655,0.00039492243108482346,6.454104290862122,2.11607782286942
2021-07-01,0.011413312154925042,1,0.0,0.011413312154925042,0.011413312154925042,6.528188969384865,2.1403676295058482
2021-07-02,0.004312570155042753,0,0.0005,-0.0005,0.004312570155042753,6.524925690787807,2.1496180472666504
2021-07-06,0.0021077745829432924,0,0.0,0.0,0.0021077745829432924,6.524925690787807,2.154153735975173
2021-07-07,-0.0060579299363442635,0,0.0,-0.0,-0.0060579299363442635,6.524925690787807,2.141143470995464
2021-07-08,0.006224144131419101,0,0.0,0.0,0.006224144131419101,6.524925690787807,2.154511816662688
2021-07-09,0.003898101503766811,0,0.0,0.0,0.003898101503766811,6.524925690787807,2.1629267128192886
2021-07-12,0.0,1,0.0005,-0.0005,0.0,6.521664043422206,2.1629267128192886
2021-07-13,0.0017918928556496538,0,0.0005,-0.0005,0.0017918928556496538,6.518404026472649,2.1668059202673664
2021-07-14,-0.007048219451452386,0,0.0,-0.0,-0.007048219451452386,6.518404026472649,2.1515874910479824
2021-07-15,-0.0081323903888498,0,0.0,-0.0,-0.0081323903888498,6.518404026472649,2.1341608975889232
2021-07-16,-0.008227263613804086,0,0.0,-0.0,-0.008227263613804086,6.518404026472649,2.116674624015278
2021-07-19,0.011549479430646919,0,0.0,0.0,0.011549479430646919,6.518404026472649,2.141262831224636
2021-07-20,0.0076907438140083025,0,0.0,0.0,0.0076907438140083025,6.518404026472649,2.157794222964908
2021-07-21,0.006588492634056672,0,0.0,0.0,0.006588492634056672,6.518404026472649,2.1720577703509187
2021-07-22,0.011609773234710484,0,0.0,0.0,0.011609773234710484,6.518404026472649,2.1974218190498918
2021-07-23,0.000787305420135338,0,0.0,0.0,0.000787305420135338,6.518404026472649,2.199152542372881
2021-07-26,-0.011079085108937655,0,0.0,-0.0,-0.011079085108937655,6.518404026472649,2.174922415851038
2021-07-27,0.0038342555122185583,0,0.0,0.0,0.0038342555122185583,6.518404026472649,2.1832776318930533
2021-07-28,0.0017752049560930741,0,0.0,0.0,0.0017752049560930741,6.518404026472649,2.1871568393411316
2021-07-29,-0.005225372672094733,1,0.0005,-0.0057253726720947334,-0.005225372672094733,6.481190366883554,2.1757579374552396
2021-07-30,8.228533817067499e-05,0,0.0005,-0.0005,8.228533817067499e-05,6.477950581713901,2.175936977798997
2021-08-02,0.006043140579645751,0,0.0,0.0,0.006043140579645751,6.477950581713901,2.189126283122463
2021-08-03,0.0014438468761805681,0,0.0,0.0,0.0014438468761805681,6.477950581713901,2.192289329195512
2021-08-04,0.006322866073766327,0,0.0,0.0,0.006322866073766327,6.477950581713901,2.2061947958940085
2021-08-05,-0.004391917269440143,0,0.0,-0.0,-0.004391917269440143,6.477950581713901,2.1965266173311058
2021-08-06,0.0018458703902841309,1,0.0005,0.0013458703902841308,0.0018458703902841309,6.486674933197806,2.2005848651229414
2021-08-09,-0.005138883204255737,1,0.0,-0.005138883204255737,-0.005138883204255737,6.453426172251465,2.1893053234662214
2021-08-10,-0.0017188463409254868,1,0.0,-0.0017188463409254868,-0.0017188463409254868,6.442343251936018,2.1855454762473148
2021-08-11,0.0035980086243709553,1,0.0,0.0035980086243709553,0.0035980086243709553,6.465564608787431,2.193423251372643
2021-08-12,0.003503772172784234,1,0.0,0.003503772172784234,0.003503772172784234,6.488258207528583,2.201121986154214
2021-08-13,0.00043372188264625836,1,0.0,0.00043372188264625836,0.00043372188264625836,6.491072917449967,2.202076867987587
2021-08-16,-0.00884708578445474,0,0.0005,-0.0005,-0.00884708578445474,6.487828192240142,2.1826808307471954
2021-08-17,-0.009671202121204325,0,0.0,-0.0,-0.009671202121204325,6.487828192240142,2.1616734304129865
2021-08-18,0.004819817364529783,1,0.0005,0.004319817364529783,0.004819817364529783,6.515915046486443,2.1721174504655054
2021-08-19,0.010305001741887896,0,0.0005,-0.0005,0.010305001741887896,6.51265790331685,2.1946168536643595
2021-08-20,0.014845878364131624,0,0.0,0.0,0.014845878364131624,6.51265790331685,2.227440916686561
2021-08-23,0.0030497615933632012,0,0.0,0.0,0.0030497615933632012,6.51265790331685,2.2342444497493443
2021-08-24,0.001147937176394563,0,0.0,0.0,0.001147937176394563,6.51265790331685,2.2368106946765347
2021-08-25,-0.006370300710650763,1,0.0005,-0.006870300710650763,-0.006370300710650763,6.468067335792603,2.2226068274051096
2021-08-26,0.009673271056733873,1,0.0,0.009673271056733873,0.009673271056733873,6.530938298027632,2.2442110288851764
2021-08-27,0.011159708571089812,1,0.0,0.011159708571089812,0.011159708571089812,6.6042298617380775,2.2693960372403925
2021-08-30,-0.0008155641656460647,0,0.0005,-0.0005,-0.0008155641656460647,6.600928572198371,2.267545953688232
2021-08-31,0.0016567397580668738,0,0.0,0.0,0.0016567397580668738,6.600928572198371,2.2713058009071387
2021-09-01,-0.00047307420262558984,1,0.0005,-0.0009730742026255899,-0.00047307420262558984,6.594508502999832,2.270231558844594
2021-09-02,0.0030709894602675763,1,0.0,0.0030709894602675763,0.0030709894602675763,6.614791297291394,2.2772141322511352
2021-09-03,0.0014142051382750387,1,0.0,0.0014142051382750387,0.0014142051382750387,6.6241525869644216,2.2804368584387698
2021-09-07,-0.003486744740247531,1,0.0,-0.003486744740247531,-0.003486744740247531,6.6010960772141845,2.272499403198855
2021-09-08,-0.0034462382019701393,1,0.0,-0.0034462382019701393,-0.0034462382019701393,6.578386281896284,2.264681308188113
2021-09-09,-0.007618479829333519,1,0.0,-0.007618479829333519,-0.007618479829333519,6.528459403640133,2.2474934351873967
2021-09-10,-0.0006906444518269576,1,0.0,-0.0006906444518269576,-0.0006906444518269576,6.523952116019786,2.2459417522081653
2021-09-13,-0.002847298987171167,0,0.0005,-0.0005,-0.002847298987171167,6.520690955319893,2.239555979947483
2021-09-14,0.007407342945050394,0,0.0,0.0,0.007407342945050394,6.520690955319893,2.2562067319169268
2021-09-15,0.0006875033323840259,0,0.0,0.0,0.0006875033323840259,6.520690955319893,2.257758414896158
2021-09-16,-0.011912816713777053,0,0.0,-0.0,-0.011912816713777053,6.520690955319893,2.2310217235617102
2021-09-17,-0.0219878234675504,0,0.0,-0.0,-0.0219878234675504,6.520690955319893,2.1825017904034385
2021-09-20,0.0012297603517432778,0,0.0,0.0,0.0012297603517432778,6.520690955319893,2.1851873955598005
2021-09-21,0.009297082134913773,1,0.0005,0.008797082134913772,0.009297082134913773,6.578307064483585,2.2055979947481514
2021-09-22,0.00918463126130792,0,0.0005,-0.0005,0.00918463126130792,6.575018733102696,2.225948913821916
2021-09-23,0.0009379481064417124,0,0.0,0.0,0.0009379481064417124,6.575018733102696,2.2280377178324198
2021-09-24,-0.008014242550443675,0,0.0,-0.0,-0.008014242550443675,6.575018733102696,2.210253043685846
2021-09-27,-0.028705649336571663,1,0.0005,-0.029205649336571663,-0.028705649336571663,6.38576808750003,2.1477082835999064
2021-09-28,-0.0016408263432440527,1,0.0,-0.0016408263432440527,-0.0016408263432440527,6.375298742537613,2.144187156839343
2021-09-29,-0.003680780464825134,1,0.0,-0.003680780464825134,-0.003680780464825134,6.351875801265765,2.1363093817140144
2021-09-30,0.006182658177149255,1,0.0,0.006182658177149255,0.006182658177149255,6.391268929768419,2.1495583671520664
2021-10-01,-0.02121291663919265,0,0.0005,-0.0005,-0.02121291663919265,6.388074094079016,2.1044402005251865
2021-10-04,0.013408651597901122,0,0.0,0.0,0.013408651597901122,6.388074094079016,2.132847935068037
2021-10-05,0.006387302937156843,0,0.0,0.0,0.006387302937156843,6.388074094079016,2.14651468130819
2021-10-06,0.009133241833824296,0,0.0,0.0,0.009133241833824296,6.388074094079016,2.1662091191215107
2021-10-07,-0.004999112782217772,1,0.0005,-0.005499112782217772,-0.004999112782217772,6.353041765818704,2.155407018381477
2021-10-08,-0.007699294513479498,1,0.0,-0.007699294513479498,-0.007699294513479498,6.304315645286756,2.138875626641205
2021-10-11,-0.003493917156820374,1,0.0,-0.003493917156820374,-0.003493917156820374,6.282327323747069,2.1314156123179773
2021-10-12,0.007976169681177127,1,0.0,0.007976169681177127,0.007976169681177127,6.332636603429873,2.148484125089522
2021-10-13,0.018249133667863255,1,0.0,0.018249133667863255,0.018249133667863255,6.449262660876373,2.188052041059921
2021-10-14,0.00628086407541458,0,0.0005,-0.0005,0.00628086407541458,6.446038835569425,2.2018381475292457
2021-10-15,0.010005612134269403,1,0.0005,0.009505612134269403,0.010005612134269403,6.50760452676158,2.223979470040585
2021-10-18,0.007538933209466775,1,0.0,0.007538933209466775,0.007538933209466775,6.556850319772362,2.2408092623537863
2021-10-19,-0.0013058833223649194,1,0.0,-0.0013058833223649194,-0.0013058833223649194,6.5482934266605595,2.2378849367390807
2021-10-20,0.006088420269777251,1,0.0,0.006088420269777251,0.006088420269777251,6.58828380467286,2.2515516829792337
2021-10-21,-0.008437970130481507,1,0.0,-0.008437970130481507,-0.008437970130481507,6.532925945153648,2.232633086655529
2021-10-22,0.010185851931408342,1,0.0,0.010185851931408342,0.010185851931408342,6.599809415803043,2.2554905705418973
2021-10-25,0.0031437843738238436,1,0.0,0.0031437843738238436,0.0031437843738238436,6.6205904419317045,2.26259250417761
2021-10-26,0.002318475061098662,1,0.0,0.002318475061098662,0.002318475061098662,6.635957923438617,2.267844354261162
2021-10-27,0.011044052479865151,1,0.0,0.011044052479865151,0.011044052479865151,6.709651982483119,2.293029362616378
2021-10-28,0.004906997760394209,1,0.0,0.004906997760394209,0.004906997760394209,6.7426571416286425,2.304308904273098
2021-10-29,0.003412884353118211,1,0.0,0.003412884353118211,0.003412884353118211,6.765708363889009,2.3121866793984265
2021-11-01,0.0041726827491301915,1,0.0,0.0041726827491301915,0.0041726827491301915,6.793998500299457,2.3218548579613296
2021-11-02,0.010559652216521309,1,0.0,0.010559652216521309,0.010559652216521309,6.866120885098934,2.346502745285273
2021-11-03,0.01273709410642825,1,0.0,0.01273709410642825,0.01273709410642825,6.954134642820331,2.376581523036527
2021-11-04,0.0009537913928057214,0,0.0005,-0.0005,0.0009537913928057214,6.950658444620892,2.378849367390788
2021-11-05,-0.0013556600876199409,0,0.0,-0.0,-0.0013556600876199409,6.950658444620892,2.3756266412031537
2021-11-08,-0.006907184183091345,1,0.0005,-0.007407184183091345,-0.006907184183091345,6.899363846126003,2.359274289806639
2021-11-09,-0.014806024585800263,1,0.0,-0.014806024585800263,-0.014806024585800263,6.797964210524485,2.3246001432322774
2021-11-10,0.002768877554163168,1,0.0,0.002768877554163168,0.002768877554163168,6.816813024027005,2.3310455956075455
2021-11-11,0.010467566192455393,1,0.0,0.010467566192455393,0.010467566192455393,6.88854323096715,2.355574122702318
2021-11-12,-0.00022804728279137606,0,0.0005,-0.0005,-0.00022804728279137606,6.885099820276078,2.355037001671046
2021-11-15,0.007095720591660171,0,0.0,0.0,0.007095720591660171,6.885099820276078,2.3718071138696613
2021-11-16,0.0005282686746333988,0,0.0,0.0,0.0005282686746333988,6.885099820276078,2.373060396275963
2021-11-17,0.010308079965318295,0,0.0,0.0,0.010308079965318295,6.885099820276078,2.397648603485321
2021-11-18,0.005560120561933046,0,0.0,0.0,0.005560120561933046,6.885099820276078,2.4110169491525446
2021-11-19,-0.011677111110379373,0,0.0,-0.0,-0.011677111110379373,6.885099820276078,2.383026975411795
2021-11-22,-0.004568395706012971,0,0.0,-0.0,-0.004568395706012971,6.885099820276078,2.3721651945571756
2021-11-23,0.0032151137913405585,0,0.0,0.0,0.0032151137913405585,6.885099820276078,2.3798042492241605
2021-11-24,-0.019140793993840992,0,0.0,-0.0,-0.019140793993840992,6.885099820276078,2.3346860825972806
2021-11-26,0.021470308479568136,0,0.0,0.0,0.021470308479568136,6.885099820276078,2.385354499880642
2021-11-29,-0.014795294523206165,0,0.0,-0.0,-0.014795294523206165,6.885099820276078,2.3503222726187656
2021-11-30,-0.017159229631960916,0,0.0,-0.0,-0.017159229631960916,6.885099820276078,2.3103365958462665
2021-12-01,0.007181220776543654,0,0.0,0.0,0.007181220776543654,6.885099820276078,2.3269873478157104
2021-12-02,-0.017541586085326414,0,0.0,-0.0,-0.017541586085326414,6.885099820276078,2.2865242301265245
2021-12-03,0.007981012818133649,0,0.0,0.0,0.007981012818133649,6.885099820276078,2.304846025304371
2021-12-06,0.029669408363203285,0,0.0,0.0,0.029669408363203285,6.885099820276078,2.37425399856768
2021-12-07,0.004464293128685528,0,0.0,0.0,0.004464293128685528,6.885099820276078,2.3848770589639563
2021-12-08,-0.01482367628729479,0,0.0,-0.0,-0.01482367628729479,6.885099820276078,2.349785151587494
2021-12-09,0.010811735397927026,0,0.0,0.0,0.010811735397927026,6.885099820276078,2.3753282406302247
2021-12-10,-0.014552245363570197,0,0.0,-0.0,-0.014552245363570197,6.885099820276078,2.341012174743378
2021-12-13,-0.010404214498454975,1,0.0005,-0.010904214498454976,-0.010404214498454975,6.810431056951639,2.3167820482215356
2021-12-14,0.02254154660631013,0,0.0005,-0.0005,0.02254154660631013,6.80702669258518,2.369598949629986
2021-12-15,-0.026051046492457604,0,0.0,-0.0,-0.026051046492457604,6.80702669258518,2.308665552637864
2021-12-16,-0.005001630122329328,0,0.0,-0.0,-0.005001630122329328,6.80702669258518,2.2971472905228008
2021-12-17,-0.0110241450851296,0,0.0,-0.0,-0.0110241450851296,6.80702669258518,2.2719622821675842
2021-12-20,0.022133648071197855,1,0.0005,0.021633648071197855,0.022133648071197855,6.955891955939836,2.3228097397947027
2021-12-21,0.01210495397919556,0,0.0005,-0.0005,0.01210495397919556,6.952414879303465,2.3510981141083813
2021-12-22,0.007510751354343647,0,0.0,0.0,0.007510751354343647,6.952414879303465,2.36882310814037
2021-12-23,0.01639217114059394,0,0.0,0.0,0.01639217114059394,6.952414879303465,2.407973263308668
2021-12-27,-0.004645451720718656,0,0.0,-0.0,-0.004645451720718656,6.952414879303465,2.3968130818811195
2021-12-28,-0.00014940983144479713,1,0.0005,-0.0006494098314447971,-0.00014940983144479713,6.9479013784431025,2.3964550011936048
2021-12-29,-0.002992894115828358,1,0.0,-0.002992894115828358,-0.002992894115828358,6.9271381318881735,2.389293387443306
2021-12-30,-0.006264114695098959,1,0.0,-0.006264114695098959,-0.006264114695098959,6.883881368232071,2.3743733587968516
2021-12-31,0.009580701902906243,1,0.0,0.009580701902906243,0.009580701902906243,6.950150730153219,2.397230842683221
2022-01-03,-0.013055375556939287,0,0.0005,-0.0005,-0.013055375556939287,6.946676523412207,2.366137502984009
2022-01-04,-0.03120290027477018,0,0.0,-0.0,-0.03120290027477018,6.946676523412207,2.29344712341848
2022-01-05,-0.000702841329970304,1,0.0005,-0.001202841329970304,-0.000702841329970304,6.938325797090129,2.291835760324662
2022-01-06,-0.010891870780680239,1,0.0,-0.010891870780680239,-0.010891870780680239,6.863164515605064,2.2670088326569613
2022-01-07,0.0006579207311287267,1,0.0,0.0006579207311287267,0.0006579207311287267,6.867681419540466,2.268500835521607
2022-01-10,0.014910254944524382,0,0.0005,-0.0005,0.014910254944524382,6.864248437147815,2.30257818095011
2022-01-11,0.003957737618168435,0,0.0,0.0,0.003957737618168435,6.864248437147815,2.3117092384817406
2022-01-12,-0.025334357124479623,0,0.0,-0.0,-0.025334357124479623,6.864248437147815,2.2538792074480813
2022-01-13,0.006203248210218904,1,0.0005,0.005703248210218904,0.006203248210218904,6.903508799137544,2.2679040343757486
2022-01-14,-0.02520917976628285,1,0.0,-0.02520917976628285,-0.02520917976628285,6.731652286835655,2.211446645977563
2022-01-18,-0.011044438818881175,1,0.0,-0.011044438818881175,-0.011044438818881175,6.657714019915075,2.1871568393411343
2022-01-19,-0.013073517706207282,1,0.0,-0.013073517706207282,-0.013073517706207282,6.571240764253659,2.158749104798284
2022-01-20,-0.028120326120432915,1,0.0,-0.028120326120432915,-0.028120326120432915,6.389029261252817,2.098889949868706
2022-01-21,0.0045674486132530655,1,0.0,0.0045674486132530655,0.0045674486132530655,6.418277568314767,2.1084984483170235
2022-01-24,-0.023454347572885458,0,0.0005,-0.0005,-0.023454347572885458,6.415069231681608,2.059620434471237
2022-01-25,-0.0015659439460275102,1,0.0005,-0.0020659439460275104,-0.0015659439460275102,6.401829738972956,2.056397708283603
2022-01-26,-0.010121573421586413,1,0.0,-0.010121573421586413,-0.010121573421586413,6.337359967390299,2.0356887085223234
2022-01-27,0.03088714287885771,1,0.0,0.03088714287885771,0.03088714287885771,6.53615724575757,2.099546431129151
2022-01-28,0.03147773352279796,0,0.0005,-0.0005,0.03147773352279796,6.532889984018195,2.1666865600381984
2022-01-31,0.006780431428760173,0,0.0,0.0,0.006780431428760173,6.532889984018195,2.1814275483408956
2022-02-01,0.008092576964096702,0,0.0,0.0,0.008092576964096702,6.532889984018195,2.1991525423728846
2022-02-02,-0.04138865616886282,1,0.0005,-0.04188865616886282,-0.04138865616886282,6.264888303312172,2.1099904511816696
2022-02-03,0.012536000921226295,1,0.0,0.012536000921226295,0.012536000921226295,6.343919280070118,2.136607782286945
2022-02-04,-0.008076999346785725,1,0.0,-0.008076999346785725,-0.008076999346785725,6.292885824226421,2.1194199092862287
2022-02-07,0.011172674848986167,1,0.0,0.011172674848986167,0.011172674848986167,6.363588424509876,2.143232275005971
2022-02-08,0.020969288001764962,1,0.0,0.020969288001764962,0.020969288001764962,6.498437243596867,2.1886488422057804
2022-02-09,-0.022892499520621317,1,0.0,-0.022892499520621317,-0.022892499520621317,6.351361659047324,2.1391143470995497
2022-02-10,-0.032235707292462557,1,0.0,-0.032235707292462557,-0.032235707292462557,6.149885828164396,2.071258056815472
2022-02-11,0.0012382119500065284,1,0.0,0.0012382119500065284,0.0012382119500065284,6.157505406641058,2.0738243017426625
2022-02-14,0.02455994512118791,1,0.0,0.02455994512118791,0.02455994512118791,6.310605774172149,2.125387920744811
2022-02-15,-0.0002527486428214364,1,0.0,-0.0002527486428214364,-0.0002527486428214364,6.309010978677034,2.124850799713539
2022-02-16,-0.030195169155926956,1,0.0,-0.030195169155926956,-0.030195169155926956,6.121356708751772,2.0616495583671552
2022-02-17,-0.011470953775818702,1,0.0,-0.011470953775818702,-0.011470953775818702,6.051540105965604,2.0381355932203418
2022-02-18,-0.010094407291238665,1,0.0,-0.010094407291238665,-0.010094407291238665,5.990760677651758,2.0176653139174054
2022-02-22,-0.02594902151321671,1,0.0,-0.02594902151321671,-0.02594902151321671,5.837305911121752,1.9659823346860854
2022-02-23,0.033052224228148075,1,0.0,0.033052224228148075,0.033052224228148075,6.033465757020962,2.0320482215325884
2022-02-24,0.015388057553135763,0,0.0005,-0.0005,0.015388057553135763,6.030449778199991,2.063559322033901
2022-02-25,0.0029744307705730374,0,0.0,0.0,0.0029744307705730374,6.030449778199991,2.0697063738362402
2022-02-28,-0.015429848901151805,0,0.0,-0.0,-0.015429848901151805,6.030449778199991,2.0380162329911697
2022-03-01,0.016640188808567595,1,0.0005,0.016140188808567595,0.016640188808567595,6.128572102531806,2.0722129386488453
2022-03-02,-0.014387902664496842,1,0.0,-0.014387902664496842,-0.014387902664496842,6.0410261154672416,2.042611601814278
2022-03-03,-0.014597940081701045,1,0.0,-0.014597940081701045,-0.014597940081701045,5.953480128402679,2.0130102649797115
2022-03-04,-0.037578421776354856,1,0.0,-0.037578421776354856,-0.037578421776354856,5.733909144716556,1.9387682024349513
2022-03-07,-0.00465899239864788,1,0.0,-0.00465899239864788,-0.00465899239864788,5.7072570397835936,1.9297565051324925
2022-03-08,0.03536535274065357,1,0.0,0.03536535274065357,0.03536535274065357,5.912707702975433,1.9992241585103872
2022-03-09,-0.011166927796972334,0,0.0005,-0.0005,-0.011166927796972334,5.909752088089242,1.9770231558844618
2022-03-10,-0.020956430595025388,1,0.0005,-0.02145643059502539,-0.020956430595025388,5.784300586192454,1.936022917164003
2022-03-11,-0.01939149110907907,1,0.0,-0.01939149110907907,-0.01939149110907907,5.67321491217279,1.8988422057770376
2022-03-14,0.03088498978755294,1,0.0,0.03088498978755294,0.03088498978755294,5.851165959799795,1.9584029601336856
2022-03-15,0.03641553053219528,1,0.0,0.03641553053219528,0.03641553053219528,6.068166385613488,2.0310336595846286
2022-03-16,0.012033558376037312,0,0.0005,-0.0005,0.012033558376037312,6.065133060815076,2.0556218667939863
2022-03-17,0.0202613515159267,0,0.0,0.0,0.0202613515159267,6.065133060815076,2.0976963475769894
2022-03-18,-0.004019561550329473,0,0.0,-0.0,-0.004019561550329473,6.065133060815076,2.089281451420389
2022-03-21,0.01946203089066068,1,0.0005,0.01896203089066068,0.01946203089066068,6.181237611463076,2.130341370255433
2022-03-22,-0.014475626291688824,1,0.0,-0.014475626291688824,-0.014475626291688824,6.092404832028951,2.0997254714729072
2022-03-23,0.02198323192083158,1,0.0,0.02198323192083158,0.02198323192083158,6.227818542589352,2.1463953210790185
2022-03-24,-0.0008344923989134286,1,0.0,-0.0008344923989134286,-0.0008344923989134286,6.222623643207241,2.1446049176414443
2022-03-25,0.015353903920876308,1,0.0,0.015353903920876308,0.015353903920876308,6.318902445089062,2.1777870613511605
2022-03-28,0.017063313058666225,1,0.0,0.017063313058666225,0.017063313058666225,6.427649005487952,2.2152661733110555
2022-03-29,-0.011107011296150035,0,0.0005,-0.0005,-0.011107011296150035,6.424435984307442,2.1907973263308693
2022-03-30,-0.01247223656307097,1,0.0005,-0.01297223656307097,-0.01247223656307097,6.341634899699816,2.163642874194321
2022-03-31,-0.001905051722636288,1,0.0,-0.001905051722636288,-0.001905051722636288,6.329565257506423,2.1595249462879
2022-04-01,0.020379560546380817,1,0.0,0.020379560546380817,0.020379560546380817,6.459882408724947,2.2039866316543355
2022-04-04,-0.02245439357510547,1,0.0,-0.02245439357510547,-0.02245439357510547,6.316446081209256,2.155048937693963
2022-04-05,-0.021950598556114715,1,0.0,-0.021950598556114715,-0.021950598556114715,6.179306958316205,2.10825972785868
2022-04-06,0.0023750293905606523,1,0.0,0.0023750293905606523,0.0023750293905606523,6.194000435769032,2.113272857483889
2022-04-07,-0.01407772982581385,1,0.0,-0.01407772982581385,-0.01407772982581385,6.10741387220773,2.083731200763908
2022-04-08,-0.02394178469401687,1,0.0,-0.02394178469401687,-0.02394178469401687,5.962928010588266,2.0344354261160205
2022-04-11,-0.004233183850371376,1,0.0,-0.004233183850371376,-0.004233183850371376,5.937739192097706,2.025841489615662
2022-04-12,0.020123163720958067,1,0.0,0.020123163720958067,0.020123163720958067,6.058435614031641,2.0670207686798783
2022-04-13,-0.023132548183675414,0,0.0005,-0.0005,-0.023132548183675414,6.055407153402876,2.0197541179279086
2022-04-14,0.0007679584498409085,0,0.0,0.0,0.0007679584498409085,6.055407153402876,2.02130580090714
2022-04-18,0.02210470321615053,0,0.0,0.0,0.02210470321615053,6.055407153402876,2.0664836476486057
2022-04-19,-0.014691814439322664,0,0.0,-0.0,-0.014691814439322664,6.055407153402876,2.0363451897827667
2022-04-20,-0.02090812955452826,0,0.0,-0.0,-0.02090812955452826,6.055407153402876,1.9942110288851778
2022-04-21,-0.026534799172141667,0,0.0,-0.0,-0.026534799172141667,6.055407153402876,1.9419909286225854
2022-04-22,0.012763921797646608,1,0.0005,0.012263921797646607,0.012763921797646608,6.130127438536491,1.966937216519458
2022-04-25,-0.03847579982116258,0,0.0005,-0.0005,-0.03847579982116258,6.127063140955457,1.8926951539746981
2022-04-26,-0.0011989274192097225,0,0.0,-0.0,-0.0011989274192097225,6.127063140955457,1.890427309620437
2022-04-27,0.03489970638206632,0,0.0,0.0,0.03489970638206632,6.127063140955457,1.9575674385294843
2022-04-28,-0.046042501948100376,0,0.0,-0.0,-0.046042501948100376,6.127063140955457,1.869479589400814
2022-04-29,0.016558084915884216,1,0.0005,0.016058084915884216,0.016558084915884216,6.22624625530619,1.9006922893291982
2022-05-02,0.0010670015134387608,0,0.0005,-0.0005,0.0010670015134387608,6.223133910329622,1.902721413225116
2022-05-03,0.03325311782981621,1,0.0005,0.03275311782981621,0.03325311782981621,6.430335677581744,1.9670565767486303
2022-05-04,-0.05167660749516354,0,0.0005,-0.0005,-0.05167660749516354,6.427121313400965,1.8679875865361686
2022-05-05,-0.012053179267555897,1,0.0005,-0.012553179267555897,-0.012053179267555897,6.346944795345588,1.8456075435664863
2022-05-06,-0.03991294945992777,1,0.0,-0.03991294945992777,-0.03991294945992777,6.098608394298921,1.7733946049176437
2022-05-09,0.012075542697156534,1,0.0,0.012075542697156534,0.012075542697156534,6.172698841222762,1.7949391262831247
2022-05-10,-0.030106897623859652,1,0.0,-0.030106897623859652,-0.030106897623859652,5.9896277092115,1.7417044640725732
2022-05-11,-0.002367108602837626,1,0.0,-0.002367108602837626,-0.002367108602837626,5.975466377250988,1.7375865361661516
2022-05-12,0.0363897238564612,1,0.0,0.0363897238564612,0.0363897238564612,6.19691677124219,1.8019813798042517
2022-05-13,-0.011659414536276379,0,0.0005,-0.0005,-0.011659414536276379,6.193819087342079,1.7810933396992148
2022-05-16,0.02557159564076724,1,0.0005,0.02507159564076724,0.02557159564076724,6.3510710567693165,1.8272260682740538
2022-05-17,-0.050336252107566065,0,0.0005,-0.0005,-0.050336252107566065,6.347896314992517,1.737526856051566
2022-05-18,-0.005372653783239172,1,0.0005,-0.005872653783239172,-0.005372653783239172,6.310726567039124,1.728216758176178
2022-05-19,-0.0031127891492030257,1,0.0,-0.0031127891492030257,-0.0031127891492030257,6.291113147913717,1.7228455478634546
2022-05-20,0.016490685641720963,1,0.0,0.016490685641720963,0.016490685641720963,6.395718049915885,1.7514920028646481
2022-05-23,-0.021491390603676712,1,0.0,-0.021491390603676712,-0.021491390603676712,6.259731677313067,1.7142516113630966
2022-05-24,0.01389823581231738,1,0.0,0.01389823581231738,0.01389823581231738,6.347338282739883,1.738243017426596
2022-05-25,0.02733030466019048,1,0.0,0.02733030466019048,0.02733030466019048,6.523205274231028,1.786404869897353
2022-05-26,0.032118205423446,1,0.0,0.032118205423446,0.032118205423446,6.736119835181274,1.8447123418476994
2022-05-27,-0.0026563882282782435,0,0.0005,-0.0005,-0.0026563882282782435,6.7327526171383445,1.8398185724516618
2022-05-31,-0.007423358957411713,1,0.0005,-0.007923358957411713,-0.007423358957411713,6.679617384127362,1.8262115063260949
2022-06-01,0.027017343347711154,1,0.0,0.027017343347711154,0.027017343347711154,6.862542853666537,1.876223442349012
2022-06-02,-0.026363962076508523,1,0.0,-0.026363962076508523,-0.026363962076508523,6.683983147123524,1.8274051086178111
2022-06-03,0.003325620097416226,1,0.0,0.003325620097416226,0.003325620097416226,6.706248538403949,1.833492480305565
2022-06-06,0.00858875136565226,1,0.0,0.00858875136565226,0.00858875136565226,6.7640948981030915,1.8493077106708073
2022-06-07,-0.007222586497798825,1,0.0,-0.007222586497798825,-0.007222586497798825,6.715416640695888,1.8359990451181694
2022-06-08,-0.02714979620332508,1,0.0,-0.02714979620332508,-0.02714979620332508,6.535547205254026,1.7868226306994537
2022-06-09,-0.03590757040254708,1,0.0,-0.03590757040254708,-0.03590757040254708,6.3050349190566894,1.7238004296968277
2022-06-10,-0.04761200512702361,1,0.0,-0.04761200512702361,-0.04761200512702361,6.011873933864434,1.6436500358080715
2022-06-13,0.0018138291267588151,1,0.0,0.0018138291267588151,0.0018138291267588151,6.022788341354839,1.6466340415373624
2022-06-14,0.024665208439701634,1,0.0,0.024665208439701634,0.024665208439701634,6.173188876572608,1.6877536404869924
2022-06-15,-0.04118303328426667,0,0.0005,-0.0005,-0.04118303328426667,6.170103053654339,1.6196586297445716
2022-06-16,0.012086288351351056,1,0.0005,0.011586288351351056,0.012086288351351056,6.2420073946250865,1.6393530675578922
2022-06-17,0.022996137234494875,1,0.0,0.022996137234494875,0.022996137234494875,6.387212634173866,1.6774886607782313
2022-06-21,-0.0014597243357441802,1,0.0,-0.0014597243357441802,-0.0014597243357441802,6.377895866065103,1.6750417760802128
2022-06-22,0.01478312393815192,1,0.0,0.01478312393815192,0.01478312393815192,6.472881453125182,1.699988063977086
2022-06-23,0.03368972185732614,0,0.0005,-0.0005,0.03368972185732614,6.469645821373966,1.7582358558128461
2022-06-24,-0.007358735894696129,0,0.0,-0.0,-0.007358735894696129,6.469645821373966,1.7453449510623087
2022-06-27,-0.030940505199549186,0,0.0,-0.0,-0.030940505199549186,6.469645821373966,1.6921699689663432
2022-06-28,0.0009165580364567448,1,0.0005,0.0004165580364567448,0.0009165580364567448,6.472341365720241,1.6937216519455744
2022-06-29,-0.012480661223609255,1,0.0,-0.012480661223609255,-0.012480661223609255,6.392064263509757,1.6727142516113656
2022-06-30,0.006578854118996009,1,0.0,0.006578854118996009,0.006578854118996009,6.434255354160153,1.6837550728097423
2022-07-01,0.016974875602698072,1,0.0,0.016974875602698072,0.016974875602698072,6.544408309750107,1.7125805681546935
2022-07-05,0.006391573794644139,0,0.0005,-0.0005,0.006391573794644139,6.541136923509947,1.7235617092384847
2022-07-06,0.02117315041268504,1,0.0005,0.02067315041268504,0.02117315041268504,6.677770285872555,1.7604440200525215
2022-07-07,0.00125353632188799,0,0.0005,-0.0005,0.00125353632188799,6.6744322353118015,1.762652184292197
2022-07-08,-0.021596006913859437,1,0.0005,-0.022096006913859437,-0.021596006913859437,6.5285713406295125,1.7249940319885444
2022-07-11,-0.009734467078975748,1,0.0,-0.009734467078975748,-0.009734467078975748,6.465327499798614,1.7082835999045147
2022-07-12,-0.002063334589937646,1,0.0,-0.002063334589937646,-0.002063334589937646,6.4520011190521025,1.704762473143951
2022-07-13,0.0035644432483454037,1,0.0,0.0035644432483454037,0.0035644432483454037,6.475039946783359,1.7108498448317047
2022-07-14,0.017976769236629022,1,0.0,0.017976769236629022,0.017976769236629022,6.59249279404074,1.7418835044163312
2022-07-15,-0.008498683458062593,0,0.0005,-0.0005,-0.008498683458062593,6.589197371567993,1.7271425161136333
2022-07-18,0.030289877323319357,1,0.0005,0.029789877323319357,0.030289877323319357,6.788441751225003,1.7802578180950133
2022-07-19,0.015732118988499636,0,0.0005,-0.0005,0.015732118988499636,6.785048378763202,1.8084865122941063
2022-07-20,0.01425295666996347,0,0.0,0.0,0.01425295666996347,6.785048378763202,1.834447362138938
2022-07-21,-0.01769086293531134,0,0.0,-0.0,-0.01769086293531134,6.785048378763202,1.8022797803771813
2022-07-22,-0.0057118343448174696,1,0.0005,-0.006211834344817469,-0.0057118343448174696,6.7430314185196565,1.79201480066842
2022-07-25,-0.019844590410608223,1,0.0,-0.019844590410608223,-0.019844590410608223,6.610537711624976,1.7568035330627862
2022-07-26,0.04139118399760214,1,0.0,0.04139118399760214,0.04139118399760214,6.889897324128338,1.8310455956075462
2022-07-27,0.009730542865391174,0,0.0005,-0.0005,0.009730542865391174,6.886453236559918,1.8489496299832922
2022-07-28,0.018072684707905514,0,0.0,0.0,0.018072684707905514,6.886453236559918,1.8826688947242802
2022-07-29,-0.0006024765137131421,0,0.0,-0.0,-0.0006024765137131421,6.886453236559918,1.8815349725471495
2022-08-01,-0.0029860250903653,0,0.0,-0.0,-0.0029860250903653,6.886453236559918,1.8759250417760824
2022-08-02,0.026868318489067042,1,0.0005,0.026368318489067042,0.026868318489067042,7.070452645339604,1.9270112198615446
2022-08-03,0.004665614296941257,0,0.0005,-0.0005,0.004665614296941257,7.066918302676233,1.936022917164003
2022-08-04,-0.008202475765021705,0,0.0,-0.0,-0.008202475765021705,7.066918302676233,1.920207686798761
2022-08-05,-0.0032375584734339984,0,0.0,-0.0,-0.0032375584734339984,7.066918302676233,1.9140009548818357
2022-08-08,-0.011383180033846887,1,0.0005,-0.011883180033846887,-0.011383180033846887,6.983437829302185,1.8923370732871831
2022-08-09,0.0275285264148894,1,0.0,0.0275285264148894,0.0275285264148894,7.178352124714461,1.9451539746956341
2022-08-10,-0.005692235489409328,0,0.0005,-0.0005,-0.005692235489409328,7.1747638457965905,1.9341131534972575
2022-08-11,0.019283375950527284,0,0.0,0.0,0.019283375950527284,7.1747638457965905,1.97177130580091
2022-08-12,0.00804887908516273,0,0.0,0.0,0.00804887908516273,7.1747638457965905,1.9877058963953242
2022-08-15,-0.0023446669592542455,0,0.0,-0.0,-0.0023446669592542455,7.1747638457965905,1.98305084745763
2022-08-16,-0.011471590909858762,0,0.0,-0.0,-0.011471590909858762,7.1747638457965905,1.9604320840296046
2022-08-17,0.002402056584672822,0,0.0,0.0,0.002402056584672822,7.1747638457965905,1.9651468130818843
2022-08-18,-0.019689659916301387,0,0.0,-0.0,-0.019689659916301387,7.1747638457965905,1.926832179517788
2022-08-19,-0.026679966731409113,0,0.0,-0.0,-0.026679966731409113,7.1747638457965905,1.876104082119841
2022-08-22,-0.0008274194533733203,1,0.0005,-0.0013274194533733203,-0.0008274194533733203,7.165246243017395,1.8745523991406097
2022-08-23,0.0028929778088834456,0,0.0005,-0.0005,0.0028929778088834456,7.16166451540241,1.879983289567919
2022-08-24,0.01752747084425043,0,0.0,0.0,0.01752747084425043,7.16166451540241,1.9132251133922207
2022-08-25,-0.041851908941146446,0,0.0,-0.0,-0.041851908941146446,7.16166451540241,1.834805442826453
2022-08-26,-0.009904469297487157,0,0.0,-0.0,-0.009904469297487157,7.16166451540241,1.81672236810695
2022-08-29,-0.011198769234884798,1,0.0005,-0.011698769234884799,-0.011198769234884798,7.07837002638167,1.7964908092623564
2022-08-30,-0.00583053176836538,0,0.0005,-0.0005,-0.00583053176836538,7.074831726017285,1.7860467892098382
2022-08-31,0.000434296029676882,0,0.0,0.0,0.000434296029676882,7.074831726017285,1.786822630699454
2022-09-01,-0.014229010439744097,0,0.0,-0.0,-0.014229010439744097,7.074831726017285,1.7615779422296522
2022-09-02,-0.007208218623345586,0,0.0,-0.0,-0.007208218623345586,7.074831726017285,1.7489257579374584
2022-09-06,0.019999990986250323,0,0.0,0.0,0.019999990986250323,7.074831726017285,1.784256385772264
2022-09-07,0.0051710735922713726,0,0.0,0.0,0.0051710735922713726,7.074831726017285,1.7935068035330661
2022-09-08,0.021626556732476106,0,0.0,0.0,0.021626556732476106,7.074831726017285,1.8327166388159501
2022-09-09,0.01181568543041936,0,0.0,0.0,0.01181568543041936,7.074831726017285,1.8544998806397748
2022-09-12,-0.05639771145928082,0,0.0,-0.0,-0.05639771145928082,7.074831726017285,1.752804965385537
2022-09-13,0.007901962335136061,1,0.0005,0.007401962335136061,0.007901962335136061,7.127393654704282,1.766710432084033
2022-09-14,-0.01679394978813277,1,0.0,-0.01679394978813277,-0.01679394978813277,7.008696054063496,1.7372881355932241
2022-09-15,-0.006133508770497625,1,0.0,-0.006133508770497625,-0.006133508770497625,6.965839719552217,1.726665075196948
2022-09-16,0.005961731736664683,0,0.0005,-0.0005,0.005961731736664683,6.962357670277303,1.736989735020295
2022-09-19,-0.008003078349871632,0,0.0,-0.0,-0.008003078349871632,6.962357670277303,1.7231439484363849
2022-09-20,-0.018068254381056106,1,0.0005,-0.018568254381056106,-0.018068254381056106,6.834271688612137,1.6922893291955157
2022-09-21,-0.012384169062359889,1,0.0,-0.012384169062359889,-0.012384169062359889,6.750156833931448,1.6714609692050644
2022-09-22,-0.01641564634957787,1,0.0,-0.01641564634957787,-0.01641564634957787,6.640253184262695,1.6442468369539305
2022-09-23,-0.004146365146112586,1,0.0,-0.004146365146112586,-0.004146365146112586,6.612777271845507,1.637443303891147
2022-09-26,0.0004008381214277402,1,0.0,0.0004008381214277402,0.0004008381214277402,6.61542845637699,1.6380997851515908
2022-09-27,0.019696895942305538,1,0.0,0.019696895942305538,0.019696895942305538,6.747023615848786,1.6706851277154486
2022-09-28,-0.029251283623261893,0,0.0005,-0.0005,-0.029251283623261893,6.743650947278268,1.6225232752446919
2022-09-29,-0.01710204351632313,1,0.0005,-0.01760204351632313,-0.01710204351632313,6.625987506324643,1.5950107424206288
2022-09-30,0.02318933770759302,1,0.0,0.02318933770759302,0.02318933770759302,6.78143516652316,1.632430174265938
2022-10-03,0.030956652560821217,1,0.0,0.030956652560821217,0.030956652560821217,6.9946488631271855,1.6837550728097432
2022-10-04,-0.0005318111841140121,0,0.0005,-0.0005,-0.0005318111841140121,6.991152412881027,1.682859871090956
2022-10-05,-0.007904053682094746,0,0.0,-0.0,-0.007904053682094746,6.991152412881027,1.6696108856529035
2022-10-06,-0.03884903502226014,1,0.0005,-0.03934903502226014,-0.03884903502226014,6.721399377590905,1.6059918835044196
2022-10-07,-0.010046582233604247,1,0.0,-0.010046582233604247,-0.010046582233604247,6.65421036114453,1.5899379326808338
2022-10-10,-0.01383346574219544,1,0.0,-0.01383346574219544,-0.01383346574219544,6.5627933350502055,1.5680950107424236
2022-10-11,-0.00034258960004657734,1,0.0,-0.00034258960004657734,-0.00034258960004657734,6.560545375392148,1.5675578897111513
2022-10-12,0.023181590485988213,1,0.0,0.023181590485988213,0.023181590485988213,6.7144057253213925,1.6043208402960163
2022-10-13,-0.030518268408369516,0,0.0005,-0.0005,-0.030518268408369516,6.711049361619582,1.5560993077106737
2022-10-14,0.03248790689191006,1,0.0005,0.031987906891910056,0.03248790689191006,6.92919214886265,1.6074838863690648
2022-10-17,0.00787682270901472,1,0.0,0.00787682270901472,0.00787682270901472,6.983987691008843,1.6201957507758442
2022-10-18,-0.003653342809085853,1,0.0,-0.003653342809085853,-0.003653342809085853,6.958519340433851,1.6142874194318482
2022-10-19,-0.005114911077334884,1,0.0,-0.005114911077334884,-0.005114911077334884,6.9230180032687105,1.606051563619005
2022-10-20,0.023176987349842876,1,0.0,0.023176987349842876,0.023176987349842876,7.08534658117598,1.6437097159226572
2022-10-21,0.010941304736697615,1,0.0,0.010941304736697615,0.010941304736697615,7.163295169299437,1.6617927906421603
2022-10-24,0.02047489149668111,1,0.0,0.02047489149668111,0.02047489149668111,7.311474663553934,1.6961685366435928
2022-10-25,-0.022344118109452984,0,0.0005,-0.0005,-0.022344118109452984,7.307819840004187,1.6586894246836978
2022-10-26,-0.01837379212882742,1,0.0005,-0.01887379212882742,-0.01837379212882742,7.171187013136881,1.6284912867032728
2022-10-27,0.030141789868591385,1,0.0,0.030141789868591385,0.030141789868591385,7.390630013685467,1.6783241823824326
2022-10-28,-0.011696039763191411,1,0.0,-0.011696039763191411,-0.011696039763191411,7.304692455386798,1.6588087849128692
2022-10-31,-0.010270223711580215,1,0.0,-0.010270223711580215,-0.010270223711580215,7.230055554601411,1.6418596323704964
2022-11-01,-0.034878440619407106,1,0.0,-0.034878440619407106,-0.034878440619407106,6.982229507275282,1.585581284316068
2022-11-02,-0.019728104327827695,1,0.0,-0.019728104327827695,-0.019728104327827695,6.845833199149872,1.5546073048460274
2022-11-03,0.015957076403195176,1,0.0,0.015957076403195176,0.015957076403195176,6.955948908407186,1.5796132728574857
2022-11-04,0.010934409204195542,1,0.0,0.010934409204195542,0.010934409204195542,7.03242545111334,1.5969801862019593
2022-11-07,0.007260843992958955,1,0.0,0.007260843992958955,0.007260843992958955,7.0836726189061245,1.6086178085461944
2022-11-08,-0.023346779741337382,1,0.0,-0.023346779741337382,-0.023346779741337382,6.920207293946578,1.571496777273814
2022-11-09,0.07119309239655384,1,0.0,0.07119309239655384,0.07119309239655384,7.430839329953648,1.6874552399140623
2022-11-10,0.01825846660487219,0,0.0005,-0.0005,0.01825846660487219,7.427124838988797,1.7185485796132742
2022-11-11,-0.008789732209457541,0,0.0,-0.0,-0.008789732209457541,7.427124838988797,1.7035091907376478
2022-11-14,0.013743409958554205,0,0.0,0.0,0.013743409958554205,7.427124838988797,1.7270828359990464
2022-11-15,-0.01374340995855421,0,0.0,-0.0,-0.01374340995855421,7.427124838988797,1.7035091907376478
2022-11-16,-0.0022095581106978,1,0.0005,-0.0027095581106978,-0.0022095581106978,7.407027851914823,1.699749343518741
2022-11-17,3.5110510334876864e-05,0,0.0005,-0.0005,3.5110510334876864e-05,7.403325263713052,1.699809023633327
2022-11-18,-0.010340477872605624,0,0.0,-0.0,-0.010340477872605624,7.403325263713052,1.6823227500596816
2022-11-21,0.014300046442649013,1,0.0005,0.013800046442649013,0.014300046442649013,7.5061996995554185,1.7065528765815243
2022-11-22,0.009986686337093839,0,0.0005,-0.0005,0.009986686337093839,7.502447537824243,1.7236810694676548
2022-11-23,-0.006600225440185324,0,0.0,-0.0,-0.006600225440185324,7.502447537824243,1.712341847696349
2022-11-25,-0.014781793997181403,1,0.0005,-0.015281793997181404,-0.014781793997181403,7.388668270003896,1.6872165194557187
2022-11-28,-0.007598389064611474,1,0.0,-0.007598389064611474,-0.007598389064611474,7.3327390489016775,1.674444974934353
2022-11-29,0.04457727556662969,1,0.0,0.04457727556662969,0.04457727556662969,7.667007618012603,1.750775841489617
2022-11-30,0.0012264088203391282,0,0.0005,-0.0005,0.0012264088203391282,7.663175072419838,1.7529243256147065
2022-12-01,-0.003991340349164685,0,0.0,-0.0,-0.003991340349164685,7.663175072419838,1.7459417522081653
2022-12-02,-0.0169258939999519,0,0.0,-0.0,-0.0169258939999519,7.663175072419838,1.7166388159465276
2022-12-05,-0.02093802338749611,1,0.0005,-0.021438023387496112,-0.02093802338749611,7.500640184249236,1.681069467653379
2022-12-06,-0.004091003731332123,1,0.0,-0.004091003731332123,-0.004091003731332123,7.470017718288264,1.6742062544760095
2022-12-07,0.011765258501270392,1,0.0,0.011765258501270392,0.011765258501270392,7.558423446106027,1.6940200525185023
2022-12-08,-0.006397024765895444,0,0.0005,-0.0005,-0.006397024765895444,7.554645179028456,1.6832179517784687
2022-12-09,0.012473295151309176,0,0.0,0.0,0.012473295151309176,7.554645179028456,1.7043447123418487
2022-12-12,0.010692681504793432,0,0.0,0.0,0.010692681504793432,7.554645179028456,1.7226665075196954
2022-12-13,-0.007441441947317564,0,0.0,-0.0,-0.007441441947317564,7.554645179028456,1.70989496299833
2022-12-14,-0.03415312415546054,0,0.0,-0.0,-0.03415312415546054,7.554645179028456,1.652482692766771
2022-12-15,-0.009580216248824725,1,0.0005,-0.010080216248824726,-0.009580216248824725,7.478875252150317,1.6367271425161147
2022-12-16,-0.01654449501709555,1,0.0,-0.01654449501709555,-0.01654449501709555,7.356158976362982,1.6098710909524958
2022-12-19,-0.0007788017972307635,1,0.0,-0.0007788017972307635,-0.0007788017972307635,7.35043221682624,1.6086178085461937
2022-12-20,0.01440198745176851,0,0.0005,-0.0005,0.01440198745176851,7.3467579193687405,1.6319527333492494
2022-12-21,-0.024769412028676194,0,0.0,-0.0,-0.024769412028676194,7.3467579193687405,1.5920267366913357
2022-12-22,0.002246687082978194,1,0.0005,0.001746687082978194,0.002246687082978194,7.35960162022604,1.5956075435664852
2022-12-23,-0.014239137631340515,1,0.0,-0.014239137631340515,-0.014239137631340515,7.255549801986758,1.573048460253045
2022-12-27,-0.013290754761137141,1,0.0,-0.013290754761137141,-0.013290754761137141,7.159756064560119,1.55227978037718
2022-12-28,0.0240829050903728,1,0.0,0.0240829050903728,0.0240829050903728,7.334276839067274,1.5901169730245897
2022-12-29,-0.0006006908124759151,0,0.0005,-0.0005,-0.0006006908124759151,7.330610617279567,1.5891620911912165
2022-12-30,-0.006782752659788627,1,0.0005,-0.0072827526597886265,-0.006782752659788627,7.27741752448427,1.5784196705657692
2023-01-03,0.004752753090447845,1,0.0,0.004752753090447845,0.004752753090447845,7.312087617046469,1.5859393650035827
2023-01-04,-0.01577822310215559,1,0.0,-0.01577822310215559,-0.01577822310215559,7.197621279698259,1.5611124373358813
2023-01-05,0.02722744458798825,1,0.0,0.02722744458798825,0.02722744458798825,7.396286413268951,1.6042014800668436
2023-01-06,0.0064523530120532855,0,0.0005,-0.0005,0.0064523530120532855,7.392589194444048,1.6145858200047762
2023-01-09,0.008428928936414592,0,0.0,0.0,0.008428928936414592,7.392589194444048,1.628252566244929
2023-01-10,0.01715220653870786,1,0.0005,0.01665220653870786,0.01715220653870786,7.516722797296439,1.656421580329436
2023-01-11,0.005389880098272339,0,0.0005,-0.0005,0.005389880098272339,7.512965375331561,1.665373597517309
2023-01-12,0.00685692483404522,0,0.0,0.0,0.00685692483404522,7.512965375331561,1.6768321795177865
2023-01-13,0.002026631331331342,1,0.0005,0.0015266313313313418,0.002026631331331342,7.524443662992258,1.680233946049178
2023-01-17,-0.013085167575139178,1,0.0,-0.013085167575139178,-0.013085167575139178,7.426626429893757,1.6583910241107676
2023-01-18,-0.00987296231891241,1,0.0,-0.00987296231891241,-0.00987296231891241,7.353664395369465,1.6420983528288386
2023-01-19,0.026999112316885843,1,0.0,0.026999112316885843,0.026999112316885843,7.554911325760641,1.6870374791119611
2023-01-20,0.021972754405966907,0,0.0005,-0.0005,0.021972754405966907,7.551134814304302,1.7245165910718558
2023-01-23,-0.002043892419910665,0,0.0,-0.0,-0.002043892419910665,7.551134814304302,1.7209954643112928
2023-01-24,-0.0022218374007403046,1,0.0005,-0.0027218374007403046,-0.0022218374007403046,7.530609798697715,1.7171759369778004
2023-01-25,0.019309805410639626,1,0.0,0.019309805410639626,0.019309805410639626,7.677437452994084,1.7506564812604453
2023-01-26,0.009905101335296951,1,0.0,0.009905101335296951,0.009905101335296951,7.753861116192907,1.7680830747195049
2023-01-27,-0.020425922834404774,0,0.0005,-0.0005,-0.020425922834404774,7.74998515470593,1.7323346860825986
2023-01-30,0.014874866067290967,1,0.0005,0.014374866067290966,0.014874866067290967,7.862194719851644,1.7582955359274302
2023-01-31,0.021158058305228593,1,0.0,0.021158058305228593,0.021158058305228593,8.030315779980166,1.795894008116497
2023-02-01,0.035260900283339336,0,0.0005,-0.0005,0.035260900283339336,8.02630162571237,1.8603485318691824
2023-02-02,-0.017932184671425197,0,0.0,-0.0,-0.017932184671425197,8.02630162571237,1.8272857483886378
2023-02-03,-0.008495057401347055,0,0.0,-0.0,-0.008495057401347055,8.02630162571237,1.8118285987109102
2023-02-06,0.020507018861113776,1,0.0005,0.020007018861113775,0.020507018861113776,8.188501147761272,1.8493673907853914
2023-02-07,-0.017941059166496708,0,0.0005,-0.0005,-0.017941059166496708,8.184407920579462,1.8164836476486044
2023-02-08,-0.008877213647103447,0,0.0,-0.0,-0.008877213647103447,8.184407920579462,1.8004296968250186
2023-02-09,-0.0065848786274842015,0,0.0,-0.0,-0.0065848786274842015,8.184407920579462,1.788613034137026
2023-02-10,0.01588911282733427,1,0.0005,0.01538911282733427,0.01588911282733427,8.311332823415588,1.8172594891382199
2023-02-13,0.00736199644106904,0,0.0005,-0.0005,0.00736199644106904,8.307178195747351,1.8306875149200295
2023-02-14,0.007631765547049985,0,0.0,0.0,0.007631765547049985,8.307178195747351,1.8447123418476976
2023-02-15,-0.018942434443535192,0,0.0,-0.0,-0.018942434443535192,8.307178195747351,1.810097875387922
2023-02-16,-0.007080729712613811,0,0.0,-0.0,-0.007080729712613811,8.307178195747351,1.7973263308665566
2023-02-17,-0.023959882032723492,0,0.0,-0.0,-0.023959882032723492,8.307178195747351,1.7547744091668667
2023-02-21,0.0007479431911879181,1,0.0005,0.00024794319118791807,0.0007479431911879181,8.309238159385394,1.7560873716877545
2023-02-22,0.008696148327286112,0,0.0005,-0.0005,0.008696148327286112,8.305084578787383,1.7714251611363103
2023-02-23,-0.01688592281787213,0,0.0,-0.0,-0.01688592281787213,8.305084578787383,1.7417641441871579
2023-02-24,0.007135693228738356,0,0.0,0.0,0.007135693228738356,8.305084578787383,1.754237288135594
2023-02-27,-0.0012936172016763897,0,0.0,-0.0,-0.0012936172016763897,8.305084578787383,1.751969443781333
2023-02-28,-0.00807173135433114,0,0.0,-0.0,-0.00807173135433114,8.305084578787383,1.7378849367390794
2023-03-01,0.008242039783307061,0,0.0,0.0,0.008242039783307061,8.305084578787383,1.7522678443542623
2023-03-02,0.020462882589940553,0,0.0,0.0,0.020462882589940553,8.305084578787383,1.788493673907855
2023-03-03,0.0011339004049657725,0,0.0,0.0,0.0011339004049657725,8.305084578787383,1.7905227978037725
2023-03-06,-0.012341695320155789,0,0.0,-0.0,-0.012341695320155789,8.305084578787383,1.7685605156361908
2023-03-07,0.00498183338147072,0,0.0,0.0,0.00498183338147072,8.305084578787383,1.7773931725948924
2023-03-08,-0.017477751497778457,0,0.0,-0.0,-0.017477751497778457,8.305084578787383,1.7465982334686097
2023-03-09,-0.014143144507305033,0,0.0,-0.0,-0.014143144507305033,8.305084578787383,1.7220697063738375
2023-03-10,0.0073890260913683885,0,0.0,0.0,0.0073890260913683885,8.305084578787383,1.734841250895203
2023-03-13,0.02271974744611894,0,0.0,0.0,0.02271974744611894,8.305084578787383,1.7747075674385306
2023-03-14,0.005232277574955974,0,0.0,0.0,0.005232277574955974,8.305084578787383,1.7840176653139186
2023-03-15,0.02601923121661233,0,0.0,0.0,0.02601923121661233,8.305084578787383,1.8310455956075447
2023-03-16,-0.004737255049056799,0,0.0,-0.0,-0.004737255049056799,8.305084578787383,1.8223919789926009
2023-03-17,0.001995649493562157,0,0.0,0.0,0.001995649493562157,8.305084578787383,1.826032465982336
2023-03-20,0.014181412724801215,1,0.0005,0.013681412724801214,0.014181412724801215,8.419490702775073,1.8521126760563387
2023-03-21,-0.013691288713617486,1,0.0,-0.013691288713617486,-0.013691288713617486,8.305002558269981,1.826927667701123
2023-03-22,0.011788338567531436,1,0.0,0.011788338567531436,0.011788338567531436,8.403484066458011,1.8485915492957756
2023-03-23,0.003673631354983793,0,0.0005,-0.0005,0.003673631354983793,8.399283374685238,1.8553950823585588
2023-03-24,-0.0068748757825826375,0,0.0,-0.0,-0.0068748757825826375,8.399283374685238,1.8426832179517791
2023-03-27,-0.005325725389110831,1,0.0005,-0.005825725389110831,-0.005325725389110831,8.350493711857327,1.8328956791597049
2023-03-28,0.018069670792157225,1,0.0,0.018069670792157225,0.018069670792157225,8.502755905092547,1.8663165433277642
2023-03-29,0.009420820789605723,0,0.0005,-0.0005,0.009420820789605723,8.498505589807369,1.8839818572451668
2023-03-30,0.01649398853948467,0,0.0,0.0,0.01649398853948467,8.498505589807369,1.9153139174027223
2023-03-31,-0.002433394848978851,0,0.0,-0.0,-0.002433394848978851,8.498505589807369,1.910658868465028
2023-04-03,-0.003379121515789206,1,0.0005,-0.003879121515789206,-0.003379121515789206,8.465602712310961,1.9042134160897595
2023-04-04,-0.009921497470627936,1,0.0,-0.009921497470627936,-0.009921497470627936,8.382026542367752,1.8854141799952262
2023-04-05,0.006719586146419332,1,0.0,0.006719586146419332,0.006719586146419332,8.438539952519827,1.898126044402006
2023-04-06,-0.0005661089596402201,1,0.0,-0.0005661089596402201,-0.0005661089596402201,8.433764171380215,1.8970518023394611
2023-04-10,-0.006438400022105922,1,0.0,-0.006438400022105922,-0.006438400022105922,8.379638651797947,1.8848770589639536
2023-04-11,-0.008873116240910037,1,0.0,-0.008873116240910037,-0.008873116240910037,8.305614044133963,1.8682263069945102
2023-04-12,0.019392898294227256,0,0.0005,-0.0005,0.019392898294227256,8.301462275140638,1.9048102172356176
2023-04-13,-0.0018816451125205768,0,0.0,-0.0,-0.0018816451125205768,8.301462275140638,1.9012294103604683
2023-04-14,0.0008471784758586172,0,0.0,0.0,0.0008471784758586172,8.301462275140638,1.9028407734542856
2023-04-17,6.272541949700338e-05,0,0.0,0.0,6.272541949700338e-05,8.301462275140638,1.9029601336834576
2023-04-18,-0.000470536577215347,0,0.0,-0.0,-0.000470536577215347,8.301462275140638,1.9020649319646703
2023-04-19,-0.0076537011992777295,1,0.0005,-0.008153701199277729,-0.0076537011992777295,8.234049836154837,1.8875626641203158
2023-04-20,0.0010428353423388617,0,0.0005,-0.0005,0.0010428353423388617,8.229933840321467,1.889532107901648
2023-04-21,-0.0020867593256008983,0,0.0,-0.0,-0.0020867593256008983,8.229933840321467,1.8855932203389838
2023-04-24,-0.019043934325090914,1,0.0005,-0.019543934325090915,-0.019043934325090914,8.070650138984577,1.8500238720458353
2023-04-25,0.006046395418766588,1,0.0,0.006046395418766588,0.006046395418766588,8.119596305832832,1.8612437335879692
2023-04-26,0.026827713771890624,0,0.0005,-0.0005,0.026827713771890624,8.115537522460317,1.9118524707567448
2023-04-27,0.006875017357918575,0,0.0,0.0,0.006875017357918575,8.115537522460317,1.9250417760802112
2023-04-28,-0.0011477318049364117,0,0.0,-0.0,-0.0011477318049364117,8.115537522460317,1.9228336118405358
2023-05-01,-0.008759817225291611,0,0.0,-0.0,-0.008759817225291611,8.115537522460317,1.9060634996419203
2023-05-02,-0.006565434235745298,1,0.0005,-0.007065434235745297,-0.006565434235745298,8.058399814859749,1.893590355693484
2023-05-03,-0.0035361385630205858,1,0.0,-0.0035361385630205858,-0.0035361385630205858,8.029954519411916,1.8869061828598723
2023-05-04,0.02103166433036152,1,0.0,0.02103166433036152,0.02103166433036152,8.200626292098915,1.9270112198615434
2023-05-05,0.002474559708712574,0,0.0005,-0.0005,0.002474559708712574,8.196527003860325,1.931785629028409
2023-05-08,-0.0063533599730808766,0,0.0,-0.0,-0.0063533599730808766,8.196527003860325,1.919551205538316
2023-05-09,0.01082295112612958,1,0.0005,0.01032295112612958,0.01082295112612958,8.281577582738354,1.940439245643353
2023-05-10,0.00325483138083558,0,0.0005,-0.0005,0.00325483138083558,8.277437828971669,1.9467653377894498
2023-05-11,-0.0035932044249612103,1,0.0005,-0.00409320442496121,-0.0035932044249612103,8.24362583074125,1.9397827643829089
2023-05-12,0.005400277000511534,1,0.0,0.005400277000511534,0.005400277000511534,8.288264114783045,1.950286464550013
2023-05-15,0.0011315851043096517,1,0.0,0.0011315851043096517,0.0011315851043096517,8.297648299496377,1.9524946287896887
2023-05-16,0.012031499573703459,1,0.0,0.012031499573703459,0.012031499573703459,8.398084438590416,1.976127954165673
2023-05-17,0.01840294907657009,0,0.0005,-0.0005,0.01840294907657009,8.393886445956735,2.0128312246359523
2023-05-18,-0.002255930191805351,0,0.0,-0.0,-0.002255930191805351,8.393886445956735,2.00829553592743
2023-05-19,0.0033523727902773945,0,0.0,0.0,0.0033523727902773945,8.393886445956735,2.0150393888756275
2023-05-22,-0.012757252001321122,1,0.0005,-0.013257252001321123,-0.012757252001321122,8.283340961812243,1.9894962998328967
2023-05-23,-0.005142791142633152,1,0.0,-0.005142791142633152,-0.005142791142633152,8.24085082188934,1.9792910002387212
2023-05-24,0.02404155294024368,1,0.0,0.02404155294024368,0.02404155294024368,8.441374464683394,2.0274528527094784
2023-05-25,0.02522949606653903,0,0.0005,-0.0005,0.02522949606653903,8.43715483244702,2.0792551921699696
2023-05-26,0.004524765015253688,0,0.0,0.0,0.004524765015253688,8.43715483244702,2.0886846502745295
2023-05-30,-0.005702266264187078,0,0.0,-0.0,-0.005702266264187078,8.43715483244702,2.076808307471951
2023-05-31,0.011485840556061253,0,0.0,0.0,0.011485840556061253,8.43715483244702,2.1007997135354506
2023-06-01,0.007471803362620085,0,0.0,0.0,0.007471803362620085,8.43715483244702,2.116555263786107
2023-06-02,0.000704672004354947,0,0.0,0.0,0.000704672004354947,8.43715483244702,2.1180472666507524
2023-06-05,-0.0001690760000646671,0,0.0,-0.0,-0.0001690760000646671,8.43715483244702,2.1176891859632376
2023-06-06,-0.017110953811863634,0,0.0,-0.0,-0.017110953811863634,8.43715483244702,2.0817617569825737
2023-06-07,0.012336866014408693,0,0.0,0.0,0.012336866014408693,8.43715483244702,2.1076032465982335
2023-06-08,0.003815450117250954,0,0.0,0.0,0.003815450117250954,8.43715483244702,2.1156600620673194
2023-06-09,0.01675587111704128,0,0.0,0.0,0.01675587111704128,8.43715483244702,2.1514084507042255
2023-06-12,0.007654614232073824,0,0.0,0.0,0.007654614232073824,8.43715483244702,2.1679398424444973
2023-06-13,0.00724124070386362,0,0.0,0.0,0.00724124070386362,8.43715483244702,2.1836953926951534
2023-06-14,0.01184538953586933,0,0.0,0.0,0.01184538953586933,8.43715483244702,2.209715922654571
2023-06-15,-0.006312758877026332,0,0.0,-0.0,-0.006312758877026332,8.43715483244702,2.1958104559560754
2023-06-16,-0.002803371322767771,0,0.0,-0.0,-0.002803371322767771,8.43715483244702,2.1896634041537357
2023-06-20,-0.013721400791539645,0,0.0,-0.0,-0.013721400791539645,8.43715483244702,2.1598233468608257
2023-06-21,0.011729775868136416,0,0.0,0.0,0.011729775868136416,8.43715483244702,2.185306755788971
2023-06-22,-0.009962893403059973,0,0.0,-0.0,-0.009962893403059973,8.43715483244702,2.1636428741943186
2023-06-23,-0.013496081109047871,0,0.0,-0.0,-0.013496081109047871,8.43715483244702,2.13463833850561
2023-06-26,0.017047993650117943,0,0.0,0.0,0.017047993650117943,8.43715483244702,2.171341608975889
2023-06-27,0.0019495592209441712,0,0.0,0.0,0.0019495592209441712,8.43715483244702,2.1755788971114822
2023-06-28,-0.002004531459977276,0,0.0,-0.0,-0.002004531459977276,8.43715483244702,2.171222248746717
2023-06-29,0.015302454814363662,0,0.0,0.0,0.015302454814363662,8.43715483244702,2.2047027930293623
2023-06-30,0.002352274272773228,0,0.0,0.0,0.002352274272773228,8.43715483244702,2.2098949629983284
2023-07-03,-2.700622493663253e-05,0,0.0,-0.0,-2.700622493663253e-05,8.43715483244702,2.209835282883742
2023-07-05,-0.007645007007421735,0,0.0,-0.0,-0.007645007007421735,8.43715483244702,2.193005490570541
2023-07-06,-0.003325612987332089,0,0.0,-0.0,-0.003325612987332089,8.43715483244702,2.1857245165910713
2023-07-07,0.0003276003305303374,0,0.0,0.0,0.0003276003305303374,8.43715483244702,2.186440677966101
2023-07-10,0.00492833148681893,0,0.0,0.0,0.00492833148681893,8.43715483244702,2.1972427787061344
2023-07-11,0.012550941419493599,0,0.0,0.0,0.012550941419493599,8.43715483244702,2.224994031988541
2023-07-12,0.0168361757058451,0,0.0,0.0,0.0168361757058451,8.43715483244702,2.2627715445213648
2023-07-13,-0.00021102054890886456,0,0.0,-0.0,-0.00021102054890886456,8.43715483244702,2.2622941036046784
2023-07-14,0.009295309024210795,0,0.0,0.0,0.009295309024210795,8.43715483244702,2.283420864168059
2023-07-17,0.00814737375940394,0,0.0,0.0,0.00814737375940394,8.43715483244702,2.30210074003342
2023-07-18,-0.00023334500164227424,0,0.0,-0.0,-0.00023334500164227424,8.43715483244702,2.3015636190021476
2023-07-19,-0.023321842425391728,0,0.0,-0.0,-0.023321842425391728,8.43715483244702,2.248507997135354
2023-07-20,-0.003003763605650395,0,0.0,-0.0,-0.003003763605650395,8.43715483244702,2.2417641441871563
2023-07-21,0.001596042155102072,0,0.0,0.0,0.001596042155102072,8.43715483244702,2.2453449510623056
2023-07-24,0.006754903103520956,0,0.0,0.0,0.006754903103520956,8.43715483244702,2.260563380281689
2023-07-25,-0.0033320141894571395,0,0.0,-0.0,-0.0033320141894571395,8.43715483244702,2.253043685843876
2023-07-26,-0.002386825860636677,0,0.0,-0.0,-0.002386825860636677,8.43715483244702,2.2476724755311523
2023-07-27,0.01805074665130049,0,0.0,0.0,0.01805074665130049,8.43715483244702,2.2886130341370245
2023-07-28,0.0005214036303536659,0,0.0,0.0,0.0005214036303536659,8.43715483244702,2.2898066364287413
2023-07-31,-0.0023223359035549783,0,0.0,-0.0,-0.0023223359035549783,8.43715483244702,2.284495106230603
2023-08-01,-0.02218850109056938,0,0.0,-0.0,-0.02218850109056938,8.43715483244702,2.234363809978514
2023-08-02,-0.0016038924553543582,0,0.0,-0.0,-0.0016038924553543582,8.43715483244702,2.2307830031033653
2023-08-03,-0.004692767015404491,1,0.0005,-0.005192767015404491,-0.004692767015404491,8.3934562097064,2.220338983050847
2023-08-04,0.008431188950594944,0,0.0005,-0.0005,0.008431188950594944,8.38926053060873,2.2391382191453806
2023-08-07,-0.008538710051714514,0,0.0,-0.0,-0.008538710051714514,8.38926053060873,2.220100262592504
2023-08-08,-0.011055511232556476,0,0.0,-0.0,-0.011055511232556476,8.38926053060873,2.195691095726904
2023-08-09,0.0018465721472466618,0,0.0,0.0,0.0018465721472466618,8.38926053060873,2.19974934351874
2023-08-10,-0.006396058983580021,0,0.0,-0.0,-0.006396058983580021,8.38926053060873,2.185724516591072
2023-08-11,0.011159648255041755,0,0.0,0.0,0.011159648255041755,8.38926053060873,2.2102530436858445
2023-08-14,-0.010668287996199795,0,0.0,-0.0,-0.010668287996199795,8.38926053060873,2.1867987586536173
2023-08-15,-0.010645403428325395,1,0.0005,-0.011145403428325396,-0.010645403428325395,8.296277964159883,2.163642874194319
2023-08-16,-0.010983025867491902,1,0.0,-0.010983025867491902,-0.010983025867491902,8.205658278778754,2.1400095488183344
2023-08-17,-0.0012557381901547877,1,0.0,-0.0012557381901547877,-0.0012557381901547877,8.195360587258174,2.1373239436619724
2023-08-18,0.015983055640987686,1,0.0,0.015983055640987686,0.015983055640987686,8.327399876310974,2.1717593697779902
2023-08-21,-0.0014299859438196298,0,0.0005,-0.0005,-0.0014299859438196298,8.323237217124335,2.168656003819528
2023-08-22,0.0156455839233974,0,0.0,0.0,0.0156455839233974,8.323237217124335,2.2028527094772032
2023-08-23,-0.021607511602174223,0,0.0,-0.0,-0.021607511602174223,8.323237217124335,2.1557650990689914
2023-08-24,0.0077216201867438185,1,0.0005,0.007221620186743818,0.0077216201867438185,8.38356203431897,2.1724755311530206
2023-08-25,0.007498871999438688,0,0.0005,-0.0005,0.007498871999438688,8.379371301072428,2.1888278825495355
2023-08-28,0.021604821289545724,1,0.0005,0.021104821289545724,0.021604821289545724,8.558095775134612,2.2366316543327773
2023-08-29,0.0055612612230986486,0,0.0005,-0.0005,0.0055612612230986486,8.553817796830744,2.2491047982812136
2023-08-30,0.002993974548847904,0,0.0,0.0,0.002993974548847904,8.553817796830744,2.255848651229411
2023-08-31,-0.0010587893733764319,1,0.0005,-0.0015587893733764319,-0.0010587893733764319,8.540494583286847,2.253461446645978
2023-09-01,0.0012704127902970254,1,0.0,0.0012704127902970254,0.0012704127902970254,8.551351431720272,2.2563260921460975
2023-09-05,-0.008846911489746574,1,0.0,-0.008846911489746574,-0.008846911489746574,8.476032045713374,2.2364526139890195
2023-09-06,-0.007177320580524911,1,0.0,-0.007177320580524911,-0.007177320580524911,8.415414641960075,2.22045834328002
2023-09-07,0.0013966482717208183,1,0.0,0.0013966482717208183,0.0013966482717208183,8.427176227762953,2.223561709238482
2023-09-08,0.011713828823325514,1,0.0,0.011713828823325514,0.011713828823325514,8.526471154060337,2.249761279541657
2023-09-11,-0.011150350267557464,1,0.0,-0.011150350267557464,-0.011150350267557464,8.431926098952577,2.2248149916447844
2023-09-12,0.0038018787427654775,1,0.0,0.0038018787427654775,0.0038018787427654775,8.46404427556813,2.2332895679159703
2023-09-13,0.008143974324485933,1,0.0,0.008143974324485933,0.008143974324485933,8.533256684331228,2.251551682979231
2023-09-14,-0.017271309440242067,1,0.0,-0.017271309440242067,-0.017271309440242067,8.387141599164691,2.212998328956792
2023-09-15,-0.00040460167517566075,1,0.0,-0.00040460167517566075,-0.00040460167517566075,8.383748834029248,2.212103127238005
2023-09-18,-0.0021336078205931005,1,0.0,-0.0021336078205931005,-0.0021336078205931005,8.365880270982565,2.2073883981857247
2023-09-19,-0.01451530775178362,1,0.0,-0.01451530775178362,-0.01451530775178362,8.245324016503055,2.1755788971114827
2023-09-20,-0.01849443633307158,1,0.0,-0.01849443633307158,-0.01849443633307158,8.094232875804531,2.135712580568155
2023-09-21,0.00013970968350532391,1,0.0,0.00013970968350532391,0.00013970968350532391,8.095363797516345,2.136010981141084
2023-09-22,0.004738552739896975,1,0.0,0.004738552739896975,0.004738552739896975,8.133815135718066,2.1461566006206736
2023-09-25,-0.015130153299990137,1,0.0,-0.015130153299990137,-0.015130153299990137,8.011675590842012,2.1139293387443305
2023-09-26,0.00234050159715582,1,0.0,0.00234050159715582,0.00234050159715582,8.03044889125815,2.118882788254954
2023-09-27,0.00833045978719233,0,0.0005,-0.0005,0.00833045978719233,8.02643467045135,2.136607782286942
2023-09-28,0.0007259731150363124,0,0.0,0.0,0.0007259731150363124,8.02643467045135,2.138159465266173
2023-09-29,0.008311028617898751,0,0.0,0.0,0.008311028617898751,8.02643467045135,2.156003819527333
2023-10-02,-0.0177055087372744,0,0.0,-0.0,-0.0177055087372744,8.02643467045135,2.1181666268799235
2023-10-03,0.013516933800340225,1,0.0005,0.013016933800340224,0.013516933800340225,8.131597201163954,2.1469921222248747
2023-10-04,-0.002950840067809703,1,0.0,-0.002950840067809703,-0.002950840067809703,8.107637526297426,2.140666030078778
2023-10-05,0.01661659211496705,1,0.0,0.01661659211496705,0.01661659211496705,8.243484362097275,2.176533778944856
2023-10-06,0.005087120890550974,0,0.0005,-0.0005,0.005087120890550974,8.239363650180053,2.187634280257819
2023-10-09,0.005522696482651237,1,0.0005,0.005022696482651237,0.005522696482651237,8.28085157641607,2.19974934351874
2023-10-10,0.007109963583115755,1,0.0,0.007109963583115755,0.007109963583115755,8.339937931569423,2.2154452136548106
2023-10-11,-0.003481080220403738,1,0.0,-0.003481080220403738,-0.003481080220403738,8.310956411361124,2.20774647887324
2023-10-12,-0.012649615769063491,1,0.0,-0.012649615769063491,-0.012649615769063491,8.206488140842838,2.179995225590833
2023-10-13,0.011242955543069144,1,0.0,0.011242955543069144,0.011242955543069144,8.299273938098866,2.204643112914777
2023-10-16,-0.003280869525576942,1,0.0,-0.003280869525576942,-0.003280869525576942,8.272089721469374,2.1974218190498926
2023-10-17,-0.013204669904526484,1,0.0,-0.013204669904526484,-0.013204669904526484,8.16357751789877,2.1685963237049415
2023-10-18,-0.009400904250043661,1,0.0,-0.009400904250043661,-0.009400904250043661,8.087192115799379,2.148305084745763
2023-10-19,-0.01503030100429975,1,0.0,-0.01503030100429975,-0.01503030100429975,7.966548113071812,2.1162568632131777
2023-10-20,0.0030129410208462335,1,0.0,0.0030129410208462335,0.0030129410208462335,7.990587048438384,2.12264263547386
2023-10-23,0.00968110527043429,1,0.0,0.00968110527043429,0.00968110527043429,8.068320428221881,2.143291955120554
2023-10-24,-0.024780328407887055,1,0.0,-0.024780328407887055,-0.024780328407887055,7.87084169750022,2.090833134399618
2023-10-25,-0.01925131500490203,1,0.0,-0.01925131500490203,-0.01925131500490203,7.720766848669653,2.0509668178562905
2023-10-26,0.004789767782361044,1,0.0,0.004789767782361044,0.004789767782361044,7.757836234982592,2.0608140367629506
2023-10-27,0.011202259664487018,1,0.0,0.011202259664487018,0.011202259664487018,7.845230121502191,2.0840296013368347
2023-10-30,0.004770960526002866,1,0.0,0.004770960526002866,0.004770960526002866,7.882748833709834,2.093996180472667
2023-10-31,0.01720794619277228,0,0.0005,-0.0005,0.01720794619277228,7.878808444472378,2.1303413702554312
2023-11-01,0.017990490766925517,0,0.0,0.0,0.017990490766925517,7.878808444472378,2.1690140845070425
2023-11-02,0.011680362570035619,0,0.0,0.0,0.011680362570035619,7.878808444472378,2.1944974934351875
2023-11-03,0.004071003831171527,0,0.0,0.0,0.004071003831171527,7.878808444472378,2.2034495106230607
2023-11-06,0.00940821863285774,1,0.0005,0.00890821863285774,0.00940821863285774,7.949308139795913,2.224277870613512
2023-11-07,0.0006437423107346973,1,0.0,0.0006437423107346973,0.0006437423107346973,7.954427093253256,2.2257101933635717
2023-11-08,-0.007725371862505841,1,0.0,-0.007725371862505841,-0.007725371862505841,7.893212941492552,2.2085820004774415
2023-11-09,0.022233232833769937,1,0.0,0.022233232833769937,0.022233232833769937,8.070669994680376,2.2582358558128437
2023-11-10,-0.0031233482246464405,0,0.0005,-0.0005,-0.0031233482246464405,8.066635668348665,2.2511936022917167
2023-11-13,0.021298048465201037,1,0.0005,0.020798048465201037,0.021298048465201037,8.236162753369715,2.2996538553354027
2023-11-14,0.0007523186034838091,0,0.0005,-0.0005,0.0007523186034838091,8.232045701341809,2.3013845786583915
2023-11-15,0.0008553987846129312,1,0.0005,0.0003553987846129312,0.0008553987846129312,8.23497188032837,2.3033540224397235
2023-11-16,0.00023316364307245094,1,0.0,0.00023316364307245094,0.00023316364307245094,8.23689220023828,2.3038911434709957
2023-11-17,0.012101386124554163,1,0.0,0.012101386124554163,0.012101386124554163,8.33717557331133,2.331940797326331
2023-11-20,-0.0058264304146309395,1,0.0,-0.0058264304146309395,-0.0058264304146309395,8.288740837805836,2.31839341131535
2023-11-21,0.004084626695573907,1,0.0,0.004084626695573907,0.004084626695573907,8.322666489547569,2.3278825495344955
2023-11-22,-0.0014110345222495132,1,0.0,-0.0014110345222495132,-0.0014110345222495132,8.310931201209232,2.324600143232275
2023-11-24,-0.0008732727734297608,1,0.0,-0.0008732727734297608,-0.0008732727734297608,8.30367665932735,2.3225710193363573
2023-11-27,0.002617533828721009,1,0.0,0.002617533828721009,0.002617533828721009,8.325440284972991,2.3286583910241108
2023-11-28,-0.0009743590514450082,1,0.0,-0.0009743590514450082,-0.0009743590514450082,8.317332267575598,2.32639054666985
2023-11-29,-0.002517210822635823,1,0.0,-0.002517210822635823,-0.002517210822635823,8.29642211744547,2.320541895440439
2023-11-30,0.0028506510309191705,0,0.0005,-0.0005,0.0028506510309191705,8.29227494326669,2.3271663881594655
2023-12-01,-0.009326839569026031,0,0.0,-0.0,-0.009326839569026031,8.29227494326669,2.3055621866793987
2023-12-04,0.0025077248441340355,0,0.0,0.0,0.0025077248441340355,8.29227494326669,2.3113511577942236
2023-12-05,-0.005800570424161266,0,0.0,-0.0,-0.005800570424161266,8.29227494326669,2.2979828121269996
2023-12-06,0.01387549986360429,0,0.0,0.0,0.01387549986360429,8.29227494326669,2.3300907137741707
2023-12-07,0.004446723401826506,0,0.0,0.0,0.004446723401826506,8.29227494326669,2.3404750537121037
2023-12-08,0.008505935578581376,0,0.0,0.0,0.008505935578581376,8.29227494326669,2.3604678920983533
2023-12-11,0.00793265218225496,0,0.0,0.0,0.00793265218225496,8.29227494326669,2.379267128192887
2023-12-12,0.012637099416755566,0,0.0,0.0,0.012637099416755566,8.29227494326669,2.4095249462878976
2023-12-13,-0.0008672705064561735,0,0.0,-0.0,-0.0008672705064561735,8.29227494326669,2.407436142277394
2023-12-14,0.004822385169341595,0,0.0,0.0,0.004822385169341595,8.29227494326669,2.4190737646216287
2023-12-15,0.004283505232563732,0,0.0,0.0,0.004283505232563732,8.29227494326669,2.429458104559562
2023-12-18,0.005096551265075884,0,0.0,0.0,0.005096551265075884,8.29227494326669,2.4418715683934122
2023-12-19,-0.014971224176605017,0,0.0,-0.0,-0.014971224176605017,8.29227494326669,2.4055860587252336
2023-12-20,0.011568236548809674,0,0.0,0.0,0.011568236548809674,8.29227494326669,2.433576032465983
2023-12-21,0.001494823533877242,0,0.0,0.0,0.001494823533877242,8.29227494326669,2.437216519455718
2023-12-22,0.006103087566652981,0,0.0,0.0,0.006103087566652981,8.29227494326669,2.452136548102173
2023-12-26,0.0015078190555828973,0,0.0,0.0,0.0015078190555828973,8.29227494326669,2.455836715206494
2023-12-27,-0.0004861448807461197,0,0.0,-0.0,-0.0004861448807461197,8.29227494326669,2.4546431129147774
2023-12-28,-0.004337133087050629,1,0.0005,-0.004837133087050629,-0.004337133087050629,8.252260960272329,2.4440200525185016
2023-12-29,-0.017067067801547306,0,0.0005,-0.0005,-0.017067067801547306,8.24813586115291,2.402661733110528
2024-01-02,-0.010637866886129584,0,0.0,-0.0,-0.010637866886129584,8.24813586115291,2.3772380042969687
2024-01-03,-0.005159775356821426,1,0.0005,-0.005659775356821425,-0.005159775356821426,8.201585122690908,2.3650035808068757
2024-01-04,0.0011853273016890788,1,0.0,0.0011853273016890788,0.0011853273016890788,8.211312449347984,2.3678085461924097
2024-01-05,0.02045724328848035,0,0.0005,-0.0005,0.02045724328848035,8.207207819366317,2.416746240152782
2024-01-08,0.0019736036997017956,0,0.0,0.0,0.0019736036997017956,8.207207819366317,2.4215206493196475
2024-01-09,0.006754707905356918,0,0.0,0.0,0.006754707905356918,8.207207819366317,2.4379326808307478
2024-01-10,0.0020786215223997204,0,0.0,0.0,0.0020786215223997204,8.207207819366317,2.4430054905705427
2024-01-11,0.0005128768841588317,0,0.0,0.0,0.0005128768841588317,8.207207819366317,2.4442587729768452
2024-01-12,-9.767055728826789e-05,0,0.0,-0.0,-9.767055728826789e-05,8.207207819366317,2.4440200525185016
2024-01-16,-0.005656719257778516,0,0.0,-0.0,-0.005656719257778516,8.207207819366317,2.430233946049177
2024-01-17,0.014094356701281853,0,0.0,0.0,0.014094356701281853,8.207207819366317,2.4647290522797816
2024-01-18,0.019636916158801337,0,0.0,0.0,0.019636916158801337,8.207207819366317,2.513607066125568
2024-01-19,0.0013050030918026697,0,0.0,0.0,0.0013050030918026697,8.207207819366317,2.5168894724277884
2024-01-22,0.004140988631744015,0,0.0,0.0,0.004140988631744015,8.207207819366317,2.527333492480307
2024-01-23,0.005533918115283674,0,0.0,0.0,0.005533918115283674,8.207207819366317,2.5413583194079745
2024-01-24,0.0012203995975958168,0,0.0,0.0,0.0012203995975958168,8.207207819366317,2.544461685366437
2024-01-25,-0.005975363596376085,0,0.0,-0.0,-0.005975363596376085,8.207207819366317,2.529302936261639
2024-01-26,0.01018835988051842,1,0.0005,0.00968835988051842,0.01018835988051842,8.287108631259441,2.5552041059918844
2024-01-29,-0.006678799212613155,0,0.0005,-0.0005,-0.006678799212613155,8.282966112659762,2.538195273334926
2024-01-30,-0.019780525494811477,1,0.0005,-0.020280525494811477,-0.019780525494811477,8.11667514096484,2.4884817378849378
2024-01-31,0.011706636643636947,0,0.0005,-0.0005,0.011706636643636947,8.112617817809674,2.517784674146575
2024-02-01,0.016759315271239236,0,0.0,0.0,0.016759315271239236,8.112617817809674,2.5603365958462647
2024-02-02,-0.0013061835645248657,0,0.0,-0.0,-0.0013061835645248657,8.112617817809674,2.556994509429459
2024-02-05,-0.002009252580078531,0,0.0,-0.0,-0.002009252580078531,8.112617817809674,2.5518620195750783
2024-02-06,0.010237647292990362,0,0.0,0.0,0.010237647292990362,8.112617817809674,2.578121269992839
2024-02-07,0.001850182076855559,0,0.0,0.0,0.001850182076855559,8.112617817809674,2.582895679159705
2024-02-08,0.009794983121601623,0,0.0,0.0,0.009794983121601623,8.112617817809674,2.608319407973264
2024-02-09,-0.003920270039805942,0,0.0,-0.0,-0.003920270039805942,8.112617817809674,2.5981141083790886
2024-02-12,-0.015719917641799235,0,0.0,-0.0,-0.015719917641799235,8.112617817809674,2.5575913105753165
2024-02-13,0.010838264767940257,0,0.0,0.0,0.010838264767940257,8.112617817809674,2.5854619240868946
2024-02-14,0.0029732772874981766,0,0.0,0.0,0.0029732772874981766,8.112617817809674,2.593160658868465
2024-02-15,-0.009109047124740234,0,0.0,-0.0,-0.009109047124740234,8.112617817809674,2.5696466937216518
2024-02-16,-0.007576765197903524,0,0.0,-0.0,-0.007576765197903524,8.112617817809674,2.55025065648126
2024-02-20,-0.004009713085682794,0,0.0,-0.0,-0.004009713085682794,8.112617817809674,2.5400453568870853
2024-02-21,0.02885528096660793,0,0.0,0.0,0.02885528096660793,8.112617817809674,2.614406779661017
2024-02-22,-0.00294907912198587,0,0.0,-0.0,-0.00294907912198587,8.112617817809674,2.6067080448794457
2024-02-23,-0.000526719579809345,0,0.0,-0.0,-0.000526719579809345,8.112617817809674,2.605335402243972
2024-02-26,0.0024023348509547918,0,0.0,0.0,0.0024023348509547918,8.112617817809674,2.6116018142754833
2024-02-27,-0.005338722912068065,0,0.0,-0.0,-0.005338722912068065,8.112617817809674,2.597696347576987
2024-02-28,0.008532884879467998,1,0.0005,0.008032884879467997,0.008532884879467998,8.17804798748628,2.619957030317498
2024-02-29,0.014944716937798459,0,0.0005,-0.0005,0.014944716937798459,8.173959985578179,2.6594055860587256
2024-03-01,-0.0035745235501976184,0,0.0,-0.0,-0.0035745235501976184,8.173959985578179,2.64991644783958
2024-03-04,-0.0181126907897775,0,0.0,-0.0,-0.0181126907897775,8.173959985578179,2.6023513965146816
2024-03-05,0.006264023042691197,0,0.0,0.0,0.006264023042691197,8.173959985578179,2.618703747911196
2024-03-06,0.015064068450966979,0,0.0,0.0,0.015064068450966979,8.173959985578179,2.6584507042253525
2024-03-07,-0.014540037042659165,0,0.0,-0.0,-0.014540037042659165,8.173959985578179,2.62007639054667
2024-03-08,-0.003719724511215403,0,0.0,-0.0,-0.003719724511215403,8.173959985578179,2.6103485318691817
2024-03-11,0.0142332577053099,0,0.0,0.0,0.0142332577053099,8.173959985578179,2.647767963714491
2024-03-12,-0.00771575594177251,0,0.0,-0.0,-0.00771575594177251,8.173959985578179,2.627417044640726
2024-03-13,-0.0025244785351247767,0,0.0,-0.0,-0.0025244785351247767,8.173959985578179,2.6207925519217
2024-03-14,-0.011958083529214633,0,0.0,-0.0,-0.011958083529214633,8.173959985578179,2.589639532107902
2024-03-15,0.008170805155048986,0,0.0,0.0,0.008170805155048986,8.173959985578179,2.610885652900454
2024-03-18,0.0024884437246092054,0,0.0,0.0,0.0024884437246092054,8.173959985578179,2.6173907853903087
2024-03-19,0.011786976004885482,0,0.0,0.0,0.011786976004885482,8.173959985578179,2.6484244449749346
2024-03-20,0.004721019514417051,0,0.0,0.0,0.004721019514417051,8.173959985578179,2.660957269037957
2024-03-21,0.001143177485102368,0,0.0,0.0,0.001143177485102368,8.173959985578179,2.6640009548818337
2024-03-22,-0.003635796360990732,1,0.0005,-0.004135796360990732,-0.003635796360990732,8.140223962363311,2.6543327763189306
2024-03-25,-0.003242953927596161,1,0.0,-0.003242953927596161,-0.003242953927596161,8.113868349210591,2.6457388398185726
2024-03-26,0.003400329797703632,1,0.0,0.003400329797703632,0.003400329797703632,8.141505138002676,2.654750537121031
2024-03-27,-0.001845102004036944,0,0.0005,-0.0005,-0.001845102004036944,8.137435402952223,2.649856767724994
2024-03-28,0.002114831601752241,0,0.0,0.0,0.002114831601752241,8.137435402952223,2.655466698496061
2024-04-01,-0.008667638852714533,0,0.0,-0.0,-0.008667638852714533,8.137435402952223,2.6325495344951064
2024-04-02,0.0022418233820408703,1,0.0005,0.0017418233820408703,0.0022418233820408703,8.151621729657997,2.6384578658391025
2024-04-03,-0.015408765845506631,1,0.0,-0.015408765845506631,-0.015408765845506631,8.026978067833776,2.5981141083790877
2024-04-04,0.011715003643543814,1,0.0,0.011715003643543814,0.011715003643543814,8.12156711889269,2.6287300071616135
2024-04-05,0.0002950957380080848,0,0.0005,-0.0005,0.0002950957380080848,8.117507350359954,2.6295058486512297
2024-04-08,0.0036926743590538114,1,0.0005,0.0031926743590538114,0.0036926743590538114,8.143465323565115,2.6392337073287186
2024-04-09,-0.00876680609190925,0,0.0005,-0.0005,-0.00876680609190925,8.139394608666862,2.616197183098592
2024-04-10,0.015842094733068128,0,0.0,0.0,0.015842094733068128,8.139394608666862,2.6579732633086657
2024-04-11,-0.01607023855592315,0,0.0,-0.0,-0.01607023855592315,8.139394608666862,2.615600381952733
2024-04-12,-0.01658786726086476,1,0.0005,-0.01708786726086476,-0.01658786726086476,8.001491306249058,2.572571019336357
2024-04-15,9.279020142128858e-05,1,0.0,9.279020142128858e-05,9.279020142128858e-05,8.002233800686605,2.5728097397947
2024-04-16,-0.012276392888587099,1,0.0,-0.012276392888587099,-0.012276392888587099,7.904595782148885,2.5414179995225585
2024-04-17,-0.005722712114822937,1,0.0,-0.005722712114822937,-0.005722712114822937,7.8594892450677705,2.526915731678205
2024-04-18,-0.020906185852466178,0,0.0005,-0.0005,-0.020906185852466178,7.855560482717672,2.474635951301026
2024-04-19,0.010006442450793502,1,0.0005,0.009506442450793502,0.010006442450793502,7.930595006971723,2.4995225590833137
2024-04-22,0.014812627896238892,1,0.0,0.014812627896238892,0.014812627896238892,8.048942313197724,2.536822630699451
2024-04-23,0.0033819520714711768,0,0.0005,-0.0005,0.0033819520714711768,8.044918847991248,2.545416567199809
2024-04-24,-0.004841600131739463,0,0.0,-0.0,-0.004841600131739463,8.044918847991248,2.53312246359513
2024-04-25,0.015313876919770916,1,0.0005,0.014813876919770916,0.015313876919770916,8.16498239326248,2.572212938648842
2024-04-26,0.004052103952570829,1,0.0,0.004052103952570829,0.004052103952570829,8.198134873977583,2.5826569587013606
2024-04-29,-0.01903619664246146,1,0.0,-0.01903619664246146,-0.01903619664246146,8.043549592471733,2.533957985199331
2024-04-30,-0.007256771512826843,1,0.0,-0.007256771512826843,-0.007256771512826843,7.985390669160095,2.5156361900214845
2024-05-01,0.012682567862885996,1,0.0,0.012682567862885996,0.012682567862885996,8.087310867015667,2.5477440916686556
2024-05-02,0.019899077249063018,1,0.0,0.019899077249063018,0.019899077249063018,8.249852743893143,2.5989496299832893
2024-05-03,0.010893876363336196,0,0.0005,-0.0005,0.010893876363336196,8.245728848580937,2.6274170446407252
2024-05-06,0.00015898792860857114,1,0.0005,-0.00034101207139142887,0.00015898792860857114,8.242917434896397,2.6278348054428258
2024-05-07,-0.0005906540529291615,1,0.0,-0.0005906540529291615,-0.0005906540529291615,8.238050159884876,2.6262831224635947
2024-05-08,0.002179144640426831,1,0.0,0.002179144640426831,0.002179144640426831,8.256021636850491,2.632012413463833
2024-05-09,0.002355393578874296,1,0.0,0.002355393578874296,0.002355393578874296,8.275490736896579,2.6382191453807584
2024-05-10,0.0023047211774360034,1,0.0,0.0023047211774360034,0.0023047211774360034,8.294585431172548,2.6443065170685123
2024-05-13,0.00641164838064049,1,0.0,0.00641164838064049,0.00641164838064049,8.347938253414226,2.661315349725471
2024-05-14,0.015509361532795434,1,0.0,0.015509361532795434,0.015509361532795434,8.478418664300007,2.702912389591787
2024-05-15,-0.002033419496509813,1,0.0,-0.002033419496509813,-0.002033419496509813,8.461195998874622,2.6974218190498918
2024-05-16,-0.0004868657010771622,1,0.0,-0.0004868657010771622,-0.0004868657010771622,8.457077535403336,2.6961088565290035
2024-05-17,0.006948531823132312,1,0.0,0.006948531823132312,0.006948531823132312,8.516046444196768,2.714908092623537
2024-05-20,0.001954519623870354,1,0.0,0.001954519623870354,0.001954519623870354,8.532707500966973,2.7202196228216744
2024-05-21,-0.0001974745209433014,1,0.0,-0.0001974745209433014,-0.0001974745209433014,8.531022675001443,2.719682501790402
2024-05-22,-0.004508623492407011,1,0.0,-0.004508623492407011,-0.004508623492407011,8.49264608356445,2.707448078300309
2024-05-23,0.009411989050763028,1,0.0,0.009411989050763028,0.009411989050763028,8.572956121254553,2.7330508474576263
2024-05-24,0.0037705873819828964,1,0.0,0.0037705873819828964,0.0037705873819828964,8.605342220369675,2.743375507280973
2024-05-28,-0.007073338664500525,1,0.0,-0.007073338664500525,-0.007073338664500525,8.544688485610717,2.7240391501551673
2024-05-29,-0.010771147869671087,1,0.0,-0.010771147869671087,-0.010771147869671087,8.453146274817104,2.694855574122702
2024-05-30,-0.0018619915383390603,1,0.0,-0.0018619915383390603,-0.0018619915383390603,8.43742123247219,2.6898424444974927
2024-05-31,0.005354942872349604,0,0.0005,-0.0005,0.005354942872349604,8.43320357635785,2.704285032227261
2024-06-03,0.002732784069872197,0,0.0,0.0,0.002732784069872197,8.43320357635785,2.711685366435903
2024-06-04,0.019959263729746008,0,0.0,0.0,0.019959263729746008,8.43320357635785,2.766352351396514
2024-06-05,-0.00034523681430391825,0,0.0,-0.0,-0.00034523681430391825,8.43320357635785,2.765397469563141
2024-06-06,-0.0008852137505492057,0,0.0,-0.0,-0.0008852137505492057,8.43320357635785,2.762950584865122
2024-06-07,0.004031090079096102,0,0.0,0.0,0.004031090079096102,8.43320357635785,2.7741107662926705
2024-06-10,0.006839282702586575,1,0.0005,0.006339282702586576,0.006839282702586575,8.486833847039504,2.793148722845547
2024-06-11,0.01301269728247063,0,0.0005,-0.0005,0.01301269728247063,8.482591490793428,2.829732633086655
2024-06-12,0.005405589108987094,0,0.0,0.0,0.005405589108987094,8.482591490793428,2.8450704225352106
2024-06-13,0.005167862031251512,0,0.0,0.0,0.005167862031251512,8.482591490793428,2.8598114108379082
2024-06-14,0.01217541615609773,0,0.0,0.0,0.01217541615609773,8.482591490793428,2.8948436380997844
2024-06-17,0.0003091922891463394,0,0.0,0.0,0.0003091922891463394,8.482591490793428,2.8957388398185717
2024-06-18,-0.007737862914044295,0,0.0,-0.0,-0.007737862914044295,8.482591490793428,2.873418476963475
2024-06-20,-0.002682890394164811,0,0.0,-0.0,-0.002682890394164811,8.482591490793428,2.865719742181904
2024-06-21,-0.013038103658470617,0,0.0,-0.0,-0.013038103658470617,8.482591490793428,2.8285987109095236
2024-06-24,0.011370672366305285,0,0.0,0.0,0.011370672366305285,8.482591490793428,2.8609453330150383
2024-06-25,0.0020630379809957722,0,0.0,0.0,0.0020630379809957722,8.482591490793428,2.8668536643590348
2024-06-26,0.00257801760280116,0,0.0,0.0,0.00257801760280116,8.482591490793428,2.8742539985676765
2024-06-27,-0.005204441758178706,0,0.0,-0.0,-0.005204441758178706,8.482591490793428,2.8593339699212215
2024-06-28,0.005847909031011501,0,0.0,0.0,0.005847909031011501,8.482591490793428,2.876104082119837
2024-07-01,0.010444929306005032,0,0.0,0.0,0.010444929306005032,8.482591490793428,2.9063022201002613
2024-07-02,0.008302536393946925,0,0.0,0.0,0.008302536393946925,8.482591490793428,2.9305323466221043
2024-07-03,0.010372864480712687,0,0.0,0.0,0.010372864480712687,8.482591490793428,2.9610885652900434
2024-07-05,0.0023754414793510244,0,0.0,0.0,0.0023754414793510244,8.482591490793428,2.9681308188111704
2024-07-08,0.0008642261192499693,0,0.0,0.0,0.0008642261192499693,8.482591490793428,2.9706970637383607
2024-07-09,0.010372521124065727,0,0.0,0.0,0.010372521124065727,8.482591490793428,3.001671043208401
2024-07-10,-0.022174214127512006,0,0.0,-0.0,-0.022174214127512006,8.482591490793428,2.9358438768202415
2024-07-11,0.005857630126025553,0,0.0,0.0,0.005857630126025553,8.482591490793428,2.9530914299355437
2024-07-12,0.0026842402869314106,0,0.0,0.0,0.0026842402869314106,8.482591490793428,2.9610288851754576
2024-07-15,0.00038287539888769644,0,0.0,0.0,0.00038287539888769644,8.482591490793428,2.962162807352588
2024-07-16,-0.02979435401762903,0,0.0,-0.0,-0.02979435401762903,8.482591490793428,2.875208880401048
2024-07-17,-0.004743782692837453,0,0.0,-0.0,-0.004743782692837453,8.482591490793428,2.8616018142754815
2024-07-18,-0.00890309945858512,0,0.0,-0.0,-0.00890309945858512,8.482591490793428,2.836237765576508
2024-07-19,0.014787854591063361,0,0.0,0.0,0.014787854591063361,8.482591490793428,2.8784912867032686
2024-07-22,-0.0035308570962907923,0,0.0,-0.0,-0.0035308570962907923,8.482591490793428,2.868345667223679
2024-07-23,-0.0365294852756318,0,0.0,-0.0,-0.0365294852756318,8.482591490793428,2.765457149677726
2024-07-24,-0.011088921742834391,0,0.0,-0.0,-0.011088921742834391,8.482591490793428,2.734960611124371
2024-07-25,0.010203727104151497,0,0.0,0.0,0.010203727104151497,8.482591490793428,2.763010264979707
2024-07-26,0.0020067545871532157,0,0.0,0.0,0.0020067545871532157,8.482591490793428,2.7685605156361874
2024-07-29,-0.013826555421495869,0,0.0,-0.0,-0.013826555421495869,8.482591490793428,2.7305442826450204
2024-07-30,0.029164246594901057,0,0.0,0.0,0.029164246594901057,8.482591490793428,2.811351157794221
2024-07-31,-0.024519617174318498,0,0.0,-0.0,-0.024519617174318498,8.482591490793428,2.7432561470518007
2024-08-01,-0.024021145954296,0,0.0,-0.0,-0.024021145954296,8.482591490793428,2.6781451420386704
2024-08-02,-0.030269695534838627,0,0.0,-0.0,-0.030269695534838627,8.482591490793428,2.598293148722844
2024-08-05,0.009509729913681356,1,0.0005,0.009009729913681356,0.009509729913681356,8.55936267357874,2.6231200763905447
2024-08-06,-0.01088881855480641,0,0.0005,-0.0005,-0.01088881855480641,8.555084061983985,2.5947123418476945
2024-08-07,0.03013231458270047,0,0.0,0.0,0.03013231458270047,8.555084061983985,2.674086894246835
2024-08-08,0.0052088088564624,0,0.0,0.0,0.0052088088564624,8.555084061983985,2.6880520410599176
2024-08-09,0.0021512777344975744,0,0.0,0.0,0.0021512777344975744,8.555084061983985,2.6938410121747416
2024-08-12,0.024509958167167833,1,0.0005,0.024009958167167833,0.024509958167167833,8.76297703618629,2.76068274051086
2024-08-13,0.0003242156711026025,0,0.0005,-0.0005,0.0003242156711026025,8.758596642857787,2.761577942229647
2024-08-14,0.02494927467243515,1,0.0005,0.02444927467243515,0.02494927467243515,8.975377243565491,2.8313439961804705
2024-08-15,0.001284954624111364,1,0.0,0.001284954624111364,0.001284954624111364,8.986917608892783,2.834984483170205
2024-08-16,0.013050483245022053,1,0.0,0.013050483245022053,0.013050483245022053,9.104969870601499,2.8722248746717565
2024-08-19,-0.0021008192598558624,1,0.0,-0.0021008192598558624,-0.0021008192598558624,9.085862052600568,2.866197183098589
2024-08-20,0.004653296858872257,1,0.0,0.004653296858872257,0.004653296858872257,9.128239787572928,2.8795655287658124
2024-08-21,-0.015981956090079043,1,0.0,-0.015981956090079043,-0.015981956090079043,8.983512255189648,2.83391024110766
2024-08-22,0.010787139212975104,1,0.0,0.010787139212975104,0.010787139212975104,9.080943208362706,2.864645500119357
2024-08-23,-0.009755766448716195,1,0.0,-0.009755766448716195,-0.009755766448716195,8.99278238471485,2.8368345667223647
2024-08-26,0.002982882161287307,1,0.0,0.002982882161287307,0.002982882161287307,9.019646841706257,2.845309142993551
2024-08-27,-0.011412301772348447,1,0.0,-0.011412301772348447,-0.011412301772348447,8.917297044295337,2.8130222010026227
2024-08-28,-0.0014649528633453386,1,0.0,-0.0014649528633453386,-0.0014649528633453386,8.904243188433314,2.8089042730962017
2024-08-29,0.011848955330997885,1,0.0,0.011848955330997885,0.011848955330997885,9.010376712181053,2.842384817378846
2024-08-30,-0.030831369228027688,1,0.0,-0.030831369228027688,-0.030831369228027688,8.736813298029125,2.7560873716877503
2024-09-03,-0.0026018531188913355,1,0.0,-0.0026018531188913355,-0.0026018531188913355,8.714110940008219,2.748925757937452
2024-09-04,0.0009331091655180036,1,0.0,0.0009331091655180036,0.0009331091655180036,8.722245951632376,2.7514920028646426
2024-09-05,-0.02715258100057336,1,0.0,-0.02715258100057336,-0.02715258100057336,8.488600850333874,2.6777870613511547
2024-09-06,0.01277767481581391,1,0.0,0.01277767481581391,0.01277767481581391,8.597761355151064,2.712222487467172
2024-09-09,0.009199293892174285,0,0.0005,-0.0005,0.009199293892174285,8.59346354901456,2.7372881355932166
2024-09-10,0.021483010651460598,0,0.0,0.0,0.021483010651460598,8.59346354901456,2.7967295297206927
2024-09-11,0.00976819115066799,0,0.0,0.0,0.00976819115066799,8.59346354901456,2.82418238243017
2024-09-12,0.004469940815265907,0,0.0,0.0,0.004469940815265907,8.59346354901456,2.836834566722364
2024-09-13,-0.004427678067758385,0,0.0,-0.0,-0.004427678067758385,8.59346354901456,2.824301742659342
2024-09-16,0.0005281336934731271,1,0.0005,2.8133693473127077e-05,0.0005281336934731271,8.593705318284835,2.825793745523987
2024-09-17,-0.0043389525492774006,1,0.0,-0.0043389525492774006,-0.0043389525492774006,8.55649841654988,2.813559322033894
2024-09-18,0.024969877108703895,1,0.0,0.024969877108703895,0.024969877108703895,8.77284293785752,2.884698018620191
2024-09-19,-0.0019051569233196626,0,0.0005,-0.0005,-0.0019051569233196626,8.768457612811213,2.8792074480782954
2024-09-20,0.0012429052434864889,0,0.0,0.0,0.0012429052434864889,8.768457612811213,2.8827882549534447
2024-09-23,0.004812020726826285,1,0.0005,0.004312020726826285,0.004812020726826285,8.80634901933389,2.896693721651941
2024-09-24,0.0009266982407228952,1,0.0,0.0009266982407228952,0.0009266982407228952,8.814513629958155,2.899379326808303
2024-09-25,0.0074849881387814374,1,0.0,0.0074849881387814374,0.0074849881387814374,8.880737693910538,2.9211625686321274
2024-09-26,-0.0055725288125503,1,0.0,-0.0055725288125503,-0.0055725288125503,8.83138715858164,2.9049295774647845
2024-09-27,0.0027081939368795564,1,0.0,0.0027081939368795564,0.0027081939368795564,8.855336683079488,2.9128073525901126
2024-09-30,-0.014030395009164339,1,0.0,-0.014030395009164339,-0.014030395009164339,8.731960344757237,2.872224874671755
2024-10-01,0.001411931049952819,1,0.0,0.001411931049952819,0.001411931049952819,8.744297978589461,2.8762831224635907
2024-10-02,-0.0007472445705445171,1,0.0,-0.0007472445705445171,-0.0007472445705445171,8.73776629009005,2.8741346383385014
2024-10-03,0.011827861826774087,1,0.0,0.011827861826774087,0.011827861826774087,8.841728998705712,2.9083313439961755
2024-10-04,-0.010769430074630104,0,0.0005,-0.0005,-0.010769430074630104,8.837309239238301,2.8771783241823776
2024-10-07,0.01482423688350135,1,0.0005,0.014324236883501349,0.01482423688350135,8.964807930876944,2.9201480066841685
2024-10-08,0.007837589104924625,0,0.0005,-0.0005,0.007837589104924625,8.960326647325752,2.9431248507997094
2024-10-09,-0.001136202366231721,0,0.0,-0.0,-0.001136202366231721,8.960326647325752,2.939782764382903
2024-10-10,0.0015619456494666423,0,0.0,0.0,0.0015619456494666423,8.960326647325752,2.9443781332060115
2024-10-11,0.00835642591540996,1,0.0005,0.00785642591540996,0.00835642591540996,9.031000046453894,2.9690857006445404
2024-10-14,-0.013456974460117056,0,0.0005,-0.0005,-0.013456974460117056,9.02648567511755,2.9293984244449702
2024-10-15,0.00012222946560200775,0,0.0,0.0,0.00012222946560200775,9.02648567511755,2.9297565051324854
2024-10-16,0.0006923515793384924,1,0.0005,0.00019235157933849244,0.0006923515793384924,9.0282221008898,2.931785629028403
2024-10-17,0.0065333186982101665,0,0.0005,-0.0005,0.0065333186982101665,9.02370911817905,2.951002625925037
2024-10-18,0.0019194057757111205,0,0.0,0.0,0.0019194057757111205,9.02370911817905,2.9566722368106895
2024-10-21,0.001089390654249127,0,0.0,0.0,0.001089390654249127,9.02370911817905,2.959894962998324
2024-10-22,-0.015442439510986542,0,0.0,-0.0,-0.015442439510986542,9.02370911817905,2.914538075913101
2024-10-23,0.008076072773077035,0,0.0,0.0,0.008076072773077035,9.02370911817905,2.938171401289086
2024-10-24,0.006075106773166096,1,0.0005,0.005575106773166095,0.006075106773166096,9.074157757609042,2.956075435664832
2024-10-25,0.00016149870836134364,0,0.0005,-0.0005,0.00016149870836134364,9.069621812810935,2.9565528765815188
2024-10-28,0.00956253017785279,0,0.0,0.0,0.00956253017785279,9.069621812810935,2.9849606111243694
2024-10-29,-0.00758628480296532,0,0.0,-0.0,-0.00758628480296532,9.069621812810935,2.9624015278109295
2024-10-30,-0.025566821103194977,0,0.0,-0.0,-0.025566821103194977,9.069621812810935,2.8876223442348974
2024-10-31,0.007371749057366306,0,0.0,0.0,0.007371749057366306,9.069621812810935,2.9089878252566206
2024-11-01,-0.0029174905638226214,0,0.0,-0.0,-0.0029174905638226214,9.069621812810935,2.9005132489854346
2024-11-04,0.01267625487440547,0,0.0,0.0,0.01267625487440547,9.069621812810935,2.9375149200286432
2024-11-05,0.026800830393324256,0,0.0,0.0,0.026800830393324256,9.069621812810935,3.017307233229884
2024-11-06,0.015621638033348149,0,0.0,0.0,0.015621638033348149,9.069621812810935,3.064812604440196
2024-11-07,0.0011676787875090876,0,0.0,0.0,0.0011676787875090876,9.069621812810935,3.068393411315345
2024-11-08,-0.0005836689595453468,0,0.0,-0.0,-0.0005836689595453468,9.069621812810935,3.0666030078777706
2024-11-11,-0.0018115417664095626,1,0.0005,-0.002311541766409563,-0.0018115417664095626,9.048681215042453,3.0610527572212893
2024-11-12,-0.001287604064118326,1,0.0,-0.001287604064118326,-0.001287604064118326,9.037037594130544,3.0571138696586253
2024-11-13,-0.0069739934351512635,1,0.0,-0.0069739934351512635,-0.0069739934351512635,8.974232608605693,3.0358677488660732
2024-11-14,-0.024114333227992134,0,0.0005,-0.0005,-0.024114333227992134,8.969746613893525,2.96353544998806
2024-11-15,0.006923637166347413,0,0.0,0.0,0.006923637166347413,8.969746613893525,2.984125089520168
2024-11-18,0.00685616748781993,0,0.0,0.0,0.00685616748781993,8.969746613893525,3.0046550489376904
2024-11-19,-0.0005761799430235307,0,0.0,-0.0,-0.0005761799430235307,8.969746613893525,3.002924325614702
2024-11-20,0.0035907393636968508,0,0.0,0.0,0.0035907393636968508,8.969746613893525,3.0137264263547356
2024-11-21,0.0016027388493763393,0,0.0,0.0,0.0016027388493763393,8.969746613893525,3.0185605156361865
2024-11-22,0.001580434553266792,0,0.0,0.0,0.001580434553266792,8.969746613893525,3.0233349248030517
2024-11-25,0.005354870557302359,0,0.0,0.0,0.005354870557302359,8.969746613893525,3.039567915970395
2024-11-26,-0.007904556192788981,0,0.0,-0.0,-0.007904556192788981,8.969746613893525,3.015636190021481
2024-11-27,0.00874847950473771,1,0.0005,0.00824847950473771,0.00874847950473771,9.044039364894497,3.0421341608975845
2024-11-29,0.010829057172113252,1,0.0,0.010829057172113252,0.010829057172113252,9.142509993990044,3.0752566244927144
2024-12-02,0.00306154323771073,0,0.0005,-0.0005,0.00306154323771073,9.137939881616353,3.084686082597275
2024-12-03,0.012287080254524758,0,0.0,0.0,0.012287080254524758,9.137939881616353,3.1228216758176135
2024-12-04,-0.002774935517140207,0,0.0,-0.0,-0.002774935517140207,9.137939881616353,3.1141680592026693
2024-12-05,0.008909807198054726,1,0.0005,0.008409807198054725,0.008909807198054726,9.215112241709718,3.1420386727142477
2024-12-06,-0.007818051757729283,0,0.0005,-0.0005,-0.007818051757729283,9.210505837285936,3.117569825734061
2024-12-09,-0.003413299829669369,1,0.0005,-0.003913299829669369,-0.003413299829669369,9.174532798911514,3.1069467653377854
2024-12-10,0.017744059196375058,1,0.0,0.017744059196375058,0.017744059196375058,9.338779140989605,3.1625686321317694
2024-12-11,-0.0064747201828099545,0,0.0005,-0.0005,-0.0064747201828099545,9.334110918571968,3.1421580329434193
2024-12-12,0.007625175305220822,0,0.0,0.0,0.007625175305220822,9.334110918571968,3.1662091191215045
2024-12-13,0.014297988499857812,0,0.0,0.0,0.014297988499857812,9.334110918571968,3.21180472666507
2024-12-16,-0.0044135382686005566,0,0.0,-0.0,-0.0044135382686005566,9.334110918571968,3.197660539508231
2024-12-17,-0.03674375349037452,0,0.0,-0.0,-0.03674375349037452,9.334110918571968,3.082298878013842
2024-12-18,-0.004463253547543272,0,0.0,-0.0,-0.004463253547543272,9.334110918571968,3.0685724516591026
2024-12-19,0.00869461244459308,0,0.0,0.0,0.00869461244459308,9.334110918571968,3.0953688231081355
2024-12-20,0.008084304684516284,0,0.0,0.0,0.008084304684516284,9.334110918571968,3.1204941513487654
2024-12-23,0.01346866479822245,0,0.0,0.0,0.01346866479822245,9.334110918571968,3.162807352590112
2024-12-24,-0.0006795273771239808,0,0.0,-0.0,-0.0006795273771239808,9.334110918571968,3.160658868465022
2024-12-26,-0.0133821948406983,0,0.0,-0.0,-0.0133821948406983,9.334110918571968,3.1186440677966045
2024-12-27,-0.013389144025394381,0,0.0,-0.0,-0.013389144025394381,9.334110918571968,3.07716638815946
2024-12-30,-0.008531078969294783,0,0.0,-0.0,-0.008531078969294783,9.334110918571968,3.051026497970871
2024-12-31,-0.00195798233797617,0,0.0,-0.0,-0.00195798233797617,9.334110918571968,3.0450584865122896
2025-01-02,0.016232702543166916,0,0.0,0.0,0.016232702543166916,9.334110918571968,3.094891382191449
2025-01-03,0.011427381043588581,0,0.0,0.0,0.011427381043588581,9.334110918571968,3.1304607304845975
2025-01-06,-0.01800533387533403,0,0.0,-0.0,-0.01800533387533403,9.334110918571968,3.0746001432322694
2025-01-07,0.0001746809650712339,0,0.0,0.0,0.0001746809650712339,9.334110918571968,3.075137264263542
2025-01-08,-0.01580534828560434,0,0.0,-0.0,-0.01580534828560434,9.334110918571968,3.0269157316781996
2025-01-10,-0.0032189610613979815,0,0.0,-0.0,-0.0032189610613979815,9.334110918571968,3.017187873000711
2025-01-13,-0.0009498932084459785,0,0.0,-0.0,-0.0009498932084459785,9.334110918571968,3.0143232275005913
2025-01-14,0.02274560272265942,0,0.0,0.0,0.02274560272265942,9.334110918571968,3.083671520649314
2025-01-15,-0.007030656861489003,0,0.0,-0.0,-0.007030656861489003,9.334110918571968,3.062067319169247
2025-01-16,0.016737601074615513,0,0.0,0.0,0.016737601074615513,9.334110918571968,3.113750298400567
2025-01-17,0.0058478581236138414,0,0.0,0.0,0.0058478581236138414,9.334110918571968,3.1320124134638276
2025-01-21,0.012704774650576534,1,0.0005,0.012204774650576533,0.012704774650576534,9.44872966411269,3.172057770350914
2025-01-22,0.0021237615462590537,0,0.0005,-0.0005,0.0021237615462590537,9.444006480175016,3.178801623299111
2025-01-23,-0.005667124282590487,1,0.0005,-0.006167124282590487,-0.005667124282590487,9.385943343803504,3.160837908808779
2025-01-24,-0.02954690721571355,1,0.0,-0.02954690721571355,-0.02954690721571355,9.112674748064121,3.068811172117445
2025-01-27,0.014671794621398145,1,0.0,0.014671794621398145,0.014671794621398145,9.247359659064077,3.1141680592026675
2025-01-28,-0.001879844027842163,1,0.0,-0.001879844027842163,-0.001879844027842163,9.229992394224611,3.1083194079732572
2025-01-29,0.004253368867802892,1,0.0,0.004253368867802892,0.004253368867802892,9.26933456559565,3.1215683934113083
2025-01-30,-0.001454072615431148,1,0.0,-0.001454072615431148,-0.001454072615431148,9.255866074495652,3.1170327047027864
2025-01-31,-0.008035414246676994,0,0.0005,-0.0005,-0.008035414246676994,9.251239298248855,3.092086416805914
2025-02-03,0.012200653942069319,1,0.0005,0.011700653942069318,0.012200653942069319,9.360120596811129,3.1300429696824956
2025-02-04,0.004527649175805766,1,0.0,0.004527649175805766,0.004527649175805766,9.40259602347121,3.144246836953921
2025-02-05,0.005206126577261924,1,0.0,0.005206126577261924,0.005206126577261924,9.451674772763315,3.1606588684650214
2025-02-06,-0.012693515929139242,1,0.0,-0.012693515929139242,-0.012693515929139242,9.33245802902831,3.1207925519216935
2025-02-07,0.012032421321315224,1,0.0,0.012032421321315224,0.012032421321315224,9.445428386489775,3.1585700644545174
2025-02-10,-0.0023835658820050253,1,0.0,-0.0023835658820050253,-0.0023835658820050253,9.42294139590503,3.151050370016704
2025-02-11,0.0005869600373005646,1,0.0,0.0005869600373005646,0.0005869600373005646,9.428473909461593,3.152900453568864
2025-02-12,0.014283272330534363,1,0.0,0.014283272330534363,0.014283272330534363,9.564109725687048,3.198257340654087
2025-02-13,0.004189755209502721,0,0.0005,-0.0005,0.004189755209502721,9.559328866138692,3.2116853664358964
2025-02-14,0.0022644600960060354,1,0.0005,0.0017644600960060354,0.0022644600960060354,9.57621080984569,3.2189663404153666
2025-02-18,0.0002780635671227278,1,0.0,0.0002780635671227278,0.0002780635671227278,9.578873975430499,3.219861542134154
2025-02-19,-0.0042535471607749505,1,0.0,-0.0042535471607749505,-0.0042535471607749505,9.538216314169128,3.206194795894001
2025-02-20,-0.020973015784900455,1,0.0,-0.020973015784900455,-0.020973015784900455,9.340254339031876,3.1396514681308125
2025-02-21,-0.01187451210749677,1,0.0,-0.01187451210749677,-0.01187451210749677,9.229999283820906,3.1025901169730177
2025-02-24,-0.01267934794400333,1,0.0,-0.01267934794400333,-0.01267934794400333,9.11370771995104,3.0634996419193063
2025-02-25,0.002412734174286459,0,0.0005,-0.0005,0.002412734174286459,9.109152005114684,3.070899976127948
2025-02-26,-0.028164213875888286,0,0.0,-0.0,-0.028164213875888286,9.109152005114684,2.9856170923848118
2025-02-27,0.015668084591741682,0,0.0,0.0,0.015668084591741682,9.109152005114684,3.0327643829076094
2025-02-28,-0.022125412608246027,0,0.0,-0.0,-0.022125412608246027,9.109152005114684,2.966400095488178
2025-03-03,-0.003022367805436653,0,0.0,-0.0,-0.003022367805436653,9.109152005114684,2.957448078300305
2025-03-04,0.012951782959329833,0,0.0,0.0,0.012951782959329833,9.109152005114684,2.9960014323227444
2025-03-05,-0.027894881853187684,0,0.0,-0.0,-0.027894881853187684,9.109152005114684,2.913583194079727
2025-03-06,0.007326638147615067,1,0.0005,0.006826638147615067,0.007326638147615067,9.171549630363517,2.935008355216037
2025-03-07,-0.03952739512119919,0,0.0005,-0.0005,-0.03952739512119919,9.166965001800987,2.821258056815464
2025-03-10,-0.0023932323220595578,1,0.0005,-0.0028932323220595578,-0.0023932323220595578,9.140481172771885,2.814514203867267
2025-03-11,0.011217593274715373,0,0.0005,-0.0005,0.011217593274715373,9.135912074555241,2.8462640248269233
2025-03-12,-0.018154234064064856,0,0.0,-0.0,-0.018154234064064856,9.135912074555241,2.7950584865122896
2025-03-13,0.023882991708153018,1,0.0005,0.023382991708153018,0.023882991708153018,9.352054207548989,2.8626163762234387
2025-03-14,0.006462830179672,0,0.0005,-0.0005,0.006462830179672,9.347379349257178,2.8811768918596288
2025-03-17,-0.017194436002310326,0,0.0,-0.0,-0.017194436002310326,9.347379349257178,2.832060157555499
2025-03-18,0.013292639964092178,1,0.0005,0.012792639964092177,0.013292639964092178,9.467725136818125,2.8699570303174946
2025-03-19,-0.0033953060790510095,1,0.0,-0.0033953060790510095,-0.0033953060790510095,9.435633822852326,2.8602291716400057
2025-03-20,0.0032913267916312924,1,0.0,0.0032913267916312924,0.0032913267916312924,9.466740740684207,2.869658629744565
2025-03-21,0.020216849135833128,1,0.0,0.020216849135833128,0.020216849135833128,9.660076141386144,2.9282645022678406
2025-03-24,0.0056903783185460535,1,0.0,0.0056903783185460535,0.0056903783185460535,9.715202324885679,2.94497493435187
2025-03-25,-0.018572079255453667,1,0.0,-0.018572079255453667,-0.018572079255453667,9.536435986965763,2.8907853903079457
2025-03-26,-0.005714301263438664,1,0.0,-0.005714301263438664,-0.005714301263438664,9.482097320373363,2.874313678682259
2025-03-27,-0.026680592878950762,1,0.0,-0.026680592878950762,-0.026680592878950762,9.23245446081119,2.7986392933874393
2025-03-28,-4.26502889621754e-05,1,0.0,-4.26502889621754e-05,-4.26502889621754e-05,9.232060702357622,2.7985199331582677
2025-03-31,0.008028759595563144,1,0.0,0.008028759595563144,0.008028759595563144,9.306481050081993,2.8210790164717077
2025-04-01,0.007271992840864276,1,0.0,0.007271992840864276,0.007271992840864276,9.37440438332249,2.841668656003815
2025-04-02,-0.05501975571407946,1,0.0,-0.05501975571407946,-0.05501975571407946,8.872559234249952,2.6895440439245606
2025-04-03,-0.06412144219268044,1,0.0,-0.06412144219268044,-0.06412144219268044,8.3214942784814,2.52249940319885
2025-04-04,0.002410323015787155,1,0.0,0.002410323015787155,0.002410323015787155,8.341575959613373,2.528586774886604
2025-04-07,-0.01817257511884545,1,0.0,-0.01817257511884545,-0.01817257511884545,8.191357109577144,2.4830508474576236
2025-04-08,0.11335615349540927,1,0.0,0.11335615349540927,0.11335615349540927,9.174571968136686,2.781093339699208
2025-04-09,-0.04346317608114219,0,0.0005,-0.0005,-0.04346317608114219,9.169985828782998,2.6628073525901135
2025-04-10,0.018255409362437823,0,0.0,0.0,0.018255409362437823,9.169985828782998,2.711864406779657
2025-04-11,0.006755300506074558,1,0.0005,0.006255300506074557,0.006755300506074558,9.227526625641339,2.73024588207209
2025-04-14,0.0011141819016669495,1,0.0,0.0011141819016669495,0.0011141819016669495,9.237813498464362,2.7332895679159663
2025-04-15,-0.030617464131621065,1,0.0,-0.030617464131621065,-0.030617464131621065,8.959261118687964,2.6508713296729494
2025-04-16,-0.000180123385005334,1,0.0,-0.000180123385005334,-0.000180123385005334,8.957647491578472,2.650393888756263
2025-04-17,-0.02505802498822373,1,0.0,-0.02505802498822373,-0.02505802498822373,8.735975467411738,2.584805442826447
2025-04-21,0.02591332225614612,1,0.0,0.02591332225614612,0.02591332225614612,8.96531222034857,2.6526617331105244
2025-04-22,0.02242485853989883,0,0.0005,-0.0005,0.02242485853989883,8.960830684715669,2.712819288613031
2025-04-23,0.027748523522714754,0,0.0,0.0,0.027748523522714754,8.960830684715669,2.7891501551682945
2025-04-24,0.011086281370387245,0,0.0,0.0,0.011086281370387245,8.960830684715669,2.820243494867506
2025-04-25,-0.0003174703985520059,1,0.0005,-0.0008174703985520059,-0.0003174703985520059,8.953508464141523,2.819348293148719
2025-04-28,0.006582718877482998,1,0.0,0.006582718877482998,0.006582718877482998,9.012641307239937,2.8379684888994943
2025-04-29,-0.0001261829654669907,1,0.0,-0.0001261829654669907,-0.0001261829654669907,9.011504137180351,2.8376104082119795
2025-04-30,0.012976204643748447,1,0.0,0.012976204643748447,0.012976204643748447,9.129201238347385,2.8746717593697735
2025-05-01,0.014734787613254826,1,0.0,0.014734787613254826,0.014734787613254826,9.264714003781249,2.9173430412986345
2025-05-02,-0.005950200164501514,1,0.0,-0.005950200164501514,-0.005950200164501514,9.209750784234648,2.900035808068747
2025-05-05,-0.00934528272556755,1,0.0,-0.00934528272556755,-0.00934528272556755,9.124083973079255,2.873060396275956
2025-05-06,0.003918280971660209,1,0.0,0.003918280971660209,0.003918280971660209,9.159904829956178,2.884339937932676
2025-05-07,0.010271912793276012,1,0.0,0.010271912793276012,0.010271912793276012,9.254479473244986,2.9141203151110004
2025-05-08,-0.0006555630906937166,1,0.0,-0.0006555630906937166,-0.0006555630906937166,9.248414566260534,2.9122105514442542
2025-05-09,0.03993219983188958,1,0.0,0.03993219983188958,0.03993219983188958,9.625196912669656,3.0308546192408645
2025-05-12,0.015125747611687229,0,0.0005,-0.0005,0.015125747611687229,9.620385517162434,3.077047027930289
2025-05-13,0.005975246683485812,0,0.0,0.0,0.005975246683485812,9.620385517162434,3.0954881833373062
2025-05-14,0.001098340075538202,0,0.0,0.0,0.001098340075538202,9.620385517162434,3.098889949868698
2025-05-15,0.004342986956175698,1,0.0005,0.0038429869561756977,0.004342986956175698,9.657427663873372,3.1123776557650933
2025-05-16,0.0009582950748690498,1,0.0,0.0009582950748690498,0.0009582950748690498,9.6666867650065,3.1153616614943838
2025-05-19,-0.0033388371962152818,0,0.0005,-0.0005,-0.0033388371962152818,9.661854629758475,3.1049773215564507
2025-05-20,-0.013994092750443958,0,0.0,-0.0,-0.013994092750443958,9.661854629758475,3.0618285987109024
2025-05-21,0.001869450614557799,0,0.0,0.0,0.001869450614557799,9.661854629758475,3.067557889711142
2025-05-22,-0.009303847261720514,0,0.0,-0.0,-0.009303847261720514,9.661854629758475,3.039150155168291
2025-05-23,0.023252799306439507,0,0.0,0.0,0.023252799306439507,9.661854629758475,3.1106469324421036
2025-05-27,-0.004441759775942576,0,0.0,-0.0,-0.004441759775942576,9.661854629758475,3.0968608259727786
2025-05-28,0.001963729405451779,0,0.0,0.0,0.001963729405451779,9.661854629758475,3.102948197660532
2025-05-29,-0.001578380370799464,0,0.0,-0.0,-0.001578380370799464,9.661854629758475,3.0980544282644953
2025-05-30,0.007867106351588224,0,0.0,0.0,0.007867106351588224,9.661854629758475,3.122523275244682
2025-06-02,0.00778673342624178,0,0.0,0.0,0.00778673342624178,9.661854629758475,3.146932442110282
2025-06-03,0.002783908167815893,0,0.0,0.0,0.002783908167815893,9.661854629758475,3.1557054189543976
2025-06-04,-0.007555372133955925,0,0.0,-0.0,-0.007555372133955925,9.661854629758475,3.131952733349241
2025-06-05,0.00972786918655611,0,0.0,0.0,0.00972786918655611,9.661854629758475,3.1625686321317668
2025-06-06,0.0014708380770092405,0,0.0,0.0,0.0014708380770092405,9.661854629758475,3.1672236810694607
2025-06-09,0.006592130247483411,0,0.0,0.0,0.006592130247483411,9.661854629758475,3.1881714012890834
2025-06-10,-0.003375150866749657,0,0.0,-0.0,-0.003375150866749657,9.661854629758475,3.1774289806636355
2025-06-11,0.002345062843614029,0,0.0,0.0,0.002345062843614029,9.661854629758475,3.1848889949868635
2025-06-12,-0.012634287725759502,0,0.0,-0.0,-0.012634287725759502,9.661854629758475,3.144903318214365
2025-06-13,0.013814118379029818,0,0.0,0.0,0.013814118379029818,9.661854629758475,3.1886488422057706
2025-06-16,-0.009799113553620706,0,0.0,-0.0,-0.009799113553620706,9.661854629758475,3.1575555025065594
2025-06-17,-0.00017012106990482983,0,0.0,-0.0,-0.00017012106990482983,9.661854629758475,3.157018381475287
2025-06-18,-0.004091612232068815,0,0.0,-0.0,-0.004091612232068815,9.661854629758475,3.1441274767247496
2025-06-20,0.009107462241222008,0,0.0,0.0,0.009107462241222008,9.661854629758475,3.172893291955114
2025-06-23,0.015176271040872283,0,0.0,0.0,0.015176271040872283,9.661854629758475,3.221413225113386
2025-06-24,0.002553334597192239,0,0.0,0.0,0.002553334597192239,9.661854629758475,3.229649080926229
2025-06-25,0.009306841258020282,0,0.0,0.0,0.009306841258020282,9.661854629758475,3.2598472189066547
2025-06-26,0.0034176820466208188,0,0.0,0.0,0.0034176820466208188,9.661854629758475,3.2710074003342027
2025-06-27,0.006456152566336343,0,0.0,0.0,0.006456152566336343,9.661854629758475,3.292193841012168
2025-06-30,-0.008465138886913987,0,0.0,-0.0,-0.008465138886913987,9.661854629758475,3.2644425877297625
2025-07-01,0.006941246135276686,0,0.0,0.0,0.006941246135276686,9.661854629758475,3.287180711386959
2025-07-02,0.009792132587266545,0,0.0,0.0,0.009792132587266545,9.661854629758475,3.319527333492474
2025-07-03,-0.007561506815373562,0,0.0,-0.0,-0.007561506815373562,9.661854629758475,3.294521365481015
2025-07-07,0.0005614060652537651,0,0.0,0.0,0.0005614060652537651,9.661854629758475,3.2963714490331757
2025-07-08,0.007054034788803655,0,0.0,0.0,0.007054034788803655,9.661854629758475,3.3197063738362314
2025-07-09,-0.0014392374527185067,0,0.0,-0.0,-0.0014392374527185067,9.661854629758475,3.314931964669366
2025-07-10,-0.0022529635988532974,0,0.0,-0.0,-0.0022529635988532974,9.661854629758475,3.3074719503461387
2025-07-11,0.003620288353556368,0,0.0,0.0,0.003620288353556368,9.661854629758475,3.3194676533778886
2025-07-14,0.0009164997541601784,0,0.0,0.0,0.0009164997541601784,9.661854629758475,3.322511339221765
2025-07-15,0.0010233302209894295,0,0.0,0.0,0.0010233302209894295,9.661854629758475,3.325913105753157
2025-07-16,0.008060163912559221,0,0.0,0.0,0.008060163912559221,9.661854629758475,3.3528288374313613
2025-07-17,-0.0009616584004689948,0,0.0,-0.0,-0.0009616584004689948,9.661854629758475,3.3496061112437276
2025-07-18,0.005171368250689296,0,0.0,0.0,0.005171368250689296,9.661854629758475,3.366973024588201
2025-07-21,-0.005189185463899399,0,0.0,-0.0,-0.005189185463899399,9.661854629758475,3.349546431129142
2025-07-22,0.004550876252347379,0,0.0,0.0,0.004550876252347379,9.661854629758475,3.364824540463111
2025-07-23,0.0021261147960462226,0,0.0,0.0,0.0021261147960462226,9.661854629758475,3.37198615421341
2025-07-24,0.002404144770203983,0,0.0,0.0,0.002404144770203983,9.661854629758475,3.3801026497970814
2025-07-25,0.0031202923484020205,0,0.0,0.0,0.0031202923484020205,9.661854629758475,3.390666030078771
2025-07-28,-0.001550114807485334,0,0.0,-0.0,-0.001550114807485334,9.661854629758475,3.385414179995219
2025-07-29,0.0013388769528763897,0,0.0,0.0,0.0013388769528763897,9.661854629758475,3.3899498687037415
2025-07-30,-0.005313199263997172,0,0.0,-0.0,-0.005313199263997172,9.661854629758475,3.3719861542134093
2025-07-31,-0.01989537331834457,0,0.0,-0.0,-0.01989537331834457,9.661854629758475,3.305562186679391
2025-08-01,0.01828348395941723,0,0.0,0.0,0.01828348395941723,9.661854629758475,3.366555263786099
2025-08-04,-0.006812730353113683,0,0.0,-0.0,-0.006812730353113683,9.661854629758475,3.3436977798997303
2025-08-05,0.012504708033590111,0,0.0,0.0,0.012504708033590111,9.661854629758475,3.3857722606827334
2025-08-06,0.0033786193890522585,0,0.0,0.0,0.0033786193890522585,9.661854629758475,3.3972308426832103
2025-08-07,0.009284987888183388,0,0.0,0.0,0.009284987888183388,9.661854629758475,3.42892098352828
2025-08-08,-0.002963223364007737,0,0.0,-0.0,-0.002963223364007737,9.661854629758475,3.4187753640486904
2025-08-11,0.012490404381780834,0,0.0,0.0,0.012490404381780834,9.661854629758475,3.461745046550481
2025-08-12,0.0004998319634564901,0,0.0,0.0,0.0004998319634564901,9.661854629758475,3.46347576987347
2025-08-13,-0.0007757083036375455,0,0.0,-0.0,-0.0007757083036375455,9.661854629758475,3.4607901647171078
2025-08-14,-0.0044070826495231415,0,0.0,-0.0,-0.0044070826495231415,9.661854629758475,3.4455717354977247
2025-08-15,-0.00039845814551187417,0,0.0,-0.0,-0.00039845814551187417,9.661854629758475,3.4441990928622506
2025-08-18,-0.013660485108729485,1,0.0005,-0.014160485108729486,-0.013660485108729485,9.526002219247786,3.3974695631415535
2025-08-19,-0.005955020328992139,0,0.0005,-0.0005,-0.005955020328992139,9.521240408690003,3.3772976844115465
2025-08-20,-0.004640543937600442,0,0.0,-0.0,-0.004640543937600442,9.521240408690003,3.361661494390061
2025-08-21,0.01530970224105165,0,0.0,0.0,0.01530970224105165,9.521240408690003,3.4135235139651385
2025-08-22,-0.00288893564255633,0,0.0,-0.0,-0.00288893564255633,9.521240408690003,3.403676295058478
2025-08-25,0.0040072499005375265,0,0.0,0.0,0.0040072499005375265,9.521240408690003,3.4173430412986305
2025-08-26,0.00153564291586177,0,0.0,0.0,0.00153564291586177,9.521240408690003,3.4225948913821824
2025-08-27,0.00624040545179923,0,0.0,0.0,0.00624040545179923,9.521240408690003,3.4440200525184923
2025-08-28,-0.01164303597748548,0,0.0,-0.0,-0.01164303597748548,9.521240408690003,3.404153735975164
2025-08-29,-0.008415394463972185,0,0.0,-0.0,-0.008415394463972185,9.521240408690003,3.375626641203142
2025-09-02,0.007836685669861291,0,0.0,0.0,0.007836685669861291,9.521240408690003,3.402184292193832
2025-09-03,0.009010800512702127,0,0.0,0.0,0.009010800512702127,9.521240408690003,3.432979231320115
2025-09-04,0.0014418611189099737,0,0.0,0.0,0.0014418611189099737,9.521240408690003,3.437932680830738
2025-09-05,0.004866105382708958,0,0.0,0.0,0.004866105382708958,9.521240408690003,3.4547027930293535
2025-09-08,0.002829100198129219,0,0.0,0.0,0.002829100198129219,9.521240408690003,3.464490331821428
2025-09-09,0.0003272448595786138,0,0.0,0.0,0.0003272448595786138,9.521240408690003,3.4656242539985587
2025-09-10,0.005803687369826154,0,0.0,0.0,0.005803687369826154,9.521240408690003,3.485796132728566
2025-09-11,0.004407475915327099,1,0.0005,0.003907475915327099,0.004407475915327099,9.558517207938987,3.5011936022917074
