date,y,proba_cv
1999-12-17,1,
1999-12-20,1,
1999-12-21,0,
1999-12-22,1,
1999-12-23,0,
1999-12-27,0,
1999-12-28,1,
1999-12-29,0,
1999-12-30,0,
1999-12-31,1,
2000-01-03,0,
2000-01-04,1,
2000-01-05,0,
2000-01-06,1,
2000-01-07,1,
2000-01-10,0,
2000-01-11,0,
2000-01-12,1,
2000-01-13,1,
2000-01-14,1,
2000-01-18,1,
2000-01-19,0,
2000-01-20,1,
2000-01-21,0,
2000-01-24,1,
2000-01-25,0,
2000-01-26,1,
2000-01-27,0,
2000-01-28,1,
2000-01-31,1,
2000-02-01,1,
2000-02-02,1,
2000-02-03,1,
2000-02-04,1,
2000-02-07,1,
2000-02-08,0,
2000-02-09,1,
2000-02-10,0,
2000-02-11,0,
2000-02-14,1,
2000-02-15,0,
2000-02-16,1,
2000-02-17,0,
2000-02-18,1,
2000-02-22,1,
2000-02-23,1,
2000-02-24,0,
2000-02-25,0,
2000-02-28,1,
2000-02-29,1,
2000-03-01,0,
2000-03-02,1,
2000-03-03,1,
2000-03-06,0,
2000-03-07,1,
2000-03-08,1,
2000-03-09,0,
2000-03-10,0,
2000-03-13,0,
2000-03-14,0,
2000-03-15,1,
2000-03-16,1,
2000-03-17,0,
2000-03-20,1,
2000-03-21,1,
2000-03-22,1,
2000-03-23,1,
2000-03-24,1,
2000-03-27,0,
2000-03-28,0,
2000-03-29,0,
2000-03-30,1,
2000-03-31,0,
2000-04-03,0,
2000-04-04,0,
2000-04-05,1,
2000-04-06,1,
2000-04-07,0,
2000-04-10,0,
2000-04-11,0,
2000-04-12,0,
2000-04-13,0,
2000-04-14,1,
2000-04-17,1,
2000-04-18,0,
2000-04-19,0,
2000-04-20,0,
2000-04-24,1,
2000-04-25,0,
2000-04-26,1,
2000-04-27,1,
2000-04-28,1,
2000-05-01,0,
2000-05-02,0,
2000-05-03,1,
2000-05-04,1,
2000-05-05,0,
2000-05-08,0,
2000-05-09,0,
2000-05-10,1,
2000-05-11,0,
2000-05-12,1,
2000-05-15,1,
2000-05-16,0,
2000-05-17,0,
2000-05-18,0,
2000-05-19,0,
2000-05-22,0,
2000-05-23,1,
2000-05-24,0,
2000-05-25,0,
2000-05-26,1,
2000-05-30,0,
2000-05-31,1,
2000-06-01,1,
2000-06-02,1,
2000-06-05,0,
2000-06-06,1,
2000-06-07,0,
2000-06-08,1,
2000-06-09,0,
2000-06-12,1,
2000-06-13,0,
2000-06-14,1,
2000-06-15,1,
2000-06-16,1,
2000-06-19,0,
2000-06-20,1,
2000-06-21,0,
2000-06-22,0,
2000-06-23,1,
2000-06-26,0,
2000-06-27,1,
2000-06-28,0,
2000-06-29,1,
2000-06-30,1,
2000-07-03,0,
2000-07-05,1,
2000-07-06,1,
2000-07-07,0,
2000-07-10,1,
2000-07-11,1,
2000-07-12,1,
2000-07-13,1,
2000-07-14,1,
2000-07-17,0,
2000-07-18,0,
2000-07-19,1,
2000-07-20,0,
2000-07-21,0,
2000-07-24,1,
2000-07-25,0,
2000-07-26,0,
2000-07-27,0,
2000-07-28,1,
2000-07-31,0,
2000-08-01,0,
2000-08-02,1,
2000-08-03,0,
2000-08-04,1,
2000-08-07,1,
2000-08-08,0,
2000-08-09,0,
2000-08-10,1,
2000-08-11,1,
2000-08-14,0,
2000-08-15,1,
2000-08-16,1,
2000-08-17,0,
2000-08-18,1,
2000-08-21,0,
2000-08-22,1,
2000-08-23,1,
2000-08-24,0,
2000-08-25,1,
2000-08-28,1,
2000-08-29,0,
2000-08-30,1,
2000-08-31,1,
2000-09-01,0,
2000-09-05,0,
2000-09-06,1,
2000-09-07,0,
2000-09-08,0,
2000-09-11,0,
2000-09-12,1,
2000-09-13,0,
2000-09-14,0,
2000-09-15,0,
2000-09-18,1,
2000-09-19,1,
2000-09-20,0,
2000-09-21,1,
2000-09-22,0,
2000-09-25,0,
2000-09-26,1,
2000-09-27,1,
2000-09-28,0,
2000-09-29,0,
2000-10-02,0,
2000-10-03,1,
2000-10-04,1,
2000-10-05,0,
2000-10-06,0,
2000-10-09,0,
2000-10-10,0,
2000-10-11,0,
2000-10-12,1,
2000-10-13,1,
2000-10-16,0,
2000-10-17,0,
2000-10-18,1,
2000-10-19,1,
2000-10-20,0,
2000-10-23,0,
2000-10-24,0,
2000-10-25,1,
2000-10-26,0,
2000-10-27,0,
2000-10-30,1,
2000-10-31,0,
2000-11-01,1,
2000-11-02,1,
2000-11-03,0,
2000-11-06,0,
2000-11-07,0,
2000-11-08,0,
2000-11-09,0,
2000-11-10,1,
2000-11-13,1,
2000-11-14,1,
2000-11-15,0,
2000-11-16,0,
2000-11-17,0,
2000-11-20,0,
2000-11-21,0,
2000-11-22,1,
2000-11-24,0,
2000-11-27,0,
2000-11-28,0,
2000-11-29,1,
2000-11-30,1,
2000-12-01,1,
2000-12-04,1,
2000-12-05,0,
2000-12-06,0,
2000-12-07,1,
2000-12-08,1,
2000-12-11,0,
2000-12-12,0,
2000-12-13,0,
2000-12-14,0,
2000-12-15,1,
2000-12-18,0,
2000-12-19,0,
2000-12-20,1,
2000-12-21,1,
2000-12-22,1,
2000-12-26,1,
2000-12-27,0,
2000-12-28,0,
2000-12-29,0,
2001-01-02,1,
2001-01-03,0,
2001-01-04,0,
2001-01-05,1,
2001-01-08,0,
2001-01-09,1,
2001-01-10,1,
2001-01-11,1,
2001-01-12,0,
2001-01-16,1,
2001-01-17,1,
2001-01-18,0,
2001-01-19,1,
2001-01-22,1,
2001-01-23,0,
2001-01-24,0,
2001-01-25,1,
2001-01-26,1,
2001-01-29,0,
2001-01-30,0,
2001-01-31,1,
2001-02-01,0,
2001-02-02,0,
2001-02-05,1,
2001-02-06,0,
2001-02-07,0,
2001-02-08,0,
2001-02-09,1,
2001-02-12,0,
2001-02-13,1,
2001-02-14,1,
2001-02-15,0,
2001-02-16,0,
2001-02-20,0,
2001-02-21,0,
2001-02-22,1,
2001-02-23,1,
2001-02-26,0,
2001-02-27,0,
2001-02-28,1,
2001-03-01,0,
2001-03-02,1,
2001-03-05,1,
2001-03-06,1,
2001-03-07,0,
2001-03-08,0,
2001-03-09,0,
2001-03-12,1,
2001-03-13,0,
2001-03-14,0,
2001-03-15,0,
2001-03-16,1,
2001-03-19,0,
2001-03-20,0,
2001-03-21,1,
2001-03-22,0,
2001-03-23,0,
2001-03-26,1,
2001-03-27,0,
2001-03-28,0,
2001-03-29,1,
2001-03-30,0,
2001-04-02,0,
2001-04-03,0,
2001-04-04,1,
2001-04-05,0,
2001-04-06,1,
2001-04-09,1,
2001-04-10,1,
2001-04-11,1,
2001-04-12,0,
2001-04-16,1,
2001-04-17,1,
2001-04-18,1,
2001-04-19,1,
2001-04-20,0,
2001-04-23,0,
2001-04-24,1,
2001-04-25,0,
2001-04-26,1,
2001-04-27,1,
2001-04-30,1,
2001-05-01,1,
2001-05-02,0,
2001-05-03,1,
2001-05-04,0,
2001-05-07,1,
2001-05-08,0,
2001-05-09,0,
2001-05-10,0,
2001-05-11,0,
2001-05-14,1,
2001-05-15,1,
2001-05-16,1,
2001-05-17,1,
2001-05-18,1,
2001-05-21,0,
2001-05-22,0,
2001-05-23,1,
2001-05-24,0,
2001-05-25,0,
2001-05-29,0,
2001-05-30,1,
2001-05-31,1,
2001-06-01,0,
2001-06-04,1,
2001-06-05,0,
2001-06-06,1,
2001-06-07,0,
2001-06-08,0,
2001-06-11,0,
2001-06-12,0,
2001-06-13,0,
2001-06-14,1,
2001-06-15,0,
2001-06-18,0,
2001-06-19,1,
2001-06-20,1,
2001-06-21,0,
2001-06-22,1,
2001-06-25,1,
2001-06-26,1,
2001-06-27,1,
2001-06-28,1,
2001-06-29,0,
2001-07-02,1,
2001-07-03,0,
2001-07-05,0,
2001-07-06,1,
2001-07-09,0,
2001-07-10,1,
2001-07-11,1,
2001-07-12,0,
2001-07-13,0,
2001-07-16,1,
2001-07-17,0,
2001-07-18,1,
2001-07-19,0,
2001-07-20,0,
2001-07-23,0,
2001-07-24,1,
2001-07-25,1,
2001-07-26,1,
2001-07-27,0,
2001-07-30,1,
2001-07-31,1,
2001-08-01,1,
2001-08-02,0,
2001-08-03,0,
2001-08-06,0,
2001-08-07,0,
2001-08-08,1,
2001-08-09,0,
2001-08-10,1,
2001-08-13,0,
2001-08-14,0,
2001-08-15,1,
2001-08-16,0,
2001-08-17,1,
2001-08-20,0,
2001-08-21,1,
2001-08-22,0,
2001-08-23,1,
2001-08-24,1,
2001-08-27,0,
2001-08-28,0,
2001-08-29,0,
2001-08-30,0,
2001-08-31,0,
2001-09-04,0,
2001-09-05,0,
2001-09-06,0,
2001-09-07,1,
2001-09-10,0,
2001-09-17,0,
2001-09-18,0,
2001-09-19,0,
2001-09-20,0,
2001-09-21,1,
2001-09-24,1,
2001-09-25,0,
2001-09-26,0,
2001-09-27,1,
2001-09-28,0,
2001-10-01,1,
2001-10-02,1,
2001-10-03,1,
2001-10-04,1,
2001-10-05,1,
2001-10-08,0,
2001-10-09,1,
2001-10-10,1,
2001-10-11,0,
2001-10-12,0,
2001-10-15,1,
2001-10-16,0,
2001-10-17,1,
2001-10-18,1,
2001-10-19,1,
2001-10-22,1,
2001-10-23,1,
2001-10-24,1,
2001-10-25,0,
2001-10-26,0,
2001-10-29,0,
2001-10-30,1,
2001-10-31,1,
2001-11-01,1,
2001-11-02,1,
2001-11-05,1,
2001-11-06,0,
2001-11-07,0,
2001-11-08,0,
2001-11-09,1,
2001-11-12,1,
2001-11-13,1,
2001-11-14,0,
2001-11-15,0,
2001-11-16,1,
2001-11-19,0,
2001-11-20,1,
2001-11-21,1,
2001-11-23,1,
2001-11-26,0,
2001-11-27,0,
2001-11-28,1,
2001-11-29,0,
2001-11-30,0,
2001-12-03,1,
2001-12-04,1,
2001-12-05,1,
2001-12-06,0,
2001-12-07,0,
2001-12-10,1,
2001-12-11,1,
2001-12-12,0,
2001-12-13,1,
2001-12-14,1,
2001-12-17,1,
2001-12-18,0,
2001-12-19,0,
2001-12-20,1,
2001-12-21,0,
2001-12-24,1,
2001-12-26,1,
2001-12-27,1,
2001-12-28,0,
2001-12-31,1,
2002-01-02,1,
2002-01-03,1,
2002-01-04,0,
2002-01-07,1,
2002-01-08,0,
2002-01-09,1,
2002-01-10,0,
2002-01-11,0,
2002-01-14,1,
2002-01-15,0,
2002-01-16,1,
2002-01-17,0,
2002-01-18,0,
2002-01-22,1,
2002-01-23,1,
2002-01-24,0,
2002-01-25,1,
2002-01-28,0,
2002-01-29,1,
2002-01-30,1,
2002-01-31,0,
2002-02-01,0,
2002-02-04,0,
2002-02-05,0,
2002-02-06,0,
2002-02-07,1,
2002-02-08,1,
2002-02-11,0,
2002-02-12,1,
2002-02-13,0,
2002-02-14,0,
2002-02-15,0,
2002-02-19,1,
2002-02-20,0,
2002-02-21,1,
2002-02-22,1,
2002-02-25,0,
2002-02-26,0,
2002-02-27,0,
2002-02-28,1,
2002-03-01,1,
2002-03-04,1,
2002-03-05,1,
2002-03-06,1,
2002-03-07,1,
2002-03-08,0,
2002-03-11,0,
2002-03-12,0,
2002-03-13,0,
2002-03-14,1,
2002-03-15,1,
2002-03-18,0,
2002-03-19,0,
2002-03-20,1,
2002-03-21,0,
2002-03-22,0,
2002-03-25,1,
2002-03-26,0,
2002-03-27,1,
2002-03-28,1,
2002-04-01,0,
2002-04-02,0,
2002-04-03,0,
2002-04-04,0,
2002-04-05,1,
2002-04-08,0,
2002-04-09,1,
2002-04-10,0,
2002-04-11,1,
2002-04-12,1,
2002-04-15,1,
2002-04-16,0,
2002-04-17,0,
2002-04-18,1,
2002-04-19,0,
2002-04-22,0,
2002-04-23,0,
2002-04-24,0,
2002-04-25,0,
2002-04-26,1,
2002-04-29,1,
2002-04-30,0,
2002-05-01,0,
2002-05-02,0,
2002-05-03,0,
2002-05-06,0,
2002-05-07,1,
2002-05-08,0,
2002-05-09,0,
2002-05-10,1,
2002-05-13,1,
2002-05-14,1,
2002-05-15,1,
2002-05-16,1,
2002-05-17,0,
2002-05-20,0,
2002-05-21,1,
2002-05-22,1,
2002-05-23,0,
2002-05-24,0,
2002-05-28,0,
2002-05-29,1,
2002-05-30,0,
2002-05-31,0,
2002-06-03,1,
2002-06-04,1,
2002-06-05,0,
2002-06-06,0,
2002-06-07,0,
2002-06-10,0,
2002-06-11,1,
2002-06-12,0,
2002-06-13,0,
2002-06-14,1,
2002-06-17,1,
2002-06-18,0,
2002-06-19,0,
2002-06-20,0,
2002-06-21,1,
2002-06-24,0,
2002-06-25,1,
2002-06-26,1,
2002-06-27,0,
2002-06-28,0,
2002-07-01,0,
2002-07-02,1,
2002-07-03,1,
2002-07-05,0,
2002-07-08,0,
2002-07-09,0,
2002-07-10,1,
2002-07-11,0,
2002-07-12,1,
2002-07-15,0,
2002-07-16,1,
2002-07-17,0,
2002-07-18,0,
2002-07-19,0,
2002-07-22,0,
2002-07-23,1,
2002-07-24,0,
2002-07-25,1,
2002-07-26,1,
2002-07-29,1,
2002-07-30,0,
2002-07-31,0,
2002-08-01,0,
2002-08-02,0,
2002-08-05,1,
2002-08-06,1,
2002-08-07,1,
2002-08-08,0,
2002-08-09,1,
2002-08-12,0,
2002-08-13,1,
2002-08-14,1,
2002-08-15,1,
2002-08-16,1,
2002-08-19,0,
2002-08-20,1,
2002-08-21,1,
2002-08-22,0,
2002-08-23,1,
2002-08-26,0,
2002-08-27,0,
2002-08-28,1,
2002-08-29,0,
2002-08-30,0,
2002-09-03,1,
2002-09-04,0,
2002-09-05,1,
2002-09-06,1,
2002-09-09,1,
2002-09-10,0,
2002-09-11,0,
2002-09-12,1,
2002-09-13,0,
2002-09-16,0,
2002-09-17,0,
2002-09-18,0,
2002-09-19,1,
2002-09-20,0,
2002-09-23,1,
2002-09-24,1,
2002-09-25,0,
2002-09-26,0,
2002-09-27,0,
2002-09-30,1,
2002-10-01,0,
2002-10-02,0,
2002-10-03,0,
2002-10-04,0,
2002-10-07,1,
2002-10-08,0,
2002-10-09,1,
2002-10-10,1,
2002-10-11,1,
2002-10-14,1,
2002-10-15,0,
2002-10-16,1,
2002-10-17,1,
2002-10-18,1,
2002-10-21,0,
2002-10-22,1,
2002-10-23,0,
2002-10-24,1,
2002-10-25,0,
2002-10-28,0,
2002-10-29,1,
2002-10-30,0,
2002-10-31,1,
2002-11-01,1,
2002-11-04,1,
2002-11-05,1,
2002-11-06,0,
2002-11-07,0,
2002-11-08,0,
2002-11-11,1,
2002-11-12,1,
2002-11-13,1,
2002-11-14,1,
2002-11-15,0,
2002-11-18,0,
2002-11-19,1,
2002-11-20,1,
2002-11-21,0,
2002-11-22,1,
2002-11-25,0,
2002-11-26,1,
2002-11-27,0,
2002-11-29,1,
2002-12-02,0,
2002-12-03,0,
2002-12-04,0,
2002-12-05,1,
2002-12-06,0,
2002-12-09,1,
2002-12-10,1,
2002-12-11,1,
2002-12-12,0,
2002-12-13,1,
2002-12-16,1,
2002-12-17,0,
2002-12-18,0,
2002-12-19,1,
2002-12-20,1,
2002-12-23,0,
2002-12-24,0,
2002-12-26,0,
2002-12-27,0,
2002-12-30,0,
2002-12-31,1,
2003-01-02,1,
2003-01-03,1,
2003-01-06,1,
2003-01-07,0,
2003-01-08,1,
2003-01-09,1,
2003-01-10,0,
2003-01-13,1,
2003-01-14,0,
2003-01-15,0,
2003-01-16,0,
2003-01-17,0,
2003-01-21,0,
2003-01-22,1,
2003-01-23,0,
2003-01-24,0,
2003-01-27,1,
2003-01-28,1,
2003-01-29,0,
2003-01-30,0,
2003-01-31,1,
2003-02-03,0,
2003-02-04,0,
2003-02-05,1,
2003-02-06,0,
2003-02-07,1,
2003-02-10,1,
2003-02-11,0,
2003-02-12,1,
2003-02-13,1,
2003-02-14,1,
2003-02-18,0,
2003-02-19,0,
2003-02-20,1,
2003-02-21,0,
2003-02-24,1,
2003-02-25,0,
2003-02-26,1,
2003-02-27,1,
2003-02-28,0,
2003-03-03,0,
2003-03-04,1,
2003-03-05,0,
2003-03-06,1,
2003-03-07,0,
2003-03-10,0,
2003-03-11,1,
2003-03-12,1,
2003-03-13,1,
2003-03-14,1,
2003-03-17,1,
2003-03-18,0,
2003-03-19,1,
2003-03-20,1,
2003-03-21,0,
2003-03-24,1,
2003-03-25,1,
2003-03-26,0,
2003-03-27,0,
2003-03-28,0,
2003-03-31,1,
2003-04-01,1,
2003-04-02,1,
2003-04-03,0,
2003-04-04,1,
2003-04-07,0,
2003-04-08,0,
2003-04-09,1,
2003-04-10,0,
2003-04-11,1,
2003-04-14,1,
2003-04-15,0,
2003-04-16,1,
2003-04-17,1,
2003-04-21,1,
2003-04-22,1,
2003-04-23,0,
2003-04-24,0,
2003-04-25,1,
2003-04-28,1,
2003-04-29,0,
2003-04-30,1,
2003-05-01,1,
2003-05-02,0,
2003-05-05,1,
2003-05-06,0,
2003-05-07,0,
2003-05-08,1,
2003-05-09,1,
2003-05-12,0,
2003-05-13,0,
2003-05-14,1,
2003-05-15,0,
2003-05-16,0,
2003-05-19,1,
2003-05-20,0,
2003-05-21,1,
2003-05-22,1,
2003-05-23,1,
2003-05-27,1,
2003-05-28,1,
2003-05-29,1,
2003-05-30,0,
2003-06-02,1,
2003-06-03,1,
2003-06-04,1,
2003-06-05,0,
2003-06-06,0,
2003-06-09,1,
2003-06-10,1,
2003-06-11,1,
2003-06-12,0,
2003-06-13,1,
2003-06-16,0,
2003-06-17,1,
2003-06-18,0,
2003-06-19,0,
2003-06-20,0,
2003-06-23,0,
2003-06-24,0,
2003-06-25,1,
2003-06-26,0,
2003-06-27,1,
2003-06-30,1,
2003-07-01,1,
2003-07-02,0,
2003-07-03,1,
2003-07-07,1,
2003-07-08,0,
2003-07-09,0,
2003-07-10,1,
2003-07-11,1,
2003-07-14,1,
2003-07-15,0,
2003-07-16,0,
2003-07-17,1,
2003-07-18,0,
2003-07-21,1,
2003-07-22,1,
2003-07-23,0,
2003-07-24,1,
2003-07-25,1,
2003-07-28,0,
2003-07-29,0,
2003-07-30,1,
2003-07-31,0,
2003-08-01,0,
2003-08-04,0,
2003-08-05,0,
2003-08-06,1,
2003-08-07,0,
2003-08-08,1,
2003-08-11,1,
2003-08-12,1,
2003-08-13,1,
2003-08-14,1,
2003-08-15,1,
2003-08-18,1,
2003-08-19,0,
2003-08-20,1,
2003-08-21,0,
2003-08-22,1,
2003-08-25,1,
2003-08-26,1,
2003-08-27,1,
2003-08-28,1,
2003-08-29,1,
2003-09-02,0,
2003-09-03,1,
2003-09-04,0,
2003-09-05,1,
2003-09-08,0,
2003-09-09,0,
2003-09-10,1,
2003-09-11,1,
2003-09-12,0,
2003-09-15,1,
2003-09-16,0,
2003-09-17,1,
2003-09-18,0,
2003-09-19,0,
2003-09-22,1,
2003-09-23,0,
2003-09-24,0,
2003-09-25,0,
2003-09-26,1,
2003-09-29,0,
2003-09-30,1,
2003-10-01,1,
2003-10-02,1,
2003-10-03,1,
2003-10-06,1,
2003-10-07,0,
2003-10-08,1,
2003-10-09,1,
2003-10-10,1,
2003-10-13,1,
2003-10-14,0,
2003-10-15,1,
2003-10-16,0,
2003-10-17,1,
2003-10-20,1,
2003-10-21,0,
2003-10-22,0,
2003-10-23,1,
2003-10-24,1,
2003-10-27,1,
2003-10-28,0,
2003-10-29,1,
2003-10-30,0,
2003-10-31,1,
2003-11-03,0,
2003-11-04,1,
2003-11-05,1,
2003-11-06,0,
2003-11-07,0,
2003-11-10,0,
2003-11-11,1,
2003-11-12,0,
2003-11-13,0,
2003-11-14,0,
2003-11-17,0,
2003-11-18,1,
2003-11-19,0,
2003-11-20,1,
2003-11-21,1,
2003-11-24,0,
2003-11-25,1,
2003-11-26,1,
2003-11-28,1,
2003-12-01,0,
2003-12-02,0,
2003-12-03,1,
2003-12-04,0,
2003-12-05,1,
2003-12-08,0,
2003-12-09,1,
2003-12-10,1,
2003-12-11,0,
2003-12-12,0,
2003-12-15,1,
2003-12-16,1,
2003-12-17,1,
2003-12-18,0,
2003-12-19,1,
2003-12-22,1,
2003-12-23,1,
2003-12-24,0,
2003-12-26,1,
2003-12-29,1,
2003-12-30,0,
2003-12-31,0,
2004-01-02,1,
2004-01-05,1,
2004-01-06,1,
2004-01-07,1,
2004-01-08,0,
2004-01-09,1,
2004-01-12,0,
2004-01-13,1,
2004-01-14,1,
2004-01-15,1,
2004-01-16,0,
2004-01-20,0,
2004-01-21,0,
2004-01-22,0,
2004-01-23,1,
2004-01-26,0,
2004-01-27,0,
2004-01-28,1,
2004-01-29,0,
2004-01-30,0,
2004-02-02,0,
2004-02-03,0,
2004-02-04,1,
2004-02-05,1,
2004-02-06,0,
2004-02-09,1,
2004-02-10,1,
2004-02-11,0,
2004-02-12,0,
2004-02-13,1,
2004-02-17,1,
2004-02-18,0,
2004-02-19,0,
2004-02-20,0,
2004-02-23,0,
2004-02-24,1,
2004-02-25,1,
2004-02-26,0,
2004-02-27,1,
2004-03-01,0,
2004-03-02,0,
2004-03-03,1,
2004-03-04,0,
2004-03-05,0,
2004-03-08,0,
2004-03-09,0,
2004-03-10,0,
2004-03-11,1,
2004-03-12,0,
2004-03-15,1,
2004-03-16,1,
2004-03-17,0,
2004-03-18,0,
2004-03-19,0,
2004-03-22,0,
2004-03-23,1,
2004-03-24,1,
2004-03-25,0,
2004-03-26,1,
2004-03-29,1,
2004-03-30,0,
2004-03-31,1,
2004-04-01,1,
2004-04-02,1,
2004-04-05,0,
2004-04-06,0,
2004-04-07,0,
2004-04-08,1,
2004-04-12,0,0.5147524333052106
2004-04-13,1,0.5254954463315512
2004-04-14,0,0.5129082932849535
2004-04-15,0,0.5228016661182866
2004-04-16,1,0.5282521983090909
2004-04-19,0,0.5310742873468322
2004-04-20,1,0.5314311216101826
2004-04-21,1,0.5168514434263278
2004-04-22,1,0.4793651849583339
2004-04-23,0,0.4792916206513399
2004-04-26,0,0.4963006991439966
2004-04-27,0,0.4782196022628155
2004-04-28,0,0.49236542953400053
2004-04-29,0,0.498915972473362
2004-04-30,1,0.5184404502564237
2004-05-03,1,0.517104250912941
2004-05-04,1,0.5003760924522117
2004-05-05,0,0.4940157789131798
2004-05-06,0,0.4998455460260444
2004-05-07,0,0.4911351136990851
2004-05-10,1,0.496828409667343
2004-05-11,1,0.497202391624112
2004-05-12,0,0.47924131805789555
2004-05-13,0,0.486212303735538
2004-05-14,0,0.47897046395173315
2004-05-17,1,0.48276786465863214
2004-05-18,0,0.49291173497869417
2004-05-19,1,0.4882844703083731
2004-05-20,1,0.4892377330114057
2004-05-21,1,0.4805553753982118
2004-05-24,1,0.47481072539944097
2004-05-25,1,0.4670632398689377
2004-05-26,1,0.4769744028367456
2004-05-27,1,0.47196217329836887
2004-05-28,0,0.4777833398847058
2004-06-01,0,0.47411114334663024
2004-06-02,0,0.48870907955430015
2004-06-03,1,0.505807125582039
2004-06-04,1,0.5072692706066103
2004-06-07,1,0.4889532972365382
2004-06-08,0,0.49283274781128666
2004-06-09,1,0.5083758259270559
2004-06-10,0,0.5084360755614646
2004-06-14,1,0.5178740767423545
2004-06-15,0,0.5169700891901369
2004-06-16,0,0.5191270254164702
2004-06-17,1,0.5129628001817597
2004-06-18,0,0.5061867502100366
2004-06-21,1,0.5063595646228684
2004-06-22,1,0.4968519243791692
2004-06-23,0,0.48635475463751704
2004-06-24,1,0.47669520860039466
2004-06-25,0,0.47956993296366485
2004-06-28,1,0.4736747816935049
2004-06-29,1,0.49053719579546434
2004-06-30,0,0.47781118561998664
2004-07-01,0,0.48294616787482053
2004-07-02,0,0.507705528943121
2004-07-06,1,0.4988931927730284
2004-07-07,0,0.515757620420579
2004-07-08,1,0.5272119644477355
2004-07-09,0,0.5200091900563173
2004-07-12,0,0.5218897397271035
2004-07-13,0,0.5059459926621976
2004-07-14,0,0.5040426896248357
2004-07-15,0,0.5126318772069195
2004-07-16,0,0.5026422487888416
2004-07-19,1,0.5021624621837496
2004-07-20,0,0.4695345125131803
2004-07-21,1,0.48011906296346946
2004-07-22,0,0.47013091609956587
2004-07-23,0,0.48495441391195193
2004-07-26,1,0.4871419271497107
2004-07-27,0,0.49270612550005993
2004-07-28,1,0.4675886111584646
2004-07-29,1,0.4855411203515381
2004-07-30,1,0.47710476611750957
2004-08-02,0,0.47838972594251095
2004-08-03,1,0.5098943676631226
2004-08-04,0,0.49935298947557316
2004-08-05,0,0.5168407483696388
2004-08-06,1,0.5202089054059081
2004-08-09,1,0.5334461007878761
2004-08-10,0,0.5104275901084302
2004-08-11,0,0.5081559824127017
2004-08-12,1,0.5139709452809825
2004-08-13,1,0.5056135321103599
2004-08-16,1,0.5008266529828496
2004-08-17,1,0.4890642345470992
2004-08-18,0,0.4687970882685252
2004-08-19,1,0.46263772971637385
2004-08-20,1,0.45223061245791824
2004-08-23,0,0.46074484276599004
2004-08-24,1,0.4741349606427607
2004-08-25,0,0.4726369626287247
2004-08-26,1,0.4805783465450493
2004-08-27,0,0.48693153675757356
2004-08-30,1,0.5097951004450199
2004-08-31,1,0.5104198141585701
2004-09-01,1,0.5151019037373772
2004-09-02,0,0.5021135735544938
2004-09-03,1,0.5171128045038121
2004-09-07,0,0.5010886015027992
2004-09-08,1,0.5000502597173974
2004-09-09,1,0.4981845685418387
2004-09-10,1,0.48645643912408193
2004-09-13,1,0.4676390744169935
2004-09-14,0,0.4745617931597887
2004-09-15,1,0.47809947537874364
2004-09-16,1,0.4918019900025317
2004-09-17,0,0.49505137302764013
2004-09-20,1,0.48463187784111283
2004-09-21,0,0.4911226517139313
2004-09-22,0,0.49727188920732673
2004-09-23,0,0.5051004168530776
2004-09-24,0,0.5095411587174591
2004-09-27,1,0.5268241149145192
2004-09-28,1,0.524054473615125
2004-09-29,1,0.49278056903530976
2004-09-30,1,0.49790710633913815
2004-10-01,1,0.4607365629861197
2004-10-04,1,0.4554344826109634
2004-10-05,1,0.4664188027571752
2004-10-06,0,0.462725139461686
2004-10-07,0,0.47684515207863515
2004-10-08,1,0.4936871600953238
2004-10-11,0,0.5130470072973006
2004-10-12,0,0.4994144086089609
2004-10-13,0,0.4993702737037554
2004-10-14,1,0.5076021120703458
2004-10-15,1,0.49530624603751616
2004-10-18,0,0.49433406373549377
2004-10-19,1,0.4953106404346261
2004-10-20,1,0.4995414968774691
2004-10-21,0,0.47701296541452504
2004-10-22,0,0.4924778742088381
2004-10-25,1,0.5063634021666054
2004-10-26,1,0.4956688733755892
2004-10-27,1,0.4640107167944446
2004-10-28,0,0.47343260744644466
2004-10-29,1,0.4706154266939639
2004-11-01,1,0.48106368549097855
2004-11-02,1,0.47284488875984265
2004-11-03,1,0.4782684021259962
2004-11-04,1,0.49213781513347205
2004-11-05,1,0.47478838720103833
2004-11-08,0,0.4882027527735957
2004-11-09,0,0.4888560052618749
2004-11-10,1,0.5010002638096868
2004-11-11,1,0.49380079782848557
2004-11-12,1,0.48744691043614624
2004-11-15,0,0.4909903410944692
2004-11-16,1,0.492969049859198
2004-11-17,1,0.4767787426610611
2004-11-18,0,0.4890902965237933
2004-11-19,1,0.5038556518313301
2004-11-22,0,0.5065557533819308
2004-11-23,1,0.49639777931402596
2004-11-24,0,0.4967092091844356
2004-11-26,0,0.5123004611299888
2004-11-29,0,0.49213356555096865
2004-11-30,1,0.5001862792425895
2004-12-01,1,0.4772189910511218
2004-12-02,1,0.4759149697654013
2004-12-03,1,0.4773245189201047
2004-12-06,0,0.47961563612906893
2004-12-07,1,0.48775215432568914
2004-12-08,1,0.5143064629811629
2004-12-09,0,0.48792827840061764
2004-12-10,1,0.4971151250376897
2004-12-13,1,0.4933217454734415
2004-12-14,0,0.47649055608825724
2004-12-15,0,0.48858345663153796
2004-12-16,0,0.5039457151176022
2004-12-17,0,0.5120384521589756
2004-12-20,1,0.5183740745436576
2004-12-21,1,0.505681406945992
2004-12-22,1,0.5023343261372486
2004-12-23,0,0.5028913900522041
2004-12-27,1,0.4949104069808972
2004-12-28,1,0.48631618286699274
2004-12-29,0,0.493375632187061
2004-12-30,0,0.49374289205502425
2004-12-31,0,0.4926063927912587
2005-01-03,0,0.4863435266109839
2005-01-04,0,0.4997609473789071
2005-01-05,0,0.5085329923740795
2005-01-06,1,0.5138555521675519
2005-01-07,0,0.501988882728031
2005-01-10,0,0.5003517574530271
2005-01-11,1,0.4969262867664162
2005-01-12,0,0.48488879086807785
2005-01-13,1,0.4981957601630115
2005-01-14,1,0.49511180383958925
2005-01-18,0,0.4838254148656635
2005-01-19,0,0.48338677616289616
2005-01-20,0,0.49768150362767244
2005-01-21,0,0.49249593812665216
2005-01-24,1,0.5074985480255407
2005-01-25,1,0.5092833164697005
2005-01-26,0,0.4912377226532217
2005-01-27,0,0.48853167142519976
2005-01-28,1,0.4852326809681747
2005-01-31,1,0.48435644568283476
2005-02-01,1,0.4927779609197604
2005-02-02,0,0.4854402583482013
2005-02-03,1,0.4911038060206513
2005-02-04,0,0.47242030821738534
2005-02-07,1,0.48333812406795623
2005-02-08,0,0.4871057589202589
2005-02-09,1,0.501593936169712
2005-02-10,1,0.492511878513071
2005-02-11,1,0.48721064470637804
2005-02-14,1,0.5028456338080403
2005-02-15,0,0.4844991768845939
2005-02-16,0,0.4951001147627818
2005-02-17,0,0.4942746183097857
2005-02-18,0,0.5200407938102698
2005-02-22,1,0.5133441627553122
2005-02-23,1,0.5196992713668569
2005-02-24,1,0.49657685521689454
2005-02-25,0,0.48845535098740867
2005-02-28,1,0.49458920326218375
2005-03-01,0,0.48717917969081537
2005-03-02,0,0.4827857428000641
2005-03-03,1,0.500489424673361
2005-03-04,1,0.4937426320412213
2005-03-07,0,0.4745972243805018
2005-03-08,0,0.48556335002301765
2005-03-09,0,0.48807047403281517
2005-03-10,0,0.4888374111059106
2005-03-11,1,0.4984659555040175
2005-03-14,0,0.5080164701007592
2005-03-15,0,0.5055601552048298
2005-03-16,1,0.4962647529796093
2005-03-17,0,0.5069747604110617
2005-03-18,1,0.5037145484949582
2005-03-21,0,0.5127993814431556
2005-03-22,1,0.5047705825435077
2005-03-23,1,0.498086456278822
2005-03-24,1,0.5021890465976612
2005-03-28,0,0.4984115586611079
2005-03-29,1,0.4902313890466715
2005-03-30,0,0.4690203454453722
2005-03-31,0,0.4775434618895214
2005-04-01,1,0.47502151584553426
2005-04-04,1,0.48080367773240557
2005-04-05,0,0.4851977542378811
2005-04-06,1,0.4893032028308847
2005-04-07,0,0.47999191809409714
2005-04-08,0,0.48377479833522025
2005-04-11,1,0.498436364103684
2005-04-12,0,0.4794556139681025
2005-04-13,0,0.5078518564993841
2005-04-14,0,0.5123428553996581
2005-04-15,1,0.5197398373851351
2005-04-18,1,0.5279174477669074
2005-04-19,0,0.523829820784876
2005-04-20,1,0.5085839939520318
2005-04-21,0,0.48779269506724116
2005-04-22,1,0.48535324988657524
2005-04-25,0,0.48809469381384296
2005-04-26,1,0.4927936046953622
2005-04-27,0,0.48234041967773505
2005-04-28,1,0.5010310716503108
2005-04-29,1,0.4708857567718164
2005-05-02,1,0.4860779346795091
2005-05-03,1,0.47624121878361575
2005-05-04,1,0.4701253591819695
2005-05-05,1,0.48104767666927795
2005-05-06,1,0.4810826800876027
2005-05-09,0,0.4888080515937476
2005-05-10,1,0.49644891965564447
2005-05-11,0,0.49168357926097467
2005-05-12,1,0.49323880923796015
2005-05-13,1,0.4814953101684408
2005-05-16,1,0.49022599505271947
2005-05-17,1,0.4810805410944275
2005-05-18,1,0.46893547273357405
2005-05-19,1,0.47094731888997327
2005-05-20,1,0.48021744232961794
2005-05-23,1,0.47796493159680353
2005-05-24,0,0.4738144848756122
2005-05-25,1,0.49242978499888895
2005-05-26,1,0.483887443262011
2005-05-27,0,0.4945441338787016
2005-05-31,1,0.4958947790289496
2005-06-01,1,0.4831350990099761
2005-06-02,0,0.4874593881606643
2005-06-03,1,0.5053238492195157
2005-06-06,0,0.5157740675379215
2005-06-07,0,0.5091130234955141
2005-06-08,1,0.5188366275902219
2005-06-09,0,0.5054332100297041
2005-06-10,1,0.5098969064163354
2005-06-13,0,0.502901632302368
2005-06-14,1,0.5022890594599324
2005-06-15,1,0.4869489769253784
2005-06-16,0,0.48907903263388997
2005-06-17,0,0.4802232803064809
2005-06-20,0,0.48808163339412336
2005-06-21,0,0.4740435712282929
2005-06-22,0,0.4832588722172488
2005-06-23,0,0.4859010557861227
2005-06-24,0,0.48956595336001363
2005-06-27,1,0.5122346112685568
2005-06-28,0,0.5002600540848963
2005-06-29,0,0.5019596266578101
2005-06-30,0,0.5024874955686529
2005-07-01,1,0.5056934433537991
2005-07-05,0,0.48865493875786614
2005-07-06,1,0.49618352589591075
2005-07-07,1,0.48226723899780655
2005-07-08,1,0.46508201510207314
2005-07-11,1,0.45452246268175656
2005-07-12,1,0.459412261984318
2005-07-13,1,0.4655470597286944
2005-07-14,1,0.4551630355786382
2005-07-15,0,0.4701366688519138
2005-07-18,1,0.4834182331277902
2005-07-19,1,0.47950508331611535
2005-07-20,1,0.47181666532185346
2005-07-21,0,0.4721395187049593
2005-07-22,0,0.495671020557831
2005-07-25,1,0.5056556017336913
2005-07-26,1,0.5034710494933043
2005-07-27,1,0.49692292454976145
2005-07-28,0,0.49822832241764764
2005-07-29,1,0.5032590321804502
2005-08-01,1,0.4996868143964204
2005-08-02,0,0.48835818383563767
2005-08-03,0,0.49564767919509867
2005-08-04,0,0.5028128883668537
2005-08-05,0,0.5022576635453526
2005-08-08,1,0.5066570940622074
2005-08-09,0,0.5046936122516921
2005-08-10,1,0.49971792416899613
2005-08-11,0,0.491193154231074
2005-08-12,1,0.49081185446383796
2005-08-15,0,0.4887683754925523
2005-08-16,1,0.4994511651145451
2005-08-17,0,0.49676867579046796
2005-08-18,0,0.4997043523909463
2005-08-19,1,0.5030480001295857
2005-08-22,0,0.486919506424951
2005-08-23,0,0.4956723594430365
2005-08-24,1,0.4857271194453232
2005-08-25,0,0.5007573240561873
2005-08-26,1,0.4961889522851813
2005-08-29,0,0.48828031936200217
2005-08-30,1,0.48043732815278156
2005-08-31,0,0.47273496848152974
2005-09-01,0,0.48113447668261133
2005-09-02,1,0.4920148753223702
2005-09-06,1,0.47625804781179165
2005-09-07,0,0.4801536439673554
2005-09-08,1,0.47803877392336075
2005-09-09,1,0.4747288506358373
2005-09-12,0,0.47897926058606216
2005-09-13,0,0.488632717386287
2005-09-14,0,0.4881899097647461
2005-09-15,1,0.4995466109646519
2005-09-16,0,0.4981698568730047
2005-09-19,0,0.5040952671870718
2005-09-20,0,0.49795914000677344
2005-09-21,1,0.5033600766687213
2005-09-22,1,0.49751546424230975
2005-09-23,1,0.5099900767562562
2005-09-26,0,0.5045757364746033
2005-09-27,1,0.5035804149972425
2005-09-28,1,0.48947256802522426
2005-09-29,1,0.4659579700138879
2005-09-30,1,0.4732593457407618
2005-10-03,0,0.4683155483969516
2005-10-04,0,0.47346508882034727
2005-10-05,0,0.47990899322079483
2005-10-06,1,0.49059039238296875
2005-10-07,0,0.5079773375920417
2005-10-10,0,0.5191186120600755
2005-10-11,0,0.5082314373233296
2005-10-12,1,0.5037315259034016
2005-10-13,1,0.4962699918180236
2005-10-14,1,0.4942022511016112
2005-10-17,0,0.5020833344346914
2005-10-18,1,0.49892657192131745
2005-10-19,0,0.4640917637752035
2005-10-20,1,0.4703160975389882
2005-10-21,1,0.4760624665787891
2005-10-24,0,0.46506936566793944
2005-10-25,0,0.4692896924516609
2005-10-26,0,0.48069183992279413
2005-10-27,1,0.4904263340702633
2005-10-28,1,0.5008146911048226
2005-10-31,0,0.4964133501680692
2005-11-01,1,0.5023811761804917
2005-11-02,1,0.4933123125250718
2005-11-03,1,0.4612985612404185
2005-11-04,1,0.47427485389375995
2005-11-07,1,0.4959923629894212
2005-11-08,1,0.491729225019294
2005-11-09,1,0.49539312941932406
2005-11-10,1,0.4741229830358264
2005-11-11,1,0.4845254865502135
2005-11-14,0,0.49602249329630155
2005-11-15,1,0.4935383822795499
2005-11-16,1,0.49570666472357094
2005-11-17,1,0.48769035635354085
2005-11-18,1,0.4832608232298246
2005-11-21,1,0.49206450850691125
2005-11-22,1,0.48286842113838885
2005-11-23,1,0.48879070698493776
2005-11-25,0,0.5000846731136527
2005-11-28,0,0.4987896544827977
2005-11-29,0,0.5020053842132987
2005-11-30,1,0.4985078111627485
2005-12-01,1,0.48349538226208394
2005-12-02,0,0.4885639080641829
2005-12-05,1,0.49614734294342794
2005-12-06,0,0.48653053452659434
2005-12-07,0,0.48637254856706885
2005-12-08,1,0.49527838237881866
2005-12-09,1,0.5068038171404345
2005-12-12,1,0.4974717068875827
2005-12-13,0,0.4837786045512948
2005-12-14,1,0.484166119350254
2005-12-15,0,0.4849701315274709
2005-12-16,0,0.49900968465874
2005-12-19,1,0.5094368169328365
2005-12-20,1,0.5125612589331705
2005-12-21,1,0.5042380625723435
2005-12-22,1,0.4980960022790979
2005-12-23,0,0.502381190584298
2005-12-27,0,0.49737794701507165
2005-12-28,0,0.5008130990534744
2005-12-29,0,0.5060270325211836
2005-12-30,1,0.5109558149284767
2006-01-03,1,0.47563990793533006
2006-01-04,1,0.4614939829555955
2006-01-05,1,0.4637339593363867
2006-01-06,1,0.4443003149004253
2006-01-09,1,0.44912274822102083
2006-01-10,1,0.4625179932139357
2006-01-11,0,0.45856745859914744
2006-01-12,0,0.4741684343557266
2006-01-13,0,0.48880789745065756
2006-01-17,0,0.4926936877098041
2006-01-18,1,0.5025613263200752
2006-01-19,0,0.5046667986079878
2006-01-20,1,0.5184725188947785
2006-01-23,1,0.5352765153094778
2006-01-24,0,0.5309917148385159
2006-01-25,1,0.5218810761592907
2006-01-26,1,0.5165634456915298
2006-01-27,1,0.4866767796287051
2006-01-30,0,0.49241982639172804
2006-01-31,1,0.48425937268347174
2006-02-01,0,0.4757528948244923
2006-02-02,0,0.4950235507243501
2006-02-03,0,0.49405135765437425
2006-02-06,0,0.5080458869928711
2006-02-07,1,0.5045633515243954
2006-02-08,0,0.4948996432786793
2006-02-09,1,0.49913799628653105
2006-02-10,0,0.4912271706180036
2006-02-13,1,0.5075624653548166
2006-02-14,1,0.4939603867647845
2006-02-15,1,0.49625943735927275
2006-02-16,0,0.4781132326258793
2006-02-17,0,0.485549069294749
2006-02-21,1,0.48735048649989987
2006-02-22,0,0.4793125486164681
2006-02-23,1,0.495074996387352
2006-02-24,1,0.49657243213554686
2006-02-27,0,0.48546681309732953
2006-02-28,1,0.4751483769015919
2006-03-01,1,0.48926514060484333
2006-03-02,0,0.49492041012321264
2006-03-03,0,0.4930854471939615
2006-03-06,0,0.5055593530419595
2006-03-07,1,0.49915092479088485
2006-03-08,0,0.5050503239304208
2006-03-09,1,0.5082430754008788
2006-03-10,1,0.49954100848339217
2006-03-13,1,0.5105368399268608
2006-03-14,1,0.47213777344954455
2006-03-15,0,0.4789763276833324
2006-03-16,1,0.47920488348650303
2006-03-17,1,0.4851332976528265
2006-03-20,0,0.48644154503596176
2006-03-21,1,0.4824220655695891
2006-03-22,0,0.49140772894550694
2006-03-23,1,0.4947781878432127
2006-03-24,1,0.49037317885344345
2006-03-27,0,0.4992621407336101
2006-03-28,1,0.4917087417734184
2006-03-29,1,0.4759222929661337
2006-03-30,0,0.47395136082258527
2006-03-31,1,0.4924401316112243
2006-04-03,1,0.491193926995646
2006-04-04,1,0.4782427238780954
2006-04-05,1,0.4798955841650647
2006-04-06,0,0.4766253210301387
2006-04-07,0,0.4810415731935421
2006-04-10,0,0.496620877868524
2006-04-11,1,0.49679235617705825
2006-04-12,1,0.5152926430010409
2006-04-13,0,0.5108968578310186
2006-04-17,1,0.5051643071324176
2006-04-18,1,0.4852974364359743
2006-04-19,0,0.48653605344329753
2006-04-20,0,0.4921710946397951
2006-04-21,0,0.4947995502374965
2006-04-24,0,0.4983487389325584
2006-04-25,0,0.5071505813732776
2006-04-26,1,0.5019787863043229
2006-04-27,0,0.4719373364428774
2006-04-28,0,0.4927880334953556
2006-05-01,1,0.49600512012078163
2006-05-02,0,0.5001165539703453
2006-05-03,1,0.5037300142820156
2006-05-04,1,0.4974677951502442
2006-05-05,1,0.48415638370133146
2006-05-08,0,0.4850692513452353
2006-05-09,0,0.4896762053312444
2006-05-10,0,0.48914850854934233
2006-05-11,0,0.5078442297855885
2006-05-12,0,0.5165243516425939
2006-05-15,0,0.5144929060539153
2006-05-16,0,0.5145664716133119
2006-05-17,0,0.5091772136586589
2006-05-18,1,0.5138371387930185
2006-05-19,0,0.4950464681314767
2006-05-22,0,0.5027913562403438
2006-05-23,1,0.5071537305237472
2006-05-24,1,0.4828720509375348
2006-05-25,1,0.4726587129017408
2006-05-26,0,0.4729608458955233
2006-05-30,1,0.483954509944396
2006-05-31,1,0.4729038258691211
2006-06-01,0,0.4577560880629411
2006-06-02,0,0.465106244069876
2006-06-05,0,0.4954549550176768
2006-06-06,0,0.4866271900346653
2006-06-07,0,0.49468010390981376
2006-06-08,0,0.4959226887195738
2006-06-09,0,0.5183250428865808
2006-06-12,0,0.5254978072618236
2006-06-13,1,0.5129507962964204
2006-06-14,1,0.5019047749030717
2006-06-15,0,0.4879546762476646
2006-06-16,0,0.4996127249877057
2006-06-19,1,0.4869655217051383
2006-06-20,1,0.4872989908966527
2006-06-21,0,0.4741008425226372
2006-06-22,0,0.4939134809428975
2006-06-23,1,0.49955890184327456
2006-06-26,0,0.48886735628140476
2006-06-27,1,0.4939617058251291
2006-06-28,1,0.5039797965864891
2006-06-29,0,0.47847548221633535
2006-06-30,1,0.4921861068723043
2006-07-03,0,0.49417710654731734
2006-07-05,0,0.4982410311186933
2006-07-06,0,0.5124399905274148
2006-07-07,0,0.5255101243876131
2006-07-10,1,0.5281884822118975
2006-07-11,0,0.5178514478471085
2006-07-12,0,0.5052370924516243
2006-07-13,0,0.5116416234612596
2006-07-14,1,0.5204900945963378
2006-07-17,1,0.5150891437845041
2006-07-18,1,0.5065062839370789
2006-07-19,0,0.4806133663128772
2006-07-20,0,0.4870605302359563
2006-07-21,1,0.4896430965900293
2006-07-24,1,0.4736160995348198
2006-07-25,0,0.4772607884560434
2006-07-26,0,0.4774769043642031
2006-07-27,1,0.47176568689252735
2006-07-28,0,0.4532988759647351
2006-07-31,0,0.4701344139341835
2006-08-01,1,0.4925767368640967
2006-08-02,1,0.495209991697756
2006-08-03,0,0.48368490870444547
2006-08-04,0,0.4921356529252475
2006-08-07,0,0.5142181232923885
2006-08-08,1,0.5079352303312861
2006-08-09,1,0.5084778272663113
2006-08-10,0,0.506649880048591
2006-08-11,1,0.5164390738616389
2006-08-14,1,0.5030471663531109
2006-08-15,1,0.46881628261332114
2006-08-16,1,0.45597971368321766
2006-08-17,1,0.4605686658251338
2006-08-18,0,0.4643481293963589
2006-08-21,1,0.48309455845820914
2006-08-22,0,0.48563032232605585
2006-08-23,1,0.5054122254801756
2006-08-24,1,0.5103667863429883
2006-08-25,1,0.5066170107734623
2006-08-28,1,0.4964776726917876
2006-08-29,1,0.49436592460611123
2006-08-30,0,0.5016543904685735
2006-08-31,1,0.508154871699148
2006-09-01,1,0.5027544727827167
2006-09-05,0,0.4902884289888593
2006-09-06,0,0.5065581348221837
2006-09-07,1,0.5030724931436873
2006-09-08,1,0.49931707572231576
2006-09-11,1,0.482161612673464
2006-09-12,1,0.4769352239282358
2006-09-13,1,0.4629137041139436
2006-09-14,1,0.46726779954847636
2006-09-15,1,0.4611797309380014
2006-09-18,0,0.4739768468530542
2006-09-19,1,0.4866134405342749
2006-09-20,0,0.4812893950118782
2006-09-21,0,0.4830319136108715
2006-09-22,1,0.49831029175679126
2006-09-25,1,0.4794269793349457
2006-09-26,0,0.48283940430701744
2006-09-27,1,0.4938374610654636
2006-09-28,0,0.49602441997249536
2006-09-29,0,0.49849294404508426
2006-10-02,1,0.5166270620341428
2006-10-03,1,0.5077131772252971
2006-10-04,1,0.482182715018576
2006-10-05,0,0.4888691428946997
2006-10-06,1,0.4858816246005795
2006-10-09,1,0.4868062329432623
2006-10-10,0,0.48063313140507236
2006-10-11,1,0.4857620840324149
2006-10-12,1,0.4873895461914787
2006-10-13,1,0.4838585889023654
2006-10-16,0,0.4837667591021143
2006-10-17,0,0.4786866580550305
2006-10-18,1,0.49736258748270634
2006-10-19,1,0.5059909201106647
2006-10-20,1,0.502714754330647
2006-10-23,0,0.4893552239271413
2006-10-24,1,0.4963389681388552
2006-10-25,1,0.4824542794925758
2006-10-26,0,0.4808898710304261
2006-10-27,1,0.49766774578209594
2006-10-30,1,0.5013650901314497
2006-10-31,0,0.4816592829364315
2006-11-01,1,0.4912781272138037
2006-11-02,0,0.505956659257535
2006-11-03,1,0.49594403879848736
2006-11-06,1,0.49474201206996427
2006-11-07,1,0.47693859041205106
2006-11-08,0,0.4616870360181353
2006-11-09,1,0.4840713559477867
2006-11-10,1,0.4845149821433368
2006-11-13,1,0.4872613103629025
2006-11-14,1,0.47549704037746693
2006-11-15,1,0.4708988554858831
2006-11-16,0,0.4674635381168982
2006-11-17,1,0.4742788040497189
2006-11-20,1,0.48109553929851456
2006-11-21,1,0.4959901308672685
2006-11-22,0,0.4939057611575962
2006-11-24,0,0.4985113524667533
2006-11-27,1,0.5053578256867453
2006-11-28,1,0.5144832276742194
2006-11-29,0,0.5066204612344584
2006-11-30,0,0.5095043969529937
2006-12-01,1,0.5120107753593334
2006-12-04,1,0.495924969752251
2006-12-05,0,0.49180226350157347
2006-12-06,0,0.4981671832807369
2006-12-07,1,0.5023871765653954
2006-12-08,1,0.49029655812112083
2006-12-11,0,0.4934997861968451
2006-12-12,1,0.49244415220606313
2006-12-13,1,0.4969826792684045
2006-12-14,1,0.4756347717668085
2006-12-15,0,0.4751707086070351
2006-12-18,0,0.48896613567468605
2006-12-19,0,0.48980344704289525
2006-12-20,0,0.5062393776036852
2006-12-21,0,0.5073346944554659
2006-12-22,1,0.5214085126275921
2006-12-26,1,0.5185021233227218
2006-12-27,0,0.5052385382516301
2006-12-28,1,0.5033255963502975
2006-12-29,1,0.5011435336343667
2007-01-03,1,0.4762783014359701
2007-01-04,0,0.46592480293309996
2007-01-05,1,0.4730788842730823
2007-01-08,1,0.4776201371976015
2007-01-09,1,0.4688789280415761
2007-01-10,1,0.4573685909942219
2007-01-11,1,0.4543208508503065
2007-01-12,0,0.46335202873559006
2007-01-16,0,0.46691173548663173
2007-01-17,0,0.4769947012738124
2007-01-18,1,0.49680298443856125
2007-01-19,0,0.5164318392910586
2007-01-22,0,0.5254029003406417
2007-01-23,1,0.5244158654255459
2007-01-24,0,0.5077536267559851
2007-01-25,0,0.5037819892518981
2007-01-26,1,0.5116131037064433
2007-01-29,1,0.5125691233363646
2007-01-30,1,0.5138316947634064
2007-01-31,0,0.4918129240629227
2007-02-01,1,0.4784210537794193
2007-02-02,0,0.48378867265956776
2007-02-05,0,0.48021145035934076
2007-02-06,1,0.47627471178375946
2007-02-07,0,0.48005015827709674
2007-02-08,0,0.4806528977481876
2007-02-09,0,0.48851923355245924
2007-02-12,1,0.49623368243337407
2007-02-13,1,0.5009223832451685
2007-02-14,1,0.4882248412488827
2007-02-15,0,0.48605666613879633
2007-02-16,0,0.49305124063361083
2007-02-20,1,0.4873779356547304
2007-02-21,1,0.47832187274360055
2007-02-22,0,0.48200212573190787
2007-02-23,0,0.4888619975834074
2007-02-26,0,0.4895390464666652
2007-02-27,1,0.5034160299390036
2007-02-28,0,0.5181587217208077
2007-03-01,0,0.5243175728479073
2007-03-02,0,0.536576895194839
2007-03-05,1,0.5360839443038699
2007-03-06,0,0.5005766301736472
2007-03-07,1,0.5081091580625459
2007-03-08,0,0.502078070238692
2007-03-09,1,0.49373416724871527
2007-03-12,0,0.4869072366656859
2007-03-13,1,0.4838357148557126
2007-03-14,0,0.4711546764949836
2007-03-15,0,0.48167997659980305
2007-03-16,1,0.47947688698125834
2007-03-19,1,0.4753610611778772
2007-03-20,1,0.4705074546909399
2007-03-21,0,0.4585940705691811
2007-03-22,0,0.4747040801896107
2007-03-23,1,0.4880039640571835
2007-03-26,0,0.4943678877455347
2007-03-27,0,0.49838827389560414
2007-03-28,1,0.5151086416876185
2007-03-29,0,0.5129496351591096
2007-03-30,1,0.5081195031487463
2007-04-02,1,0.5130301873325893
2007-04-03,1,0.4962894422577363
2007-04-04,1,0.4957350394433522
2007-04-05,0,0.4949362963429224
2007-04-09,1,0.4936163468403381
2007-04-10,0,0.4904111744160005
2007-04-11,1,0.49533510619538296
2007-04-12,1,0.48483295989696684
2007-04-13,1,0.4872073168493926
2007-04-16,1,0.48041752241314245
2007-04-17,0,0.47860626185132465
2007-04-18,1,0.4821825675898081
2007-04-19,1,0.4830786105430976
2007-04-20,1,0.4763711522437335
2007-04-23,1,0.4882684380091611
2007-04-24,1,0.4829160957457719
2007-04-25,1,0.4679501407438868
2007-04-26,1,0.4682357535272227
2007-04-27,0,0.4717809491632359
2007-04-30,0,0.49177598882907725
2007-05-01,1,0.48440393627850453
2007-05-02,1,0.4909666224278553
2007-05-03,1,0.48847304855789514
2007-05-04,0,0.49159036527559735
2007-05-07,1,0.4983456575239341
2007-05-08,1,0.48367209853963034
2007-05-09,0,0.4832121492090185
2007-05-10,1,0.4914242371954131
2007-05-11,0,0.49561812078085205
2007-05-14,0,0.49226592725871804
2007-05-15,1,0.4893132115548043
2007-05-16,0,0.49128478775956463
2007-05-17,1,0.4942121772022779
2007-05-18,1,0.4933467250124699
2007-05-21,1,0.4818972170549051
2007-05-22,0,0.4804397894005426
2007-05-23,0,0.4875287380083713
2007-05-24,1,0.48265325123041075
2007-05-25,1,0.5051797983430618
2007-05-29,1,0.494762089402025
2007-05-30,1,0.47888183853422794
2007-05-31,1,0.4801114000977123
2007-06-01,1,0.4698115130786817
2007-06-04,0,0.48390342650286006
2007-06-05,0,0.47852372029401163
2007-06-06,0,0.4915248968978219
2007-06-07,1,0.5047989557643897
2007-06-08,0,0.4932943955653763
2007-06-11,0,0.5067980967793971
2007-06-12,1,0.5060355554805811
2007-06-13,1,0.49319173111064385
2007-06-14,1,0.4864473621097943
2007-06-15,1,0.48561774451937334
2007-06-18,0,0.48856993078512617
2007-06-19,0,0.48334830430204323
2007-06-20,1,0.48897681976366003
2007-06-21,0,0.4815880494311577
2007-06-22,0,0.49399848997105433
2007-06-25,0,0.4993206482619822
2007-06-26,1,0.5019462529142672
2007-06-27,0,0.48635637161638656
2007-06-28,1,0.49627927098104146
2007-06-29,1,0.49312980912495435
2007-07-02,1,0.49288087993912155
2007-07-03,1,0.49060016904064246
2007-07-05,1,0.48327455131802144
2007-07-06,1,0.4829746006407749
2007-07-09,0,0.47969214693655204
2007-07-10,1,0.485986949826424
2007-07-11,1,0.48076875865955165
2007-07-12,1,0.4757096977776456
2007-07-13,0,0.47778259899707703
2007-07-16,1,0.4808455310552942
2007-07-17,0,0.4692458249911009
2007-07-18,1,0.47463893874576074
2007-07-19,0,0.48656715741623935
2007-07-20,1,0.4906915629813234
2007-07-23,0,0.4978489505802792
2007-07-24,1,0.5017447869809601
2007-07-25,0,0.5004136500227945
2007-07-26,0,0.5017196069881555
2007-07-27,1,0.5247967464777343
2007-07-30,0,0.5173573283378593
2007-07-31,1,0.5179935558451235
2007-08-01,1,0.5074100358627148
2007-08-02,0,0.5022656922787362
2007-08-03,1,0.5037932025526982
2007-08-06,1,0.4986622568699285
2007-08-07,1,0.4762077056080362
2007-08-08,0,0.4718746610326223
2007-08-09,0,0.486117681763931
2007-08-10,1,0.4788119544253959
2007-08-13,0,0.4964345446424902
2007-08-14,0,0.5013331694532961
2007-08-15,0,0.5187946702945623
2007-08-16,1,0.5204208251660476
2007-08-17,1,0.493229852862442
2007-08-20,1,0.505381910808054
2007-08-21,1,0.4958854739339071
2007-08-22,0,0.48358618367201694
2007-08-23,1,0.4754685605742003
2007-08-24,0,0.4742467955624564
2007-08-27,0,0.48768729959491863
2007-08-28,1,0.5029641698060644
2007-08-29,1,0.4840114938237049
2007-08-30,1,0.47265763181921067
2007-08-31,1,0.48272593432966376
2007-09-04,0,0.4717069561639284
2007-09-05,0,0.4745147717507509
2007-09-06,0,0.5014777484264455
2007-09-07,0,0.5135771243549758
2007-09-10,1,0.5280232004497124
2007-09-11,1,0.5246311383587723
2007-09-12,1,0.5073284095901457
2007-09-13,1,0.5108033021768943
2007-09-14,0,0.4952550817747913
2007-09-17,1,0.5069314992576702
2007-09-18,1,0.5029242060298824
2007-09-19,0,0.4807595488744297
2007-09-20,1,0.49076167425806905
2007-09-21,1,0.48499705839984675
2007-09-24,1,0.47246774042503425
2007-09-25,1,0.48519685327232076
2007-09-26,1,0.48047588639813876
2007-09-27,0,0.4824176163451515
2007-09-28,1,0.48879015056361724
2007-10-01,1,0.4737445126358186
2007-10-02,0,0.4962765799395357
2007-10-03,1,0.49807973794428706
2007-10-04,1,0.5042108949513432
2007-10-05,1,0.47701638250937917
2007-10-08,1,0.4928287401936452
2007-10-09,1,0.4824670611892671
2007-10-10,0,0.4796115207055213
2007-10-11,1,0.4779408201235583
2007-10-12,0,0.49040028281208115
2007-10-15,0,0.5022338011252462
2007-10-16,1,0.49861794898955325
2007-10-17,1,0.4880156634394274
2007-10-18,0,0.47955664408882664
2007-10-19,1,0.5072679787589127
2007-10-22,1,0.5010826629961422
2007-10-23,0,0.48747195128884185
2007-10-24,0,0.488978774135956
2007-10-25,1,0.5025698100327899
2007-10-26,1,0.49128214290537797
2007-10-29,1,0.4925910898783242
2007-10-30,1,0.4978508177751318
2007-10-31,0,0.4850452253355739
2007-11-01,1,0.4927529750284915
2007-11-02,0,0.4836532948224611
2007-11-05,1,0.5014973217984813
2007-11-06,0,0.5049572185160228
2007-11-07,0,0.5226925417012579
2007-11-08,0,0.5165769304435178
2007-11-09,0,0.5540644409507062
2007-11-12,1,0.5649833087016607
2007-11-13,0,0.541053004977584
2007-11-14,0,0.5330984944282966
2007-11-15,1,0.513657956126733
2007-11-16,0,0.4883587941077276
2007-11-19,1,0.48238443605657244
2007-11-20,0,0.49737037952990115
2007-11-21,1,0.4959892214784675
2007-11-23,0,0.4855057042627545
2007-11-26,1,0.4807630283049653
2007-11-27,1,0.45218541544852514
2007-11-28,1,0.45264754261589324
2007-11-29,0,0.449318357222211
2007-11-30,0,0.46547592265023646
2007-12-03,0,0.47996888426243606
2007-12-04,1,0.4951596422361926
2007-12-05,1,0.5051208478472535
2007-12-06,1,0.4986373315198949
2007-12-07,1,0.5014475872911369
2007-12-10,0,0.487400250568629
2007-12-11,1,0.5014690698557434
2007-12-12,0,0.5147402185551553
2007-12-13,0,0.5256640979116193
2007-12-14,0,0.5307752419124275
2007-12-17,1,0.544928539446381
2007-12-18,0,0.529918789990734
2007-12-19,1,0.5349548349849897
2007-12-20,1,0.5065080379804925
2007-12-21,1,0.49243757212157924
2007-12-24,1,0.48031579780497957
2007-12-26,0,0.4661171609416144
2007-12-27,0,0.4791620597966602
2007-12-28,0,0.4905981779867921
2007-12-31,0,0.5057188759190824
2008-01-02,1,0.4997856106829517
2008-01-03,0,0.5039342906176771
2008-01-04,0,0.5179839298527119
2008-01-07,0,0.5271962072577482
2008-01-08,1,0.5405516043844214
2008-01-09,1,0.5229977706839731
2008-01-10,0,0.5204659115826756
2008-01-11,1,0.5092186918200071
2008-01-14,0,0.4987751738046675
2008-01-15,0,0.4915804494443583
2008-01-16,0,0.49870184157085035
2008-01-17,0,0.5062674505733324
2008-01-18,0,0.47591797082350784
2008-01-22,0,0.4918820309002871
2008-01-23,1,0.46942645341243666
2008-01-24,0,0.46989717773689105
2008-01-25,1,0.48296075214553175
2008-01-28,1,0.48023449070213825
2008-01-29,0,0.4817280843453598
2008-01-30,1,0.4714022297413194
2008-01-31,1,0.4703239952337462
2008-02-01,0,0.4642369866181683
2008-02-04,0,0.4841343133941367
2008-02-05,0,0.4920278055304015
2008-02-06,1,0.5040693215842771
2008-02-07,1,0.5069045825561014
2008-02-08,1,0.506210238154403
2008-02-11,0,0.4992069306879815
2008-02-12,1,0.49204261164787666
2008-02-13,0,0.470289167591552
2008-02-14,0,0.4929168230893403
2008-02-15,0,0.5129952061575268
2008-02-19,1,0.5147990432876715
2008-02-20,0,0.493273490738266
2008-02-21,1,0.5013980060744261
2008-02-22,1,0.4892073877595144
2008-02-25,1,0.48936813350385777
2008-02-26,1,0.48618304366713966
2008-02-27,0,0.4859479347192543
2008-02-28,0,0.4927466816959214
2008-02-29,0,0.503120554735383
2008-03-03,1,0.5199516229840538
2008-03-04,1,0.5103129556020718
2008-03-05,0,0.5063640379281026
2008-03-06,0,0.5160334704811324
2008-03-07,0,0.4879988186251045
2008-03-10,1,0.5119109490772472
2008-03-11,0,0.4829015142108824
2008-03-12,1,0.49295986923626633
2008-03-13,0,0.471587285672055
2008-03-14,0,0.46641156368876346
2008-03-17,1,0.48282667421886827
2008-03-18,0,0.4742429423355981
2008-03-19,1,0.4917466729882066
2008-03-20,1,0.4885583125508357
2008-03-24,1,0.45900804497326925
2008-03-25,0,0.44319178099333306
2008-03-26,0,0.4856972673380656
2008-03-27,0,0.4950621423265237
2008-03-28,1,0.5205184232641339
2008-03-31,1,0.524687842232892
2008-04-01,0,0.4889319814591047
2008-04-02,1,0.5046158860488712
2008-04-03,1,0.4855732429668573
2008-04-04,0,0.48615876751141934
2008-04-07,0,0.5061946161055961
2008-04-08,0,0.5321734963585454
2008-04-09,1,0.5349224312734031
2008-04-10,0,0.5167944904697124
2008-04-11,0,0.535001730751545
2008-04-14,1,0.539077653264255
2008-04-15,1,0.5340421836717447
2008-04-16,0,0.5012523041901822
2008-04-17,1,0.5037378338467036
2008-04-18,1,0.4681298271737384
2008-04-21,0,0.4768716083355131
2008-04-22,1,0.4835735189879936
2008-04-23,1,0.4804977600444995
2008-04-24,0,0.4678125449947538
2008-04-25,1,0.4852492823377778
2008-04-28,1,0.49665142103636223
2008-04-29,0,0.4791254169944095
2008-04-30,1,0.4927012290590089
2008-05-01,1,0.4749798418369452
2008-05-02,0,0.4892516026398294
2008-05-05,1,0.5101297061922542
2008-05-06,0,0.4909635291392875
2008-05-07,1,0.506554697063666
2008-05-08,0,0.522477394457726
2008-05-09,1,0.5257115441370946
2008-05-12,1,0.5086393569723775
2008-05-13,0,0.5065454500017437
2008-05-14,1,0.4814978777622359
2008-05-15,1,0.4795578771925166
2008-05-16,0,0.478564261982444
2008-05-19,0,0.4957994521200155
2008-05-20,0,0.5058308123806532
2008-05-21,1,0.5063753438144645
2008-05-22,0,0.5191880131618604
2008-05-23,1,0.5208851657307512
2008-05-27,1,0.5105518054672401
2008-05-28,1,0.498725129502007
2008-05-29,1,0.47376869874264577
2008-05-30,0,0.486185715871678
2008-06-02,0,0.48798788337818005
2008-06-03,1,0.49604030814583694
2008-06-04,1,0.48585606538065124
2008-06-05,0,0.47636610149563435
2008-06-06,0,0.495369606801124
2008-06-09,0,0.49080728809634977
2008-06-10,0,0.5041077838616739
2008-06-11,1,0.5268972648362532
2008-06-12,1,0.5320528806174969
2008-06-13,1,0.5080931642946137
2008-06-16,0,0.49916754392795515
2008-06-17,0,0.5013501316268039
2008-06-18,1,0.4953305315977629
2008-06-19,0,0.48072095607426135
2008-06-20,0,0.5015297896402485
2008-06-23,0,0.5188634323241503
2008-06-24,1,0.5083490616537808
2008-06-25,0,0.4811895089193846
2008-06-26,0,0.5143815243243857
2008-06-27,0,0.5125343132459808
2008-06-30,1,0.5257663000884327
2008-07-01,0,0.49063062322897116
2008-07-02,0,0.516971038626424
2008-07-03,1,0.5211038428650112
2008-07-07,1,0.4952128789294443
2008-07-08,0,0.46749044515727706
2008-07-09,1,0.49690913041118057
2008-07-10,0,0.4746055759398798
2008-07-11,0,0.46512607313225407
2008-07-14,1,0.4874071523514048
2008-07-15,1,0.4850647792484161
2008-07-16,1,0.47718938358651064
2008-07-17,0,0.4698427230444589
2008-07-18,1,0.48865488156717624
2008-07-21,0,0.49247780793863644
2008-07-22,1,0.5006280682922517
2008-07-23,0,0.4933521178389572
2008-07-24,1,0.5087179459162315
2008-07-25,0,0.4910614498064876
2008-07-28,1,0.49735561934575345
2008-07-29,1,0.4907483690988577
2008-07-30,0,0.5047721647740833
2008-07-31,0,0.5047480051427112
2008-08-01,0,0.5057146916665396
2008-08-04,1,0.5017277799087357
2008-08-05,1,0.4968458331878622
2008-08-06,0,0.4907122472743471
2008-08-07,1,0.49236625431973857
2008-08-08,1,0.48516053639235734
2008-08-11,1,0.4735112004505811
2008-08-12,0,0.4909885693527365
2008-08-13,1,0.5090757363070391
2008-08-14,0,0.505646778491609
2008-08-15,0,0.50311923021452
2008-08-18,0,0.5138373651905155
2008-08-19,1,0.5361225090053569
2008-08-20,0,0.5425632338058821
2008-08-21,1,0.5332115949243061
2008-08-22,0,0.5316051133439484
2008-08-25,0,0.5362607989367977
2008-08-26,1,0.5287097698683592
2008-08-27,1,0.5215955467935833
2008-08-28,0,0.517399205459162
2008-08-29,0,0.5227842076625264
2008-09-02,0,0.5155786735037375
2008-09-03,0,0.5084802468609267
2008-09-04,0,0.5242724908967255
2008-09-05,0,0.5208926893253844
2008-09-08,0,0.5168241833212769
2008-09-09,1,0.5008021381409574
2008-09-10,1,0.48787332751417456
2008-09-11,0,0.47341994726981257
2008-09-12,0,0.4739686411683977
2008-09-15,1,0.49476380789904917
2008-09-16,0,0.47572242109484875
2008-09-17,1,0.4905500447133779
2008-09-18,1,0.4754097998081925
2008-09-19,0,0.4487001953819657
2008-09-22,0,0.4568064143045823
2008-09-23,1,0.46349223483472024
2008-09-24,1,0.4503618904450175
2008-09-25,0,0.4632085631610798
2008-09-26,0,0.48237477202865126
2008-09-29,1,0.5035202199714895
2008-09-30,0,0.4949534845475186
2008-10-01,0,0.47713598217389713
2008-10-02,0,0.5138671986655527
2008-10-03,0,0.5323473022096615
2008-10-06,0,0.5046402491105186
2008-10-07,0,0.5231946029134786
2008-10-08,0,0.5182693934944027
2008-10-09,0,0.5078855823893421
2008-10-10,1,0.4952150099825268
2008-10-13,0,0.38648952276043724
2008-10-14,0,0.39096713677639033
2008-10-15,1,0.42276500069443723
2008-10-16,1,0.39216298799945404
2008-10-17,1,0.38216745385026457
2008-10-20,0,0.3923099975455741
2008-10-21,0,0.3911874557384843
2008-10-22,0,0.3972305611282124
2008-10-23,0,0.4244625078973457
2008-10-24,0,0.4508972723259847
2008-10-27,1,0.5319577358941535
2008-10-28,0,0.45313760752824583
2008-10-29,1,0.4233458006680835
2008-10-30,1,0.4383044559233811
2008-10-31,0,0.4410615264443023
2008-11-03,1,0.4564246753336094
2008-11-04,0,0.4597333151366572
2008-11-05,0,0.4798106624860715
2008-11-06,1,0.517303579321386
2008-11-07,0,0.48771392763367133
2008-11-10,0,0.4877074244828582
2008-11-11,0,0.5652377506041126
2008-11-12,1,0.5608351117889969
2008-11-13,0,0.5275403779784523
2008-11-14,0,0.542657796297631
2008-11-17,0,0.5495978065243462
2008-11-18,0,0.5483097529037272
2008-11-19,0,0.5247521608164376
2008-11-20,1,0.5373704228668439
2008-11-21,1,0.48280057894843564
2008-11-24,0,0.40859281809980175
2008-11-25,1,0.3950891302463015
2008-11-26,0,0.35380153104219375
2008-11-28,0,0.37512209460420715
2008-12-01,1,0.42616260612525597
2008-12-02,1,0.4407437675136889
2008-12-03,0,0.44195922786080627
2008-12-04,1,0.4580913138880085
2008-12-05,1,0.4315931583388019
2008-12-08,0,0.41445124338839406
2008-12-09,0,0.4615582803364493
2008-12-10,0,0.483203173669141
2008-12-11,1,0.514385125707316
2008-12-12,0,0.5243213173623402
2008-12-15,1,0.5230814161037032
2008-12-16,0,0.5131523814839437
2008-12-17,0,0.5268718712948286
2008-12-18,1,0.5151302334818766
2008-12-19,0,0.5203639802375707
2008-12-22,0,0.5313832399600199
2008-12-23,1,0.5416879452817112
2008-12-24,0,0.5272363173005711
2008-12-26,0,0.5123969614545066
2008-12-29,1,0.526300964591079
2008-12-30,1,0.4919500144919386
2008-12-31,1,0.5025415294777114
2009-01-02,0,0.4737202640081051
2009-01-05,1,0.46141550027040273
2009-01-06,0,0.4662619416080034
2009-01-07,1,0.48377973707319183
2009-01-08,0,0.48951225658080805
2009-01-09,0,0.51275020244652
2009-01-12,1,0.5192144276696062
2009-01-13,0,0.5253711763309882
2009-01-14,1,0.526782926794364
2009-01-15,1,0.5306569252013433
2009-01-16,0,0.5336185450154507
2009-01-20,1,0.5385942289178608
2009-01-21,0,0.521234290465555
2009-01-22,1,0.4996960358210984
2009-01-23,1,0.4988839653988527
2009-01-26,1,0.4822077019361061
2009-01-27,1,0.4514012367578128
2009-01-28,0,0.44629333717110353
2009-01-29,0,0.4403014712173135
2009-01-30,1,0.46270428140356973
2009-02-02,1,0.47081337622812713
2009-02-03,1,0.45736336354590545
2009-02-04,1,0.5027990880229306
2009-02-05,1,0.4926694696842857
2009-02-06,1,0.4783583085603067
2009-02-09,0,0.48188083647709506
2009-02-10,0,0.5236254317849712
2009-02-11,1,0.5422574383840041
2009-02-12,0,0.5333899249578266
2009-02-13,0,0.5276826053012759
2009-02-17,1,0.5490764647980112
2009-02-18,0,0.5363678438789216
2009-02-19,1,0.5318217353838044
2009-02-20,0,0.5394412125055268
2009-02-23,1,0.5481624528787382
2009-02-24,0,0.5155728574983491
2009-02-25,0,0.4971505970249223
2009-02-26,0,0.49933724744577523
2009-02-27,0,0.5038952395992329
2009-03-02,0,0.4924566401075593
2009-03-03,1,0.4756890041831609
2009-03-04,0,0.45600746572671236
2009-03-05,0,0.4511113447207265
2009-03-06,0,0.4590204733069887
2009-03-09,1,0.44676778306871645
2009-03-10,1,0.44158893439484326
2009-03-11,1,0.4398718430300427
2009-03-12,1,0.42016580662557085
2009-03-13,0,0.42369673734188434
2009-03-16,1,0.43839152612306215
2009-03-17,1,0.4452850172318321
2009-03-18,0,0.47005376340289523
2009-03-19,0,0.47086903112610035
2009-03-20,1,0.4898142942326874
2009-03-23,0,0.4588120103101322
2009-03-24,1,0.5001331461479763
2009-03-25,1,0.5314179939149648
2009-03-26,0,0.5303225601806892
2009-03-27,0,0.5320935249079133
2009-03-30,1,0.5547489803026142
2009-03-31,1,0.5546039727688511
2009-04-01,1,0.5446074993283035
2009-04-02,1,0.5362103495225566
2009-04-03,0,0.49371587837164954
2009-04-06,0,0.5100818612106308
2009-04-07,1,0.5123533945966678
2009-04-08,1,0.5051829441867282
2009-04-09,0,0.5079534434903316
2009-04-13,0,0.5040266608543957
2009-04-14,0,0.5003346262756542
2009-04-15,1,0.4991523770817588
2009-04-16,1,0.5030210383226551
2009-04-17,0,0.5151574467266753
2009-04-20,1,0.529095561626949
2009-04-21,1,0.5252889538386444
2009-04-22,1,0.5127457284656709
2009-04-23,1,0.5219953072940102
2009-04-24,1,0.5219805359543201
2009-04-27,0,0.5070927752396671
2009-04-28,1,0.5042286858763795
2009-04-29,1,0.5000711792189272
2009-04-30,1,0.5062412818427348
2009-05-01,1,0.5045203125316785
2009-05-04,0,0.4970460152791996
2009-05-05,1,0.5024544907281634
2009-05-06,0,0.5193299825221886
2009-05-07,1,0.5331046774248888
2009-05-08,1,0.5402410376578919
2009-05-11,0,0.53839323785491
2009-05-12,0,0.5354572552280776
2009-05-13,1,0.5475633635695523
2009-05-14,0,0.5339933469668314
2009-05-15,1,0.526302341367035
2009-05-18,1,0.5147633906597889
2009-05-19,0,0.5038001978686423
2009-05-20,0,0.4950713543397757
2009-05-21,0,0.49514618428181506
2009-05-22,1,0.49026395063277106
2009-05-26,0,0.48834188594196465
2009-05-27,1,0.47993978325884884
2009-05-28,1,0.4704510451850314
2009-05-29,1,0.4676156032116455
2009-06-01,1,0.4590939725166333
2009-06-02,0,0.4881038465386686
2009-06-03,1,0.4959755058211483
2009-06-04,1,0.5032172630403698
2009-06-05,0,0.510364138893953
2009-06-08,1,0.517953963863213
2009-06-09,0,0.5406809117369075
2009-06-10,0,0.5436225234769403
2009-06-11,0,0.5517785884998898
2009-06-12,0,0.5462997122743652
2009-06-15,0,0.5582382307634375
2009-06-16,1,0.5600966493401384
2009-06-17,0,0.5568338098317848
2009-06-18,1,0.5486623830564877
2009-06-19,0,0.5340017239427218
2009-06-22,0,0.5244566025228373
2009-06-23,1,0.5168837967822391
2009-06-24,1,0.5000948325667968
2009-06-25,1,0.48630603642248643
2009-06-26,1,0.4777069685673588
2009-06-29,0,0.4674250801235881
2009-06-30,1,0.4690798046533342
2009-07-01,0,0.4788610433041305
2009-07-02,0,0.4968764666919769
2009-07-06,0,0.5070716852717071
2009-07-07,1,0.5143675758056199
2009-07-08,1,0.5132983359570945
2009-07-09,1,0.5084208372875966
2009-07-10,1,0.5125324495776127
2009-07-13,1,0.5087997366389504
2009-07-14,1,0.49691624314977073
2009-07-15,1,0.4906844734378931
2009-07-16,1,0.4845684406693379
2009-07-17,1,0.4762479767551288
2009-07-20,1,0.48118284085721713
2009-07-21,1,0.48399387672457805
2009-07-22,1,0.4920707098291814
2009-07-23,0,0.4959802511488198
2009-07-24,1,0.5005789659710136
2009-07-27,0,0.5144377204820088
2009-07-28,1,0.5281447413521814
2009-07-29,1,0.5517670582901539
2009-07-30,0,0.5558217406006833
2009-07-31,1,0.5547900346090702
2009-08-03,0,0.5575393549986113
2009-08-04,0,0.5494980943775506
2009-08-05,0,0.553457622700368
2009-08-06,1,0.5597651891161153
2009-08-07,0,0.5406605040109863
2009-08-10,0,0.5364584035921908
2009-08-11,1,0.5296586326549669
2009-08-12,1,0.5303363941498609
2009-08-13,0,0.5140183723177815
2009-08-14,0,0.5175988642223309
2009-08-17,1,0.5275645975094048
2009-08-18,1,0.5086732157930663
2009-08-19,1,0.5023809050518074
2009-08-20,1,0.4941472096726608
2009-08-21,0,0.49706967689845577
2009-08-24,1,0.4868645418853168
2009-08-25,0,0.4854928210780719
2009-08-26,1,0.4977646212027296
2009-08-27,1,0.5111348557743297
2009-08-28,0,0.5106661073114299
2009-08-31,0,0.504837745177829
2009-09-01,0,0.5301546011169251
2009-09-02,1,0.5208456944113621
2009-09-03,1,0.5190674270745353
2009-09-04,1,0.5152085053363663
2009-09-08,1,0.505839390797243
2009-09-09,1,0.5027118230537067
2009-09-10,1,0.5011938129622672
2009-09-11,1,0.5070290138679118
2009-09-14,1,0.5149156239498762
2009-09-15,1,0.5122169786584194
2009-09-16,0,0.506003901665994
2009-09-17,1,0.5099919574227694
2009-09-18,1,0.5128007826735501
2009-09-21,1,0.5241550548302338
2009-09-22,0,0.5322019408276524
2009-09-23,0,0.5529268245793171
2009-09-24,0,0.55176098998412
2009-09-25,1,0.5526867365434232
2009-09-28,0,0.5431596670912703
2009-09-29,1,0.5435127642698175
2009-09-30,0,0.5536531224883455
2009-10-01,0,0.539890456758999
2009-10-02,1,0.5327528317751391
2009-10-05,1,0.5212098312361015
2009-10-06,1,0.511656687918878
2009-10-07,1,0.49958300652475185
2009-10-08,1,0.4884964361212075
2009-10-09,1,0.4766631027801569
2009-10-12,1,0.4860652684164882
2009-10-13,1,0.49386507482434694
2009-10-14,0,0.4971378937349989
2009-10-15,0,0.4951880928545457
2009-10-16,1,0.5040893508610688
2009-10-19,1,0.5060067538714805
2009-10-20,0,0.5181560461383464
2009-10-21,1,0.5296094916056597
2009-10-22,0,0.5282806549191491
2009-10-23,0,0.5324180423206856
2009-10-26,0,0.5364919767638614
2009-10-27,0,0.5388612793006428
2009-10-28,1,0.5524796539597308
2009-10-29,0,0.5321557376300474
2009-10-30,1,0.536214625885307
2009-11-02,1,0.5287040099778914
2009-11-03,1,0.5092447865319422
2009-11-04,1,0.49753837429650893
2009-11-05,1,0.49537584967859133
2009-11-06,1,0.47548044213311086
2009-11-09,1,0.46913867187283026
2009-11-10,1,0.4612062164539532
2009-11-11,0,0.46227297840005543
2009-11-12,1,0.4845544582252292
2009-11-13,1,0.4833231777260571
2009-11-16,1,0.4927308980873959
2009-11-17,0,0.49892842512971974
2009-11-18,0,0.5115392434341203
2009-11-19,0,0.5319055743718192
2009-11-20,1,0.5360814292522004
2009-11-23,0,0.547009944620012
2009-11-24,1,0.5426652617235144
2009-11-25,0,0.5362017726594289
2009-11-27,1,0.5336006207504147
2009-11-30,1,0.5330244962686282
2009-12-01,1,0.5299783899138548
2009-12-02,0,0.52197379498387
2009-12-03,1,0.5139550283597243
2009-12-04,0,0.5113043958920896
2009-12-07,0,0.49559118462418683
2009-12-08,1,0.511419596957282
2009-12-09,1,0.5061261979404046
2009-12-10,0,0.5046062682380973
2009-12-11,1,0.5005769330188946
2009-12-14,0,0.49600502129179913
2009-12-15,1,0.5043852196341677
2009-12-16,0,0.5120902986585852
2009-12-17,1,0.5206891047673133
2009-12-18,1,0.5193651615254619
2009-12-21,1,0.5105143374808014
2009-12-22,1,0.5002100997992465
2009-12-23,1,0.5087298606845316
2009-12-24,1,0.4982653528338969
2009-12-28,0,0.5040800235659335
2009-12-29,1,0.5107901695464234
2009-12-30,0,0.5183328040778545
2009-12-31,1,0.5218964477053838
2010-01-04,0,0.5198653862051072
2010-01-05,0,0.5274685057199369
2010-01-06,1,0.5381627209016357
2010-01-07,1,0.5365446147440681
2010-01-08,0,0.535235849716168
2010-01-11,0,0.5438937533828451
2010-01-12,1,0.5421221752595176
2010-01-13,1,0.5352984603563508
2010-01-14,0,0.5271689081359926
2010-01-15,1,0.5320877326880327
2010-01-19,0,0.5209288160877302
2010-01-20,0,0.5220026326969107
2010-01-21,0,0.5270421781073543
2010-01-22,1,0.5279423224729374
2010-01-25,1,0.5232439491790641
2010-01-26,1,0.5185470133402797
2010-01-27,0,0.5055938856346432
2010-01-28,0,0.5159399283437683
2010-01-29,1,0.5125406964894152
2010-02-01,1,0.4945722158002114
2010-02-02,1,0.492306439902104
2010-02-03,0,0.4835079078072673
2010-02-04,1,0.4861656814217581
2010-02-05,0,0.4763218166126734
2010-02-08,1,0.47255257219698105
2010-02-09,0,0.47602004306800844
2010-02-10,1,0.4786388161694829
2010-02-11,1,0.46174324380661835
2010-02-12,1,0.46200632570742883
2010-02-16,1,0.4653235003651879
2010-02-17,1,0.4779289403061089
2010-02-18,0,0.48475530763040686
2010-02-19,0,0.4922219273676228
2010-02-22,0,0.5001710733518309
2010-02-23,1,0.5102770357496331
2010-02-24,0,0.5165197875683024
2010-02-25,1,0.5213418627489286
2010-02-26,1,0.5243397645042224
2010-03-01,1,0.5174949643841528
2010-03-02,1,0.5170663656258475
2010-03-03,1,0.5224189555011213
2010-03-04,1,0.5252149725684246
2010-03-05,1,0.5188771185773027
2010-03-08,1,0.5166417985663072
2010-03-09,1,0.521482320889742
2010-03-10,1,0.5241982459743323
2010-03-11,1,0.5134518814000226
2010-03-12,0,0.5193644650522533
2010-03-15,1,0.5262115262292208
2010-03-16,1,0.5325539099392212
2010-03-17,1,0.5353708995721388
2010-03-18,0,0.5384413277236348
2010-03-19,1,0.5466906116891771
2010-03-22,1,0.539486496599826
2010-03-23,0,0.5333743315189746
2010-03-24,0,0.5357851780557065
2010-03-25,1,0.540557341703457
2010-03-26,1,0.5359205487484616
2010-03-29,1,0.5279501426022537
2010-03-30,0,0.5272487322571509
2010-03-31,0,0.5265538547157258
2010-04-01,1,0.5323201730168443
2010-04-05,1,0.5187734543406426
2010-04-06,0,0.5210347978204457
2010-04-07,1,0.5309810997812915
2010-04-08,1,0.5266303103478229
2010-04-09,1,0.5201492950854345
2010-04-12,1,0.5206483315870486
2010-04-13,1,0.527212300373789
2010-04-14,1,0.526681994494292
2010-04-15,0,0.5263992858394015
2010-04-16,0,0.5362162864581451
2010-04-19,1,0.5354011674368191
2010-04-20,1,0.5309590303988433
2010-04-21,1,0.533207643539772
2010-04-22,1,0.5396208230824805
2010-04-23,0,0.530608578080248
2010-04-26,0,0.5282656546178058
2010-04-27,1,0.5355347220583221
2010-04-28,1,0.5450088274065547
2010-04-29,0,0.531578477104776
2010-04-30,1,0.5289489492486203
2010-05-03,0,0.5176193740242839
2010-05-04,0,0.5251309093020143
2010-05-05,0,0.5260338745361208
2010-05-06,0,0.5473076174907686
2010-05-07,1,0.546944652337671
2010-05-10,0,0.5088344136508803
2010-05-11,1,0.478542788580049
2010-05-12,0,0.4666241709431182
2010-05-13,0,0.471104406437122
2010-05-14,1,0.4699147647507135
2010-05-17,0,0.48760417834871994
2010-05-18,0,0.48340206188028767
2010-05-19,0,0.49170828041455533
2010-05-20,1,0.4941255620545444
2010-05-21,0,0.47889173423858067
2010-05-24,1,0.49989346468190227
2010-05-25,0,0.4953818497127825
2010-05-26,1,0.5045959656775082
2010-05-27,0,0.4718083721059153
2010-05-28,0,0.4698517804878939
2010-06-01,1,0.48028736166848834
2010-06-02,1,0.4690050018676015
2010-06-03,0,0.4611766487376587
2010-06-04,0,0.475110410677713
2010-06-07,0,0.48364221188867357
2010-06-08,0,0.48915043125690433
2010-06-09,1,0.4965690237978805
2010-06-10,1,0.4841039740946238
2010-06-11,0,0.4884942194883021
2010-06-14,1,0.4839738220745991
2010-06-15,1,0.47403055958142254
2010-06-16,1,0.48299922757312796
2010-06-17,0,0.4989531902311828
2010-06-18,0,0.49321474448208374
2010-06-21,0,0.4962137119367988
2010-06-22,0,0.5070227930216078
2010-06-23,0,0.5068979996839147
2010-06-24,0,0.5275731130940442
2010-06-25,0,0.5275192131848375
2010-06-28,0,0.5204141160413133
2010-06-29,0,0.5541341267023213
2010-06-30,0,0.5546361002394182
2010-07-01,0,0.5574703725827089
2010-07-02,1,0.5336009818875621
2010-07-06,1,0.5164232496001965
2010-07-07,1,0.4755659796579966
2010-07-08,1,0.4568460646651396
2010-07-09,1,0.4409739273110267
2010-07-12,1,0.4420475680582133
2010-07-13,1,0.4452467165996679
2010-07-14,1,0.4490437165810719
2010-07-15,0,0.45778969569217354
2010-07-16,1,0.47666767605181876
2010-07-19,1,0.4833195241233868
2010-07-20,0,0.49071079232626835
2010-07-21,1,0.5157263017937507
2010-07-22,1,0.5136279842188184
2010-07-23,1,0.5083173723036465
2010-07-26,0,0.5105342770114654
2010-07-27,0,0.5244115234742424
2010-07-28,0,0.5224286402251833
2010-07-29,1,0.5353935451292832
2010-07-30,1,0.5290169043380257
2010-08-02,0,0.5114834158698682
2010-08-03,1,0.5083265133330078
2010-08-04,0,0.4942353234391707
2010-08-05,0,0.5034579912727146
2010-08-06,1,0.5145653280821834
2010-08-09,0,0.5126967733596685
2010-08-10,0,0.5254999916449355
2010-08-11,0,0.5343090170645892
2010-08-12,0,0.5303599871384883
2010-08-13,1,0.5222104562856245
2010-08-16,1,0.5273384213524206
2010-08-17,1,0.5128741454997935
2010-08-18,0,0.5013858000951612
2010-08-19,1,0.5042249011185159
2010-08-20,0,0.4977873476163904
2010-08-23,0,0.5042095861650908
2010-08-24,1,0.5122948825187774
2010-08-25,0,0.5017526867901652
2010-08-26,1,0.4936802624063876
2010-08-27,0,0.4888286933951479
2010-08-30,0,0.47731321575014724
2010-08-31,1,0.4851638031578684
2010-09-01,1,0.48235023994419196
2010-09-02,1,0.4626382868735496
2010-09-03,0,0.47037198886740567
2010-09-07,1,0.4713727690306985
2010-09-08,1,0.47432477341801055
2010-09-09,1,0.4879888753619703
2010-09-10,1,0.49249723316392463
2010-09-13,1,0.4987982541770051
2010-09-14,1,0.5022584096376835
2010-09-15,1,0.5027434924772421
2010-09-16,1,0.5226025721612619
2010-09-17,1,0.5341578444759016
2010-09-20,0,0.5416964070288147
2010-09-21,0,0.5416006846142851
2010-09-22,0,0.5493746345761521
2010-09-23,1,0.5513385893863545
2010-09-24,0,0.537837617945378
2010-09-27,0,0.5358759817747275
2010-09-28,0,0.5498109327638808
2010-09-29,0,0.5402535360184519
2010-09-30,0,0.5461139415159043
2010-10-01,0,0.5398182951719981
2010-10-04,1,0.5426247325732594
2010-10-05,0,0.5335026687852855
2010-10-06,1,0.5227608034449036
2010-10-07,1,0.5168636777617611
2010-10-08,1,0.5216168326720916
2010-10-11,1,0.5066495275799656
2010-10-12,1,0.5194462632880893
2010-10-13,0,0.5086544693083643
2010-10-14,1,0.5076578503845465
2010-10-15,0,0.5083701417831569
2010-10-18,0,0.49972825500204476
2010-10-19,1,0.5241603458481008
2010-10-20,1,0.5189182921236918
2010-10-21,1,0.5203458329069159
2010-10-22,1,0.5219506540632145
2010-10-25,1,0.5214737872283169
2010-10-26,1,0.524551208820211
2010-10-27,1,0.5297810126344329
2010-10-28,0,0.5301926952582839
2010-10-29,1,0.5393674800573499
2010-11-01,1,0.540270109373836
2010-11-02,1,0.5318095158751198
2010-11-03,1,0.5457505843645671
2010-11-04,0,0.5321219688286932
2010-11-05,1,0.5322190331826246
2010-11-08,0,0.5275650288306624
2010-11-09,1,0.5349443598078562
2010-11-10,0,0.5394743229227607
2010-11-11,0,0.5406198931488231
2010-11-12,0,0.5416821413362054
2010-11-15,0,0.5354045087646296
2010-11-16,1,0.5439041054433166
2010-11-17,1,0.5385369333036435
2010-11-18,1,0.5299738395404924
2010-11-19,1,0.5158204313678636
2010-11-22,0,0.5128384341343342
2010-11-23,1,0.5067196307432394
2010-11-24,0,0.4982186036203487
2010-11-26,0,0.494127402054218
2010-11-29,0,0.5004770933773582
2010-11-30,1,0.5070941028792078
2010-12-01,1,0.48540928626932295
2010-12-02,1,0.48335482672230645
2010-12-03,0,0.488326563229698
2010-12-06,1,0.49453296295764904
2010-12-07,1,0.5030864303062444
2010-12-08,1,0.5057628659868058
2010-12-09,1,0.5229084305273134
2010-12-10,0,0.5223119535609619
2010-12-13,1,0.5244781157718247
2010-12-14,0,0.5250935496245555
2010-12-15,1,0.5357851145066393
2010-12-16,0,0.5342052781449754
2010-12-17,1,0.5304340935883788
2010-12-20,1,0.5308777912442664
2010-12-21,0,0.527916690481174
2010-12-22,0,0.5255574257632702
2010-12-23,1,0.5258492736590845
2010-12-27,0,0.5287760764949657
2010-12-28,1,0.5250848190767758
2010-12-29,0,0.5227884723108057
2010-12-30,0,0.5196448446972176
2010-12-31,1,0.5242960299730103
2011-01-03,0,0.5303350915218762
2011-01-04,1,0.517719505527127
2011-01-05,1,0.5190953348218168
2011-01-06,0,0.5182439683149354
2011-01-07,1,0.522604928367839
2011-01-10,1,0.5250040444924915
2011-01-11,1,0.5252731936895902
2011-01-12,1,0.5270924666043106
2011-01-13,1,0.5268673476324504
2011-01-14,1,0.5246121630473929
2011-01-18,0,0.5377440329609221
2011-01-19,0,0.5333897508284264
2011-01-20,0,0.5439472570788877
2011-01-21,1,0.5387561778405008
2011-01-24,1,0.5361985642825727
2011-01-25,1,0.5323140208791114
2011-01-26,1,0.5271362658891974
2011-01-27,0,0.5222400681122789
2011-01-28,1,0.5300527082938263
2011-01-31,1,0.524652229455562
2011-02-01,0,0.517648830168609
2011-02-02,1,0.5054390201674186
2011-02-03,1,0.5038638869724128
2011-02-04,1,0.4935081880683679
2011-02-07,1,0.499108073469243
2011-02-08,0,0.5022979940179839
2011-02-09,1,0.510224197057698
2011-02-10,1,0.5173105944598273
2011-02-11,1,0.5092256003881319
2011-02-14,0,0.5144870888297584
2011-02-15,1,0.5278844184085275
2011-02-16,0,0.529720270988381
2011-02-17,0,0.5280144218766695
2011-02-18,0,0.5323306647488337
2011-02-22,0,0.5406257070290871
2011-02-23,1,0.5465439922004066
2011-02-24,1,0.5428724845684002
2011-02-25,1,0.5277430957207022
2011-02-28,0,0.5211913035671688
2011-03-01,1,0.5197994678718106
2011-03-02,1,0.508754699686073
2011-03-03,0,0.5021291031695844
2011-03-04,0,0.5022176835731167
2011-03-07,1,0.5119541781432444
2011-03-08,0,0.4924502124900821
2011-03-09,0,0.4962856155403424
2011-03-10,1,0.5111015835786872
2011-03-11,0,0.5108665463132824
2011-03-14,0,0.5060301559330856
2011-03-15,0,0.5111130206581376
2011-03-16,1,0.5282977609384721
2011-03-17,0,0.5211787374677863
2011-03-18,1,0.5187687481783518
2011-03-21,0,0.49959322418364605
2011-03-22,1,0.4894425616759238
2011-03-23,1,0.4790098976788652
2011-03-24,1,0.4694266619948809
2011-03-25,0,0.47139338560509525
2011-03-28,1,0.4768059236945673
2011-03-29,1,0.47362906585424175
2011-03-30,1,0.4708852624237014
2011-03-31,1,0.48675232199483637
2011-04-01,0,0.4957312899263768
2011-04-04,0,0.5064983177266459
2011-04-05,1,0.5156444648335425
2011-04-06,0,0.5220265946222884
2011-04-07,0,0.5336558869971644
2011-04-08,0,0.534808461441844
2011-04-11,0,0.5336534373761816
2011-04-12,1,0.5377012615321063
2011-04-13,0,0.5317893621272546
2011-04-14,0,0.5270622383047245
2011-04-15,0,0.5264697884922023
2011-04-18,1,0.5212047832864433
2011-04-19,1,0.5027522037559474
2011-04-20,1,0.5042217831359064
2011-04-21,1,0.49062539307478936
2011-04-25,1,0.4842925239855262
2011-04-26,1,0.48985408770188876
2011-04-27,0,0.4931293650029406
2011-04-28,0,0.5038254204441935
2011-04-29,0,0.5098613944282419
2011-05-02,0,0.5160499407371594
2011-05-03,0,0.5150382860900251
2011-05-04,0,0.5270410498499412
2011-05-05,1,0.5449509353905722
2011-05-06,1,0.5477698948786964
2011-05-09,1,0.5354713368480227
2011-05-10,0,0.5311166333386564
2011-05-11,1,0.536273467298427
2011-05-12,0,0.5325753308028475
2011-05-13,0,0.5285637025481241
2011-05-16,1,0.5315533910502568
2011-05-17,1,0.5243383026733976
2011-05-18,1,0.5067625061466778
2011-05-19,0,0.5000588382500529
2011-05-20,0,0.5005746482534844
2011-05-23,0,0.49961884699251335
2011-05-24,1,0.5055806138300298
2011-05-25,1,0.5046593862982531
2011-05-26,1,0.5051902490446057
2011-05-27,1,0.4941937269532236
2011-05-31,0,0.4854253061195148
2011-06-01,1,0.4888015931284038
2011-06-02,0,0.4964098969421614
2011-06-03,0,0.505682269371326
2011-06-06,0,0.5064180098583864
2011-06-07,0,0.5048682254160338
2011-06-08,1,0.49917983040072256
2011-06-09,0,0.5006352966649668
2011-06-10,0,0.5078766070257126
2011-06-13,1,0.5016838869931869
2011-06-14,0,0.5029947743495611
2011-06-15,0,0.5062662638877085
2011-06-16,0,0.5122308786258355
2011-06-17,1,0.504317398887925
2011-06-20,1,0.48577915064623106
2011-06-21,0,0.4858848304886534
2011-06-22,1,0.46922648088117946
2011-06-23,0,0.48259370507531285
2011-06-24,1,0.47504324790881575
2011-06-27,1,0.4746469628219311
2011-06-28,1,0.48386665436394644
2011-06-29,1,0.4847063330469584
2011-06-30,1,0.4822177971930159
2011-07-01,1,0.47484502726226374
2011-07-05,1,0.4803943481676669
2011-07-06,1,0.5007688395713116
2011-07-07,0,0.5007382575842924
2011-07-08,0,0.5178289297129249
2011-07-11,0,0.519672911945371
2011-07-12,1,0.5429186558207729
2011-07-13,0,0.5487528588210407
2011-07-14,1,0.5561140083575417
2011-07-15,0,0.5443330883233579
2011-07-18,1,0.5379491094361092
2011-07-19,0,0.524554462553948
2011-07-20,1,0.5189057478166342
2011-07-21,1,0.5195049832962095
2011-07-22,0,0.5080533904395025
2011-07-25,1,0.4984515730770834
2011-07-26,0,0.49814338877882236
2011-07-27,1,0.513260531913239
2011-07-28,0,0.5063381425937827
2011-07-29,0,0.5185081241946989
2011-08-01,0,0.5172058468179707
2011-08-02,1,0.5366482879537645
2011-08-03,0,0.5267913895448276
2011-08-04,0,0.5467390664300769
2011-08-05,0,0.5580556936646204
2011-08-08,1,0.5687714084193296
2011-08-09,0,0.5297355946119501
2011-08-10,1,0.5218672227035644
2011-08-11,1,0.4755839898609229
2011-08-12,1,0.45103368677482414
2011-08-15,0,0.4195419606257901
2011-08-16,0,0.42847390890956444
2011-08-17,0,0.4283782119277957
2011-08-18,0,0.4551685552932441
2011-08-19,1,0.4723474551851572
2011-08-22,1,0.45846337011708227
2011-08-23,1,0.4612003563240525
2011-08-24,0,0.44243526959731727
2011-08-25,1,0.4644723409690243
2011-08-26,1,0.4606424848912102
2011-08-29,1,0.45589933369235114
2011-08-30,1,0.46802367156357394
2011-08-31,0,0.4802145288647126
2011-09-01,0,0.47452020527627076
2011-09-02,1,0.4939897088537225
2011-09-06,1,0.4997718344278965
2011-09-07,0,0.5058870716074755
2011-09-08,0,0.5048268501900705
2011-09-09,1,0.509804969298597
2011-09-12,1,0.5122770410404853
2011-09-13,1,0.5177509001840733
2011-09-14,1,0.5265922655893266
2011-09-15,1,0.5178069107061123
2011-09-16,1,0.5032750369196183
2011-09-19,0,0.49132387472628264
2011-09-20,0,0.49188934461851086
2011-09-21,0,0.5179298183791765
2011-09-22,1,0.5449938954986356
2011-09-23,1,0.5205100631320638
2011-09-26,1,0.5152134414834136
2011-09-27,0,0.5095608935546154
2011-09-28,0,0.5160409850984246
2011-09-29,0,0.5278071435342163
2011-09-30,0,0.5420221102506909
2011-10-03,1,0.5507814834911651
2011-10-04,1,0.5378909761229259
2011-10-05,1,0.5001244119625925
2011-10-06,0,0.4653173333328518
2011-10-07,1,0.4591477560919193
2011-10-10,1,0.4353548660678526
2011-10-11,1,0.4435047390750307
2011-10-12,1,0.4530205339338896
2011-10-13,1,0.4556850548811956
2011-10-14,0,0.44879336032884953
2011-10-17,1,0.4679839088431071
2011-10-18,0,0.4890406104188104
2011-10-19,0,0.5111905955089351
2011-10-20,1,0.5292232761383971
2011-10-21,1,0.523643941564456
2011-10-24,0,0.5244311600535939
2011-10-25,0,0.5407449816072181
2011-10-26,1,0.5471607933633842
2011-10-27,1,0.5322939731837748
2011-10-28,0,0.5237394414747507
2011-10-31,0,0.5262139231826101
2011-11-01,1,0.5402017146692166
2011-11-02,1,0.517541293694974
2011-11-03,0,0.5080535365828779
2011-11-04,1,0.5028376112136704
2011-11-07,1,0.5036319030745511
2011-11-08,0,0.4824800468790492
2011-11-09,0,0.49798506423275085
2011-11-10,1,0.5201322391181575
2011-11-11,0,0.5075713018079862
2011-11-14,1,0.5011860180105545
2011-11-15,0,0.4953380013346749
2011-11-16,0,0.496490642616452
2011-11-17,0,0.521919145653159
2011-11-18,0,0.519013622788114
2011-11-21,1,0.5261267546058666
2011-11-22,0,0.5285358384451496
2011-11-23,0,0.5145985739440925
2011-11-25,1,0.5058932907250661
2011-11-28,0,0.4971001968839655
2011-11-29,1,0.4855515019404442
2011-11-30,1,0.472359285116805
2011-12-01,0,0.4470292484929413
2011-12-02,1,0.4420192490466341
2011-12-05,0,0.4515983310096332
2011-12-06,0,0.45205802628772
2011-12-07,0,0.4759326518647094
2011-12-08,1,0.48423453102886777
2011-12-09,0,0.48107255082082045
2011-12-12,0,0.5082546189223369
2011-12-13,0,0.5196027104619418
2011-12-14,0,0.5501100175196039
2011-12-15,1,0.5514369429566575
2011-12-16,0,0.5521753249435788
2011-12-19,1,0.5484100140235725
2011-12-20,0,0.5326666846669531
2011-12-21,1,0.5228650041779748
2011-12-22,1,0.4954707120229828
2011-12-23,1,0.4857458711080016
2011-12-27,0,0.473843543753432
2011-12-28,1,0.483675309078244
2011-12-29,0,0.47324480243189504
2011-12-30,1,0.47703492140657866
2012-01-03,1,0.47932053876807024
2012-01-04,1,0.476431402815701
2012-01-05,1,0.49213734217755895
2012-01-06,0,0.49593494972000907
2012-01-09,1,0.5021291647150747
2012-01-10,1,0.5141041900220341
2012-01-11,1,0.5197718733645369
2012-01-12,0,0.5183107407270249
2012-01-13,1,0.5250214865887873
2012-01-17,1,0.5211565369573743
2012-01-18,1,0.5260052029000805
2012-01-19,0,0.5220957578364882
2012-01-20,1,0.5273873500948726
2012-01-23,0,0.5294295354179274
2012-01-24,1,0.5304552014597017
2012-01-25,0,0.5407619758144417
2012-01-26,1,0.5321552547158687
2012-01-27,1,0.534497473768553
2012-01-30,1,0.530278515269938
2012-01-31,1,0.5345460637045637
2012-02-01,1,0.5368208070091943
2012-02-02,1,0.5357806569072383
2012-02-03,0,0.5241320476985077
2012-02-06,1,0.5207752997417154
2012-02-07,1,0.5255432969449754
2012-02-08,1,0.5331778728184959
2012-02-09,0,0.5326459246382335
2012-02-10,1,0.5407250493178772
2012-02-13,1,0.5261807682705296
2012-02-14,0,0.5327971549047485
2012-02-15,1,0.5482635967175001
2012-02-16,0,0.5402348438299609
2012-02-17,1,0.5405931837736937
2012-02-21,0,0.5344077847058323
2012-02-22,1,0.5352603552107369
2012-02-23,1,0.5358914518446355
2012-02-24,1,0.5364263438548582
2012-02-27,1,0.5320576533726259
2012-02-28,0,0.5309924482805436
2012-02-29,1,0.5309397562222202
2012-03-01,0,0.5291288088702529
2012-03-02,0,0.5278740516581742
2012-03-05,0,0.5289534860416735
2012-03-06,1,0.5353697951563036
2012-03-07,1,0.5270691834121176
2012-03-08,1,0.5254700359667304
2012-03-09,1,0.5234468571907039
2012-03-12,1,0.5178212856633647
2012-03-13,1,0.5170174962397991
2012-03-14,1,0.5148743802629555
2012-03-15,0,0.5232370660233453
2012-03-16,1,0.5237080865641593
2012-03-19,1,0.5239078854353002
2012-03-20,1,0.5219354364342239
2012-03-21,0,0.5240353221327934
2012-03-22,0,0.5368745880881711
2012-03-23,1,0.534706063410534
2012-03-26,1,0.5271611186742
2012-03-27,0,0.5342217858189182
2012-03-28,0,0.5387983745328039
2012-03-29,0,0.545008938554991
2012-03-30,1,0.5385533590705182
2012-04-02,0,0.5407275760162145
2012-04-03,0,0.5394151801471923
2012-04-04,1,0.5367310790761893
2012-04-05,0,0.5275924320914208
2012-04-09,0,0.5206684256775418
2012-04-10,1,0.5433422066081339
2012-04-11,1,0.5391577132820374
2012-04-12,0,0.52431397864033
2012-04-13,0,0.5228995786987143
2012-04-16,1,0.5230999389013936
2012-04-17,0,0.5099292742868472
2012-04-18,0,0.5047953578192637
2012-04-19,0,0.5185462352328449
2012-04-20,0,0.5099036655363012
2012-04-23,0,0.5074810792584025
2012-04-24,1,0.5029345520893216
2012-04-25,1,0.4967783967754027
2012-04-26,1,0.48773815001162163
2012-04-27,0,0.4824545914457564
2012-04-30,1,0.4773662670384387
2012-05-01,1,0.4902012921859556
2012-05-02,0,0.5002527305780088
2012-05-03,0,0.5072928622139908
2012-05-04,1,0.5321955882463792
2012-05-07,0,0.516509751237375
2012-05-08,0,0.5177267599522626
2012-05-09,0,0.5326575275500279
2012-05-10,0,0.523756004796799
2012-05-11,0,0.5153778467822339
2012-05-14,0,0.5107449154855089
2012-05-15,0,0.5146345924608966
2012-05-16,0,0.5122961788718313
2012-05-17,0,0.5145320468776935
2012-05-18,1,0.5131925886655926
2012-05-21,0,0.49069400924209033
2012-05-22,1,0.4781968088751151
2012-05-23,0,0.47241861341109276
2012-05-24,0,0.4747433339421304
2012-05-25,1,0.4649506568870757
2012-05-29,0,0.4712209254599409
2012-05-30,0,0.47786419494145016
2012-05-31,0,0.48414036370053515
2012-06-01,1,0.49382727647411
2012-06-04,1,0.49136771869189483
2012-06-05,1,0.49839129525841364
2012-06-06,0,0.4896120081274045
2012-06-07,1,0.4840316629021602
2012-06-08,0,0.47519346550153685
2012-06-11,1,0.4887356812497919
2012-06-12,0,0.49463731518502846
2012-06-13,1,0.5021324168824156
2012-06-14,1,0.5048469282193255
2012-06-15,1,0.4881075472612815
2012-06-18,1,0.4771692376418002
2012-06-19,1,0.4809010542129643
2012-06-20,0,0.49594142398379054
2012-06-21,1,0.5038850092898243
2012-06-22,0,0.5076384430029753
2012-06-25,1,0.5119732578368633
2012-06-26,1,0.5206760647915035
2012-06-27,0,0.5159988695053263
2012-06-28,1,0.5170073939602021
2012-06-29,1,0.5026721691912454
2012-07-02,1,0.4886343469550053
2012-07-03,1,0.48419956808565795
2012-07-05,0,0.49522056988843943
2012-07-06,0,0.49247930012774443
2012-07-09,0,0.5085828575983277
2012-07-10,0,0.5106046709994946
2012-07-11,0,0.5167928592917266
2012-07-12,1,0.5257273222531232
2012-07-13,0,0.5010510653901709
2012-07-16,1,0.5121176542991621
2012-07-17,1,0.5147945189333754
2012-07-18,1,0.5123691834622547
2012-07-19,0,0.5093627193446157
2012-07-20,0,0.5067114698241296
2012-07-23,0,0.5156287245428618
2012-07-24,0,0.518098511263707
2012-07-25,1,0.5156350362913539
2012-07-26,1,0.5059965103887449
2012-07-27,0,0.4920598188129678
2012-07-30,0,0.4847838969075344
2012-07-31,0,0.4872148277101242
2012-08-01,0,0.49426421452822905
2012-08-02,1,0.5134728433242122
2012-08-03,1,0.5103148134532981
2012-08-06,1,0.4952745324241374
2012-08-07,0,0.4932921739394088
2012-08-08,1,0.48998584463676886
2012-08-09,1,0.4948148362122694
2012-08-10,1,0.5137162445084033
2012-08-13,1,0.5166736480360083
2012-08-14,1,0.52236626872056
2012-08-15,1,0.5255169819043238
2012-08-16,1,0.5264151833225995
2012-08-17,1,0.5297899435408525
2012-08-20,0,0.5347259363027667
2012-08-21,1,0.5431287544815772
2012-08-22,0,0.5414462389681043
2012-08-23,1,0.5354543662577652
2012-08-24,1,0.5403666744361093
2012-08-27,0,0.531429634312087
2012-08-28,0,0.5325091902467928
2012-08-29,0,0.5321466334950671
2012-08-30,1,0.5295484151817856
2012-08-31,0,0.5392232802217715
2012-09-04,0,0.5322373017805087
2012-09-05,1,0.5270724805135255
2012-09-06,0,0.5259751432991915
2012-09-07,0,0.5122804601324511
2012-09-10,0,0.512752787160992
2012-09-11,1,0.5170431570011904
2012-09-12,1,0.5214449234492029
2012-09-13,1,0.5222223691571406
2012-09-14,1,0.5113122488779
2012-09-17,1,0.5080807896254359
2012-09-18,1,0.5078743017842784
2012-09-19,0,0.5151349705209508
2012-09-20,0,0.5352887252521723
2012-09-21,0,0.5281721659406421
2012-09-24,0,0.5302450466517332
2012-09-25,0,0.5347367494780932
2012-09-26,1,0.5334373064101985
2012-09-27,0,0.5299583270953954
2012-09-28,0,0.5307698216422513
2012-10-01,1,0.5317393816940371
2012-10-02,1,0.5208508475861329
2012-10-03,1,0.5158307753886466
2012-10-04,0,0.5096643832242549
2012-10-05,0,0.5062449460851488
2012-10-08,0,0.5069317918796641
2012-10-09,0,0.5198213352463994
2012-10-10,0,0.5094367370342838
2012-10-11,0,0.5105965461792124
2012-10-12,1,0.502862418480562
2012-10-15,1,0.4967535401143946
2012-10-16,0,0.4933203763344885
2012-10-17,0,0.49427975828160703
2012-10-18,0,0.5092760462968711
2012-10-19,1,0.519260633857669
2012-10-22,0,0.5094769380080647
2012-10-23,0,0.511543747859046
2012-10-24,0,0.5045238307749216
2012-10-25,1,0.5013733849192956
2012-10-26,0,0.49135546444235734
2012-10-31,1,0.49133279041863603
2012-11-01,0,0.4993785205277317
2012-11-02,1,0.4931907717525719
2012-11-05,1,0.5009688461200588
2012-11-06,0,0.49576883753348566
2012-11-07,0,0.4836238236370742
2012-11-08,1,0.49298739658688034
2012-11-09,0,0.4904839592928283
2012-11-12,0,0.4950189659424103
2012-11-13,0,0.48903716389991986
2012-11-14,0,0.470304188869504
2012-11-15,1,0.4898792674639624
2012-11-16,1,0.4778424752509519
2012-11-19,1,0.4816547443941304
2012-11-20,1,0.48250211894600153
2012-11-21,1,0.4954421815995661
2012-11-23,1,0.48948283415509564
2012-11-26,0,0.48689144597840683
2012-11-27,1,0.4918998707434489
2012-11-28,1,0.48774361759310453
2012-11-29,0,0.4860412215686045
2012-11-30,0,0.49593918257886627
2012-12-03,0,0.5046404115646452
2012-12-04,0,0.5078256418415659
2012-12-05,1,0.5117262958453943
2012-12-06,0,0.5164995473011565
2012-12-07,1,0.5287024632227174
2012-12-10,1,0.526886280819044
2012-12-11,0,0.5182409377331526
2012-12-12,0,0.5168553657645076
2012-12-13,0,0.5167014067825519
2012-12-14,1,0.5176001182451706
2012-12-17,1,0.5075702671345655
2012-12-18,0,0.49215535703824576
2012-12-19,0,0.5045575686034037
2012-12-20,0,0.5035069835855982
2012-12-21,0,0.49677892685461966
2012-12-24,0,0.53171719118481
2012-12-26,0,0.5272123233393758
2012-12-27,0,0.5027813570111781
2012-12-28,1,0.5157777647841004
2012-12-31,1,0.4891937126536505
2013-01-02,0,0.47180374784935886
2013-01-03,0,0.49377046373039146
2013-01-04,1,0.5061376081399327
2013-01-07,0,0.5138469918134136
2013-01-08,1,0.5117300076256439
2013-01-09,1,0.5140548292860291
2013-01-10,1,0.5055685139954056
2013-01-11,0,0.5161083855329406
2013-01-14,0,0.5062651933745016
2013-01-15,1,0.5155485447715206
2013-01-16,1,0.5249353922947683
2013-01-17,0,0.5257773145410518
2013-01-18,1,0.5267370716437965
2013-01-22,1,0.5281049280690309
2013-01-23,0,0.5263730218366091
2013-01-24,1,0.5192652921869466
2013-01-25,1,0.5218382762871767
2013-01-28,1,0.5226351665396697
2013-01-29,0,0.5162734624773881
2013-01-30,0,0.5139978763434693
2013-01-31,1,0.5161817900377719
2013-02-01,0,0.4936422569216535
2013-02-04,1,0.49980736274705945
2013-02-05,0,0.5133981778048365
2013-02-06,1,0.5051370964682601
2013-02-07,1,0.5005988155214656
2013-02-08,1,0.5081765452876966
2013-02-11,0,0.5345908820880596
2013-02-12,1,0.529573987338279
2013-02-13,0,0.5271713821203783
2013-02-14,0,0.5256138333220773
2013-02-15,1,0.5287501305546353
2013-02-19,0,0.5258478936852939
2013-02-20,0,0.5156697216745886
2013-02-21,1,0.5112196137699134
2013-02-22,0,0.5270188206083358
2013-02-25,1,0.5131749967224944
2013-02-26,1,0.510482806824329
2013-02-27,0,0.5091878956091477
2013-02-28,1,0.5143967529256556
2013-03-01,1,0.5104827045319069
2013-03-04,1,0.5187246130696993
2013-03-05,0,0.5029782791853514
2013-03-06,1,0.5076728975502844
2013-03-07,1,0.5132864662736699
2013-03-08,1,0.5137367419427984
2013-03-11,0,0.5165823005797611
2013-03-12,0,0.5162556526450746
2013-03-13,1,0.5148549472802005
2013-03-14,0,0.5196852688459017
2013-03-15,0,0.5223418790150083
2013-03-18,0,0.5188100764119781
2013-03-19,1,0.5282611464768749
2013-03-20,0,0.5328231516042431
2013-03-21,1,0.5261585840953347
2013-03-22,0,0.5272352634725315
2013-03-25,1,0.5301548848864016
2013-03-26,1,0.5340920841278823
2013-03-27,1,0.5273500858959937
2013-03-28,0,0.5248202531838256
2013-04-01,1,0.514039020994952
2013-04-02,0,0.5113285153578634
2013-04-03,1,0.5003224318686764
2013-04-04,0,0.5088272429807834
2013-04-05,1,0.4834880226813153
2013-04-08,1,0.5274206848290002
2013-04-09,1,0.5120281774667037
2013-04-10,0,0.48825738222390686
2013-04-11,0,0.506357341430002
2013-04-12,0,0.5148820646236526
2013-04-15,1,0.5020083490071806
2013-04-16,0,0.5195624513951436
2013-04-17,0,0.4968986649651209
2013-04-18,1,0.5057303806267625
2013-04-19,1,0.50493698152523
2013-04-22,1,0.5046856721834605
2013-04-23,0,0.49054780039529644
2013-04-24,1,0.5028060866874597
2013-04-25,0,0.5154037688166596
2013-04-26,1,0.5201496168127978
2013-04-29,1,0.5097512181659112
2013-04-30,0,0.5146962282300356
2013-05-01,1,0.5139741203397478
2013-05-02,1,0.5064318349146818
2013-05-03,1,0.5041949379900359
2013-05-06,0,0.5192863487739641
2013-05-07,1,0.5218300084377666
2013-05-08,0,0.527155093733423
2013-05-09,1,0.5301616828218875
2013-05-10,1,0.5377481721409819
2013-05-13,1,0.536431886641907
2013-05-14,1,0.5358916081022655
2013-05-15,0,0.5425576374802817
2013-05-16,1,0.5457145984897467
2013-05-17,0,0.541239895501785
2013-05-20,1,0.5484921222208118
2013-05-21,0,0.5489534870305696
2013-05-22,0,0.511488867861564
2013-05-23,0,0.5253683392054636
2013-05-24,1,0.545029467451863
2013-05-28,0,0.5414020570002414
2013-05-29,1,0.5347821487072971
2013-05-30,0,0.5325472657314917
2013-05-31,1,0.5229982269126532
2013-06-03,0,0.5191502770609526
2013-06-04,0,0.5275444537581871
2013-06-05,1,0.5149590532471483
2013-06-06,1,0.5035846258464154
2013-06-07,1,0.5190458708571011
2013-06-10,0,0.5220873860812323
2013-06-11,0,0.5125032267053006
2013-06-12,1,0.5112497458240862
2013-06-13,0,0.5200114752898739
2013-06-14,1,0.5171864756672163
2013-06-17,1,0.5130654662162687
2013-06-18,0,0.5153493917304075
2013-06-19,0,0.5016171965468446
2013-06-20,0,0.4963550156851845
2013-06-21,0,0.5095685445671859
2013-06-24,1,0.5177583002319059
2013-06-25,1,0.5190136254152234
2013-06-26,1,0.5116348514893879
2013-06-27,1,0.5108878969535223
2013-06-28,1,0.5035510520925861
2013-07-01,1,0.5064866421771097
2013-07-02,1,0.5103529371582401
2013-07-03,1,0.5096309801413327
2013-07-05,1,0.49664141728049316
2013-07-08,1,0.5038423585072443
2013-07-09,1,0.5003195733437712
2013-07-10,1,0.5040496289198566
2013-07-11,1,0.4851515326814714
2013-07-12,1,0.5025431852118535
2013-07-15,0,0.5171525340258665
2013-07-16,1,0.5175595680549361
2013-07-17,0,0.529961870355887
2013-07-18,0,0.5278064748460777
2013-07-19,1,0.5287653588447925
2013-07-22,0,0.5441378023230345
2013-07-23,1,0.5379399027316178
2013-07-24,1,0.5364062604019562
2013-07-25,1,0.5398750304005587
2013-07-26,0,0.540201608018672
2013-07-29,1,0.5386113472444974
2013-07-30,1,0.5328357788985817
2013-07-31,1,0.5313895762553698
2013-08-01,1,0.536762586216382
2013-08-02,1,0.5309233955634336
2013-08-05,0,0.5350873731430302
2013-08-06,0,0.5236980472076264
2013-08-07,1,0.5288012201280677
2013-08-08,0,0.5333074503132681
2013-08-09,1,0.5365903516646079
2013-08-12,1,0.5353529895178416
2013-08-13,0,0.531373640985705
2013-08-14,0,0.5232464536733444
2013-08-15,0,0.5109777114023165
2013-08-16,0,0.5322711836475434
2013-08-19,1,0.5211349503385146
2013-08-20,0,0.5325930235423829
2013-08-21,1,0.5102760155709195
2013-08-22,1,0.5281249411674878
2013-08-23,1,0.5194540950965437
2013-08-26,0,0.5100393539040609
2013-08-27,1,0.49625212123261025
2013-08-28,1,0.518645865832511
2013-08-29,0,0.5053943813045098
2013-08-30,1,0.5072296291942704
2013-09-03,1,0.506111390787667
2013-09-04,1,0.5050251287620261
2013-09-05,1,0.5164564144419098
2013-09-06,1,0.5093046463868343
2013-09-09,1,0.5144968234704631
2013-09-10,0,0.513680433303707
2013-09-11,0,0.5135368228745931
2013-09-12,1,0.5313257736478463
2013-09-13,0,0.5374963697351188
2013-09-16,1,0.5237633346761685
2013-09-17,1,0.5225076057250714
2013-09-18,1,0.5166504425455624
2013-09-19,0,0.5251719743528114
2013-09-20,0,0.5267527970337714
2013-09-23,0,0.5271304360011099
2013-09-24,0,0.5439675777436761
2013-09-25,1,0.5414591047927101
2013-09-26,0,0.5401076532914527
2013-09-27,0,0.5326340453243005
2013-09-30,1,0.5238613077728734
2013-10-01,0,0.5139374836116575
2013-10-02,0,0.5316612037774511
2013-10-03,1,0.503378960160586
2013-10-04,0,0.5309947428451537
2013-10-07,0,0.5320414780733784
2013-10-08,0,0.5037090062454089
2013-10-09,1,0.49406260029132304
2013-10-10,1,0.5017621609157261
2013-10-11,1,0.5131098749051494
2013-10-14,0,0.5047199754860539
2013-10-15,1,0.5034573058276585
2013-10-16,1,0.49783899918003727
2013-10-17,1,0.5069660918482625
2013-10-18,1,0.5011337292742828
2013-10-21,1,0.5088620545057438
2013-10-22,0,0.5006781032367472
2013-10-23,1,0.5086383973537915
2013-10-24,1,0.5289885563044493
2013-10-25,0,0.5225857937725599
2013-10-28,1,0.5332653341851414
2013-10-29,0,0.5294084154349094
2013-10-30,0,0.5382585526291206
2013-10-31,1,0.5428716393423552
2013-11-01,1,0.5503264304849562
2013-11-04,1,0.5620314430109145
2013-11-05,0,0.5517515639966671
2013-11-06,0,0.5494666468686076
2013-11-07,1,0.5151754825718559
2013-11-08,0,0.5341545412904125
2013-11-11,1,0.5367540838657135
2013-11-12,1,0.5382156979501599
2013-11-13,1,0.5220180288114773
2013-11-14,1,0.5197897328367038
2013-11-15,0,0.5320223915715419
2013-11-18,0,0.5207273297853479
2013-11-19,0,0.5287014202493717
2013-11-20,1,0.5210313757006166
2013-11-21,1,0.5196370990704224
2013-11-22,1,0.5250137792654209
2013-11-25,1,0.5288944384609908
2013-11-26,1,0.5237446344088713
2013-11-27,1,0.5322269534290126
2013-11-29,0,0.5380496729842661
2013-12-02,0,0.530109003939655
2013-12-03,1,0.5203698820264459
2013-12-04,0,0.5230431897418102
2013-12-05,1,0.5221606276855527
2013-12-06,1,0.5243911066171579
2013-12-09,0,0.543573392578672
2013-12-10,0,0.5392351247736928
2013-12-11,0,0.5227992304931244
2013-12-12,0,0.5302118831334123
2013-12-13,1,0.531078795706627
2013-12-16,0,0.5413501449754551
2013-12-17,1,0.5386321615491666
2013-12-18,0,0.5003656405230726
2013-12-19,1,0.5154902330418234
2013-12-20,1,0.5202329204457645
2013-12-23,1,0.5276401557360291
2013-12-24,1,0.5383694554200513
2013-12-26,0,0.5355285426816702
2013-12-27,0,0.5356202954115977
2013-12-30,1,0.5360579757605177
2013-12-31,0,0.5344232286788386
2014-01-02,0,0.5283146694621768
2014-01-03,0,0.5269043646726366
2014-01-06,1,0.5278466283274492
2014-01-07,1,0.5322994684991161
2014-01-08,0,0.533998919886765
2014-01-09,1,0.5360270998804272
2014-01-10,0,0.5268383899136888
2014-01-13,1,0.5156043944238937
2014-01-14,1,0.5170493273801083
2014-01-15,1,0.5125313734017363
2014-01-16,0,0.5155959729189803
2014-01-17,1,0.5091961965415586
2014-01-21,1,0.5151079143939588
2014-01-22,0,0.5147790404423321
2014-01-23,0,0.5128983330969912
2014-01-24,0,0.4952548161002748
2014-01-27,0,0.5043370417156288
2014-01-28,0,0.512364241956627
2014-01-29,1,0.5131041718404812
2014-01-30,0,0.501930775871601
2014-01-31,0,0.5121442557887115
2014-02-03,1,0.5034988955011425
2014-02-04,0,0.517485995340109
2014-02-05,1,0.5127907650366726
2014-02-06,1,0.5121533432969764
2014-02-07,1,0.4947041827183768
2014-02-10,1,0.4944533650106003
2014-02-11,1,0.4849572105271609
2014-02-12,1,0.4897520039140096
2014-02-13,1,0.49299277051775653
2014-02-14,1,0.5032812048867992
2014-02-18,0,0.5049963252734586
2014-02-19,1,0.5064615764831966
2014-02-20,0,0.5112927566621964
2014-02-21,1,0.5270636938259158
2014-02-24,0,0.5335104218915279
2014-02-25,0,0.5397779161966625
2014-02-26,1,0.5319111256023342
2014-02-27,0,0.5424630044814474
2014-02-28,0,0.5279451201097844
2014-03-03,1,0.536413388008213
2014-03-04,1,0.5386878860422911
2014-03-05,0,0.5403396029353967
2014-03-06,0,0.5415461408805032
2014-03-07,1,0.5296182355095815
2014-03-10,0,0.5448359059169374
2014-03-11,1,0.532168684576908
2014-03-12,0,0.53098139896147
2014-03-13,0,0.507784911746879
2014-03-14,1,0.5181295050825182
2014-03-17,1,0.5237484416625351
2014-03-18,0,0.5198250882915377
2014-03-19,1,0.509494666686553
2014-03-20,0,0.5183681841300327
2014-03-21,0,0.49313520323329724
2014-03-24,1,0.49458332717886594
2014-03-25,0,0.51347323398171
2014-03-26,0,0.5153169186593756
2014-03-27,1,0.4990158786578333
2014-03-28,1,0.506335223613783
2014-03-31,1,0.5063387458994218
2014-04-01,1,0.5012699843284664
2014-04-02,0,0.5013936218987849
2014-04-03,0,0.5085742841766318
2014-04-04,0,0.47941688369575675
2014-04-07,1,0.4997582987298525
2014-04-08,1,0.5066337905298312
2014-04-09,0,0.4966786640517759
2014-04-10,0,0.4948224420267158
2014-04-11,1,0.4938568926044135
2014-04-14,1,0.5037907375101613
2014-04-15,1,0.493343011583644
2014-04-16,1,0.49978918446939713
2014-04-17,1,0.4954911713534421
2014-04-21,1,0.49523355491027254
2014-04-22,0,0.48551658856565066
2014-04-23,1,0.4941829809635547
2014-04-24,0,0.4937038060652893
2014-04-25,1,0.49403957377217966
2014-04-28,1,0.48720392194489165
2014-04-29,1,0.493896981420605
2014-04-30,1,0.4963088793840347
2014-05-01,0,0.503983568280391
2014-05-02,1,0.5076261792900747
2014-05-05,0,0.5157736988692546
2014-05-06,0,0.5184414439030357
2014-05-07,0,0.5033535231227632
2014-05-08,1,0.5180657527862805
2014-05-09,1,0.518040555963252
2014-05-12,1,0.5077989416905315
2014-05-13,0,0.5120747308048667
2014-05-14,0,0.5166671054317755
2014-05-15,1,0.495915223252553
2014-05-16,1,0.49124024373797326
2014-05-19,0,0.5151656821461845
2014-05-20,1,0.5129309843171975
2014-05-21,1,0.508782448664314
2014-05-22,1,0.5125500046298421
2014-05-23,1,0.5173063483382309
2014-05-27,0,0.5137293460402266
2014-05-28,1,0.5169111221811376
2014-05-29,1,0.516429928812104
2014-05-30,0,0.5208822780395381
2014-06-02,0,0.5261425628950481
2014-06-03,1,0.5374820918295413
2014-06-04,1,0.5384497915244066
2014-06-05,1,0.5284234982834397
2014-06-06,0,0.5367542323799651
2014-06-09,1,0.5390218075347145
2014-06-10,0,0.5474517215558798
2014-06-11,0,0.5476259206323292
2014-06-12,1,0.5383266770933055
2014-06-13,1,0.5337053709246038
2014-06-16,1,0.5442146562770216
2014-06-17,1,0.5492441945580722
2014-06-18,0,0.528014640068526
2014-06-19,0,0.5241483797518525
2014-06-20,1,0.5408647416987657
2014-06-23,0,0.5473123406401688
2014-06-24,1,0.5340497577011792
2014-06-25,1,0.5328714408953719
2014-06-26,1,0.5436273290205441
2014-06-27,1,0.5435626806246514
2014-06-30,1,0.5470387576403739
2014-07-01,1,0.5299501607075409
2014-07-02,1,0.5481442295415712
2014-07-03,0,0.5514000289929348
2014-07-07,0,0.542074521556149
2014-07-08,1,0.5182184594681278
2014-07-09,0,0.5317200355554698
2014-07-10,1,0.5196433721703282
2014-07-11,1,0.5433811113834622
2014-07-14,0,0.5419834077110185
2014-07-15,1,0.5218343689684738
2014-07-16,0,0.5423371650523193
2014-07-17,1,0.5194417448039138
2014-07-18,0,0.52336367322379
2014-07-21,1,0.5280070959258447
2014-07-22,1,0.5274022141618152
2014-07-23,0,0.5237782511057485
2014-07-24,0,0.5271346606671728
2014-07-25,1,0.5247103766712525
2014-07-28,0,0.5320638366886582
2014-07-29,1,0.5303356873429267
2014-07-30,0,0.5242902060090778
2014-07-31,0,0.5061247144723284
2014-08-01,1,0.5082322350082674
2014-08-04,0,0.5270149253192062
2014-08-05,0,0.5132554702346311
2014-08-06,0,0.5252344719420664
2014-08-07,1,0.5219285102356073
2014-08-08,1,0.5130761218936962
2014-08-11,0,0.5206961269272815
2014-08-12,1,0.5181593595477418
2014-08-13,1,0.5182622846941529
2014-08-14,1,0.513726609585226
2014-08-15,1,0.49040636639005
2014-08-18,1,0.5053970710935588
2014-08-19,0,0.5188848427850398
2014-08-20,1,0.5221153443745619
2014-08-21,1,0.5288800045423313
2014-08-22,1,0.5309082452861191
2014-08-25,1,0.5363093844345067
2014-08-26,1,0.542467484421174
2014-08-27,0,0.5516163174312966
2014-08-28,1,0.5501175286514378
2014-08-29,1,0.5555552859095473
2014-09-02,0,0.5571305927078851
2014-09-03,0,0.5473795546515224
2014-09-04,1,0.5475076638663704
2014-09-05,1,0.5402741103383524
2014-09-08,0,0.5431072163557568
2014-09-09,1,0.5269124680483677
2014-09-10,0,0.5304249046614579
2014-09-11,0,0.5311173678932954
2014-09-12,0,0.5263500374951346
2014-09-15,1,0.5174876277944574
2014-09-16,1,0.5103861999570848
2014-09-17,1,0.5108542271642149
2014-09-18,0,0.5183593892992756
2014-09-19,0,0.5023584000166879
2014-09-22,0,0.503773768556422
2014-09-23,1,0.5166199978538308
2014-09-24,0,0.5162356309972141
2014-09-25,1,0.49543215671837104
2014-09-26,0,0.5016508596673454
2014-09-29,1,0.5137697543314715
2014-09-30,0,0.5094382141520287
2014-10-01,0,0.5005569265956992
2014-10-02,1,0.5053035623220686
2014-10-03,0,0.5111384086288481
2014-10-06,0,0.5119208007286752
2014-10-07,1,0.5060277215971167
2014-10-08,0,0.49061051464213773
2014-10-09,0,0.49121812059593656
2014-10-10,0,0.4978774996414245
2014-10-13,1,0.5041459310635985
2014-10-14,0,0.505407838274796
2014-10-15,0,0.48595456914549834
2014-10-16,1,0.4922025862113003
2014-10-17,1,0.49561202529645665
2014-10-20,1,0.49527900426388033
2014-10-21,0,0.4724433052477053
2014-10-22,1,0.4874779588116538
2014-10-23,1,0.4763022857812801
2014-10-24,1,0.4729497387978805
2014-10-27,1,0.4807710691708928
2014-10-28,0,0.47847828709413287
2014-10-29,1,0.4812249286312757
2014-10-30,1,0.487573174062762
2014-10-31,1,0.4845008999953118
2014-11-03,0,0.5020909859312233
2014-11-04,1,0.5211799855355335
2014-11-05,1,0.5271604434311128
2014-11-06,0,0.5358926742042505
2014-11-07,1,0.5429243458436759
2014-11-10,1,0.5425083505569136
2014-11-11,1,0.5459327417370432
2014-11-12,1,0.5411480785839575
2014-11-13,1,0.5348953281784257
2014-11-14,0,0.5416259616993933
2014-11-17,1,0.5377787645960126
2014-11-18,0,0.5343756063163025
2014-11-19,1,0.5346070705391421
2014-11-20,1,0.5360692371604258
2014-11-21,1,0.5255973855722545
2014-11-24,1,0.5386434264713151
2014-11-25,1,0.5411868130081617
2014-11-26,1,0.5390097232726495
2014-11-28,0,0.5408041002939501
2014-12-01,1,0.5155145212817601
2014-12-02,1,0.531044579763961
2014-12-03,0,0.524826819102621
2014-12-04,1,0.5284036484996332
2014-12-05,0,0.5382989396145292
2014-12-08,1,0.5270475661097017
2014-12-09,0,0.5180051473152639
2014-12-10,1,0.5228322928854627
2014-12-11,0,0.5184724271173086
2014-12-12,0,0.5205717000245067
2014-12-15,0,0.5153003012854999
2014-12-16,1,0.5133718651829193
2014-12-17,1,0.5030543857954827
2014-12-18,1,0.5019564285665902
2014-12-19,1,0.497377681643059
2014-12-22,0,0.5032160120478633
2014-12-23,1,0.5083612163831975
2014-12-24,1,0.5145942595830766
2014-12-26,0,0.5161166310343583
2014-12-29,0,0.5148094642836133
2014-12-30,0,0.513888820328042
2014-12-31,0,0.5110878501214956
2015-01-02,0,0.5150329869445206
2015-01-05,0,0.5246130276518872
2015-01-06,1,0.5173096794158625
2015-01-07,1,0.5252959499550928
2015-01-08,0,0.5116505282894507
2015-01-09,0,0.5103647673323451
2015-01-12,0,0.51871342297923
2015-01-13,0,0.5071870511688914
2015-01-14,0,0.5062518300909508
2015-01-15,1,0.5035821551583722
2015-01-16,1,0.5023594043233431
2015-01-20,1,0.49611986741883807
2015-01-21,1,0.4836979895771859
2015-01-22,1,0.4794701317119482
2015-01-23,0,0.4893458213918524
2015-01-26,0,0.5024473428519415
2015-01-27,0,0.497519799923616
2015-01-28,1,0.5071566510211575
2015-01-29,0,0.5019587306912535
2015-01-30,1,0.5042346333369551
2015-02-02,1,0.5036531349684593
2015-02-03,0,0.5100481238331063
2015-02-04,1,0.5063373596474672
2015-02-05,0,0.5177551972778004
2015-02-06,0,0.5131710289856449
2015-02-09,1,0.5261573043450818
2015-02-10,1,0.513198443327035
2015-02-11,1,0.5119755010098825
2015-02-12,1,0.5078477248052805
2015-02-13,1,0.49636816146485063
2015-02-17,1,0.5100713454227704
2015-02-18,1,0.5173888405338063
2015-02-19,1,0.5150660763861487
2015-02-20,1,0.5137062867150024
2015-02-23,1,0.5260830845481618
2015-02-24,0,0.5296970111753255
2015-02-25,1,0.5385183574545421
2015-02-26,0,0.536546967970493
2015-02-27,1,0.5344209418668456
2015-03-02,0,0.5385363824620008
2015-03-03,0,0.5403633050663577
2015-03-04,1,0.5408187285970456
2015-03-05,0,0.5505604373666891
2015-03-06,1,0.5246782789892231
2015-03-09,0,0.5295990612425081
2015-03-10,0,0.5158466845018826
2015-03-11,1,0.5291816887196509
2015-03-12,0,0.530972145190468
2015-03-13,1,0.5008000834867732
2015-03-16,1,0.5176554709703856
2015-03-17,1,0.5201969210140616
2015-03-18,1,0.4910434638733746
2015-03-19,1,0.5024691893874923
2015-03-20,0,0.5001302724832573
2015-03-23,0,0.5199711932644692
2015-03-24,0,0.5128450774148112
2015-03-25,0,0.49579112951364623
2015-03-26,1,0.4981728220401564
2015-03-27,1,0.5080772405942919
2015-03-30,0,0.5113508656588608
2015-03-31,0,0.5135193151247495
2015-04-01,1,0.5161459176442978
2015-04-02,1,0.5300169111444983
2015-04-06,0,0.5221261649995744
2015-04-07,1,0.5251911564877021
2015-04-08,1,0.514752062333044
2015-04-09,1,0.5078666351497764
2015-04-10,0,0.5102271569611492
2015-04-13,0,0.5097143383386337
2015-04-14,1,0.5096016690287972
2015-04-15,0,0.5105481735262823
2015-04-16,0,0.5156398636949748
2015-04-17,1,0.49196749785184496
2015-04-20,1,0.5088308975286572
2015-04-21,1,0.513614127267318
2015-04-22,1,0.5174454819059157
2015-04-23,1,0.5120036630898982
2015-04-24,0,0.503211899615363
2015-04-27,0,0.5056246998049961
2015-04-28,0,0.5037361456464841
2015-04-29,0,0.5119540795604686
2015-04-30,1,0.5061853327300507
2015-05-01,1,0.5096634676818056
2015-05-04,0,0.520453470662073
2015-05-05,0,0.5026962138586002
2015-05-06,1,0.512304997834933
2015-05-07,1,0.5213024321593305
2015-05-08,0,0.5159205111947447
2015-05-11,0,0.5265696638640174
2015-05-12,1,0.5139658524829777
2015-05-13,1,0.5233695948663355
2015-05-14,0,0.5108907441189773
2015-05-15,1,0.5119375463965004
2015-05-18,0,0.5176114692137229
2015-05-19,1,0.5171994392086348
2015-05-20,1,0.5111316101503552
2015-05-21,0,0.5167004774743978
2015-05-22,0,0.5256714730151787
2015-05-26,1,0.5179605645893661
2015-05-27,0,0.5102346416625182
2015-05-28,0,0.5221709530594051
2015-05-29,1,0.5165173269629689
2015-06-01,0,0.5231194976013999
2015-06-02,1,0.5300001917180316
2015-06-03,0,0.5282552643922389
2015-06-04,0,0.5121784386491749
2015-06-05,0,0.5241502720879743
2015-06-08,0,0.5212612489420745
2015-06-09,1,0.5127439283511362
2015-06-10,1,0.5065844892008055
2015-06-11,0,0.5209377185193396
2015-06-12,0,0.50567087473064
2015-06-15,1,0.5021859332141111
2015-06-16,1,0.5209157111895081
2015-06-17,1,0.5111545622358568
2015-06-18,0,0.4824298528038613
2015-06-19,1,0.501175230724639
2015-06-22,1,0.5105466581459637
2015-06-23,0,0.511046953202844
2015-06-24,0,0.5205571260608066
2015-06-25,0,0.5214265525010995
2015-06-26,0,0.5042649115451231
2015-06-29,1,0.49549117780127966
2015-06-30,1,0.5120964471966571
2015-07-01,1,0.5207168022062906
2015-07-02,0,0.5216881338875025
2015-07-06,1,0.51441479621584
2015-07-07,0,0.496873266067844
2015-07-08,0,0.5032060636542479
2015-07-09,1,0.5108130563100767
2015-07-10,1,0.5068493691185953
2015-07-13,1,0.4962333343737696
2015-07-14,1,0.48893309743245184
2015-07-15,1,0.48511541487618903
2015-07-16,1,0.48322369290883244
2015-07-17,1,0.4749908239129536
2015-07-20,0,0.48727847691473924
2015-07-21,0,0.489063678734481
2015-07-22,0,0.4947863660787921
2015-07-23,0,0.5129396842656282
2015-07-24,0,0.5193542732656081
2015-07-27,1,0.5245619498996983
2015-07-28,1,0.5242804256618642
2015-07-29,1,0.5286214222055071
2015-07-30,0,0.5316943714191453
2015-07-31,0,0.5400585003087226
2015-08-03,0,0.5368272521910189
2015-08-04,1,0.5401569594074958
2015-08-05,0,0.5235019442952046
2015-08-06,0,0.4986867142638033
2015-08-07,1,0.5135958059137902
2015-08-10,0,0.5184363399665133
2015-08-11,1,0.5001017958495185
2015-08-12,0,0.4935061380365384
2015-08-13,1,0.5196629988032411
2015-08-14,1,0.5246910534132107
2015-08-17,0,0.5186238893813723
2015-08-18,0,0.5260468905855752
2015-08-19,0,0.5013882325438388
2015-08-20,0,0.49825104778844637
2015-08-21,0,0.5116242100839926
2015-08-24,0,0.53397892432238
2015-08-25,1,0.5411216233209134
2015-08-26,1,0.49483374372069594
2015-08-27,0,0.4741139912084628
2015-08-28,0,0.4718054289007605
2015-08-31,0,0.4816031320571808
2015-09-01,1,0.4915163443448794
2015-09-02,0,0.48292219473711534
2015-09-03,0,0.47470328399712586
2015-09-04,1,0.4695389147333159
2015-09-08,0,0.44752754471076556
2015-09-09,1,0.44772603457816096
2015-09-10,1,0.4594698109097277
2015-09-11,0,0.47179206203128476
2015-09-14,1,0.48194211368951884
2015-09-15,1,0.4782379524141681
2015-09-16,1,0.47460991038719613
2015-09-17,0,0.4838557622893411
2015-09-18,1,0.4997233372723793
2015-09-21,0,0.5012141110282807
2015-09-22,1,0.5097750714465297
2015-09-23,0,0.5114871764397303
2015-09-24,0,0.5087246642673352
2015-09-25,0,0.5101638051369417
2015-09-28,0,0.5244597224691251
2015-09-29,1,0.5233020230761602
2015-09-30,1,0.5099891153801991
2015-10-01,1,0.5020574527301461
2015-10-02,1,0.46870905700730514
2015-10-05,0,0.4779709314436051
2015-10-06,1,0.4783205710356875
2015-10-07,1,0.47488168039552187
2015-10-08,1,0.46569634893072126
2015-10-09,1,0.48694880212403785
2015-10-12,0,0.4897681309343111
2015-10-13,0,0.4881561572913804
2015-10-14,1,0.49909682260189947
2015-10-15,1,0.4916765187915691
2015-10-16,1,0.5067898590833224
2015-10-19,0,0.5156651978225769
2015-10-20,0,0.520012738455392
2015-10-21,1,0.5232273796979826
2015-10-22,1,0.5071061024061607
2015-10-23,1,0.48416567277749367
2015-10-26,1,0.5064211541544533
2015-10-27,1,0.501974430771321
2015-10-28,0,0.49301003189959824
2015-10-29,0,0.5146285413666505
2015-10-30,1,0.520607685196004
2015-11-02,1,0.5256003412330763
2015-11-03,1,0.5268276443531069
2015-11-04,0,0.5222333278600009
2015-11-05,1,0.5340706529444388
2015-11-06,0,0.5415649269867449
2015-11-09,0,0.5410407335275061
2015-11-10,0,0.541360143305445
2015-11-11,0,0.5545105020844167
2015-11-12,0,0.5443889575229222
2015-11-13,1,0.526899732170466
2015-11-16,1,0.5382402939930788
2015-11-17,1,0.5349312018843515
2015-11-18,1,0.5181246117209354
2015-11-19,1,0.5184944786706359
2015-11-20,0,0.5210175664239045
2015-11-23,0,0.5216124930015469
2015-11-24,1,0.5168615545781707
2015-11-25,1,0.5308177543636123
2015-11-27,0,0.5325526826215863
2015-11-30,1,0.5140010802588398
2015-12-01,0,0.5140648572384449
2015-12-02,0,0.5218811317405643
2015-12-03,1,0.5147358367964637
2015-12-04,0,0.5108439188846805
2015-12-07,1,0.525446867801039
2015-12-08,0,0.5224251580419315
2015-12-09,1,0.5128846958633134
2015-12-10,0,0.5267474856642888
2015-12-11,1,0.5153612828650361
2015-12-14,1,0.5103450419344188
2015-12-15,1,0.5094301917476298
2015-12-16,0,0.4991183924658962
2015-12-17,0,0.49797141935978845
2015-12-18,1,0.5105885268316466
2015-12-21,1,0.5208346985670982
2015-12-22,1,0.5143972622371833
2015-12-23,0,0.5053497919133018
2015-12-24,0,0.5135689598032448
2015-12-28,1,0.5042998409097564
2015-12-29,0,0.4941785395645473
2015-12-30,0,0.5051398622990041
2015-12-31,0,0.5117014760692681
2016-01-04,0,0.5059994290843814
2016-01-05,0,0.5112900303479617
2016-01-06,0,0.5156118731188032
2016-01-07,0,0.5215189107478713
2016-01-08,1,0.5211328510411903
2016-01-11,1,0.5216941475673545
2016-01-12,0,0.5073422175419604
2016-01-13,1,0.5111024933927133
2016-01-14,0,0.4907726205157883
2016-01-15,1,0.49702754860602777
2016-01-19,0,0.49853153512461795
2016-01-20,1,0.47971499941010104
2016-01-21,1,0.47800749765498796
2016-01-22,0,0.45824182963845045
2016-01-25,1,0.46138009427251436
2016-01-26,0,0.46151098493356535
2016-01-27,1,0.473494790609911
2016-01-28,1,0.46750860581359444
2016-01-29,1,0.4625750411519897
2016-02-01,0,0.4681093197163364
2016-02-02,0,0.47919287695962454
2016-02-03,0,0.47880920497137874
2016-02-04,0,0.48824308089376456
2016-02-05,0,0.5064248343660892
2016-02-08,0,0.5021706394753437
2016-02-09,1,0.5094840529309776
2016-02-10,0,0.5018077056443343
2016-02-11,1,0.48977529218705473
2016-02-12,1,0.49620069683975165
2016-02-16,1,0.48293385715854903
2016-02-17,0,0.46027592031343184
2016-02-18,1,0.46521196515792357
2016-02-19,1,0.47195706517761427
2016-02-22,0,0.4631153430308795
2016-02-23,1,0.46857520062916214
2016-02-24,1,0.46524099107312333
2016-02-25,0,0.468457304833527
2016-02-26,0,0.47237198825568594
2016-02-29,1,0.49001538543813183
2016-03-01,1,0.480131844811124
2016-03-02,0,0.49505271094396913
2016-03-03,1,0.5020538956215574
2016-03-04,0,0.5070082390542039
2016-03-07,0,0.5209323631992819
2016-03-08,1,0.520599769850946
2016-03-09,0,0.5166164577748199
2016-03-10,1,0.5068670493888621
2016-03-11,1,0.5035702945978855
2016-03-14,0,0.5049237212781449
2016-03-15,1,0.5146530105314419
2016-03-16,0,0.5071119601843339
2016-03-17,0,0.511749441925664
2016-03-18,1,0.5033554196910964
2016-03-21,1,0.533243902752821
2016-03-22,0,0.5275716062188711
2016-03-23,1,0.5275212370045191
2016-03-24,0,0.530549530782747
2016-03-28,1,0.5400241202314899
2016-03-29,1,0.5153774854265595
2016-03-30,0,0.5232930792757947
2016-03-31,1,0.5309499881666033
2016-04-01,0,0.5235440761966773
2016-04-04,0,0.5349401646962267
2016-04-05,1,0.5351361196210046
2016-04-06,0,0.5242151498980632
2016-04-07,0,0.5188237494200788
2016-04-08,0,0.5257814731454911
2016-04-11,1,0.52224896624902
2016-04-12,1,0.5195700694190217
2016-04-13,1,0.5188400796344167
2016-04-14,0,0.5297551114335061
2016-04-15,1,0.5281883142479943
2016-04-18,0,0.5334315025487129
2016-04-19,1,0.4974722021904572
2016-04-20,1,0.5369123419694037
2016-04-21,0,0.5308894972576716
2016-04-22,0,0.5083877850707693
2016-04-25,0,0.5355049949130002
2016-04-26,0,0.5307610637544814
2016-04-27,0,0.5189489753375891
2016-04-28,0,0.5241141809868067
2016-04-29,1,0.5004518008850763
2016-05-02,0,0.5262676323003987
2016-05-03,0,0.5125985273151371
2016-05-04,0,0.5211872072248479
2016-05-05,1,0.5209453863376707
2016-05-06,1,0.5046511191227975
2016-05-09,1,0.5069343030081759
2016-05-10,0,0.49892703713026576
2016-05-11,0,0.4984707664865136
2016-05-12,0,0.493297568784258
2016-05-13,1,0.4994989554448924
2016-05-16,0,0.5032763356862614
2016-05-17,1,0.49638116683864286
2016-05-18,0,0.49818330366121977
2016-05-19,1,0.5018043531394379
2016-05-20,0,0.49952930927777495
2016-05-23,1,0.5116547008788302
2016-05-24,1,0.49929372676851386
2016-05-25,1,0.48900950705761387
2016-05-26,1,0.5019356965568439
2016-05-27,1,0.5052774917703737
2016-05-31,1,0.5065148292923611
2016-06-01,1,0.5142351826617192
2016-06-02,0,0.5221657024923405
2016-06-03,1,0.5164137970180508
2016-06-06,0,0.530126883634487
2016-06-07,1,0.5303187141874297
2016-06-08,0,0.5358704380281786
2016-06-09,0,0.5355840175133774
2016-06-10,0,0.5176017656320604
2016-06-13,0,0.5284787382298437
2016-06-14,0,0.5295109623498393
2016-06-15,1,0.5258722976109599
2016-06-16,0,0.5140479291817265
2016-06-17,1,0.5122378441825814
2016-06-20,1,0.5191233147136566
2016-06-21,0,0.5102812970119756
2016-06-22,1,0.5091359515062547
2016-06-23,0,0.5100683795365324
2016-06-24,0,0.47770227483863725
2016-06-27,1,0.5029443871949619
2016-06-28,1,0.5051234468983137
2016-06-29,1,0.4885647793164901
2016-06-30,1,0.4787343696680367
2016-07-01,0,0.4823426834371586
2016-07-05,1,0.4881352790372403
2016-07-06,1,0.487539013835225
2016-07-07,1,0.4934256490511302
2016-07-08,1,0.48778406259552937
2016-07-11,1,0.4859245276289581
2016-07-12,0,0.48196673398474205
2016-07-13,1,0.4939205310274047
2016-07-14,0,0.501118388689291
2016-07-15,1,0.5115959711405726
2016-07-18,0,0.5124804917987644
2016-07-19,1,0.5168191696360648
2016-07-20,0,0.5134669321767621
2016-07-21,1,0.5215643276185802
2016-07-22,1,0.5289116928039402
2016-07-25,1,0.5417668332132134
2016-07-26,1,0.5333115585087163
2016-07-27,1,0.5199842140645443
2016-07-28,1,0.537835109575668
2016-07-29,1,0.5273929292645898
2016-08-01,0,0.5462023676453047
2016-08-02,1,0.5289655967803593
2016-08-03,1,0.5451937765454536
2016-08-04,1,0.5467422613932483
2016-08-05,0,0.5240224733253355
2016-08-08,1,0.546942693368832
2016-08-09,0,0.545824355043721
2016-08-10,1,0.5451065994062819
2016-08-11,1,0.5490554895525055
2016-08-12,1,0.5388990772468066
2016-08-15,0,0.5533066994647642
2016-08-16,1,0.5446686991277436
2016-08-17,1,0.5434999697284205
2016-08-18,0,0.5543921678663956
2016-08-19,1,0.541842646294637
2016-08-22,1,0.5494850089653363
2016-08-23,0,0.5532412574378286
2016-08-24,0,0.5352250228787249
2016-08-25,1,0.523881628727909
2016-08-26,1,0.5249518408083865
2016-08-29,0,0.5501012224896624
2016-08-30,0,0.5283786009688914
2016-08-31,1,0.5340985127112365
2016-09-01,1,0.5250855622892444
2016-09-02,1,0.530210214014032
2016-09-06,1,0.529635800596262
2016-09-07,0,0.5325219469887998
2016-09-08,0,0.5213840648694854
2016-09-09,1,0.48964510408033896
2016-09-12,0,0.5040303048383141
2016-09-13,1,0.501711018463188
2016-09-14,1,0.5130529711576508
2016-09-15,0,0.49893843658758014
2016-09-16,0,0.5071384314602732
2016-09-19,1,0.5181425642775677
2016-09-20,1,0.5192896915216684
2016-09-21,1,0.5080529971207727
2016-09-22,0,0.5115433303872039
2016-09-23,0,0.5070950175527994
2016-09-26,1,0.519497048002247
2016-09-27,1,0.5135345100001998
2016-09-28,0,0.5182888647229956
2016-09-29,1,0.5152183614881353
2016-09-30,0,0.5152712450602798
2016-10-03,0,0.5199217300157029
2016-10-04,1,0.5211101762773082
2016-10-05,0,0.5300882098184568
2016-10-06,0,0.5344750326034295
2016-10-07,1,0.526405558309025
2016-10-10,0,0.5236116843001025
2016-10-11,0,0.5137406629659146
2016-10-12,0,0.5304292258228211
2016-10-13,1,0.5163973587422586
2016-10-14,0,0.5188330796117308
2016-10-17,1,0.5277119384602572
2016-10-18,0,0.5161579449135602
2016-10-19,0,0.5244370972582898
2016-10-20,1,0.5162987593723303
2016-10-21,1,0.5198453873668014
2016-10-24,0,0.5129212724788512
2016-10-25,0,0.5076060451323788
2016-10-26,0,0.5089372235047711
2016-10-27,0,0.5112323744240064
2016-10-28,0,0.4879098630397778
2016-10-31,0,0.5143659115664629
2016-11-01,0,0.5093728003854173
2016-11-02,0,0.5061677099454547
2016-11-03,0,0.4974337385968385
2016-11-04,1,0.5100397357045987
2016-11-07,1,0.508276051347888
2016-11-08,1,0.5081594646553681
2016-11-09,0,0.4705067909181361
2016-11-10,1,0.4793991131179101
2016-11-11,0,0.4954523157647827
2016-11-14,1,0.5004652731435157
2016-11-15,1,0.4972557102579536
2016-11-16,1,0.49957904468209396
2016-11-17,0,0.4920810515075061
2016-11-18,1,0.49519655540303426
2016-11-21,1,0.5004346064689021
2016-11-22,0,0.5055012698877408
2016-11-23,1,0.5099201903528434
2016-11-25,0,0.5172943779315279
2016-11-28,1,0.5165047351276052
2016-11-29,0,0.5135208319791789
2016-11-30,0,0.5140611267058904
2016-12-01,1,0.516926403215459
2016-12-02,1,0.520437342867813
2016-12-05,1,0.5180890161139093
2016-12-06,1,0.5159923809284614
2016-12-07,1,0.5119829935533217
2016-12-08,1,0.5132727544593038
2016-12-09,0,0.5092094883352636
2016-12-12,1,0.5071866643803797
2016-12-13,0,0.4790605720089768
2016-12-14,1,0.49882926449942694
2016-12-15,0,0.5026953016136492
2016-12-16,1,0.5035564028980898
2016-12-19,1,0.5116677439393917
2016-12-20,0,0.5213709444364791
2016-12-21,0,0.5300795844983298
2016-12-22,1,0.525485976776822
2016-12-23,1,0.5363340672366099
2016-12-27,0,0.5305155739183695
2016-12-28,0,0.5334178501670992
2016-12-29,0,0.5373423736042376
2016-12-30,1,0.5149100982181448
2017-01-03,1,0.5238901345579736
2017-01-04,1,0.522329003774599
2017-01-05,1,0.5184144775202032
2017-01-06,1,0.5123487329694725
2017-01-09,1,0.5146393194355185
2017-01-10,1,0.5184262689334497
2017-01-11,0,0.5177626671573013
2017-01-12,1,0.5191812471417385
2017-01-13,0,0.5239174717112167
2017-01-17,1,0.5257255998085322
2017-01-18,0,0.5319372535753968
2017-01-19,1,0.5342893005712037
2017-01-20,1,0.5272000749644866
2017-01-23,1,0.5376746011581826
2017-01-24,1,0.5380833109320871
2017-01-25,1,0.5395734626218696
2017-01-26,1,0.5403902525260678
2017-01-27,0,0.5431074812289481
2017-01-30,0,0.527878472498544
2017-01-31,1,0.5335096931550095
2017-02-01,0,0.5241158074460393
2017-02-02,1,0.5407983409811361
2017-02-03,1,0.5366932381486169
2017-02-06,1,0.5488143078022651
2017-02-07,1,0.5366827783078294
2017-02-08,1,0.5515346838001789
2017-02-09,1,0.540701192773076
2017-02-10,1,0.5495039412652348
2017-02-13,1,0.5353627618914719
2017-02-14,1,0.522759333562972
2017-02-15,0,0.5195149211194298
2017-02-16,1,0.5275344556991253
2017-02-17,1,0.5263394889449771
2017-02-21,1,0.5169378550538045
2017-02-22,0,0.535847274543606
2017-02-23,1,0.5247276747367258
2017-02-24,1,0.5258523645152473
2017-02-27,0,0.5447856777731191
2017-02-28,1,0.5343073585096739
2017-03-01,0,0.5087887272571995
2017-03-02,1,0.5219748964805854
2017-03-03,0,0.539284895406172
2017-03-06,0,0.5436338450510796
2017-03-07,1,0.5374388750416152
2017-03-08,1,0.5364558203539843
2017-03-09,1,0.5217626992805375
2017-03-10,1,0.5185430674277576
2017-03-13,0,0.5435244646263794
2017-03-14,1,0.533311691193553
2017-03-15,0,0.5166489622874374
2017-03-16,0,0.5242050666897358
2017-03-17,1,0.5198637832995772
2017-03-20,0,0.5427895665565429
2017-03-21,1,0.5010317507354479
2017-03-22,0,0.5147953628016342
2017-03-23,1,0.5249370241003556
2017-03-24,1,0.521858612643639
2017-03-27,1,0.5270740908862865
2017-03-28,1,0.5160658440453975
2017-03-29,1,0.5292490911752096
2017-03-30,0,0.524617588901331
2017-03-31,0,0.5198537373192674
2017-04-03,1,0.5165761903000607
2017-04-04,0,0.5271291057542062
2017-04-05,1,0.5043037723401369
2017-04-06,0,0.5218055490304273
2017-04-07,1,0.5248736174246161
2017-04-10,0,0.5276414991715124
2017-04-11,0,0.5063692115218079
2017-04-12,0,0.5316229311570908
2017-04-13,1,0.5239394505599043
2017-04-17,0,0.5352099246002371
2017-04-18,1,0.5336145443116959
2017-04-19,1,0.5271189479350793
2017-04-20,0,0.5158713418181241
2017-04-21,1,0.512739564871945
2017-04-24,1,0.5078555567241606
2017-04-25,0,0.5075356250896831
2017-04-26,1,0.4980352029002183
2017-04-27,1,0.5118029742061008
2017-04-28,1,0.5018918809479669
2017-05-01,1,0.5000639291321576
2017-05-02,0,0.5100464218179962
2017-05-03,1,0.5058797887050319
2017-05-04,1,0.5267382531808906
2017-05-05,1,0.5196613430527545
2017-05-08,1,0.5342013193347854
2017-05-09,1,0.5131497003772715
2017-05-10,0,0.5254708204499631
2017-05-11,1,0.5169231087151951
2017-05-12,1,0.5311949921100906
2017-05-15,1,0.532473749764708
2017-05-16,0,0.5290593021582298
2017-05-17,1,0.49191170677184975
2017-05-18,1,0.5115976174779536
2017-05-19,1,0.5124973747858008
2017-05-22,1,0.5230432519449686
2017-05-23,1,0.5217787658305134
2017-05-24,1,0.5222858538613301
2017-05-25,1,0.5112495518445972
2017-05-26,1,0.5189657128501276
2017-05-30,0,0.5166011544888353
2017-05-31,1,0.5107241264364399
2017-06-01,1,0.514964987308726
2017-06-02,0,0.4982709311578244
2017-06-05,0,0.5168048264886805
2017-06-06,1,0.5173079383451047
2017-06-07,1,0.5221743795521128
2017-06-08,0,0.5195088688904937
2017-06-09,0,0.4942035220307024
2017-06-12,1,0.5137783569210734
2017-06-13,0,0.5290421284474603
2017-06-14,0,0.5251953548007955
2017-06-15,0,0.5285085724687627
2017-06-16,1,0.5344210613157812
2017-06-19,0,0.5274416156783607
2017-06-20,1,0.5226900934774209
2017-06-21,0,0.5207860658040299
2017-06-22,1,0.521861247316475
2017-06-23,0,0.5133639902611029
2017-06-26,0,0.5081704883790826
2017-06-27,1,0.5083820526854599
2017-06-28,0,0.5068093986772041
2017-06-29,1,0.49987003854615236
2017-06-30,0,0.5084909252160166
2017-07-03,1,0.5299578464513699
2017-07-05,0,0.5208331720541678
2017-07-06,1,0.5237339075037595
2017-07-07,1,0.5242860041365643
2017-07-10,1,0.5232340120791366
2017-07-11,1,0.5143768711031304
2017-07-12,1,0.49914208240894187
2017-07-13,1,0.5020867992638615
2017-07-14,1,0.4912571977594647
2017-07-17,1,0.49456812623915397
2017-07-18,1,0.4909257787912745
2017-07-19,1,0.4880124258392443
2017-07-20,0,0.4866944014321801
2017-07-21,1,0.4929971260174084
2017-07-24,0,0.5048063983115967
2017-07-25,1,0.509106132759935
2017-07-26,0,0.5200387755536449
2017-07-27,0,0.49606607122752006
2017-07-28,0,0.5223351548161136
2017-07-31,1,0.5261566098986502
2017-08-01,1,0.5367128580553593
2017-08-02,0,0.5219445262827094
2017-08-03,1,0.5304888053728054
2017-08-04,1,0.5276442681947805
2017-08-07,0,0.5323563038054419
2017-08-08,0,0.5206614770117632
2017-08-09,0,0.5195619601962114
2017-08-10,1,0.5063936034132075
2017-08-11,1,0.5186579325209755
2017-08-14,1,0.514921409553819
2017-08-15,1,0.5164720905270908
2017-08-16,0,0.5129102046163276
2017-08-17,0,0.4986163007177391
2017-08-18,0,0.5104506185997731
2017-08-21,1,0.525179755834826
2017-08-22,0,0.5177538781627496
2017-08-23,0,0.5208814857549138
2017-08-24,0,0.5076036405453191
2017-08-25,1,0.517260695542198
2017-08-28,1,0.5253771553544929
2017-08-29,1,0.5181194841600498
2017-08-30,1,0.5071879413236996
2017-08-31,0,0.4909084398363498
2017-09-01,0,0.4994787113918121
2017-09-05,1,0.4916919477864868
2017-09-06,1,0.509589581542831
2017-09-07,0,0.5141304291279861
2017-09-08,1,0.5137097527941155
2017-09-11,1,0.5098567815468724
2017-09-12,1,0.5064427531293315
2017-09-13,0,0.5096141464713716
2017-09-14,1,0.5126979347345483
2017-09-15,0,0.5076114240404757
2017-09-18,1,0.5266736082183062
2017-09-19,0,0.5271035595225174
2017-09-20,0,0.5150743533577686
2017-09-21,0,0.524222925529605
2017-09-22,0,0.5289841420769897
2017-09-25,1,0.5034387381849015
2017-09-26,1,0.5271641193010089
2017-09-27,0,0.5178673256264458
2017-09-28,1,0.5215862457567663
2017-09-29,1,0.5025147164445471
2017-10-02,1,0.5151765906701931
2017-10-03,1,0.5216265341326144
2017-10-04,1,0.5140383012649471
2017-10-05,1,0.504143297837476
2017-10-06,0,0.5099580877570975
2017-10-09,1,0.5173113393406138
2017-10-10,1,0.5145316704798029
2017-10-11,0,0.5230605350073854
2017-10-12,1,0.5220063810006406
2017-10-13,1,0.5220493021110323
2017-10-16,1,0.5192375726945703
2017-10-17,0,0.5277800517852834
2017-10-18,0,0.5257704785238638
2017-10-19,1,0.5219113540746277
2017-10-20,0,0.5218422589185512
2017-10-23,1,0.5193487728520239
2017-10-24,0,0.5292923119748612
2017-10-25,0,0.5125598190567936
2017-10-26,1,0.5207732578121317
2017-10-27,1,0.4817743985065519
2017-10-30,1,0.4980202375509481
2017-10-31,0,0.5023879692218699
2017-11-01,0,0.5003146871961336
2017-11-02,1,0.501709194418506
2017-11-03,1,0.505303150146761
2017-11-06,1,0.5006406965287696
2017-11-07,1,0.5092713934272042
2017-11-08,0,0.5129982689576478
2017-11-09,0,0.4940386944163067
2017-11-10,1,0.5255196767813365
2017-11-13,0,0.5346526919700559
2017-11-14,0,0.5285199038163267
2017-11-15,1,0.532195043588121
2017-11-16,0,0.5183602536749257
2017-11-17,0,0.5243107527637294
2017-11-20,1,0.5327242338178818
2017-11-21,1,0.5279973267626468
2017-11-22,1,0.5269446645440813
2017-11-24,0,0.5282156911902276
2017-11-27,1,0.5198079459349898
2017-11-28,0,0.5183955250310515
2017-11-29,1,0.4896781818930119
2017-11-30,0,0.5029481160195626
2017-12-01,0,0.507189942294407
2017-12-04,1,0.5168769037979447
2017-12-05,1,0.5246141708380648
2017-12-06,1,0.5311085954466392
2017-12-07,1,0.5266332467209636
2017-12-08,1,0.5261576831700165
2017-12-11,0,0.5244095504255996
2017-12-12,1,0.5245179654715838
2017-12-13,0,0.5166772560493986
2017-12-14,1,0.5186150382070801
2017-12-15,1,0.5004251546125377
2017-12-18,0,0.5039065031523965
2017-12-19,0,0.5023076476548238
2017-12-20,1,0.5046717573246314
2017-12-21,0,0.5195913389153006
2017-12-22,0,0.5222273798720155
2017-12-26,1,0.5293409437463937
2017-12-27,1,0.5321277729843896
2017-12-28,0,0.5313985939373322
2017-12-29,1,0.5259028377799247
2018-01-02,1,0.5210581055582698
2018-01-03,1,0.5149382867194989
2018-01-04,1,0.5140763457992522
2018-01-05,1,0.50527056093743
2018-01-08,1,0.5062055063124985
2018-01-09,0,0.5055512348881159
2018-01-10,1,0.4975729296097139
2018-01-11,1,0.5137356915393116
2018-01-12,0,0.49096002489546237
2018-01-16,1,0.4878233488365232
2018-01-17,1,0.49704402282002835
2018-01-18,1,0.5121028723787829
2018-01-19,1,0.4995992435496468
2018-01-22,1,0.5146723504244908
2018-01-23,0,0.4965397586327603
2018-01-24,0,0.48686194708470015
2018-01-25,1,0.5189070098837982
2018-01-26,0,0.5100383516561627
2018-01-29,0,0.5066154535691598
2018-01-30,1,0.503734733864144
2018-01-31,0,0.5133692328109588
2018-02-01,0,0.5222124882627927
2018-02-02,0,0.5128392275346744
2018-02-05,1,0.5358771128456594
2018-02-06,0,0.5340022292033276
2018-02-07,0,0.539517009880773
2018-02-08,1,0.5604809288478292
2018-02-09,1,0.5535401197516029
2018-02-12,1,0.5425394789843397
2018-02-13,1,0.5325146420451682
2018-02-14,1,0.5090760100730375
2018-02-15,0,0.48577707619895755
2018-02-16,1,0.4734792506634432
2018-02-20,0,0.4702128895657524
2018-02-21,0,0.48136542971303786
2018-02-22,1,0.483020779113685
2018-02-23,1,0.4562543064870684
2018-02-26,0,0.4549617400657682
2018-02-27,0,0.4690336460175561
2018-02-28,0,0.48410975102180187
2018-03-01,1,0.49902852138112297
2018-03-02,1,0.5161823968836101
2018-03-05,1,0.5145533369733318
2018-03-06,1,0.5131853178502529
2018-03-07,1,0.5098285852490626
2018-03-08,1,0.5082674625303317
2018-03-09,1,0.4958313972335176
2018-03-12,0,0.4918389432893891
2018-03-13,0,0.48348052528349056
2018-03-14,0,0.498790820547728
2018-03-15,0,0.5052460181605555
2018-03-16,0,0.5113776915006962
2018-03-19,1,0.5027820989625885
2018-03-20,0,0.5332314957544951
2018-03-21,0,0.5280060677900256
2018-03-22,0,0.5287802036620323
2018-03-23,1,0.5517662105809636
2018-03-26,0,0.5451724188624809
2018-03-27,0,0.5372090050303755
2018-03-28,1,0.5439191905968092
2018-03-29,0,0.5338370155266607
2018-04-02,1,0.5314569640365571
2018-04-03,1,0.5262203490878224
2018-04-04,1,0.5060439185757208
2018-04-05,0,0.5010692857520312
2018-04-06,1,0.49679495337216456
2018-04-09,1,0.4975270916442539
2018-04-10,0,0.49000609870443457
2018-04-11,1,0.4816626075095389
2018-04-12,0,0.47710488632145953
2018-04-13,1,0.4797758866562907
2018-04-16,1,0.47883801692274125
2018-04-17,1,0.4636753575099052
2018-04-18,0,0.4687547273213594
2018-04-19,0,0.47972530970426586
2018-04-20,0,0.48297983433771724
2018-04-23,0,0.4990990180325173
2018-04-24,1,0.5095964072752641
2018-04-25,1,0.5210297428258325
2018-04-26,1,0.510620959423596
2018-04-27,0,0.4966865784865564
2018-04-30,1,0.5094466269859862
2018-05-01,0,0.5074456860824944
2018-05-02,0,0.5075177186384267
2018-05-03,1,0.491328474972163
2018-05-04,1,0.4877403232990532
2018-05-07,0,0.482415314546267
2018-05-08,1,0.4807323940187753
2018-05-09,1,0.4720755394752329
2018-05-10,0,0.47392323987951684
2018-05-11,1,0.47735092919151945
2018-05-14,0,0.4815676742842053
2018-05-15,1,0.48021280138142086
2018-05-16,0,0.5024191938973914
2018-05-17,0,0.5049459155216786
2018-05-18,1,0.5188261746645951
2018-05-21,0,0.5235616129783471
2018-05-22,1,0.5259672959875468
2018-05-23,0,0.5178314630437749
2018-05-24,1,0.5201280751372047
2018-05-25,0,0.5201776010437505
2018-05-29,1,0.5113568029747897
2018-05-30,0,0.5212917924596892
2018-05-31,1,0.5103063605331868
2018-06-01,1,0.4863030835801552
2018-06-04,1,0.5021757077021307
2018-06-05,1,0.4966886534390651
2018-06-06,0,0.49423360842608033
2018-06-07,1,0.48807518608540007
2018-06-08,1,0.5046504739158536
2018-06-11,1,0.517926257885248
2018-06-12,0,0.5166093204359977
2018-06-13,1,0.5030583062993143
2018-06-14,0,0.5019356540735094
2018-06-15,0,0.4962163153469065
2018-06-18,0,0.5216625267148374
2018-06-19,1,0.5209712358199617
2018-06-20,0,0.5270448111552893
2018-06-21,0,0.5172673018607323
2018-06-22,0,0.5348166384922026
2018-06-25,1,0.5125102612367546
2018-06-26,0,0.5420219917900625
2018-06-27,1,0.5366137576611374
2018-06-28,1,0.5390313750586606
2018-06-29,1,0.5376889284681095
2018-07-02,0,0.533022311260273
2018-07-03,1,0.5377491612026398
2018-07-05,1,0.530489326383041
2018-07-06,1,0.5091822206614206
2018-07-09,1,0.5040665555629003
2018-07-10,0,0.4970965293205517
2018-07-11,1,0.4978895073116775
2018-07-12,1,0.48696155132999525
2018-07-13,0,0.4879636368704979
2018-07-16,1,0.4977895564946459
2018-07-17,0,0.4945641087281775
2018-07-18,0,0.4995264902826164
2018-07-19,0,0.5057732801301934
2018-07-20,1,0.5132410878734699
2018-07-23,1,0.5273564678664782
2018-07-24,1,0.5141065036392061
2018-07-25,0,0.5036264585750727
2018-07-26,0,0.5033442700567541
2018-07-27,0,0.4996057917369043
2018-07-30,1,0.5162427165227325
2018-07-31,1,0.528276032019383
2018-08-01,1,0.5287476137324942
2018-08-02,1,0.5067082423681547
2018-08-03,1,0.5130475611677124
2018-08-06,1,0.5116591492787523
2018-08-07,1,0.5056520350990759
2018-08-08,0,0.51473685742824
2018-08-09,0,0.5166529356146352
2018-08-10,0,0.508053925293137
2018-08-13,1,0.5141605032650763
2018-08-14,0,0.51789216187025
2018-08-15,1,0.4983115181664165
2018-08-16,1,0.5257058700234924
2018-08-17,0,0.5201363668228198
2018-08-20,1,0.5304219109958502
2018-08-21,1,0.5293449441442739
2018-08-22,0,0.5338344897852898
2018-08-23,1,0.5290969594659812
2018-08-24,1,0.5230883811081087
2018-08-27,1,0.5074883312586257
2018-08-28,1,0.5121638452264976
2018-08-29,0,0.4924258688912872
2018-08-30,1,0.49229168158373793
2018-08-31,0,0.49595162714691154
2018-09-04,0,0.5004367729703362
2018-09-05,0,0.4987748744575365
2018-09-06,0,0.5102829391123971
2018-09-07,1,0.5175834565751907
2018-09-10,1,0.5372718746045718
2018-09-11,0,0.5310249356446581
2018-09-12,1,0.5251437535413079
2018-09-13,0,0.5253637704712999
2018-09-14,0,0.5221157558566575
2018-09-17,1,0.5264504458116483
2018-09-18,0,0.5253173603711073
2018-09-19,1,0.5183381373290717
2018-09-20,0,0.5063269302915976
2018-09-21,1,0.49605530499411293
2018-09-24,1,0.5024379257485935
2018-09-25,1,0.5174995854700938
2018-09-26,1,0.502942467074658
2018-09-27,0,0.5092889939367735
2018-09-28,1,0.5162266860520806
2018-10-01,0,0.5145254786555634
2018-10-02,1,0.5217108208386257
2018-10-03,0,0.5180851318697431
2018-10-04,0,0.48919431492318494
2018-10-05,0,0.5072230455462649
2018-10-08,1,0.5243495656580721
2018-10-09,0,0.532466382404713
2018-10-10,0,0.5301557453643738
2018-10-11,1,0.5496611785078761
2018-10-12,0,0.5416791206922479
2018-10-15,1,0.5433948536480888
2018-10-16,1,0.5175314892431844
2018-10-17,0,0.5041704241246598
2018-10-18,0,0.5051758716388567
2018-10-19,1,0.5049622120925876
2018-10-22,0,0.5047010895195483
2018-10-23,0,0.4982245527374765
2018-10-24,1,0.5049360934603243
2018-10-25,0,0.49148158205417614
2018-10-26,0,0.4925682090517341
2018-10-29,1,0.5126232167101302
2018-10-30,1,0.5192881587036895
2018-10-31,1,0.503977082769669
2018-11-01,0,0.48561435220210514
2018-11-02,0,0.481611420684227
2018-11-05,1,0.49963110752016154
2018-11-06,1,0.4966000179849353
2018-11-07,0,0.4515045040516487
2018-11-08,0,0.45846276329993774
2018-11-09,0,0.4623033075858341
2018-11-12,1,0.4772659017125269
2018-11-13,0,0.49289897012125833
2018-11-14,1,0.5040934652570178
2018-11-15,0,0.49859253591658154
2018-11-16,0,0.4927662975927127
2018-11-19,0,0.5127915637682201
2018-11-20,1,0.5224258592916562
2018-11-21,0,0.5471660869941598
2018-11-23,1,0.5514130603943178
2018-11-26,1,0.5196944439650848
2018-11-27,1,0.49425279954976187
2018-11-28,0,0.44906255038338944
2018-11-29,1,0.45008394156715087
2018-11-30,1,0.45723676053726847
2018-12-03,0,0.4393466320142515
2018-12-04,1,0.44422900426240963
2018-12-06,0,0.44887342634103694
2018-12-07,1,0.47618519251871655
2018-12-10,1,0.48303129473878403
2018-12-11,1,0.4940517697385855
2018-12-12,1,0.4893994766994875
2018-12-13,0,0.49945476874198313
2018-12-14,0,0.5085815531985536
2018-12-17,1,0.5258618496891897
2018-12-18,0,0.5385692316383978
2018-12-19,0,0.5296046100664525
2018-12-20,0,0.529855904570326
2018-12-21,0,0.5235607859112401
2018-12-24,1,0.5655294944581214
2018-12-26,1,0.5031424352291995
2018-12-27,0,0.481547214881787
2018-12-28,1,0.4807376073030785
2018-12-31,1,0.4745300510211562
2019-01-02,0,0.4610758392281631
2019-01-03,1,0.4817242936803237
2019-01-04,1,0.4548654863077074
2019-01-07,1,0.44247791603340886
2019-01-08,1,0.4253530312174675
2019-01-09,1,0.4117207068626748
2019-01-10,0,0.43373874579755733
2019-01-11,0,0.44892093664803945
2019-01-14,1,0.46561697105043154
2019-01-15,0,0.46192731845560075
2019-01-16,1,0.4668627003795744
2019-01-17,1,0.45575742889676935
2019-01-18,0,0.4593804725423376
2019-01-22,1,0.47703541654335646
2019-01-23,1,0.4939739022290985
2019-01-24,1,0.49313631907617594
2019-01-25,0,0.49008863597663016
2019-01-28,0,0.4967707880039276
2019-01-29,1,0.5050142204271899
2019-01-30,1,0.48946536063979074
2019-01-31,0,0.47573700453252
2019-02-01,1,0.4814381714641609
2019-02-04,1,0.48872063493702556
2019-02-05,0,0.47561864685704736
2019-02-06,0,0.48004303918882507
2019-02-07,1,0.48170012815534324
2019-02-08,0,0.5068034933991451
2019-02-11,1,0.5140345936719471
2019-02-12,1,0.4944942722551053
2019-02-13,1,0.5040416572351154
2019-02-14,1,0.5066896762357052
2019-02-15,1,0.5038961904483836
2019-02-19,0,0.5225400316149377
2019-02-20,0,0.5133191358389463
2019-02-21,1,0.5269582846799158
2019-02-22,1,0.5168669262517794
2019-02-25,1,0.5074816602282125
2019-02-26,0,0.5217272558446362
2019-02-27,0,0.5209270822919569
2019-02-28,1,0.5251230386860942
2019-03-01,1,0.5138144073621059
2019-03-04,1,0.5050199695943751
2019-03-05,0,0.5333542556523736
2019-03-06,0,0.5301270045117112
2019-03-07,0,0.5193792475193972
2019-03-08,1,0.5254601489835056
2019-03-11,1,0.5259919168157208
2019-03-12,1,0.5113027858252877
2019-03-13,0,0.49534440836648996
2019-03-14,1,0.519577733359206
2019-03-15,1,0.49875779341856996
2019-03-18,1,0.50580515508556
2019-03-19,1,0.5024530412484863
2019-03-20,1,0.4874290604226183
2019-03-21,0,0.4838536770410202
2019-03-22,0,0.47184504831848967
2019-03-25,1,0.5086000723428443
2019-03-26,0,0.5217647448809278
2019-03-27,1,0.5256085053155339
2019-03-28,1,0.5326018368507269
2019-03-29,1,0.5272434879056819
2019-04-01,1,0.5203649790240081
2019-04-02,1,0.5231658826597895
2019-04-03,0,0.5132900100277777
2019-04-04,1,0.5205747901763372
2019-04-05,1,0.513491615933359
2019-04-08,0,0.5148488637050421
2019-04-09,1,0.5164687508939656
2019-04-10,0,0.5151888028595093
2019-04-11,1,0.519956039666048
2019-04-12,1,0.5192161882240459
2019-04-15,1,0.5271543628668937
2019-04-16,1,0.5242177037861487
2019-04-17,1,0.5235215161298798
2019-04-18,1,0.5269834557371368
2019-04-22,1,0.5433485836134037
2019-04-23,0,0.5114197132856995
2019-04-24,1,0.5231030978148108
2019-04-25,1,0.5154609800159327
2019-04-26,1,0.5200882034297334
2019-04-29,0,0.5303421179727398
2019-04-30,0,0.5129985987217004
2019-05-01,0,0.5150102958694838
2019-05-02,1,0.5111079584143281
2019-05-03,0,0.5238891902054654
2019-05-06,0,0.5129532566883312
2019-05-07,0,0.5134562434433545
2019-05-08,0,0.5405298641366884
2019-05-09,1,0.5318274133098443
2019-05-10,0,0.5315687694080813
2019-05-13,1,0.5445316740274904
2019-05-14,1,0.5560451485035708
2019-05-15,1,0.5394236092515119
2019-05-16,0,0.5227068171626839
2019-05-17,0,0.5225797732224994
2019-05-20,1,0.5349756497666214
2019-05-21,0,0.5304354812231894
2019-05-22,0,0.5317939800734166
2019-05-23,0,0.5240020083183525
2019-05-24,0,0.5405802428898079
2019-05-28,0,0.5305077202531823
2019-05-29,1,0.5228725352683219
2019-05-30,0,0.5315394172895395
2019-05-31,0,0.5287952495095009
2019-06-03,1,0.5262563848200343
2019-06-04,1,0.5230937706743342
2019-06-05,1,0.516933944011245
2019-06-06,1,0.506775538180904
2019-06-07,1,0.4728534521668573
2019-06-10,1,0.46053098641430784
2019-06-11,0,0.4552860465097243
2019-06-12,1,0.4673583498321287
2019-06-13,0,0.4733085833999257
2019-06-14,1,0.47576367843617334
2019-06-17,1,0.47157797031305965
2019-06-18,1,0.4535900491613317
2019-06-19,1,0.4653632811704777
2019-06-20,0,0.4600028339993198
2019-06-21,0,0.47084251781021724
2019-06-24,0,0.49635664570883514
2019-06-25,1,0.503828401214578
2019-06-26,1,0.515181731530091
2019-06-27,1,0.5174797823665019
2019-06-28,1,0.5132654126835439
2019-07-01,1,0.49674883410863174
2019-07-02,1,0.5067087838492274
2019-07-03,0,0.5028162810734915
2019-07-05,0,0.5012580622737824
2019-07-08,1,0.51226286967095
2019-07-09,1,0.5133949891561661
2019-07-10,0,0.49429519188050236
2019-07-11,1,0.4998208155739264
2019-07-12,1,0.5028973267074764
2019-07-15,0,0.5053703575264595
2019-07-16,0,0.5090482223982346
2019-07-17,1,0.5218623789715301
2019-07-18,0,0.5148598880791876
2019-07-19,1,0.5193811861435083
2019-07-22,1,0.5302259031205129
2019-07-23,1,0.5187942910168436
2019-07-24,0,0.5209978224026132
2019-07-25,1,0.5166538604252043
2019-07-26,0,0.5203052348366481
2019-07-29,0,0.5205129653017296
2019-07-30,0,0.5269379112833336
2019-07-31,0,0.5014182705943225
2019-08-01,0,0.5064032094598226
2019-08-02,0,0.5247052156808624
2019-08-05,1,0.5443021926186462
2019-08-06,1,0.5608716697796235
2019-08-07,1,0.5474024236481263
2019-08-08,0,0.5277417530117177
2019-08-09,0,0.5280827417974634
2019-08-12,1,0.5382423032926356
2019-08-13,0,0.5138893353467607
2019-08-14,0,0.5145167203561146
2019-08-15,1,0.5273502336638567
2019-08-16,1,0.5092458023143296
2019-08-19,0,0.48528575509677896
2019-08-20,1,0.48842592819064534
2019-08-21,0,0.48518944425439237
2019-08-22,0,0.4911301377412918
2019-08-23,1,0.49796388992969076
2019-08-26,0,0.5112384070512146
2019-08-27,1,0.518038879488163
2019-08-28,1,0.5102894923470812
2019-08-29,0,0.493877445471177
2019-08-30,0,0.4933065422390596
2019-09-03,1,0.5030941995734721
2019-09-04,1,0.4969380429391988
2019-09-05,0,0.4711432889417971
2019-09-06,0,0.4817457704821674
2019-09-09,0,0.4718625549724171
2019-09-10,1,0.48137078872788475
2019-09-11,1,0.47849666235781246
2019-09-12,0,0.47337860444427204
2019-09-13,0,0.48149523614164624
2019-09-16,1,0.4961420228308717
2019-09-17,0,0.4951799323255976
2019-09-18,1,0.49115721628315984
2019-09-19,0,0.5065771628888689
2019-09-20,0,0.5111491685648343
2019-09-23,0,0.5272224022547491
2019-09-24,1,0.5029875958361902
2019-09-25,0,0.5111163859177399
2019-09-26,0,0.5248461678685747
2019-09-27,1,0.5130006451163504
2019-09-30,0,0.5268678258758002
2019-10-01,0,0.5186675388057116
2019-10-02,1,0.5130829116106014
2019-10-03,1,0.52274906158424
2019-10-04,0,0.5122160394402036
2019-10-07,0,0.5194212525728088
2019-10-08,1,0.5094067588131368
2019-10-09,1,0.523608267029066
2019-10-10,1,0.5079545763509005
2019-10-11,0,0.4773840373808271
2019-10-14,1,0.5036878111057644
2019-10-15,0,0.4857085736599154
2019-10-16,1,0.48321589697790646
2019-10-17,0,0.4898927971859085
2019-10-18,1,0.49533324378637517
2019-10-21,0,0.5060612708838798
2019-10-22,1,0.4994301584932514
2019-10-23,1,0.512563799013173
2019-10-24,1,0.5058846142449331
2019-10-25,1,0.5006218627384836
2019-10-28,0,0.4959422546443884
2019-10-29,1,0.5035386910247425
2019-10-30,1,0.5007070725479308
2019-10-31,1,0.4954924777169646
2019-11-01,1,0.4955317260005097
2019-11-04,1,0.4983580643121101
2019-11-05,0,0.5010983261468756
2019-11-06,1,0.4975718155893598
2019-11-07,1,0.5040594009016746
2019-11-08,0,0.5134031921744568
2019-11-11,1,0.5288362516555258
2019-11-12,1,0.5194504409291694
2019-11-13,0,0.5202431650724209
2019-11-14,1,0.5216048868655921
2019-11-15,1,0.5185399129799003
2019-11-18,1,0.5208897328607474
2019-11-19,0,0.5248184865842288
2019-11-20,0,0.4939259996316374
2019-11-21,1,0.5301659557745064
2019-11-22,1,0.5346113743541773
2019-11-25,1,0.5272110550644076
2019-11-26,1,0.5287888176126098
2019-11-27,0,0.5199764394682538
2019-11-29,0,0.5297852115160308
2019-12-02,0,0.5099252452039726
2019-12-03,1,0.5177868583894094
2019-12-04,1,0.5409937001583838
2019-12-05,1,0.5368359716231454
2019-12-06,0,0.5256743941247379
2019-12-09,0,0.526879832041359
2019-12-10,1,0.5218539940312822
2019-12-11,1,0.5244069297314159
2019-12-12,1,0.5042129081542849
2019-12-13,1,0.5015761493748195
2019-12-16,1,0.5053043345257544
2019-12-17,1,0.507155945762284
2019-12-18,1,0.5106315240165438
2019-12-19,1,0.5055084096504483
2019-12-20,1,0.49442297180923594
2019-12-23,1,0.5000993720237251
2019-12-24,1,0.5235813809352426
2019-12-26,0,0.5104271978935104
2019-12-27,0,0.5139645715279066
2019-12-30,1,0.5169337492010058
2019-12-31,1,0.5292497231463604
2020-01-02,0,0.5012974176396935
2020-01-03,1,0.5062100646973117
2020-01-06,0,0.5160316506776025
2020-01-07,1,0.5169515002656219
2020-01-08,1,0.5098926536252797
2020-01-09,0,0.5067858094293866
2020-01-10,1,0.5120050841396119
2020-01-13,0,0.5045266880169211
2020-01-14,1,0.49888599004976625
2020-01-15,1,0.5026653268901752
2020-01-16,1,0.5158498546824362
2020-01-17,0,0.5011684968854545
2020-01-21,1,0.5117482703117431
2020-01-22,1,0.5133199736931235
2020-01-23,0,0.5061699812373571
2020-01-24,0,0.49614010655954793
2020-01-27,1,0.5113525711242229
2020-01-28,1,0.5365595183818203
2020-01-29,1,0.5277306475641684
2020-01-30,0,0.5112130962293644
2020-01-31,1,0.5149795027407753
2020-02-03,1,0.5370961753417498
2020-02-04,1,0.5078348387738909
2020-02-05,1,0.4901761499828881
2020-02-06,0,0.4994716553127549
2020-02-07,1,0.49573854290811914
2020-02-10,1,0.4878772790820864
2020-02-11,1,0.4844982640323111
2020-02-12,0,0.4869281005401855
2020-02-13,1,0.4919285907650172
2020-02-14,1,0.49044961472519427
2020-02-18,1,0.49853261913867575
2020-02-19,0,0.5062490461363229
2020-02-20,0,0.4954256103365129
2020-02-21,0,0.5059884461756241
2020-02-24,0,0.5413700579974122
2020-02-25,1,0.582144510920814
2020-02-26,0,0.5946013199299589
2020-02-27,1,0.6180216646922922
2020-02-28,1,0.6205067300449241
2020-03-02,0,0.5757815327490823
2020-03-03,1,0.5656057624206344
2020-03-04,0,0.5444270032980786
2020-03-05,0,0.5400063057351642
2020-03-06,0,0.5466286460678398
2020-03-09,1,0.5792576353640019
2020-03-10,0,0.5423043216083782
2020-03-11,0,0.5537697299074394
2020-03-12,1,0.59503202080766
2020-03-13,0,0.5414704324620919
2020-03-16,1,0.6133102507996232
2020-03-17,0,0.5594674155318115
2020-03-18,1,0.5632688107304765
2020-03-19,0,0.5419490190880643
2020-03-20,0,0.551906019719228
2020-03-23,1,0.51962800168867
2020-03-24,0,0.47384912559671966
2020-03-25,1,0.4341106669769348
2020-03-26,0,0.35687084396043567
2020-03-27,1,0.3878698057443246
2020-03-30,0,0.33894027129383275
2020-03-31,0,0.35388145812659283
2020-04-01,1,0.3941668930572555
2020-04-02,0,0.40077241889917636
2020-04-03,1,0.4042498276107336
2020-04-06,0,0.34747887839665387
2020-04-07,1,0.35815918326800195
2020-04-08,1,0.35255442679526333
2020-04-09,1,0.3631124341012096
2020-04-13,1,0.3669418568643427
2020-04-14,0,0.3480056522445136
2020-04-15,1,0.3617812192189226
2020-04-16,1,0.3430049753283155
2020-04-17,0,0.3454647329631835
2020-04-20,0,0.3658955544785474
2020-04-21,1,0.4115927984518668
2020-04-22,0,0.43338156669066585
2020-04-23,1,0.4418868870287176
2020-04-24,1,0.44870070128300626
2020-04-27,0,0.44590661491231187
2020-04-28,1,0.4756323320853038
2020-04-29,0,0.4532731314683146
2020-04-30,0,0.45854528989796145
2020-05-01,1,0.4851129848424663
2020-05-04,1,0.49374520731455424
2020-05-05,1,0.4753473018371495
2020-05-06,1,0.4786289148045507
2020-05-07,1,0.46697505165138004
2020-05-08,1,0.46295887754860743
2020-05-11,0,0.45504530306750196
2020-05-12,0,0.4692817950458247
2020-05-13,1,0.4888859959471149
2020-05-14,1,0.5032111506652369
2020-05-15,1,0.4898333969524873
2020-05-18,0,0.4898439614786303
2020-05-19,1,0.4970717254060646
2020-05-20,0,0.48397587577263884
2020-05-21,1,0.4882502227273736
2020-05-22,0,0.5121749450916594
2020-05-26,1,0.5188521589399205
2020-05-27,0,0.49264612770796146
2020-05-28,1,0.5071869959302786
2020-05-29,1,0.4948770973690369
2020-06-01,1,0.5139803182444531
2020-06-02,1,0.5085540411907273
2020-06-03,0,0.5016765021856582
2020-06-04,1,0.5143500082168998
2020-06-05,1,0.49381753377556536
2020-06-08,1,0.5001410992055069
2020-06-09,1,0.49423596894122507
2020-06-10,0,0.4696615090434056
2020-06-11,1,0.49151864521790734
2020-06-12,1,0.5156130453572868
2020-06-15,1,0.5257745280420002
2020-06-16,1,0.5095048064762074
2020-06-17,1,0.5128521908145782
2020-06-18,0,0.511703118005619
2020-06-19,1,0.5069468742588382
2020-06-22,1,0.519572421394625
2020-06-23,0,0.5080928593110159
2020-06-24,1,0.5190139165560169
2020-06-25,0,0.5116920476384456
2020-06-26,1,0.5211245112083637
2020-06-29,1,0.5374531111341342
2020-06-30,1,0.5201921166813521
2020-07-01,1,0.5064461958331513
2020-07-02,1,0.4975723611409357
2020-07-06,0,0.47107942347578374
2020-07-07,1,0.47350383915911387
2020-07-08,1,0.47624594220605826
2020-07-09,1,0.45906103416443444
2020-07-10,0,0.4673876691000697
2020-07-13,1,0.45014469132117796
2020-07-14,1,0.4604988008377071
2020-07-15,0,0.48453460739461407
2020-07-16,1,0.5056327758525051
2020-07-17,1,0.5240026526830015
2020-07-20,0,0.5049934679173141
2020-07-21,1,0.5042887929415346
2020-07-22,0,0.5238492535178395
2020-07-23,0,0.5344946270551454
2020-07-24,1,0.5576379411332365
2020-07-27,0,0.5529311991611173
2020-07-28,1,0.5604825408801809
2020-07-29,1,0.5547787342781391
2020-07-30,1,0.5307384237449694
2020-07-31,1,0.5003627350558957
2020-08-03,1,0.5058728186977389
2020-08-04,1,0.4978640795716693
2020-08-05,1,0.4992343819063004
2020-08-06,0,0.47727546197984905
2020-08-07,0,0.4736105102815851
2020-08-10,0,0.49854481436675835
2020-08-11,1,0.5109656296222393
2020-08-12,1,0.505275977608317
2020-08-13,0,0.5050109305571024
2020-08-14,1,0.5127726334308392
2020-08-17,1,0.5172853046475667
2020-08-18,0,0.5088301139387443
2020-08-19,1,0.508579442359673
2020-08-20,1,0.5093072612788073
2020-08-21,1,0.48858783830990576
2020-08-24,1,0.4798513350736512
2020-08-25,1,0.4680541310133214
2020-08-26,0,0.4459181750496026
2020-08-27,1,0.43842892200482353
2020-08-28,1,0.4617934456550838
2020-08-31,1,0.45510337557508984
2020-09-01,1,0.44671384113984075
2020-09-02,0,0.4228750607455527
2020-09-03,0,0.45755657820439144
2020-09-04,0,0.5132317418627729
2020-09-08,1,0.5885746717820249
2020-09-09,0,0.5961677135831257
2020-09-10,0,0.6123654716918444
2020-09-11,1,0.6192887952865297
2020-09-14,1,0.6085769147924062
2020-09-15,0,0.5803242163085782
2020-09-16,0,0.5847605589660281
2020-09-17,0,0.5873926828903704
2020-09-18,1,0.582075059967825
2020-09-21,1,0.5815167341239931
2020-09-22,0,0.543723182943694
2020-09-23,1,0.5594588589229369
2020-09-24,1,0.546225413083648
2020-09-25,1,0.5179703802628166
2020-09-28,0,0.4868637911069119
2020-09-29,1,0.4935320635686114
2020-09-30,1,0.4770438796229825
2020-10-01,0,0.4582453271112716
2020-10-02,1,0.468870162489876
2020-10-05,0,0.47937348470121127
2020-10-06,1,0.48738656208584885
2020-10-07,1,0.48085923240907247
2020-10-08,1,0.47076561091704333
2020-10-09,1,0.4561329027680916
2020-10-12,0,0.4055733828547913
2020-10-13,0,0.40443819592419333
2020-10-14,0,0.43219386126734466
2020-10-15,0,0.4529955078812464
2020-10-16,0,0.4623056473700301
2020-10-19,1,0.496908263601789
2020-10-20,0,0.5069762899928463
2020-10-21,0,0.5181519108873289
2020-10-22,1,0.5183544032529853
2020-10-23,0,0.5259439890680038
2020-10-26,1,0.5438548161458944
2020-10-27,0,0.548447235221105
2020-10-28,1,0.5654267032838185
2020-10-29,0,0.5679523501438102
2020-10-30,1,0.5666329062398416
2020-11-02,1,0.5789778538136063
2020-11-03,1,0.5517683996342019
2020-11-04,1,0.47408704361779014
2020-11-05,1,0.43315400264944415
2020-11-06,0,0.42107155726698337
2020-11-09,0,0.4126996008814143
2020-11-10,1,0.45737020793386346
2020-11-11,0,0.4566829424359
2020-11-12,1,0.46635378914491876
2020-11-13,1,0.46069961948254723
2020-11-16,0,0.44992786425539405
2020-11-17,0,0.4615134731120656
2020-11-18,1,0.48637697383185075
2020-11-19,0,0.49995549541899886
2020-11-20,1,0.5110658268704772
2020-11-23,1,0.5125308067992234
2020-11-24,1,0.49816042900221025
2020-11-25,1,0.49471377228424224
2020-11-27,1,0.4833915814363201
2020-11-30,1,0.4744120212641409
2020-12-01,1,0.4617311815376213
2020-12-02,1,0.4572818166209341
2020-12-03,1,0.46215875623707325
2020-12-04,1,0.47167259721786087
2020-12-07,1,0.47038097379934674
2020-12-08,0,0.4753408873497237
2020-12-09,1,0.467646130354013
2020-12-10,0,0.510205074154402
2020-12-11,1,0.5218517747283576
2020-12-14,1,0.5195983642020869
2020-12-15,1,0.5180776044252278
2020-12-16,1,0.5113074086875661
2020-12-17,0,0.5058467622545577
2020-12-18,0,0.4881835077713464
2020-12-21,1,0.5028255273187476
2020-12-22,0,0.5182481173804975
2020-12-23,1,0.524076159062215
2020-12-24,1,0.5299459377286013
2020-12-28,1,0.5144835049886518
2020-12-29,1,0.5083273781842271
2020-12-30,1,0.5220678021695546
2020-12-31,0,0.5206995708715588
2021-01-04,1,0.5129991841822151
2021-01-05,0,0.5306852608555331
2021-01-06,1,0.5232917976661838
2021-01-07,1,0.5272189844167523
2021-01-08,0,0.49896893655276503
2021-01-11,0,0.5053964067225932
2021-01-12,1,0.5195609136922046
2021-01-13,0,0.5210822610261138
2021-01-14,0,0.5252338393864405
2021-01-15,1,0.5274805768364108
2021-01-19,1,0.5245104927047215
2021-01-20,1,0.4900309224637136
2021-01-21,0,0.4702676603752385
2021-01-22,1,0.4790400718804424
2021-01-25,1,0.46138616864744514
2021-01-26,0,0.4708285659119399
2021-01-27,1,0.4756295506158974
2021-01-28,0,0.5039609913063746
2021-01-29,1,0.5208846870560853
2021-02-01,1,0.5216242874617344
2021-02-02,0,0.5006885196886176
2021-02-03,1,0.5096635144174542
2021-02-04,1,0.5008362251069209
2021-02-05,1,0.4927609044448668
2021-02-08,0,0.49144568234759656
2021-02-09,0,0.49506638015007254
2021-02-10,1,0.4840294723988707
2021-02-11,1,0.49003421937989716
2021-02-12,0,0.48009638147659583
2021-02-16,0,0.4843825761090361
2021-02-17,0,0.49680948539598496
2021-02-18,0,0.5090898026133236
2021-02-19,0,0.5216555722586883
2021-02-22,0,0.5507234759324274
2021-02-23,1,0.554972855029537
2021-02-24,0,0.5724139495250774
2021-02-25,1,0.5854280309916563
2021-02-26,1,0.5986645569779048
2021-03-01,0,0.5776690067367385
2021-03-02,0,0.5713847683851402
2021-03-03,0,0.5855555105881947
2021-03-04,1,0.5960421076068568
2021-03-05,0,0.5878863270583682
2021-03-08,1,0.6011467994414893
2021-03-09,0,0.5621073831493669
2021-03-10,1,0.5410897716629192
2021-03-11,0,0.49827165495930736
2021-03-12,1,0.48320632803396796
2021-03-15,1,0.4851899332151485
2021-03-16,1,0.465683172617367
2021-03-17,0,0.44292921715158584
2021-03-18,1,0.4674521405564006
2021-03-19,1,0.48721116312339613
2021-03-22,0,0.4696541326946096
2021-03-23,0,0.4795148870134536
2021-03-24,0,0.4959546766973051
2021-03-25,1,0.508704179360035
2021-03-26,0,0.49735271184531
2021-03-29,0,0.5021864997160408
2021-03-30,1,0.513268862104754
2021-03-31,1,0.4958444742313199
2021-04-01,1,0.4581294748279914
2021-04-05,0,0.4334828677440002
2021-04-06,1,0.4309298064413084
2021-04-07,1,0.4302727722323986
2021-04-08,1,0.41707639181002476
2021-04-09,0,0.4097972889101043
2021-04-12,1,0.42536266348987595
2021-04-13,0,0.4208547262758408
2021-04-14,1,0.43128406167339556
2021-04-15,1,0.43878019081576036
2021-04-16,0,0.44672051438185145
2021-04-19,0,0.47408862774746047
2021-04-20,1,0.49548526922050495
2021-04-21,0,0.5018011397845299
2021-04-22,1,0.5151463104127337
2021-04-23,1,0.5193605905418478
2021-04-26,0,0.5155118501407648
2021-04-27,0,0.5187281600284749
2021-04-28,1,0.5197989249510576
2021-04-29,0,0.5186353838112064
2021-04-30,0,0.5242252282055236
2021-05-03,0,0.5486053449633261
2021-05-04,0,0.5278680885611757
2021-05-05,1,0.564972305673624
2021-05-06,1,0.5571379776514132
2021-05-07,0,0.5428148683854481
2021-05-10,0,0.5565567795354709
2021-05-11,0,0.5614185543034153
2021-05-12,1,0.5801442550431857
2021-05-13,1,0.5957291022075585
2021-05-14,0,0.5770101681536516
2021-05-17,0,0.5649948743499905
2021-05-18,1,0.55851146895243
2021-05-19,1,0.5355448547131764
2021-05-20,0,0.5196186953566386
2021-05-21,1,0.5118984827483557
2021-05-24,1,0.49313638757606554
2021-05-25,1,0.4806348652992498
2021-05-26,0,0.46801239717123205
2021-05-27,1,0.48087505445068646
2021-05-28,0,0.48603087512067944
2021-06-01,1,0.49344323928493533
2021-06-02,0,0.49568360195730965
2021-06-03,1,0.49890341775745684
2021-06-04,1,0.4873556492609148
2021-06-07,1,0.49225777346474303
2021-06-08,1,0.5035247761753793
2021-06-09,1,0.5095519635797315
2021-06-10,1,0.49307341702947133
2021-06-11,1,0.5053628191674197
2021-06-14,0,0.4940041091296708
2021-06-15,0,0.4947074413536317
2021-06-16,1,0.48437689795421723
2021-06-17,0,0.4629718138079926
2021-06-18,1,0.48795384470785536
2021-06-21,1,0.5076294451013643
2021-06-22,1,0.5062985907111693
2021-06-23,1,0.5121315965472727
2021-06-24,0,0.5098343746350734
2021-06-25,1,0.5200607625040148
2021-06-28,1,0.5047888839129332
2021-06-29,0,0.51586417501144
2021-06-30,1,0.5175397779552084
2021-07-01,1,0.5295518080761047
2021-07-02,1,0.5150424732779154
2021-07-06,1,0.5131256153907591
2021-07-07,0,0.523605535438934
2021-07-08,1,0.5165291309580637
2021-07-09,1,0.5325473807632818
2021-07-12,0,0.5450803704585336
2021-07-13,1,0.5411993448525991
2021-07-14,0,0.5499518791610134
2021-07-15,0,0.5349409918047914
2021-07-16,0,0.5466200910384402
2021-07-19,1,0.5403559768553523
2021-07-20,1,0.5546005983018375
2021-07-21,1,0.5623038594225276
2021-07-22,1,0.5522263722767817
2021-07-23,1,0.5381462833130216
2021-07-26,0,0.5431503524594313
2021-07-27,1,0.5239173680906241
2021-07-28,1,0.5391200786102996
2021-07-29,0,0.5565756628092438
2021-07-30,1,0.5470681586739865
2021-08-02,1,0.552709223003363
2021-08-03,1,0.5414515734160363
2021-08-04,1,0.5498420746210025
2021-08-05,0,0.5525208048586482
2021-08-06,1,0.549563353747817
2021-08-09,0,0.5565854773229985
2021-08-10,0,0.5495166583806641
2021-08-11,1,0.5530499129361546
2021-08-12,1,0.5581943898899244
2021-08-13,1,0.5574052608180401
2021-08-16,0,0.5376812020717177
2021-08-17,0,0.5300889178905136
2021-08-18,1,0.5430017827885004
2021-08-19,1,0.5301572316760947
2021-08-20,1,0.5312885432310006
2021-08-23,1,0.5230653443830503
2021-08-24,1,0.5318883903882499
2021-08-25,0,0.5287277543622643
2021-08-26,1,0.5244699330689023
2021-08-27,1,0.5198703734551201
2021-08-30,0,0.512562224123686
2021-08-31,1,0.5111436878192269
2021-09-01,0,0.5105956410559742
2021-09-02,1,0.5194850836838178
2021-09-03,1,0.5252156180190494
2021-09-07,0,0.536242197064533
2021-09-08,0,0.5308064760097935
2021-09-09,0,0.5408042837935079
2021-09-10,0,0.5311634912911721
2021-09-13,0,0.5279806486018837
2021-09-14,1,0.5449843720753332
2021-09-15,1,0.5463979961800283
2021-09-16,0,0.5434507587418524
2021-09-17,0,0.5191696670541706
2021-09-20,1,0.5333739572256068
2021-09-21,1,0.555689713649153
2021-09-22,1,0.54167710822318
2021-09-23,1,0.531079048602214
2021-09-24,0,0.5284046387856787
2021-09-27,0,0.5221702711188223
2021-09-28,0,0.5157893853942375
2021-09-29,0,0.5387073189714969
2021-09-30,1,0.539661887277233
2021-10-01,0,0.52806458494334
2021-10-04,1,0.5259097682743021
2021-10-05,1,0.5169899914745011
2021-10-06,1,0.5029627909239717
2021-10-07,0,0.503114922172735
2021-10-08,0,0.5047582370005383
2021-10-11,0,0.5080240452109026
2021-10-12,1,0.49389164614669034
2021-10-13,1,0.4862030672607158
2021-10-14,1,0.46399712971454016
2021-10-15,1,0.4613234877662801
2021-10-18,1,0.44513456327067136
2021-10-19,0,0.44538968959268094
2021-10-20,1,0.45267073092180016
2021-10-21,0,0.46123607318870447
2021-10-22,1,0.47090721389067597
2021-10-25,1,0.46673348414543997
2021-10-26,1,0.4602181945738485
2021-10-27,1,0.46613445660311664
2021-10-28,1,0.472483131430547
2021-10-29,1,0.476066161078131
2021-11-01,1,0.49343760519573465
2021-11-02,1,0.5063530531436923
2021-11-03,1,0.4873757941396036
2021-11-04,1,0.47321335066402453
2021-11-05,0,0.47482997375481195
2021-11-08,0,0.5106122550167865
2021-11-09,0,0.4922067174072004
2021-11-10,1,0.508808520376798
2021-11-11,1,0.546490406196828
2021-11-12,0,0.5414170963559752
2021-11-15,1,0.5464696635078738
2021-11-16,1,0.5493810555607798
2021-11-17,1,0.5529621559049861
2021-11-18,1,0.5280667986987301
2021-11-19,0,0.529102402460399
2021-11-22,0,0.5257494652399756
2021-11-23,1,0.5274669203876865
2021-11-24,0,0.5415629662665999
2021-11-26,1,0.5575938683270962
2021-11-29,0,0.5328037586336115
2021-11-30,0,0.5321569523105335
2021-12-01,1,0.5542571559061156
2021-12-02,0,0.5431174812864359
2021-12-03,1,0.5587858141689706
2021-12-06,1,0.568977349928669
2021-12-07,1,0.5299585127125142
2021-12-08,0,0.5272598015684418
2021-12-09,1,0.5351025399446697
2021-12-10,0,0.5065423774062952
2021-12-13,0,0.5343490261740931
2021-12-14,1,0.5298263286140236
2021-12-15,0,0.49511652112913984
2021-12-16,0,0.5230460210200104
2021-12-17,0,0.5203073133851972
2021-12-20,1,0.5429628404716758
2021-12-21,1,0.5307857090516191
2021-12-22,1,0.5255406980647463
2021-12-23,1,0.5089338000747929
2021-12-27,0,0.4861823025158737
2021-12-28,0,0.48769548833738813
2021-12-29,0,0.48682044696237836
2021-12-30,0,0.5054112110811398
2021-12-31,1,0.5027819853614386
2022-01-03,0,0.48752779065878993
2022-01-04,0,0.4886844424565005
2022-01-05,0,0.5253938571431924
2022-01-06,0,0.5328387859754218
2022-01-07,1,0.548130144891529
2022-01-10,1,0.5440407679296484
2022-01-11,1,0.5319058276040763
2022-01-12,0,0.5249984072939379
2022-01-13,1,0.5379818230197737
2022-01-14,0,0.5167112749501249
2022-01-18,0,0.5479588231510901
2022-01-19,0,0.5449702123943204
2022-01-20,0,0.5388663764465883
2022-01-21,1,0.5425490470209485
2022-01-24,0,0.513240761538336
2022-01-25,0,0.5496989866485205
2022-01-26,0,0.5345752909893304
2022-01-27,1,0.5482053162230948
2022-01-28,1,0.4821935651290477
2022-01-31,1,0.4434437671353543
2022-02-01,1,0.4262567788729514
2022-02-02,0,0.40671571005335716
2022-02-03,1,0.44330308978925953
2022-02-04,0,0.41784888504112433
2022-02-07,1,0.4428548010919912
2022-02-08,1,0.41724310358336153
2022-02-09,0,0.39648416262924335
2022-02-10,0,0.4034819943264923
2022-02-11,1,0.4578837683422086
2022-02-14,1,0.47440327498946605
2022-02-15,0,0.4589715183606649
2022-02-16,0,0.46926957853505546
2022-02-17,0,0.4883573305000729
2022-02-18,0,0.49000028040030746
2022-02-22,0,0.49193216129210354
2022-02-23,1,0.5214583454751601
2022-02-24,1,0.4525182331249355
2022-02-25,1,0.4454224446283461
2022-02-28,0,0.42451351004309884
2022-03-01,1,0.4441728614942353
2022-03-02,0,0.4255502063193869
2022-03-03,0,0.4530511610046168
2022-03-04,0,0.4583089422627777
2022-03-07,0,0.49141129766981084
2022-03-08,1,0.47019506958838786
2022-03-09,0,0.4407254484027788
2022-03-10,0,0.4651855725775063
2022-03-11,0,0.49083903744691465
2022-03-14,1,0.4960878011481389
2022-03-15,1,0.44564005168350024
2022-03-16,1,0.3987951150029037
2022-03-17,1,0.4058247446702094
2022-03-18,0,0.36818272889183973
2022-03-21,1,0.3698094526478626
2022-03-22,0,0.35607701209504733
2022-03-23,1,0.3928398987597954
2022-03-24,0,0.3835740101694084
2022-03-25,1,0.3918565230542205
2022-03-28,1,0.3759380658731228
2022-03-29,0,0.3724143377328607
2022-03-30,0,0.4126565646852103
2022-03-31,0,0.4500482603711915
2022-04-01,1,0.4813674735985346
2022-04-04,0,0.4714688822647782
2022-04-05,0,0.5082335739417381
2022-04-06,1,0.512476467930659
2022-04-07,0,0.5390987110986067
2022-04-08,0,0.5585571394802727
2022-04-11,0,0.5852962045524139
2022-04-12,1,0.5815093064657448
2022-04-13,0,0.5554382563621837
2022-04-14,1,0.5618864125018336
2022-04-18,1,0.5626985242147104
2022-04-19,0,0.5350268433476819
2022-04-20,0,0.5336582140050249
2022-04-21,0,0.5304793704398706
2022-04-22,1,0.5469262758850264
2022-04-25,0,0.5040646960099671
2022-04-26,0,0.5442036228757731
2022-04-27,1,0.5246226288908306
2022-04-28,0,0.48555324546650863
2022-04-29,1,0.5295159473736689
2022-05-02,1,0.48131199729485075
2022-05-03,1,0.5025866851408809
2022-05-04,0,0.4314904153170836
2022-05-05,0,0.4783113844105359
2022-05-06,0,0.4735380577070377
2022-05-09,1,0.5327903840305868
2022-05-10,0,0.48295818428391046
2022-05-11,0,0.5071856777394219
2022-05-12,1,0.5084658729498875
2022-05-13,0,0.4475327545963948
2022-05-16,1,0.4663282114669665
2022-05-17,0,0.42813709653873555
2022-05-18,0,0.4940919786248239
2022-05-19,0,0.47111897519118495
2022-05-20,1,0.46340158200074466
2022-05-23,0,0.43203452127646474
2022-05-24,1,0.4548669043056058
2022-05-25,1,0.4109530949622529
2022-05-26,1,0.3785990736971509
2022-05-27,0,0.3529180748384331
2022-05-31,0,0.36317834528449716
2022-06-01,1,0.38346489136519496
2022-06-02,0,0.3511628156114702
2022-06-03,1,0.39597905741220474
2022-06-06,1,0.4013084649610355
2022-06-07,0,0.40620816487061734
2022-06-08,0,0.4164306035798287
2022-06-09,0,0.4503893121863224
2022-06-10,0,0.4740217051230806
2022-06-13,1,0.5378459428728247
2022-06-14,1,0.5469746089813643
2022-06-15,0,0.49566055244404106
2022-06-16,1,0.5511357517070485
2022-06-17,1,0.502343377340205
2022-06-21,0,0.4811460563419615
2022-06-22,1,0.46983891095226893
2022-06-23,1,0.4518544132493417
2022-06-24,0,0.3951470862115027
2022-06-27,0,0.4010066721800141
2022-06-28,1,0.4182981520273238
2022-06-29,0,0.41622816332783485
2022-06-30,1,0.4287407860239891
2022-07-01,1,0.42976989549083056
2022-07-05,1,0.4118446343940773
2022-07-06,1,0.41443216077687994
2022-07-07,1,0.40187613500158886
2022-07-08,0,0.4146648031069349
2022-07-11,0,0.46652018819863655
2022-07-12,0,0.4821138286466838
2022-07-13,1,0.45980235338980163
2022-07-14,1,0.46840388020990514
2022-07-15,0,0.44382798040089516
2022-07-18,1,0.45930088094700977
2022-07-19,1,0.43131287556906384
2022-07-20,1,0.4048018984595771
2022-07-21,0,0.42372452690828993
2022-07-22,0,0.45369998350280194
2022-07-25,0,0.48265945216058104
2022-07-26,1,0.5000706891788788
2022-07-27,1,0.427043520398903
2022-07-28,1,0.4475032185100697
2022-07-29,0,0.4310719124637872
2022-08-01,0,0.45166229557422694
2022-08-02,1,0.46723930281337095
2022-08-03,1,0.4464552249423331
2022-08-04,0,0.4819460746167626
2022-08-05,0,0.48222408642073883
2022-08-08,0,0.5041734343476786
2022-08-09,1,0.5184550257100445
2022-08-10,0,0.49133327682320843
2022-08-11,1,0.5173945370074093
2022-08-12,1,0.5086741377545119
2022-08-15,0,0.5086043246624724
2022-08-16,0,0.5128782866251825
2022-08-17,1,0.53681536836332
2022-08-18,0,0.5499698523582177
2022-08-19,0,0.562594670230223
2022-08-22,0,0.5908804053027167
2022-08-23,1,0.5947290642197401
2022-08-24,1,0.6008001539691767
2022-08-25,0,0.5734606382986361
2022-08-26,0,0.5752534375296368
2022-08-29,0,0.6032903857130655
2022-08-30,0,0.601825293188968
2022-08-31,1,0.5975586237281189
2022-09-01,0,0.5807491916868811
2022-09-02,0,0.5675991043084812
2022-09-06,1,0.5603831665765533
2022-09-07,1,0.5292855495079944
2022-09-08,1,0.509699718574535
2022-09-09,1,0.48467023928057895
2022-09-12,0,0.4688459196844728
2022-09-13,1,0.4908211458526289
2022-09-14,0,0.4944766559639104
2022-09-15,0,0.5021571695299546
2022-09-16,1,0.495366718466148
2022-09-19,0,0.5034382473298723
2022-09-20,0,0.4970741979279595
2022-09-21,0,0.4910892885535365
2022-09-22,0,0.5149736237924974
2022-09-23,0,0.5255238962914025
2022-09-26,1,0.5315263349240668
2022-09-27,1,0.5033765011871243
2022-09-28,0,0.46406109850307065
2022-09-29,0,0.4829316186378112
2022-09-30,1,0.48647872903591693
2022-10-03,1,0.46472773161434533
2022-10-04,0,0.4191445904214924
2022-10-05,0,0.4277771446894849
2022-10-06,0,0.4288480413224063
2022-10-07,0,0.44954705488062346
2022-10-10,0,0.46953026615747406
2022-10-11,0,0.4803333733764835
2022-10-12,1,0.49860577512751186
2022-10-13,0,0.4090275922164916
2022-10-14,1,0.455930952759905
2022-10-17,1,0.42562120055001634
2022-10-18,0,0.4290939801958911
2022-10-19,0,0.4483873757473637
2022-10-20,1,0.45041979439186264
2022-10-21,1,0.39533641136983255
2022-10-24,1,0.39903022869261634
2022-10-25,0,0.37979472746851306
2022-10-26,0,0.40752719868164244
2022-10-27,1,0.44110570282279205
2022-10-28,0,0.3946443811069743
2022-10-31,0,0.4421139601581157
2022-11-01,0,0.46643102348232635
2022-11-02,0,0.4831250530200821
2022-11-03,1,0.5067347737704746
2022-11-04,1,0.48976430120552034
2022-11-07,1,0.5016387334905567
2022-11-08,0,0.48725292165229833
2022-11-09,1,0.4989352998051912
2022-11-10,1,0.36844583503273876
2022-11-11,0,0.3977280568848166
2022-11-14,1,0.4232637165436959
2022-11-15,0,0.3953896546817828
2022-11-16,0,0.4271703447834744
2022-11-17,1,0.42906620461638084
2022-11-18,0,0.44423596460084924
2022-11-21,1,0.4751868070156358
2022-11-22,1,0.4664040322534226
2022-11-23,0,0.4486266060220241
2022-11-25,0,0.5053485099121351
2022-11-28,0,0.522320239646151
2022-11-29,1,0.532650208508959
2022-11-30,1,0.46639412295427524
2022-12-01,0,0.48586551386034843
2022-12-02,0,0.4878910478042793
2022-12-05,0,0.5115205932481345
2022-12-06,0,0.5200358361503468
2022-12-07,1,0.5349953996184386
2022-12-08,0,0.52267686239118
2022-12-09,1,0.530048303162618
2022-12-12,1,0.5163164576272463
2022-12-13,0,0.46561832688848964
2022-12-14,0,0.5037137279059882
2022-12-15,0,0.5460867663385786
2022-12-16,0,0.5439681276554157
2022-12-19,0,0.5707449618553159
2022-12-20,1,0.5502559556235613
2022-12-21,0,0.5273480069549664
2022-12-22,1,0.5398229812467557
2022-12-23,0,0.5381853874664846
2022-12-27,0,0.5491692858987421
2022-12-28,1,0.5495322083596487
2022-12-29,0,0.5194643549247393
2022-12-30,0,0.5122682867150794
2023-01-03,1,0.5063816420614088
2023-01-04,0,0.4821827541026508
2023-01-05,1,0.4938487442376361
2023-01-06,1,0.4563327394495177
2023-01-09,1,0.45335937996112724
2023-01-10,1,0.4530668361581934
2023-01-11,1,0.42660187511042075
2023-01-12,1,0.40407254834571243
2023-01-13,1,0.432920846488974
2023-01-17,0,0.4505623552162842
2023-01-18,0,0.4531453116455682
2023-01-19,1,0.475919432303296
2023-01-20,1,0.4199778356175098
2023-01-23,0,0.4270063444069252
2023-01-24,0,0.4520406365340246
2023-01-25,1,0.45357096432791427
2023-01-26,1,0.4426218646775545
2023-01-27,0,0.44100776860326785
2023-01-30,1,0.4877515445542847
2023-01-31,1,0.4804748869339672
2023-02-01,1,0.4326007472364057
2023-02-02,0,0.3899624286053602
2023-02-03,0,0.4405923118773148
2023-02-06,1,0.49301421434593307
2023-02-07,0,0.45517317607389435
2023-02-08,0,0.49877289003837033
2023-02-09,0,0.5327593643785752
2023-02-10,1,0.5463903912298974
2023-02-13,1,0.5318337488585296
2023-02-14,1,0.5145283295274248
2023-02-15,0,0.5326608465614288
2023-02-16,0,0.5534887308968467
2023-02-17,0,0.5557942875518894
2023-02-21,1,0.5912829350774812
2023-02-22,1,0.5895838700702272
2023-02-23,0,0.5558066353441556
2023-02-24,1,0.5620807039391107
2023-02-27,0,0.5630325721905681
2023-02-28,0,0.5612920377006188
2023-03-01,1,0.5578494851575784
2023-03-02,1,0.5515657847303581
2023-03-03,1,0.514857089225743
2023-03-06,0,0.5162720799231877
2023-03-07,1,0.5081947227992817
2023-03-08,0,0.5170643771301364
2023-03-09,0,0.515965427803013
2023-03-10,1,0.5067495613334809
2023-03-13,1,0.5023942278348157
2023-03-14,1,0.4910433529331754
2023-03-15,1,0.4789949916748205
2023-03-16,0,0.4429436063415399
2023-03-17,1,0.4676579509733635
2023-03-20,1,0.491200184494058
2023-03-21,0,0.4826251971206163
2023-03-22,1,0.48997411563177395
2023-03-23,1,0.477070595572682
2023-03-24,0,0.48333844613352717
2023-03-27,0,0.5003294723603686
2023-03-28,1,0.5184588597522632
2023-03-29,1,0.4962677118493093
2023-03-30,1,0.5004907170508615
2023-03-31,0,0.4851189022416835
2023-04-03,0,0.5055538391025655
2023-04-04,0,0.5195019726401204
2023-04-05,1,0.5228674862266701
2023-04-06,0,0.5324699951252125
2023-04-10,0,0.5406399175544834
2023-04-11,0,0.5468387661454586
2023-04-12,1,0.5372998035471301
2023-04-13,0,0.5239183159389781
2023-04-14,1,0.5335444354232171
2023-04-17,1,0.5530682844459368
2023-04-18,0,0.5483344780628979
2023-04-19,0,0.5565348771537084
2023-04-20,1,0.5355570798642239
2023-04-21,0,0.5375789357635078
2023-04-24,0,0.5588853427173343
2023-04-25,1,0.5525077429567793
2023-04-26,1,0.5413582697513571
2023-04-27,1,0.5027878051785203
2023-04-28,0,0.5049542464212062
2023-05-01,0,0.5302595458428793
2023-05-02,0,0.5178351574210757
2023-05-03,0,0.5215557225866175
2023-05-04,1,0.5365840736110066
2023-05-05,1,0.5131351523917557
2023-05-08,0,0.5315857533338384
2023-05-09,1,0.5323608718144517
2023-05-10,1,0.4864617597532528
2023-05-11,0,0.5147455656312114
2023-05-12,1,0.5214137491214146
2023-05-15,1,0.5344288927682836
2023-05-16,1,0.5261244410046176
2023-05-17,1,0.5072911984458173
2023-05-18,0,0.470502564824333
2023-05-19,1,0.48864363352941353
2023-05-22,0,0.5103219289562948
2023-05-23,0,0.5168645556225019
2023-05-24,1,0.5134071634503028
2023-05-25,1,0.49015060743290134
2023-05-26,1,0.469430253025263
2023-05-30,0,0.4679047296197552
2023-05-31,1,0.4861494830453538
2023-06-01,1,0.4929513465194875
2023-06-02,1,0.4998555457584399
2023-06-05,0,0.5175619544752488
2023-06-06,0,0.534327459328094
2023-06-07,1,0.5249030732298542
2023-06-08,1,0.5332763650418665
2023-06-09,1,0.5390469030260813
2023-06-12,1,0.5401211987491535
2023-06-13,1,0.5279836369984919
2023-06-14,1,0.5078122730766309
2023-06-15,0,0.5042682413465133
2023-06-16,0,0.515049975442901
2023-06-20,0,0.5562075283756404
2023-06-21,1,0.5719903816134815
2023-06-22,0,0.5607720759161745
2023-06-23,0,0.5758980269878567
2023-06-26,1,0.5848318239839072
2023-06-27,1,0.5734108459507282
2023-06-28,0,0.5774765101035063
2023-06-29,1,0.5824153033564967
2023-06-30,1,0.5550242505565841
2023-07-03,0,0.5836287716838375
2023-07-05,0,0.5722902432366066
2023-07-06,0,0.5635226490308973
2023-07-07,1,0.5701902737423795
2023-07-10,1,0.5663864961437578
2023-07-11,1,0.5623302579813834
2023-07-12,1,0.535107552104168
2023-07-13,0,0.5269663844382814
2023-07-14,1,0.5213995383761629
2023-07-17,1,0.5303160125522816
2023-07-18,0,0.5109669465091278
2023-07-19,0,0.5213401691173168
2023-07-20,0,0.5279157377501017
2023-07-21,1,0.5442427170094298
2023-07-24,1,0.5653952700784829
2023-07-25,0,0.5612130333567713
2023-07-26,0,0.5614147784442114
2023-07-27,1,0.5513018934588598
2023-07-28,1,0.535884799943995
2023-07-31,0,0.5530272412842093
2023-08-01,0,0.5647597207751262
2023-08-02,0,0.5538369823592674
2023-08-03,0,0.569906735127821
2023-08-04,1,0.5591734426704797
2023-08-07,0,0.5692878854165152
2023-08-08,0,0.5685825484846221
2023-08-09,1,0.5627889696134216
2023-08-10,0,0.5357278482227289
2023-08-11,1,0.5660626780301935
2023-08-14,0,0.5583423109822532
2023-08-15,0,0.5623762412616705
2023-08-16,0,0.5521012955575922
2023-08-17,0,0.5465480542409616
2023-08-18,1,0.5375974142372226
2023-08-21,0,0.529373296524495
2023-08-22,1,0.5288759257689861
2023-08-23,0,0.49225848641901376
2023-08-24,1,0.49453338387337525
2023-08-25,1,0.4770454937475682
2023-08-28,1,0.5039027346325166
2023-08-29,1,0.45877388513190215
2023-08-30,1,0.46910338741127827
2023-08-31,0,0.4646536703996118
2023-09-01,1,0.46298372966376383
2023-09-05,0,0.47955002564466165
2023-09-06,0,0.48581149560957027
2023-09-07,1,0.4953331379478496
2023-09-08,1,0.5055763946152736
2023-09-11,0,0.4930180659355529
2023-09-12,1,0.5095251832952892
2023-09-13,1,0.5085453069492163
2023-09-14,0,0.5018144691552363
2023-09-15,0,0.5017913130987512
2023-09-18,0,0.5316834278193461
2023-09-19,0,0.532973621985108
2023-09-20,0,0.5366484075560022
2023-09-21,1,0.5316755454574588
2023-09-22,1,0.5372580125822988
2023-09-25,0,0.5418555632910164
2023-09-26,1,0.5336919173017635
2023-09-27,1,0.5208263228741372
2023-09-28,1,0.5093170033334771
2023-09-29,1,0.49196452903065535
2023-10-02,0,0.49273608752293563
2023-10-03,1,0.49861346309884097
2023-10-04,0,0.48018987657377465
2023-10-05,1,0.4849719944109347
2023-10-06,1,0.4363703447661939
2023-10-09,1,0.4643683965711651
2023-10-10,1,0.450354288837096
2023-10-11,0,0.45504223645216213
2023-10-12,0,0.455736817582651
2023-10-13,1,0.47163578668881145
2023-10-16,0,0.47643160038928895
2023-10-17,0,0.4750385744674354
2023-10-18,0,0.494092728050071
2023-10-19,0,0.4826898164314635
2023-10-20,1,0.5062145931875729
2023-10-23,1,0.5174931792872765
2023-10-24,0,0.5218947607596134
2023-10-25,0,0.5235148157842989
2023-10-26,1,0.5321690996597845
2023-10-27,1,0.5261361753079116
2023-10-30,1,0.5212101565396685
2023-10-31,1,0.5166223895113786
2023-11-01,1,0.47371975852326237
2023-11-02,1,0.4449030367237247
2023-11-03,1,0.43019588590169894
2023-11-06,1,0.4429338555982438
2023-11-07,1,0.4297078842199342
2023-11-08,0,0.4460016099663533
2023-11-09,1,0.44005408817939506
2023-11-10,0,0.4174016998539853
2023-11-13,1,0.45314075701868095
2023-11-14,1,0.41285834607570704
2023-11-15,1,0.44328237174316215
2023-11-16,1,0.46584322745197876
2023-11-17,1,0.482343301864699
2023-11-20,0,0.48061662939602356
2023-11-21,1,0.5062596199196228
2023-11-22,0,0.5099530353493753
2023-11-24,0,0.5404479039908849
2023-11-27,1,0.5357470464757867
2023-11-28,0,0.5358846414979672
2023-11-29,0,0.5451441900876689
2023-11-30,1,0.5390522816499098
2023-12-01,0,0.5517730343544005
2023-12-04,1,0.5514528447605145
2023-12-05,0,0.563523369012733
2023-12-06,1,0.5691094330559762
2023-12-07,1,0.5470904325723568
2023-12-08,1,0.5452468804263733
2023-12-11,1,0.5400492968800151
2023-12-12,1,0.5346503787380051
2023-12-13,0,0.5012665828767584
2023-12-14,1,0.5073513840649608
2023-12-15,1,0.5010555239850244
2023-12-18,1,0.5172497958210577
2023-12-19,0,0.5312890904465412
2023-12-20,1,0.526316487470167
2023-12-21,1,0.5295473426321873
2023-12-22,1,0.5524808295943463
2023-12-26,1,0.5639408482343975
2023-12-27,0,0.5595477635483621
2023-12-28,0,0.5707984453595155
2023-12-29,0,0.5618525116990707
2024-01-02,0,0.5644597078692852
2024-01-03,0,0.5874898319400829
2024-01-04,1,0.6008745737963376
2024-01-05,1,0.5852674729909187
2024-01-08,1,0.5639607911006437
2024-01-09,1,0.5598325370623691
2024-01-10,1,0.5530760863423664
2024-01-11,1,0.5285720880399556
2024-01-12,0,0.5422135140697243
2024-01-16,0,0.5385046725395572
2024-01-17,1,0.5249916489106087
2024-01-18,1,0.5018980399252825
2024-01-19,1,0.4712318067403522
2024-01-22,1,0.4950011160614586
2024-01-23,1,0.5100688058274463
2024-01-24,1,0.4963515802472007
2024-01-25,0,0.5094422261665567
2024-01-26,1,0.5325604406359904
2024-01-29,0,0.526911929871786
2024-01-30,0,0.5423081729682405
2024-01-31,1,0.5324791277137031
2024-02-01,1,0.5390048164941924
2024-02-02,0,0.51992827896421
2024-02-05,0,0.5454192613095048
2024-02-06,1,0.5535092766911792
2024-02-07,1,0.540440101808492
2024-02-08,1,0.5512865015595556
2024-02-09,0,0.5336181246980195
2024-02-12,0,0.5474980489492507
2024-02-13,1,0.5340071031432487
2024-02-14,1,0.5322514998080651
2024-02-15,0,0.5405794413142814
2024-02-16,0,0.5436487491793829
2024-02-20,0,0.5519660056591627
2024-02-21,1,0.5587881845783077
2024-02-22,0,0.5237454363625621
2024-02-23,0,0.5449507730332477
2024-02-26,1,0.5533478768849531
2024-02-27,0,0.5486672539651094
2024-02-28,1,0.5494578519777661
2024-02-29,1,0.5354694563875757
2024-03-01,0,0.5166228553417191
2024-03-04,0,0.529763406163473
2024-03-05,1,0.5201813874735755
2024-03-06,1,0.5231292211154691
2024-03-07,0,0.521365224529082
2024-03-08,0,0.5164793950414232
2024-03-11,1,0.5475707776377664
2024-03-12,0,0.5216155985929118
2024-03-13,0,0.5474649028572545
2024-03-14,0,0.539194460129066
2024-03-15,1,0.539527765229726
2024-03-18,1,0.5507274947489327
2024-03-19,1,0.5452584159097725
2024-03-20,1,0.5266117936545749
2024-03-21,1,0.5306286705334463
2024-03-22,0,0.5313953767464228
2024-03-25,0,0.5337750409837025
2024-03-26,1,0.537617211197493
2024-03-27,0,0.5276011499143131
2024-03-28,1,0.534601689163011
2024-04-01,0,0.5284495189149896
2024-04-02,1,0.5352472431440881
2024-04-03,0,0.5358002668574603
2024-04-04,1,0.5407899291547579
2024-04-05,1,0.5316167711150906
2024-04-08,1,0.5559926518692999
2024-04-09,0,0.5355317511033295
2024-04-10,1,0.5215330404873354
2024-04-11,0,0.5151523937830846
2024-04-12,0,0.5245990305130104
2024-04-15,1,0.5282986675319328
2024-04-16,0,0.5384764651380856
2024-04-17,0,0.5411312477046742
2024-04-18,0,0.5493729561494308
2024-04-19,1,0.5485895965898838
2024-04-22,1,0.5505565620790219
2024-04-23,1,0.5320105363942849
2024-04-24,0,0.5121437077318379
2024-04-25,1,0.5074470394763484
2024-04-26,1,0.49102257452520215
2024-04-29,0,0.48947055729542704
2024-04-30,0,0.49651509554421025
2024-05-01,1,0.4899979210966509
2024-05-02,1,0.48390080119956447
2024-05-03,1,0.44112665145100877
2024-05-06,1,0.448630926375971
2024-05-07,0,0.45100284257677214
2024-05-08,1,0.4584322130570678
2024-05-09,1,0.461109352526527
2024-05-10,1,0.4707604178083546
2024-05-13,1,0.4809882568618666
2024-05-14,1,0.4644401974055827
2024-05-15,0,0.44153838340374185
2024-05-16,0,0.4595508110876151
2024-05-17,1,0.4716732286094398
2024-05-20,1,0.4858329025436391
2024-05-21,0,0.4942310164098502
2024-05-22,0,0.5018117746416433
2024-05-23,1,0.49466483759848334
2024-05-24,1,0.5051444673195155
2024-05-28,0,0.5143856692640074
2024-05-29,0,0.5236495546131211
2024-05-30,0,0.5401037178227918
2024-05-31,1,0.5145570039023376
2024-06-03,1,0.541815405887846
2024-06-04,1,0.5573131229565659
2024-06-05,0,0.5199581331697775
2024-06-06,0,0.5367169520807851
2024-06-07,1,0.5310565109868998
2024-06-10,1,0.5381667869949556
2024-06-11,1,0.5331974398792615
2024-06-12,1,0.50412285413452
2024-06-13,1,0.5094076686101202
2024-06-14,1,0.5087439130080392
2024-06-17,1,0.48135063663459526
2024-06-18,0,0.5072439319343292
2024-06-20,0,0.5182809082491587
2024-06-21,0,0.5243716755207203
2024-06-24,1,0.5460153329719686
2024-06-25,1,0.5524098252639702
2024-06-26,1,0.5673807406463997
2024-06-27,0,0.5669550444880513
2024-06-28,1,0.5648147929548494
2024-07-01,1,0.5714274566140074
2024-07-02,1,0.5619267261698833
2024-07-03,1,0.5669379420422116
2024-07-05,1,0.5351669037690113
2024-07-08,1,0.5441077247453439
2024-07-09,1,0.5354501017804271
2024-07-10,0,0.5259388307418196
2024-07-11,1,0.5214338854180353
2024-07-12,1,0.5396761576597779
2024-07-15,1,0.5501255063390756
2024-07-16,0,0.5634631744252491
2024-07-17,0,0.5674117381039167
2024-07-18,0,0.5851685126098969
2024-07-19,1,0.609723843400361
2024-07-22,0,0.5921959918745942
2024-07-23,0,0.6082852007008913
2024-07-24,0,0.6135282114170162
2024-07-25,1,0.6119674805500446
2024-07-26,1,0.6068514323934341
2024-07-29,0,0.6047693658929834
2024-07-30,1,0.598365948091021
2024-07-31,0,0.5295503985093869
2024-08-01,0,0.5377709979777614
2024-08-02,0,0.5482987836264919
2024-08-05,1,0.5753977160073247
2024-08-06,0,0.5659667936229934
2024-08-07,1,0.568273651466557
2024-08-08,1,0.5076949293810112
2024-08-09,1,0.4980317016806143
2024-08-12,1,0.4825755781052564
2024-08-13,1,0.42853238144859856
2024-08-14,1,0.4364902068375109
2024-08-15,1,0.3919448411663959
2024-08-16,1,0.384687320248038
2024-08-19,0,0.36955269450560185
2024-08-20,1,0.3820232153870453
2024-08-21,0,0.3813329410576945
2024-08-22,1,0.4151796746178908
2024-08-23,0,0.414345241508491
2024-08-26,1,0.4481581191350209
2024-08-27,0,0.46230196084974595
2024-08-28,0,0.484936460031092
2024-08-29,1,0.5009733678162002
2024-08-30,0,0.49880956763899514
2024-09-03,0,0.533363208178741
2024-09-04,1,0.5484503778230441
2024-09-05,0,0.54235968606171
2024-09-06,1,0.5443206966472985
2024-09-09,1,0.5539107723437031
2024-09-10,1,0.5347998390342031
2024-09-11,1,0.463051520731431
2024-09-12,1,0.46313432263712734
2024-09-13,0,0.46383626572986186
2024-09-16,1,0.4815914147343139
2024-09-17,0,0.46615933340581844
2024-09-18,1,0.465183349429959
2024-09-19,0,0.42340611439884385
2024-09-20,1,0.4442423613607277
2024-09-23,1,0.460285539923755
2024-09-24,1,0.4615128330047327
2024-09-25,1,0.47519551136145805
2024-09-26,0,0.4740132371904599
2024-09-27,1,0.5002807609624037
2024-09-30,0,0.49662286671706274
2024-10-01,1,0.508271951546571
2024-10-02,0,0.5295708009476567
2024-10-03,1,0.5435700160560261
2024-10-04,0,0.5238167640774427
2024-10-07,1,0.5433942278205651
2024-10-08,1,0.5195157750814512
2024-10-09,0,0.5165797498376089
2024-10-10,1,0.5211131023722174
2024-10-11,1,0.527786290640629
2024-10-14,0,0.5126862090341996
2024-10-15,1,0.5151730456076252
2024-10-16,1,0.5331894679647972
2024-10-17,1,0.5300813643590638
2024-10-18,1,0.5326193439648712
2024-10-21,1,0.5194301191557152
2024-10-22,0,0.5317769399245541
2024-10-23,1,0.5281009843376882
2024-10-24,1,0.5529779937973281
2024-10-25,1,0.5202924945675516
2024-10-28,1,0.5563651332749057
2024-10-29,0,0.5253987023619804
2024-10-30,0,0.5274038311541539
2024-10-31,1,0.5356667150069392
2024-11-01,0,0.5435540594569385
2024-11-04,1,0.5662426880476273
2024-11-05,1,0.548161624486091
2024-11-06,1,0.47396560882922356
2024-11-07,1,0.46519578858636246
2024-11-08,0,0.4812281077645318
2024-11-11,0,0.48225499343136286
2024-11-12,0,0.4923471744529677
2024-11-13,0,0.5047149178758744
2024-11-14,0,0.5064098630894671
2024-11-15,1,0.5141667216833518
2024-11-18,1,0.5398083447539914
2024-11-19,0,0.5424982879901413
2024-11-20,1,0.5466684936134142
2024-11-21,1,0.5416553905716607
2024-11-22,1,0.5519937627162192
2024-11-25,1,0.548143610140977
2024-11-26,0,0.5424242388549025
2024-11-27,1,0.5526373704014157
2024-11-29,1,0.550313867083471
2024-12-02,1,0.5127196146561137
2024-12-03,1,0.5166832004280445
2024-12-04,0,0.49144236601232083
2024-12-05,1,0.5073531185464132
2024-12-06,0,0.49346001334090067
2024-12-09,0,0.514495843233442
2024-12-10,1,0.5203323701302525
2024-12-11,0,0.4952011730059754
2024-12-12,1,0.5190327904677696
2024-12-13,1,0.5095520761016384
2024-12-16,0,0.4865399471230453
2024-12-17,0,0.504951360993982
2024-12-18,0,0.5281162620347873
2024-12-19,1,0.5526938530559055
2024-12-20,1,0.5441119658805101
2024-12-23,1,0.5626147840366738
2024-12-24,0,0.5499996723157865
2024-12-26,0,0.5480162176688741
2024-12-27,0,0.545348173079015
2024-12-30,0,0.564365871375296
2024-12-31,0,0.5873814329298659
2025-01-02,1,0.5838565742704901
2025-01-03,1,0.5545416865105269
2025-01-06,0,0.5228707465702547
2025-01-07,1,0.5400454139517219
2025-01-08,0,0.5409955734784483
2025-01-10,0,0.5539137211961281
2025-01-13,0,0.5670695955706399
2025-01-14,1,0.5600757853795602
2025-01-15,0,0.5165755080419511
2025-01-16,1,0.5252950865763292
2025-01-17,1,0.46897525296360293
2025-01-21,1,0.4907958634504078
2025-01-22,1,0.46157608177493786
2025-01-23,0,0.46784389871884324
2025-01-24,0,0.4795142660716989
2025-01-27,1,0.47353213838812175
2025-01-28,0,0.4889931668605619
2025-01-29,1,0.505888881759594
2025-01-30,0,0.5086941347213537
2025-01-31,0,0.4955641784759397
2025-02-03,1,0.5066146421823017
2025-02-04,1,0.5121218678111938
2025-02-05,1,0.5185346248278342
2025-02-06,0,0.5151804414754093
2025-02-07,1,0.5201989037351108
2025-02-10,0,0.500617400687673
2025-02-11,1,0.5112436387253511
2025-02-12,1,0.5032821364708009
2025-02-13,1,0.4840545087535391
2025-02-14,1,0.48808499927120025
2025-02-18,1,0.48294783924831114
2025-02-19,0,0.4915187093156993
2025-02-20,0,0.49728557040050575
2025-02-21,0,0.5135269415712733
2025-02-24,0,0.5399126254036266
2025-02-25,1,0.5522910871472055
2025-02-26,0,0.565866957597455
2025-02-27,1,0.5832148148939416
2025-02-28,0,0.5652156704895762
2025-03-03,0,0.5920643253919963
2025-03-04,1,0.5684723185164442
2025-03-05,0,0.5592246030123492
2025-03-06,1,0.5748531539629363
2025-03-07,0,0.5484624929545023
2025-03-10,0,0.5727068989804965
2025-03-11,1,0.5593562983260933
2025-03-12,0,0.5460593283967815
2025-03-13,1,0.54194382548358
2025-03-14,1,0.5005935611926255
2025-03-17,0,0.46838665637514865
2025-03-18,1,0.4803764602638241
2025-03-19,0,0.4584594375196564
2025-03-20,1,0.45117094430003085
2025-03-21,1,0.4402520214095095
2025-03-24,1,0.40296114896209423
2025-03-25,0,0.39388227586361335
2025-03-26,0,0.4145753973540782
2025-03-27,0,0.41546295266019234
2025-03-28,0,0.4543093265410627
2025-03-31,1,0.4557925737638479
2025-04-01,1,0.45126872248960964
2025-04-02,0,0.43761770437302683
2025-04-03,0,0.4914922914358702
2025-04-04,1,0.556898390202742
2025-04-07,0,0.5482982019369392
2025-04-08,1,0.5880274861564171
2025-04-09,0,0.3899168047780545
2025-04-10,1,0.44070779198972837
2025-04-11,1,0.3896110235754966
2025-04-14,1,0.37378242976734966
2025-04-15,0,0.3683493966513407
2025-04-16,0,0.4224643369991702
2025-04-17,0,0.39878588096002765
2025-04-21,1,0.41338592672370045
2025-04-22,1,0.37269538685227427
2025-04-23,1,0.33640388175619074
2025-04-24,1,0.33924196582763577
2025-04-25,0,0.3193841883943839
2025-04-28,1,0.3292828633019516
2025-04-29,0,0.3359170495112909
2025-04-30,1,0.3502961614845841
2025-05-01,1,0.3437235674334533
2025-05-02,0,0.3403568699203756
2025-05-05,0,0.35387648271116384
2025-05-06,1,0.3817255153730626
2025-05-07,1,0.3909996877612573
2025-05-08,0,0.4163839090361935
2025-05-09,1,0.4558302009163318
2025-05-12,1,0.38541881316713505
2025-05-13,1,0.3710133179468066
2025-05-14,1,0.384997486471714
2025-05-15,1,0.4012994896095295
2025-05-16,1,0.41993907900606614
2025-05-19,0,0.4358479985892792
2025-05-20,0,0.4681923532651482
2025-05-21,1,0.4743525880236817
2025-05-22,0,0.5102632467776874
2025-05-23,1,0.5352892791980297
2025-05-27,0,0.537846926419838
2025-05-28,1,0.5607996309771386
2025-05-29,0,0.5531763266245889
2025-05-30,1,0.5566889698750408
2025-06-02,1,0.5739747008090378
2025-06-03,1,0.5727817457718668
2025-06-04,0,0.5736456225377848
2025-06-05,1,0.558723999173227
2025-06-06,1,0.5667505243900849
2025-06-09,1,0.5746022287772965
2025-06-10,0,0.5719586755458169
2025-06-11,1,0.5646784628238595
2025-06-12,0,0.5856212129021746
2025-06-13,1,0.5808725938823888
2025-06-16,0,0.5859034004010961
2025-06-17,0,0.599260657738895
2025-06-18,0,0.5996450290165656
2025-06-20,1,0.5832917198664822
2025-06-23,1,0.5833701483810245
2025-06-24,1,0.5672560602762703
2025-06-25,1,0.5651225867087678
2025-06-26,1,0.5496646735805851
2025-06-27,1,0.5291822409492736
2025-06-30,0,0.530131702206691
2025-07-01,1,0.5353117786002852
2025-07-02,1,0.5514152646265399
2025-07-03,0,0.5524830020481771
2025-07-07,1,0.5410038337709453
2025-07-08,1,0.5586534382359034
2025-07-09,0,0.5511994081005613
2025-07-10,0,0.5696113335151984
2025-07-11,1,0.5743019096269393
2025-07-14,1,0.5785423463933603
2025-07-15,1,0.5746153908813519
2025-07-16,1,0.564018641048662
2025-07-17,0,0.572021431295922
2025-07-18,1,0.5650490482471191
2025-07-21,0,0.5691957452355182
2025-07-22,1,0.5683320661067449
2025-07-23,1,0.5713857295284912
2025-07-24,1,0.5682650921443516
2025-07-25,1,0.5812027820754734
2025-07-28,0,0.5787224454363727
2025-07-29,1,0.5609660672570289
2025-07-30,0,0.5632010478343237
2025-07-31,0,0.5471177235293234
2025-08-01,1,0.5668454088076418
2025-08-04,0,0.5715920818218284
2025-08-05,1,0.5768995265493917
2025-08-06,1,0.5668585614451611
2025-08-07,1,0.5576212131639061
2025-08-08,0,0.5499592911088962
2025-08-11,1,0.5565275178194534
2025-08-12,1,0.5261512479239926
2025-08-13,0,0.529271184244997
2025-08-14,0,0.5262670613571641
2025-08-15,0,0.5229250863965782
2025-08-18,0,0.5545119507483873
2025-08-19,0,0.5456707570099161
2025-08-20,0,0.543558256982036
2025-08-21,1,0.5790960325162267
2025-08-22,0,0.5596775168650936
2025-08-25,1,0.5764982745264188
2025-08-26,1,0.5700244401433647
2025-08-27,1,0.5625346476187717
2025-08-28,0,0.5417174631196832
2025-08-29,0,0.5413550059928214
2025-09-02,1,0.542123653162582
2025-09-03,1,0.5379809901911199
2025-09-04,1,0.5282772427190265
2025-09-05,1,0.5040907039672872
2025-09-08,1,0.5186344698060209
2025-09-09,1,0.5141883883942899
2025-09-10,1,0.512599831714826
2025-09-11,1,0.5131227310824467
