date,y,yhat_cv
1999-12-17,0.013279777798412917,
1999-12-20,0.05220571663742647,
1999-12-21,-0.00335946564557869,
1999-12-22,0.01170908275942859,
1999-12-23,-0.005558658003827493,
1999-12-27,-0.006150424755600978,
1999-12-28,0.03688830020923006,
1999-12-29,-0.010869672236903879,
1999-12-30,-0.0010934938213712185,
1999-12-31,0.0359963655024313,
2000-01-03,-0.07106814814912954,
2000-01-04,0.0005664117965082575,
2000-01-05,-0.09746425353560079,
2000-01-06,0.1165338162559516,
2000-01-07,0.027398974188114347,
2000-01-10,-0.04533667487478175,
2000-01-11,-0.026943446986049457,
2000-01-12,0.05867446980505256,
2000-01-13,0.023288352772196153,
2000-01-14,0.005339040979420328,
2000-01-18,0.022117805253618974,
2000-01-19,-0.009945122533398063,
2000-01-20,0.01254590423345541,
2000-01-21,-0.048971998882179506,
2000-01-24,0.014622518867541963,
2000-01-25,-0.04115807249350744,
2000-01-26,0.01446076366967388,
2000-01-27,-0.051554888075914636,
2000-01-28,0.04212347281124282,
2000-01-31,0.02640417419651071,
2000-02-01,0.008648702558531896,
2000-02-02,0.038019362525147406,
2000-02-03,0.006713167478508831,
2000-02-04,0.013800372354594052,
2000-02-07,0.04126859528689949,
2000-02-08,-0.03620529333035271,
2000-02-09,0.03230094478832125,
2000-02-10,-0.023251109268403274,
2000-02-11,-0.0015026298845350185,
2000-02-14,0.006993035490970604,
2000-02-15,-0.004489905272852079,
2000-02-16,0.02127213527553977,
2000-02-17,-0.03689351617849654,
2000-02-18,0.0030425986960967303,
2000-02-22,0.054200456897679654,
2000-02-23,0.02135312447056906,
2000-02-24,-0.023273432309836417,
2000-02-25,-0.00048065369827068546,
2000-02-28,0.026098752967361288,
2000-02-29,0.008395571701638155,
2000-03-01,-0.023497321661663243,
2000-03-02,0.054592648191727676,
2000-03-03,0.008071792704327495,
2000-03-06,-0.015301828717808505,
2000-03-07,0.009029406719394157,
2000-03-08,0.03315220731690055,
2000-03-09,-0.004357305368955701,
2000-03-10,-0.02655023209412084,
2000-03-13,-0.03746440882540911,
2000-03-14,-0.042802539234760434,
2000-03-15,0.055294027128789475,
2000-03-16,0.01867510434439001,
2000-03-17,-0.7215243707107858,
2000-03-20,0.03736197655865585,
2000-03-21,0.019486887673496694,
2000-03-22,0.01739174271186924,
2000-03-23,0.013358650444352083,
2000-03-24,0.0020394296667696973,
2000-03-27,-0.025796787332020305,
2000-03-28,-0.0427111180930498,
2000-03-29,-0.024851716155763433,
2000-03-30,0.02029589961990273,
2000-03-31,-0.06216690641655156,
2000-04-03,-0.009765702611324789,
2000-04-04,-0.017822253907504384,
2000-04-05,0.023693112257288044,
2000-04-06,0.03922071315328133,
2000-04-07,-0.06892586756719707,
2000-04-10,-0.017744445299071956,
2000-04-11,-0.060624621816434854,
2000-04-12,-0.04445176257083381,
2000-04-13,-0.0905714254571515,
2000-04-14,0.10892469634821529,
2000-04-17,0.026098491679769985,
2000-04-18,-0.032478277155483994,
2000-04-19,-0.020532738811019843,
2000-04-20,-0.02907181482197696,
2000-04-24,0.06531255777709062,
2000-04-25,-0.034751880514360456,
2000-04-26,0.04333656893931113,
2000-04-27,0.03763885149993491,
2000-04-28,0.009244734398915627,
2000-05-01,-0.05923350579313293,
2000-05-02,-0.01115709442569243,
2000-05-03,0.002017485553168909,
2000-05-04,0.02356955579076042,
2000-05-05,-0.03971077197014579,
2000-05-08,-0.02162495126290169,
2000-05-09,-0.0754505545885538,
2000-05-10,0.059392072017060635,
2000-05-11,0.0,
2000-05-12,0.04256453779869636,
2000-05-15,0.027916060221026228,
2000-05-16,-0.02080742661918658,
2000-05-17,-0.036525899036501115,
2000-05-18,-0.04850449069227139,
2000-05-19,-0.000734753890513295,
2000-05-22,-0.08724527557895102,
2000-05-23,0.060805455775972614,
2000-05-24,-0.022258470600942697,
2000-05-25,0.0,
2000-05-26,0.0957193331548613,
2000-05-30,-0.024371252357395113,
2000-05-31,0.04541979166647988,
2000-06-01,0.0690844214275079,
2000-06-02,0.002453465415473825,
2000-06-05,-0.028201317903670704,
2000-06-06,0.026388467500495914,
2000-06-07,-0.004707401439171956,
2000-06-08,0.005347606326595277,
2000-06-09,-0.03252319170556006,
2000-06-12,0.037842353183159934,
2000-06-13,-0.022750203207279506,
2000-06-14,0.017431041729679603,
2000-06-15,0.005319161477600027,
2000-06-16,0.03901665234245172,
2000-06-19,-0.0037826554329919086,
2000-06-20,0.012722170471800444,
2000-06-21,-0.03740197970257027,
2000-06-22,-0.04016604172533476,
2000-06-23,0.026955809988528295,
2000-06-26,-0.011986444880367923,
2000-06-27,0.011986444880367835,
2000-06-28,-0.02542692468470908,
2000-06-29,0.019451661494622047,
2000-06-30,0.01918549492689353,
2000-07-03,-0.03951051892244433,
2000-07-05,0.026300287185637844,
2000-07-06,0.020428213803914047,
2000-07-07,-0.015334824184810884,
2000-07-10,0.005488719711433859,
2000-07-11,0.023408090898014804,
2000-07-12,0.01277156567948754,
2000-07-13,0.021095709487595544,
2000-07-14,0.011857846450783468,
2000-07-17,-0.022852459951875227,
2000-07-18,-0.022872661665991455,
2000-07-19,0.03187722475907331,
2000-07-20,-0.03445122875424608,
2000-07-21,-0.020834086902842025,
2000-07-24,0.007863736460214451,
2000-07-25,-0.0012540496993041033,
2000-07-26,-0.04000320054055385,
2000-07-27,-0.05595552163527214,
2000-07-28,0.02904015322116365,
2000-07-31,-0.013394313593382836,
2000-08-01,-0.017835158932857205,
2000-08-02,0.042348110529220113,
2000-08-03,-0.0034335748414506613,
2000-08-04,0.02324921035231814,
2000-08-07,0.020174522638492266,
2000-08-08,-0.02691807658200702,
2000-08-09,-0.02006240129426339,
2000-08-10,0.013822302223777736,
2000-08-11,0.021080863246619824,
2000-08-14,0.0,
2000-08-15,0.010056787445593013,
2000-08-16,0.019084347461906303,
2000-08-17,-0.005235614053945052,
2000-08-18,0.002621233479874287,
2000-08-21,0.0,
2000-08-22,0.01620309649038564,
2000-08-23,0.015336155808139462,
2000-08-24,-0.0053919455115748515,
2000-08-25,0.004782993904408362,
2000-08-28,0.0050633019565466345,
2000-08-29,-0.0012128564252092936,
2000-08-30,0.031065819574890532,
2000-08-31,0.005865119452398058,
2000-09-01,-0.030680288572122044,
2000-09-05,-0.03580945269671089,
2000-09-06,0.02194493875056602,
2000-09-07,-0.031048753000036546,
2000-09-08,-0.02468998461106413,
2000-09-11,-0.015527756472176111,
2000-09-12,0.02293480015951584,
2000-09-13,-0.005361943141385399,
2000-09-14,-0.018996500690655036,
2000-09-15,-0.015127545145472496,
2000-09-18,0.03616497248043566,
2000-09-19,0.015334130722577098,
2000-09-20,-0.07548268817416613,
2000-09-21,0.057462261310857125,
2000-09-22,-0.02693581961918201,
2000-09-25,-0.01145029463086127,
2000-09-26,0.0013407823237650853,
2000-09-27,0.022085703353811794,
2000-09-28,-0.03117106672884081,
2000-09-29,-0.022793009528556573,
2000-10-02,-0.03221361998365496,
2000-10-03,0.01921889019478708,
2000-10-04,0.00291528397247964,
2000-10-05,-0.03411036521398229,
2000-10-06,-0.004467797083505037,
2000-10-09,-0.05369750195024656,
2000-10-10,-0.016090969564834766,
2000-10-11,-0.025364392816942367,
2000-10-12,0.07831087482877773,
2000-10-13,0.00918842605440617,
2000-10-16,-0.04681041784399056,
2000-10-17,-0.0032000027306709027,
2000-10-18,0.08664806313589574,
2000-10-19,0.014588576406078845,
2000-10-20,-0.0013913045722583578,
2000-10-23,-0.043755868318672494,
2000-10-24,-0.057629112836636416,
2000-10-25,0.025356328043615615,
2000-10-26,-0.00200501320302041,
2000-10-27,-0.037706556504786826,
2000-10-30,0.06224006302615006,
2000-10-31,-0.008604847193518414,
2000-11-01,0.012270092591814401,
2000-11-02,0.012843990938354378,
2000-11-03,-0.007492482180349304,
2000-11-06,-0.0037673982701573656,
2000-11-07,-0.08152519730869771,
2000-11-08,-0.0001321091223271277,
2000-11-09,-0.05345819668134557,
2000-11-10,0.001531927045642151,
2000-11-13,0.05390607626139383,
2000-11-14,0.02010249132560039,
2000-11-15,-0.059914096320664086,
2000-11-16,-0.0006862947218790397,
2000-11-17,-0.041634718851137856,
2000-11-20,-0.0015758186772108637,
2000-11-21,-0.04576249412702931,
2000-11-22,0.05560635705355965,
2000-11-24,-0.012571594141923007,
2000-11-27,-0.060903197130173316,
2000-11-28,-0.03910460071964818,
2000-11-29,0.0006353240366176832,
2000-11-30,0.016065867686793286,
2000-12-01,0.015504186535965254,
2000-12-04,0.08391685028722559,
2000-12-05,-0.03879641500675599,
2000-12-06,-0.022305757514298277,
2000-12-07,0.022305757514298186,
2000-12-08,0.08967938332081722,
2000-12-11,-0.037254376620116214,
2000-12-12,-0.04174692674329383,
2000-12-13,-0.04996938383744944,
2000-12-14,-0.02321007794925279,
2000-12-15,0.0018767600128601842,
2000-12-18,-0.07914467352693329,
2000-12-19,-0.05921980825129365,
2000-12-20,0.005903944155197393,
2000-12-21,0.07622081930015354,
2000-12-22,0.006261348516634738,
2000-12-26,0.011107595417248034,
2000-12-27,-0.0019512201312618048,
2000-12-28,-0.051087723413447916,
2000-12-29,-0.08841383619757853,
2001-01-02,0.155646566418841,
2001-01-03,-0.018263133872634698,
2001-01-04,-0.0794040816488829,
2001-01-05,0.01088876230863529,
2001-01-08,0.0,
2001-01-09,0.05007858312533045,
2001-01-10,0.028659948985377336,
2001-01-11,0.012673627563595113,
2001-01-12,-0.012028049749049726,
2001-01-16,0.03019457098720949,
2001-01-17,0.04109747316614138,
2001-01-18,-0.0037630811321768634,
2001-01-19,0.001055090911052121,
2001-01-22,0.02072381285619301,
2001-01-23,-0.009488581197361451,
2001-01-24,-0.039965814148933236,
2001-01-25,0.01614798640798194,
2001-01-26,0.02187940918125725,
2001-01-29,-0.003738322110607104,
2001-01-30,-0.037394666036785235,
2001-01-31,0.013132672327280546,
2001-02-01,-0.056842450940391705,
2001-02-02,-0.0008126778179903221,
2001-02-05,0.001624695727001983,
2001-02-06,-0.01636697746420536,
2001-02-07,-0.030323120661105187,
2001-02-08,-0.04150261391015042,
2001-02-09,0.011984634104622418,
2001-02-12,-0.032585452210773386,
2001-02-13,0.03904666389690257,
2001-02-14,0.016400885539416512,
2001-02-15,-0.05762185723258914,
2001-02-16,-0.03959081609692157,
2001-02-20,-0.028521408834980333,
2001-02-21,-0.009756174945364685,
2001-02-22,0.003523198007316878,
2001-02-23,0.018775350715138753,
2001-02-26,-0.062303883336154865,
2001-02-27,-0.03214377305468967,
2001-02-28,0.0280537878031645,
2001-03-01,-0.04398614818424977,
2001-03-02,0.018037624316547603,
2001-03-05,0.03816863520247749,
2001-03-06,0.00040477636658729614,
2001-03-07,-0.01879140261702653,
2001-03-08,-0.07268155143480481,
2001-03-09,-0.06409516045640043,
2001-03-12,0.04957787590768153,
2001-03-13,-0.015873349156290233,
2001-03-14,-0.037256928355758986,
2001-03-15,-0.022796428092383685,
2001-03-16,0.048790164169431834,
2001-03-19,-0.06963702580895487,
2001-03-20,0.0,
2001-03-21,0.058946707871793104,
2001-03-22,0.0,
2001-03-23,-0.02340255721927735,
2001-03-26,0.033861688009414706,
2001-03-27,-0.08564604568474349,
2001-03-28,-0.019072415376387496,
2001-03-29,0.0051216501200547025,
2001-03-30,-0.04572971801632587,
2001-04-02,-0.07608442013302633,
2001-04-03,-0.01775625169193861,
2001-04-04,0.09143135463754534,
2001-04-05,-0.02744364596226153,
2001-04-06,0.02045061047129084,
2001-04-09,0.07159856054829605,
2001-04-10,0.02970515441391591,
2001-04-11,0.04296603588344334,
2001-04-12,-0.061428098723178726,
2001-04-16,0.02454110891611766,
2001-04-17,0.09915951092527735,
2001-04-18,0.05862093695255968,
2001-04-19,0.0020682530640590605,
2001-04-20,-0.06950953385959156,
2001-04-23,-0.019005602811904523,
2001-04-24,0.01789756945754288,
2001-04-25,-0.025829622377446675,
2001-04-26,0.026937655731808386,
2001-04-27,0.021906681085866807,
2001-04-30,0.04034517446744038,
2001-05-01,0.019169916107720123,
2001-05-02,-0.045528848600420654,
2001-05-03,0.02947581813295368,
2001-05-04,-0.020965128465044964,
2001-05-07,0.02096512846504487,
2001-05-08,-0.03483201733347865,
2001-05-09,-0.01689814905752525,
2001-05-10,-0.004818230959583537,
2001-05-11,-0.01615615533318628,
2001-05-14,0.007335811490213358,
2001-05-15,0.043343729216472,
2001-05-16,0.015781495337403046,
2001-05-17,0.0029184927949132172,
2001-05-18,0.06077154739889175,
2001-05-21,-0.002942621054197424,
2001-05-22,-0.045211114924463,
2001-05-23,0.025369194125459005,
2001-05-24,-0.01840480710698946,
2001-05-25,-0.06036950024962521,
2001-05-29,-0.03733177845304113,
2001-05-30,0.006729500496939618,
2001-05-31,0.029083345256559156,
2001-06-01,-0.0047888641802831195,
2001-06-04,0.04313221937793056,
2001-06-05,-0.0077625481574960815,
2001-06-06,0.02537046034707699,
2001-06-07,-0.02811221045645685,
2001-06-08,-0.02783905693077153,
2001-06-11,-0.005443671581176581,
2001-06-12,-0.027671937203320996,
2001-06-13,-0.05300780011363545,
2001-06-14,0.00824989947214184,
2001-06-15,-0.013470604258299395,
2001-06-18,-0.005008955016537885,
2001-06-19,0.02246222823832973,
2001-06-20,0.013469780987733495,
2001-06-21,-0.002309469848662529,
2001-06-22,0.002540123753502385,
2001-06-25,0.0034534396011978827,
2001-06-26,0.006414684080718297,
2001-06-27,0.012707227942281536,
2001-06-28,0.029985589144570602,
2001-06-29,-0.005485477276671203,
2001-07-02,0.004171704370387004,
2001-07-03,-0.049173673282473754,
2001-07-05,-0.042309483098549504,
2001-07-06,0.00860631656843906,
2001-07-09,-0.03660571106879719,
2001-07-10,0.012270092591814401,
2001-07-11,0.06148508365068089,
2001-07-12,-0.010374732825551704,
2001-07-13,-0.01871399643137353,
2001-07-16,0.02218421391038072,
2001-07-17,-0.03885126639559243,
2001-07-18,0.023491411244737415,
2001-07-19,-0.023491411244737477,
2001-07-20,-0.0252870269146452,
2001-07-23,-0.011391901305435744,
2001-07-24,0.00867953371972281,
2001-07-25,0.014706147389695487,
2001-07-26,0.02047031141102629,
2001-07-27,-0.005977304108459414,
2001-07-30,0.0014378147696274175,
2001-07-31,0.03158405353531882,
2001-08-01,0.018619087463923968,
2001-08-02,-0.016764659486964716,
2001-08-03,-0.01587334915629012,
2001-08-06,-0.005189914928334193,
2001-08-07,-0.043012186889543454,
2001-08-08,0.004188745806639675,
2001-08-09,-0.009635652068771585,
2001-08-10,0.02015305365182739,
2001-08-13,-0.01224005489450195,
2001-08-14,-0.03764559961636688,
2001-08-15,0.011696039763191236,
2001-08-16,-0.04656816547721155,
2001-08-17,0.013677225307453593,
2001-08-20,-0.042423328217562915,
2001-08-21,0.026890568911853447,
2001-08-22,-0.009865431299900904,
2001-08-23,0.0516951428960725,
2001-08-24,0.0012714559881968875,
2001-08-27,-0.03175689607741096,
2001-08-28,-0.014799424445939095,
2001-08-29,-0.03770960837605563,
2001-08-30,0.0,
2001-08-31,-0.019542777178476224,
2001-09-04,-0.0039548074144766104,
2001-09-05,-0.041317446984649245,
2001-09-06,-0.005917177028088396,
2001-09-07,0.01179954693115503,
2001-09-10,-0.08887928947403448,
2001-09-17,-0.022691411202070765,
2001-09-18,-0.017529802284794126,
2001-09-19,-0.03393606954731284,
2001-09-20,-0.027293506655237786,
2001-09-21,0.049144836987478666,
2001-09-24,0.003034903695154111,
2001-09-25,-0.03529576591337543,
2001-09-26,-0.006649193351503443,
2001-09-27,0.017403850348761195,
2001-09-28,-0.008664063901338158,
2001-10-01,0.003127717580177783,
2001-10-02,0.07291761391377012,
2001-10-03,0.009630893060961366,
2001-10-04,0.014589538832827431,
2001-10-05,0.0031436681029675356,
2001-10-08,-0.024465080411240053,
2001-10-09,0.04435386526502926,
2001-10-10,0.06549959761712174,
2001-10-11,-0.004332136739134793,
2001-10-12,-0.004350985834326146,
2001-10-15,0.016147986407982158,
2001-10-16,-0.07450410763723563,
2001-10-17,0.026757449169549117,
2001-10-18,0.00657897109804234,
2001-10-19,0.026472134041976923,
2001-10-22,0.005211360954662981,
2001-10-23,0.021426330317308576,
2001-10-24,0.03935115644324584,
2001-10-25,-0.021701167514101376,
2001-10-26,-0.05626037395561046,
2001-10-29,-0.01957938547148422,
2001-10-30,0.015458096152715383,
2001-10-31,0.041600452505145866,
2001-11-01,0.007330170966434393,
2001-11-02,0.03206465962950145,
2001-11-05,0.03816340374993853,
2001-11-06,-0.00131010106515173,
2001-11-07,-0.010278124477239262,
2001-11-08,-0.0005299417188147279,
2001-11-09,0.007130625750166817,
2001-11-12,0.03516391245766697,
2001-11-13,0.007088637277734536,
2001-11-14,-0.004044494896506526,
2001-11-15,-0.002790109609634723,
2001-11-16,0.028050925088423658,
2001-11-19,-0.04728475304370149,
2001-11-20,0.0005177323439488503,
2001-11-21,0.016427474141947996,
2001-11-23,0.02439452037830723,
2001-11-26,-0.001243008239596914,
2001-11-27,-0.036736239825619466,
2001-11-28,0.030497916412927706,
2001-11-29,-0.007537724131426746,
2001-11-30,-0.01729882873023915,
2001-12-03,0.04662498598086646,
2001-12-04,0.048288539712304575,
2001-12-05,0.0013992539596443347,
2001-12-06,-0.02788460439997209,
2001-12-07,-0.017648227899153327,
2001-12-10,0.0055940800145008445,
2001-12-11,0.007972019512218122,
2001-12-12,-0.04427678444265342,
2001-12-13,0.008764297993588258,
2001-12-14,0.01705640162815454,
2001-12-17,0.01121142623298971,
2001-12-18,-0.01834465042850663,
2001-12-19,-0.04338637576272335,
2001-12-20,0.01763173311340508,
2001-12-21,-0.0040609192863149575,
2001-12-24,0.009365971516008147,
2001-12-26,0.00803015607416962,
2001-12-27,0.007966186016133065,
2001-12-28,-0.035844321888814576,
2001-12-31,0.030374392785499384,
2002-01-02,0.03406774745469119,
2002-01-03,0.004088018197709534,
2002-01-04,-0.01110050008363616,
2002-01-07,0.0067714889940506786,
2002-01-08,-0.009201033434989575,
2002-01-09,0.006546271407609957,
2002-01-10,-0.012890851011385058,
2002-01-11,-0.02202786752565918,
2002-01-14,0.009464578745713118,
2002-01-15,-0.039438882711560076,
2002-01-16,0.022186298266351278,
2002-01-17,-0.027097772531329535,
2002-01-18,-0.03132247112904127,
2002-01-22,0.02716770015626636,
2002-01-23,0.013183595367301073,
2002-01-24,-0.0028288562004777137,
2002-01-25,0.005649732542118907,
2002-01-28,-0.027783170901555188,
2002-01-29,0.007606594053471183,
2002-01-30,0.006251648389206521,
2002-01-31,-0.009654347654544409,
2002-02-01,-0.03251019053762151,
2002-02-04,-0.01666022420840696,
2002-02-05,-0.006908967651073178,
2002-02-06,-0.02442226644167752,
2002-02-07,0.027468094630512876,
2002-02-08,0.01263753082671651,
2002-02-11,-0.008223730557612496,
2002-02-12,0.01692180116110039,
2002-02-13,-0.0018962487058177626,
2002-02-14,-0.030280320607820002,
2002-02-15,-0.031225926168231995,
2002-02-19,0.013461466344332812,
2002-02-20,-0.048676372635399416,
2002-02-21,0.005064810469462334,
2002-02-22,0.03962067887583757,
2002-02-25,-0.0037201359257952545,
2002-02-26,-0.013857034661426354,
2002-02-27,-0.018187652999698527,
2002-02-28,0.05640159835162806,
2002-03-01,0.0386932614324861,
2002-03-04,0.007241549682175573,
2002-03-05,0.004798729549905191,
2002-03-06,0.0021253993123135366,
2002-03-07,0.025934655911043533,
2002-03-08,-0.003626946981139507,
2002-03-11,-0.013850998911680498,
2002-03-12,-0.024508419028731465,
2002-03-13,-0.005950788455977203,
2002-03-14,0.009987935642948297,
2002-03-15,0.005624763724765788,
2002-03-18,-0.0016038495819744047,
2002-03-19,-0.035951584252245525,
2002-03-20,0.026274089370180213,
2002-03-21,-0.00922665975708749,
2002-03-22,-0.031010236742560208,
2002-03-25,0.009237294513811958,
2002-03-26,-0.007832207869829537,
2002-03-27,0.012557720485484966,
2002-03-28,0.018954007883674455,
2002-04-01,-0.04622203606372184,
2002-04-02,-0.0017113523857283602,
2002-04-03,-0.007737536812204252,
2002-04-04,-0.011283209535448742,
2002-04-05,0.012433295918686225,
2002-04-08,-0.035388983156227106,
2002-04-09,0.007415131113821231,
2002-04-10,-0.025135973271542388,
2002-04-11,0.015634714147402157,
2002-04-12,0.008022625112316191,
2002-04-15,0.04088118187785285,
2002-04-16,-0.005126755746345627,
2002-04-17,-0.01931730818934753,
2002-04-18,0.0031972124314251726,
2002-04-19,-0.02557082747558212,
2002-04-22,-0.01741785775909993,
2002-04-23,-0.015570456529409837,
2002-04-24,-0.0024645730281616994,
2002-04-25,-0.04349882099251213,
2002-04-26,0.0025740039951728426,
2002-04-29,0.019411906284913304,
2002-04-30,-0.00537210961743079,
2002-05-01,-0.03383599724909514,
2002-05-02,-0.02556155769656937,
2002-05-03,-0.02623212925075001,
2002-05-06,-0.009363689015683541,
2002-05-07,0.10162532551584938,
2002-05-08,-0.02614944915081967,
2002-05-09,-0.045950903050604126,
2002-05-10,0.03979304855744226,
2002-05-13,0.05717647465069892,
2002-05-14,0.007341727684868271,
2002-05-15,0.0015227656361117105,
2002-05-16,0.002127983779150975,
2002-05-17,-0.022107133045165376,
2002-05-20,-0.02770085837900723,
2002-05-21,0.0022317879501073112,
2002-05-22,0.01986507070685925,
2002-05-23,-0.02497363864958167,
2002-05-24,-0.004491505786296699,
2002-05-28,-0.026720390615940448,
2002-05-29,0.008549871221238261,
2002-05-30,-0.016507472894552403,
2002-05-31,-0.03592389000339768,
2002-06-03,0.013027266853778476,
2002-06-04,0.010166132963471217,
2002-06-05,-0.02665002268516055,
2002-06-06,-0.020287509375433513,
2002-06-07,-0.0017683470567420034,
2002-06-10,-0.028363057252624897,
2002-06-11,0.014461568011834541,
2002-06-12,-0.006481837602190806,
2002-06-13,-0.002169982768322693,
2002-06-14,0.03346698949023756,
2002-06-17,0.015978109984658095,
2002-06-18,-0.05963441616023832,
2002-06-19,-0.03271667260899379,
2002-06-20,-0.0244847732683132,
2002-06-21,0.019559588089721483,
2002-06-24,-0.03360038037895748,
2002-06-25,0.0074349784875179905,
2002-06-26,0.021597445718536473,
2002-06-27,-0.004205703006667275,
2002-06-28,-0.04907756178600995,
2002-07-01,-0.03688942868571362,
2002-07-02,0.03285716515777502,
2002-07-03,0.06226320730043565,
2002-07-05,-0.03712723402889346,
2002-07-08,-0.02877896455004329,
2002-07-09,-0.031304038798733294,
2002-07-10,0.03696519423347155,
2002-07-11,0.0,
2002-07-12,0.030576136132158725,
2002-07-15,-0.014972698938576334,
2002-07-16,0.018096481252259718,
2002-07-17,-0.036526490083453676,
2002-07-18,-0.03038000468172172,
2002-07-19,-0.024901054487947435,
2002-07-22,-0.04367506350266153,
2002-07-23,0.05303285190822221,
2002-07-24,-0.059751802156967064,
2002-07-25,0.018700455907188485,
2002-07-26,0.049902826591213,
2002-07-29,0.019942497217381276,
2002-07-30,-0.019103570993681627,
2002-07-31,-0.048098579469898456,
2002-08-01,-0.021343629252202692,
2002-08-02,-0.03708367240964793,
2002-08-05,0.0482569730077732,
2002-08-06,0.013245226750020723,
2002-08-07,0.0332141809876446,
2002-08-08,-0.010234630914701224,
2002-08-09,0.0029959363303172564,
2002-08-12,-0.034786116085415424,
2002-08-13,0.06176920338876648,
2002-08-14,0.020177748603391086,
2002-08-15,0.0069063853635335775,
2002-08-16,0.024001152099543045,
2002-08-19,-0.004357305368955701,
2002-08-20,0.02198753674522636,
2002-08-21,0.015796899479252856,
2002-08-22,-0.0393736300432498,
2002-08-23,0.00396825917562067,
2002-08-26,-0.035473288084253894,
2002-08-27,-0.037203872677219176,
2002-08-28,0.013116329354970537,
2002-08-29,-0.012690525644044907,
2002-08-30,-0.03685654533583911,
2002-09-03,0.003967384529469681,
2002-09-04,-0.024945614236231674,
2002-09-05,0.030211093711993663,
2002-09-06,0.010015324299684868,
2002-09-09,0.024396673298043285,
2002-09-10,-0.008492620045653588,
2002-09-11,-0.027671458595991755,
2002-09-12,0.00786030247879352,
2002-09-13,-0.014458083175229888,
2002-09-16,-0.02141027367763925,
2002-09-17,-0.011335419492424113,
2002-09-18,-0.01608860259980827,
2002-09-19,0.004161855718279269,
2002-09-20,-0.03045445009946269,
2002-09-23,0.00047562426580340155,
2002-09-24,0.03916584497406798,
2002-09-25,-0.012422519998557096,
2002-09-26,-0.013516868579593687,
2002-09-27,-0.02807702871924347,
2002-09-30,0.05903353158419314,
2002-10-01,-0.03377605360504944,
2002-10-02,-0.024292692569044587,
2002-10-03,-0.01898329091277717,
2002-10-04,-0.009380468685436195,
2002-10-07,0.0019821612039912025,
2002-10-08,-0.00695482187336961,
2002-10-09,0.049596941139372186,
2002-10-10,0.052668060538322466,
2002-10-11,0.011633240814006459,
2002-10-14,0.04692433375789564,
2002-10-15,-0.0336674007643498,
2002-10-16,0.0332428624433907,
2002-10-17,0.010979840036344654,
2002-10-18,0.019959082515309774,
2002-10-21,-0.006194527344695652,
2002-10-22,0.018876227268931615,
2002-10-23,-0.025526293338948996,
2002-10-24,0.029583094034563308,
2002-10-25,-0.00853837266985521,
2002-10-28,-0.023549941881645213,
2002-10-29,0.02640417419651071,
2002-10-30,-0.00040724903841207315,
2002-10-31,0.028114301480839255,
2002-11-01,0.025416812984123256,
2002-11-04,0.007692345623155865,
2002-11-05,0.014076701910362118,
2002-11-06,-0.035766165634616605,
2002-11-07,-0.01857393843419111,
2002-11-08,-0.030784123842170136,
2002-11-11,0.025184109207434573,
2002-11-12,0.011961865117499885,
2002-11-13,0.033901551675681416,
2002-11-14,0.012942700654837788,
2002-11-15,-0.014860246784109646,
2002-11-18,-0.015474196582597478,
2002-11-19,0.041617000057018586,
2002-11-20,0.03635428795388968,
2002-11-21,-0.00036068530598420224,
2002-11-22,0.009693129205659751,
2002-11-25,-0.034160298234871565,
2002-11-26,0.03129804225574032,
2002-11-27,-0.006830873226528383,
2002-11-29,0.010050335853501506,
2002-12-02,-0.03009108673694749,
2002-12-03,-0.022330663666534283,
2002-12-04,-0.014023349004670995,
2002-12-05,0.010252605471958753,
2002-12-06,-0.04837468570223646,
2002-12-09,0.014955020948743458,
2002-12-10,0.004676547883901803,
2002-12-11,0.0054284739742928865,
2002-12-12,-0.032222827111813665,
2002-12-13,0.03183605472254038,
2002-12-16,0.003089998596134904,
2002-12-17,-0.021439137264331463,
2002-12-18,-0.012688512818319378,
2002-12-19,0.010321647808053287,
2002-12-20,0.013728397607073626,
2002-12-23,-0.01254426484585687,
2002-12-24,-0.0027651607585355556,
2002-12-26,-0.01836378950219551,
2002-12-27,-0.0076845676440146365,
2002-12-30,-0.010612344495331579,
2002-12-31,0.04139630638737592,
2003-01-02,0.010963304797269594,
2003-01-03,0.02461662763535603,
2003-01-06,0.012460044154737107,
2003-01-07,-0.028546181906361497,
2003-01-08,0.03042059670071172,
2003-01-09,0.014870162479451407,
2003-01-10,-0.005921556903437321,
2003-01-13,0.005183277061856152,
2003-01-14,-0.012634876370277114,
2003-01-15,-0.011282556690311458,
2003-01-16,-0.04367844042645294,
2003-01-17,-0.011124469113349748,
2003-01-21,-0.004003207908216356,
2003-01-22,0.02299863461825357,
2003-01-23,-0.027420752377258977,
2003-01-24,-0.011752921506063151,
2003-01-27,0.010140017930598363,
2003-01-28,0.01482102034475165,
2003-01-29,-0.02618477899506691,
2003-01-30,-0.002451983247286645,
2003-01-31,0.0020437366606817866,
2003-02-03,-0.012325546342140425,
2003-02-04,-0.004557704181315738,
2003-02-05,0.005384150509346936,
2003-02-06,-0.016660110451195774,
2003-02-07,0.008781156153066095,
2003-02-10,0.0053975634467441315,
2003-02-11,-0.013758816171427584,
2003-02-12,0.0050251362026729795,
2003-02-13,0.022714170834249144,
2003-02-14,0.0305612847572926,
2003-02-18,-0.006755439956649003,
2003-02-19,-0.00399521106728822,
2003-02-20,0.0075773044497928375,
2003-02-21,-0.017231442182882795,
2003-02-24,0.0012118765369263827,
2003-02-25,-0.022454505376322074,
2003-02-26,0.02245450537632203,
2003-02-27,0.01562218833097156,
2003-02-28,-0.020478531343540676,
2003-03-03,-0.006103782938017799,
2003-03-04,0.002038736689848309,
2003-03-05,-0.002446983276453252,
2003-03-06,0.002039568318689089,
2003-03-07,-0.02183402904960337,
2003-03-10,-0.008784829555732915,
2003-03-11,0.01790595415100529,
2003-03-12,0.05578176164015379,
2003-03-13,0.0038956029008304555,
2003-03-14,0.033642316418234806,
2003-03-17,0.012329691035854141,
2003-03-18,-0.008577341417303755,
2003-03-19,0.003738322110607158,
2003-03-20,0.013711535921445313,
2003-03-21,-0.04247960609788803,
2003-03-24,0.014108908968672468,
2003-03-25,0.0056635982991921135,
2003-03-26,-0.007179324243037704,
2003-03-27,-0.011058263306743196,
2003-03-28,-0.03234258133708332,
2003-03-31,0.007889587275162924,
2003-04-01,0.02713344751440005,
2003-04-02,0.012540540557875618,
2003-04-03,-0.016371962869431555,
2003-04-04,0.0015343309492610044,
2003-04-07,-0.0011505274519380746,
2003-04-08,-0.023292978567438484,
2003-04-09,0.012102431535013078,
2003-04-10,-0.010140492510553552,
2003-04-11,0.02017918685275399,
2003-04-14,0.009558474609935808,
2003-04-15,-0.0022857152808560626,
2003-04-16,0.022625399517978827,
2003-04-17,0.0037216269229945727,
2003-04-21,0.018767800172984742,
2003-04-22,0.007264833985813295,
2003-04-23,-0.005443671581176581,
2003-04-24,-0.019475169999142467,
2003-04-25,0.019475169999142485,
2003-04-28,0.009056392273538164,
2003-04-29,-0.010148691672147023,
2003-04-30,0.008705169227330807,
2003-05-01,0.021083503845501627,
2003-05-02,-0.0010613834359221215,
2003-05-05,0.012662849469568822,
2003-05-06,-0.011247921748543067,
2003-05-07,-0.018552083994767623,
2003-05-08,0.02278489454738841,
2003-05-09,0.01502211655065168,
2003-05-12,-0.006260890016722532,
2003-05-13,-0.0020957045742188815,
2003-05-14,0.011126679464757053,
2003-05-15,-0.007636274524988597,
2003-05-16,-0.03582578558270483,
2003-05-19,0.0028849641358375706,
2003-05-20,-0.0028849641358376743,
2003-05-21,0.01434230393328184,
2003-05-22,0.00035593522354785193,
2003-05-23,0.034968597837746855,
2003-05-27,0.003088010688576545,
2003-05-28,0.004102569856777684,
2003-05-29,0.016244012002389896,
2003-05-30,-0.007074309442537154,
2003-06-02,0.009421334828390615,
2003-06-03,0.018580494720102488,
2003-06-04,0.0072060580412436435,
2003-06-05,-0.016784991730180755,
2003-06-06,-0.013364716132203488,
2003-06-09,0.01502281632969661,
2003-06-10,0.011202753076553449,
2003-06-11,0.004250455965964116,
2003-06-12,-0.022769503733201555,
2003-06-13,0.03024556650755662,
2003-06-16,-0.0038935805191320986,
2003-06-17,0.0051880790817778995,
2003-06-18,-0.01630293688807441,
2003-06-19,-0.0013157896635200795,
2003-06-20,-0.015591624525770132,
2003-06-23,-0.007719454342676979,
2003-06-24,-0.005405418566907935,
2003-06-25,0.02343595711232181,
2003-06-26,-0.01298935831793642,
2003-06-27,0.004014726034801182,
2003-06-30,0.013267192944049079,
2003-07-01,0.020222476479604075,
2003-07-02,-0.012672793484195163,
2003-07-03,0.041946280521050025,
2003-07-07,0.012155362379781896,
2003-07-08,-0.002481390851385398,
2003-07-09,-0.018809331957496227,
2003-07-10,0.0075662403833158766,
2003-07-11,0.011864016772646065,
2003-07-14,0.0012406949482343704,
2003-07-15,-0.0031046283862971816,
2003-07-16,-0.03094658068113503,
2003-07-17,0.0032020520474798347,
2003-07-18,-0.01287019052053502,
2003-07-21,0.0147865117712994,
2003-07-22,0.008261883664991757,
2003-07-23,-0.01338025696323604,
2003-07-24,0.01968942615650082,
2003-07-25,0.0028261912358350447,
2003-07-28,-0.0075543324317811555,
2003-07-29,-0.007293515762709984,
2003-07-30,0.012021656958656082,
2003-07-31,-0.010749392155999384,
2003-08-01,-0.00031791448368225894,
2003-08-04,-0.04022598774786886,
2003-08-05,-0.0006622516798331541,
2003-08-06,0.003966947350964194,
2003-08-07,-0.007949694069274003,
2003-08-08,0.010914611411738318,
2003-08-11,0.015018238522838841,
2003-08-12,0.00032399157905327547,
2003-08-13,0.000971345389631659,
2003-08-14,0.00869990987554611,
2003-08-15,0.025341869292504343,
2003-08-18,0.012434104866402932,
2003-08-19,-0.002474483167969132,
2003-08-20,0.01078094532572244,
2003-08-21,-0.006146300848694178,
2003-08-22,0.002155505068601761,
2003-08-25,0.0009223674750779126,
2003-08-26,0.007958413599206264,
2003-08-27,0.008802606543422919,
2003-08-28,0.009025332022042216,
2003-08-29,0.014273212874116996,
2003-09-02,-0.0005906674713962588,
2003-09-03,0.009116369562084958,
2003-09-04,-0.006461109114288809,
2003-09-05,0.016365064231233878,
2003-09-08,-0.011955237887502291,
2003-09-09,-0.024347996119426344,
2003-09-10,0.011059745074361894,
2003-09-11,0.005336508365686896,
2003-09-12,-0.009805456664321003,
2003-09-15,0.026809677573239432,
2003-09-16,-0.004078071483378848,
2003-09-17,0.015064016030163165,
2003-09-18,-0.005767028670992556,
2003-09-19,-0.019270669331442045,
2003-09-22,0.01753405529152491,
2003-09-23,-0.038386762030078556,
2003-09-24,-0.013028513328591906,
2003-09-25,-0.006424987682657886,
2003-09-26,0.017042408824517956,
2003-09-29,-0.021965495690886783,
2003-09-30,0.022267200324341464,
2003-10-01,0.0033127571329100913,
2003-10-02,0.02757772988642834,
2003-10-03,0.007285475908320135,
2003-10-06,0.0060790460763821925,
2003-10-07,-0.006369448285479823,
2003-10-08,0.007523183631225926,
2003-10-09,0.00918227398491593,
2003-10-10,0.006548066101404504,
2003-10-13,0.0025506603030750422,
2003-10-14,-0.004254722061641657,
2003-10-15,0.007927561336649779,
2003-10-16,-0.024262642998808977,
2003-10-17,0.012347608420937798,
2003-10-20,0.0059752631900870205,
2003-10-21,-0.019479275324744454,
2003-10-22,-0.011638187806332667,
2003-10-23,0.0008775779413589422,
2003-10-24,0.00029235492095380593,
2003-10-27,0.03306323877992938,
2003-10-28,-0.0011318620336834176,
2003-10-29,0.0019799186216128664,
2003-10-30,-0.005951555047959926,
2003-10-31,0.01635221099590131,
2003-11-03,-0.006734032181343956,
2003-11-04,0.008968669982760316,
2003-11-05,0.00278629324868307,
2003-11-06,-0.008662901737668193,
2003-11-07,-0.012426028284251062,
2003-11-10,-0.0037010718404052114,
2003-11-11,0.0211663045172529,
2003-11-12,-0.0011176307394149233,
2003-11-13,-0.020619287202735818,
2003-11-14,-0.010327114155849517,
2003-11-17,-0.023338282128487327,
2003-11-18,0.009693129205659533,
2003-11-19,-0.00969312920565957,
2003-11-20,0.01027758275824023,
2003-11-21,0.027375286767318197,
2003-11-24,0.0,
2003-11-25,0.004537727582138388,
2003-11-26,0.0011312218400888893,
2003-11-28,0.014590606762593957,
2003-12-01,-0.005586606708639712,
2003-12-02,-0.0126851595273158,
2003-12-03,0.010722450359467079,
2003-12-04,-0.01669771354955404,
2003-12-05,0.005691534999788055,
2003-12-08,-0.023253523717546486,
2003-12-09,0.0037686665854225784,
2003-12-10,0.021186020003396155,
2003-12-11,-0.0017011628712722208,
2003-12-12,-0.013139292141841771,
2003-12-15,0.0020106282803959495,
2003-12-16,0.0017201839104115414,
2003-12-17,0.01844808952875925,
2003-12-18,-0.0028161099996420248,
2003-12-19,0.0030972853143019043,
2003-12-22,0.007562002146365979,
2003-12-23,0.0016727073875033088,
2003-12-24,-0.0013937284486036918,
2003-12-26,0.016323505346128062,
2003-12-29,0.0032876741941917083,
2003-12-30,-0.00273897733543235,
2003-12-31,-0.002746499941238943,
2004-01-02,0.019878122192221417,
2004-01-05,0.006717746612077081,
2004-01-06,0.009064311594585739,
2004-01-07,0.007930255675977344,
2004-01-08,-0.006604171407920766,
2004-01-09,0.01577734541624462,
2004-01-12,-0.009963375550824717,
2004-01-13,0.0034197060815255383,
2004-01-14,0.002622608374436982,
2004-01-15,0.01016295392253486,
2004-01-16,-0.0007781092339161439,
2004-01-20,-0.0041601724066663934,
2004-01-21,-0.006010732849087922,
2004-01-22,-0.003676474729308637,
2004-01-23,0.015143892548370067,
2004-01-26,-0.022272635609123292,
2004-01-27,-0.01710357032701474,
2004-01-28,0.0037664827954768648,
2004-01-29,-0.004575435246225446,
2004-01-30,-0.0027012442141004485,
2004-02-02,-0.001082544084068652,
2004-02-03,-0.016380382631361302,
2004-02-04,0.003846158587478315,
2004-02-05,0.017935263368399883,
2004-02-06,-0.0002693602709890429,
2004-02-09,0.0016150743752982777,
2004-02-10,0.010701011692021294,
2004-02-11,-0.008820049159750655,
2004-02-12,-0.008356970054474715,
2004-02-13,0.013444676838297472,
2004-02-17,0.0029337266007523318,
2004-02-18,-0.015296152251164971,
2004-02-19,-0.0032502737173014723,
2004-02-20,-0.011185493787009958,
2004-02-23,-0.0024721891453891483,
2004-02-24,0.006032373653441534,
2004-02-25,0.002457339120515135,
2004-02-26,-0.0027307499219448757,
2004-02-27,0.013040119580806062,
2004-03-01,-0.011673812495731217,
2004-03-02,-0.005476464946902586,
2004-03-03,0.009292223188024393,
2004-03-04,-0.0035427206967632153,
2004-03-05,-0.023758023519796567,
2004-03-08,-0.0030799408359322203,
2004-03-09,-0.01326766110150054,
2004-03-10,-0.009135090645934017,
2004-03-11,0.018187486267436662,
2004-03-12,-0.017614091756313677,
2004-03-15,0.0017182134811365036,
2004-03-16,0.015614227801550798,
2004-03-17,-0.0045172295898197,
2004-03-18,-0.016835894880749304,
2004-03-19,-0.012742715140442683,
2004-03-22,-0.008194368357544057,
2004-03-23,0.01139530227057904,
2004-03-24,0.026377676108157,
2004-03-25,-0.003401363823490401,
2004-03-26,0.016054421709874422,
2004-03-29,0.003347283460056969,
2004-03-30,-0.0019512201312615824,
2004-03-31,0.008888947417245774,
2004-04-01,0.025663434089413843,
2004-04-02,0.009389740349839137,
2004-04-05,-0.012629484004249849,
2004-04-06,-0.0010822511878848177,
2004-04-07,0.0,
2004-04-08,0.006207009538067044,
2004-04-12,-0.014634407518437696,-0.0018376883386290934
2004-04-13,0.004901970600206688,-0.00013593103370777783
2004-04-14,-0.018092598786156152,0.0008434146856048372
2004-04-15,-0.0016611299500763758,0.0013559828801475184
2004-04-16,0.01211802215249389,0.0013865252299660603
2004-04-19,-0.023543533095382534,0.00016589106266408165
2004-04-20,0.00865081437913077,0.0018136852521955526
2004-04-21,0.025512287543712125,0.0010868665910499311
2004-04-22,0.007824132723879634,1.3605989809729489e-05
2004-04-23,-0.0072825675874372674,-0.0018153879292850232
2004-04-26,-0.001896762525040716,-0.0018690267461038388
2004-04-27,-0.018339093414327635,-0.00034376384786318913
2004-04-28,-0.015590516229116861,0.0010052937090770573
2004-04-29,-0.02471365658283844,0.0016804360959608085
2004-04-30,0.009446184452050116,0.0019670383836230864
2004-05-03,0.004264398786457518,0.000995585468681993
2004-05-04,0.007911880774658112,-0.0007696314868683382
2004-05-05,-0.007628233063211667,-0.0017734120144675242
2004-05-06,-0.008258625894439663,-0.0007208480480751976
2004-05-07,-0.008615791378352292,0.0014691523928088473
2004-05-10,0.01488719163656163,0.001881226021415958
2004-05-11,0.0019872256362304047,1.186793283831011e-06
2004-05-12,-0.007115442003149849,0.000208908563245979
2004-05-13,-0.007454162955773156,-0.0008031325039119721
2004-05-14,-0.009541781227407755,-0.0007962645288236703
2004-05-17,0.008966075972589043,0.00033282027197954083
2004-05-18,-0.0011524057743242384,-0.0016047458111952881
2004-05-19,0.0046016762248746405,-0.0011148035594419157
2004-05-20,0.004866189651172906,-0.0018796669886447625
2004-05-21,0.006829850112018179,-0.001641298157397994
2004-05-24,0.019658032633695453,-0.001905369864087854
2004-05-25,0.006375627972231409,-0.0013476599243431476
2004-05-26,0.00633523672381092,-0.002314402548581353
2004-05-27,0.0035631118963255913,-0.0015866255776819237
2004-05-28,-0.001368925607341621,-0.002114935356674838
2004-06-01,-0.002194186288983849,-0.0011039506726143657
2004-06-02,-0.01215484577707494,-0.0005513183789820485
2004-06-03,0.0058196090532640025,-0.00020207812000542038
2004-06-04,0.023485514166444756,-0.0002236633273711736
2004-06-07,0.0013486178712936849,-0.0011401955300582502
2004-06-08,-0.014115326650669863,-0.0018816441436285598
2004-06-09,0.00708256842438656,1.468130330213569e-05
2004-06-10,-0.014215657654013671,0.00013142965417556828
2004-06-14,0.012857515383590342,0.001033644652167197
2004-06-15,-0.0016322092851071472,0.0004000918282132781
2004-06-16,-0.009299848207507398,-0.0007108210551482529
2004-06-17,0.001373060767689104,0.0003288050500474466
2004-06-18,-0.00799012378698391,-0.00013679117626940883
2004-06-21,0.014554698783490356,-0.00010273899768469918
2004-06-22,0.011924260529735572,0.0003860776210269166
2004-06-23,-0.0018875561759039157,-0.000684966726106953
2004-06-24,0.007528941184396518,-0.0004851687750751408
2004-06-25,-0.008338985781140935,-0.0005395133366091931
2004-06-28,0.00940993635204093,0.0003251116825484827
2004-06-29,0.009852296443011858,-0.0006982578358131124
2004-06-30,-0.018722130162425563,-0.00023242666545135568
2004-07-01,-0.005957233973046844,0.0010229194318946853
2004-07-02,-0.021689251044929934,-6.656081282870453e-05
2004-07-06,0.0019409405788332747,0.00232108678672147
2004-07-07,-0.011142176553241848,0.0012733745892052038
2004-07-08,0.0013995803544232636,0.001248368689613817
2004-07-09,-0.004204631282031812,0.0005505687827076036
2004-07-12,-0.001405481608735032,0.00014898228360335063
2004-07-13,-0.01017820491575604,0.000158422733858486
2004-07-14,-0.0034158871814069605,0.0015032456497596
2004-07-15,-0.01147130445515467,0.000995529434943864
2004-07-16,-0.00202107763325348,0.001438119961479643
2004-07-19,0.023705236813701975,0.0006098126417759962
2004-07-20,-0.02950235449802803,-0.0009530120878349748
2004-07-21,0.013570296308206994,0.00018400268573054196
2004-07-22,-0.01910886169804636,-6.795812865806848e-05
2004-07-23,-0.004394323754971075,-0.0002940900825630988
2004-07-26,0.013704836167358772,0.00027116906742588316
2004-07-27,-0.004353511447197775,-0.0017215790270297454
2004-07-28,0.011567508971433665,-5.3450492156157216e-05
2004-07-29,0.0031577462725458564,-0.0022779337681931907
2004-07-30,0.0020042955886520235,-0.0025388418830789277
2004-08-02,-0.02110209824524092,-0.0022882787495039367
2004-08-03,0.000292098731447589,-0.0007664606468324834
2004-08-04,-0.018868484304382805,-0.0006500273753640476
2004-08-05,-0.026539555234612378,0.00046118374354401845
2004-08-06,0.0024420036555515873,0.002182359194162012
2004-08-09,0.012422519998557329,-0.0004383906980094845
2004-08-10,-0.008770659579786138,-0.000662736710449915
2004-08-11,-0.01376378969411453,-0.0009618717974159289
2004-08-12,0.0015386985648552947,9.760860907140063e-05
2004-08-13,0.011313375521355662,1.0097445982555284e-05
2004-08-16,0.011186813563815966,-0.0013768648257119155
2004-08-17,0.017583525593502482,-0.002556169200173033
2004-08-18,-0.0053317661853008545,-0.0024580510725380443
2004-08-19,0.0100473658461208,-0.0020124319992861923
2004-08-20,0.0023494871307078004,-0.0025248136710381277
2004-08-23,-0.00029338418869688466,-0.002847152600344751
2004-08-24,0.013696848252563856,-0.002126005148876812
2004-08-25,-0.004350985834326146,-0.0026798402882170823
2004-08-26,0.004640379556502301,-0.0032137678918992864
2004-08-27,-0.016924827692069055,-0.0027325087494074665
2004-08-30,0.0011764707239300329,-0.0014856323426911272
2004-08-31,0.00732174891880175,-7.375765279194987e-05
2004-09-01,0.014772173039619483,-5.2342940430723456e-05
2004-09-02,-0.018572791559842438,-0.0010453596074408115
2004-09-03,0.008458559984137724,-0.00016205139604239644
2004-09-07,-0.003782923178538261,0.0008041949504029612
2004-09-08,0.008419268777183313,0.0008373521911466707
2004-09-09,0.015206145817838284,0.0008982438352854794
2004-09-10,0.013012913470773189,-0.00022005570214140365
2004-09-13,0.0014042973800556808,-0.00022875132156768081
2004-09-14,-0.010722450359467145,-0.0017898774154666297
2004-09-15,0.0019838464774816745,-0.0002464132374268111
2004-09-16,0.003109543141621392,-0.00043267393026353803
2004-09-17,0.0,0.00012434914284630157
2004-09-20,0.0039436670829832475,0.000431994742597261
2004-09-21,-0.017584117280544456,-4.920404976734732e-05
2004-09-22,-0.0008587377084178693,0.000764123200790759
2004-09-23,-0.0034423441909729015,0.000984402783746277
2004-09-24,-0.008658062743114541,0.0013102101411233502
2004-09-27,0.002026929896219111,0.0008694794798940135
2004-09-28,0.014644913570448998,0.0004829726370593824
2004-09-29,0.0017089152549689959,0.000133613727703016
2004-09-30,0.026952782579884142,-0.0013118538174642779
2004-10-01,0.005800320087409281,-1.0722853858420285e-05
2004-10-04,0.0013760838830334846,-0.0005423018614029971
2004-10-05,0.007944159023382299,-0.0005255665415890818
2004-10-06,-0.011249947157881818,-0.0009138825840264476
2004-10-07,-0.018379798937089645,-0.0005425923378878704
2004-10-08,0.004766586902327603,0.0012168220661102245
2004-10-11,-0.0016797316379477188,-0.0012371529239282146
2004-10-12,-0.00224404021238253,2.873346765878775e-05
2004-10-13,-0.004503244311549708,0.00100920166611111
2004-10-14,0.005064726639608255,0.00017788922477141272
2004-10-15,0.014212305546337676,0.0019049889284631727
2004-10-18,-0.00722024797348702,0.0004998907774448143
2004-10-19,0.004726826540362581,0.0011422604692182838
2004-10-20,0.015141376676362695,0.0010432342384320357
2004-10-21,-0.02210034700066608,0.0008081161858078387
2004-10-22,-0.004759913788909783,0.0003800043393916285
2004-10-25,0.00531841701482088,0.000508701261189538
2004-10-26,0.025087463199010118,4.3457166063605576e-05
2004-10-27,0.00624238694190753,-0.00022952337614800503
2004-10-28,-0.001624695727001922,-0.00257910836702666
2004-10-29,0.0037868587314970857,-0.0013317292255400116
2004-11-01,0.0032345041676590976,-0.0009542236709476064
2004-11-02,0.0067051344144169875,3.743886191925872e-05
2004-11-03,0.005597775512829678,0.00040163553415744203
2004-11-04,0.008997149868842822,2.2988046991527468e-05
2004-11-05,0.0010531859846586405,-0.00015409665561407567
2004-11-08,-0.0021074823395646983,-0.0015362399591631354
2004-11-09,-0.0034341600254235113,-0.0004338396814655241
2004-11-10,0.013144248127805493,0.0006928445378254105
2004-11-11,0.009616708290981636,0.0005204214781549886
2004-11-12,0.004387669963391082,-0.00015664595383821128
2004-11-15,-0.006199968194048402,-0.00047499847926705846
2004-11-16,0.013385013217895248,0.0005703985075658673
2004-11-17,0.0045918448029456365,0.0015522261515891155
2004-11-18,-0.01564736298527482,0.000375264442648188
2004-11-19,0.009520205700601298,0.0015264805356598914
2004-11-22,-0.0015376732911888695,0.0005261804408988869
2004-11-23,0.008682383449212006,0.0007063309515118038
2004-11-24,-0.0030557701394778847,-0.00033036014068236097
2004-11-26,-0.0002550695078233751,-0.0010245482873024625
2004-11-29,-0.0020429016298004047,0.001506622510870227
2004-11-30,0.020243606276646814,0.0012127734826500728
2004-12-01,0.0037504732047900073,0.0006794264563056783
2004-12-02,0.0014962596307721223,0.0008979095286412257
2004-12-03,0.003482590584537543,0.0013256385592870042
2004-12-06,-0.0172828346889432,0.0002286494589924992
2004-12-07,0.005794196837806215,0.002108908342782905
2004-12-08,0.006010536502142323,-0.0006168674670623119
2004-12-09,-0.003000752439238213,0.0013945351190628676
2004-12-10,0.008727146775231667,0.0002971537978263374
2004-12-13,0.004878843710580166,-0.00015976264265693302
2004-12-14,-0.0036383026756649575,0.00036809794785785314
2004-12-15,-0.009466936672992992,0.0008944830271721633
2004-12-16,-0.011961112070577894,0.0011345526391059724
2004-12-17,-0.006990813345288928,0.0019512094608017036
2004-12-20,0.012170535620255114,0.002101306459521747
2004-12-21,0.001259287409835495,0.00029754312592996843
2004-12-22,0.000704508885822049,-0.00040879665811413535
2004-12-23,-0.0042345175942903315,-0.0006570485457905661
2004-12-27,0.009552611605192727,-3.221960735389829e-05
2004-12-28,0.001250156432355198,7.442353258335361e-05
2004-12-29,-0.0007499062968603498,-0.0006741487199910386
2004-12-30,-0.0018772297609648938,-0.00042386412055662776
2004-12-31,-0.010476837966849027,-0.0002670312871670031
2005-01-03,-0.01837070531640742,0.0009708119289766834
2005-01-04,-0.006207986828285439,0.0016202597948368157
2005-01-05,-0.0050203650907232195,0.0017827324927993835
2005-01-06,0.0052798021138413505,0.0008421162590128469
2005-01-07,-0.0005189413712721646,0.0006315828688600747
2005-01-10,-0.007058331925193835,-0.0006151164024565897
2005-01-11,0.008355180764710592,0.000435199764341813
2005-01-12,-0.01330743708317694,0.0008445993543198989
2005-01-13,0.009411834182346597,0.0005000564697098479
2005-01-14,0.0075178578316237804,0.0001388942945480683
2005-01-18,-0.01666705248521176,-0.000682322021926571
2005-01-19,-0.01935629834433818,-0.0002649207485660595
2005-01-20,-0.008064559836730519,0.0007706950845084448
2005-01-21,-0.014134510934904693,0.0015317259983637923
2005-01-24,0.004915356701551691,0.0012790341941116788
2005-01-25,0.01191457365502526,-0.00014894368238128723
2005-01-26,-0.0013468015503786276,-0.0013547230500373436
2005-01-27,-0.004863559978737999,-0.001285825639192333
2005-01-28,0.012917294785834706,-0.0009765518866539486
2005-01-31,0.003203419717537865,-0.0014781635933190892
2005-02-01,0.0015978698472952333,-0.0019667677966052656
2005-02-02,-0.011400557016106679,-0.0015202258178920686
2005-02-03,0.015914038725821186,-0.0015279075499472347
2005-02-04,-0.0020152743350063756,-0.0013330903982250516
2005-02-07,0.0017503385803768368,-0.0030523033146494308
2005-02-08,-0.016834064867898027,-0.0026042749839219033
2005-02-09,0.0010772960912619049,-0.0010350719073649807
2005-02-10,0.014696323290197042,0.0002751100635989957
2005-02-11,0.004472740984869029,-0.0010821476901970893
2005-02-14,0.006606243347167121,-0.002617641434547081
2005-02-15,-0.0036793734018615997,-0.0003783873700261913
2005-02-16,-0.013519092578543718,-0.0007021956870355138
2005-02-17,-0.00320770122676962,0.0008164625031393377
2005-02-18,-0.012392399970242047,-1.7444917424591947e-05
2005-02-22,0.001354463162509549,0.0014689156827630823
2005-02-23,0.012643073588960935,0.00031992995688412233
2005-02-24,0.005597775512829678,-0.0007227887325185836
2005-02-25,-0.010689572658779598,-0.001614156162291384
2005-02-28,0.010955353391241329,-0.0004745668448988148
2005-03-01,-0.0005316321231009896,-0.00047482165855690047
2005-03-02,-0.008276645832475208,0.0003017741607623805
2005-03-03,0.00588079748825416,-0.00016852208174477864
2005-03-04,0.01428973772997951,-0.0006238709864456106
2005-03-07,-0.010034412159841195,-0.0006994254646056771
2005-03-08,-0.0029235901222848075,-0.0013012949804022342
2005-03-09,-0.0013317354478535727,-0.00041262797887114543
2005-03-10,-0.00937213982886321,0.00019487247604037055
2005-03-11,0.004563153804415832,0.0005398465314154039
2005-03-14,-0.008066728335597993,-0.0012635474545727116
2005-03-15,-0.011540417264945459,2.142964501007866e-05
2005-03-16,0.002591204995709753,0.0024294253777911853
2005-03-17,-0.005463001841197465,0.00031449898723933333
2005-03-18,0.001915447295174259,0.0006049599890925004
2005-03-21,-0.012378097803170651,-5.221202716053689e-05
2005-03-22,0.003591660167156024,0.0006566001000882637
2005-03-23,0.00027574796810623804,0.00015574408780010224
2005-03-24,0.001928109673214037,-0.0010410256020377858
2005-03-28,-0.008012199237067164,-0.001794624681616993
2005-03-29,0.018686996100617765,-4.888272314151464e-06
2005-03-30,-0.004365627670286013,-0.0002784924648975573
2005-03-31,-0.010169113329564387,-0.0017233359798945406
2005-04-01,0.007156650418791622,0.0004161423280928556
2005-04-04,0.0027389773354322177,-0.0007619156170609912
2005-04-05,-0.0016424859975035261,-0.0013991252556747622
2005-04-06,0.011982714182647946,-0.0016468561939138005
2005-04-07,-0.008154434965164298,-0.0013531930893817626
2005-04-08,-0.004376374599799,-0.0007983717417308302
2005-04-11,0.004922077205428235,-0.0008091141591916216
2005-04-12,-0.016502024636387534,0.0005942721042246776
2005-04-13,-0.014244061525921429,0.0005606417076646916
2005-04-14,-0.023048395436290905,0.0020175854276240704
2005-04-15,0.0002878111978421647,0.0027438706958704947
2005-04-18,0.006882734368795583,0.0012785652907233902
2005-04-19,-0.00820735229507814,-0.00045830967389293587
2005-04-20,0.027342899945802853,0.00016276519650851719
2005-04-21,-0.01628166443519754,-0.000755674726415252
2005-04-22,0.008089166368277926,-0.0006629337870610247
2005-04-25,-0.009229742482802642,-0.0013502601108659298
2005-04-26,0.0014255169912211687,-0.0006085253032677505
2005-04-27,-0.01002155846101899,-0.0002131936079777172
2005-04-28,0.006596897579654823,-0.0013360509126887688
2005-04-29,0.003994299176459858,-0.0006277584275348835
2005-05-02,0.005112195172335141,-0.002886757995629663
2005-05-03,0.012051731158551106,-0.0020432399997126916
2005-05-04,0.0008952552075112085,-0.002869064619023652
2005-05-05,0.002708855699475906,-0.0019361952343812854
2005-05-06,0.004813118755212824,-0.0019213151665524889
2005-05-09,-0.007354203294157413,-0.0017062945275283282
2005-05-10,0.005131362701211242,-0.0011325336659033845
2005-05-11,-0.0027855171214264235,6.288972188648093e-05
2005-05-12,0.010819914129149276,-0.00028590880111517667
2005-05-13,0.00671032714313341,0.00018597624233773476
2005-05-16,0.005902946742612576,-0.0014901855268296034
2005-05-17,0.013532006218576373,-0.0008306430270272832
2005-05-18,0.008352120508184227,1.991890942401142e-05
2005-05-19,0.0039376414417210265,-0.00047724800736290607
2005-05-20,0.005032456654451454,-0.0007155392219194833
2005-05-23,0.003165394360253019,0.000363478728695343
2005-05-24,-0.004222756340869353,0.000748382337518386
2005-05-25,0.010000083334583179,0.0003878081202438571
2005-05-26,0.0005235602213838304,0.0004118533159770978
2005-05-27,-0.0034080515356440357,-0.0002225073349442074
2005-05-31,0.008107799089541855,0.0007065273344961374
2005-06-01,0.007008464767478465,0.0016200038889242205
2005-06-02,-0.014591191647529466,0.0009169333657320807
2005-06-03,0.0002624327531134626,0.0014093486402004267
2005-06-06,-0.008432197524371302,0.0009415142435921029
2005-06-07,-0.0021192060911318007,0.002369177567454037
2005-06-08,0.006344192571373319,0.0014207311193725769
2005-06-09,-0.010676022298515192,0.0011030121001942325
2005-06-10,0.004862052433095268,0.0010327966952042974
2005-06-13,-0.003983539990899777,0.0008464045080780406
2005-06-14,0.0031881004686458952,2.879808217025651e-05
2005-06-15,0.005291017634415459,0.0012918934682706734
2005-06-16,-0.000791870174677183,0.0006555605434342595
2005-06-17,0.0,0.00039714697470668203
2005-06-20,-0.0005282620302455872,-0.0001670377962434248
2005-06-21,-0.0010573619806162435,0.0008954353220902106
2005-06-22,-0.011170328913819144,8.360784640600483e-05
2005-06-23,-0.011296516040481859,0.0015132788769370608
2005-06-24,-0.004608927773655297,0.001902685599455961
2005-06-27,0.009465925988883052,6.904495277719144e-05
2005-06-28,-0.002209707439323173,-0.0005901158155707223
2005-06-29,-0.007799844548269847,-0.0010197012190895653
2005-06-30,-0.001496497116234,4.074820346000791e-05
2005-07-01,0.010428753012565163,-0.0004055366510012906
2005-07-05,-0.004862246208034414,-2.9177598847636215e-05
2005-07-06,0.0035139919927418867,-0.0005356669340438435
2005-07-07,0.01897691586715184,0.0007234910062161196
2005-07-08,0.009223942061635832,-0.00025264467955460096
2005-07-11,0.004710817400598905,-0.000983081802686927
2005-07-12,0.0023471128261061446,-0.0013352861602913965
2005-07-13,0.00984974267013138,-0.0008097751977095742
2005-07-14,0.0030903964848181366,0.00014228830335083725
2005-07-15,-0.004045198306964703,-0.0010486761383531687
2005-07-18,0.01147446265570354,-0.0008931883772243011
2005-07-19,0.007121088078074555,-8.173364892634827e-05
2005-07-20,0.0002533890802863222,6.243148270474136e-05
2005-07-21,-0.0012675879501815408,0.0011273364584443904
2005-07-22,-0.0038124331346558083,0.0006832111763589788
2005-07-25,0.003812433134655939,0.0008732892073394815
2005-07-26,0.007581537452397533,0.001254989136139691
2005-07-27,0.004772079883670593,0.0011624312498096539
2005-07-28,-0.008429313293566474,0.0008674550322886616
2005-07-29,0.0018933423137809581,0.001283214136868573
2005-08-01,0.010786508695752319,0.0010974955600629606
2005-08-02,-0.0004991265389370107,0.0013672093153024275
2005-08-03,-0.009707474673624707,0.0006591841845703902
2005-08-04,-0.00487664099876682,0.0009378650033740859
2005-08-05,-0.007372602353740685,0.001336890502382842
2005-08-08,0.006612435080343344,0.0010684662924780968
2005-08-09,-0.008655858524460557,0.00046108695330295186
2005-08-10,0.008199480635653884,0.0015012411009468795
2005-08-11,-0.005645853098836435,0.0013975657619417854
2005-08-12,0.006000831677071276,0.0007628133016077149
2005-08-15,-0.01625470260049666,8.620083194910513e-05
2005-08-16,0.005908816164076736,0.0012207480165541513
2005-08-17,-0.005058881145814109,0.0009753766162494905
2005-08-18,-0.0005923026582133603,0.00022840647486937994
2005-08-19,0.0005150656822600646,-0.000639457383619811
2005-08-22,-0.0028361498964635493,0.00025183498660464676
2005-08-23,-0.005956252232922183,-0.0006125197922169318
2005-08-24,0.00228310601456855,0.0006340161976438406
2005-08-25,-0.0033252072550580595,-0.0007806192821169227
2005-08-26,0.007772646969316267,-0.0006189455938824648
2005-08-29,-0.003618510022197104,-0.00021658958431213806
2005-08-30,0.00927841707904634,-9.384574807258256e-05
2005-08-31,-0.0015404367616102758,0.00044931097106741774
2005-09-01,-0.003861505634966546,-0.00048018669035441324
2005-09-02,0.01459506127807531,-0.0008461776690265428
2005-09-06,0.0017524036535771672,-0.0002446862765359151
2005-09-07,-0.00022840031060217822,-0.0010708305388453167
2005-09-08,0.00554298487009835,-0.00042060621251484753
2005-09-09,0.0027977686525210346,9.074196180929267e-05
2005-09-12,-0.0025201626241638177,-0.0005812710397104994
2005-09-13,-0.011419994685949052,6.533459826497143e-05
2005-09-14,-0.0005105948540851376,0.001567941589055985
2005-09-15,0.006109998641578474,0.0013438907209895668
2005-09-16,-0.00789913649902462,0.0005116095218465828
2005-09-19,-0.004101518182499219,0.00012454119686453502
2005-09-20,-0.01110692032862586,0.002067478283418059
2005-09-21,0.003629768050578731,0.0022402935014896328
2005-09-22,0.0028427464550387824,0.0019483399077136665
2005-09-23,0.0002580312232094237,-0.00014740609749651422
2005-09-26,-0.002324681403359687,-0.00023490355156567905
2005-09-27,0.0002585649658877715,-0.00039309454370578686
2005-09-28,0.013354076211323295,-0.00014825456332634196
2005-09-29,0.006610753798052347,0.000804395844714649
2005-09-30,0.0025310061600420626,-0.0005172279296481836
2005-10-03,-0.006593987879295908,-0.00045435636256611054
2005-10-04,-0.013835731852650024,7.575208993228287e-05
2005-10-05,-0.013245226750020567,0.0009182375680581213
2005-10-06,0.002350177344953673,0.0021491495178459436
2005-10-07,-0.005492363748026032,0.00024066427728173644
2005-10-10,-0.004995409362604358,-0.0009024837999767571
2005-10-11,-0.0120117582999493,0.000200411893572966
2005-10-12,0.007785655866444664,0.0011775581377874028
2005-10-13,0.0073839997946398925,0.001165617850107884
2005-10-14,0.003147956429597971,0.00027289788899781506
2005-10-17,-0.00709688876935814,-0.0011451811091708925
2005-10-18,0.019849176090962335,-0.00042061930710411287
2005-10-19,-0.009457563738736435,0.00022194247854067576
2005-10-20,0.006349558128869113,-0.00044615324757496457
2005-10-21,0.015699717652971082,-0.000666984807070185
2005-10-24,-0.003837794143744475,-0.001352199127374625
2005-10-25,-0.005140078137750139,-0.001620655688141703
2005-10-26,-0.020302623440646646,-0.00169033544756132
2005-10-27,0.0076488218673388345,0.0006444163802236181
2005-10-28,0.014198601056624537,-7.683820510787651e-06
2005-10-31,-0.000772101441007487,-0.0009413613091807176
2005-11-01,0.012969089652127093,-0.0020772213509886025
2005-11-02,0.014958594912417739,-0.0009797290045592988
2005-11-03,0.003499128788940161,-0.00022852258483303388
2005-11-04,0.0012467275022160587,-0.0009612480579522704
2005-11-07,0.0002491590893666539,-0.0011443962996141963
2005-11-08,0.00047323130685521215,-0.00014019816675946606
2005-11-09,0.010921491932639674,-0.00021952761809337158
2005-11-10,0.0027056959072005206,-2.5536095181203896e-05
2005-11-11,9.825112996691994e-05,-0.0009483157524868377
2005-11-14,-0.004776334264371706,-0.0008943082689940641
2005-11-15,0.006101780569215385,4.2271000862654324e-05
2005-11-16,0.013134517180646982,0.0002517809237967924
2005-11-17,0.003455904450959075,0.0005121706701838545
2005-11-18,0.002385572041840458,0.0008316622163563314
2005-11-21,0.0036276751816111566,0.00036531494782617436
2005-11-22,0.0023952107259546285,0.0013201869296284939
2005-11-23,0.002150795428232891,0.0008119117412596075
2005-11-25,-0.008390316510977292,0.0002465928536581833
2005-11-28,-0.004753697886848604,0.0014058756624310742
2005-11-29,-0.002494461412358396,0.0017160124500169708
2005-11-30,0.018427611913929845,0.001609393739476369
2005-12-01,0.0023777265880398266,0.0009065768639418858
2005-12-02,-0.00731765812001835,0.0002786843956782716
2005-12-05,0.0032483070503398835,0.0005735910602956823
2005-12-06,-0.0018139295631968326,0.0016134095528282679
2005-12-07,-0.007168489478612516,0.0017964775113013928
2005-12-08,0.0036985488147967278,0.002071121966532595
2005-12-09,0.003637150763695361,0.0006102644620687122
2005-12-12,0.004242546167128016,7.522161300310584e-05
2005-12-13,-0.0034785129900237904,0.0005010280249094794
2005-12-14,0.0016931170506618164,0.00031350091248561547
2005-12-15,-0.00933579491563264,0.0010239555458907716
2005-12-16,-0.016000341346441075,0.0007587397999557464
2005-12-19,0.0007328692156526977,0.0012119761044542198
2005-12-20,0.004385971943254268,0.0009311578220134338
2005-12-21,0.006470632195194361,0.0003313985338011091
2005-12-22,0.00014492753648562992,-0.0007528881531216442
2005-12-23,-0.008854875242456869,-0.0014957654989994987
2005-12-27,-0.0011703322153095378,-0.00013642760458291883
2005-12-28,-0.006608762273978993,-4.460858415865289e-05
2005-12-29,-0.007592601676781463,-0.00039502565740123286
2005-12-30,0.02197783084318733,0.00017456697123365158
2006-01-03,0.010355300240381622,0.0008714543746005967
2006-01-04,0.004303138363732109,-0.0007273643124092925
2006-01-05,0.017967386420765938,-0.0010545157856234908
2006-01-06,0.003972884885225854,-7.341964721248946e-05
2006-01-09,0.000702205443767986,-0.00021275537954681544
2006-01-10,0.007666433181295222,9.324928908288773e-05
2006-01-11,-0.004871834250279354,0.0005550861385600996
2006-01-12,-0.00046522447919812197,0.00038854822627566277
2006-01-13,-0.0065359709797854215,-0.0001006562329711636
2006-01-17,-0.011541760440171571,0.000314712512587271
2006-01-18,0.00731739367933975,0.0021733102905086557
2006-01-19,-0.030323440693057254,0.0016593191207824223
2006-01-20,0.00024239486241568598,0.002971643039584187
2006-01-23,0.00435309030812185,0.0021240853148134526
2006-01-24,-0.004353090308121818,0.0007579387665046912
2006-01-25,0.007004013658351512,0.0008393248409553115
2006-01-26,0.013387720872379251,0.0004407923943993426
2006-01-27,0.001897983962410919,0.00025087754655925515
2006-01-30,-0.004513607852878892,-0.0012738676292810569
2006-01-31,0.0035650661644961446,-0.0003449474207117668
2006-02-01,-0.01722942835855403,-0.0003999159240066308
2006-02-02,-0.012386315005884652,9.981091274535096e-05
2006-02-03,-0.0026917916657114146,0.0003162409977477195
2006-02-06,-0.004420439418078902,-0.0010517211568823966
2006-02-07,0.011501411502553524,-0.0006412123722674818
2006-02-08,-0.009534358987301457,-0.0015382110754091364
2006-02-09,0.006122218216364828,-0.0013094225043179244
2006-02-10,-0.011540950687182592,-0.0001731541349476143
2006-02-13,0.010075033004686299,-0.0005276175135850428
2006-02-14,0.006336847917092836,-8.922341518777049e-05
2006-02-15,0.009189907482117479,-0.0008609729631641162
2006-02-16,-0.007975873097240242,-0.0008531945148879726
2006-02-17,-0.01122510566385424,-0.0013040136091440411
2006-02-21,0.012437667956234065,-0.00011241805148656824
2006-02-22,-0.002669580520026918,-0.0005234569396446031
2006-02-23,0.0026695805200269737,-0.001590302450703546
2006-02-24,0.011087122489466018,-0.0021327672316332705
2006-02-27,-0.014972508630382663,-0.0016488002383322749
2006-02-28,0.013533314330636821,0.0005253469643887543
2006-03-01,0.0007198560598797079,-0.0006980819919419521
2006-03-02,-0.005773410311401411,-0.0009917158289519939
2006-03-03,-0.008723098685985536,0.001010168104615155
2006-03-06,-0.005857961589306579,0.0007531353647775671
2006-03-07,0.000489476270173897,0.001009621139139294
2006-03-08,-0.0086006181957032,0.00083018356079535
2006-03-09,0.0009866799024451063,0.000772705036345405
2006-03-10,0.0029542118974313827,0.0011306267308336191
2006-03-13,0.016819409292960868,-0.0005579525839133021
2006-03-14,0.008424649659251623,-6.849583202195243e-05
2006-03-15,-0.008424649659251578,-0.0013291929362013622
2006-03-16,0.001931901107983873,-5.748332095203263e-05
2006-03-17,0.002409639720153108,-0.00019972720397130124
2006-03-20,-0.010646120391670046,-0.000810761521696184
2006-03-21,0.002429544440938868,0.000860046579026283
2006-03-22,-0.002916162455407493,0.00024139954525378917
2006-03-23,0.00509771707166858,-0.0008071339963499969
2006-03-24,0.0002421014416862998,-0.0009018871150312309
2006-03-27,-0.004123717183862152,-0.0017336919728115597
2006-03-28,0.018782155787975627,0.00033306701342275774
2006-03-29,0.0030963464061703394,0.0008751466924617971
2006-03-30,-0.0028578252362857614,9.81609141226835e-05
2006-03-31,0.0011917532098156072,-0.0005885452214463452
2006-04-03,0.0054638454019204676,0.0002146547242314965
2006-04-04,0.00943180771741318,0.00043986664454905163
2006-04-05,0.002812282144112838,-0.00016430397200958
2006-04-06,-0.009641462105889505,-0.0002195892440961212
2006-04-07,-0.0014187753621333703,0.0009303828550541275
2006-04-10,-0.008077972175123791,-0.00010813170990643943
2006-04-11,0.00023852116988454572,0.0006269134235066369
2006-04-12,0.00404617950566459,7.963994802007222e-05
2006-04-13,-0.010506304855509968,-4.5639612553579354e-05
2006-04-17,0.019021020442284247,0.0009576518362440281
2006-04-18,0.004464817662577982,0.0009827594122010107
2006-04-19,-0.0035231980073169053,-0.00034241839068180975
2006-04-20,-0.011834457647002796,0.0002069230052941099
2006-04-21,-0.0009528347552718544,0.0018127078738198758
2006-04-24,-0.0021472034970444996,0.0009041393291063557
2006-04-25,-0.00023886301319827564,2.022992668720123e-05
2006-04-26,0.009510295170056866,-0.0003936987077063816
2006-04-27,-0.009749215252426205,0.0013544930883122228
2006-04-28,-0.009845198984256816,-0.00016052154053248385
2006-05-01,0.0026509233502295874,9.855870516666215e-05
2006-05-02,-0.0014450869566805741,0.0002855510965060588
2006-05-03,0.008161351109330355,-0.00014291778766127323
2006-05-04,0.007858118778999746,-0.0003937897709748227
2006-05-05,0.0009483168088594818,-0.0008733769253602456
2006-05-08,-0.003798675033215784,-0.0012182074900652991
2006-05-09,-0.008840100574388188,-0.000920797145698817
2006-05-10,-0.02257103463570231,0.0003889004203116665
2006-05-11,-0.013592202337550083,0.0019215477841339477
2006-05-12,-0.0007467330776360427,0.0021484698151880283
2006-05-15,-0.007498160598824977,0.0006941624614170158
2006-05-16,-0.013640019505682808,0.0003909797306921648
2006-05-17,-0.006890418993270924,0.0014756295244490855
2006-05-18,0.007653098577717432,0.0010324771828473728
2006-05-19,-0.009703855512794467,0.0012598045535465484
2006-05-22,-0.009798943801090348,0.00045872399688562274
2006-05-23,0.006714901264129112,0.00043577892271680027
2006-05-24,0.013041995370396157,0.0010578369497955106
2006-05-25,0.0032974031145054793,-0.001335886510983051
2006-05-26,-0.021759465954240893,-0.002686098519986189
2006-05-30,0.0046475683965468756,-0.001306344459615006
2006-05-31,0.023422659382806535,-0.00046536734295067584
2006-06-01,-0.002469074847867145,-0.0023728279473424242
2006-06-02,-0.021984512461297907,-0.0030441475046860825
2006-06-05,-0.0007738940151498033,-0.0017699113882968913
2006-06-06,-0.007512015638722339,-0.0003265487729551817
2006-06-07,-0.0015612805669525758,-0.0005780184293893082
2006-06-08,-0.0026075634070809417,0.0006624287110569154
2006-06-09,-0.023779191766114063,-0.0008743156783819874
2006-06-12,-0.004018759594917744,0.0006740370971215482
2006-06-13,0.010149659779777359,0.0010474113880582527
2006-06-14,0.026745170428085017,5.850872202093184e-05
2006-06-15,-0.008053037415932437,-0.0011691494777311018
2006-06-16,-0.008118415677330229,-0.002331900115768391
2006-06-19,0.0013138879829962882,-0.0009394061459684904
2006-06-20,0.015633460661928958,-0.0008765889180822083
2006-06-21,-0.01274896934766875,-0.0016512074433999038
2006-06-22,-0.001047943506958791,-0.0019698842198802103
2006-06-23,0.00261780254207888,-0.0017674386670108618
2006-06-26,-0.019002947125615358,-0.002328400762421929
2006-06-27,0.007433004755912076,-0.0010988048811944534
2006-06-28,0.029961860871492794,-0.0018274288589918625
2006-06-29,-0.004888727091496504,-0.0013466353600517956
2006-06-30,0.005914894446808607,-0.002758189425964319
2006-07-03,-0.02203588839918045,-0.002869151883697617
2006-07-05,-0.0010490428446971174,-0.0003836544031425228
2006-07-06,-0.011081907606724834,0.0003310207913481023
2006-07-07,-0.00879419391840212,-0.00017136876491600063
2006-07-10,0.00746670135653707,0.00017816410753255163
2006-07-11,-0.019043085852707087,-0.00027873772463808157
2006-07-12,-0.016931043438227305,0.00018361527951263855
2006-07-13,-0.01024230407083157,0.0013391751894125772
2006-07-14,0.002501043404588873,0.002501784726186779
2006-07-17,0.0033250238447716947,0.0011134690573852237
2006-07-18,0.012917590641590914,0.0007489188084450979
2006-07-19,-0.014855844051941671,-0.0006033969364080033
2006-07-20,-0.010588006408829372,-0.00038343667804677326
2006-07-21,0.019692773401748614,6.533615945667078e-05
2006-07-24,0.005751077059022518,-0.0010614177762772886
2006-07-25,-0.0008195602152490459,-0.0021671089524801226
2006-07-26,-0.006580775051587088,-0.0027825107600959135
2006-07-27,0.020692271092977815,-0.0022399284697693176
2006-07-28,-0.00026950545911670105,-0.0023855459906488114
2006-07-31,-0.01685280440725891,-0.0032272850829540593
2006-08-01,0.01117634640245372,-0.0018048473614149087
2006-08-02,0.0062153963094154115,-0.0013084307454738107
2006-08-03,-0.0045902605237888635,-0.0016700603149781992
2006-08-04,-0.0065164498854679365,-0.0017908706553467024
2006-08-07,-0.0062850323026123886,-0.0015249219689802437
2006-08-08,0.0013696756010605322,0.0004713546198115621
2006-08-09,0.007092228309491837,0.0004552380920505889
2006-08-10,-0.007092228309491798,-0.0010051921643785182
2006-08-11,0.006548454505989518,-0.000677635196831162
2006-08-14,0.02497779914078436,-0.00018360511112995516
2006-08-15,0.023073913023617918,-0.0010129107000939653
2006-08-16,0.003880486049077814,-0.001718250840085479
2006-08-17,0.0015479879252149533,-0.0014955507736161063
2006-08-18,-0.009584324111465101,-0.0012015280406083271
2006-08-21,0.00026024723634198533,-0.0010722076511523835
2006-08-22,-0.007574804404479532,-0.00011891174925849767
2006-08-23,0.002879960100271889,-0.0005127662234052524
2006-08-24,0.001828392830114989,-0.0007868985230643961
2006-08-25,0.007539357173485241,-0.001199857960860475
2006-08-28,0.003103183250515806,-0.0009646384532525471
2006-08-29,0.004636793469801304,5.1369329250815525e-05
2006-08-30,-0.0010285421323303616,0.00015669891723497985
2006-08-31,0.005388082310450176,0.00019716693535166345
2006-09-01,0.009676673419887379,0.0006291881252211207
2006-09-05,-0.020223394975263594,0.00033235017031572954
2006-09-06,-0.004928078577675538,0.000785430995682957
2006-09-07,0.006220235366846019,0.0016596256022817872
2006-09-08,0.006179216365958118,0.0007334600223588489
2006-09-11,0.018311803642337688,0.00092466560222533
2006-09-12,0.007031671363680747,-0.000663153506781973
2006-09-13,0.0007504690783741788,-0.00042363044977022685
2006-09-14,0.0029962569232344855,0.00010566954211576446
2006-09-15,2.4931407465982133e-06,0.0015217541900824237
2006-09-18,-0.006505767686483996,0.0014456269493952872
2006-09-19,0.014449678416455506,0.002434175919708386
2006-09-20,-0.006202724265891136,0.0006366856594868578
2006-09-21,-0.0077451979935247986,0.00044179297022525657
2006-09-22,0.017404715825092246,0.0004334103930018335
2006-09-25,0.004917639612806167,0.0007309279769997848
2006-09-26,-0.0012271445888948,0.00023333468988956277
2006-09-27,0.0026977330892170867,0.0002873089487190684
2006-09-28,-0.004418269337664777,0.00016137396578084248
2006-09-29,-0.012625492625627456,0.0006044953831455923
2006-10-02,0.004226233760882333,0.000748201977373713
2006-10-03,0.024262922837912603,0.0010651153109413772
2006-10-04,0.004830927269665592,0.0009969706711658924
2006-10-05,-0.002171029679176772,-0.001496917285092824
2006-10-06,0.003375123743981314,-0.0012533241622819772
2006-10-09,0.0016832996640311186,-0.0005282562373646017
2006-10-10,-0.0019240025175221252,0.0007161351106694453
2006-10-11,0.01647405049788601,0.0012714528007542493
2006-10-12,0.004724790268381246,-0.00015795734692581925
2006-10-13,0.00047125354312288855,-0.0006648846586136934
2006-10-16,-0.010657294473988093,-0.0008731260978346634
2006-10-17,-0.004773278752657771,0.0015080601921902837
2006-10-18,0.0023894873973814854,0.002046463852697535
2006-10-19,0.0023837913552761975,0.0013637995685569623
2006-10-20,0.0101860409308651,0.0008107475336815142
2006-10-23,-0.007095583223308217,0.0010148527595582738
2006-10-24,0.0070955832233082754,0.0006913643541119876
2006-10-25,0.009149623947303273,0.0013898860377034373
2006-10-26,-0.01434812336712929,0.0013437979194857459
2006-10-27,0.0063762171392758435,0.0014507369878703064
2006-10-30,0.0023512825316499876,0.0008610095746348918
2006-10-31,-0.013715041181965123,0.0012310496493257116
2006-11-01,0.0009519277253821558,0.0015316837918210077
2006-11-02,-0.002619984826079058,0.0003665977383947828
2006-11-03,0.014443248589419758,0.000938381988959672
2006-11-06,0.006793981855188358,-0.00018933486500006505
2006-11-07,0.004658755223228721,-4.3811864295038036e-05
2006-11-08,-0.005359444262757211,0.001279696724502008
2006-11-09,0.00535944426275728,0.0006436186206998657
2006-11-10,0.009943427977775287,-0.00018867639783482827
2006-11-13,0.010756483159404676,-0.0006318117659144991
2006-11-14,0.004089056129160137,-9.290337899061783e-05
2006-11-15,0.004298162934241617,-0.0004714277875475855
2006-11-16,0.0,-6.488260061697894e-06
2006-11-17,0.0020295417948539567,-0.00020751228906634917
2006-11-20,0.0013507431139696668,0.0006386298861023717
2006-11-21,0.006279455484843101,-5.3741077864404756e-05
2006-11-22,-0.0017901101222486501,0.00020560429701028493
2006-11-24,-0.02242195620071022,-1.627984980758835e-05
2006-11-27,0.002516300081006186,0.002295141622665149
2006-11-28,0.006830627651091556,0.001976519237517148
2006-11-29,-0.000680966999416458,0.0018279448911194933
2006-11-30,-0.00866596073268145,0.0010802423909816916
2006-12-01,0.013648983501105692,0.0014828538056045387
2006-12-04,0.00360848384337776,0.0006757124973209882
2006-12-05,-0.0036084838433779205,3.705360233882313e-05
2006-12-06,-0.012733232521359045,-7.628953249917713e-05
2006-12-07,0.004566217979581184,0.001415021197629625
2006-12-08,0.0036380212930714837,0.0018569405240819912
2006-12-11,-0.005918523991796729,-0.0007651626194386193
2006-12-12,0.0018248180246291173,-0.00018359304501265107
2006-12-13,0.011104929983788552,-0.00046510185888075915
2006-12-14,0.0013513515569989558,9.74811322656166e-05
2006-12-15,-0.009952581587188638,-0.0005656226196969728
2006-12-18,-0.0031876165424363154,0.00038950802715007125
2006-12-19,-0.003655475854847659,0.0013587937561797827
2006-12-20,-0.007120737564616054,-7.58563572989359e-05
2006-12-21,-0.010427623162259163,6.906365797622522e-05
2006-12-22,0.004184106522574091,-2.8061505165992385e-05
2006-12-26,0.005090246992774847,-0.0007279826781255432
2006-12-27,-0.004858309151076295,-0.0012686610181022963
2006-12-28,0.0009272137891922675,-0.001005518190890056
2006-12-29,0.0018518523810737264,-0.00039051219369233624
2007-01-03,0.01878634860318946,0.0016178736234121222
2007-01-04,-0.004777622556005072,0.00022846266050427738
2007-01-05,0.0006839165888375561,-0.00010504617078812791
2007-01-08,0.005001147045770752,-4.423704971948561e-05
2007-01-09,0.011722406551586042,0.00026627314492683163
2007-01-10,0.010256500167189061,-0.00014556117214084758
2007-01-11,0.005089069507471449,4.951460414478223e-05
2007-01-12,-0.0006623247841193517,-0.000605959024371856
2007-01-16,-0.008204946795280874,-0.0002537980308272563
2007-01-17,-0.018654322254987563,0.0008188167014503542
2007-01-18,0.0020396607637760437,0.002086145487102944
2007-01-19,-0.010926582645090721,0.0015092409390911187
2007-01-22,-0.002520913446870685,0.0009536430447882832
2007-01-23,0.01638634753461614,0.0009099006429306329
2007-01-24,-0.012950311626260733,-3.0132393580913292e-05
2007-01-25,-0.003665525295478394,0.0009410300120667448
2007-01-26,0.0009176417253243342,0.0011585226927866546
2007-01-29,0.0004585052808433116,0.0005084902693849546
2007-01-30,0.010034291718377423,-0.0004440447783598089
2007-01-31,-0.001135202755579907,0.0001102209175872042
2007-02-01,0.003175325870524072,-0.00036864988058158744
2007-02-02,-0.0009062075835380977,-0.0009923652962775646
2007-02-05,-0.0015878420031131587,-0.001175248854473103
2007-02-06,0.009264556153862187,-0.0006206493226658361
2007-02-07,-0.0002249465761368821,-0.0006360694688268599
2007-02-08,-0.013818319320153457,-0.0013456062676301353
2007-02-09,-0.0031985405382156584,-0.0001282092787388894
2007-02-12,0.0036546408881976138,0.0002586517936209816
2007-02-13,0.016731116036276316,-0.0005525378294798354
2007-02-14,0.005812670066043914,-0.0003509907678004899
2007-02-15,-0.003349338846173001,-0.00112198151203424
2007-02-16,-0.000671216044889362,-0.001066402866367996
2007-02-20,0.011349849222188324,5.929132069944112e-05
2007-02-21,0.005076713254224255,-6.190850773537594e-05
2007-02-22,-0.003528896472021179,0.00013755735417888648
2007-02-23,-0.004872656373956347,0.00038732067852042455
2007-02-26,-0.0419419968588252,0.0003840642116859636
2007-02-27,0.0032362487792083248,0.0036638235411433325
2007-02-28,-0.004626425092066137,0.0022794913288841792
2007-03-01,-0.015185433726068457,0.0014879053152776448
2007-03-02,-0.007798692485818872,0.0010279195793241288
2007-03-05,0.016470960595924497,0.0006844803581931267
2007-03-06,-0.003975218610236224,0.0003041903377816134
2007-03-07,0.006771771353350999,-0.0008428991864881735
2007-03-08,-0.0009313155504344906,-0.000835634017644659
2007-03-09,0.00650106770737251,-0.0005821824938781897
2007-03-12,-0.019631385305374085,-0.0009363449576277759
2007-03-13,0.014526965869722352,-0.0008771392417921801
2007-03-14,-0.0023288319794011027,-0.0006380476610055371
2007-03-15,-0.0013999069015095513,-0.0020894653076908927
2007-03-16,0.010220762609513946,-0.002173917171782851
2007-03-19,0.00713877527968029,-0.0029059525747866938
2007-03-20,0.019091488949807712,-0.0023889547091607644
2007-03-21,-0.0036084838433779205,-0.002277593700701494
2007-03-22,-0.00316814023760194,-0.0021543951768306074
2007-03-23,0.0040714826657883,-0.0014012271421365741
2007-03-26,-0.0070223416904615045,-0.0005028729151245464
2007-03-27,-0.010741732812941204,-0.0008229448243665431
2007-03-28,0.0011482375816634018,0.0004321754822382269
2007-03-29,-0.0009184845651445755,0.00037213641581503314
2007-03-30,0.0013774106860950765,6.35550891904767e-05
2007-04-02,0.012991635718538397,-0.0006587987455730709
2007-04-03,0.004067802219325748,-0.0005126085175397
2007-04-04,0.004949391430863064,-0.0004509944610591474
2007-04-05,-0.002471633659115004,-0.0008302078663801635
2007-04-09,0.005161012241086353,-0.00034574275417813554
2007-04-10,-0.010574966362848144,0.0002231286106075404
2007-04-11,0.007885587780876772,0.0006107407260986318
2007-04-12,0.0020177117034793153,0.0005472268698455726
2007-04-13,0.009140627681590343,-0.0002632213973321111
2007-04-16,0.002216804277362675,-0.0008625750556301465
2007-04-17,-0.003327051976619871,-0.0008340754884065664
2007-04-18,0.0031055925581530666,8.170391104554242e-05
2007-04-19,0.005521825184307947,0.0007653742653606925
2007-04-20,0.0015406627896170032,0.0015149439943164028
2007-04-23,0.0050455300632398295,0.00037868713521158385
2007-04-24,0.013259622592501512,0.0012048881546510724
2007-04-25,0.005169083230415319,0.000750957323148271
2007-04-26,0.00042955327120979415,0.0007021428518904158
2007-04-27,-0.013185104013730919,0.0010126562450828373
2007-04-30,-0.0009795919150694036,0.0013711646655123145
2007-05-01,0.010938539780805539,0.0029320971444558516
2007-05-02,0.0036555249824144743,0.0008074506480676951
2007-05-03,0.0008581849915241874,0.000530577891292504
2007-05-04,0.0,0.000573739813838984
2007-05-07,0.002142245892105092,-0.0001942892049004582
2007-05-08,0.0021376664831155956,0.001518837293786085
2007-05-09,-0.013760698752936418,0.00222660746521847
2007-05-10,0.012692436713519103,0.003159355662626269
2007-05-11,-0.006864033813769938,0.0014778544638462188
2007-05-14,-0.007778777339660231,0.0010649572500616375
2007-05-15,0.00971405372047307,0.002222048046057686
2007-05-16,-0.004737304294519053,0.0012780220098743752
2007-05-17,0.008168575085459635,0.0006591937132256335
2007-05-18,0.006402070522022409,8.513908908472693e-05
2007-05-21,0.0008505209953494489,3.995238214813258e-05
2007-05-22,-0.00468684283593826,9.634755871840389e-05
2007-05-23,-0.01441040099560635,0.0006605867437644065
2007-05-24,0.006262843060003515,0.002276746423244897
2007-05-25,0.00772039005213177,0.00042131427306727723
2007-05-29,0.008085150426316932,-0.00031854337575024376
2007-05-30,0.00465117117573088,-0.0004442959871713379
2007-05-31,0.0006325777754430376,-0.0005415604471926503
2007-06-01,0.0029488519065461985,0.0003046708440450237
2007-06-04,-2.1017212046759496e-06,-0.0003443558038960517
2007-06-05,-0.01077664946176067,0.0012380268058454584
2007-06-06,-0.015632494374032243,0.0017513895180441788
2007-06-07,0.012227511301347912,0.0024064107950092636
2007-06-08,-0.0019204102776018725,0.001098332268749934
2007-06-11,-0.00599830418861911,-0.000642110629106508
2007-06-12,0.010898708157242979,0.0003076953073285016
2007-06-13,0.006567124544361664,0.0003739573110815113
2007-06-14,0.007782140442054949,-0.00021084804812893467
2007-06-15,0.0008376963840654375,-0.0007283172993446309
2007-06-18,-0.00020935831752390147,-0.0006804690694915546
2007-06-19,-0.009466779441289883,0.00047262461121713533
2007-06-20,0.009047931267627325,0.0010233929937114277
2007-06-21,-0.00947076425489968,0.00030074033810508004
2007-06-22,-0.004238192400321148,0.00040899282027841307
2007-06-25,-0.0057502021926986065,0.00032777304268050947
2007-06-26,0.015260999869283195,4.320201147822722e-06
2007-06-27,-0.0004207868776582507,0.00013276008623779533
2007-06-28,0.00168208618298488,-0.000825272724087405
2007-06-29,0.008576561305474633,-4.2177240437873834e-05
2007-07-02,0.006229256023466334,-0.0006692689514701258
2007-07-03,0.007218758789061113,-0.0009719224649655915
2007-07-05,0.004101728474217874,-0.0008849328056840481
2007-07-06,0.0006138107609598871,-0.0004948981862443029
2007-07-09,-0.008421534829495286,-0.00018270984967389534
2007-07-10,0.006783868137997171,0.0004588647104210202
2007-07-11,0.015248846861885492,0.0002852210482982623
2007-07-12,0.006836945996531244,-3.2232275259373765e-05
2007-07-13,-0.00100250634962559,-0.0009356159291681713
2007-07-16,0.007593961354105847,-0.00032246938167178785
2007-07-17,-0.0011952192657916098,0.0012238744589632966
2007-07-18,0.0029853738960234064,0.0018004841803707144
2007-07-19,-0.0053801066309555464,0.001515084128892151
2007-07-20,0.00039952058062392757,0.0024214267455114928
2007-07-23,-0.014889611096206557,0.0018812647451793725
2007-07-24,0.001418008948229849,0.0023878808352406815
2007-07-25,-0.00853837266985521,0.002367401632948904
2007-07-26,-0.020419395653867453,0.00322265187673785
2007-07-27,0.011601538867179578,0.0027182350046572384
2007-07-30,-0.02123310411141581,0.0012987821458962732
2007-07-31,0.007754413790951491,0.0021219047701795052
2007-08-01,0.009143870858467549,0.0017889046602643079
2007-08-02,-0.019215294638077588,-5.823996196892994e-05
2007-08-03,0.011531734876713082,0.0004551850538731257
2007-08-06,0.00706276305234292,6.88644659648989e-05
2007-08-07,0.010911070676188638,-0.0007639219688339294
2007-08-08,-0.023408629714488358,-0.0015120012971493095
2007-08-09,-0.009053646430172911,-0.00044532040007432005
2007-08-10,0.006745388139531655,0.0007635325606362719
2007-08-13,-0.01716325635924945,-0.0010214243902016596
2007-08-14,-0.019204387811625416,-0.0011213081522677046
2007-08-15,-0.007874056430905883,0.00023205214819884963
2007-08-16,0.016766859857067107,0.0008617426129880516
2007-08-17,0.004739345363896568,-0.0004286255679342685
2007-08-20,0.01047577725536633,-0.002450363069635089
2007-08-21,0.013519428558672516,-0.0025679802599786524
2007-08-22,-0.0027313810446779174,-0.0021261947397341087
2007-08-23,0.01399793043063657,-0.0019059989900629536
2007-08-24,-0.006661140366782199,-0.0026088700651358604
2007-08-27,-0.02409755157906053,-0.0020467464713485005
2007-08-28,0.028265961116240083,-0.0006701700922168324
2007-08-29,0.005186195630040668,-0.0021192704015815435
2007-08-30,0.011111225425070629,-0.002834826109394546
2007-08-31,0.01643872634315994,-0.0034375974996222287
2007-09-04,-0.010115400837176863,-0.003366006653309702
2007-09-05,-0.0008136696950133879,-0.001352039450845868
2007-09-06,-0.018692133012152633,-0.0007720576969119368
2007-09-07,-0.0006222130243257605,0.000876411239773232
2007-09-10,0.01503168424447752,0.0010723800695483993
2007-09-11,0.00020435271349340372,-0.0008215085007522457
2007-09-12,0.004891978773521031,-0.0016319886163185112
2007-09-13,0.000813008174863347,-0.001279570091068821
2007-09-14,-0.008364835063853653,-0.0003660476397503124
2007-09-17,0.025287076104572113,-0.00011463159631728789
2007-09-18,0.0021949524925334307,-0.0012823853276548614
2007-09-19,-0.002794412996047946,-0.0003971506875893101
2007-09-20,0.006574383676032716,-0.00032450901034963343
2007-09-21,0.0045567191276983604,-0.0011025392160371524
2007-09-24,0.009443312355707788,-0.0002739601570388415
2007-09-25,0.004883299087883146,-0.0009818285541522153
2007-09-26,0.005053460705762937,-0.0010505010901006664
2007-09-27,-0.0033012943857855153,-0.0010492615007283532
2007-09-28,0.011411012514014204,-0.0006279142659969428
2007-10-01,0.00019228920355365755,-0.00012081251396904862
2007-10-02,-0.0069458122193335374,-0.00037345453313966594
2007-10-03,0.0023206353481624678,0.0011714484464105058
2007-10-04,0.020041210793014082,0.0006740046072273721
2007-10-05,0.006266063081132855,0.0011858847962253258
2007-10-08,0.004319912547475774,-0.0012720796656493498
2007-10-09,0.002430534987780673,0.0003844087477120797
2007-10-10,-0.016012398255049902,0.0010467890265208723
2007-10-11,0.01638609033712675,0.003824514420049159
2007-10-12,-0.007688739237111573,0.0012155442788187281
2007-10-15,-0.004717434920819596,0.0007986604578502025
2007-10-16,0.012779726646399021,0.002160020012322665
2007-10-17,0.004285853946960821,0.0011622725778112047
2007-10-18,-0.025231991945219554,0.0006023485890352925
2007-10-19,0.011942137944304605,0.002032050763789159
2007-10-22,0.020700039817145483,0.0018647217275776305
2007-10-23,-0.0075961458353622805,7.735251651492625e-05
2007-10-24,-0.013480825761594695,0.0007652642882977829
2007-10-25,0.01645204428914358,0.000607293047852219
2007-10-26,0.004255719254883835,0.00046971677472914717
2007-10-29,0.001844678626766095,-0.0010034254397262206
2007-10-30,0.014091183840881793,-0.0015039258164708136
2007-10-31,-0.018894444507393124,-0.0010480728983719514
2007-11-01,0.007747686790825957,0.0002622357317626511
2007-11-02,-0.006452229961186787,4.104490394560788e-05
2007-11-05,0.011218508461835247,-0.0005354794533089342
2007-11-06,-0.024624034107986387,-0.0005883346134446757
2007-11-07,-0.030836093732338716,0.00010923636365262621
2007-11-08,-0.03401487858727761,0.0035498636399603073
2007-11-09,-0.025728148572731337,0.00440043024587906
2007-11-12,0.040419697315721204,0.004803347054785909
2007-11-13,-0.012893166801610364,0.00017310171007497922
2007-11-14,-0.005404877535491161,-0.0005794773391212063
2007-11-15,0.009190873888012388,-0.00021376427670491524
2007-11-16,-0.011602450619463592,-7.101353090716847e-06
2007-11-19,0.004016069654889744,3.532272956722148e-05
2007-11-20,-0.011894102521438127,-0.00010981655683394613
2007-11-21,0.010690974243163018,-0.0006194642266318573
2007-11-23,-0.017405822955176203,-0.0027415802893513393
2007-11-26,0.019810633733355384,-0.0026107544624638145
2007-11-27,0.02997069747054881,-0.0031791397733997575
2007-11-28,0.004264398786457739,-0.004346977626434407
2007-11-29,-0.007572116560510064,-0.004614711270322733
2007-11-30,-0.00841574592200668,-0.0035711874373393323
2007-12-03,-0.004135899544048272,-0.0017036265242068589
2007-12-04,0.017606088575049052,-0.0015269672146113516
2007-12-05,0.014438599086075764,-0.0024999712184926174
2007-12-06,0.00019111323517306795,-0.003738683108646117
2007-12-07,0.0040049638732772685,-0.0028875905629406782
2007-12-10,-0.023494244509958132,-0.002446719259886202
2007-12-11,0.008923434575955853,2.6224664107002285e-05
2007-12-12,-0.005422166653701166,0.0007419938882158798
2007-12-13,-0.010344583317740137,0.0002302293936001672
2007-12-14,-0.024628851625303195,0.000302501400627401
2007-12-17,0.004213912124980078,0.001043079527877505
2007-12-18,0.0,0.0005390910952312812
2007-12-19,0.019040638704849944,-0.0006124219799545892
2007-12-20,0.01849201111905938,-0.0004101915304659629
2007-12-21,0.007493550292639245,-0.002361935658054334
2007-12-24,0.004964684629402327,-0.0026344143597422705
2007-12-26,-0.010916511741350528,-0.0024753467619164724
2007-12-27,-0.001348877745709263,-0.0009233166497400367
2007-12-28,-0.012417699339139141,-0.000583735149327732
2007-12-31,-0.015147333971761141,-0.0005924821952595311
2008-01-02,0.003364008317359814,0.000533487494907783
2008-01-03,-0.04484694139439199,-0.0005224436961283974
2008-01-04,-0.004763393080456568,0.0021383754260876162
2008-01-07,-0.02629239685685471,0.002863998027685546
2008-01-08,0.021088930021919302,0.003604282911898395
2008-01-09,0.0014597020629602945,0.0020117130572338895
2008-01-10,-0.019781789838765634,3.492131313694046e-05
2008-01-11,0.01727813737302893,0.0012609482233309538
2008-01-14,-0.027961999681341602,0.00011410147501753239
2008-01-15,-0.010799241021760273,0.0016066920122510089
2008-01-16,-0.013995417591456122,0.0014665447150601387
2008-01-17,-0.0013221685487140359,0.0013527055834462634
2008-01-18,-0.026137978569174523,0.00021176126987252383
2008-01-22,-0.0036281218936553834,0.00029209144975848064
2008-01-23,0.02001641100133085,0.0004995539736041387
2008-01-24,-0.020698151739018223,-0.001613826103445253
2008-01-25,0.00769931339633364,-0.0013765509394164752
2008-01-28,0.0018030205470486403,-0.0021696013499931405
2008-01-29,-0.0009011039131927147,-0.0017897749407182705
2008-01-30,0.016983648448091786,-0.001621806318896075
2008-01-31,0.010138986920555733,-0.002791778531888696
2008-02-01,-0.01413543984183625,-0.00375068977210295
2008-02-04,-0.028891683324315846,-0.0031827362256229884
2008-02-05,-0.01988735743645866,-0.0007619531453094636
2008-02-06,0.0069832686021884405,0.0005142430329828282
2008-02-07,0.011302161595945394,0.000662560845014307
2008-02-08,0.01072212849890689,-0.0026253489211898583
2008-02-11,-0.005688944686575159,-0.0035774266364625197
2008-02-12,0.021671277003288244,-0.002208621009269172
2008-02-13,-0.01825402797789012,-0.0020760897954644076
2008-02-14,-0.003417249025398272,-0.0009966014038734247
2008-02-15,-0.001827318918698658,-0.0004861629542822748
2008-02-19,0.0045620517078423725,-0.0007564753213918525
2008-02-20,-0.009604464408776865,-0.001209400117999162
2008-02-21,0.0036697288889624017,-0.0023005766298869355
2008-02-22,0.005023988644476046,-0.0012626173081248108
2008-02-25,0.0038649587727700796,-0.00183720392465954
2008-02-26,0.004979639081211149,-0.0014871925982849062
2008-02-27,-0.003845723549805155,-0.002133171848038553
2008-02-28,-0.026876545955037225,-0.0009719916351400009
2008-02-29,-0.006540551230355823,0.0009046692829824006
2008-03-03,0.005608801803524565,0.0007366616744117498
2008-03-04,0.004879708485157293,0.0005065176304845116
2008-03-05,-0.022275539730122088,-0.00038617015169776906
2008-03-06,-0.0023741701560390234,-0.0004843045520678529
2008-03-07,-0.019441389959323815,0.0020893546815999205
2008-03-10,0.03734761879349596,0.0009188595578488838
2008-03-11,-0.0028080415832264683,-0.00031178194441637834
2008-03-12,0.007696831000153852,-0.002255170445047282
2008-03-13,-0.018525562050346077,-0.0005238281349289793
2008-03-14,-0.01839297044185635,0.0008187057697141497
2008-03-17,0.04363385239049154,0.001204937011993397
2008-03-18,-0.025004223563907454,-0.001704195190557382
2008-03-19,0.019449939439836205,-0.0015346210044926813
2008-03-20,0.033992133169093254,-0.0033102501340498925
2008-03-24,0.005594473370508145,-0.004834257845579331
2008-03-25,-0.0029040565478248466,-0.004964000304671041
2008-03-26,-0.022396592744300038,-0.003929049144792846
2008-03-27,-0.005045882265676138,-0.0008268985587173239
2008-03-28,0.005274636698790776,-0.000252900115608048
2008-03-31,0.04188273091701225,-0.00178755741717194
2008-04-01,-0.0021958726434373357,-0.004594295449571985
2008-04-02,0.0021958726434374563,-0.004006358080845673
2008-04-03,0.005904883204408278,-0.002735481118984415
2008-04-04,-0.0021829303582159903,-0.0017540653099007303
2008-04-07,-0.007678001961682764,-0.0009355508147017276
2008-04-08,-0.01129455036165113,-0.001185166230766012
2008-04-09,0.014153265887385007,0.0002235235148523244
2008-04-10,-0.02805795279515738,-0.0010186541670453898
2008-04-11,-0.00452694299577718,-0.0006613392643940615
2008-04-14,0.0013602359839314396,-0.0005395196289592777
2008-04-15,0.027484692847282173,0.00034814093333876265
2008-04-16,-0.0022065322280052373,-0.0008362062786637563
2008-04-17,0.0313137130661494,-0.001936184719168061
2008-04-18,0.007040029076354818,-0.001700733953687919
2008-04-21,-0.01499278458614128,-0.0034569656724755737
2008-04-22,0.010945489680201074,-0.001298579832406101
2008-04-23,0.008924836120713818,-0.0007811737380031384
2008-04-24,-0.0025418357256786193,0.00041463131607739965
2008-04-25,0.0019069822496950274,-0.0020487151893248635
2008-04-28,0.007591769908212663,-0.0032517395926632215
2008-04-29,-0.008227026679178916,-0.0019591947946949713
2008-04-30,0.031073295530348814,-0.0001736223140328824
2008-05-01,0.0014363396334170853,-0.0012151772217124616
2008-05-02,-0.0028747453062668506,-0.001121551453231242
2008-05-05,0.006150080885337693,-0.0011382262323118713
2008-05-06,-0.01835670808924938,0.0003204615115051108
2008-05-07,0.007465816510803205,0.0015498857560564308
2008-05-08,-0.003933345305055106,0.0008410605969924971
2008-05-09,0.018088879652430244,-9.775654320033742e-05
2008-05-12,0.0026446968929486497,-0.0010849588937766046
2008-05-13,-0.0022373649117565816,-0.0017159202420867937
2008-05-14,0.017360145304960408,0.00034180229934880377
2008-05-15,0.0007981604726194767,0.0005434957780349962
2008-05-16,-0.007222595337551659,0.0006448192881890267
2008-05-19,-0.007683013935309811,0.0006633299490243292
2008-05-20,-0.02237137936914649,0.0013528791737547209
2008-05-21,0.003522224712578114,0.00272021317271151
2008-05-22,-0.0031072008427487155,0.0015216665631088914
2008-05-23,0.017481164954817406,1.8946670317071318e-05
2008-05-27,0.004069181606725749,-0.0009577489656385542
2008-05-28,0.00889433799613118,-0.0012003152451013001
2008-05-29,0.00641927981658319,-0.00039605766860964097
2008-05-30,-0.012272561236935521,-0.0009394745369196878
2008-06-02,-0.005480578013319906,0.0009334085771474396
2008-06-03,0.012741602250366964,0.0015412447772090536
2008-06-04,0.015751497035556332,0.0009766390900372557
2008-06-05,-0.030530589803338403,-0.0016489694874438539
2008-06-06,-0.005316985941180597,0.00011422589757697902
2008-06-09,-0.004727169423505975,0.001565292226459052
2008-06-10,-0.024188001567815885,0.001110910832327904
2008-06-11,0.0008438819066200568,0.0014906602967485084
2008-06-12,0.019835706197632363,0.001235579753946835
2008-06-13,0.00885052602420971,0.00011062802695755683
2008-06-16,-0.005342112560646104,-0.0017885946803817148
2008-06-17,-0.010770609505348095,-0.0018237998738529673
2008-06-18,0.015497778928854152,0.0008051153947030976
2008-06-19,-0.028071289084701787,0.0016376376304261
2008-06-20,-0.007833214605870905,0.0005856136976043703
2008-06-23,-0.005114010719409329,-0.00012738669176275618
2008-06-24,0.01610545513221089,0.0004453497787304454
2008-06-25,-0.04119870340321272,-0.0011130303994853247
2008-06-26,0.0,-0.00037638007796291233
2008-06-27,-0.01057045737446456,0.0010917194107768482
2008-06-30,0.014069258232137867,-5.7011505943224206e-05
2008-07-01,-0.024305217652761498,0.0007852098096344593
2008-07-02,-0.0017909116047106933,-0.00047486477294716935
2008-07-03,0.00603151610702994,6.211366106722107e-05
2008-07-07,0.023551215069928078,-0.00041339848005078595
2008-07-08,-0.026897565097272213,-0.001501484253765847
2008-07-09,0.011773989174063203,-0.001982836839195992
2008-07-10,-0.016028838275898915,0.00046272712720565857
2008-07-11,-0.007433303738793322,0.00011242740282010302
2008-07-14,0.00022606533384397692,-0.000662834999168314
2008-07-15,0.024560287865303645,-0.0004870588233820076
2008-07-16,0.006594879914491991,-0.002175940680643448
2008-07-17,-0.023274906354489585,-0.0036579044023424094
2008-07-18,0.004251992531223339,-0.0021247760721668247
2008-07-21,0.0,-0.001446231458745853
2008-07-22,0.013089482505263601,-0.0008072799280073473
2008-07-23,-0.015101330730512433,-0.0017112495674048152
2008-07-24,0.012894798502507104,-0.0009989394365424314
2008-07-25,-0.018954742981585893,-0.0006182605447751652
2008-07-28,0.020499826613101638,-0.000318791635979415
2008-07-29,0.005059960196408147,-0.0009806218923715522
2008-07-30,-0.002416786851393985,-0.0015696450477027278
2008-07-31,-0.012840557209956222,-0.0004717116221848232
2008-08-01,-0.010077344266623867,-0.0003607973360637203
2008-08-04,0.033203581389884884,0.0008982551757769523
2008-08-05,0.015125612482527495,-0.001356357671465542
2008-08-06,-0.0077503079013213,-0.0028224968953810955
2008-08-07,0.022439236191277804,-0.0021533464769451166
2008-08-08,0.009046027816553295,-0.0017145862909055303
2008-08-11,0.0010465725706708953,-0.002041026822958575
2008-08-12,-0.0020942416031146257,-0.0020418050692102467
2008-08-13,0.011464429890699434,-0.0010388459461076645
2008-08-14,-0.0018670267844293992,-0.0006439458237641288
2008-08-15,-0.011696039763191187,-0.0014230634160037328
2008-08-18,-0.012472416201335237,-0.000703010066248134
2008-08-19,0.0017003192194242002,0.0009312532342635611
2008-08-20,-0.0046828523208485885,0.0013221672661528519
2008-08-21,0.013141350626415851,0.00022527913251845562
2008-08-22,-0.021281926858537057,-0.00031658574770542295
2008-08-25,-0.0012914336706630332,0.0007843108052919217
2008-08-26,0.006440554680504333,0.0014974263119061026
2008-08-27,0.00809893599961507,0.0005667033144188578
2008-08-28,-0.0212385973110915,5.1939534099132195e-05
2008-08-29,-0.01243607169489101,0.0003555157452336499
2008-09-02,-0.009485016516163833,0.001780546194677682
2008-09-03,-0.032893256068005604,0.0017602835391972577
2008-09-04,-0.00482149941039661,0.0028672664968379157
2008-09-05,-0.0032272964848657905,0.0022027145041936735
2008-09-08,-0.020056642469178942,0.002002275604588954
2008-09-09,0.008211189830394624,0.0015959425525510036
2008-09-10,0.01851904776723753,0.0004791223473802976
2008-09-11,-0.003906703808258122,-0.0005381951676036691
2008-09-12,-0.031577878117276074,-0.0007512302836741321
2008-09-15,0.007811615057044916,0.0014443705755445681
2008-09-16,-0.05326846257731663,0.001475791395617365
2008-09-17,0.033263032355363355,0.002892453933866483
2008-09-18,0.03149307266942509,-4.377623690282075e-05
2008-09-19,-0.04823088003852218,-0.0041595749451878135
2008-09-22,-0.0076120686770931355,-0.0015431762626826372
2008-09-23,0.006877944087656021,-0.0004792796763713564
2008-09-24,0.015786605930640626,0.00019394099583141752
2008-09-25,-0.010172042176295156,-0.0020096140036397715
2008-09-26,-0.08268332183004595,-0.002664022339200847
2008-09-29,0.028413223766150762,0.0034504245336378697
2008-09-30,-0.010593045702723581,0.0027371417013681244
2008-10-01,-0.04652001563489282,-0.0006585413711609902
2008-10-02,-0.01563174569169657,0.0013688214952917227
2008-10-03,-0.03716643987527427,0.0029567607885890466
2008-10-06,-0.06549518436943477,0.005197157586027157
2008-10-07,-0.007995122539202088,0.00659426931666503
2008-10-08,-0.02722746819355962,0.005678851690132959
2008-10-09,-0.006365393867075959,0.005659743044667878
2008-10-10,0.11479859515513334,0.003927247392485979
2008-10-13,-0.04423182454072148,-0.007101960769821709
2008-10-14,-0.0938236327786792,-0.0057488113596067736
2008-10-15,0.05282806373872753,0.0019054560419978382
2008-10-16,0.001239157531548053,6.547187001105647e-05
2008-10-17,0.0274826456938321,-0.002996472771462584
2008-10-20,-0.05319745237324043,-0.009093841187821193
2008-10-21,-0.02802567059188135,-0.006421471152069804
2008-10-22,-0.003927991957157709,-0.00037557751146020675
2008-10-23,-0.03266957204531529,-0.002428830894608978
2008-10-24,-0.02818055896157459,-0.0017660060468702938
2008-10-27,0.10480267448862898,0.0012070741876157023
2008-10-28,-0.0025141433733324595,-0.005400085275083861
2008-10-29,0.03281012347565765,-0.009173193685175093
2008-10-30,0.0015213756167379467,-0.008283282031405149
2008-10-31,-0.0021305745390208033,-0.006477500850990677
2008-11-03,0.02794233165659403,-0.0030320249976242045
2008-11-04,-0.05355706335711221,-0.007112010238024837
2008-11-05,-0.04573138966310692,-0.004300902819195348
2008-11-06,0.020405566321392322,-0.0007159606555088457
2008-11-07,-0.013557341285761462,-0.0030771287989441918
2008-11-10,-0.022015017579120406,-0.003935239849639524
2008-11-11,-0.04727967762185744,-0.001542468717057357
2008-11-12,0.059168853334043175,0.002551661932543559
2008-11-13,-0.04980841057447947,0.00045359450456192174
2008-11-14,-0.021273688071776275,-0.00025051377219607776
2008-11-17,-0.0010580145582255918,0.002281622938520856
2008-11-18,-0.053636043167442866,0.002775870996448792
2008-11-19,-0.04960956158575746,0.00486733300117393
2008-11-20,0.04251070868458897,0.004694473659615959
2008-11-21,0.05932246645526892,0.001046572648626203
2008-11-24,-0.0046042227609106754,-0.006618252678843274
2008-11-25,0.041034964385824296,-0.008063369226788448
2008-11-26,-0.007867322945620219,-0.008725213360841855
2008-11-28,-0.07818431650497774,-0.005330147767880451
2008-12-01,0.032873668714291836,-0.0008979601091178194
2008-12-02,0.027991198590505535,-0.002736254323661056
2008-12-03,-0.02871010588243148,-0.005251046800944974
2008-12-04,0.03982905295746435,-0.006146222253476241
2008-12-05,0.038635777878301095,-0.008137547806549506
2008-12-08,-0.002329839629363184,-0.007800103511206807
2008-12-09,-0.0033377868104191525,-0.006932830467033382
2008-12-10,-0.02779840013474644,-0.005716878752875642
2008-12-11,0.020078945792069383,-0.000913312880718976
2008-12-12,-0.01767551115872233,-0.0016084713470820022
2008-12-15,0.04689405715786238,-0.0035221048934742814
2008-12-16,-0.012181220579572206,-0.004953444115883584
2008-12-17,-0.017711407008961483,-0.00454542211507414
2008-12-18,0.006720455401258357,-0.0021472299558647225
2008-12-19,-0.022008675711394716,-0.002067780899326974
2008-12-22,-0.005148458257512858,5.720690558918358e-05
2008-12-23,0.002749142624921935,-0.0005674974597721582
2008-12-24,-0.00034322979571563137,-0.001017835904380144
2008-12-26,-0.008273056493199288,-0.0013574431205169606
2008-12-29,0.020555708349040927,-0.0009690003472963645
2008-12-30,0.008441718204824155,-0.001782563241911356
2008-12-31,0.04246153742827987,-0.0017994379769935946
2009-01-02,-0.000322320711896111,-0.004244864087816294
2009-01-05,0.009943947215707618,-0.004775407292410274
2009-01-06,-0.028818571970615173,-0.0031038869984897173
2009-01-07,0.010457611643958224,-0.0015039782444388116
2009-01-08,-0.02268714763700562,-0.0008708278529483362
2009-01-09,-0.01845999726816596,-0.0010852934886242372
2009-01-12,0.0003386960235595419,0.00040858146410628334
2009-01-13,-0.03095157664580766,-5.2947150973072714e-05
2009-01-14,0.01624869021579008,0.0017243256000565154
2009-01-15,0.010970905847477707,0.0008055378494628758
2009-01-16,-0.05089979780768197,0.0002646359165885644
2009-01-20,0.041679995430891764,0.002791356594207705
2009-01-21,-0.0134693799436553,0.000980102318761735
2009-01-22,0.004856062265540396,0.0002648499342287094
2009-01-23,0.007240162639145381,-0.00027193383429845945
2009-01-26,0.007188119260918914,-0.0020083471192361975
2009-01-27,0.034526640487056635,-0.0016190535875360832
2009-01-28,-0.025698060222853585,-0.004804220218783661
2009-01-29,-0.017735799140516866,-0.003986686947260305
2009-01-30,0.011972094423766812,-0.0013395415336200202
2009-02-02,0.015519879662114822,-0.001231384920367248
2009-02-03,0.0013382404138382997,-0.0036037448629266484
2009-02-04,0.02182626326088641,-0.003447347179032835
2009-02-05,0.02583288629984369,-0.003263913866063438
2009-02-06,0.004135523629000675,-0.003996350244558849
2009-02-09,-0.037520571911201235,-0.004056504198844224
2009-02-10,-0.00462504953956227,-0.0006728409026008777
2009-02-11,0.01217721152191932,0.0017134992122475158
2009-02-12,-0.004590171993863448,-0.00011035621391293656
2009-02-13,-0.040575557586326264,-0.0017995781417973603
2009-02-17,0.0006842285590243227,0.0005339650843804905
2009-02-18,-0.015509530257493218,0.002288257796282101
2009-02-19,0.0027748890507592393,0.00211000580013998
2009-02-20,-0.03561102532318412,0.0013564272961304955
2009-02-23,0.03248873310756216,0.0026116263853790634
2009-02-24,-0.006623695125001397,0.001634193150367693
2009-02-25,-0.028380762579808108,-0.000590791604890655
2009-02-26,-0.00939992459989638,0.0013507770114651934
2009-02-27,-0.032862473482327584,0.0020357099476681116
2009-03-02,-0.0007510327052227691,0.0038827737427948273
2009-03-03,0.026322186973011055,0.0012029805556349566
2009-03-04,-0.030462979639042348,-0.0018862220355408618
2009-03-05,-0.007953081117215297,-0.0011241406180835063
2009-03-06,-0.02152273701573836,0.00014956690484681852
2009-03-09,0.059938797771996004,0.0010612523855801246
2009-03-10,0.015250840252466894,-0.002374550740161014
2009-03-11,0.03261543970283505,-0.005820538173652047
2009-03-12,0.0024386007556003514,-0.006301266551236173
2009-03-13,-0.01684250339449735,-0.005629685900576669
2009-03-16,0.03716350573297824,-0.0025810295584636897
2009-03-17,0.01253616281929426,-0.004937402908599383
2009-03-18,-0.000673627509474165,-0.005049146326131537
2009-03-19,-0.0169898752045401,-0.0056770521888313006
2009-03-20,0.057272640809060235,-0.0035645239750363503
2009-03-23,-0.018618862203210098,-0.0053688246943932256
2009-03-24,0.004605271297127997,-0.0051979951050472985
2009-03-25,0.030383720552937594,-0.002960462098476199
2009-03-26,-0.018962483658585435,-0.003177655144027865
2009-03-27,-0.02496844556714127,-0.0015427699062900034
2009-03-30,0.008612176449342483,-0.0008070234596594749
2009-03-31,0.014732628559779633,0.00045843071815905155
2009-04-01,0.031667447044984566,-0.0009058267614252901
2009-04-02,0.01840638456797465,-0.0035992307652206587
2009-04-03,-0.0024760148830390853,-0.005243378769040174
2009-04-06,-0.026693373236395413,-0.002451056222613623
2009-04-07,0.016727547996068622,-0.0004586754648494344
2009-04-08,0.030515543925950413,-0.0007991217153325664
2009-04-09,-0.0015190645485285642,-0.003054118823769024
2009-04-13,-0.012236310519956588,-0.003994525761936049
2009-04-14,-0.0027739268827253194,-0.0028149836444745996
2009-04-15,0.02559554718896394,-0.0008037492491193278
2009-04-16,0.0021036822183409464,-0.0020551157417566567
2009-04-17,-0.0326497345671607,-0.0030531664489881734
2009-04-20,0.013861303097691466,-0.0005063158729333334
2009-04-21,0.003054370120437595,0.0006066980347628742
2009-04-22,0.009711760702598035,-0.0005368419237512626
2009-04-23,0.017365705859306513,-0.0015779386516810694
2009-04-24,0.0011865916550972454,-0.0021039457626662724
2009-04-27,-0.007439403452284286,-0.0011342574571427235
2009-04-28,0.013646014184805795,-0.0008749901382621655
2009-04-29,0.00996783392349886,-0.0010946920657985372
2009-04-30,0.0026219971321633116,-0.001449268779239809
2009-05-01,0.01959152261885667,-0.0018244448877097934
2009-05-04,-0.0008562866228931219,-0.002611438617078227
2009-05-05,0.00028551035168956256,-0.001830907642617831
2009-05-06,-0.023686838219882093,-0.000801893778864489
2009-05-07,0.0005844535525806061,0.0006887833154960952
2009-05-08,0.0034995661262645535,0.0016886866917681493
2009-05-11,-0.012302439872219642,0.00041203874765901726
2009-05-12,-0.027186140304156718,0.0005100148902525628
2009-05-13,0.011143015463581065,0.0020821026467028807
2009-05-14,-0.0005991611922806354,0.0021731368802259516
2009-05-15,0.025737258510258956,0.0008832065621932253
2009-05-18,0.00466201310581115,-0.0007572472359927365
2009-05-19,-0.003494470649773589,-0.0012851004279062972
2009-05-20,-0.018549037638842303,8.100101418545308e-05
2009-05-21,-0.003274299695674007,0.00063123522332441
2009-05-22,0.036591232768787806,0.0010761300558729155
2009-05-26,-0.006922438950171806,-0.0017110406860794325
2009-05-27,0.011510918466140491,-0.0027503864448075593
2009-05-28,0.012228220051819878,-0.0029172466298637316
2009-05-29,0.028147322892429084,-0.00255843494444004
2009-06-01,0.001373060767689104,-0.0034867572892411823
2009-06-02,-0.003023226158646997,-0.003503909270959819
2009-06-03,0.01122223355386915,-0.001681758018279884
2009-06-04,0.001088139389195428,-0.0013978570591355764
2009-06-05,-0.0029952370929403273,-0.001320048519657671
2009-06-08,0.007606665310976094,-0.0016209174586214277
2009-06-09,-0.003524471589279064,-0.0005010374768710375
2009-06-10,0.0,1.0169303853633312e-05
2009-06-11,-0.004627747472271315,0.0004672014936025795
2009-06-12,-0.020676132838427303,0.0005543840325812579
2009-06-15,-0.00979713924498338,0.002099185490763961
2009-06-16,0.009490685607627015,0.0025861104658626392
2009-06-17,-0.0019244452243111373,0.0019012583864165718
2009-06-18,0.009447138891409837,0.0010212762943641964
2009-06-19,-0.03032236801999336,0.00027212325401622655
2009-06-22,-0.002283106014568521,0.0015363658542319
2009-06-23,0.016716638032687674,0.0024499340696576694
2009-06-24,0.019477521702877434,0.00020362431506462046
2009-06-25,0.002202037773918681,-0.001588420242031036
2009-06-26,0.0021971994557696017,-0.0025449202998538284
2009-06-29,-0.0019222853646909215,-0.0012864727995562297
2009-06-30,0.0005496015527186049,-0.0007888124994280447
2009-07-01,-0.022223136784710124,-0.0007524275683879004
2009-07-02,-0.00535137173417255,8.840226362502883e-05
2009-07-06,-0.025165754721911304,0.0010324201207182757
2009-07-07,0.005199318471793893,0.0015670618030127169
2009-07-08,0.0017271161460751556,0.001084030479178396
2009-07-09,0.004304784951631393,-0.0002475098063674713
2009-07-10,0.019004968550700004,0.00013807359154852377
2009-07-13,0.0036460564861969034,-0.0008339053390210466
2009-07-14,0.033042653626353224,-0.0005935421935061974
2009-07-15,0.0024347367634131875,-0.001818030888386499
2009-07-16,0.014751507941997633,-0.0021510832216852602
2009-07-17,0.00953902304675891,-0.0022548886776848917
2009-07-20,0.00683314091078039,-0.0025653440607592065
2009-07-21,0.00834642299613704,-0.0020932810080501246
2009-07-22,0.021837733569673754,-0.002703766777867351
2009-07-23,-0.007653098577717383,-0.0027540266859420884
2009-07-24,0.007653098577717432,-0.002547333981375798
2009-07-27,-0.006885147688830319,-0.0015531255131037902
2009-07-28,0.006630985786331204,-0.0006797591722921347
2009-07-29,0.005829442436419789,0.0003884257094740269
2009-07-30,-0.0030372081054495597,-0.0003752059142326608
2009-07-31,0.014844907155136443,0.00044841421880314266
2009-08-03,0.0,0.00024101319992403663
2009-08-04,-0.007772384620512305,0.0005261863964629465
2009-08-05,-0.00884849661552797,0.0011677108083940112
2009-08-06,0.012616871882657992,0.001993591345620217
2009-08-07,-0.0070458268332027575,0.0011341074384426438
2009-08-10,-0.008622929412119968,0.00037288678578024676
2009-08-11,0.015417972544948616,0.0006181401011972405
2009-08-12,0.005502765261152147,0.0007233315190807583
2009-08-13,-0.011540519452071988,-9.041415452844595e-05
2009-08-14,-0.029447781404837996,3.930089068235386e-05
2009-08-17,0.01419195539501792,0.0021616273134160246
2009-08-18,0.006893937682691818,0.001518548450533756
2009-08-19,0.011636862913157674,-0.0005157947414533279
2009-08-20,0.013241917414882601,-0.0017506995889058803
2009-08-21,-0.0009932953386834694,-0.0016592901094168852
2009-08-24,0.002976931000276952,-0.0006725343216205355
2009-08-25,-0.001735465912212155,-0.0009376838002591105
2009-08-26,0.0024783160144672216,-0.00028997458590468504
2009-08-27,0.0009896091851662818,0.00010195936557807355
2009-08-28,-0.010190221147788333,-0.00036665278202484524
2009-08-31,-0.018913689518217053,-0.00033075468670228927
2009-09-01,-0.0007640392578477263,0.0014148814486586048
2009-09-02,0.006602360194881836,0.0011579180204965224
2009-09-03,0.021285391062108833,0.00021798921491922687
2009-09-04,0.009371215313251583,-0.0011370488454020122
2009-09-08,0.008554372096658595,-0.0017207101049533527
2009-09-09,0.009446600466008124,-0.000948225076456398
2009-09-10,0.000963855496306659,-0.00078855106394773
2009-09-11,0.0038461585874780936,-0.00033181051679677723
2009-09-14,0.003114147923362225,-0.0003077307458279028
2009-09-15,0.014484403768062724,-0.00023371796050482274
2009-09-16,-0.00023576565003718123,-0.0011036158106205304
2009-09-17,0.0007071302592831059,-0.0012200643048078759
2009-09-18,0.003058466094278642,-0.0006248595353980541
2009-09-21,0.0018774940976271387,-5.507397175898913e-06
2009-09-22,-0.004700361180331741,0.00043041904404892133
2009-09-23,-0.008992015154926826,0.0010980129294745535
2009-09-24,-0.008833768797673728,0.0016627529992602223
2009-09-25,0.01688305468174339,0.0021137476806245715
2009-09-28,-0.004490141066324689,0.0009525204402351203
2009-09-29,0.0007103113830084102,0.0005741251724956585
2009-09-30,-0.03003228709887509,0.0015819283912052859
2009-10-01,-0.0029311208088587007,0.00231954262538817
2009-10-02,0.00803999945527698,0.0028980698091841135
2009-10-05,0.017559080123047816,0.0009287911481429832
2009-10-06,0.002857144800779965,-0.0004608861490732018
2009-10-07,0.0042704691234522855,-0.0014308630071959878
2009-10-08,0.0056657375356773,-0.0005303241261565855
2009-10-09,0.0021164029063776937,-0.0009097170851382132
2009-10-12,0.00023487962527245711,-0.0006303140725531759
2009-10-13,0.013529480924600514,-0.0007051313330665511
2009-10-14,-0.002319648453716796,-0.0007664065856034882
2009-10-15,-0.0065237882819573784,-0.0011745804675557187
2009-10-16,0.010001246289582317,-0.0004879166385259804
2009-10-19,0.0002314011348981728,-0.0005626186831373773
2009-10-20,-0.001852710117729522,-0.0001625854885080705
2009-10-21,0.003932914265524993,4.629605128586144e-05
2009-10-22,-0.004164744566783535,0.00020234591502883107
2009-10-23,-0.003251280151561613,0.0008679164443111798
2009-10-26,-0.015235264801471094,0.0009766601705928296
2009-10-27,-0.022692959946078155,0.0015770094399991225
2009-10-28,0.01677087702183834,0.0030935642935508976
2009-10-29,-0.02721420205122702,0.0015483167348753542
2009-10-30,0.004141801511080369,0.001754101441116148
2009-11-02,0.00315572540077288,0.0015535969922093225
2009-11-03,0.001695120880535139,0.0005722030592268122
2009-11-04,0.02437979257442241,0.0005334181115313985
2009-11-05,0.00588583217726135,-0.0013233111469886103
2009-11-06,0.021136543457264012,-0.0014986172184895856
2009-11-09,0.00252496404089427,-0.002149687109269569
2009-11-10,0.006398559307642775,-0.0024497076018022744
2009-11-11,-0.0057110377955145045,-0.0020089790813377934
2009-11-12,0.0082135985373888,-0.0013353777113175582
2009-11-13,0.010173027713050568,-0.0014844554801672514
2009-11-16,0.003143950489967783,-0.002190240529184543
2009-11-17,-0.005553508815210939,-0.001954506568260287
2009-11-18,-0.015747999089009725,-0.0011794551865225269
2009-11-19,-0.005051675496117834,0.0008376121341697672
2009-11-20,0.015985725202910386,0.0011458759554882967
2009-11-23,-0.003404065467961882,0.00046653059286849285
2009-11-24,0.004309862631342783,-0.00011091908691681057
2009-11-25,-0.01528140125938246,0.00010748021531416078
2009-11-27,0.0011485013321711882,0.0011554304353683562
2009-11-30,0.01027758275824023,0.0018448345459074465
2009-12-01,0.0013623980308956293,0.0005391998965593982
2009-12-02,-0.004092775153753036,0.00015431233449226666
2009-12-03,0.005226690685158953,-5.858897568920558e-05
2009-12-04,-0.004771109811675612,0.0005234487878797595
2009-12-07,-0.0061220951446887915,-0.0001247136668937604
2009-12-08,0.009986175415721917,0.0005780411160348941
2009-12-09,0.00497851220643085,8.95806569779225e-06
2009-12-10,-0.0038448537696340332,-0.0002638628458036524
2009-12-11,0.009472330635362444,-0.0005689498625669752
2009-12-14,-0.005627476865728336,-0.0006454305400149994
2009-12-15,0.0013534854310763558,0.0001184593328085933
2009-12-16,-0.012247828314845778,0.00029782179446677306
2009-12-17,0.014499574368730088,0.0008387273618029497
2009-12-18,0.011183297049385109,0.0007366739125680657
2009-12-21,0.00598737790431596,-0.0007825370623996234
2009-12-22,0.007269555089229799,-0.0011086861285657902
2009-12-23,0.009176380756053886,-0.0007075846149479699
2009-12-24,0.005206085511199266,-0.0005362160448173129
2009-12-28,-0.00411924701708456,-0.0006079800507179212
2009-12-29,0.003036878689747404,-0.00015517486304674952
2009-12-30,-0.009138444797367227,0.00034864439914755404
2009-12-31,0.014538609124760685,0.0006514530041840141
2010-01-04,0.0,-9.85868454147766e-05
2010-01-05,-0.006050148100683406,-0.00021782442825722486
2010-01-06,0.0006499837732899861,0.0008881338390548233
2010-01-07,0.00819676720417849,0.0009943285617611038
2010-01-08,-0.004089985251525055,0.0011194806157592456
2010-01-11,-0.0125897039471303,0.0009669662013500146
2010-01-12,0.012373977487443526,0.001564633773742028
2010-01-13,0.00086262675178821,0.0013397558490113588
2010-01-14,-0.01170872006117845,0.0006278541555723964
2010-01-15,0.016010727126231507,0.0008628322020102402
2010-01-19,-0.014485173817394404,0.00037363458321420563
2010-01-20,-0.009408230429398309,0.0010699410296930558
2010-01-21,-0.029673119613072976,0.0014389733790617885
2010-01-22,0.0033909832425582822,0.002320422638278541
2010-01-25,0.0009023235441904031,0.00247303180494985
2010-01-26,0.007860792863934641,0.0006040728338309937
2010-01-27,-0.02606379832101152,-0.00028518471582121227
2010-01-28,-0.017605272869786283,0.000939296667001312
2010-01-29,0.010923990096187197,0.002902403911355448
2010-02-01,0.0089748617606985,0.0010736112935177556
2010-02-02,0.005483221414531401,-0.00025209247901805275
2010-02-03,-0.02936287702967168,-0.0015928511343679692
2010-02-04,0.008411264543893229,0.0005089122056150462
2010-02-05,-0.007238794014455661,0.0007270000040795235
2010-02-08,0.01025889155913459,-0.000352081668812008
2010-02-09,-0.0020898649194591307,-0.0011656277437568732
2010-02-10,0.014996243657885464,-0.0016014551123462923
2010-02-11,0.0020587906162561,-0.0016840927033256424
2010-02-12,0.012715884325302714,-0.0024887245985790807
2010-02-16,0.005624944519436162,-0.002195713038999298
2010-02-17,0.00626260154634067,-0.002083176627378138
2010-02-18,-0.00044603033745704905,-0.0014025776198596327
2010-02-19,-0.002009602105364538,-0.0015561843121672057
2010-02-22,-0.013048554093143854,-0.0006180073439058016
2010-02-23,0.010138647171333613,-8.227033522549023e-05
2010-02-24,-0.00022419011415494605,-0.00011886545763415367
2010-02-25,0.003581024417706021,-0.0005364316738127073
2010-02-26,0.014417461666135303,-0.00026151787423889315
2010-03-01,0.003078278596107489,-0.0007872928287608829
2010-03-02,0.001097092814373149,-0.0003034697547677844
2010-03-03,0.0032840752011897975,-8.189956408747353e-05
2010-03-04,0.014969365108160286,0.0003853247943966634
2010-03-05,0.0019361090268664007,0.00013513388264279572
2010-03-08,0.005572239021567701,-0.0004538911319545866
2010-03-09,0.008088592418045508,-8.850160816685742e-05
2010-03-10,0.00380872233591693,0.00013368836555843332
2010-03-11,0.00021117094366301746,-0.0002133299750311364
2010-03-12,-0.0025369992465886742,-0.000134566239218709
2010-03-15,0.006330470602886335,0.0005817903786631656
2010-03-16,0.0027308072846865057,0.0007848282785766753
2010-03-17,0.0033507884754711828,0.0005514742347916452
2010-03-18,-0.0071338951311749645,0.0006217561275565178
2010-03-19,0.009013791246163328,0.0013519622440829543
2010-03-22,0.006914686107031969,0.0012250626639409117
2010-03-23,-0.004830049121118694,0.0005704625646531896
2010-03-24,-0.0014587894636599842,0.0008708683718197386
2010-03-25,0.00104220957844359,0.0013777262140742142
2010-03-26,0.00478022317298944,0.0016118648515403783
2010-03-29,0.0033119467243468204,0.0008426114184628748
2010-03-30,-0.0047643798046616975,0.0004544839502720958
2010-03-31,0.0,0.0008819771161279246
2010-04-01,0.00930047005679862,0.001441597837598623
2010-04-05,0.0028759263864919947,0.0005964903286601832
2010-04-06,-0.0024645730281616994,0.00034290019815917336
2010-04-07,0.002259423781365772,0.0009148066457304547
2010-04-08,0.0059323074660816814,0.001134146456406828
2010-04-09,0.000815494438670153,0.0007591797362418918
2010-04-12,0.005081828194331544,0.000429563849854345
2010-04-13,0.011891705185374192,0.0006695898022172753
2010-04-14,0.00439824779389425,0.0005313749184127837
2010-04-15,-0.012041084675265748,0.0003839283584021184
2010-04-16,-0.0006058770255017225,0.001180141916121132
2010-04-19,0.005037794029957081,0.0017269025401107719
2010-04-20,0.005612361895512001,0.0012331631033446564
2010-04-21,0.005581039003113418,0.0005763629876357367
2010-04-22,0.004165432979063176,0.000546130586984368
2010-04-23,-0.0021797293877510223,0.0007332803845404146
2010-04-26,-0.021454456993328683,0.0009478955736040609
2010-04-27,0.0006078411695608068,0.0018358487517648814
2010-04-28,0.01726950549118177,0.0023776529990521805
2010-04-29,-0.01995692946492903,0.0006887515064860108
2010-04-30,0.013966496215493666,0.0004424670286374712
2010-05-03,-0.030502568097380122,-9.865308057366252e-07
2010-05-04,-0.005175459228412417,0.0016347690799720454
2010-05-05,-0.03398744019243945,0.0022399771429947716
2010-05-06,-0.02522421188442615,0.002991154946368815
2010-05-07,0.05066548229201077,0.004582862174971257
2010-05-10,-0.0010472301721552472,-0.000652425661106511
2010-05-11,0.018684371658261846,-0.0026164124241778238
2010-05-12,-0.015963850989013977,-0.0033475673251238645
2010-05-13,-0.019413988092637068,-0.0011797464603541937
2010-05-14,0.003191152585749565,0.0011870986931723703
2010-05-17,-0.013902480360245622,-2.51914963994473e-06
2010-05-18,-0.008000907639291158,-0.0002019366170439165
2010-05-19,-0.037832185636950684,-0.0004947593445779
2010-05-20,0.010987889448370694,0.0010024473544131456
2010-05-21,-0.004022351791947462,0.00016109165190691694
2010-05-24,0.0008952552075114304,-0.0004958616401271745
2010-05-25,-0.011248712535870653,-0.0007486408708683331
2010-05-26,0.037086519525428054,-0.00010031783107449378
2010-05-27,-0.0059035920887401,-0.0013577786818275012
2010-05-28,-0.00925320548048327,-0.002620463827593582
2010-06-01,0.023406952918577043,-0.0010646742227538022
2010-06-02,0.009468545024411315,-0.001960528673133017
2010-06-03,-0.03481407342062831,-0.002392537908388475
2010-06-04,-0.01840868881816753,-0.0020325095964472805
2010-06-07,-0.0018087276014011706,0.00017865214675143193
2010-06-08,-0.008408184975328054,0.0008589348174081807
2010-06-09,0.028126502535236363,-0.0003449088539024171
2010-06-10,0.009495489254347816,-0.002936026078584463
2010-06-11,-0.0002198043749919901,-0.0024687790420324708
2010-06-14,0.026465752932103803,-0.001703209968632584
2010-06-15,0.004059400938217089,-0.0025287955327587437
2010-06-16,0.0031931905791549855,-0.0017719082777933352
2010-06-17,-0.0010632643213300003,-0.0014417843062062364
2010-06-18,-0.008547060578458408,-0.0013260227707818824
2010-06-21,-0.007755316767478161,-0.0005182799457828273
2010-06-22,-0.004117461662806255,-0.0005962996017301172
2010-06-23,-0.015317586140170137,-0.0006981334061048845
2010-06-24,-0.0017656151132783473,0.0003726118565237723
2010-06-25,-0.0035406100275627433,0.0005767018723844304
2010-06-28,-0.03933599357302979,0.00020873898717400701
2010-06-29,-0.01533487299389966,0.00294321484310053
2010-06-30,-0.0028136009182529904,0.003880395126429987
2010-07-01,-0.0028215396099424204,0.003766147480087163
2010-07-02,0.003056308950144952,0.001992296057893795
2010-07-06,0.03142587626009576,0.0005135054101131918
2010-07-07,0.005444659548231764,-0.0013282014351191254
2010-07-08,0.009457399920733979,-0.0022859759682025667
2010-07-09,0.0029092557164780088,-0.0026143030558204708
2010-07-12,0.012877620231893436,-0.0021085957312279723
2010-07-13,0.005061073626223494,-0.0019240670313171657
2010-07-14,0.0008775779413589422,-0.0030994346535486526
2010-07-15,-0.028020512332174907,-0.002647636765384636
2010-07-16,0.008533624658678221,-0.0010077691902571643
2010-07-19,0.012002811358547482,-0.0006686590547107636
2010-07-20,-0.01379332213233576,-0.0019465767357862603
2010-07-21,0.024998536592495214,-0.0009483756735713353
2010-07-22,0.006316039726988472,-0.0015787706569245748
2010-07-23,0.00821626243715152,-0.001171074593443999
2010-07-26,-0.0004307559833996323,-0.0012735750679874923
2010-07-27,-0.008002638144975248,-0.0007207047167236317
2010-07-28,-0.007410670357662767,0.0009442403159691362
2010-07-29,0.00218531555499777,0.0012543786359580696
2010-07-30,0.01859915206307355,0.0006306196323668641
2010-08-02,-0.004294616864837333,-0.0011771553948282812
2010-08-03,0.010020638834111788,-0.001369106838331565
2010-08-04,-0.0023035587355482827,-0.0014554831513393079
2010-08-05,-0.0014958865915826911,-0.0005965823596222841
2010-08-06,0.006820145788208327,0.0002559903473335815
2010-08-09,-0.008693156262730314,-0.0005166467885757297
2010-08-10,-0.027643021082043306,0.0005492424964820805
2010-08-11,-0.00796112121586733,0.0016427093609931403
2010-08-12,-0.007130154984591191,0.0020092795054887824
2010-08-13,0.0017873105740956587,0.0014845146658719567
2010-08-16,0.012687035275856602,0.0007516700476798583
2010-08-17,0.003915449009171195,-0.0005624490914575311
2010-08-18,-0.015264094613904985,-0.00042999927869082175
2010-08-19,0.00133660077818013,0.0006531924371252692
2010-08-20,-0.009843479927915559,0.0009698622393619914
2010-08-23,-0.018836367656715692,0.001319480412823407
2010-08-24,0.009575996568284383,0.0017528633021350907
2010-08-25,-0.01209922304749428,0.0004883441833453676
2010-08-26,0.01209922304749433,0.0003592970508840078
2010-08-27,-0.010492796999220516,-0.0005904902066049474
2010-08-30,-0.0034455070263914437,-0.000852575502576626
2010-08-31,0.029473908615440733,0.0004393193538013222
2010-09-01,0.011108756761666803,-0.001321836255685739
2010-09-02,0.016435123961985886,-0.002610573546029213
2010-09-03,-0.006760466267218144,-0.002930043264322806
2010-09-07,0.011963166058275224,-0.001834137533181653
2010-09-08,0.003884338073396233,-0.0012105824712467152
2010-09-09,0.0036547390997699685,-0.0015636287728764253
2010-09-10,0.013852112808151464,-0.0015320350727999641
2010-09-13,0.004223871116185243,-0.0019307927010101004
2010-09-14,0.006302541870802305,-0.0014874689406459774
2010-09-15,0.00397116207949899,-0.0017193310073926093
2010-09-16,0.0011466098092620127,-0.000760003625664537
2010-09-17,0.017245991334611983,9.463034574095427e-05
2010-09-20,-0.0002027651852981281,-0.00019383674552259512
2010-09-21,-0.0026663947702045346,-0.00020658480456143484
2010-09-22,-0.00041084634924655683,0.0007335799482147315
2010-09-23,0.020136956234657548,0.0011529390246315897
2010-09-24,-0.005451805527487055,0.00028099009817817843
2010-09-27,-0.0004050222817619628,-0.00037887109889086265
2010-09-28,-0.001621731553485098,0.0009497747128449243
2010-09-29,-0.004473370615474368,0.001067370130028245
2010-09-30,-0.0012234911803559686,0.0018247147612344724
2010-10-01,-0.010873017160397179,0.0008952893023315909
2010-10-04,0.024048438318961595,0.0015873857435384515
2010-10-05,-0.00869658630991135,0.0005224569136200427
2010-10-06,0.003649639087549331,-0.00014066817431170736
2010-10-07,0.006857630746943178,0.0001235920033587826
2010-10-08,0.00040192926586109245,0.0002524898676871079
2010-10-11,0.006808196101170425,0.0002099612513617031
2010-10-12,0.008148708510657077,-0.00020523631427115773
2010-10-13,-0.0019813757225166373,-0.00038068488778955623
2010-10-14,0.020999692298276126,-0.0003218543740178278
2010-10-15,-0.003696861881326203,-0.0008551740595744696
2010-10-18,-0.009400774284705779,-0.0011704952592515748
2010-10-19,0.007254222577473827,0.0005015837910596293
2010-10-20,0.00195160093168514,0.00012876229890337626
2010-10-21,0.006800764577264794,0.00016811141589686337
2010-10-22,0.004829527401206434,-0.0006116709280442827
2010-10-25,0.0026943819225639615,-0.0005209262796487022
2010-10-26,0.0030704303531096967,0.00016223054202989782
2010-10-27,0.0021054654155554303,0.0002981467804279394
2010-10-28,-0.0022970913622948454,0.00042599410129849646
2010-10-29,0.0007662835624003871,0.0008798400624996798
2010-11-01,0.010666767804195228,0.0010460450921824845
2010-11-02,0.004536869785701584,0.0004300979811417417
2010-11-03,0.012184985327858078,0.0007991699225344081
2010-11-04,0.0,6.373272424416425e-05
2010-11-05,0.0012568956336623121,0.0004114534776222457
2010-11-08,-0.005364444351345587,0.0007120843119710099
2010-11-09,0.004945654647451515,0.0010653381055083736
2010-11-10,-0.006162484488240092,0.001273328864285641
2010-11-11,-0.01652617998049776,0.0009923791202525395
2010-11-12,-0.00372049081675726,0.001746664598874105
2010-11-15,-0.016672674552951877,0.0016215499230943266
2010-11-16,0.002911210207458313,0.0023069065991677385
2010-11-17,0.01595727409692435,0.0015553236688596187
2010-11-18,0.0007626311141789866,0.0002821778891414938
2010-11-19,0.008350779217419889,-0.00010273049269805704
2010-11-22,-0.016003389741232606,-0.00014812248444623355
2010-11-23,0.0199645379933706,0.0008050701435563229
2010-11-24,-0.006610657750601806,0.00019141215209676082
2010-11-26,-0.0007582938751982167,-0.0007655211894398113
2010-11-29,-0.01230755410596621,-0.00015945026894284315
2010-11-30,0.020993409317813967,0.000199440362253605
2010-12-01,0.01010109598650392,-0.0006971735259401261
2010-12-02,0.00260223195171228,-0.0024612796670174285
2010-12-03,-0.0004641879115981031,-0.0018046452724812777
2010-12-06,0.0006498027613189569,-0.0010736241312070162
2010-12-07,0.003705080192545424,0.00020710750111189492
2010-12-08,0.0010164950281529748,-0.0005332535180253396
2010-12-09,0.006628027578413331,-9.288570677734055e-05
2010-12-10,-0.0035847274013851562,-0.0002350656277657902
2010-12-13,0.0017480109331562388,0.00013775916736345252
2010-12-14,-0.0043296092690265735,0.000258003438233759
2010-12-15,0.007724886676172792,0.0008169990272075294
2010-12-16,-0.0010999084518605064,0.000679977327745965
2010-12-17,0.0007334067068747537,0.00026392266667602156
2010-12-20,0.006030169026591231,0.0006013872551025647
2010-12-21,-9.109542251809277e-05,0.0003360129963166067
2010-12-22,-0.0026088478405111907,0.0005765345010945497
2010-12-23,0.0005113594968614301,0.0006442387966980615
2010-12-27,-0.0018274858887221167,0.0010222178839727628
2010-12-28,0.0021925826434164098,0.0009167442285151632
2010-12-29,-0.0023755150504024226,0.0006671534095413061
2010-12-30,-0.0036656932543083507,0.0007077072807556694
2010-12-31,0.015487236760973067,0.0012081289807238508
2011-01-03,-0.0008139272436679316,0.0009352966970948242
2011-01-04,0.008558225290883428,0.0002740108979108724
2011-01-05,0.0032240758717526847,0.0003216362339760896
2011-01-06,-0.0008945344544974391,0.0004378085119162166
2011-01-07,0.003751679255277253,0.0011007992316088935
2011-01-10,0.0014255169912209468,0.00078061514090522
2011-01-11,0.007008856265788718,0.0009488351568458301
2011-01-12,0.00035357553625673505,0.0006643746213058781
2011-01-13,0.007484076314949088,0.0006211931903923929
2011-01-14,0.0028030852271163373,0.0005768621596108889
2011-01-18,-0.01143673941991462,0.001026079290722605
2011-01-19,-0.007103563878871271,0.001289709388571318
2011-01-20,-0.00769303373671638,0.0020077011294982058
2011-01-21,0.013734274569506925,0.001974518741792575
2011-01-24,0.0014604034193409765,0.0009563846112604553
2011-01-25,0.005248661294018007,0.00017519447903568844
2011-01-26,0.006139831585135731,0.00037644598086216026
2011-01-27,-0.025685585312720853,0.0003951458908227841
2011-01-28,0.004833089153704296,0.0017915208424582225
2011-01-31,0.018576385572935457,0.0014344092280760214
2011-02-01,-0.0016665939562092655,0.00017127748686886918
2011-02-02,0.0017980489440199473,-0.0008603320504587322
2011-02-03,0.005549137084814097,-0.0009250781292367993
2011-02-04,0.004781578334358716,-0.0003318597819037763
2011-02-07,0.006483705445432759,-0.0002929745762270101
2011-02-08,-0.001638567051967928,-0.0008999561385203734
2011-02-09,0.001569628872253232,-0.0001898407768767097
2011-02-10,0.007195572901712592,0.00041956816454149636
2011-02-11,0.002392754517088768,-0.00039690410797931636
2011-02-14,-0.001366587161776527,-0.0003839686351530838
2011-02-15,0.006491703734240752,0.00017789131672128246
2011-02-16,-0.000356715166724954,0.0004340469116080899
2011-02-17,-0.0022110732708986586,0.0004131908735950054
2011-02-18,-0.02937322436598051,0.0006364386212860692
2011-02-22,-0.008275423580130097,0.0018327476927905168
2011-02-23,0.0052021454883687,0.0027049260986833977
2011-02-24,0.013886079638381803,0.0014991236782842094
2011-02-25,0.0020603218720702857,-0.0002638349789215597
2011-02-28,-0.01621026535823836,-0.0007482005796332797
2011-03-01,0.005264093573727142,0.0009953788843799624
2011-03-02,0.019497173222599532,0.001123972641874563
2011-03-03,-0.005119061358227937,-0.00022283757889199503
2011-03-04,-0.013503450739773945,-0.0008195757297449526
2011-03-07,0.004013616765693084,0.0004136637359834109
2011-03-08,-0.006815229524470428,0.00030039835350894207
2011-03-09,-0.015728874234711056,0.00010221014789375371
2011-03-10,0.006215060403434413,0.0003192048030528782
2011-03-11,-0.00354673186123559,0.00026119232621996385
2011-03-14,-0.014314075138125267,0.00019993080192351215
2011-03-15,-0.024444850890810305,0.0003922540598872709
2011-03-16,0.009191241175547862,0.0020467493775802696
2011-03-17,-0.0036663652435779564,0.001841682234827858
2011-03-18,0.019100171373419215,0.0006204359141352606
2011-03-21,-0.0018936837797525912,-0.0010859097299614226
2011-03-22,0.0056703270600879496,-0.001181171893847319
2011-03-23,0.017614546700982305,-0.00047463423539143284
2011-03-24,0.0024660924951934683,-0.001766789123021369
2011-03-25,-0.005468832541700539,-0.0014423060809482862
2011-03-28,0.00968232192143617,-0.0012791147667394294
2011-03-29,0.0047190509667440214,-0.0011069020581172444
2011-03-30,0.001393971300825476,-0.0017371056599123193
2011-03-31,0.0005222386749384131,-0.0015458909324983618
2011-04-01,-0.003312127145377527,-0.0010793180255344783
2011-04-04,-0.002622608374437106,-3.643108523132359e-05
2011-04-05,0.0024479816386400372,0.0001654043433316723
2011-04-06,-0.0006988120480047944,0.00020218277973906853
2011-04-07,-0.004729797728772991,0.0006523177383424293
2011-04-08,-0.003341837601349376,0.0008711517678317182
2011-04-11,-0.006894750198358294,0.001063216250294023
2011-04-12,0.00847911810306138,0.0015168260903876637
2011-04-13,-0.0017605638350330145,0.001091810918636069
2011-04-14,-0.0017636688874968153,0.0006850254147212374
2011-04-15,-0.007085946389485835,0.0009908876049538572
2011-04-18,0.006202944124607865,0.0012215680465769204
2011-04-19,0.022276527197260833,0.0006018612858797347
2011-04-20,0.008002452033177284,-0.0005972006507754898
2011-04-21,0.0025678350153590713,-0.0013837355300392925
2011-04-25,0.00562613367091452,-0.0011755664487281738
2011-04-26,0.006777389547596231,-0.00025058581066938503
2011-04-27,-0.0015209128407066201,-0.00020284373333501963
2011-04-28,-0.0008459521695595306,-0.0002680612074072718
2011-04-29,-0.0018636176507662375,0.00010830956583638741
2011-05-02,-0.004759485442169691,0.0005275513028040669
2011-05-03,-0.0015346579872761732,0.0004218733735333629
2011-05-04,-0.005475715255962907,0.0006913868515493134
2011-05-05,0.00325482086057509,0.001514298733277848
2011-05-06,0.003755552382664068,0.001534377557238834
2011-05-09,0.008483254132390577,0.0008059631747092362
2011-05-10,-0.007376352916729218,0.0005504570611596459
2011-05-11,0.006023859050373792,0.0010624666959805928
2011-05-12,-0.011913006784060157,0.0013462211005123418
2011-05-13,-0.017460226481242496,0.0013184860482737364
2011-05-16,0.0028010004481917685,0.0020189588098858814
2011-05-17,0.00830454599682003,0.0012569079183053482
2011-05-18,0.002924733267657031,2.787406560654526e-05
2011-05-19,-0.007674105348662262,-0.0008780285132602602
2011-05-20,-0.014736282713330223,-0.00018438221180849297
2011-05-23,-0.006167963866587359,0.0010634277002131475
2011-05-24,0.003881444534276901,0.001430725750685962
2011-05-25,0.006170393881291713,0.0005473042261137539
2011-05-26,0.005036167105572143,-0.00018495971043615267
2011-05-27,0.016063908778379717,-0.0007585619852324515
2011-05-31,-0.022001753678417054,-0.0011612806226705095
2011-06-01,0.0020997383042694736,-0.0002138088618167033
2011-06-02,-0.015146467794652096,0.000571698458792258
2011-06-03,-0.008196767204178515,0.0009901813206416579
2011-06-06,-0.0017908314241698484,0.0011175376943570446
2011-06-07,-0.007195569812424407,-1.674076245694806e-05
2011-06-08,0.001713641907514436,0.00035402053874870464
2011-06-09,-0.015346498689992327,-0.00012219258057470075
2011-06-10,0.0,0.0008381505289208831
2011-06-13,0.012729759096245382,0.0008226715682953693
2011-06-14,-0.019155926441420248,0.00015478420224392206
2011-06-15,-0.003875616182651061,0.0006425329577214226
2011-06-16,-0.005376855449557456,0.0012360806611095409
2011-06-17,0.005191927108762398,0.0013174470350146928
2011-06-20,0.02122678051918266,1.8271324347352296e-05
2011-06-21,-0.0072505564726812605,-0.0016064285124912582
2011-06-22,0.00924024691836506,-0.0016242227142013745
2011-06-23,-0.017499535154455185,-0.000693015719903429
2011-06-24,0.015781399360813644,-0.0003031452230462243
2011-06-27,0.014823071570442803,-0.000611993801015708
2011-06-28,0.004093625010063423,-0.0018296759139889394
2011-06-29,0.013233541162439905,-0.001551952662921084
2011-06-30,0.014962004929613762,-0.002030667821632186
2011-07-01,0.004995273499693773,-0.0017356328292590694
2011-07-05,0.0032592875580540895,-0.001842545748497842
2011-07-06,0.01360796640718747,-0.0009359268481714281
2011-07-07,-0.0027068194500356408,-0.0008868035060285343
2011-07-08,-0.018292671800116383,-0.0002665293113471586
2011-07-11,-0.007620404039690383,0.00020375764188348023
2011-07-12,0.004163781171779514,0.001660205798213171
2011-07-13,-0.011667524608402877,0.0015147241630956943
2011-07-14,0.013224483663517786,0.0012672030609238668
2011-07-15,-0.0053730955162838165,0.0004686113470270017
2011-07-18,0.022511475582883897,0.0006973075352706902
2011-07-19,-0.004257137123318834,-2.8530342047031784e-05
2011-07-20,0.006633241432016972,-0.0004845251786599968
2011-07-21,0.01028763605632026,0.0005206118292505657
2011-07-22,-0.002015452479349827,-0.0004979582140060304
2011-07-25,0.0024348276165510312,-0.00032185124555278346
2011-07-26,-0.02608141720406412,-0.0008758969959790657
2011-07-27,0.0017199866641373456,0.0008544829305384712
2011-07-28,-0.0032705081221592117,0.0005795377031152957
2011-07-29,-0.004666041473577231,0.00025446039427866633
2011-08-01,-0.025615435627654535,0.00010234664587454873
2011-08-02,0.009550833123847918,0.0013208113582585399
2011-08-03,-0.04758511689922802,0.0015591725586523845
2011-08-04,-0.00629631709694166,0.002960926826113917
2011-08-05,-0.062077004269021095,0.003875432457241098
2011-08-08,0.047103862845193925,0.00562143889001642
2011-08-09,-0.04178103115506506,0.002425872418605272
2011-08-10,0.04310016825391965,0.0004959655303868666
2011-08-11,0.008812281644975887,-0.001223131616040444
2011-08-12,0.014639379390074057,-0.003860436972854741
2011-08-15,-0.008498111367991461,-0.002862396547272074
2011-08-16,-0.0059546137984887604,-0.0039585925321766165
2011-08-17,-0.05033110444772874,-0.001169870256673167
2011-08-18,-0.01822193416862019,-2.9993510128918026e-05
2011-08-19,0.003591384546500481,0.001413180761599824
2011-08-22,0.04039967870940705,-0.001602752313363493
2011-08-23,0.007811795465173188,-0.00411641754867511
2011-08-24,-0.016456552019579178,-0.0064909294702703785
2011-08-25,0.024772608261236784,-0.0026741988842884047
2011-08-26,0.027475275701210413,-0.0021978558543360046
2011-08-29,0.006570565708506716,-0.00348033625654166
2011-08-30,0.0016359178418922386,-0.004433045801073501
2011-08-31,-0.009122486179254622,-0.0032473165770544044
2011-09-01,-0.023739987303072942,-0.0018380627087089285
2011-09-02,0.00018767007655712668,-0.0008770766062495179
2011-09-06,0.025017518953843694,-0.0011814594066607777
2011-09-07,-0.004585901827665207,-0.002261497130606885
2011-09-08,-0.0224979276199956,-0.0025655459231759877
2011-09-09,0.01270570156857919,-0.0008762087241943915
2011-09-12,0.013279427896739636,0.00014945986090515002
2011-09-13,0.014189796029221729,-0.0004924537305719833
2011-09-14,0.014703510366683548,-0.0016070893034953676
2011-09-15,0.00727146947833498,-0.0018868701720886295
2011-09-16,0.00035335689413597575,-0.0008784528586952841
2011-09-19,-0.004425961018089044,-0.001287201565152117
2011-09-20,-0.01754116928766367,-0.0010570107588674096
2011-09-21,-0.03304265362635322,0.0006650839596457969
2011-09-22,0.010582109330537008,0.002536246025313153
2011-09-23,0.01156719038793246,0.0006982342594359726
2011-09-26,0.010351495319713773,-0.0010247527670230634
2011-09-27,-0.014925650216675706,-0.001902306956205828
2011-09-28,-0.01199165739580692,-0.0005795547070263096
2011-09-29,-0.026136676277954855,0.002099362897513857
2011-09-30,-0.02605570540116784,0.0031341629431707145
2011-10-03,0.020323935792281263,0.003937126246794741
2011-10-04,0.02535133874996809,0.001578918255310219
2011-10-05,0.01667322804081869,-0.0016178045944323415
2011-10-06,-0.0066359690521952,-0.003936872772692085
2011-10-07,0.034000184379900156,-0.00264405914599207
2011-10-10,0.006770024075973267,-0.0027856712188466404
2011-10-11,0.004959273359350209,-0.0033415451060017807
2011-10-12,0.00914533282219163,-0.003158902447766664
2011-10-13,0.018387335035726562,-0.0031873349269811732
2011-10-14,-0.01559013041466534,-0.003309142982731636
2011-10-17,0.0123190592359591,-0.003380680544303236
2011-10-18,-0.01950262056964094,-0.002254786503937391
2011-10-19,-0.00493567016427575,-0.0008754561980411625
2011-10-20,0.012468332566261347,0.00040526937823871887
2011-10-21,0.02055517573424058,-0.0012188538603068438
2011-10-24,-0.019857338999710664,-0.001469677460890678
2011-10-25,-0.0012215340494578146,-0.0008145037630456919
2011-10-26,0.02721490730051965,0.0011212248816679106
2011-10-27,0.0015281436032628173,-6.28919737719829e-05
2011-10-28,-0.016939407523787843,-0.001015694063932533
2011-10-31,-0.026402442801147542,-0.0006001458988314751
2011-11-01,0.00846864623703834,0.0023112435022164105
2011-11-02,0.020518890636213954,0.0012687686452084014
2011-11-03,-0.005176888179533792,-0.00175829125481459
2011-11-04,0.00706838560531241,-0.0023399339949253784
2011-11-07,0.011444313136976596,-0.0012455582074429265
2011-11-08,-0.03578910785158528,-0.0014016584434916584
2011-11-09,-0.000528215524210448,-2.3583367088453474e-05
2011-11-10,0.01866930259486042,0.0008701189777399434
2011-11-11,-0.006242434004486025,-0.00045839484211789873
2011-11-14,0.011070862078059645,-0.0013935145207114924
2011-11-15,-0.016652596437379295,-0.0024416875555662407
2011-11-16,-0.02371792595361091,-0.0005035755658300936
2011-11-17,-0.007731765569030984,0.0017522479384332115
2011-11-18,-0.019318989755036382,0.001107733313154161
2011-11-21,0.003307002830130124,0.0017735145925879886
2011-11-22,-0.022818910519641047,0.0008669784708272653
2011-11-23,-0.007723500765260011,0.0006169835424215355
2011-11-25,0.03420407777086407,0.0012059907589362243
2011-11-28,-0.0062328341099703215,-0.000964811283899408
2011-11-29,0.03629539861476615,-0.0015015536775402037
2011-11-30,0.006892313225734342,-0.0028206474397019397
2011-12-01,-0.0028218713610717004,-0.0032996269647775104
2011-12-02,0.010890675004496642,-0.0022564182569846363
2011-12-05,-0.0027991620796145775,-0.0027992479813286567
2011-12-06,0.0,-0.0021668681522443857
2011-12-07,-0.016961537374375512,-0.0021257709419114155
2011-12-08,0.015909828250265757,-0.0013051208035836735
2011-12-09,-0.01128759779855946,-0.0016839581443531685
2011-12-12,-0.011057719233698091,-0.0011206953072063165
2011-12-13,-0.01572558389047051,-5.1929155989101014e-05
2011-12-14,-0.002736478949264766,0.001650056850496354
2011-12-15,0.0021897818969240034,0.0023376584161476322
2011-12-16,-0.009892002259016416,0.0010983994802671662
2011-12-19,0.029208425583055815,0.0012795590525837863
2011-12-20,-0.014406876231904342,8.283789971978066e-05
2011-12-21,0.008489168654944423,0.00014896411102226562
2011-12-22,0.008596041469797817,-0.0005178867055880364
2011-12-23,0.002849004776074871,-0.0012384739385657775
2011-12-27,-0.011624918537031374,-0.0010923404061753505
2011-12-28,0.007169774395423729,-0.0012779153058529052
2011-12-29,-0.002861744038532854,-0.0007932409009468333
2011-12-30,0.01898398181001608,-0.001113840924537045
2012-01-03,0.004209055670341835,-0.0019019456819127636
2012-01-04,0.008191766941664739,-0.0025463771692315652
2012-01-05,0.0034656073500931046,-0.0012243385869510496
2012-01-06,-0.0032920414380023977,-0.00124261149302206
2012-01-09,0.007262698359604699,-0.00025563657035978973
2012-01-10,0.0020654052092768578,-0.0002651447002512919
2012-01-11,0.0039468090701823095,-7.593610984945188e-05
2012-01-12,-0.0036029892283907195,-0.0003774100799595414
2012-01-13,0.009068417009039023,0.00013366136332970864
2012-01-17,0.013198161123719684,8.985092092218827e-05
2012-01-18,0.006200271224738487,-0.0003641943486785885
2012-01-19,-0.0015046395883899946,-0.000539141015021372
2012-01-20,0.0003345600566501758,0.00020748032609236536
2012-01-23,-0.001841466997307619,0.001088578702942218
2012-01-24,0.012488714477961793,0.0010752484572206069
2012-01-25,-0.003481147319879387,0.0008309474029704317
2012-01-26,0.00298458188718144,0.0002798164949625836
2012-01-27,0.0008274721200323929,0.0008364397844875172
2012-01-30,0.0013225328427941122,0.0007109616772497325
2012-01-31,0.008062569384927679,0.0011142058587962226
2012-02-01,0.003108895574454741,0.000711618654386786
2012-02-02,0.013629936787637582,0.0008350301130073931
2012-02-03,-0.0008061266055246638,0.0001098366222235292
2012-02-06,0.0020945790305110196,0.00010759091760745483
2012-02-07,0.005297387779330013,0.0007043082685019177
2012-02-08,0.00717878172700577,0.0008847708157957878
2012-02-09,-0.006938656860922085,0.0007426052737671422
2012-02-10,0.009161585689912327,0.0008836636884372542
2012-02-13,0.0025344540732787834,0.000508239313948048
2012-02-14,-0.006985264154766968,0.0006205727871295273
2012-02-15,0.013607804915260464,0.0014629317790340836
2012-02-16,-0.00314812159889506,0.0007162203379877985
2012-02-17,0.002833755044907009,0.0010187423913168197
2012-02-21,-0.004569455677901466,0.0006590495830848237
2012-02-22,0.006611073976378961,0.0008243311291007434
2012-02-23,0.003445578976563118,0.0012167157877552206
2012-02-24,0.0014061403769897538,0.0005815549466088884
2012-02-27,0.01009717316411164,0.0005926339454384372
2012-02-28,-0.004492300948055578,0.00036368983937736237
2012-02-29,0.007886842087591286,0.0007610885746076593
2012-03-01,-0.0007704754214263477,0.0005482398458261799
2012-03-02,-0.010382056529048615,0.0004819679612358946
2012-03-05,-0.009861549747598104,0.0010151219752354604
2012-03-06,0.0076784832326948224,0.0013537983175814002
2012-03-07,0.010713556398635015,0.0008756728044999447
2012-03-08,0.004161214296112046,-0.00022837029364994484
2012-03-09,0.00046129008275496076,-0.000509241046109267
2012-03-12,0.018430191913235694,-7.722393192227922e-05
2012-03-13,0.003465163542613707,0.0001057698625890666
2012-03-14,0.0028534974682297744,-0.00032940716076223446
2012-03-15,-0.002402403557866512,0.00014992969004144774
2012-03-16,0.007040700195449179,0.0005919789644580803
2012-03-19,0.0017897096499717093,0.0007606658920298457
2012-03-20,0.00014899798880296252,-0.00011194830434763526
2012-03-21,-0.0020879947928921796,0.0001031817765002244
2012-03-22,-0.0006123104455827807,0.0007923105607860046
2012-03-23,0.01734228833275125,0.000985235892834003
2012-03-26,0.0014671364134008253,-9.558983800791044e-05
2012-03-27,-0.003995657106670314,6.840512271305489e-06
2012-03-28,-0.0038048092619895244,0.0007382359738332254
2012-03-29,-0.0019226508917600967,0.0015598938109425433
2012-03-30,0.010309369658861287,0.0015125116668011753
2012-04-02,-0.00029308323773678715,0.0006823953704970972
2012-04-03,-0.01372411417665023,0.0005280412542554856
2012-04-04,0.006221320614252424,0.001074803935025102
2012-04-05,-0.007559511283060166,0.0009356559156665168
2012-04-09,-0.016199544295303434,0.0005896804532982413
2012-04-10,0.0048272834726833655,0.0015449690151834918
2012-04-11,0.011297864363857315,0.0013083582090419829
2012-04-12,-0.015218255392280165,0.0004006426227454546
2012-04-13,-0.011242901774922402,0.00012856549646194054
2012-04-16,0.020117142159599477,0.000998451079416097
2012-04-17,-0.0025489180904203898,0.00038349691069813495
2012-04-18,-0.01132343947686985,-0.000505085050915346
2012-04-19,-0.0027368118040453767,5.946654119325025e-05
2012-04-20,-0.00917718279333585,0.000646033406662625
2012-04-23,-0.005392509793418144,0.001098816340148873
2012-04-24,0.02622501260183543,7.054596465832163e-05
2012-04-25,0.005851918567938585,-0.0012667821888701688
2012-04-26,0.005966604813221696,-0.0018341995108115809
2012-04-27,-0.00716420974678035,-0.0018034642201278021
2012-04-30,0.0016463372722527868,-0.0011423408641390042
2012-05-01,0.0028373049721951648,0.0001376880452749605
2012-05-02,-0.010643980259866136,-0.00048230867375733744
2012-05-03,-0.025182559271361468,-7.076481953630445e-05
2012-05-04,0.0009269273025795029,0.00159351312799324
2012-05-07,-0.003712875552426436,0.0011344945532956543
2012-05-08,-0.003089081243473013,0.00039396343009428863
2012-05-09,-0.002038736689848317,0.0004866617934273428
2012-05-10,-0.00015579964197583,0.0002898233573646452
2012-05-11,-0.00939268019905426,0.0007741089632719483
2012-05-14,-0.003308392147231045,0.0005948776615236747
2012-05-15,-0.006808671699164828,0.0010666007587406537
2012-05-16,-0.02135769660978142,0.0010730064052184053
2012-05-17,-0.013069945894460878,0.0017064658043808951
2012-05-18,0.02757229481170264,0.0017379382573498624
2012-05-21,-0.0011204482964897178,-0.00038070194928215646
2012-05-22,0.0019200005898244268,-0.0017907987005149556
2012-05-23,-0.0065752782803356,-0.0015317920097842738
2012-05-24,-0.001288037531158745,-0.00027461775015801893
2012-05-25,0.01264725094386025,0.00011491164028000283
2012-05-29,-0.008467180548662342,-0.001255815737066845
2012-05-30,-0.004341191800524974,-0.0008748593070344495
2012-05-31,-0.026963558557332522,-0.0002728160182702006
2012-06-01,0.007602342042931432,0.0010383931053114873
2012-06-04,0.004098702352431932,0.0007229908894255899
2012-06-05,0.022647360695011002,-0.0005012624226434155
2012-06-06,-0.004006736668915201,-0.001571793895676253
2012-06-07,0.009589333510609007,-0.0018031721758326679
2012-06-08,-0.017084835055183257,-0.0008184932834894965
2012-06-11,0.012141828897269183,1.9986803275346245e-05
2012-06-12,-0.006897132161453171,0.0003510479629568426
2012-06-13,0.003695080113973152,-0.0003391843655830945
2012-06-14,0.010051939444261804,8.32625781062268e-05
2012-06-15,0.009322971848818869,-0.0015047799622148732
2012-06-18,0.010311547409532797,-0.0015201107529379167
2012-06-19,0.0007935952614058681,-0.0018732023122934541
2012-06-20,-0.025202152867718368,-0.0006223286690191899
2012-06-21,0.01047296148127098,0.0006821294438179799
2012-06-22,-0.019445942691545613,0.0007408190124814593
2012-06-25,0.0062575414776732926,0.0004944018498074287
2012-06-26,0.006059658153118817,0.00037769722142607504
2012-06-27,-0.011191163961260993,-0.0006307509485116838
2012-06-28,0.03102496381312525,0.0005013762502917165
2012-06-29,0.0029569704838765614,-0.0011911161552008364
2012-07-02,0.008356594590941492,-0.001459319521026221
2012-07-03,0.0006162378873184659,-0.0014570397206275778
2012-07-05,-0.012553438779043241,-0.0007015809453594254
2012-07-06,-0.0018732443816804475,0.00037251811376632206
2012-07-09,-0.009892520024246296,0.00028472327328971103
2012-07-10,-0.005538427006296968,0.00037984687183844257
2012-07-11,-0.009406207255475854,0.00037968639931715905
2012-07-12,0.015102425189122083,0.0006811362588017685
2012-07-13,-0.0028440531099629147,-0.0007010074375158312
2012-07-16,0.0052079341256300584,-0.000698454040829125
2012-07-17,0.013446106271650339,-0.00020839560121966563
2012-07-18,0.010966207664431404,-0.00042470941488657
2012-07-19,-0.013376315730950442,-0.0003580302027533605
2012-07-20,-0.012138447328523472,-0.0003152909646362256
2012-07-23,-0.007910182045901772,0.0012016658228135957
2012-07-24,-0.0066932520794525975,0.001506970885911391
2012-07-25,0.013184211305730345,0.0007837166978872839
2012-07-26,0.02339470388953857,-0.0009308509817248868
2012-07-27,-0.0007710695115629186,-0.0021365094201193785
2012-07-30,-0.0003085943551722967,-0.001928817073059562
2012-07-31,-0.002936405788154917,-0.0008959108069901766
2012-08-01,-0.0035661716994120135,0.0002213712582687595
2012-08-02,0.01877267007938125,0.000934844961591424
2012-08-03,0.007593050907597196,-0.000563400547515783
2012-08-06,0.008286299767077154,-0.001581613250223532
2012-08-07,-0.00045021385918414503,-0.0015533482433460694
2012-08-08,0.0029976041630766894,-0.0012457502032166166
2012-08-09,0.0005984440633420732,-0.0004322945843033553
2012-08-10,0.0023902013172118044,-8.241888663427447e-05
2012-08-13,0.0004475274185231616,-2.6154878024536236e-05
2012-08-14,0.0025322125692720525,2.9991220120427248e-05
2012-08-15,0.01183095728208983,0.0002707954731649716
2012-08-16,0.0044007699012649955,-0.00011025990772118514
2012-08-17,0.0014626300691443364,-7.044011320226219e-06
2012-08-20,-0.003954021406916908,0.0005015542217373486
2012-08-21,0.00410016682186477,0.0013521194833315646
2012-08-22,-0.008217214248739408,0.0014419147930049125
2012-08-23,0.006169232257330968,0.0009718586632976451
2012-08-24,0.0016094816555068468,0.0011765230482901007
2012-08-27,0.0,0.0005550381699708109
2012-08-28,0.0,0.0008083153464757592
2012-08-29,-0.010138945130950962,0.0007076214684771485
2012-08-30,0.006624003023506396,0.0012450448881018736
2012-08-31,-0.001027523026184952,0.001472937155519625
2012-09-04,-0.0010285799158259719,0.0009206537367328745
2012-09-05,0.02195653453187708,0.0007683000804118006
2012-09-06,-0.001439263345744317,8.625524653384676e-05
2012-09-07,-0.012901534318719226,-0.00025063719991065363
2012-09-10,-0.0016061914820564337,0.0003033689868304092
2012-09-11,0.002947573306257638,0.001005396066990712
2012-09-12,0.01343079121541804,0.0010848692097922157
2012-09-13,0.008873680668986882,-0.00029941919094083984
2012-09-14,0.0004273808740881764,-0.0010688011429396205
2012-09-17,0.0008542141749489659,-0.00040536350111228323
2012-09-18,0.0018482979598905538,4.6756684040050634e-05
2012-09-19,-0.000994812844069922,0.00045278126543537103
2012-09-20,-0.0025626437714568904,0.0009933652433536154
2012-09-21,-0.005933462737812236,0.0006561660677704501
2012-09-24,-0.014080163296009125,0.0008818902402284245
2012-09-25,-0.008177615665232124,0.0013407313769866615
2012-09-26,0.013688869644061961,0.0013167043783992478
2012-09-27,-0.008278313197205477,0.00041759592695845
2012-09-28,-0.0014594281633014624,0.00022186046574924174
2012-10-01,0.0029167294996134733,0.0006447584657959462
2012-10-02,0.006387015470717962,0.0005769711665854681
2012-10-03,0.0034667086575374513,0.0004370237144368743
2012-10-04,-0.0053495392521456025,-0.00035588954935640777
2012-10-05,-0.009175044338736445,0.00015583752929064075
2012-10-08,-0.016087751070705668,0.000787409086397573
2012-10-09,-0.005055935980629534,0.0016142518621775808
2012-10-10,-0.0031430093971992513,0.0008883879324790616
2012-10-11,-0.00044980883883059716,0.0004256186754970551
2012-10-12,0.0073216613961798,-0.00014820266642023318
2012-10-15,0.014044136515714456,-0.0006674940185027051
2012-10-16,-0.0005873715293688793,-0.0008684805043051501
2012-10-17,-0.011671847064891976,-0.0006534579140182911
2012-10-18,-0.02421717205605387,0.0008253402235383168
2012-10-19,0.00516326128087408,0.002285476254725188
2012-10-22,-0.009588384851862329,0.0014845058389311811
2012-10-23,-0.003462172369261696,0.0004943942657102339
2012-10-24,-6.138547007855717e-05,1.0571835511310871e-05
2012-10-25,0.002911656336386594,-7.228842401158723e-05
2012-10-26,-0.006139696953622303,1.0314744311388656e-05
2012-10-31,0.014109384678911142,-0.0003145797604599199
2012-11-01,-0.010727887451230612,0.00024859361989804774
2012-11-02,0.006576455605754281,0.00021078455604034576
2012-11-05,0.0018275972190240858,0.0006782599396494189
2012-11-06,-0.023867481406643316,0.00015609901638636664
2012-11-07,-0.01586462237498266,0.0005387111767832398
2012-11-08,0.004265746258364571,0.0014018865614197898
2012-11-09,-0.00015766653560452302,0.0010714761923854644
2012-11-12,-0.006962053437322778,0.000421728494373769
2012-11-13,-0.011819335802742307,-3.756567520941603e-05
2012-11-14,-0.0033813530095758034,-6.61374021924868e-05
2012-11-15,0.004344898932846995,0.0012832189287365044
2012-11-16,0.023487643081978753,2.3365118437503258e-05
2012-11-19,0.00030412147535793777,-0.0010543588331028662
2012-11-20,0.002035544427891204,-0.0010233287418197428
2012-11-21,0.015058888931409012,0.0002849139845812828
2012-11-23,0.004320391711169277,-0.00015394604204559522
2012-11-26,-0.003396319567791294,-0.00042375426340298886
2012-11-27,0.008583743691391435,-0.000293618247746005
2012-11-28,0.0059347355198145265,-0.0003615192831560319
2012-11-29,-0.0016703367333569885,-0.0006029176700632771
2012-11-30,-0.0019776381283901977,-0.000312195679399217
2012-12-03,-0.0006092917172500278,0.0002898819121654378
2012-12-04,-0.011135979365540968,0.0006910009682453404
2012-12-05,0.006401338982173903,0.001020390532679827
2012-12-06,-0.005988501581868806,0.0010052360100830057
2012-12-07,0.002921955173889432,0.0015817080548512848
2012-12-10,0.012968371540494595,0.0014625569896782736
2012-12-11,-0.0021244317549941683,0.0004372438043144981
2012-12-12,-0.00791365495709542,0.0006150181891287701
2012-12-13,-0.009555376466795823,0.000995991162482036
2012-12-14,0.013206580153814712,0.0017226887207751067
2012-12-17,0.015098260117441418,0.0007060848836712222
2012-12-18,-0.004317527453083889,-0.0011616624853778134
2012-12-19,-7.546002316450284e-06,-0.0004234956361301489
2012-12-20,-0.016126927939142572,0.00013495938337380577
2012-12-21,-0.0019958554257147225,0.0007424381988182793
2012-12-24,-0.008798389705165752,0.002317157159973137
2012-12-26,-0.001551590691418833,0.0017310254753097045
2012-12-27,-0.009673971528396394,0.0005971813110259754
2012-12-28,0.020947146365976763,0.0011991136480702103
2012-12-31,0.031286439581215485,-0.0006734485684836357
2013-01-02,-0.0051905308619835345,-0.0030754593480645815
2013-01-03,-0.0033277900926745796,-0.001664345993843814
2013-01-04,0.0003061215326381244,-4.0310132462445145e-05
2013-01-07,-0.001958393782357067,0.0011013149085315746
2013-01-08,0.003751223545050593,0.0007324842446564104
2013-01-09,0.005972841408995771,1.5498573512790664e-05
2013-01-10,0.001338987033350384,-0.0004379975049177629
2013-01-11,-0.004470280130903856,0.00010497397763573963
2013-01-14,-0.004940499606774036,-0.00014026948156210768
2013-01-15,0.004044040559737166,0.0006473541922151133
2013-01-16,0.004771855162776733,0.0009458929881664413
2013-01-17,-0.0022339721853138626,0.0005889855813830578
2013-01-18,0.0016387340725009787,0.0006565303132530531
2013-01-22,0.006084458928115925,0.0009088638843206308
2013-01-23,-0.013854970232669234,0.0008120852439777873
2013-01-24,0.005087546511372423,0.0008074443591173487
2013-01-25,0.0022363035782805166,0.0009192774060343847
2013-01-28,0.0001489092400933599,0.0007536459178877073
2013-01-29,-0.002086749900175699,0.0004002275540925712
2013-01-30,-0.002240646243277024,0.0002769476671529093
2013-01-31,0.011744727286675031,0.0010754471591189541
2013-02-01,-0.017594012805369503,-0.000570631188142043
2013-02-04,0.014633679086311276,5.171850185329115e-05
2013-02-05,-0.0032665210930893454,0.0005001786106130783
2013-02-06,0.0008919281102671979,-3.7971192681880196e-05
2013-02-07,0.010200398887686112,-4.89332006557021e-05
2013-02-08,0.0002941176491790974,-0.0003315580719850851
2013-02-11,-0.00412553996073502,0.0013748594597885913
2013-02-12,0.003537218131734592,0.001119237205993846
2013-02-13,-0.0002942907613940842,0.0011872687799563267
2013-02-14,-0.002947680837342489,0.0010920015598880365
2013-02-15,0.007206443423613388,0.0011681774579661154
2013-02-19,-0.01550647625136502,0.0008297574449059966
2013-02-20,-0.010773708878568142,0.0008570252655936347
2013-02-21,0.010014379136658738,0.0011399505803910141
2013-02-22,-0.012424381809372819,0.0013915125394851804
2013-02-25,0.003763081132176867,0.0007585261518193343
2013-02-26,0.010149639816930518,0.00035171752080916395
2013-02-27,-0.00206939235224761,5.0123085630186706e-05
2013-02-28,0.004164194000770713,0.0004949131728119408
2013-03-01,0.004442477319561215,8.04122545326065e-05
2013-03-04,0.014667320731306882,0.0007477155847169454
2013-03-05,-0.00247831601446709,-0.0003851697300789664
2013-03-06,0.002623908210982479,-0.00022883404345875035
2013-03-07,0.0011639751059545863,0.0004490938149992371
2013-03-08,0.0029040241114550816,0.0005316352388275779
2013-03-11,-0.0036313497671999827,0.0006421896844083313
2013-03-12,-0.0013105207554567242,0.0004348226071107202
2013-03-13,0.003345700989834362,0.0006466879730664845
2013-03-14,-0.005095737895569876,0.0007004550445973024
2013-03-15,-0.002191861767417646,0.0008942214682264192
2013-03-18,-0.0019035074200578473,0.0007862006079323834
2013-03-19,0.006995844187460999,0.0013635491631632576
2013-03-20,-0.011402431811582613,0.0013491032702715147
2013-03-21,0.009668988308019396,0.0011954270723820795
2013-03-22,-0.0036515048240841866,0.001226335498204157
2013-03-25,0.0053995023558386585,0.0013625228907957606
2013-03-26,0.0013235306744041274,0.0015421716291249502
2013-03-27,0.0024533477258112534,0.000953373616535135
2013-03-28,-0.006837882175020288,0.0011785086986797013
2013-04-01,0.007852301506992886,0.0007204772052914847
2013-04-02,-0.009167034002266003,0.0005855215634256463
2013-04-03,0.0002923121914997924,0.0001289147234736396
2013-04-04,-0.008349829495266536,0.0006772602451887051
2013-04-05,0.0052762815213598345,-0.0004494622034869715
2013-04-08,0.006720259038775167,0.0016170054660544608
2013-04-09,0.01925146877846546,0.00015586673702206827
2013-04-10,-0.0003571301062922269,-0.0014912539926172762
2013-04-11,-0.0007146430662184827,-0.0006373072864249299
2013-04-12,-0.01992845734570535,0.0005308314727641649
2013-04-15,0.013185730415265055,0.0007193715957285779
2013-04-16,-0.019697551486765406,0.0012757921758585482
2013-04-17,-0.013985621648702647,-0.00012589499637069953
2013-04-18,0.013618527925554047,0.0009490096102758071
2013-04-19,0.010228026043047508,0.00014229065081782394
2013-04-22,0.00954868366242995,-0.0003408111689114169
2013-04-23,-0.00043205876671256743,-0.0018605522264094568
2013-04-24,0.005315722595420218,-0.0005849548519046709
2013-04-25,-0.0031572930935104397,0.0006253231994032002
2013-04-26,0.009157311093607491,0.0008169035687449278
2013-04-29,0.007237667300230603,6.106936901651951e-05
2013-04-30,-0.004677210709347743,-0.00011542870624091118
2013-05-01,0.012564575542513598,0.00021932704872405995
2013-05-02,0.011715615172562763,-0.000385521628231164
2013-05-03,0.003874901056554157,-0.0007653466343872425
2013-05-06,-0.0005526388645764178,-0.00019318118796808186
2013-05-07,0.004825266134870917,0.0001641297579458699
2013-05-08,-0.0014244771584959097,0.0008180547067480094
2013-05-09,0.006089688693238961,0.0008362653588705271
2013-05-10,0.0012312745245266984,0.0009166118641647123
2013-05-13,0.005182065326196412,0.0008338482566307981
2013-05-14,0.002038182647290788,0.0008532855545405329
2013-05-15,-0.0010865137562145674,0.00115664867332539
2013-05-16,0.009601804785205816,0.001614651799063501
2013-05-17,-0.0014815815222789662,0.0011499783898965884
2013-05-20,0.001077731479770605,0.0015388140754325676
2013-05-21,-0.008803957088000396,0.0016478738194579306
2013-05-22,-0.002298241973318361,0.00019507331870530692
2013-05-23,-0.0005447364971964491,0.0011113876901677191
2013-05-24,0.006517334677866347,0.0016962754012374843
2013-05-28,-0.004748024927430208,0.001218134769386858
2013-05-29,0.005289223695882835,0.0008827651352124081
2013-05-30,-0.00924045167183204,0.0009647716299515958
2013-05-31,0.0017731710299592565,0.0008138032686840324
2013-06-03,-0.005191977778744813,0.000782245202248303
2013-06-04,-0.013099118702860065,0.0010633961124440396
2013-06-05,0.004845976946139665,0.0010214899280103697
2013-06-06,0.013581387165300631,0.00011943361043644662
2013-06-07,0.00040869151171681143,0.00021773787663699663
2013-06-10,-0.009992554572144248,7.744713743042031e-05
2013-06-11,-0.011623210971510164,0.0003022841149258239
2013-06-12,0.012585741124887617,0.0012279730590726214
2013-06-13,-0.006618887925893866,0.0010706682882423262
2013-06-14,0.00963796528427388,0.00040592257408094535
2013-06-17,0.008187818668326578,1.0380525896837463e-05
2013-06-18,-0.011206896026706758,-1.1280408005724977e-05
2013-06-19,-0.024134425909669886,6.690002625487772e-05
2013-06-20,-0.008412618982932638,0.0005162519964076757
2013-06-21,-0.00998866752439965,0.0017437479665909968
2013-06-24,0.0072873080939416905,0.0017502630777496055
2013-06-25,0.008929263495303631,0.000855809704894398
2013-06-26,0.004224168489015099,-0.0001524767101061633
2013-06-27,0.001404100202599561,6.0687516317855193e-05
2013-06-28,0.006154726380704121,-5.111920808570971e-05
2013-07-01,0.00041826420965301045,0.0003460074076428985
2013-07-02,0.004048109805027844,0.0005139170793656885
2013-07-03,0.007592819875759934,0.0004491797682662848
2013-07-05,0.0009639882313677377,-0.00035378071776061374
2013-07-08,0.0060381684760083985,6.978557209504679e-05
2013-07-09,0.0057298928936959995,-0.00023116163408786703
2013-07-10,0.019666582128974458,-0.00011081898832781845
2013-07-11,0.004392101290877142,-0.0015004890910092694
2013-07-12,0.0022550914909291887,-0.0008528559129190993
2013-07-15,-0.0013259084413984516,0.00030625704208866485
2013-07-16,0.0025177247779303324,0.0006455388542639462
2013-07-17,-0.0025177247779302452,0.001340591150077895
2013-07-18,-0.01040286788830663,0.0009280902374654062
2013-07-19,0.0029451159172416016,0.0014367781286991174
2013-07-22,-0.0073791171353795,0.0021064775666331703
2013-07-23,0.003226676636579671,0.0018283310336708013
2013-07-24,0.006288908129456783,0.0014973297547715705
2013-07-25,0.005321284340407987,0.0012980436468318776
2013-07-26,-0.0018592302832483223,0.0013349445187300696
2013-07-29,0.005302942295807823,0.0013075581475015911
2013-07-30,0.0018494060753439304,0.0012818114643165252
2013-07-31,0.010111044054274262,0.0011422716483155885
2013-08-01,0.0056022555486697516,0.0010968955689463523
2013-08-02,0.0006493928405366365,0.0005967682134945754
2013-08-05,-0.005990381242063967,0.001089642415332829
2013-08-06,-0.001830305125944987,0.0008819597847420824
2013-08-07,0.004960198134872566,0.001360852645146007
2013-08-08,-0.004044626819851811,0.0012189429756027902
2013-08-09,0.002350484237028456,0.0012653724083161967
2013-08-12,0.005592782998480751,0.001181072105798096
2013-08-13,-0.0037684405586931114,0.0008960846511093614
2013-08-14,-0.017069742195256393,0.0006454118588113148
2013-08-15,-0.00033113679563486333,0.0005946461773697937
2013-08-16,-0.0017900359471949968,0.001900411627782951
2013-08-19,0.004369999671118609,0.0010367590442819346
2013-08-20,-0.0034414329134118487,0.001068387647183843
2013-08-21,0.009763898652898837,-2.309279859127227e-06
2013-08-22,0.006674107087693218,0.0009868863284800214
2013-08-23,0.0005215804004018522,0.00024030937486977988
2013-08-26,-0.02067903782538207,-3.0021384459917816e-05
2013-08-27,0.0038520337197166664,0.00010400637150828721
2013-08-28,0.007001812078545541,0.0015053312061296647
2013-08-29,-0.006471659647308048,5.455389632177081e-05
2013-08-30,0.00568145810480733,-2.4920523901956267e-05
2013-09-03,0.01061539356962064,-0.0002039438023919516
2013-09-04,0.0016932599291511496,-0.00016602248708418211
2013-09-05,0.001170579570487431,0.00020746793737264367
2013-09-06,0.011631043500453303,-8.737675689647319e-05
2013-09-09,0.004870555642223146,0.00023403861183307005
2013-09-10,-0.0019197548610510916,4.3625015185605584e-05
2013-09-11,-0.0006407381522471583,0.00013182455637059104
2013-09-12,0.0006407381522470486,0.0012763056448860319
2013-09-13,-0.0026938634724617285,0.0017500459094849999
2013-09-16,0.006657302784766014,0.0009190562216882269
2013-09-17,0.011923023030455017,0.0005616558690983747
2013-09-18,0.0023927975650579834,-0.00010776626584566978
2013-09-19,-0.006499060639225676,0.0002860076701128814
2013-09-20,-0.0019643259492436262,0.0008475436606299389
2013-09-23,0.0,0.001309106492124905
2013-09-24,-0.0034309710256063917,0.0019849211638424524
2013-09-25,0.007734775137131894,0.0017417092283931396
2013-09-26,-0.0012639031005068383,0.0013487242248979327
2013-09-27,-0.0024058257884556305,0.001055737969570075
2013-09-30,0.01009090298196294,0.0008691829219982855
2013-10-01,-0.00037657692028532277,0.00010884956531439881
2013-10-02,-0.011744783612059648,0.0010078953339891887
2013-10-03,0.008601115509092191,3.925613531892625e-05
2013-10-04,-0.008347082737498662,0.0013206682074724798
2013-10-07,-0.019492794679501116,0.0014978682952301726
2013-10-08,-0.0031128429804902036,0.0005418564408627413
2013-10-09,0.020953269950065013,0.00015690001712186222
2013-10-10,0.007603635670523169,-0.0004035119626088985
2013-10-11,0.006794188188765705,-0.0008568896288788674
2013-10-14,-0.0035171497128659735,-0.0010767561931252453
2013-10-15,0.011385797068967066,-0.0001948546780780104
2013-10-16,0.0059538751915697765,-0.000267410039967813
2013-10-17,0.015705844315787823,-0.00045220166620620934
2013-10-18,0.002188982997381569,-0.0010197499172359637
2013-10-21,0.0016992357529598428,-0.0006101377816974916
2013-10-22,-0.006204022088915184,-0.00043565734544348365
2013-10-23,0.00486915143381055,0.00012454277593081613
2013-10-24,0.0066566055176000664,0.0010727517551872767
2013-10-25,-0.0006033182686775115,0.00013496815400968783
2013-10-28,0.0027722551353396773,0.0006492935121098775
2013-10-29,-0.0019277114403326479,0.0005081766679219876
2013-10-30,-0.0021731265343134607,0.0012095111292391744
2013-10-31,0.0004833252873210188,0.0014956784917056617
2013-11-01,0.0015691958075408404,0.0017030716195452233
2013-11-04,0.0014463061458118833,0.002231311553610347
2013-11-05,-0.00024090580699494835,0.001700959223929278
2013-11-06,-0.018971747418890086,0.0016642627675172489
2013-11-07,0.01353596668519841,0.00073392002247383
2013-11-08,-0.0012119744544987086,0.0013116607023850556
2013-11-11,0.000848536325839086,0.0009719656019585167
2013-11-12,0.011924260529735572,0.0010334038198086372
2013-11-13,0.002988824031389582,-7.52231131344369e-05
2013-11-14,0.002265546786714104,0.00022850484092187855
2013-11-15,-0.009814561127940737,0.0006898102705928189
2013-11-18,-0.0028908716832419822,0.0007361894412048426
2013-11-19,-0.002415460111603662,0.0014786070928725253
2013-11-20,0.010105957039383618,0.0008370473718802823
2013-11-21,0.005372185068506296,0.00023551526495084197
2013-11-22,0.0023784052120369415,6.439597625631626e-05
2013-11-25,0.005212664332441937,0.0005395407617954412
2013-11-26,0.0069473343897513825,0.00040146834656081155
2013-11-27,0.005966674618898623,0.0008550603428598555
2013-11-29,-0.002920392239717704,0.0009280357193822367
2013-12-02,-0.0008192404928911156,0.0007955489169349213
2013-12-03,0.0009362200800863609,0.0006376917820289543
2013-12-04,-0.0012875287083263425,0.0007178368782265951
2013-12-05,0.007235414923691764,0.0005418131746978546
2013-12-06,0.004061508339179794,0.0004025745413194529
2013-12-09,-0.000695088072471377,0.0012623948852356062
2013-12-10,-0.012947052025148686,0.001210049914389446
2013-12-11,-0.002586107001438886,0.0009563384926670206
2013-12-12,-0.0012955658133934084,0.0016246132617954094
2013-12-13,0.005523901922914472,0.001316557732586633
2013-12-16,-0.0019944864944523907,0.0013214712043505873
2013-12-17,0.01155947251726708,0.0011118536055795187
2013-12-18,-0.002790050635754764,-0.0006995981783337792
2013-12-19,0.006960584947623973,0.00010048485563937405
2013-12-20,0.010465278654562897,0.0004483513433721315
2013-12-23,0.00045750887221467963,0.00045958986789989496
2013-12-24,0.0033106942734567007,0.0012262928194798598
2013-12-26,-0.002510557064396865,0.0010694841325361716
2013-12-27,-0.0014864790342181524,0.0014561619349451609
2013-12-30,0.0065013060471074335,0.0015503610396341693
2013-12-31,-0.007875404511340412,0.0010647734235814301
2014-01-02,-0.007245158482484734,0.0009463112946908681
2014-01-03,-0.003700281742856028,0.0011668988839902833
2014-01-06,0.009225157674825908,0.0013221521969419398
2014-01-07,0.002178525198011334,0.001060021056843344
2014-01-08,-0.0033270265301823545,0.0006279668853263697
2014-01-09,0.0032124855530223854,0.0011023195793985407
2014-01-10,-0.014886894282168309,0.0009441326303495162
2014-01-13,0.01888804280385527,0.0009319805732084189
2014-01-14,0.008180934162669606,0.00028519072010797737
2014-01-15,0.00011315417268079125,-0.0005507037164327452
2014-01-16,-0.005673452186184398,-9.537587001317134e-05
2014-01-17,0.007595116712433207,2.9447073158468966e-05
2014-01-21,0.002594035177046749,0.0007464174463991738
2014-01-22,-0.0033848616318645176,0.00012689132763881974
2014-01-23,-0.01986139936680458,9.548275977576832e-05
2014-01-24,-0.009731309417010399,-3.9679354930634346e-05
2014-01-27,-0.0005822416467252626,0.0009496113387023367
2014-01-28,-0.010774199551566431,0.0007127056661037439
2014-01-29,0.01831702614591568,0.0004667629696166902
2014-01-30,-0.0026625008493463085,-0.0008634969275168871
2014-01-31,-0.023218679079096458,-0.0002531340128421761
2014-02-03,0.0073286380018811464,0.00038765127161598934
2014-02-04,-0.002594341077764383,0.0010461564499292843
2014-02-05,0.012671764068822491,0.0007895224720069344
2014-02-06,0.017681167843226445,-0.00018299155048268615
2014-02-07,0.005711037795514434,-0.0016056932909354429
2014-02-10,0.011325149357053503,-0.0009999463269272004
2014-02-11,0.0019125842585517258,-0.0013961528829604143
2014-02-12,0.0073908511125942815,-0.0006853584829075643
2014-02-13,0.002006242313588043,-0.0004865801357876749
2014-02-14,0.00488726953013195,-0.00014232576242004686
2014-02-18,-0.006893511843720016,2.853986783909237e-05
2014-02-19,0.0046749862526947635,0.00015901587455689666
2014-02-20,-0.0013334816955409233,0.00042614803353005574
2014-02-21,0.005323290822850956,0.0009018231206693169
2014-02-24,-0.0011066844865676,0.0011174357521219203
2014-02-25,-0.0008862302562980041,0.0012796183543152852
2014-02-26,0.0023246814033598124,0.0012107183489055884
2014-02-27,-0.001106317183310943,0.0015796675934352496
2014-02-28,-0.007444065262501993,0.0009650017177973221
2014-03-03,0.012633146737780803,0.0014798624490405025
2014-03-04,0.0027492182048991245,0.0014207653124055086
2014-03-05,-0.0008789277647779862,0.001215258866554493
2014-03-06,-0.004958414654509065,0.001379526819972332
2014-03-07,0.0008832947466201707,0.001159332892374773
2014-03-10,-0.004313450253719354,0.002235556796256361
2014-03-11,0.003761482474623068,0.0013498911183952096
2014-03-12,-0.014235115821871985,0.001122158787224113
2014-03-13,-0.006855885241085201,0.0002886387914075908
2014-03-14,0.008758196562812627,0.0011983002741488254
2014-03-17,0.012001477532620911,0.0008477537543498579
2014-03-18,-0.005427271448817476,1.5346944834909325e-05
2014-03-19,0.002772696280856274,-0.0004766461769655905
2014-03-20,-0.01439034258724804,0.000582414715240903
2014-03-21,-0.008802675055346158,3.02804920599016e-05
2014-03-24,0.0032818453039919846,0.00031804545560688277
2014-03-25,-0.0129635656707824,0.000602404030766184
2014-03-26,-0.005635628319533362,0.0008617506760978384
2014-03-27,0.0019663202237280427,8.619789562036697e-05
2014-03-28,0.007097099386296113,0.00038842461206462425
2014-03-31,0.017413375325197693,3.157848226609993e-05
2014-04-01,0.0025748684810968808,-0.0009875326351985922
2014-04-02,-0.007969958559542545,-0.0006549485278281642
2014-04-03,-0.026957657555052198,0.0005624928301972299
2014-04-04,-0.009539392953991825,0.00025650772465978655
2014-04-07,0.00919198978912895,0.0015226909738172544
2014-04-08,0.016996275006239816,0.0005720000542053297
2014-04-09,-0.03146222955424288,-0.0011394181380833272
2014-04-10,-0.011701569604982408,-0.0005096320723897551
2014-04-11,0.007816240645968192,0.0009192801022300115
2014-04-14,0.00329878799981899,0.0009724633295794924
2014-04-15,0.013197637567558996,-0.0004169330017790804
2014-04-16,0.00023204548195534546,-0.001096763788790079
2014-04-17,0.007397167340443769,-0.0004510981115539556
2014-04-21,0.007914246734255403,-1.535415708289815e-05
2014-04-22,-0.008835905785673,-0.0007410654801379458
2014-04-23,0.009521150216323947,8.241708509154584e-05
2014-04-24,-0.01611267451568979,-5.886079087927921e-05
2014-04-25,0.00324337131303109,0.00038402010495905116
2014-04-28,0.007947977104080284,1.4177125951630076e-05
2014-04-29,0.0026353495630337385,-0.000395797015279799
2014-04-30,0.0029707517277905954,-0.0002571310796090788
2014-05-01,-0.0018271102490704193,-0.00016809018127569468
2014-05-02,0.005243970065393985,0.0005945671077528857
2014-05-05,-0.01304664877985056,0.0009881906817151044
2014-05-06,-0.002884007305545179,0.0012908320369556857
2014-05-07,-0.0009246417672185651,0.0007915393725624507
2014-05-08,0.003693448335351509,0.0012897183991091806
2014-05-09,0.016340419567708885,0.0011615213956725013
2014-05-12,0.0006798096794777014,-0.00014322579110699103
2014-05-13,-0.005223722984465155,0.0002833956033525429
2014-05-14,-0.007944487816420397,0.0010589688340569832
2014-05-15,0.006577277850684608,0.0006124300999380433
2014-05-16,0.006930664565494972,0.0001814658367062585
2014-05-19,-0.0036297680505786127,0.0005076499610561598
2014-05-20,0.0095001845480202,0.0004757493194310351
2014-05-21,0.004380306885833365,0.0003140590682685069
2014-05-22,0.00725814140506836,0.000539641478208357
2014-05-23,0.012395048150331912,0.0006132874123367738
2014-05-27,-0.0030926554880184517,0.0001273927428963204
2014-05-28,0.006372947621480918,0.0007177109112935136
2014-05-29,0.00010952302732606673,0.0007384825249825257
2014-05-30,-0.000986139344694417,0.0009690032285974252
2014-06-02,-0.0004385964982589346,0.001256469707179006
2014-06-03,0.003721952846192231,0.0015832474735798466
2014-06-04,0.00837826564599772,0.001672213594989494
2014-06-05,0.005726340535544367,0.0007447763157361178
2014-06-06,-0.00075443232548512,0.0009915591732579717
2014-06-09,0.0017235811656766092,0.001300023595453172
2014-06-10,-0.0002152852537916308,0.001967340981204208
2014-06-11,-0.009084089720342586,0.0019937255551858387
2014-06-12,0.0029288950807024637,0.001693224240882227
2014-06-13,0.0008661758878492588,0.0013452194602363468
2014-06-16,0.0005409791854954569,0.0016323638837391163
2014-06-17,0.005608902634632578,0.001712096950126145
2014-06-18,-0.0006455778145455032,0.0004928849155332983
2014-06-19,-0.0015079709880410346,0.0005492395075455785
2014-06-20,0.00021556369990798093,0.0014521549432409849
2014-06-23,-0.0009704027932785164,0.0018260315815465137
2014-06-24,0.006344448401060144,0.0012730696029227058
2014-06-25,0.000535819548799824,0.0009046851714705219
2014-06-26,0.004382924328850579,0.0013839940605601278
2014-06-27,0.0017052119660018756,0.0014134314120074327
2014-06-30,0.010908236306649825,0.0016045041952891031
2014-07-01,0.0016838564281725307,0.0006520331178403475
2014-07-02,0.006289328907564139,0.0014112080033445058
2014-07-03,-0.003034903695154047,0.0017401533884404252
2014-07-07,-0.012126473268169624,0.0014940896718753068
2014-07-08,0.007398828805827594,0.0009533322025236783
2014-07-09,-0.003164225823310589,0.0012136726165265289
2014-07-10,0.0064234412405861615,0.0004201337175573716
2014-07-11,0.005965168648451191,0.0012344605478862044
2014-07-14,-0.0034491803204929755,0.000977252524010007
2014-07-15,0.003970747118943521,0.0005012944792043205
2014-07-16,-0.013343399608585823,0.001387584671434852
2014-07-17,0.01573910931126426,0.0007921271392086282
2014-07-18,-0.0012492194004319278,0.0005312434560882013
2014-07-21,0.006334064061581975,0.0003634814050054685
2014-07-22,0.0063661951416491575,0.00046074205845550654
2014-07-23,-0.0011011233598791081,8.957283609410839e-05
2014-07-24,-0.003920359916351061,0.0008198031954130139
2014-07-25,0.0003100614980140174,0.0006534072641995862
2014-07-28,-0.0017582876743788033,0.0012061663669366098
2014-07-29,0.003926030458734094,0.0010022078738163112
2014-07-30,-0.020417375918431038,0.00045039298546593144
2014-07-31,-0.003690235617975338,4.655360571361307e-05
2014-08-01,0.006842492089741358,0.0004764970190945074
2014-08-04,-0.007687890005462177,0.0007297291501898629
2014-08-05,-0.0007403099063721743,-2.1520667864190354e-05
2014-08-06,-0.003178979046811965,0.000461103164669837
2014-08-07,0.007191232343987105,0.0008005558374702137
2014-08-08,0.00588360596186816,0.00017613206434202966
2014-08-11,-0.0004191114897895163,5.4912561388092485e-05
2014-08-12,0.010529156434332072,0.0002724544744641145
2014-08-13,0.00517171198222347,0.00026707959396082137
2014-08-14,0.004837142143972797,0.00017256256663024334
2014-08-15,0.007670710073980728,-0.0009065764220562858
2014-08-18,0.005588025716965856,-0.00022039737209181466
2014-08-19,0.0,0.0005970487719454175
2014-08-20,0.0020242921892306607,0.0007922859667782193
2014-08-21,0.0015155345158934508,0.0012343982884321517
2014-08-22,0.0035273405179684406,0.0013239935345051171
2014-08-25,0.0010055305020185744,0.0014002220875548432
2014-08-26,0.00020098482632214377,0.0015710344422815684
2014-08-27,-0.0011059167668154917,0.002090871180370002
2014-08-28,0.003715050208837627,0.002184549778773075
2014-08-29,0.002902178669473267,0.0023447286802502068
2014-09-02,-0.005913322167160715,0.0022150824967135307
2014-09-03,-0.0009051139552897185,0.001978220918353599
2014-09-04,0.005018075564144146,0.0021181907588832126
2014-09-05,0.001900285614597261,0.0015908363773033244
2014-09-08,-0.008327946591355929,0.0014721724605254957
2014-09-09,0.008228021535064758,0.000901458646756818
2014-09-10,-0.0007997601146066558,0.00110103586843102
2014-09-11,-0.005113562052553973,0.0010352739089535365
2014-09-12,-0.009697045682866874,0.0009110167026061624
2014-09-15,0.008691312921837424,0.0007669615699772061
2014-09-16,0.0015082200837976815,0.00035625156964968796
2014-09-17,0.00750716703212048,-0.00018789949824168153
2014-09-18,-0.002996107304668366,-1.580381561097204e-05
2014-09-19,-0.009345392840864428,-0.0005135669187375752
2014-09-22,-0.002729618032081101,0.0003193670164392931
2014-09-23,0.010673749508638768,0.000889521545466649
2014-09-24,-0.021258012779108895,0.0003660807009456274
2014-09-25,0.010584263270470136,-0.00050473100554989
2014-09-26,-0.0013169226438544128,-0.00022443579984082843
2014-09-29,0.0014181525877583426,0.00021514599041361503
2014-09-30,-0.016122798223405104,4.250504151931568e-05
2014-10-01,0.0,-0.00027597040009582106
2014-10-02,0.009827082871452422,0.000666446446474827
2014-10-03,-0.0021414376204630698,7.28594717770998e-05
2014-10-06,-0.014291098105140523,-1.1152738234911628e-05
2014-10-07,0.01928067110630813,0.00016493898325558356
2014-10-08,-0.016282168110051457,-0.0005755449995351871
2014-10-09,-0.025301924757770933,-0.0004984357361127259
2014-10-10,-0.015795419113711105,0.0005041379226183524
2014-10-13,0.00010756736416560721,0.0012390756686684948
2014-10-14,-0.006474609863247791,0.0011158283555881
2014-10-15,-0.006298891373519066,-0.0009474985359179816
2014-10-16,0.013096133922256198,-0.00048230840172747586
2014-10-17,0.014835642183597056,-0.0004215990939607918
2014-10-20,0.02593473810144054,-0.0008047427428288243
2014-10-21,-0.005174923575097514,-0.0025187834177385366
2014-10-22,0.014934105248015018,-0.0010607991448097537
2014-10-23,0.00814502568476914,-0.0007112922626931178
2014-10-24,0.0007095433879356953,-0.0009345142958396184
2014-10-27,0.014984943745555045,-0.00040008640041419753
2014-10-28,-0.0037001892309756882,-0.0010310112862481988
2014-10-29,0.002101787292262605,-0.00041394264357610873
2014-10-30,0.01370292516632533,-0.0001371832463178333
2014-10-31,0.0029542118974313827,-0.0007081517715422005
2014-11-03,-0.0033487670416306875,4.448153421011085e-05
2014-11-04,9.865338142464734e-05,0.0009438530059085659
2014-11-05,0.003151780408737674,0.0015676180271763642
2014-11-06,-0.0008854346586645787,0.0018874366356372825
2014-11-07,0.0035370443635332136,0.0019162101771535416
2014-11-10,0.0031335709150712037,0.0017830004341355763
2014-11-11,0.001758328088070209,0.0019017405187214927
2014-11-12,0.004285164328947885,0.0016403428350845548
2014-11-13,0.003104989880577184,0.0012031775116283696
2014-11-14,-0.003007812872580777,0.0015244653434426571
2014-11-17,0.007454412755964412,0.0014383429640817207
2014-11-18,-0.004543485026122798,0.0012370734117628616
2014-11-19,0.004447029757178772,0.0012729832980373623
2014-11-20,0.0019273399046994056,0.0012886413846848054
2014-11-21,0.007767960422224994,0.0005934825527426539
2014-11-24,0.0015273007932604667,0.0011507204450657256
2014-11-25,0.006465129953853539,0.0011043096466236274
2014-11-26,0.004632920875947321,0.0011779054519939838
2014-11-28,-0.011384242102920314,0.0011676536887433916
2014-12-01,0.0039992435706349,0.0004204337748603889
2014-12-02,0.001803940674340055,0.0011040174463603659
2014-12-03,-0.00047440581562457364,0.0005825369844715583
2014-12-04,9.489916970333442e-05,0.0005519967240377017
2014-12-05,-0.00714254738818377,0.0008926177711208591
2014-12-08,0.0031490078028228886,0.0008319366012013141
2014-12-09,-0.01584514833442478,0.00021276276201560466
2014-12-10,0.0047317938704341455,0.0005970232462227676
2014-12-11,-0.010946009420914877,0.0002856245800841323
2014-12-12,-0.010378005813083367,0.00030175443215854435
2014-12-15,-0.01617178951236565,0.000428531379624333
2014-12-16,0.018039938130998058,0.00037981902285508235
2014-12-17,0.023781756562488553,-0.0006058252050421935
2014-12-18,0.000671237499431962,-0.0020889486567430195
2014-12-19,0.0024892305816417576,-0.0019882956616590905
2014-12-22,-0.003544234755648517,-0.0008133296618647295
2014-12-23,0.0008632680023907443,0.00047854674582887023
2014-12-24,0.007069867987814047,0.0006736245693154035
2014-12-26,-0.0001904217848276195,0.00011178397232913757
2014-12-29,-0.006687710031370472,0.00014911349942130957
2014-12-30,-0.01030986633720066,0.00042593863113563963
2014-12-31,-0.0030069376165336704,0.0007176048536592778
2015-01-02,-0.014777388836704094,0.0008408588565031398
2015-01-05,-0.013498964285539735,0.0011844977129181816
2015-01-06,0.012808594910519045,0.0009851191843482533
2015-01-07,0.018958840112709277,0.0007161189855443145
2015-01-08,-0.006604530611774039,-0.0008214953258660585
2015-01-09,-0.01048155748742517,-0.0007383107287699945
2015-01-12,-0.00029546462026146844,0.0008011701250425583
2015-01-13,-0.005531424613229203,0.0008978406543890555
2015-01-14,-0.013060352134099153,0.0005965479064001032
2015-01-15,0.011672701995680936,0.00028970100537193446
2015-01-16,0.007903617511101177,2.7757963595317306e-05
2015-01-20,0.0051040550539118695,-0.0005386608497913875
2015-01-21,0.018334897863305933,-0.0013004570746616313
2015-01-22,0.0022084602571559387,-0.0016410854800829738
2015-01-23,-0.001151631605206876,-0.000598434389518056
2015-01-26,-0.026268657045837265,0.00037754474833890777
2015-01-27,-0.005139366916058765,0.0009445387515235062
2015-01-28,0.009565676213337032,0.0017094422497895018
2015-01-29,-0.007783673959768293,0.00022331388929397125
2015-01-30,0.008666589600584054,-7.36695923403725e-05
2015-02-02,0.009563847660861474,-0.0004154174789478614
2015-02-03,-0.0008745081449323979,0.00012251881647208982
2015-02-04,0.008614484865249827,0.0001537963511792962
2015-02-05,-0.006090211680210868,0.0005562364288561467
2015-02-06,-0.0032049753069129097,0.0009288926722730751
2015-02-09,0.015444322427473775,0.0017711883614287684
2015-02-10,0.003633238531535279,0.000578002534374459
2015-02-11,0.011576180131993415,0.00031099106719765195
2015-02-12,0.0085482649133413,-0.00011651412774861108
2015-02-13,0.0009349290135014078,-0.00044468131205247825
2015-02-17,0.0014007566374979713,0.0006328571114727665
2015-02-18,0.004933684664381662,0.0009431605877418996
2015-02-19,0.006663606332410837,0.0008720765709696494
2015-02-20,0.0010141521175305978,0.0005167033097253897
2015-02-23,0.0007369197091041143,0.0009632697598826708
2015-02-24,-0.0024892835423589803,0.0012383811163160481
2015-02-25,0.005064234385734463,0.001907278927381597
2015-02-26,-0.004418269337664666,0.0016027786176792264
2015-02-27,0.008999968913080659,0.0013236695344373416
2015-03-02,-0.004673548025537885,0.0013654954111087924
2015-03-03,-0.0038652726202052343,0.0014064607731110674
2015-03-04,0.0017504265375026058,0.001704115003795267
2015-03-05,-0.011386376200430435,0.0019338966107761138
2015-03-06,0.0028819803334426144,0.0009405109079127566
2015-03-09,-0.018741178207309712,0.0008362827581456446
2015-03-10,-0.0057866689008254585,0.00041530166488287795
2015-03-11,0.006543098588935887,0.0012514794563651538
2015-03-12,-0.004357305368955701,0.0006104931677060937
2015-03-13,0.012827944252464411,-0.0008394093823116898
2015-03-16,0.0015919842290977163,-0.0005399310148870762
2015-03-17,0.009777069362695155,-6.967982756319468e-05
2015-03-18,0.0014814817524428803,-0.0012732416533926833
2015-03-19,0.004154938805980085,-0.0006872863000223178
2015-03-20,-0.001936823293958842,-0.0003435198384529851
2015-03-23,-0.0036069403267098257,0.0006236452589697208
2015-03-24,-0.023151134734931328,0.0006292578377575259
2015-03-25,-0.003419456219418228,0.00016568171260084459
2015-03-26,0.0039882305261537765,0.000346780489441359
2015-03-27,0.011401772516814462,5.46953236885882e-06
2015-03-30,-0.010643909653712575,-0.0005593848554718613
2015-03-31,-0.005221943981151601,-0.0003188420740503817
2015-04-01,0.0006661274452909275,0.0007948679180125582
2015-04-02,0.008147842328315606,0.0014777133900546451
2015-04-06,-0.0016998776404170595,0.0006677677796057345
2015-04-07,0.007908156446254254,0.0005130313288605663
2015-04-08,0.006263166068582922,0.00038714483305093164
2015-04-09,0.004091887044821075,0.00013693041382134905
2015-04-10,-0.002508945236566603,0.00035192532966257486
2015-04-13,-0.0028884250223848145,0.00045901348176410173
2015-04-14,0.0062322884390911375,0.0009213784198079933
2015-04-15,-0.001391917823207362,0.0007304457077223986
2015-04-16,-0.015723300055783207,0.0008090670595209467
2015-04-17,0.01488721844267768,2.0464050780714417e-05
2015-04-20,0.0042659806882356455,0.0005301729419176669
2015-04-21,0.005445078286518928,0.00031609059378233725
2015-04-22,0.0037664827954768648,0.00027633544484383094
2015-04-23,0.013479256907201342,0.00023126859102135135
2015-04-24,-0.002536233243579416,0.00018121187135311864
2015-04-27,-0.001997277105163678,0.00014059677884013707
2015-04-28,-0.006290188933597087,0.0004299904303780256
2015-04-29,-0.015854327846569934,0.0010503808782897014
2015-04-30,0.013107073371431157,0.0010858840064817336
2015-05-01,0.001649258207813789,0.000377643567640638
2015-05-04,-0.016430127766932322,0.00036585341864760803
2015-05-05,-0.0069107484600460034,-0.0001337974735989096
2015-05-06,0.005979649696316416,0.0007077855403010338
2015-05-07,0.012405269250305611,0.0010597501869471664
2015-05-08,-0.0038716862522887225,-0.000253784191129198
2015-05-11,-0.004535994817456204,0.00020951218166153962
2015-05-12,0.0020391146188689794,0.00046002158754180554
2015-05-13,0.014523648986049895,0.0011788715664139873
2015-05-14,0.0,1.8252007875063626e-06
2015-05-15,0.00437079552134314,-0.00023810808180755244
2015-05-18,-0.0010909091990984967,0.0004663601223841135
2015-05-19,0.0006365083188300872,0.0008260719992279376
2015-05-20,0.005167970158442598,0.0006787408905767614
2015-05-21,-0.0009952500256031557,0.0005066957781725101
2015-05-22,-0.011562927573379081,0.0010454219263646134
2015-05-26,0.015988712695771425,0.0009757030787418178
2015-05-27,-0.0022556061352006773,0.0002726749907034217
2015-05-28,-0.005979361898904762,0.0005597841540942281
2015-05-29,0.003356468883427814,0.0005285428477634234
2015-06-01,-0.0031747498205982076,0.0008959427449855132
2015-06-02,0.002993606807694697,0.0015100424814740536
2015-06-03,-0.007637789448117538,0.0009825230767181628
2015-06-04,-0.0023759492123845323,0.0003869457935876599
2015-06-05,-0.010207454483010818,0.0012299786926331098
2015-06-08,-0.0016651252690991752,0.001117718189500472
2015-06-09,0.013609405454950698,0.0006851207302943552
2015-06-10,0.0014602539785637761,-0.00039706833306195046
2015-06-11,-0.008241804895103755,0.00021734948073520065
2015-06-12,-0.004977886385236239,-2.458090146602467e-05
2015-06-15,0.0054375508382848966,0.00042062197387097885
2015-06-16,0.0027535584171828166,0.0011798412293872514
2015-06-17,0.01446860855850754,0.0001378040271916245
2015-06-18,-0.007253635938699917,-0.0015975575685695733
2015-06-19,0.007343974255758505,-0.0002273432026570124
2015-06-22,0.0008126778179902578,0.0005910576114023106
2015-06-23,-0.005158149077492333,0.0005305278217018041
2015-06-24,-0.0019980026626729977,0.001306299137112269
2015-06-25,-0.006658482209762254,0.0011844400569501138
2015-06-26,-0.023894450379284074,0.0007016334924306931
2015-06-29,0.0035553929668086393,0.0004905374029019497
2015-06-30,0.007907385729321915,0.0009542702796633399
2015-07-01,0.0002779450613158449,0.0005520211110968483
2015-07-02,-0.0023185727984735213,0.000290575849799158
2015-07-06,0.0025038265967061487,0.00017585443261704795
2015-07-07,-0.017565620287868827,9.188903929419252e-06
2015-07-08,-0.0005657175334733461,0.0006417623993986367
2015-07-09,0.015163150872665223,0.0009992170791261535
2015-07-10,0.017404555545203176,6.452222560802593e-05
2015-07-13,0.006551433805962181,-0.0010268656684848721
2015-07-14,0.0010877448498176057,-0.001401944984059825
2015-07-15,0.01403405545185821,-0.0005930363373939816
2015-07-16,0.014632460780116813,-0.0004466095533750244
2015-07-17,0.003427520163523262,-0.001191701489899815
2015-07-20,-0.0006143314950328883,-0.000640840546866272
2015-07-21,-0.011389343085348114,-9.647286986869905e-05
2015-07-22,-0.0037363267378765067,0.0007670345681770295
2015-07-23,-0.009852296443011707,0.0014621264951298987
2015-07-24,-0.008315304601013722,0.0013052075269812914
2015-07-27,0.008585295152984458,0.0013537476423141832
2015-07-28,0.0037722336809864953,0.0007776644470701456
2015-07-29,0.004739981150210132,0.0006501288006285078
2015-07-30,-0.0011605589839876456,0.0006395554664918555
2015-07-31,-0.003131293097553397,0.0013644213330501328
2015-08-03,-0.001883493090112113,0.00169127928542382
2015-08-04,0.007601878937107082,0.0017793161973030961
2015-08-05,-0.016076505928079275,0.0007660327486457325
2015-08-06,-0.001268345884835885,-0.000273436260807686
2015-08-07,0.011357612623797963,0.0006844253631728412
2015-08-10,-0.01289991277075283,0.00042521539329084694
2015-08-11,0.0034442162208804168,-0.00037789330361609176
2015-08-12,-0.001629992210930953,-0.000831749401435554
2015-08-13,0.0015395067564061525,0.0007391961609404998
2015-08-14,0.008290576458271817,0.0010027229921503059
2015-08-17,-0.0051284470673040325,0.00014760611135970287
2015-08-18,-0.006606657814806041,0.0009888620809145106
2015-08-19,-0.02808526752470079,0.00015791033645179805
2015-08-20,-0.044689506046744334,0.0006915240110473408
2015-08-21,-0.03923633827535297,0.002207284396352793
2015-08-24,-0.003764949753830146,0.0035008114770949516
2015-08-25,0.04913478338075235,0.0026745947444805854
2015-08-26,0.025016879471954766,-0.0029047190586533964
2015-08-27,-0.0001893401501442957,-0.005079311909299292
2015-08-28,-0.01248051259090744,-0.003515542272223437
2015-08-31,-0.03175179083824977,-0.0005876047614046765
2015-09-01,0.027813454255551703,0.0016341772304922352
2015-09-02,-0.004920652506580053,-0.0003934636063695776
2015-09-03,-0.011968033874317956,-0.0018626283663030572
2015-09-04,0.027801018270257088,-0.0015192411431780512
2015-09-08,-0.011297391578367923,-0.0029117781353913664
2015-09-09,0.010821269110676966,-0.0022513855951984173
2015-09-10,0.005509132474753578,-0.002208219301037502
2015-09-11,-0.003035767439112574,-0.0014876031537332643
2015-09-14,0.011712611464801558,-0.00024506015378479687
2015-09-15,0.005618518385491373,-0.0010718543705835913
2015-09-16,0.0003734478616830945,-0.0010179923558529015
2015-09-17,-0.016754910024268748,-0.0006203025712049346
2015-09-18,0.0031275199638718812,0.0006526002547372844
2015-09-21,-0.015063684593146833,0.0010336871413862746
2015-09-22,0.0007681966961223688,0.0012408274857755913
2015-09-23,-0.003654201585257305,0.001011146899096972
2015-09-24,-0.008513983318244765,0.0006360323921890104
2015-09-25,-0.02898182142811908,0.001109949388782825
2015-09-28,-0.005114074821101826,0.0020824183585162253
2015-09-29,0.022564448230296286,0.002294707382170285
2015-09-30,0.004706813945514676,0.0002395964526620802
2015-10-01,0.017359695024908386,-0.0007600496254012328
2015-10-02,0.014223904551079308,-0.0024077303728653825
2015-10-05,-0.004750602758597865,-0.0012439590318496594
2015-10-06,0.005982071677547469,-0.00035663922140948386
2015-10-07,0.00396825917562067,-0.0005015832218466724
2015-10-08,0.004515954612414831,-0.0007816109548002556
2015-10-09,0.0024376535603477306,-1.5205435615513727e-06
2015-10-12,-0.006482243563516525,-0.00010720439079229925
2015-10-13,-0.0016035470115325974,0.00020710623724477182
2015-10-14,0.01629249521922078,0.0006959521597913452
2015-10-15,0.0041707275806213175,-0.00029634707966606435
2015-10-16,0.005717990309527741,3.818464754420844e-05
2015-10-19,-0.0051632052744936445,0.0005197933793484825
2015-10-20,-0.006119629668441597,0.0012559002160872643
2015-10-21,0.020163644054560156,0.001828469737384787
2015-10-22,0.02759849754963654,0.00016296698912338954
2015-10-23,0.0006204848845084816,-0.0018091166965821422
2015-10-26,0.0020360295618448983,-0.0005338482714851173
2015-10-27,0.008278338778046164,0.00014919666254743254
2015-10-28,-0.0015799178218388384,0.0002142090819925411
2015-10-29,-0.0044900370367399346,0.0009512982833579557
2015-10-30,0.011231143763750824,0.0008689393264588903
2015-11-02,0.0034840205958822463,0.0009586075817789256
2015-11-03,8.694518111803747e-05,0.0007149787720863426
2015-11-04,-0.0026988219924318833,0.0002747550360999162
2015-11-05,0.0006971677842291247,0.0009568696726902394
2015-11-06,-0.010684985173850551,0.0014359095370130685
2015-11-09,-0.0025567569581452848,0.0012355994408254044
2015-11-10,-0.0012366400303999397,0.0011550906429266508
2015-11-11,-0.009770039523101796,0.0014936252645436489
2015-11-12,-0.01983118893219221,0.0010441337895734735
2015-11-13,0.014282083132953765,0.0004057541071694867
2015-11-16,0.0006280561868105382,0.0005237458252183502
2015-11-17,0.019012655150437537,-0.00025396203303501525
2015-11-18,0.0007037917067137724,-0.0015090176000490782
2015-11-19,0.006748787611564119,-0.0011776895860238445
2015-11-20,-0.002886762272390943,-1.2908939514270966e-05
2015-11-23,-0.0008764242454076153,7.273947344944631e-05
2015-11-24,0.0008764242454076204,0.000286999760600903
2015-11-25,0.001400683061882571,0.0006449562727458206
2015-11-27,-0.0025401844342512834,0.0007807329065978234
2015-11-30,0.009948594140539217,-0.000203038615289109
2015-12-01,-0.006184419345399409,-0.00030971992039641275
2015-12-02,-0.01709593981559521,0.00015455871788025883
2015-12-03,0.02310667266468293,0.00038766688909116126
2015-12-04,-0.004526470124072066,-0.0004060772354024089
2015-12-07,8.72410033267414e-05,3.0914839985759655e-05
2015-12-08,-0.01529565685346261,-6.682660474956632e-05
2015-12-09,0.004507498020196069,6.65529777131685e-05
2015-12-10,-0.0232848737610702,0.0011810579472119455
2015-12-11,0.00755331349405914,0.00018858190466091573
2015-12-14,0.0060730739483038955,-0.00011597190949558445
2015-12-15,0.014760089431908891,-0.0008576067100805544
2015-12-16,-0.014671054129352658,-0.00143646183082416
2015-12-17,-0.02241822447724638,-0.001260076978815291
2015-12-18,0.011046834540181886,0.000924410195631266
2015-12-21,0.006552103501115712,0.0009661493366234419
2015-12-22,0.0073978678673820636,-0.00016886747149849607
2015-12-23,-0.0001776198938950095,-0.0012295390405678553
2015-12-24,-0.0005330490531334694,-0.00027683866660850007
2015-12-28,0.01560671803885934,0.00018773172504089555
2015-12-29,-0.009052221588142773,-0.0007697534894900615
2015-12-30,-0.012526259819180256,-0.00013211874024030126
2015-12-31,-0.021323540136886362,0.000761105517775642
2016-01-04,-0.0017366669508114304,0.001114173049610144
2016-01-05,-0.009652140936912246,0.0012286881051424324
2016-01-06,-0.0318142535225181,0.0005100594320221934
2016-01-07,-0.008234439481272017,0.0012915811402978115
2016-01-08,0.003071904114836071,0.0014115436222790854
2016-01-11,0.011531075497643956,0.0009374175426971072
2016-01-12,-0.035098087748842675,-0.0007734050512866082
2016-01-13,0.02107180942108869,0.00016789520953341784
2016-01-14,-0.03152864733004888,-0.0002517217748522162
2016-01-15,0.002179297544043425,0.0004265276560579088
2016-01-19,-0.0030721990369701403,0.0006167358511455848
2016-01-20,0.0009920635734284695,-0.0010021259560236088
2016-01-21,0.02854264721696627,-0.0003042275483468565
2016-01-22,-0.01495173484826423,-0.0027913280715749778
2016-01-25,0.008959062748338043,-0.0015745525450997352
2016-01-26,-0.025230808773442144,-0.0011195601392162953
2016-01-27,0.014019382540452457,0.00027827674292027737
2016-01-28,0.02066730525753339,1.7613675154133158e-05
2016-01-29,0.0026853377602144416,-0.001892089413425799
2016-02-01,-0.02188313503838779,-0.0012570545901985245
2016-02-02,-0.004808409244874705,-2.323649577366506e-05
2016-02-03,-9.837194440067792e-05,0.001184312660592759
2016-02-04,-0.035344320684067045,0.0009599700591113656
2016-02-05,-0.015405460264027917,0.0018457652806689933
2016-02-08,-0.003109777565749864,0.0018815989916131579
2016-02-09,0.0038340029349452805,0.0020219207705936652
2016-02-10,-0.0014489756209327533,0.0006771549255953592
2016-02-11,0.015110530606877892,-0.0005012745828198561
2016-02-12,0.022296005555373435,0.00014532411950821323
2016-02-16,0.02239525354168793,-0.0006851941393880175
2016-02-17,-0.0114802811182367,-0.0019191314827065398
2016-02-18,0.002956249689448816,-0.0008785569489608484
2016-02-19,0.01610497938871207,0.0005193720948946132
2016-02-22,-0.016597081165288168,-0.00023717068978555954
2016-02-23,0.009503819145290764,-0.00010034770221931702
2016-02-24,0.009800670364947221,-0.000636073909643162
2016-02-25,-0.0012560994936245747,-0.0005471459894999193
2016-02-26,-0.009032256811249454,-0.0004570848481674096
2016-02-29,0.031593198420220354,0.0002979238842944452
2016-03-01,0.0003780361069498565,-0.00039043825279742184
2016-03-02,-0.0018916112705622918,-0.00019592459058145542
2016-03-03,0.00037860861786857987,0.0004360142313789448
2016-03-04,-0.006170222243226191,0.0009843827816642201
2016-03-07,-0.008318640502732157,0.002283089573541722
2016-03-08,0.006412425667039125,0.001626523661464295
2016-03-09,-0.0015275924299584518,0.0010886447190343487
2016-03-10,0.01733408308323054,0.0003141585270996084
2016-03-11,0.0016888726100991425,-0.0003794707972631087
2016-03-14,-0.00037505860730340304,-0.0004153809960549338
2016-03-15,0.008869858815008368,0.0006031920461436495
2016-03-16,-0.0005578800702570945,0.00015413132003285526
2016-03-17,-0.00139606332879519,0.0005457479844117501
2016-03-18,0.0039040763474929964,-5.245748396179398e-05
2016-03-21,0.003056831614709714,0.0013698939338619063
2016-03-22,-0.008265661176192596,0.0010537989778309793
2016-03-23,0.0002797333227247582,0.0010071630007719473
2016-03-24,-0.0013994497782408924,0.0012185469749604453
2016-03-28,0.01593068793143206,0.0015646014371661176
2016-03-29,0.004858160707723928,-0.00020799848941149406
2016-03-30,-0.0014641291048894242,-4.2400336125255884e-05
2016-03-31,0.010566686038280631,0.0008491060656041372
2016-04-01,-0.0038129869165710777,0.0005466560895607446
2016-04-04,-0.00968840408930368,0.0013233406632945856
2016-04-05,0.01630644193348338,0.001446127254306392
2016-04-06,-0.01447124229930626,0.0005429010545768102
2016-04-07,-0.0007336757482440227,0.00038022385741524884
2016-04-08,-0.003676474729308637,0.0006720306544077384
2016-04-11,0.008344461787832849,0.0004931428356547555
2016-04-12,0.012703192328982456,0.0002578692783580852
2016-04-13,9.015913092720354e-05,-0.0007266743871368834
2016-04-14,-0.0025275333910745163,0.0002423792194549208
2016-04-15,0.0053184422474352,0.0006150891767471101
2016-04-18,-0.006132222300482658,0.0011091246405439594
2016-04-19,0.0008137800530474868,-0.0006290804050097902
2016-04-20,9.03791405559673e-05,0.001084608722623383
2016-04-21,-0.015207687342106405,0.0007656825875765555
2016-04-22,0.0,6.538819586750808e-05
2016-04-25,-0.004875141882068956,0.0011916953311583308
2016-04-26,-0.008054480427786958,0.0009014472509023745
2016-04-27,-0.012157635953483759,0.0003087096453235709
2016-04-28,-0.005283031155524336,0.0006446531457662812
2016-04-29,0.009414492431225146,-0.00018277177203012432
2016-05-02,-0.009319907422878346,0.00034420794406757105
2016-05-03,-0.006452247453425762,-0.00030183384992215446
2016-05-04,-0.00028561908129616417,0.0006351519281414552
2016-05-05,0.005318151185756993,0.0009222517892021787
2016-05-06,0.002837417963430264,-2.8672686211810505e-05
2016-05-09,0.01360182313453258,-0.0003219497231077417
2016-05-10,-0.009078634118613997,-0.0006741179082436874
2016-05-11,-0.004428746932455982,-9.452914686281817e-05
2016-05-12,-0.003689866526241916,0.00026671610839348734
2016-05-13,0.01243422199550293,0.0006188225721565957
2016-05-16,-0.01262381342653819,0.0003699147124553189
2016-05-17,0.0035961049447554494,-0.0001630476209435057
2016-05-18,-0.00520908503733562,0.0003200914169342037
2016-05-19,0.010954873934009046,0.0005684882683578787
2016-05-20,-0.0013157896635199685,0.00028694609301158856
2016-05-23,0.019833975749919824,0.00040671473100677185
2016-05-24,0.00716585519258971,-0.00013076383211162087
2016-05-25,0.00292504778937315,-0.0007937360350753668
2016-05-26,0.00518914178197509,0.00043527400702185465
2016-05-27,0.0019050216674321144,0.0006630578335652601
2016-05-31,9.062485846056668e-05,0.0010781128349514916
2016-06-01,0.0020821082070414804,0.0012145829725604936
2016-06-02,-0.0047135692781741225,0.0015342209218629516
2016-06-03,0.0036277928414286363,0.0013143663991000646
2016-06-06,-0.0025380724284708887,0.0017583347672272612
2016-06-07,0.0017229657402222153,0.0015888309358841027
2016-06-08,-0.0016322092851071472,0.0017806242705236033
2016-06-09,-0.011408876544157268,0.0016539316518102381
2016-06-10,-0.008388305626634856,0.0011466635784746185
2016-06-13,0.0,0.0017112203536245665
2016-06-14,-0.0028736983854954633,0.0015405267239040107
2016-06-15,0.0029662609810166564,0.0010176185914349655
2016-06-16,-0.014450444897122492,0.00016737339169920683
2016-06-17,0.006271960649115634,0.0005147518443065018
2016-06-20,0.0031678028913096176,0.0009052143083793259
2016-06-21,-0.002421534199958989,6.0899839882708195e-05
2016-06-22,0.01416624773800029,0.0002093636320090253
2016-06-23,-0.04206008097263733,-0.00011677816625849238
2016-06-24,-0.020048126792988098,-0.0004709701685946802
2016-06-27,0.02167686966801917,0.001522933033724097
2016-06-28,0.017555131292361213,0.00017264556822342347
2016-06-29,0.011503517081018254,-0.001995885446106325
2016-06-30,0.00500882227041138,-0.0032191251653102366
2016-07-01,-0.006125309174630054,-0.0016163915869715148
2016-07-05,0.008158769529631604,-9.088675783131423e-05
2016-07-06,0.0029503985997544387,-0.0003439540446359166
2016-07-07,0.015348373652757395,-0.0004014111516774727
2016-07-08,0.005695445491111471,-0.0009535280862520545
2016-07-11,0.005035529028911799,-0.0010680850047908108
2016-07-12,-0.002424679020062117,-0.0008074392683069401
2016-07-13,0.006810062161329355,-0.00011049771197704788
2016-07-14,-0.0016087231997485147,0.000321682444466214
2016-07-15,0.0065971532841342575,0.0005157736248871262
2016-07-18,-0.003649801532343636,0.00047741178278695896
2016-07-19,0.011615150311028034,0.0006038565662238827
2016-07-20,-0.0022945910694395634,0.00035945340504422817
2016-07-21,0.004144078584174441,0.00048524223521116417
2016-07-22,8.798557042304028e-05,0.0009827864417261386
2016-07-25,0.0011431084999420063,0.0016971491929834602
2016-07-26,0.006918624611514343,0.0015630634061409576
2016-07-27,0.0034849312147131363,0.0005310829662646278
2016-07-28,0.0021719308307782265,0.0013996623010758468
2016-07-29,0.005279797611483013,0.0008618985006727383
2016-08-01,-0.007625686866636855,0.0017716692878787296
2016-08-02,0.0033000464164971255,0.0011704720187055654
2016-08-03,0.002857021120043673,0.0018572106560571684
2016-08-04,0.009550513548081284,0.0016532818023561983
2016-08-05,-0.0011138243879524874,0.00030620868124866385
2016-08-08,0.0023119417756062633,0.0012800164819654356
2016-08-09,-0.0025691544490351907,0.0015914583461095156
2016-08-10,0.004278264418991558,0.0016144141968028737
2016-08-11,0.0006828269299107297,0.0017355055647265503
2016-08-12,0.00425713712331869,0.0009452672976826516
2016-08-15,-0.005537820329311348,0.0016580546658802003
2016-08-16,0.0017924975991494311,0.001351059118523045
2016-08-17,0.0002558089973447228,0.0014549063929483307
2016-08-18,-0.0002558089973447116,0.0017687731589732664
2016-08-19,0.0007672307609634458,0.0011432394988512397
2016-08-22,0.001787919253684073,0.0013734162720087676
2016-08-23,-0.006485771156589972,0.0016557953575593596
2016-08-24,-0.0016280368618851724,0.0009329326915095367
2016-08-25,0.0014567893231500226,0.0004922172275927611
2016-08-26,0.0013691598921327876,0.0004038213126343493
2016-08-29,-0.0032548208605749896,0.0014669675836754812
2016-08-30,-0.0010300430095269704,0.00048286678254645454
2016-08-31,0.002573120898222394,0.0010128801042133333
2016-09-01,0.0032498104373566384,0.000527510428589209
2016-09-02,0.006213579169138495,0.000652612040853465
2016-09-06,0.000593799058886313,0.0004834054050079023
2016-09-07,-0.005868611357289519,0.0008424431308010328
2016-09-08,-0.025486239721164636,0.000765178102753801
2016-09-09,0.017779402466102604,-0.00011864857848112661
2016-09-12,-0.00898028658381269,-5.6332718343323114e-05
2016-09-13,0.004759235392543956,-0.0007637832214484402
2016-09-14,0.015419185048387997,-0.0003113558585626675
2016-09-15,-0.0029796131523805525,-0.0013870976034856377
2016-09-16,-0.004357677678022153,-0.0002191149430565221
2016-09-19,0.0018821119423646443,0.0003398188521999891
2016-09-20,0.009781068835160691,0.0008522056479294646
2016-09-21,0.007924506146987557,4.270153652570968e-05
2016-09-22,-0.006402178383437042,-0.00027992537568953367
2016-09-23,-0.008401627898753629,-3.374431659948241e-05
2016-09-26,0.009837257077472057,0.001202014668194746
2016-09-27,0.001686341040436412,0.0006880412541628864
2016-09-28,-0.007271529461247525,0.0003920511557389859
2016-09-29,0.007440007264695348,0.000291637405860347
2016-09-30,-0.0014329669076558601,0.0004166867622231208
2016-10-03,-0.0015195005456121807,0.0007573124668305074
2016-10-04,0.0035419163356459906,0.0006467594956747207
2016-10-05,-0.0005052206237473819,0.0009627714043863485
2016-10-06,-0.002192243711033174,0.0013782457436939655
2016-10-07,0.006310761825112786,0.0010388853971748237
2016-10-10,-0.014361993926158598,0.0008586130192963001
2016-10-11,-0.0008512812295819727,0.0006926578038636911
2016-10-12,-0.003583315838283796,0.0015585652349869071
2016-10-13,0.0011958658638801835,0.0007576209352663594
2016-10-14,-0.0027355120494729126,0.0007155936611911993
2016-10-17,0.00886319079760398,0.000840795550158193
2016-10-18,-8.485002762725114e-05,0.0003674465034330836
2016-10-19,-0.0011886569577508849,0.000708984753017962
2016-10-20,0.0037310312085276948,0.0006471129112310102
2016-10-21,0.011946970298571587,0.0008384107623283425
2016-10-24,-0.0031831154368713453,0.00039801366565373
2016-10-25,-0.006819069232038279,0.0001316789491659915
2016-10-26,-0.0045720171082040545,0.0007232104296522384
2016-10-27,-0.006299501550703226,0.0011387821806984784
2016-10-28,-0.0009398095441614749,-1.1492505181523232e-06
2016-10-31,-0.007550443420595379,0.0007669137423784382
2016-11-01,-0.00804189556038837,0.0005176485451453456
2016-11-02,-0.009859173348129389,0.0005572813683578344
2016-11-03,-0.003513398431844765,0.00020030393777484317
2016-11-04,0.023479339449748497,0.0007134481422417533
2016-11-07,0.006510774305745248,-0.0004594164535993292
2016-11-08,0.00460045111932559,-0.0006775513834548497
2016-11-09,-0.016281422207028027,-0.0019274153259305872
2016-11-10,0.000431872172551305,-0.000437008657075153
2016-11-11,-0.010155015011976564,0.000883790395135487
2016-11-14,0.01377539652004119,0.0006134705598836985
2016-11-15,0.005919461371768047,-9.895453258367085e-05
2016-11-16,0.0072442469618386445,-0.0005591128312247263
2016-11-17,-0.0037434108713159417,-0.0005261594278659376
2016-11-18,0.010345212250441833,-0.00014173022440111652
2016-11-21,0.0030323473370439703,0.0005020471519645497
2016-11-22,-0.004045176593106106,0.0004299262910625969
2016-11-23,0.0032037798249143694,0.0009070785948443912
2016-11-25,-0.002275313837135428,0.0012488215738986285
2016-11-28,0.0034530711870386283,0.00137455591650941
2016-11-29,-0.01218083069423396,0.0008855687681872857
2016-11-30,-0.017427577620449237,0.0009981817575536783
2016-12-01,0.001989878235866462,0.0016309632326800667
2016-12-02,0.007748639716761098,0.0013989235639634428
2016-12-05,0.0023984935260520585,0.0005304299445872121
2016-12-06,0.012583060089564816,2.333346591631405e-06
2016-12-07,0.0017726759379702727,-0.00015379385829891783
2016-12-08,0.007812867901586282,0.00041178555016596353
2016-12-09,-0.004529069219665774,0.0004280277213270515
2016-12-12,0.012530445463675384,0.0005071869447286102
2016-12-13,-0.0020775342994121004,-0.0007329569840822453
2016-12-14,0.0015793195585579194,3.900958627307214e-05
2016-12-15,-0.006666691358189345,0.0004503180260750387
2016-12-16,0.00408862015606067,0.0004924925304191329
2016-12-19,0.0038231429545880716,0.0009689642214508053
2016-12-20,-0.0007468570116050831,0.0008388751921803474
2016-12-21,-0.002826504500445412,0.001282170010254486
2016-12-22,0.0006657789859776547,0.0011281115710329692
2016-12-23,0.005144812609487939,0.0018118130445596982
2016-12-27,-0.007810592262132678,0.0012040665253231523
2016-12-28,-0.0014190911851840137,0.0013572232504724777
2016-12-29,-0.010327981303735101,0.0017258488018256418
2016-12-30,0.008906873436564761,0.000899117638542297
2017-01-03,0.005422780568589251,0.0009520565366681645
2017-01-04,0.005641763906668094,0.0002730590004738414
2017-01-05,0.008731521700807824,0.0001867873191466148
2017-01-06,0.0032752014866514814,-7.171632648108906e-05
2017-01-09,0.002204712443286063,0.0004908128303179322
2017-01-10,0.002688064177138732,0.0007524817243776808
2017-01-11,-0.0015467907182987934,0.0008435534743202857
2017-01-12,0.00341602609534878,0.001048942659563958
2017-01-13,-0.0030087438838781668,0.0011332695728142957
2017-01-17,0.002033926584912525,0.0011988306357947408
2017-01-18,-0.00048776523201023256,0.001445103235963118
2017-01-19,0.002193072397475843,0.0014114360949705603
2017-01-20,0.0008110300525662442,0.0010348599986094676
2017-01-23,0.006706282961381187,0.001378883388046238
2017-01-24,0.010015708099836674,0.0013521894104188323
2017-01-25,0.0010358979371693348,0.0011735806263882386
2017-01-26,0.0019096122925873439,0.0013627198924275772
2017-01-27,-0.007820644760443226,0.0017504763186771068
2017-01-30,-0.0020048926078956525,0.0013942551832786245
2017-01-31,0.006880027138582237,0.0017252210202074545
2017-02-01,-0.0008773679525924384,0.000728956449108106
2017-02-02,0.0028685278633749462,0.0013439664816706273
2017-02-03,0.0011927956565106776,0.0010615030019654422
2017-02-06,0.003649060054202286,0.0018153127406864353
2017-02-07,0.0016614585094961536,0.0012467300997263397
2017-02-08,0.003629768050578731,0.0017959513510041243
2017-02-09,0.0033026687250660718,0.0013532830517370554
2017-02-10,0.005636463959468933,0.0017536844960055233
2017-02-13,0.0033511312193520723,0.0010698745910498629
2017-02-14,0.005895603144421325,0.0005576230579310902
2017-02-15,-0.00030942987792332286,0.00043323990314006683
2017-02-16,0.00432332951636459,0.0009180056851628145
2017-02-17,0.004918168677834232,0.0009154098493216116
2017-02-21,0.00038321518001075935,0.0003471489556942926
2017-02-22,-0.0037618561886708884,0.0012625165904324351
2017-02-23,0.0019210825441782337,0.0008972694366025024
2017-02-24,0.0012275588468007436,0.0009814969644411187
2017-02-27,-0.003071727188733373,0.001629434120797794
2017-02-28,0.010862188952689913,0.001103051244514802
2017-03-01,-0.0050339515958827755,-0.0003775024458441503
2017-03-02,0.0018334611706005346,0.0003710581551472753
2017-03-03,-0.0022158557299617296,0.0012565828978073094
2017-03-06,-0.0016842753943324346,0.0014623194613849646
2017-03-07,0.0017607660051472543,0.0013182742727011576
2017-03-08,0.0007645844855995707,0.0008930676614354394
2017-03-09,0.004194796983547528,0.0002618346999992949
2017-03-10,0.0016730041925017872,-5.64071030804917e-05
2017-03-13,-0.002434386900213448,0.0011333219960592395
2017-03-14,0.006150594582260625,0.0009103288891224091
2017-03-15,-0.0006815342356114453,3.135601463333856e-05
2017-03-16,-0.0024270015705394046,0.0004346037145558264
2017-03-17,0.0009108160022455787,0.00036250178513724893
2017-03-20,-0.015289648819471185,0.0014491442348308018
2017-03-21,0.006756263704041502,-2.7011896692513606e-06
2017-03-22,-0.0025282526395836247,0.0002500453761217795
2017-03-23,0.0020690455291109094,0.0004532025076331371
2017-03-24,0.001606303171711403,0.00024773679050493715
2017-03-27,0.006095721404955909,0.0003433301381049
2017-03-28,0.004623146663269573,0.00011246881818252532
2017-03-29,0.001662133957761417,0.0005265249543227467
2017-03-30,-0.0006796300053934816,0.0005893533456860296
2017-03-31,-0.0006045035698665836,0.0006246177318041703
2017-04-03,0.001586043155634558,0.0006821243147816748
2017-04-04,-0.0040834902478067,0.001129634958328715
2017-04-05,0.0005302829562540304,0.00011517278486914253
2017-04-06,-0.0005302829562541554,0.0009267279932728405
2017-04-07,0.0003788022318868366,0.0010321223459171347
2017-04-10,-0.0043268750847346524,0.0011205398068534166
2017-04-11,-0.00404010154291048,0.00018579736723855068
2017-04-12,-0.003979800140427063,0.0015694898657142799
2017-04-13,0.008248099303465923,0.0012076134601698208
2017-04-17,-0.0015223020141830915,0.001312299590725355
2017-04-18,0.001598356316992026,0.0011040481020053016
2017-04-19,0.008330857027799924,0.0010498627919561044
2017-04-20,-0.00022628700831991497,0.00047176959121857705
2017-04-21,0.01199774439664589,0.0005458069104041544
2017-04-24,0.007204160535041378,5.8086188004285045e-05
2017-04-25,-0.0014070428507153415,0.00012437971180156776
2017-04-26,0.005984723614765464,0.00011612579440832245
2017-04-27,0.0017663948068227955,0.0008246097179801779
2017-04-28,0.008858361670917025,0.0005513470416262244
2017-05-01,0.0016749812749758328,0.00017648969824331446
2017-05-02,-0.0032067661034622295,0.000577686036316393
2017-05-03,0.0003649235525662536,0.0007610434947262338
2017-05-04,0.0036419298758256307,0.0016850944005677424
2017-05-05,0.002178808327984314,0.0011932686145839267
2017-05-08,0.003476249155360909,0.0014897130890302282
2017-05-09,0.0005782018085341511,0.0003933308701360035
2017-05-10,-0.0007951137070023246,0.0010667577100274919
2017-05-11,0.002239157279235889,0.0007345210509694575
2017-05-12,0.0031695747612790395,0.0012662140006040978
2017-05-15,0.00416278502517362,0.0011494964393471327
2017-05-16,-0.025754987339488333,0.0008263508493957738
2017-05-17,0.008707478277721491,-0.0002787410271247188
2017-05-18,0.0042166547391855975,0.00047475853351360486
2017-05-19,0.008380340911017444,-0.00023089563119619823
2017-05-22,0.0010066873648033716,-0.00017557701064490174
2017-05-23,0.004589137553487789,-0.00035574154433456627
2017-05-24,0.008477343733851115,0.000478213947663638
2017-05-25,0.0017718563053667619,-0.0002519798737849704
2017-05-26,0.0008493771745074925,0.00019300846540119343
2017-05-30,-0.0003538194849918545,0.00019943992596406545
2017-05-31,0.0038851459882360694,0.0001631079950998528
2017-06-01,0.011356588932335975,0.0003749840717523485
2017-06-02,-0.00020913939216666406,-0.000821833719993044
2017-06-05,-0.003981981579295243,8.921567615919083e-05
2017-06-06,0.003912258727602165,0.000473900780994691
2017-06-07,0.0010453326851738386,0.0007722073562001874
2017-06-08,-0.025323165878208927,0.00047801099468631125
2017-06-09,-0.005372313340199494,-0.0004375248530020579
2017-06-12,0.008083308793820422,0.000541335669980294
2017-06-13,-0.004355438679805917,0.0004785202930739094
2017-06-14,-0.0044463641814232,-0.0002497910565038079
2017-06-15,-0.007068696484359729,-8.228781943274465e-05
2017-06-16,0.016582699361448818,0.0008412585024148303
2017-06-19,-0.007862237626681664,5.8850193038109525e-05
2017-06-20,0.009853703434210185,-0.00038307139910247374
2017-06-21,-0.0002842524180596142,-0.00028079297933223594
2017-06-22,0.003830606939842406,-1.3419983978683664e-06
2017-06-23,-0.004683849312426314,0.00011499142607565484
2017-06-26,-0.01830566891227246,-0.00023165690211417856
2017-06-27,0.014314216713564682,0.0005819550352780946
2017-06-28,-0.017507021109326483,-7.976133124814309e-05
2017-06-29,0.00036333248955432515,-0.0004112301872794756
2017-06-30,-0.010590611348413565,-3.644309685147534e-05
2017-07-03,0.00979110554575044,0.0009212186048836242
2017-07-05,-0.009057106687194881,0.0005552393456375738
2017-07-06,0.010728072239999078,0.00016578095122753156
2017-07-07,0.0065118528349237745,0.00046589555053586887
2017-07-10,0.0028086871656294882,0.000249639763153527
2017-07-11,0.011796383440369344,0.00035851015608992433
2017-07-12,0.0022008457287954293,-0.0004276540052610394
2017-07-13,0.00784096130368763,0.00023872567979308767
2017-07-14,0.0004924202554565872,-0.00011685124144841146
2017-07-17,0.0066589809021681805,0.0002536950335525214
2017-07-18,0.005851228730705351,0.0003474554551933305
2017-07-19,0.0013187577826554578,2.217769355520238e-05
2017-07-20,-0.0004162619735419824,0.00017597125009203218
2017-07-21,0.004569379315681908,0.0004762727839014093
2017-07-24,-0.0025590497072263143,0.0010252522688008483
2017-07-25,0.0032495620948342708,0.001099579683547468
2017-07-26,-0.006301305342730213,0.0014597829349619934
2017-07-27,-0.0008339124875198234,0.00037868668860888046
2017-07-28,-0.004249840931536442,0.0016116057033157267
2017-07-31,0.0023013364876328987,0.0015141152910921022
2017-08-01,0.002712950778778184,0.0018133744343233641
2017-08-02,-0.0038978263312370418,0.0007199307351208619
2017-08-03,0.0018115946983508241,0.0012754013083364304
2017-08-04,0.006314860858674472,0.0011091717214103086
2017-08-07,-0.0017308828359866902,0.0011817486357189014
2017-08-08,-0.0013174775680939168,0.000614706210935559
2017-08-09,-0.021673652175743647,0.0006868252320276133
2017-08-10,0.007558401398905986,0.0006389144290431582
2017-08-11,0.012796035171524493,0.000900105505944586
2017-08-14,0.0006945409363793315,-0.00027551021328480374
2017-08-15,0.0017342448243794996,-0.0002903081484575236
2017-08-16,-0.020658274655278773,-0.00020407200449414553
2017-08-17,-0.0007078142990870918,0.0003161835727672137
2017-08-18,-0.0012753296329670026,0.0007957114052886884
2017-08-21,0.015127817078539822,0.0007668123865604498
2017-08-22,-0.003567809584061369,-0.0002081205884969686
2017-08-23,-0.0029477842794080845,-0.00014205122684380386
2017-08-24,-0.002110892987593089,0.00020912484159573173
2017-08-25,0.003094453555853858,0.0008088776503354684
2017-08-28,0.003924596809736514,0.0011522071880696683
2017-08-29,0.011682213381071293,0.0003411419792352431
2017-08-30,0.010658515893533848,-0.00020419319705340276
2017-08-31,-0.001368925607341621,-0.0008181057993514374
2017-09-01,-0.00901309895934621,8.204720990817854e-05
2017-09-05,0.003036369733281283,0.0003244260129907752
2017-09-06,0.0023399873030991603,0.001190540639197592
2017-09-07,-0.008699309211391554,0.0009765341660091685
2017-09-08,0.01144524352414275,0.0009221151667518016
2017-09-11,0.002396522767047889,0.0005244041231742907
2017-09-12,0.0013668673533267048,0.0003522318469378195
2017-09-13,-0.005890831474537409,0.00048216266483889483
2017-09-14,0.0034291234480045944,0.0007629726328122503
2017-09-15,-0.003497826000331402,0.0008299226218944993
2017-09-18,0.001716149382925475,0.0013897529294030547
2017-09-19,-0.0030911925696729694,0.0013162062458288001
2017-09-20,-0.006141974382184067,0.0007113518421969533
2017-09-21,-0.0009695963083873779,0.0013663515822169062
2017-09-22,-0.010588006408829372,0.0013981541360069904
2017-09-25,0.0025876854667519177,0.0002675324429226129
2017-09-26,0.0089699172504647,0.0010532755397951788
2017-09-27,-0.0003461764842270389,0.00014021069499259146
2017-09-28,0.0071759088027368535,0.00041670144798763257
2017-09-29,0.0008933787489013323,-0.00041480563484077877
2017-10-02,0.0021271493936921844,0.0005967230320563191
2017-10-03,0.0009591669685760334,0.0010921618895093047
2017-10-04,0.009744872509124574,0.0007263971749847799
2017-10-05,0.001355381069514992,0.0002825041819605107
2017-10-06,-0.0011519567596084803,0.0005286246058656173
2017-10-09,0.0007455352949611398,0.0012394787062489608
2017-10-10,0.0029765953515831322,0.0012244614061604894
2017-10-11,-0.0018254966024125897,0.00157664177907913
2017-10-12,0.00384992539286945,0.0013626265973959812
2017-10-13,0.0034321511533732824,0.0012828996217818206
2017-10-16,0.0012756388315475552,0.0010877217690068554
2017-10-17,-0.0012084593615682721,0.0014767753627589718
2017-10-18,-0.0037015891778935032,0.0014168911433882717
2017-10-19,0.0026934229467211338,0.001425707641954208
2017-10-20,-0.006544128600000467,0.00122364836569561
2017-10-23,0.0016907318131649581,0.0010954413814799999
2017-10-24,-0.00379121705202819,0.001411428249408427
2017-10-25,-0.003193045954858138,0.0005696266116147488
2017-10-26,0.028707538115861807,0.0010124318941719774
2017-10-27,0.0022455593611508864,-0.001797304659349287
2017-10-30,0.003753337959097029,-0.0010012926981080796
2017-10-31,-0.0003286770777330065,-0.00027525427122516944
2017-11-01,-0.0019084603206233623,0.0002048820108398598
2017-11-02,0.009571333066192586,0.000769600844094909
2017-11-03,0.003386963441015659,0.00015742153231334969
2017-11-06,0.0005850424322622968,-0.00011002819075641877
2017-11-07,0.004021018453705918,0.00037291170271760076
2017-11-08,-0.005256509718579557,0.0006397320251515996
2017-11-09,-6.506815891934049e-05,-1.3686446260161803e-05
2017-11-10,0.0012355716089855967,0.0011632952772621069
2017-11-13,-0.0036460747469239012,0.0013354191327145724
2017-11-14,-0.004707429418718571,0.0009878097846886783
2017-11-15,0.012698376601793519,0.0010558559967914836
2017-11-16,-0.003825088134928436,9.04980588304822e-05
2017-11-17,-0.0007797778028495344,0.0002130910446357659
2017-11-20,0.010797635051629083,0.0007309494751719641
2017-11-21,0.001221119082294412,0.0003955289759468325
2017-11-22,0.003654435867015013,0.00046877960629522486
2017-11-24,-0.00044807169896716515,0.0004096989547050672
2017-11-27,0.0025577096877204344,0.00047045877754759834
2017-11-28,-0.017587826526562916,0.0005641920645980281
2017-11-29,0.008349292863600593,-0.0006184595505171503
2017-11-30,-0.0042630215704308715,-0.00020202334846075413
2017-12-01,-0.011588671358868164,-0.0004382176252020777
2017-12-04,0.0006546216520757201,0.0001816899461345371
2017-12-05,0.004505247410085969,0.00025111257951086893
2017-12-06,0.0033818970838522967,0.0005119673676271144
2017-12-07,0.004405293467916197,-0.00016481070446589744
2017-12-08,0.007727018484710591,-0.00011447112778204525
2017-12-11,-0.0013479253621477443,0.00014193911558567276
2017-12-12,0.0019250519291942045,0.00044105226708766074
2017-12-13,-0.000705422160268921,0.00034927601112368957
2017-12-14,0.011290905520561305,0.0005751627267004665
2017-12-15,0.006260098220470681,-0.00036939534208860507
2017-12-18,-0.005942990242547784,-0.00034854338034995486
2017-12-19,-0.0010785776511150035,7.008245608495188e-05
2017-12-20,0.0001269518854059593,0.00046616478841842194
2017-12-21,-0.0011431475905106462,0.0011801403714968542
2017-12-22,-0.005415923270561249,0.0009659035584476841
2017-12-26,0.00012777103448018354,0.0011622237712037113
2017-12-27,0.0012130112892846006,0.0013334403494129573
2017-12-28,-0.0062082186020324965,0.0011484976686919918
2017-12-29,0.01737513878038993,0.000891788856236085
2018-01-02,0.009669797813564633,0.00019034981807453414
2018-01-03,0.0017481430436834117,-0.00018795779932485315
2018-01-04,0.009992945397518486,0.00015101719874533988
2018-01-05,0.003883260650813706,4.2658964723797915e-05
2018-01-08,6.15176402027626e-05,0.0005709128889245184
2018-01-09,-0.002340334873705856,0.0005243603922472028
2018-01-10,0.006820931597807116,0.0002761662822857087
2018-01-11,0.0073220169698485615,0.0009880580141942417
2018-01-12,-0.0028614064758016662,-0.0004576336635840482
2018-01-16,0.010733555643108633,-0.0005470333586045845
2018-01-17,0.0001809354366987233,-0.00016643583319751526
2018-01-18,0.003131023752468975,0.0005736500043739029
2018-01-19,0.010644123696374394,-2.9758363036102003e-05
2018-01-22,0.008233911993478836,0.0003791997303798536
2018-01-23,-0.00651043966243201,-0.00037497938018944037
2018-01-24,-0.0003563368608794882,-0.0007307338909061495
2018-01-25,0.015208970361093357,0.000997724215195461
2018-01-26,-0.004867616566360753,0.00019865776991521587
2018-01-29,-0.008264509849893536,-0.00025979087907987983
2018-01-30,0.004140792666031608,-0.00027174689529209936
2018-01-31,-0.008536926401961504,0.00017938312521721634
2018-02-01,-0.020146816076998832,0.00041753502190959016
2018-02-02,-0.04022480131050899,-0.00036255836941077174
2018-02-05,0.026153848488494325,0.0009162800099948259
2018-02-06,-0.013022632258356256,-0.0005726285437669646
2018-02-07,-0.04311067359287789,-0.0015895143888065336
2018-02-08,0.017122046455641332,6.957637304068473e-05
2018-02-09,0.017589430210545955,-0.000717247404902172
2018-02-12,0.005148178120843473,-0.001599992021799335
2018-02-13,0.018550645186248053,-0.0028720387359775033
2018-02-14,0.01839384339349344,-0.0032863510567279664
2018-02-15,-0.004475904163867274,-0.002636230052638017
2018-02-16,0.001998486660612024,-0.0024047219022745275
2018-02-20,-0.002847537594024515,-0.0017574634481232548
2018-02-21,-0.00012135185986605489,-0.000716846987108754
2018-02-22,0.020242755059287045,-0.0006221626261131139
2018-02-23,0.013173241860556914,-0.002340933006040997
2018-02-26,-0.01245993267023346,-0.0023205821928351726
2018-02-27,-0.006438174250404134,-0.0010700141611879248
2018-02-28,-0.016461525207777564,0.0002952005114735508
2018-03-01,0.009138563311327919,0.0010835541984968008
2018-03-02,0.011024016741959854,0.0008054361010296424
2018-03-05,0.004221548024119345,-0.00034074915681077357
2018-03-06,0.002311317590429551,-0.00015219222190061875
2018-03-07,0.005490140417226405,2.2102291806171213e-05
2018-03-08,0.019241454221916456,0.0004973218788528575
2018-03-09,0.00529894109379817,-0.00018403682947398326
2018-03-12,-0.01370795634186662,-0.0004022583805282473
2018-03-13,-0.00017472844332289765,-0.00010851907200227833
2018-03-14,-0.0008741004606547182,0.0008903292736864221
2018-03-15,-0.002977669693924392,0.0008984477792926969
2018-03-16,-0.023188073126461286,0.00045378360526955553
2018-03-19,0.0032860373108896737,-0.00010539008297224899
2018-03-20,-0.004363817188885788,0.0011577895346219758
2018-03-21,-0.024992202154911772,0.00014957263782212167
2018-03-22,-0.026704770758638783,7.000375921040755e-05
2018-03-23,0.03648479981227829,0.0011645927071099473
2018-03-26,-0.03289526228258959,-0.00030372003473456066
2018-03-27,-0.01157032475894004,-0.0011846901784023822
2018-03-28,0.018149089753835525,-0.0003422676700421336
2018-03-29,-0.02927594710113911,-0.0010264541870230845
2018-04-02,0.01119044833012385,-0.0002891317825041138
2018-04-03,0.01564700692587309,-0.001454692493762727
2018-04-04,0.005680592072624579,-0.002118253149073481
2018-04-05,-0.0253417494712968,-0.0018043018883345465
2018-04-06,0.006998374408811892,-0.001328910527465995
2018-04-09,0.02182315238852453,2.137572492677672e-05
2018-04-10,-0.005785577119963421,-0.0011532815567586807
2018-04-11,0.011969506294079512,-0.0014825063139323454
2018-04-12,-0.00519192710876233,-0.0012778029716449648
2018-04-13,0.007593332160449354,-3.1772379166626814e-05
2018-04-16,0.02129681950553901,0.00023179367071673378
2018-04-17,0.00204486749549126,-0.0010883405173662468
2018-04-18,-0.009235013574061864,-0.00034543484294413717
2018-04-19,-0.015953396020133074,0.0006615621573442779
2018-04-20,-0.0025293822671312647,0.0016275460558255813
2018-04-23,-0.021414896716318438,0.002067122517936419
2018-04-24,0.0011983224921087163,0.0017656490370981455
2018-04-25,0.020834086902842053,0.0017226652910604407
2018-04-26,0.0006171315920374406,0.0002113031084012805
2018-04-27,-0.007120111806097344,-0.0004343014307851957
2018-04-30,0.01136797118090869,0.0005914157053149924
2018-05-01,-0.0059149895192018125,0.0010100538329769462
2018-05-02,-0.00012360175530211516,0.0010979359547519751
2018-05-03,0.018796279948695812,8.054436639522763e-05
2018-05-04,0.008275242777830021,-0.0002547599778589594
2018-05-07,-0.0010231411322556344,-0.00032318004796504053
2018-05-08,0.01084005224672844,-0.00011618647825357769
2018-05-09,0.010311202468163819,-5.942943689432557e-05
2018-05-10,-0.000943730163235877,0.00012900512123869808
2018-05-11,0.0017098556684873628,0.00019828262700818293
2018-05-14,-0.011136896104482876,0.00055424856783183
2018-05-15,0.00659049439037595,0.0007826059991583915
2018-05-16,-0.003854026293708277,0.0013669748332196317
2018-05-17,-0.005181821654704521,0.0008741739927008198
2018-05-18,0.005597585031940435,0.0013872408202985755
2018-05-21,-0.001307267403474434,0.0011377128922096264
2018-05-22,0.008407888953050615,0.0012920288301211747
2018-05-23,-0.00029485478615495596,0.00044933034365659446
2018-05-24,0.0010021517624764426,0.0005902432893083497
2018-05-25,-0.004428835961565744,0.0008274717561836701
2018-05-29,0.0071355160488529475,0.0003911297812643935
2018-05-30,-0.0006465834170893094,0.0008103788646384676
2018-05-31,0.015577456847817634,-1.2010581853291909e-05
2018-06-01,0.008990378673835732,-0.0012450909808008367
2018-06-04,0.0030933174691386025,-0.0004912738630319081
2018-06-05,0.005816953955742407,-0.0002315212593933685
2018-06-06,-0.00816470892081262,-0.0001349484318542006
2018-06-07,5.732794452212342e-05,1.8814483754865403e-05
2018-06-08,0.002690712944406101,0.0005924497269808589
2018-06-11,0.005246063237475888,0.0007884972137318729
2018-06-12,-5.687473341514843e-05,0.00043125942337473655
2018-06-13,0.010073086135037062,-0.00041202908357894754
2018-06-14,-0.0034970987188656134,-0.0003660870375041185
2018-06-15,-0.0027158554658526226,-0.0006064719045396805
2018-06-18,-0.0028368813351997263,0.0006931773479518211
2018-06-19,0.007077170374085079,0.0005173072034277732
2018-06-20,-0.008726256642436186,0.0005425498640846478
2018-06-21,-0.0022220332191922143,-0.00018838533363921403
2018-06-22,-0.022787913877850553,0.0007099169587594836
2018-06-25,0.004076409092308419,-0.00023901281780381017
2018-06-26,-0.013692431591626315,0.0007415025228801391
2018-06-27,0.00856511161324705,-0.00021233580158764925
2018-06-28,0.0026834691170140867,-0.00044819815151148773
2018-06-29,0.006677336466254235,-0.000881012392053465
2018-07-02,-0.011641575015485755,-0.0005478455180337937
2018-07-03,0.012335778444961358,-5.058222521109844e-05
2018-07-05,0.015436567388332458,7.698051150620172e-05
2018-07-06,0.008956975982214642,-0.0012252470656603483
2018-07-09,0.0007334067068747537,-0.0011089884985906345
2018-07-10,-0.005088494046231914,-0.0007820491132545307
2018-07-11,0.0170848260392908,0.00032042005547649197
2018-07-12,0.0008354917354587274,-0.0002868236432468211
2018-07-13,-0.0023969464359381003,-0.00047362880601948447
2018-07-16,0.006064839844514017,0.0002325916355808296
2018-07-17,-0.001887840649518927,0.00021745645311784445
2018-07-18,-0.005014496801245664,0.0006743059145025124
2018-07-19,-0.00022345120477308632,0.0005951402321443034
2018-07-20,0.003179475555322786,0.0007770135392328194
2018-07-23,0.0041127162955402466,0.0011804404808691258
2018-07-24,0.013879932016400903,0.00025247034137458125
2018-07-25,-0.015267472130788308,-0.000405348141373343
2018-07-26,-0.013588153264526226,-2.6701542741438666e-05
2018-07-27,-0.01423208894654865,0.00020347570159510726
2018-07-30,0.0076232022374695405,0.0007255091357933983
2018-07-31,0.0037899188390476883,0.00038253513421181157
2018-08-01,0.013514855922410774,-0.0006737429502948854
2018-08-02,0.003058871715739377,-0.0016459387845164188
2018-08-03,0.0058690163483255545,-0.0009087601525959521
2018-08-06,0.003636968796576213,-0.000225520030708656
2018-08-07,0.0012093894058311293,-0.00033287339295966787
2018-08-08,-0.0006045118750849407,0.00040578743413248073
2018-08-09,-0.007670484315324274,0.0005992991740376694
2018-08-10,-0.0011085246673343708,0.00046835989205817343
2018-08-13,0.006247083367613211,0.0006506165025836682
2018-08-14,-0.012310236415573423,0.00039424942894653427
2018-08-15,0.0032864533131208486,-0.0005594384298388981
2018-08-16,0.0002224199297427035,0.0005862982408519392
2018-08-17,-0.0008899766968561929,0.0002295149371463771
2018-08-20,0.003666059763370194,0.0006344951788862299
2018-08-21,0.0038736144944107828,0.00031566267531899753
2018-08-22,-0.001437020089218134,0.0008284258139479178
2018-08-23,0.009249130018056361,0.0007244197169867478
2018-08-24,0.010141300589385744,0.0005509573819091318
2018-08-27,0.0014636132169598703,-4.9655325783343456e-05
2018-08-28,0.01147178327330178,0.0004336991042937044
2018-08-29,-0.0017687261746257127,-0.00019492476159431752
2018-08-30,0.0012866564794386782,0.00024213623558614868
2018-08-31,-0.00429530861733171,0.0005701411847428002
2018-09-04,-0.012997745941970116,0.0007187855177954311
2018-09-05,-0.008979965070109563,0.0007465378031956758
2018-09-06,-0.003857604254736934,0.0007938552057408316
2018-09-07,0.0033624594147579428,0.0006184535170785787
2018-09-10,0.007674634753108666,0.00076801017290721
2018-09-11,-0.0029532425073764902,-1.880970530246059e-05
2018-09-12,0.010623618751451734,-3.773032780002609e-05
2018-09-13,-0.00293064358238451,0.00018744979548429921
2018-09-14,-0.014507686088092019,0.00031641780474021657
2018-09-17,0.008237731245633645,0.0009230215472958029
2018-09-18,-0.0007659900795826456,0.0006225528082921324
2018-09-19,0.010995701662278954,0.0002073094755832672
2018-09-20,-0.005482737725394112,-0.0007021341682040033
2018-09-21,0.0009793254319158547,-0.0009159108570559357
2018-09-24,0.0013585851069379906,4.6519181955117714e-05
2018-09-25,0.0007057354870697693,0.0005790940414480317
2018-09-26,0.008430203938789899,1.3969480084260718e-05
2018-09-27,-0.0002152736674802546,-3.2664510988805046e-06
2018-09-28,0.0020432311657264312,0.0006184871146540502
2018-10-01,-0.0022585511859370185,0.0007833244103345547
2018-10-02,0.0010761367732104335,0.0012359771872799217
2018-10-03,-0.019385397865559602,0.0011663394638992935
2018-10-04,-0.012302585311417136,-0.000193009148608049
2018-10-05,-0.006124740749660544,0.0006565959206950244
2018-10-08,0.003234083336302436,0.0008184431555914979
2018-10-09,-0.044975703784973585,0.0004694406942995742
2018-10-10,-0.012480752637967935,0.00026144196649799346
2018-10-11,0.027449967278561815,0.0013859470236755977
2018-10-12,-0.012178028319556262,-0.0005934449231165388
2018-10-15,0.028677236302348277,-0.0009462596768926549
2018-10-16,0.00039491129113271734,-0.002431156047526161
2018-10-17,-0.023455293890633867,-0.001558650212322916
2018-10-18,-0.0009243212674268515,0.00015522615478608505
2018-10-19,0.005130729267522807,7.811836254023206e-05
2018-10-22,-0.0036868524969957068,0.00028061213269330075
2018-10-23,-0.04684711169822581,-0.0006536873221154277
2018-10-24,0.034010412328105984,0.0005535128786466038
2018-10-25,-0.02605856319857494,-0.0003100524736885462
2018-10-26,-0.02079555978811705,-0.0008978550099576024
2018-10-29,0.01634549531527351,0.000382005835500038
2018-10-30,0.02323330809000016,-0.00010462317467090304
2018-10-31,0.013104200621984693,-0.0004693228026545846
2018-11-01,-0.01569854169974912,-0.0020092710763378752
2018-11-02,-0.002482710975556217,-0.00041208536032612524
2018-11-05,0.007547205635382904,0.0018875657649321054
2018-11-06,0.030885573344783188,0.0014802561809153254
2018-11-07,-0.006399290492990261,-0.0011868906309869319
2018-11-08,-0.016995611122635305,-0.0007848206344738496
2018-11-09,-0.03072611107999357,0.001011620380819417
2018-11-12,0.0008413462034759727,0.0024151953058755174
2018-11-13,-0.00765825191904193,0.0024043491582102666
2018-11-14,0.017342689158425233,0.0010636747661902702
2018-11-15,-0.003516198980181696,-7.209827193393093e-06
2018-11-16,-0.03301671423254193,-0.0002623797595773282
2018-11-19,-0.018056651473851375,0.0019730247932584067
2018-11-20,0.0075736599619895305,0.002472608998370812
2018-11-21,-0.007259560012804111,0.002822164783216763
2018-11-23,0.02285104086160025,0.0019347521348696511
2018-11-26,0.003370824139853115,-7.420854535332639e-05
2018-11-27,0.031676039042555934,-0.0004570444182893608
2018-11-28,-0.003265551365643885,-0.0019337705244450581
2018-11-29,0.007229232716751225,-0.0013336350051073801
2018-11-30,0.017325572390455832,0.0002876839505233943
2018-12-03,-0.03911162608428473,-0.0005471609817050533
2018-12-04,0.007035295546110326,0.0006647015870721966
2018-12-06,-0.03357308033495098,0.0004618353207261909
2018-12-07,0.010417724052825312,0.0015947905333929461
2018-12-10,0.0033059905217995163,0.0009717620563657763
2018-12-11,0.008762911304216834,-0.00023532884048624758
2018-12-12,0.0003028926268801313,2.492197213953905e-05
2018-12-13,-0.024650214942828805,5.39567727912337e-05
2018-12-14,-0.022920220956715802,0.0018292389238490276
2018-12-17,0.0062688190095958095,0.0026971579361449523
2018-12-18,-0.024861481790530035,0.0023824627531679305
2018-12-19,-0.01460165438200415,0.001427196611688998
2018-12-20,-0.03148395838824132,0.0012197831930661654
2018-12-21,-0.027967604275682234,0.0014088242266902993
2018-12-24,0.06056723136045197,0.003621137094109912
2018-12-26,0.003862398831293847,-0.0022883616965510708
2018-12-27,-0.0005228416562475018,-0.0037490788475022982
2018-12-28,0.008397666770678942,-0.0023230330130744685
2018-12-31,0.004011133022413707,-0.0009253224693720236
2019-01-02,-0.033216050008530076,-6.357313345425365e-05
2019-01-03,0.04189470690407487,0.0005649660959452063
2019-01-04,0.011835210684284714,-0.0008965135167272758
2019-01-07,0.009004815105431892,-0.0018269332121652881
2019-01-08,0.008116420906474743,-0.0019834685056077527
2019-01-09,0.0028562577630008123,-0.0019785438714932557
2019-01-10,-0.003664941829342028,0.0004518586536933892
2019-01-11,-0.008876167789971951,0.0006553723555816518
2019-01-14,0.01933839217061057,0.001518254983539983
2019-01-15,-0.0001847688854454118,0.0008006721681251641
2019-01-16,0.00785328289194923,0.0005451302601576038
2019-01-17,0.009851697290991493,4.151418445090408e-05
2019-01-18,-0.020233582473827443,9.575067406075851e-05
2019-01-22,0.001295936495358741,0.0014372083322722012
2019-01-23,0.006454609776679472,0.0018029580160269973
2019-01-24,0.01187770930679204,0.0012052697428541004
2019-01-25,-0.012429332010859634,0.0005480799059927439
2019-01-28,-0.009486334537200028,0.0005912307922906583
2019-01-29,0.025119731798589656,0.0016658627426001382
2019-01-30,0.014857690041312278,9.148993458349278e-05
2019-01-31,-0.004231107888427471,-0.0012924785908591959
2019-02-01,0.012345103069648124,-0.0008589664368076982
2019-02-04,0.008809077401738462,0.0002830888012661961
2019-02-05,-0.0029863878145905227,9.135468239915246e-05
2019-02-06,-0.013520501165940713,-2.066823060634061e-05
2019-02-07,0.0019596787648646307,6.345130737808432e-05
2019-02-08,-0.0009496676877072478,0.0012011220946608787
2019-02-11,0.01467797285059108,0.0007804439395090591
2019-02-12,0.000701959666145026,-0.000886259252056184
2019-02-13,0.0012272449893771938,-0.000669642756133871
2019-02-14,0.004196299431958386,-0.00010302600501095908
2019-02-15,0.0019754814396118663,-0.0002681693795005655
2019-02-19,-0.0001741502921418817,0.0005975614414491649
2019-02-20,-0.003664179514793092,-8.304775846111482e-05
2019-02-21,0.007372823737709591,0.0006357430341316539
2019-02-22,0.003637312401934372,1.8261092756650336e-05
2019-02-25,0.0010368067284400866,-0.0007073817258716505
2019-02-26,-0.0006334763666013914,-3.0258431134463654e-05
2019-02-27,-0.0023069391395059637,2.5134991789519442e-05
2019-02-28,0.006904912640417012,0.00047647616990552973
2019-03-01,0.00017201341747075772,-0.00034700715522706154
2019-03-04,0.0007450497522056488,-0.0009213224607838425
2019-03-05,-0.005687872620895129,0.00045895392884904
2019-03-06,-0.012348340910760211,0.0004699836597237795
2019-03-07,-0.0015178053118169244,0.00020218351776857849
2019-03-08,0.020584710643374235,0.00011147096051433914
2019-03-11,0.005479153026015892,-0.0006997940165952414
2019-03-12,0.007485149776102208,-0.0016283982882471133
2019-03-13,-0.001696257333100815,-0.0018359533732990444
2019-03-14,0.00923794098493614,9.545886936016034e-05
2019-03-15,0.0005605381312688887,-0.0004950101236447916
2019-03-18,0.0033566465082724988,-0.0004315411854886055
2019-03-19,0.003957531432631903,-0.0003979587984934579
2019-03-20,0.015511033248345149,-0.0010950100720654586
2019-03-21,-0.02220898193247269,-0.0011690451416752645
2019-03-22,-0.0019059370083723587,-0.0015494981025388514
2019-03-25,0.004646354259867951,0.000366837311084541
2019-03-26,-0.006443501772652333,0.0003932061766880905
2019-03-27,0.002302013874165712,0.00020028924751541027
2019-03-28,0.007542567255105284,-0.00010215493569623504
2019-03-29,0.013160267347380612,-0.00014328220945713285
2019-04-01,0.0037832103680616336,-0.000633651719669118
2019-04-02,0.005729736556236006,-0.00045206788887641085
2019-04-03,-0.00038096275189316697,-0.0003214966586911204
2019-04-04,0.005157869023636058,0.00037423429474786303
2019-04-05,0.002541984656603362,0.00021556186683615404
2019-04-08,-0.0035172244803363274,0.00013139403406713318
2019-04-09,0.005352087380446658,0.0003169761727608079
2019-04-10,-0.0023751698075707016,0.00013842539451572105
2019-04-11,0.004314303191934536,0.00031274103740554964
2019-04-12,0.00016142484363384295,6.798535660651516e-05
2019-04-15,0.003437536954676877,0.0002464115472906353
2019-04-16,0.0034791952665677657,0.0001607308430084998
2019-04-17,0.0012815722371363847,-7.5625169038565e-05
2019-04-18,0.00282433376308292,0.00022106753441800868
2019-04-22,0.012637981178278824,0.001045399561724942
2019-04-23,-0.003157731164481927,-0.0004924828595847743
2019-04-24,0.0040506118141532535,0.000161853566745676
2019-04-25,0.0008920841249655017,1.2831329149609518e-05
2019-04-26,0.001938848303018774,0.0002894965190269054
2019-04-29,-0.007778050564542763,0.0007642356811994118
2019-04-30,-0.0032235079568221584,-0.00020669494463703428
2019-05-01,-0.004349677980297309,-5.5191739652411375e-05
2019-05-02,0.015822280395960616,-0.0005806207882752851
2019-05-03,-0.006140945686083469,-0.0005757598799349252
2019-05-06,-0.019672068271733352,-0.0012617934903347608
2019-05-07,-0.002526815139760274,-0.0006824521506713381
2019-05-08,-0.005397541036251191,0.0005233891416950946
2019-05-09,0.001244016711263196,-0.00026044822168593733
2019-05-10,-0.03531914498925434,-0.0011230298883285715
2019-05-13,0.01091567978093831,-0.000309396167274724
2019-05-14,0.014025475354504458,0.00020820016671775675
2019-05-15,0.009999539872271949,-0.0015526442026474073
2019-05-16,-0.01027266690535217,-0.0023296057275190196
2019-05-17,-0.017025673666393366,-0.0017495152078600246
2019-05-20,0.010393150106263788,0.0006266028977588204
2019-05-21,-0.004464662232278652,0.00018963617958029201
2019-05-22,-0.01542046310461944,-0.00018424048669009796
2019-05-23,-0.0005050363452930988,-0.00038185361656779
2019-05-24,-0.003767753648856905,0.0006947642826943237
2019-05-28,-0.008259834242374304,0.0005554062801274846
2019-05-29,0.00419501748991083,-0.0001206452524150658
2019-05-30,-0.016081550949840796,0.0001938453263674732
2019-05-31,-0.022263831212518126,0.0005824751100594488
2019-06-03,0.027767485533538947,0.0009192417647564655
2019-06-04,0.007404909661667588,-2.4424411024137355e-05
2019-06-05,0.007913669698596183,-0.0006222470061612285
2019-06-06,0.019127866046046306,-0.0007207727590262452
2019-06-07,0.011587487899541555,-0.0013300858641927
2019-06-10,0.0013640705975410158,-0.0005654237082068215
2019-06-11,-0.005796483665607762,-0.00033769114834663336
2019-06-12,0.005905528974041296,0.0010460066776558636
2019-06-13,-0.004261602909258052,0.0015889033799754352
2019-06-14,0.006004712621780448,0.0014148393063897042
2019-06-17,0.014426834037833668,0.0009593732759398438
2019-06-18,0.0037481303249868566,-0.00022602906395047207
2019-06-19,0.009256369952324916,0.0004755920358766618
2019-06-20,-0.0014837584196345874,0.0002512187731085881
2019-06-21,-0.00217662602856918,0.0010655616440212756
2019-06-24,-0.01731528961347688,0.0022712932517123005
2019-06-25,0.004639628521293988,0.002301999299803512
2019-06-26,0.0038142354657910204,0.002320400395869822
2019-06-27,0.0012860359719095475,0.0013907418754458742
2019-06-28,0.01340445602430681,0.0008419681749226916
2019-07-01,0.003954971274353999,-0.00016443213048369454
2019-07-02,0.007497741245677286,0.0006891370699785141
2019-07-03,-0.0020392697072088863,0.0005617313335394268
2019-07-05,-0.007038583528454972,0.0006256551639516228
2019-07-08,0.004995146700978092,0.001440884713272314
2019-07-09,0.009916056409384444,0.0010672916656300564
2019-07-10,-0.0007273105416980584,-0.0002085937711537836
2019-07-11,0.005752056279141461,-0.0002042906714442602
2019-07-12,0.0031985169654163447,4.761466320104537e-05
2019-07-15,-0.005163967065386027,0.0003519377183264275
2019-07-16,-0.004930592576098303,0.000499773679014809
2019-07-17,0.0011439863969265158,0.000910917914403688
2019-07-18,-0.0073547002360748615,0.00036239465710878735
2019-07-19,0.007926203044200558,0.0002153241034556926
2019-07-22,0.006523112796913776,0.0002736737817280177
2019-07-23,0.00699339508846589,-0.0005021640878785337
2019-07-24,-0.009525107412338687,-0.00023526817399231606
2019-07-25,0.01024224708040563,-0.00015847887973032253
2019-07-26,-0.003436693900847965,0.00030339871329698167
2019-07-29,-0.0043254444369848575,0.00011927779461359724
2019-07-30,-0.013926643710630796,0.0005028147259111047
2019-07-31,-0.004983616871958593,-0.0007600999744924873
2019-08-01,-0.014834709134572346,-0.00047957154487127595
2019-08-02,-0.035974320392149185,-0.0002811588801879838
2019-08-05,0.013901704689519826,0.0004916929217120432
2019-08-06,0.005387621532378821,0.00017704613386453722
2019-08-07,0.021530455049628208,-0.0013325101687480727
2019-08-08,-0.009446367775719085,-0.0026087925644025446
2019-08-09,-0.01154149366320157,-0.0017802304894751386
2019-08-12,0.021678157497129497,0.0006019057875723565
2019-08-13,-0.030340465482212274,-0.0008016295132387061
2019-08-14,-0.001149708593424824,-0.0003835300266504418
2019-08-15,0.01592295142161403,0.0001811177818874508
2019-08-16,0.01577952561113908,-0.0008599468376146772
2019-08-19,-0.007778408957216297,-0.0017526171864669692
2019-08-20,0.008839248180450392,-0.0016350447277693743
2019-08-21,-0.003239084207228336,-0.00036641953413885206
2019-08-22,-0.0321571116345314,0.00030536266591446235
2019-08-23,0.014991149944020796,0.0009318509461565465
2019-08-26,-0.0021123907651796787,0.0008751701610580893
2019-08-27,0.0035722055739108222,0.0007073973447404439
2019-08-28,0.015174147082031901,7.986182000516574e-05
2019-08-29,-0.002397507741557309,-0.0008186230636765888
2019-08-30,-0.009755651986010931,0.00018769563645864066
2019-09-03,0.014332562583566822,0.0008747672421523561
2019-09-04,0.01815313851887923,0.0007207970357279124
2019-09-05,-0.000991209617634152,-0.0007221053849952104
2019-09-06,-0.0020899741135886442,-0.00013467660607544745
2019-09-09,-0.002880865203825782,0.0001993214927063524
2019-09-10,0.009345618441981035,0.0011538815541430008
2019-09-11,0.004148737994441241,0.0006046619830776261
2019-09-12,-0.0035772648770884736,-0.0001367511234855105
2019-09-13,-0.004476609422735951,0.0003545828643541616
2019-09-16,0.004788184436940689,0.0011766178382203209
2019-09-17,-0.00041545492911648134,0.0009937705092891696
2019-09-18,0.0016607851025127979,0.00023517511944238676
2019-09-19,-0.010635070523235349,0.0006375983079595898
2019-09-20,-0.001573564447430552,0.000896283396724272
2019-09-23,-0.013369818938251659,0.001729976320311086
2019-09-24,0.011162660545776122,0.00020057547830794006
2019-09-25,-0.0036894576189261683,-2.9425208669293457e-05
2019-09-26,-0.012486546760445324,0.00010333133421822798
2019-09-27,0.009472186615532,-5.8169511110431164e-05
2019-09-30,-0.008189792638023712,0.000307995421281402
2019-10-01,-0.017343965947386887,8.720488798034812e-05
2019-10-02,0.010915487174519846,-0.00023741705768321993
2019-10-03,0.014618271410890879,-5.004714737289612e-05
2019-10-04,-0.003023473991333712,-0.0007587861427384361
2019-10-07,-0.015094222240270763,-0.0004433098719301843
2019-10-08,0.00971428543522503,-1.3854098930324212e-05
2019-10-09,0.007714650801999696,0.0011564339367897644
2019-10-10,0.012796720084828902,-1.4540360446744453e-05
2019-10-11,-0.0001046572476100016,-0.0016380645831123538
2019-10-14,0.012636345048491971,0.00012135303268037169
2019-10-15,-0.002483444984995618,0.00022751055582163936
2019-10-16,0.0026384557068810112,0.0003608382373055841
2019-10-17,-0.009656393173588209,0.0009044048828901296
2019-10-18,0.008829391524138011,0.0010871764492172444
2019-10-21,-0.007995058681245656,0.0015542087302937266
2019-10-22,0.0019267327021770277,0.0008180729219494595
2019-10-23,0.009681419617497473,0.0013592708213105938
2019-10-24,0.007954266658520549,0.0005795037198842953
2019-10-25,0.009816716254157263,0.00042564667499213034
2019-10-28,-0.007774231883966922,9.184933549427404e-05
2019-10-29,0.004834245986917556,0.00100970372222866
2019-10-30,0.0004567716474980824,0.0011545365961088843
2019-10-31,0.009041607245647412,0.000618348969711665
2019-11-01,0.006165896668277908,0.0003867718542329931
2019-11-04,0.0005495740939203912,0.00019968865770736725
2019-11-05,-0.0022501697120903314,0.0007736390709823632
2019-11-06,0.003348412633977959,0.0006316802433888034
2019-11-07,0.003983473872781267,0.0008470546279312507
2019-11-08,-0.0013426491984429654,0.0008760172444243369
2019-11-11,0.0028819895724225258,0.0013525880320793206
2019-11-12,0.0002480589400759404,0.0008744337031811517
2019-11-13,-0.0007940053019995118,0.000829031970775954
2019-11-14,0.007320604489200247,0.0007108046235389698
2019-11-15,0.000788216209093131,0.0002909725670587585
2019-11-18,0.0014762329223581103,0.00033932557506247954
2019-11-19,-0.006016984024204093,0.0005328311531487078
2019-11-20,-0.0022285511266138605,-0.0008138101867093558
2019-11-21,0.0006443139518616686,0.0008380009978338934
2019-11-22,0.01177208521536425,0.000597552191778004
2019-11-25,0.001907884051076143,-9.595021282122638e-05
2019-11-26,0.006964596518916411,-8.543471876885879e-05
2019-11-27,-0.004572659619049487,-0.0001240546277980017
2019-11-29,-0.010291686036547525,0.0006799282962258271
2019-12-02,-0.007863347556997443,6.744210219530107e-05
2019-12-03,0.005051516288696206,0.00010397955356263218
2019-12-04,0.0019740419972102655,0.0006707871373380799
2019-12-05,0.01064178936771184,-9.593506228194838e-05
2019-12-06,-0.004546906897413791,-0.0006946491441766098
2019-12-09,-0.000833394660584824,-0.00022361995265937021
2019-12-10,0.005282735823007295,2.3240020156564678e-05
2019-12-11,0.007436423975283547,5.047579137044565e-05
2019-12-12,0.003287409293690927,-0.0008896926985439715
2019-12-13,0.009989037580187184,-0.001018646586859464
2019-12-16,0.0005732575516467078,-0.0003868467247994975
2019-12-17,0.0007638325668555764,0.00010377284629161645
2019-12-18,0.006232031777723047,0.0005157913525359677
2019-12-19,0.004023007532044888,0.0002778484816715614
2019-12-20,0.0004722327250583983,-0.000203087031793349
2019-12-23,0.0005191985579071437,-1.6057324192576307e-06
2019-12-24,0.008785379848502394,0.0012016205517026758
2019-12-26,-0.0008423023427331089,0.0005134444267374991
2019-12-27,-0.0065755720466250086,0.0005083040535221596
2019-12-30,0.0018831510673159289,0.0006997045873767052
2019-12-31,0.01655937272161428,0.0011384176201208653
2020-01-02,-0.009202091239159759,-0.0005178506555341736
2020-01-03,0.006422510092566968,-0.0005098442396044814
2020-01-06,-0.0001391820735736144,0.00010760307906226884
2020-01-07,0.007488247989108504,0.00023736898169992053
2020-01-08,0.008437707692667998,-0.00013345470167901727
2020-01-09,-0.0025604695987694144,-0.0007086557589131991
2020-01-10,0.011470834502019503,-1.4246807028669897e-05
2020-01-13,-0.0039453149604297445,-0.00032554923022120935
2020-01-14,0.0004088586087619618,-0.00042933355437352804
2020-01-15,0.009537873186639468,-0.0002724069267554005
2020-01-16,0.004936508700959959,-9.016782332439428e-06
2020-01-17,-0.00044776788461378024,-0.0006033671256785553
2020-01-21,0.002638937011723337,-0.0002753661961442601
2020-01-22,0.003210991475841103,2.5261475343290284e-06
2020-01-23,-0.008450943452309423,-0.0003770061164915183
2020-01-24,-0.020871901055738516,-0.0010743501837222765
2020-01-27,0.015243157161623895,-0.0005531571693582924
2020-01-28,0.0016243291934908508,-0.0001167455945387647
2020-01-29,0.003555279278746457,-0.0012847240527065194
2020-01-30,-0.01598512539403634,-0.002236487804192309
2020-01-31,0.014996316827695113,-0.001747838221412838
2020-02-03,0.022630731288667275,-0.00032004860738214704
2020-02-04,0.003291714442763105,-0.0023214544555439126
2020-02-05,0.00859497885114986,-0.002644221501765068
2020-02-06,-0.0043100700170990705,-0.001402970844323672
2020-02-07,0.012013068119594543,-0.0004182917153155237
2020-02-10,0.00017242122547983998,-0.0006283744953320823
2020-02-11,0.009693822157034635,-0.0011752270124386322
2020-02-12,-0.0012813943321770454,-0.0008146388838987787
2020-02-13,0.002859522658679185,-0.0006367315924299993
2020-02-14,0.0003834927716002056,-0.0003891163482797086
2020-02-18,0.009539831947798047,-0.00044846751149728954
2020-02-19,-0.009326843938217796,-0.00023903328983074798
2020-02-20,-0.019396371980848107,-0.0010690207169132587
2020-02-21,-0.039326681333394425,-0.0006548403346690625
2020-02-24,-0.027568372879632246,0.0003107193657196062
2020-02-25,0.005140685165976546,0.0009465840746580244
2020-02-26,-0.051371097235173975,-0.0008642210478229874
2020-02-27,0.0007777562126453683,-0.0008913702318242554
2020-02-28,0.05031614074355332,-0.0016106953557453716
2020-03-02,-0.03259269473221566,-0.0049729551769644425
2020-03-03,0.04087545881566572,-0.004590123280710127
2020-03-04,-0.03085328833875516,-0.0047809676822460415
2020-03-05,-0.017016210963210415,-0.0026125105944847294
2020-03-06,-0.07199502476753283,-0.0006725818111103948
2020-03-09,0.053019860048496924,0.0005927177060969387
2020-03-10,-0.04453193645913227,-0.001759177294943019
2020-03-11,-0.0961711178699663,-0.003204665195923251
2020-03-12,0.08130862940748297,0.0015208932317478502
2020-03-13,-0.12759235014524606,-0.0038223879966330526
2020-03-16,0.0731033330005828,0.0015367864992725223
2020-03-17,-0.030888333969812817,-0.004154960043515054
2020-03-18,0.005984323171695342,-0.0042145582806755125
2020-03-19,-0.039963981541159974,-0.0018158555306108785
2020-03-20,-0.0014069647062431945,-0.002407309019661927
2020-03-23,0.07458555709122454,0.00024159120875222448
2020-03-24,-0.007432540500758729,-0.0050598177270897715
2020-03-25,0.05132072132903687,-0.005005618627556484
2020-03-26,-0.03499826972234012,-0.006321772335403056
2020-03-27,0.03572755037142548,-0.0017665910156295507
2020-03-30,-0.008576561305474645,-0.001617274488456297
2020-03-31,-0.04341858754189147,-0.002095612985803555
2020-04-01,0.020091900893485837,0.0017041125240940392
2020-04-02,-0.01429446614778619,0.0005714743985335007
2020-04-03,0.06905467539770443,0.000891433513586348
2020-04-06,-0.00040724903841207315,-0.0035117397100881778
2020-04-07,0.02100991707758992,-0.0030614841106311693
2020-04-08,0.0014448349672376408,-0.0007713523584289132
2020-04-09,0.010745603408956932,0.00018112610623503963
2020-04-13,0.04257192779420026,0.0017537620639762968
2020-04-14,-0.011536124517930372,-0.00011211179108094405
2020-04-15,0.01807563172136864,0.0011489081344336987
2020-04-16,0.009520770101448988,0.000561964505888688
2020-04-17,-0.01191519364971863,0.000474868919345122
2020-04-20,-0.03759751306441115,0.0011814915005047707
2020-04-21,0.029242693513624136,0.00158731730142055
2020-04-22,-0.002135282787153628,0.0016426075777705574
2020-04-23,0.015647411345085363,-0.0003224414967332918
2020-04-24,0.008011221234632293,-0.0010178900677199174
2020-04-27,-0.01901429457896329,-0.0014659415545144436
2020-04-28,0.0348467313301681,0.0006019449519268573
2020-04-29,-0.0004110433708623841,-0.0015740007838086216
2020-04-30,-0.0285899236221196,-0.0016780977821999892
2020-05-01,0.011589997948727353,-0.0006405227797778288
2020-05-04,0.01127345149566946,-0.0007674243574214185
2020-05-05,0.006137517548585299,-0.0017494950846070867
2020-05-06,0.012794512360094793,-0.002974776971136978
2020-05-07,0.013611744145018059,-0.003496214501450178
2020-05-08,0.008899179887155818,-0.002771083987371753
2020-05-11,-0.021159389835362852,-0.003007721046341755
2020-05-12,-0.012594739041343601,-0.002068214122349338
2020-05-13,0.011288285426079897,-0.0013033115697523097
2020-05-14,0.0064704786522029965,-0.001698571840222329
2020-05-15,0.018460697325976636,-0.003355776284011264
2020-05-18,-0.0025094116054256957,-0.0038460343460611063
2020-05-19,0.019771511483120865,-0.002704015712096637
2020-05-20,-0.010950441843769747,-0.0024902543507817503
2020-05-21,0.0034457975777955527,-0.002317622090461949
2020-05-22,-0.0027032935581837035,-0.0009741736350888847
2020-05-26,0.005442723470065124,-0.0012209950587296352
2020-05-27,-0.0013035545428058872,-0.0023556671208681637
2020-05-28,0.014546495842347183,-0.002292120647936971
2020-05-29,0.002995167187154145,-0.002706083537192746
2020-06-01,0.006685285389661786,-0.0018099942311398426
2020-06-02,0.004488489920437749,-0.0017140425108610594
2020-06-03,-0.00703810248588276,-0.0018982986441844212
2020-06-04,0.019633256184062066,-0.0010754955170102268
2020-06-05,0.007730069245516757,-0.002257513903898919
2020-06-08,0.007218758789061334,-0.00197167805266822
2020-06-09,0.011930195429991896,-0.001930406735149583
2020-06-10,-0.050818863428657046,-0.0026280112479545527
2020-06-11,0.007916619341491557,-0.001395829320950494
2020-06-12,0.012093778228536302,-0.001222519334313682
2020-06-15,0.017026989430914203,-0.002347696341174418
2020-06-16,0.003165665480059003,-0.003823429591990253
2020-06-17,0.002705474083121122,-0.0038622667450609713
2020-06-18,-0.00016375992831157749,-0.0020482552279880288
2020-06-19,0.010183802216696122,-0.0021612125968830504
2020-06-22,0.00847496900350045,-0.0016358240451099944
2020-06-23,-0.020831125799264,-0.002338487667781567
2020-06-24,0.009474485868874432,-0.001614825494197815
2020-06-25,-0.023898309590085345,-0.0018247210919414398
2020-06-26,0.010847620135889108,-0.0019274213179944135
2020-06-29,0.0194117505482076,-0.0019453129705405687
2020-06-30,0.011604458757967192,-0.003632375000749954
2020-07-01,0.006763772105707646,-0.0035157307871819666
2020-07-02,0.024287299795076073,-0.003422210905974665
2020-07-06,-0.006912648885671197,-0.003007660360523501
2020-07-07,0.013085746153881533,-0.0023307562623202395
2020-07-08,0.00838812203226087,-0.0017094384889279634
2020-07-09,0.006804169555916021,-0.0022285995092541804
2020-07-10,-0.02078503946977746,-0.0012022720356167694
2020-07-13,0.00705327546846138,-0.0024812101515875305
2020-07-14,0.0020334958184196005,-0.002058514823625792
2020-07-15,-0.006845917279608777,-0.002069103546473
2020-07-16,0.0011570950494533103,-0.0018755184931108985
2020-07-17,0.027975978800370758,-0.0017521805472971662
2020-07-20,-0.010475245566581772,-0.002503274785976352
2020-07-21,0.003516537002504505,-0.0027647917474325798
2020-07-22,-0.026467296288418055,-0.0015477779386445143
2020-07-23,-0.00954112812625999,-0.0011012836783572883
2020-07-24,0.017685847266808614,-0.0005851372421408613
2020-07-27,-0.01280655113334984,-0.0024654967497066303
2020-07-28,0.011460112260218213,-0.0025264446635445957
2020-07-29,0.0052217434832553524,-0.002941097980143976
2020-07-30,0.017688155687949517,-0.0033929115585408444
2020-07-31,0.013416498871644502,-0.004047615556113623
2020-08-03,0.003705354765590484,-0.0034131142237228385
2020-08-04,0.002474928770087851,-0.002224347205788651
2020-08-05,0.013157843443089273,-0.0013926761959114037
2020-08-06,-0.011609513118284858,-0.0016462510698989894
2020-08-07,-0.004282187502634627,-0.00185237916736427
2020-08-10,-0.01912289831839963,-0.0008397870300410715
2020-08-11,0.024840677696984486,-0.0008608136834720771
2020-08-12,0.0022779890072762285,-0.0018752186130044234
2020-08-13,-0.0011750882668264944,-0.0028079910814477554
2020-08-14,0.01154392888261178,-0.0020311093304508404
2020-08-17,0.009579136668310152,-0.0014830469172548567
2020-08-18,-0.0067500752623646226,-0.0010682128411489025
2020-08-19,0.013776452977931408,-0.0013666954406643538
2020-08-20,0.006906399826374104,-0.0008870253537125905
2020-08-21,0.006224600115618665,-0.0014899091559560603
2020-08-24,0.007831608624936195,-0.0016883433625840016
2020-08-25,0.021114626102462394,-0.0019555929684570345
2020-08-26,-0.0031217328656869413,-0.0022320130009107404
2020-08-27,0.005072151797392749,-0.00244947768423702
2020-08-28,0.008001268406375795,-0.0009621093686379583
2020-08-31,0.016947278506143453,-0.0012903917007027741
2020-09-01,0.009424640013310049,-0.0016157472397268957
2020-09-02,-0.052030644690160055,-0.0028957249901632284
2020-09-03,-0.013415497441394782,-0.0019025687642625789
2020-09-04,-0.049257513645115845,-0.0006516239193795805
2020-09-08,0.028952609160384182,-0.00014111155056412876
2020-09-09,-0.02013808012825101,-0.0029668819592528375
2020-09-10,-0.006964047378993226,-0.004818381584667226
2020-09-11,0.017265508340377485,-0.004016138029956349
2020-09-14,0.014074065806247149,-0.004930064700534611
2020-09-15,-0.016074903187286063,-0.004815564536668735
2020-09-16,-0.01574546687074002,-0.004492830007566343
2020-09-17,-0.012844793961652275,-0.0028914027057787826
2020-09-18,0.002395300370515444,-0.0025649202862414355
2020-09-21,0.018408268099480398,-0.003106626799173472
2020-09-22,-0.031010236742560208,-0.005039534863369593
2020-09-23,0.004645462041286863,-0.003500297307571638
2020-09-24,0.02298266722034154,-0.0029969963739228636
2020-09-25,0.020556157882301706,-0.0037686021824664714
2020-09-28,-0.004519577430237831,-0.004245501829426497
2020-09-29,0.0068257185503082535,-0.0028188152785042784
2020-09-30,0.015747794593952917,-0.001022642647620558
2020-10-01,-0.028534349316172852,-0.0007119710983547176
2020-10-02,0.02110201482394332,3.972227764859103e-05
2020-10-05,-0.01800812187972839,0.0005962039129133114
2020-10-06,0.017151101401619205,0.0009155540583903933
2020-10-07,0.005308832592146711,0.0007263017979869143
2020-10-08,0.015164629722688495,-0.0002910970310338553
2020-10-09,0.030403555101380864,0.00020490092176648307
2020-10-12,-3.395297513267283e-05,-0.0018067850306815341
2020-10-13,-0.008387651888190573,-0.0003148221127173994
2020-10-14,-0.00673356948496699,0.0014534571019483018
2020-10-15,-0.005495943734858389,0.0023342658830590433
2020-10-16,-0.016459982666557803,0.0018013328034839579
2020-10-19,0.002147094329006428,0.0013609362201884563
2020-10-20,-0.0007738304993959688,0.0005937858224875352
2020-10-21,-3.518834562357422e-05,3.522406505978323e-05
2020-10-22,0.0019686429756704165,-0.0007032021576513604
2020-10-23,-0.015109715814265623,-0.0008266750651207684
2020-10-26,0.007777994568670778,-0.00011096732207583823
2020-10-27,-0.03976710169441418,-0.0003027171437553246
2020-10-28,0.017335251543359836,-0.0002875086223629764
2020-10-29,-0.025689889618281503,-0.0008089363456616305
2020-10-30,0.0022248600100122913,-0.0019364039781886604
2020-11-02,0.01714967760794821,-0.0013131038025440086
2020-11-03,0.04367101794155256,-0.0032462545926569522
2020-11-04,0.025736841156330015,-0.0050163738074372865
2020-11-05,0.0007470288972188503,-0.005271123191707456
2020-11-06,-0.020645452078936744,-0.002468612297645383
2020-11-09,-0.01807709930806962,-0.0009814160044707256
2020-11-10,0.022123097738378752,0.0012067252917112093
2020-11-11,-0.0047045887243092385,-0.00013916203220282848
2020-11-12,0.008734282995769406,-0.0009568281841889131
2020-11-13,0.007772281605933004,-0.001121576567118338
2020-11-16,-0.0031769374424037372,-0.0011079299177372067
2020-11-17,-0.007417871164728044,-0.00011692933542843719
2020-11-18,0.0077941646781052604,0.00022868386756441216
2020-11-19,-0.0068639160279282,0.0006912613961689005
2020-11-20,3.4437040484108845e-05,0.0005385460662454327
2020-11-23,0.013952283234605959,0.00015727610002777212
2020-11-24,0.00612782281445665,-0.0006725338657588638
2020-11-25,0.009172064502386107,-0.0005555580692836247
2020-11-27,0.002037987441761449,-0.0008247289717527848
2020-11-30,0.012734801007859153,-0.0005737625779814229
2020-12-01,0.0012843524842693767,-0.0005981308697768245
2020-12-02,0.0014141715477361122,-0.0007714600043664537
2020-12-03,0.004066912788160347,-0.00019859359951394885
2020-12-04,0.005646505528883403,0.00011990593270474808
2020-12-07,0.0033791499808835546,-5.694664967554209e-06
2020-12-08,-0.02290126332941784,-0.0001089147306233989
2020-12-09,0.004007755890218727,-0.00102792489541514
2020-12-10,-0.0022171857453934405,0.00024253272931649278
2020-12-11,0.007229066455404554,-0.00044137288682439754
2020-12-14,0.010632655418713268,-0.0013333154331083103
2020-12-15,0.005484622767350809,-0.001775695828631125
2020-12-16,0.006516362295330397,-0.0012907613157339937
2020-12-17,-0.003027085041017978,-0.0011656493858008582
2020-12-18,-0.003683483437152897,-0.0015788816583199423
2020-12-21,0.0027154603871490683,-0.0009302225643691478
2020-12-22,-0.0050488812021968615,-0.0005773388841690285
2020-12-23,0.00440301151624309,-0.0006629240179663589
2020-12-24,0.010028368949871249,-0.0008010653300427363
2020-12-28,0.000895083494322645,-0.0015308807490773944
2020-12-29,3.1952454750163e-05,-0.0016252417077917912
2020-12-30,0.002457278126891703,-0.0008300243921599798
2020-12-31,-0.014220607189549749,-0.0006259053240367115
2021-01-04,0.008210358918194898,-0.0012862794864985688
2021-01-05,-0.01394920906919252,-0.0009208618936491515
2021-01-06,0.02390398465888784,-0.0018576363178021132
2021-01-07,0.012775997503708074,-0.0017547525795521767
2021-01-08,-0.014555470486774837,-0.002766058056932108
2021-01-11,-0.0015914953863695644,-0.001573557529264308
2021-01-12,0.006730611477534357,-0.0007771201342018415
2021-01-13,-0.005361773025462388,-0.00036479231835003043
2021-01-14,-0.007952645672330727,-0.0009088342688444847
2021-01-15,0.014484471799893239,-0.0013069129024228978
2021-01-19,0.02299454621082845,-0.0011541082779471111
2021-01-20,0.007967679393138392,-0.0023656750734695584
2021-01-21,-0.002884410849426464,-0.0024418893256755243
2021-01-22,0.008232262304071238,-0.0009084567005266321
2021-01-25,0.0014618549885205613,-0.000678033494115046
2021-01-26,-0.02827261552217471,-0.00019736920672476553
2021-01-27,0.0058993538240218,-0.0010064547736406027
2021-01-28,-0.021262674346810048,-0.0005928424072161056
2021-01-29,0.02468020648905085,-0.0012511579270717498
2021-02-01,0.016182478963235894,-0.002230356512962031
2021-02-02,-0.003975175708299717,-0.003551616380467308
2021-02-03,0.011757316150354732,-0.001962811197338199
2021-02-04,0.0033857347941309247,-0.0016558123966088005
2021-02-05,0.00667731900175306,-0.0008147489417410004
2021-02-08,-0.0002098667353937527,-0.0008152326165136166
2021-02-09,-0.002281392638412293,-0.000588877871286897
2021-02-10,0.005484556627913661,-0.0007267981306607559
2021-02-11,0.005573535731192325,-0.0007769914468510699
2021-02-12,-0.0027083752920725175,-0.0013298959844719655
2021-02-16,-0.004809784169010312,-0.0014760318334270908
2021-02-17,-0.004381759711816011,-0.0011790368465876221
2021-02-18,-0.0043708339490337285,-0.0010352895207623525
2021-02-19,-0.026261724096994198,-0.001347495101583684
2021-02-22,-0.0029817390708824745,-0.0013716354104408328
2021-02-23,0.008209336542648703,-0.002364334406888407
2021-02-24,-0.035484757886493024,-0.0026214732482913046
2021-02-25,0.004178834414212891,-0.002990026967312536
2021-02-26,0.02963853594338448,-0.00298797672475805
2021-03-01,-0.016168828388042816,-0.0036934789866721065
2021-03-02,-0.029449511731557607,-0.0035175116395376876
2021-03-03,-0.016502347555351262,-0.0025495486508903893
2021-03-04,0.014948546906083337,-0.0014324963707625445
2021-03-05,-0.028722686935868304,-0.002495130475422194
2021-03-08,0.038683281818360685,-0.0030776454828676356
2021-03-09,-0.002858750842764795,-0.0040288941417889745
2021-03-10,0.02277017540415294,-0.0035346737626867726
2021-03-11,-0.008145269973954867,-0.002935065489530989
2021-03-12,0.010626154315155074,-0.002419631590599233
2021-03-15,0.005473809823251982,0.0002393374672451053
2021-03-16,0.004109083107027532,-0.00029682437300004904
2021-03-17,-0.03110955358465,2.897863552943315e-05
2021-03-18,0.0035189901632644116,0.0007880107222476319
2021-03-19,0.0173174094195227,0.0017058191410486154
2021-03-22,-0.0043722448274856164,0.0001918878649389789
2021-03-23,-0.01700910516227394,0.00024243197120074286
2021-03-24,-0.0017329914478391893,0.0007705323196305815
2021-03-25,0.014888770721611318,0.001777221328295372
2021-03-26,-0.00028485069268892343,0.000757964905873173
2021-03-29,-0.005045787644018939,0.0004567897765891443
2021-03-30,0.015186968030459005,0.0012863766285545145
2021-03-31,0.01690268608692829,0.0013472559155441681
2021-04-01,0.019768192003263404,0.00038355814777276407
2021-04-05,-0.0006950005567801158,0.00013882921742724595
2021-04-06,0.002415314259151531,0.0013051918822879027
2021-04-07,0.010379574212382154,0.0025591214459832613
2021-04-08,0.006039977302311998,0.0021625178471166135
2021-04-09,-0.0013060644796407015,0.0017040097417987672
2021-04-12,0.01160554612030789,0.0019290788827128545
2021-04-13,-0.012080901903346255,0.00176971090526771
2021-04-14,0.015041869165381671,0.0015527295557201935
2021-04-15,0.0011702409105900607,0.001253413883586563
2021-04-16,-0.009193913988171723,0.0008952498489827525
2021-04-19,-0.007315408240020385,0.0014826585465523051
2021-04-20,0.008524544739576688,0.0011746514264528072
2021-04-21,-0.01212783030467,0.0007633630008810868
2021-04-22,0.012510909975191366,-0.00020997245016692598
2021-04-23,0.006490001489219565,-0.0006552887467107661
2021-04-26,-0.004341583281269299,-0.0010180209195330791
2021-04-27,-0.003386589410619481,-0.0008314732833608731
2021-04-28,0.0035923598009865968,-0.0011375316381189654
2021-04-29,-0.006576157934902984,-0.0011239304691557698
2021-04-30,-0.005339832914267156,-0.001551124356858508
2021-05-03,-0.018159669412871823,-0.0009193547653579554
2021-05-04,-0.0033678749008255334,-0.0026269852973675096
2021-05-05,0.00750904306488462,-0.0017465802927174694
2021-05-06,0.008081641077839272,-0.0029465811110354415
2021-05-07,-0.02557870223919006,-0.0035796282026369884
2021-05-10,-0.0013823400606920969,-0.002955411228639344
2021-05-11,-0.026223863358230678,-0.002245838440290696
2021-05-12,0.007701655408374812,-0.0021160192539532515
2021-05-13,0.021836619454164537,-0.0020795972333006022
2021-05-14,-0.006084837459010255,-0.003280163816148839
2021-05-17,-0.006773605843868769,-0.0024363438792087944
2021-05-18,0.0011476250077039113,-0.0016196676242282745
2021-05-19,0.019158732825197068,-0.001255546756850101
2021-05-20,-0.0055501484263233624,-0.0012943382843431358
2021-05-21,0.016679183362210984,-0.0012437653071848817
2021-05-24,0.001382461000368488,-0.0004206816810668934
2021-05-25,0.003477742974527666,0.0002853584987090457
2021-05-26,-0.003748074131839679,0.0008679350707728349
2021-05-27,0.0031493254985583545,0.0010027831241248755
2021-05-28,-0.003329586878045952,0.0015540820277896075
2021-06-01,0.001951102991795995,0.0015386600647568098
2021-06-02,-0.010460251826468162,0.001598730355664813
2021-06-03,0.0168273201325253,0.001659308473683707
2021-06-04,0.0029753071636545734,0.0005945634295518445
2021-06-07,0.00047522871275754457,0.000637926962970594
2021-06-08,0.00023752969232825201,0.00143230436857476
2021-06-09,0.010366459732169186,0.00169626311197709
2021-06-10,0.0026115421465336456,0.0010878197246272363
2021-06-11,0.009537075568124666,0.0011897809028696123
2021-06-14,-0.0065524354593130075,0.0005812344525975732
2021-06-15,-0.0036588797825768374,0.000883577698008687
2021-06-16,0.012617636617555295,0.000389555947133941
2021-06-17,-0.007878291253658777,-0.001396264077963437
2021-06-18,0.005036474059128624,-0.00025205385510915777
2021-06-21,0.009278461777933037,0.00020841932306055376
2021-06-22,0.0004889905319567756,8.059950575778192e-05
2021-06-23,0.006163745271424475,0.0004786876082504989
2021-06-24,-0.001229713460175908,-0.00010806615615939385
2021-06-25,0.012088262448238272,0.00069606561062856
2021-06-28,0.0036122517054466975,-0.0004110557395906174
2021-06-29,-0.0015787548034030489,-7.508845175653575e-05
2021-06-30,0.00039492243108482346,0.00018447527069685648
2021-07-01,0.011413312154925042,0.0005228774485803914
2021-07-02,0.004312570155042753,-0.0003207208119222568
2021-07-06,0.0021077745829432924,-0.0008612405498198598
2021-07-07,-0.0060579299363442635,-0.0004157399694449739
2021-07-08,0.006224144131419101,-0.000546340735490142
2021-07-09,0.003898101503766811,-2.1018793757120044e-05
2021-07-12,0.0,1.266965341459848e-05
2021-07-13,0.0017918928556496538,-0.00046074976189252974
2021-07-14,-0.007048219451452386,-0.0002134069537806847
2021-07-15,-0.0081323903888498,-0.0006692708531091245
2021-07-16,-0.008227263613804086,-0.00029529272887684067
2021-07-19,0.011549479430646919,-0.001038913666088014
2021-07-20,0.0076907438140083025,-0.0011041222390950518
2021-07-21,0.006588492634056672,-0.001083106564446968
2021-07-22,0.011609773234710484,-0.0012001955363203627
2021-07-23,0.000787305420135338,-0.001381575922429939
2021-07-26,-0.011079085108937655,-0.00035465382438946535
2021-07-27,0.0038342555122185583,-0.0009773164763831933
2021-07-28,0.0017752049560930741,-0.000440749521668011
2021-07-29,-0.005225372672094733,0.00017923947886828922
2021-07-30,8.228533817067499e-05,-0.0005012448722007975
2021-08-02,0.006043140579645751,-0.00024280478903359798
2021-08-03,0.0014438468761805681,-0.0006932155020593836
2021-08-04,0.006322866073766327,-0.0003891458536342643
2021-08-05,-0.004391917269440143,-0.00025945336960037384
2021-08-06,0.0018458703902841309,6.06131440123297e-05
2021-08-09,-0.005138883204255737,0.0005207148180662837
2021-08-10,-0.0017188463409254868,0.00023063812540443092
2021-08-11,0.0035980086243709553,0.00035972977892762686
2021-08-12,0.003503772172784234,0.0002354857125977031
2021-08-13,0.00043372188264625836,0.00031050445081653815
2021-08-16,-0.00884708578445474,-0.0006131848244075698
2021-08-17,-0.009671202121204325,-0.00042342916362041
2021-08-18,0.004819817364529783,0.000463617983452134
2021-08-19,0.010305001741887896,-0.000721220613426669
2021-08-20,0.014845878364131624,-0.001089292878474454
2021-08-23,0.0030497615933632012,-0.001490261061384244
2021-08-24,0.001147937176394563,-0.00010977486735666334
2021-08-25,-0.006370300710650763,0.0006968359583489314
2021-08-26,0.009673271056733873,0.0009042075323221164
2021-08-27,0.011159708571089812,0.0003460229298921921
2021-08-30,-0.0008155641656460647,-0.00045403468194148654
2021-08-31,0.0016567397580668738,-0.00020302839673604672
2021-09-01,-0.00047307420262558984,4.657269364093382e-05
2021-09-02,0.0030709894602675763,0.0007738366217278919
2021-09-03,0.0014142051382750387,0.0006383154104061289
2021-09-07,-0.003486744740247531,0.0006689260131981807
2021-09-08,-0.0034462382019701393,0.0004256742196702036
2021-09-09,-0.007618479829333519,0.0007678993431002361
2021-09-10,-0.0006906444518269576,0.0002181437724985868
2021-09-13,-0.002847298987171167,-0.0005089436202353458
2021-09-14,0.007407342945050394,-6.861970075792661e-05
2021-09-15,0.0006875033323840259,-0.00035037849592934776
2021-09-16,-0.011912816713777053,-0.0004554435785499661
2021-09-17,-0.0219878234675504,-0.0010508809903958176
2021-09-20,0.0012297603517432778,-0.0001748106394849519
2021-09-21,0.009297082134913773,0.00048263208002593064
2021-09-22,0.00918463126130792,-0.0011777193128578276
2021-09-23,0.0009379481064417124,-0.0018441138844045321
2021-09-24,-0.008014242550443675,-0.0010770616000677796
2021-09-27,-0.028705649336571663,3.123006971657264e-05
2021-09-28,-0.0016408263432440527,0.0002101223750191427
2021-09-29,-0.003680780464825134,0.0007379419927571394
2021-09-30,0.006182658177149255,7.014569316826747e-05
2021-10-01,-0.02121291663919265,-0.0007994764221479072
2021-10-04,0.013408651597901122,-0.00023966152554750074
2021-10-05,0.006387302937156843,-4.446123005876146e-06
2021-10-06,0.009133241833824296,-0.0005837705920715774
2021-10-07,-0.004999112782217772,1.4790211767929919e-05
2021-10-08,-0.007699294513479498,0.0007474944388738109
2021-10-11,-0.003493917156820374,0.002348114795607484
2021-10-12,0.007976169681177127,0.001708659868892805
2021-10-13,0.018249133667863255,0.0011310634508993472
2021-10-14,0.00628086407541458,-0.00022956238501506851
2021-10-15,0.010005612134269403,0.00038220959085821804
2021-10-18,0.007538933209466775,0.0006849423396609592
2021-10-19,-0.0013058833223649194,0.0013949283032509664
2021-10-20,0.006088420269777251,0.002061212190728149
2021-10-21,-0.008437970130481507,0.0021126881198287456
2021-10-22,0.010185851931408342,0.0025847656329990518
2021-10-25,0.0031437843738238436,0.0018095777332853525
2021-10-26,0.002318475061098662,0.0010732447958031268
2021-10-27,0.011044052479865151,0.0011809026874847032
2021-10-28,0.004906997760394209,0.0009552453306205185
2021-10-29,0.003412884353118211,0.0012461956004071698
2021-11-01,0.0041726827491301915,0.0017589430042451997
2021-11-02,0.010559652216521309,0.002123683038040193
2021-11-03,0.01273709410642825,0.0008968583844624814
2021-11-04,0.0009537913928057214,-0.00026660629000545787
2021-11-05,-0.0013556600876199409,-0.00021779998069795963
2021-11-08,-0.006907184183091345,0.0013987869209066653
2021-11-09,-0.014806024585800263,9.379233282903583e-05
2021-11-10,0.002768877554163168,0.00011632826524166228
2021-11-11,0.010467566192455393,0.0005717810409279035
2021-11-12,-0.00022804728279137606,-0.000707396908961347
2021-11-15,0.007095720591660171,-0.0008331418294315228
2021-11-16,0.0005282686746333988,-0.0007013144638502547
2021-11-17,0.010308079965318295,-0.0001501842490580486
2021-11-18,0.005560120561933046,-0.0015756495999201612
2021-11-19,-0.011677111110379373,-0.0017017396924986275
2021-11-22,-0.004568395706012971,-0.001422703358828161
2021-11-23,0.0032151137913405585,-0.001567489440162773
2021-11-24,-0.019140793993840992,-0.001179797738432342
2021-11-26,0.021470308479568136,-0.0007655725762044668
2021-11-29,-0.014795294523206165,-0.002934468011264421
2021-11-30,-0.017159229631960916,-0.002605307564059866
2021-12-01,0.007181220776543654,-0.0013306317846223743
2021-12-02,-0.017541586085326414,-0.0025172283126451856
2021-12-03,0.007981012818133649,-0.0013245059742904703
2021-12-06,0.029669408363203285,-0.0018300821504906091
2021-12-07,0.004464293128685528,-0.003470594489864856
2021-12-08,-0.01482367628729479,-0.002139945603726277
2021-12-09,0.010811735397927026,-0.0008224230755993545
2021-12-10,-0.014552245363570197,-0.0010623485947768225
2021-12-13,-0.010404214498454975,0.00040393739482100395
2021-12-14,0.02254154660631013,-0.000559728430508948
2021-12-15,-0.026051046492457604,-0.0026765053139981673
2021-12-16,-0.005001630122329328,-0.0006653778888535904
2021-12-17,-0.0110241450851296,-0.0010443125737866989
2021-12-20,0.022133648071197855,0.00019626059755311842
2021-12-21,0.01210495397919556,-0.0006801892374095817
2021-12-22,0.007510751354343647,-0.0014889187101824438
2021-12-23,0.01639217114059394,-0.0006013652057244154
2021-12-27,-0.004645451720718656,-0.0006908192297035422
2021-12-28,-0.00014940983144479713,0.0008133282880895539
2021-12-29,-0.002992894115828358,0.0007904526576904119
2021-12-30,-0.006264114695098959,0.0014893289693089357
2021-12-31,0.009580701902906243,0.0012370736719044823
2022-01-03,-0.013055375556939287,-0.00030811477928704533
2022-01-04,-0.03120290027477018,-0.00019778297037138508
2022-01-05,-0.000702841329970304,0.0012726888003457362
2022-01-06,-0.010891870780680239,0.0006639331016270942
2022-01-07,0.0006579207311287267,0.0005992260321756793
2022-01-10,0.014910254944524382,-0.000715067947670486
2022-01-11,0.003957737618168435,-0.0014335887993818406
2022-01-12,-0.025334357124479623,-0.0005636250811748654
2022-01-13,0.006203248210218904,0.0007620726350486162
2022-01-14,-0.02520917976628285,0.0001466228988910788
2022-01-18,-0.011044438818881175,0.0016241546769492582
2022-01-19,-0.013073517706207282,0.0008337084609804682
2022-01-20,-0.028120326120432915,0.00018582199403704126
2022-01-21,0.0045674486132530655,0.0008397714100473655
2022-01-24,-0.023454347572885458,-0.0014307157519575073
2022-01-25,-0.0015659439460275102,0.0010354449222650024
2022-01-26,-0.010121573421586413,0.0004647277804844843
2022-01-27,0.03088714287885771,0.0016187482900837087
2022-01-28,0.03147773352279796,-0.0008832417397899634
2022-01-31,0.006780431428760173,-0.00221271674048764
2022-02-01,0.008092576964096702,-0.00022176801717930755
2022-02-02,-0.04138865616886282,0.0008703103046380931
2022-02-03,0.012536000921226295,0.004566071738490421
2022-02-04,-0.008076999346785725,0.0027093199229668427
2022-02-07,0.011172674848986167,0.0028336896939574626
2022-02-08,0.020969288001764962,0.0013448909708940638
2022-02-09,-0.022892499520621317,7.364008795693205e-05
2022-02-10,-0.032235707292462557,0.002309013999025653
2022-02-11,0.0012382119500065284,0.004656405082131442
2022-02-14,0.02455994512118791,0.004714623696710491
2022-02-15,-0.0002527486428214364,0.0024048736797201258
2022-02-16,-0.030195169155926956,0.0020203633807594178
2022-02-17,-0.011470953775818702,0.004115459703504203
2022-02-18,-0.010094407291238665,0.004786047219658758
2022-02-22,-0.02594902151321671,0.004032249992079613
2022-02-23,0.033052224228148075,0.003930329685929757
2022-02-24,0.015388057553135763,-0.0009655429044669619
2022-02-25,0.0029744307705730374,-0.0005722611388145922
2022-02-28,-0.015429848901151805,-0.0003408907039236935
2022-03-01,0.016640188808567595,0.0018605006910479463
2022-03-02,-0.014387902664496842,0.0019063307233225144
2022-03-03,-0.014597940081701045,0.0025548188461427188
2022-03-04,-0.037578421776354856,0.002736632296599941
2022-03-07,-0.00465899239864788,0.004072497235795131
2022-03-08,0.03536535274065357,0.002560936999415314
2022-03-09,-0.011166927796972334,-0.0007601954936312226
2022-03-10,-0.020956430595025388,0.0008433749970312407
2022-03-11,-0.01939149110907907,0.0029835873840277074
2022-03-14,0.03088498978755294,0.0043722564793170545
2022-03-15,0.03641553053219528,0.001165366023430475
2022-03-16,0.012033558376037312,-0.002536010094823715
2022-03-17,0.0202613515159267,-0.0005951103393849812
2022-03-18,-0.004019561550329473,-0.0003516492476776863
2022-03-21,0.01946203089066068,0.0018288322203306297
2022-03-22,-0.014475626291688824,0.0009954411907528527
2022-03-23,0.02198323192083158,0.002110353225717344
2022-03-24,-0.0008344923989134286,0.0014127990316441642
2022-03-25,0.015353903920876308,0.001190820622293757
2022-03-28,0.017063313058666225,0.000520393315953615
2022-03-29,-0.011107011296150035,-0.0005169955259929515
2022-03-30,-0.01247223656307097,0.0018678560542829683
2022-03-31,-0.001905051722636288,0.0025939280896813393
2022-04-01,0.020379560546380817,0.003068857261396201
2022-04-04,-0.02245439357510547,0.0009925184855753037
2022-04-05,-0.021950598556114715,0.0014259709774874678
2022-04-06,0.0023750293905606523,0.0012767897820402925
2022-04-07,-0.01407772982581385,0.0014814934654034685
2022-04-08,-0.02394178469401687,0.0013066377342470187
2022-04-11,-0.004233183850371376,0.0009538760308588262
2022-04-12,0.020123163720958067,0.0002259996805517602
2022-04-13,-0.023132548183675414,-0.0014785102205458675
2022-04-14,0.0007679584498409085,-0.00128108768923815
2022-04-18,0.02210470321615053,-0.0007510446367373392
2022-04-19,-0.014691814439322664,-0.0017180637072011149
2022-04-20,-0.02090812955452826,-0.000905501461530362
2022-04-21,-0.026534799172141667,-0.0009320619180310188
2022-04-22,0.012763921797646608,0.0008052961898269135
2022-04-25,-0.03847579982116258,-0.0019223571183586972
2022-04-26,-0.0011989274192097225,-0.000506287489462671
2022-04-27,0.03489970638206632,-0.0011747227087071045
2022-04-28,-0.046042501948100376,-0.0033199229044715848
2022-04-29,0.016558084915884216,0.0005770235110489874
2022-05-02,0.0010670015134387608,-0.0019465337370727137
2022-05-03,0.03325311782981621,0.000550866701887495
2022-05-04,-0.05167660749516354,-0.002466282029458753
2022-05-05,-0.012053179267555897,5.8952035143278316e-05
2022-05-06,-0.03991294945992777,0.0020685639089023135
2022-05-09,0.012075542697156534,0.004294660854026805
2022-05-10,-0.030106897623859652,0.0010054941451313369
2022-05-11,-0.002367108602837626,0.0007257197723447487
2022-05-12,0.0363897238564612,0.001983326112821848
2022-05-13,-0.011659414536276379,-0.0012750152621532234
2022-05-16,0.02557159564076724,0.001490412379487048
2022-05-17,-0.050336252107566065,-4.247703398005558e-05
2022-05-18,-0.005372653783239172,0.005206936979747277
2022-05-19,-0.0031127891492030257,0.004821897728595046
2022-05-20,0.016490685641720963,0.0029537744288348697
2022-05-23,-0.021491390603676712,0.001594305051873345
2022-05-24,0.01389823581231738,0.0022050654327738436
2022-05-25,0.02733030466019048,0.0017568616086513094
2022-05-26,0.032118205423446,0.00023815611138123553
2022-05-27,-0.0026563882282782435,-0.0005527338406561693
2022-05-31,-0.007423358957411713,0.0007958092758535829
2022-06-01,0.027017343347711154,0.0035429452656419377
2022-06-02,-0.026363962076508523,0.0020219073713348083
2022-06-03,0.003325620097416226,0.004005703738000415
2022-06-06,0.00858875136565226,0.003188914675956397
2022-06-07,-0.007222586497798825,0.002862020708065983
2022-06-08,-0.02714979620332508,0.003313249411856599
2022-06-09,-0.03590757040254708,0.0037354779299861394
2022-06-10,-0.04761200512702361,0.004803018693137675
2022-06-13,0.0018138291267588151,0.0065549375862312565
2022-06-14,0.024665208439701634,0.004411953121035445
2022-06-15,-0.04118303328426667,-0.00026577197939074
2022-06-16,0.012086288351351056,0.0029200433169569856
2022-06-17,0.022996137234494875,0.0009957544974774169
2022-06-21,-0.0014597243357441802,0.0005926559632096112
2022-06-22,0.01478312393815192,0.00028160927038399345
2022-06-23,0.03368972185732614,-0.0008417246431710496
2022-06-24,-0.007358735894696129,-0.0017771812525050582
2022-06-27,-0.030940505199549186,-0.0003808287463972314
2022-06-28,0.0009165580364567448,0.00140913743417805
2022-06-29,-0.012480661223609255,0.0015530547106562909
2022-06-30,0.006578854118996009,0.0013754804765166468
2022-07-01,0.016974875602698072,0.0002147540631706964
2022-07-05,0.006391573794644139,-0.0009937343935600036
2022-07-06,0.02117315041268504,8.579808642046033e-05
2022-07-07,0.00125353632188799,-0.00038015846527436083
2022-07-08,-0.021596006913859437,0.0011329364642908197
2022-07-11,-0.009734467078975748,0.004080221791923938
2022-07-12,-0.002063334589937646,0.004348000328702785
2022-07-13,0.0035644432483454037,0.0026574251174749895
2022-07-14,0.017976769236629022,0.0016516111812772667
2022-07-15,-0.008498683458062593,-0.00023345309511788327
2022-07-18,0.030289877323319357,0.0012837545794467493
2022-07-19,0.015732118988499636,-0.00022968775597868242
2022-07-20,0.01425295666996347,-0.0014376000022826164
2022-07-21,-0.01769086293531134,-0.00011067914464474291
2022-07-22,-0.0057118343448174696,0.0015201144939703782
2022-07-25,-0.019844590410608223,0.003615358115976312
2022-07-26,0.04139118399760214,0.0032593819219010776
2022-07-27,0.009730542865391174,-0.0020846017149363984
2022-07-28,0.018072684707905514,-0.001917887230781157
2022-07-29,-0.0006024765137131421,-0.001990593690137085
2022-08-01,-0.0029860250903653,-0.00034364580129103
2022-08-02,0.026868318489067042,0.001211159274706669
2022-08-03,0.004665614296941257,-0.0014657727518549242
2022-08-04,-0.008202475765021705,-2.7844158286875618e-05
2022-08-05,-0.0032375584734339984,-0.00027930792697649493
2022-08-08,-0.011383180033846887,0.0007012078154149307
2022-08-09,0.0275285264148894,0.001159636160922979
2022-08-10,-0.005692235489409328,-0.0021803257436810355
2022-08-11,0.019283375950527284,-0.0014824185705724694
2022-08-12,0.00804887908516273,-0.001947371910167526
2022-08-15,-0.0023446669592542455,-0.0019019028240983141
2022-08-16,-0.011471590909858762,-0.0010761510903588504
2022-08-17,0.002402056584672822,-0.0007730832528583296
2022-08-18,-0.019689659916301387,-0.00034886247506878555
2022-08-19,-0.026679966731409113,-0.0005981567342541531
2022-08-22,-0.0008274194533733203,0.0001231815786295836
2022-08-23,0.0028929778088834456,-0.0006814209705635858
2022-08-24,0.01752747084425043,-0.0010695486688445395
2022-08-25,-0.041851908941146446,-0.003242563730534471
2022-08-26,-0.009904469297487157,-0.002190426280792724
2022-08-29,-0.011198769234884798,1.8119356238598252e-05
2022-08-30,-0.00583053176836538,-0.000551017305116811
2022-08-31,0.000434296029676882,-0.001118857868068203
2022-09-01,-0.014229010439744097,-0.002778883055504027
2022-09-02,-0.007208218623345586,-0.0017615183803141793
2022-09-06,0.019999990986250323,-0.0013863892975225255
2022-09-07,0.0051710735922713726,-0.002793312968592157
2022-09-08,0.021626556732476106,-0.002953890910989963
2022-09-09,0.01181568543041936,-0.0035299253578537724
2022-09-12,-0.05639771145928082,-0.002375921193504024
2022-09-13,0.007901962335136061,0.0006802391514741328
2022-09-14,-0.01679394978813277,0.0005805887437564818
2022-09-15,-0.006133508770497625,0.0006816307598165387
2022-09-16,0.005961731736664683,-0.0004486770642317272
2022-09-19,-0.008003078349871632,-0.000686392287790943
2022-09-20,-0.018068254381056106,0.0009426341155391351
2022-09-21,-0.012384169062359889,0.0005946517138228706
2022-09-22,-0.01641564634957787,0.002326522496915664
2022-09-23,-0.004146365146112586,0.0028655700713164454
2022-09-26,0.0004008381214277402,0.002623093900108628
2022-09-27,0.019696895942305538,0.001453215742007675
2022-09-28,-0.029251283623261893,-0.0004285085589208836
2022-09-29,-0.01710204351632313,0.0016695712926862538
2022-09-30,0.02318933770759302,0.002939009653506637
2022-10-03,0.030956652560821217,0.0012619469959904768
2022-10-04,-0.0005318111841140121,-0.001397234906763763
2022-10-05,-0.007904053682094746,-0.0005270326776999084
2022-10-06,-0.03884903502226014,0.0017021505663442954
2022-10-07,-0.010046582233604247,0.004345369193517096
2022-10-10,-0.01383346574219544,0.004595638428057214
2022-10-11,-0.00034258960004657734,0.0036769784037428525
2022-10-12,0.023181590485988213,0.003794002894499459
2022-10-13,-0.030518268408369516,-0.0013787846338465827
2022-10-14,0.03248790689191006,0.002619589684333406
2022-10-17,0.00787682270901472,0.0008000309821441766
2022-10-18,-0.003653342809085853,0.0012553956477702837
2022-10-19,-0.005114911077334884,0.002896198415719338
2022-10-20,0.023176987349842876,0.0027745597127886924
2022-10-21,0.010941304736697615,0.0009838908961499694
2022-10-24,0.02047489149668111,0.0003405442264883997
2022-10-25,-0.022344118109452984,-0.00047004304416855137
2022-10-26,-0.01837379212882742,0.0018912050952881625
2022-10-27,0.030141789868591385,0.0040756957009117824
2022-10-28,-0.011696039763191411,0.00019025598215111867
2022-10-31,-0.010270223711580215,0.0018503532498927667
2022-11-01,-0.034878440619407106,0.002396339075115034
2022-11-02,-0.019728104327827695,0.0037432702069479296
2022-11-03,0.015957076403195176,0.004743643320843813
2022-11-04,0.010934409204195542,0.00115456186108949
2022-11-07,0.007260843992958955,0.0008957798532450938
2022-11-08,-0.023346779741337382,4.125715196951464e-05
2022-11-09,0.07119309239655384,0.00214419386492998
2022-11-10,0.01825846660487219,-0.004806643179092034
2022-11-11,-0.008789732209457541,-0.003406332077151546
2022-11-14,0.013743409958554205,-0.0008407563736454086
2022-11-15,-0.01374340995855421,-0.001578661994964668
2022-11-16,-0.0022095581106978,0.0015506423750424748
2022-11-17,3.5110510334876864e-05,-0.0004055851235435988
2022-11-18,-0.010340477872605624,-0.000613051474370187
2022-11-21,0.014300046442649013,0.000849470260562031
2022-11-22,0.009986686337093839,-0.0007393611238792696
2022-11-23,-0.006600225440185324,-0.0015649308108317444
2022-11-25,-0.014781793997181403,0.0011025844016506663
2022-11-28,-0.007598389064611474,0.0019106298539283012
2022-11-29,0.04457727556662969,0.002385141995826816
2022-11-30,0.0012264088203391282,-0.0027060548466397412
2022-12-01,-0.003991340349164685,-0.0019700535945352962
2022-12-02,-0.0169258939999519,-0.0010936375562245312
2022-12-05,-0.02093802338749611,0.0008831164558674231
2022-12-06,-0.004091003731332123,0.0015233549863665462
2022-12-07,0.011765258501270392,5.164886535442026e-05
2022-12-08,-0.006397024765895444,-0.0016655464513156582
2022-12-09,0.012473295151309176,-0.0011571220647013218
2022-12-12,0.010692681504793432,-0.0014818874787727071
2022-12-13,-0.007441441947317564,-0.0033715280422099946
2022-12-14,-0.03415312415546054,-0.000983698890119357
2022-12-15,-0.009580216248824725,0.0013950218846053057
2022-12-16,-0.01654449501709555,0.001286498031357969
2022-12-19,-0.0007788017972307635,0.0017854144476018177
2022-12-20,0.01440198745176851,-0.0001902589866894388
2022-12-21,-0.024769412028676194,-0.0018597445649720394
2022-12-22,0.002246687082978194,0.0001236563411944632
2022-12-23,-0.014239137631340515,0.00041992070719672734
2022-12-27,-0.013290754761137141,0.0015470901140674338
2022-12-28,0.0240829050903728,0.0016842664001464269
2022-12-29,-0.0006006908124759151,-0.0007546561113775627
2022-12-30,-0.006782752659788627,0.00011057268371115442
2023-01-03,0.004752753090447845,0.0005546131145277214
2023-01-04,-0.01577822310215559,0.000312354533247317
2023-01-05,0.02722744458798825,0.0019518999275240474
2023-01-06,0.0064523530120532855,-0.0010503249150588796
2023-01-09,0.008428928936414592,-0.0007390129500006199
2023-01-10,0.01715220653870786,0.00011447585679626944
2023-01-11,0.005389880098272339,-0.0007770862610653131
2023-01-12,0.00685692483404522,-0.0006151008312281812
2023-01-13,0.002026631331331342,0.0005665826969943655
2023-01-17,-0.013085167575139178,0.001822212226256821
2023-01-18,-0.00987296231891241,0.002165252380988564
2023-01-19,0.026999112316885843,0.0027595211754678816
2023-01-20,0.021972754405966907,-0.0010966314784863534
2023-01-23,-0.002043892419910665,-0.0015186380973151636
2023-01-24,-0.0022218374007403046,5.7758368538414967e-05
2023-01-25,0.019309805410639626,0.0008248404160253977
2023-01-26,0.009905101335296951,0.0002890552099547966
2023-01-27,-0.020425922834404774,-0.0007678097883122413
2023-01-30,0.014874866067290967,0.0012325667326671885
2023-01-31,0.021158058305228593,0.0005130240218234381
2023-02-01,0.035260900283339336,-0.0023581670584358495
2023-02-02,-0.017932184671425197,-0.005221321718386188
2023-02-03,-0.008495057401347055,-0.0023923965081833753
2023-02-06,0.020507018861113776,0.001181745188323669
2023-02-07,-0.017941059166496708,-0.0017437667779088906
2023-02-08,-0.008877213647103447,-0.0004761323156050513
2023-02-09,-0.0065848786274842015,-0.0003466665023704991
2023-02-10,0.01588911282733427,7.840196333787756e-05
2023-02-13,0.00736199644106904,-0.001291308787590083
2023-02-14,0.007631765547049985,-0.0034464783469446165
2023-02-15,-0.018942434443535192,-0.0021541568281857144
2023-02-16,-0.007080729712613811,-0.0007169445853727202
2023-02-17,-0.023959882032723492,-0.00038259166319993914
2023-02-21,0.0007479431911879181,0.0007249720519631031
2023-02-22,0.008696148327286112,-0.00044695300563214475
2023-02-23,-0.01688592281787213,-0.0031813297047047773
2023-02-24,0.007135693228738356,-0.0022018774924535017
2023-02-27,-0.0012936172016763897,-0.002077831991062995
2023-02-28,-0.00807173135433114,-0.001464669824294043
2023-03-01,0.008242039783307061,-0.0013697382558854902
2023-03-02,0.020462882589940553,-0.0019163968065993712
2023-03-03,0.0011339004049657725,-0.002983626243791849
2023-03-06,-0.012341695320155789,-0.0023435385796337837
2023-03-07,0.00498183338147072,-0.0015380765650871515
2023-03-08,-0.017477751497778457,-0.00034179469940523173
2023-03-09,-0.014143144507305033,-0.0002042678547401359
2023-03-10,0.0073890260913683885,-0.0010062441354094524
2023-03-13,0.02271974744611894,-0.001740520567036699
2023-03-14,0.005232277574955974,-0.0024137540827529553
2023-03-15,0.02601923121661233,-0.0027667910268915187
2023-03-16,-0.004737255049056799,-0.0035759412938918276
2023-03-17,0.001995649493562157,-0.0009701693622442535
2023-03-20,0.014181412724801215,0.0007870824225925693
2023-03-21,-0.013691288713617486,5.192018494524025e-05
2023-03-22,0.011788338567531436,0.0007409025458008845
2023-03-23,0.003673631354983793,-0.0006115204117341848
2023-03-24,-0.0068748757825826375,-0.00011275585488749483
2023-03-27,-0.005325725389110831,0.0007761643091217138
2023-03-28,0.018069670792157225,0.0010493338093551525
2023-03-29,0.009420820789605723,-0.00021715813220070626
2023-03-30,0.01649398853948467,-0.0007139846999692413
2023-03-31,-0.002433394848978851,-0.0014508790474455564
2023-04-03,-0.003379121515789206,0.00017600712411431417
2023-04-04,-0.009921497470627936,0.0012989699278771404
2023-04-05,0.006719586146419332,0.0010033384357365546
2023-04-06,-0.0005661089596402201,0.0006984031656602081
2023-04-10,-0.006438400022105922,0.0001625000876948423
2023-04-11,-0.008873116240910037,0.00038802699246650414
2023-04-12,0.019392898294227256,-0.0001485264231862904
2023-04-13,-0.0018816451125205768,-0.0013334050558827819
2023-04-14,0.0008471784758586172,-0.001175350649007757
2023-04-17,6.272541949700338e-05,-0.0001312598064018643
2023-04-18,-0.000470536577215347,-0.00012593778076852046
2023-04-19,-0.0076537011992777295,0.000645775161587547
2023-04-20,0.0010428353423388617,-0.0008121691329173636
2023-04-21,-0.0020867593256008983,-0.0008017139776970029
2023-04-24,-0.019043934325090914,0.00015787074053175512
2023-04-25,0.006046395418766588,0.00011443014150263136
2023-04-26,0.026827713771890624,-0.0008340943240856313
2023-04-27,0.006875017357918575,-0.003339048567036533
2023-04-28,-0.0011477318049364117,-0.0029008935784319498
2023-05-01,-0.008759817225291611,-0.0007132086580675078
2023-05-02,-0.006565434235745298,1.9771282881161147e-05
2023-05-03,-0.0035361385630205858,0.00034961451526665664
2023-05-04,0.02103166433036152,0.00027481380187553293
2023-05-05,0.002474559708712574,-0.001629897692785577
2023-05-08,-0.0063533599730808766,-0.0004853053123968957
2023-05-09,0.01082295112612958,0.0005109388016740064
2023-05-10,0.00325483138083558,-0.0015241635550889306
2023-05-11,-0.0035932044249612103,0.0001052085260436726
2023-05-12,0.005400277000511534,7.298500265341952e-05
2023-05-15,0.0011315851043096517,0.0007008835810718234
2023-05-16,0.012031499573703459,0.0005730371631866598
2023-05-17,0.01840294907657009,-0.0007383382132311243
2023-05-18,-0.002255930191805351,-0.002589731653163848
2023-05-19,0.0033523727902773945,-0.0011238219436950651
2023-05-22,-0.012757252001321122,0.00015298948776831987
2023-05-23,-0.005142791142633152,0.0008828680477530093
2023-05-24,0.02404155294024368,0.00011992175742204042
2023-05-25,0.02522949606653903,-0.002349805909016049
2023-05-26,0.004524765015253688,-0.003466824237274258
2023-05-30,-0.005702266264187078,-0.0030991736174185627
2023-05-31,0.011485840556061253,-0.0010851167495784812
2023-06-01,0.007471803362620085,-0.0004923914837326528
2023-06-02,0.000704672004354947,-0.0010079305842235293
2023-06-05,-0.0001690760000646671,-0.0008409204616561821
2023-06-06,-0.017110953811863634,-0.00024433306877401785
2023-06-07,0.012336866014408693,-0.00046282721332639536
2023-06-08,0.003815450117250954,-0.0010836711003917178
2023-06-09,0.01675587111704128,-0.001717155933217985
2023-06-12,0.007654614232073824,-0.002069058931072368
2023-06-13,0.00724124070386362,-0.002626223752737424
2023-06-14,0.01184538953586933,-0.0027726153416001613
2023-06-15,-0.006312758877026332,-0.0031021878297813124
2023-06-16,-0.002803371322767771,-0.002316529703006845
2023-06-20,-0.013721400791539645,-0.0006942630269812779
2023-06-21,0.011729775868136416,-0.0002419897018203883
2023-06-22,-0.009962893403059973,-0.0015733610557077504
2023-06-23,-0.013496081109047871,-0.0015736150360449845
2023-06-26,0.017047993650117943,-0.0011159106308396844
2023-06-27,0.0019495592209441712,-0.002362079637489745
2023-06-28,-0.002004531459977276,-0.0019810684145841148
2023-06-29,0.015302454814363662,-0.0019481811589319635
2023-06-30,0.002352274272773228,-0.0030113854375319834
2023-07-03,-2.700622493663253e-05,-0.0006996105464402829
2023-07-05,-0.007645007007421735,-0.0013111770375351078
2023-07-06,-0.003325612987332089,-0.0012921008708079694
2023-07-07,0.0003276003305303374,-0.0007846828047012597
2023-07-10,0.00492833148681893,-0.0015165676099425293
2023-07-11,0.012550941419493599,-0.001824021713409615
2023-07-12,0.0168361757058451,-0.0032147075677302983
2023-07-13,-0.00021102054890886456,-0.0030121805627184852
2023-07-14,0.009295309024210795,-0.002412728254031788
2023-07-17,0.00814737375940394,-0.0013573374948450876
2023-07-18,-0.00023334500164227424,-0.001967402013044666
2023-07-19,-0.023321842425391728,-0.0013609546795653753
2023-07-20,-0.003003763605650395,-0.0009610155904126323
2023-07-21,0.001596042155102072,-0.00047786986990883097
2023-07-24,0.006754903103520956,-0.00041038067379546214
2023-07-25,-0.0033320141894571395,-0.001416399068619187
2023-07-26,-0.002386825860636677,-0.001531969672826142
2023-07-27,0.01805074665130049,-0.001395058380239802
2023-07-28,0.0005214036303536659,-0.0023291223779090984
2023-07-31,-0.0023223359035549783,-0.0012517904877856537
2023-08-01,-0.02218850109056938,-0.00043483217312513
2023-08-02,-0.0016038924553543582,-0.0004264537000980491
2023-08-03,-0.004692767015404491,0.00031062628498807236
2023-08-04,0.008431188950594944,-0.0012228309663617827
2023-08-07,-0.008538710051714514,-0.0011525445408306768
2023-08-08,-0.011055511232556476,-0.0010334226769790856
2023-08-09,0.0018465721472466618,-0.0003887069244817575
2023-08-10,-0.006396058983580021,-0.0017938694867578647
2023-08-11,0.011159648255041755,-0.00011664027878147292
2023-08-14,-0.010668287996199795,-0.0008765894170059116
2023-08-15,-0.010645403428325395,8.832270216461093e-05
2023-08-16,-0.010983025867491902,0.000493350569615211
2023-08-17,-0.0012557381901547877,0.0003431622008483816
2023-08-18,0.015983055640987686,1.9417855328056653e-05
2023-08-21,-0.0014299859438196298,-0.001110832519928727
2023-08-22,0.0156455839233974,-0.0002374713220385558
2023-08-23,-0.021607511602174223,-0.001195399496037752
2023-08-24,0.0077216201867438185,0.0001973520589892698
2023-08-25,0.007498871999438688,-0.000183583327652013
2023-08-28,0.021604821289545724,0.0007752978508105108
2023-08-29,0.0055612612230986486,-0.0010754169453972486
2023-08-30,0.002993974548847904,-0.00013249426132020095
2023-08-31,-0.0010587893733764319,0.001273903554030228
2023-09-01,0.0012704127902970254,0.0015426063260580616
2023-09-05,-0.008846911489746574,0.002319360733484475
2023-09-06,-0.007177320580524911,0.0020443539942803343
2023-09-07,0.0013966482717208183,0.0020406211079147226
2023-09-08,0.011713828823325514,0.0019956198663080393
2023-09-11,-0.011150350267557464,0.0007325892640344585
2023-09-12,0.0038018787427654775,0.0014293652098543092
2023-09-13,0.008143974324485933,0.001316064147436386
2023-09-14,-0.017271309440242067,0.0008205420018395404
2023-09-15,-0.00040460167517566075,0.0008339184800924471
2023-09-18,-0.0021336078205931005,0.0016560639344819833
2023-09-19,-0.01451530775178362,0.0016607420418540718
2023-09-20,-0.01849443633307158,0.0015431086653772046
2023-09-21,0.00013970968350532391,0.000726916111792814
2023-09-22,0.004738552739896975,0.0008538145056128352
2023-09-25,-0.015130153299990137,0.0003962567018241165
2023-09-26,0.00234050159715582,9.296449561830094e-05
2023-09-27,0.00833045978719233,-0.00014109051752754235
2023-09-28,0.0007259731150363124,-0.0003033041066396661
2023-09-29,0.008311028617898751,-0.0006944093871154203
2023-10-02,-0.0177055087372744,-0.00037906581905220815
2023-10-03,0.013516933800340225,0.0011793941973381108
2023-10-04,-0.002950840067809703,0.0003759616321632749
2023-10-05,0.01661659211496705,0.000804814527440953
2023-10-06,0.005087120890550974,-0.0014486503512032155
2023-10-09,0.005522696482651237,0.00026057369065460485
2023-10-10,0.007109963583115755,0.0008762588062641168
2023-10-11,-0.003481080220403738,0.001199432159612356
2023-10-12,-0.012649615769063491,0.001810232484356838
2023-10-13,0.011242955543069144,0.002408403316992726
2023-10-16,-0.003280869525576942,0.002053549319985844
2023-10-17,-0.013204669904526484,0.0016822665385939643
2023-10-18,-0.009400904250043661,0.0022833171621019005
2023-10-19,-0.01503030100429975,0.0014201374172181655
2023-10-20,0.0030129410208462335,0.00227545950868782
2023-10-23,0.00968110527043429,0.001532645301951176
2023-10-24,-0.024780328407887055,0.001045206737454055
2023-10-25,-0.01925131500490203,0.0014536915859277978
2023-10-26,0.004789767782361044,0.0019633993040847793
2023-10-27,0.011202259664487018,0.0013693522686748325
2023-10-30,0.004770960526002866,0.00034982388828999026
2023-10-31,0.01720794619277228,-5.8447197180447715e-05
2023-11-01,0.017990490766925517,-0.0010007629522856074
2023-11-02,0.011680362570035619,-0.0010609863205233545
2023-11-03,0.004071003831171527,-0.0007144329869974872
2023-11-06,0.00940821863285774,0.0007363306309476244
2023-11-07,0.0006437423107346973,0.0007329345515995719
2023-11-08,-0.007725371862505841,0.0017888103832793877
2023-11-09,0.022233232833769937,0.0014181047664078544
2023-11-10,-0.0031233482246464405,-0.0003116242790315425
2023-11-13,0.021298048465201037,0.0013488545437222099
2023-11-14,0.0007523186034838091,-0.0010209156115678264
2023-11-15,0.0008553987846129312,0.0005258295784963918
2023-11-16,0.00023316364307245094,0.001866125796530156
2023-11-17,0.012101386124554163,0.0016494378086488756
2023-11-20,-0.0058264304146309395,0.001171319258143195
2023-11-21,0.004084626695573907,0.0014052933459383643
2023-11-22,-0.0014110345222495132,0.0011493234233259308
2023-11-24,-0.0008732727734297608,0.002181838566446455
2023-11-27,0.002617533828721009,0.00123229400609182
2023-11-28,-0.0009743590514450082,0.00021802497202537248
2023-11-29,-0.002517210822635823,0.00024936337248309814
2023-11-30,0.0028506510309191705,-0.0006189094637055985
2023-12-01,-0.009326839569026031,-0.0004066656031787508
2023-12-04,0.0025077248441340355,-0.000576561766907842
2023-12-05,-0.005800570424161266,-0.0005518633302060385
2023-12-06,0.01387549986360429,-0.0004551082078810269
2023-12-07,0.004446723401826506,-0.0019673946957788676
2023-12-08,0.008505935578581376,-0.002119087532549598
2023-12-11,0.00793265218225496,-0.001715999378697284
2023-12-12,0.012637099416755566,-0.001647421483210353
2023-12-13,-0.0008672705064561735,-0.0025254045106467985
2023-12-14,0.004822385169341595,-0.0020078648306217552
2023-12-15,0.004283505232563732,-0.0020282027218081764
2023-12-18,0.005096551265075884,-0.0011795459414896184
2023-12-19,-0.014971224176605017,-0.0005337498545645579
2023-12-20,0.011568236548809674,-0.0007993290995805109
2023-12-21,0.001494823533877242,-0.001012519143163761
2023-12-22,0.006103087566652981,-0.0003148512118791041
2023-12-26,0.0015078190555828973,-6.105357334744297e-06
2023-12-27,-0.0004861448807461197,-0.000461958211175218
2023-12-28,-0.004337133087050629,0.0005260932508008767
2023-12-29,-0.017067067801547306,-0.00031790703034093764
2024-01-02,-0.010637866886129584,-0.000273708021194355
2024-01-03,-0.005159775356821426,0.00018056469466955793
2024-01-04,0.0011853273016890788,1.9139405210374553e-05
2024-01-05,0.02045724328848035,-0.0013922948807754154
2024-01-08,0.0019736036997017956,-0.002938610053193767
2024-01-09,0.006754707905356918,-0.002213087883689143
2024-01-10,0.0020786215223997204,-0.001565280300481681
2024-01-11,0.0005128768841588317,-0.0019533094902752964
2024-01-12,-9.767055728826789e-05,-0.0006548307207900162
2024-01-16,-0.005656719257778516,-0.001020784800309641
2024-01-17,0.014094356701281853,-0.0012578888929139621
2024-01-18,0.019636916158801337,-0.0025840731705558707
2024-01-19,0.0013050030918026697,-0.0038660080817337506
2024-01-22,0.004140988631744015,-0.0018910464621337195
2024-01-23,0.005533918115283674,-0.0005147647149786057
2024-01-24,0.0012203995975958168,-0.0006215717047804531
2024-01-25,-0.005975363596376085,-0.00019417896094045612
2024-01-26,0.01018835988051842,0.0005083655238634729
2024-01-29,-0.006678799212613155,-5.679695686158594e-05
2024-01-30,-0.019780525494811477,0.0005100096135932489
2024-01-31,0.011706636643636947,-0.0002204325738551525
2024-02-01,0.016759315271239236,-0.0008623043921799008
2024-02-02,-0.0013061835645248657,-0.002307394730120104
2024-02-05,-0.002009252580078531,-0.0012564778200994636
2024-02-06,0.010237647292990362,-0.00040818121904504076
2024-02-07,0.001850182076855559,-0.0004591905471571857
2024-02-08,0.009794983121601623,-0.00016514255667143284
2024-02-09,-0.003920270039805942,-0.0013529125017531288
2024-02-12,-0.015719917641799235,-0.00037128555634922597
2024-02-13,0.010838264767940257,-0.000784353136643252
2024-02-14,0.0029732772874981766,-0.0015378128834949588
2024-02-15,-0.009109047124740234,-0.0015058829435695721
2024-02-16,-0.007576765197903524,-0.0016577007487727535
2024-02-20,-0.004009713085682794,-0.0012747018160864743
2024-02-21,0.02885528096660793,-0.0008016896763011637
2024-02-22,-0.00294907912198587,-0.003447180408798544
2024-02-23,-0.000526719579809345,-0.002053808575541463
2024-02-26,0.0024023348509547918,-0.0007802815101422268
2024-02-27,-0.005338722912068065,-0.00042818066293986805
2024-02-28,0.008532884879467998,9.564247297861708e-05
2024-02-29,0.014944716937798459,-0.0015111205073214489
2024-03-01,-0.0035745235501976184,-0.0021960400771949898
2024-03-04,-0.0181126907897775,-0.0009186019190283037
2024-03-05,0.006264023042691197,-0.0010470660751471328
2024-03-06,0.015064068450966979,-0.001014352245456992
2024-03-07,-0.014540037042659165,-0.0017652517480963037
2024-03-08,-0.003719724511215403,-0.0022831900256402985
2024-03-11,0.0142332577053099,-0.0006216929177056312
2024-03-12,-0.00771575594177251,-0.0016549434190737766
2024-03-13,-0.0025244785351247767,-0.00040800767360068104
2024-03-14,-0.011958083529214633,-0.0012650020430817002
2024-03-15,0.008170805155048986,-0.0009550720816815581
2024-03-18,0.0024884437246092054,-0.0005992423628023772
2024-03-19,0.011786976004885482,-0.0013354501196451126
2024-03-20,0.004721019514417051,-0.001864709459923906
2024-03-21,0.001143177485102368,-0.0010490084429800493
2024-03-22,-0.003635796360990732,5.7706604210263805e-05
2024-03-25,-0.003242953927596161,0.0004009009548039017
2024-03-26,0.003400329797703632,0.0006492772760562036
2024-03-27,-0.001845102004036944,-0.00024137034374948716
2024-03-28,0.002114831601752241,-1.3529114112668152e-05
2024-04-01,-0.008667638852714533,-0.0002665068646181063
2024-04-02,0.0022418233820408703,0.0002367088438202507
2024-04-03,-0.015408765845506631,0.00021559724871790984
2024-04-04,0.011715003643543814,0.00021595564054483507
2024-04-05,0.0002950957380080848,-0.0006482538990082148
2024-04-08,0.0036926743590538114,0.00045346847202987087
2024-04-09,-0.00876680609190925,-0.000118865405430774
2024-04-10,0.015842094733068128,-0.0005204974786874575
2024-04-11,-0.01607023855592315,-0.00036802506104493084
2024-04-12,-0.01658786726086476,0.00010312031806365427
2024-04-15,9.279020142128858e-05,0.0003429416397983119
2024-04-16,-0.012276392888587099,0.000326117214237377
2024-04-17,-0.005722712114822937,0.0003272892439106493
2024-04-18,-0.020906185852466178,-3.4276301124299183e-07
2024-04-19,0.010006442450793502,6.486092999834922e-05
2024-04-22,0.014812627896238892,0.00011344582225097078
2024-04-23,0.0033819520714711768,-0.0010032313956853938
2024-04-24,-0.004841600131739463,-0.0008337456269755047
2024-04-25,0.015313876919770916,2.6576751515760725e-05
2024-04-26,0.004052103952570829,0.0006302213345214031
2024-04-29,-0.01903619664246146,0.0012198177596318383
2024-04-30,-0.007256771512826843,0.00196006352901782
2024-05-01,0.012682567862885996,0.0018182713869002453
2024-05-02,0.019899077249063018,0.0014472767614678173
2024-05-03,0.010893876363336196,-0.0009355535691947971
2024-05-06,0.00015898792860857114,5.8298458227259254e-05
2024-05-07,-0.0005906540529291615,0.0016300135359151688
2024-05-08,0.002179144640426831,0.0027981645199196903
2024-05-09,0.002355393578874296,0.002764852158556229
2024-05-10,0.0023047211774360034,0.00252641864105251
2024-05-13,0.00641164838064049,0.0025382935531195632
2024-05-14,0.015509361532795434,0.0016019449925580179
2024-05-15,-0.002033419496509813,0.0004296205932412066
2024-05-16,-0.0004868657010771622,0.0013155967632195854
2024-05-17,0.006948531823132312,0.0017557678605950886
2024-05-20,0.001954519623870354,0.002005595548847487
2024-05-21,-0.0001974745209433014,0.0018903091481800125
2024-05-22,-0.004508623492407011,0.0014145035841937423
2024-05-23,0.009411989050763028,0.0006946080286534046
2024-05-24,0.0037705873819828964,0.0006367466423409415
2024-05-28,-0.007073338664500525,0.00045010253626662406
2024-05-29,-0.010771147869671087,0.0007037205413605586
2024-05-30,-0.0018619915383390603,0.0010717873586750253
2024-05-31,0.005354942872349604,-0.000847183560149514
2024-06-03,0.002732784069872197,-0.0004960808551422003
2024-06-04,0.019959263729746008,-0.0002453591358833406
2024-06-05,-0.00034523681430391825,-0.0020512851703050738
2024-06-06,-0.0008852137505492057,-0.0004379507825312917
2024-06-07,0.004031090079096102,-0.00018353409026165864
2024-06-10,0.006839282702586575,0.0001363299871625256
2024-06-11,0.01301269728247063,-0.00010282583421062489
2024-06-12,0.005405589108987094,-0.0018976615257733588
2024-06-13,0.005167862031251512,-0.0010734835849215867
2024-06-14,0.01217541615609773,-0.0006257325443012779
2024-06-17,0.0003091922891463394,-0.0017712031922363471
2024-06-18,-0.007737862914044295,-0.00044200792539490763
2024-06-20,-0.002682890394164811,-0.000258106928056001
2024-06-21,-0.013038103658470617,-0.0005547012488216519
2024-06-24,0.011370672366305285,-0.0002227064712708985
2024-06-25,0.0020630379809957722,-0.0012388932058846564
2024-06-26,0.00257801760280116,-0.0011044827351056519
2024-06-27,-0.005204441758178706,-0.0011666215652172019
2024-06-28,0.005847909031011501,-0.0012988555143441372
2024-07-01,0.010444929306005032,-0.0007957016782842253
2024-07-02,0.008302536393946925,-0.0017467031927207069
2024-07-03,0.010372864480712687,-0.0012388719522045007
2024-07-05,0.0023754414793510244,-0.0022711830508410965
2024-07-08,0.0008642261192499693,-0.0010502908222024784
2024-07-09,0.010372521124065727,-0.0011920507475280974
2024-07-10,-0.022174214127512006,-0.0017840148766878042
2024-07-11,0.005857630126025553,-0.002095960423020707
2024-07-12,0.0026842402869314106,-0.0019851366571828925
2024-07-15,0.00038287539888769644,-0.0020606915642514155
2024-07-16,-0.02979435401762903,-0.0017253534373293572
2024-07-17,-0.004743782692837453,-0.0021930488676737882
2024-07-18,-0.00890309945858512,-0.0015343371066373357
2024-07-19,0.014787854591063361,-0.001506145427867316
2024-07-22,-0.0035308570962907923,-0.0032534437325840576
2024-07-23,-0.0365294852756318,-0.002356763338670864
2024-07-24,-0.011088921742834391,-0.0011180705197895641
2024-07-25,0.010203727104151497,-0.0014682121053744797
2024-07-26,0.0020067545871532157,-0.002156128874403215
2024-07-29,-0.013826555421495869,-0.0025920380821166447
2024-07-30,0.029164246594901057,-0.002181707399889139
2024-07-31,-0.024519617174318498,-0.003752085374742727
2024-08-01,-0.024021145954296,-0.0018769118596506857
2024-08-02,-0.030269695534838627,-0.0008804129435380745
2024-08-05,0.009509729913681356,0.00015009942542220877
2024-08-06,-0.01088881855480641,-0.00047529491655929647
2024-08-07,0.03013231458270047,-0.0011712620662775138
2024-08-08,0.0052088088564624,-0.0029645968221060914
2024-08-09,0.0021512777344975744,-0.0013468190488643307
2024-08-12,0.024509958167167833,0.0006207194028338302
2024-08-13,0.0003242156711026025,-0.0006446106571697036
2024-08-14,0.02494927467243515,0.0017576817525660478
2024-08-15,0.001284954624111364,0.0003512841807637629
2024-08-16,0.013050483245022053,0.0013921262905464418
2024-08-19,-0.0021008192598558624,0.001987927667092865
2024-08-20,0.004653296858872257,0.002505352027998207
2024-08-21,-0.015981956090079043,0.0028491878072378577
2024-08-22,0.010787139212975104,0.003277166156187039
2024-08-23,-0.009755766448716195,0.0023852916316336997
2024-08-26,0.002982882161287307,0.0027098652630628104
2024-08-27,-0.011412301772348447,0.002431848349108554
2024-08-28,-0.0014649528633453386,0.002420844029717194
2024-08-29,0.011848955330997885,0.002578922217214194
2024-08-30,-0.030831369228027688,0.0011837571483326351
2024-09-03,-0.0026018531188913355,0.002379873483546424
2024-09-04,0.0009331091655180036,0.001979850848207733
2024-09-05,-0.02715258100057336,0.000886484381818735
2024-09-06,0.01277767481581391,0.00028104276313558913
2024-09-09,0.009199293892174285,-0.0005599665523741154
2024-09-10,0.021483010651460598,-0.0008518898214923903
2024-09-11,0.00976819115066799,-0.003816774782015725
2024-09-12,0.004469940815265907,-0.002590590485629031
2024-09-13,-0.004427678067758385,-0.0002603026338637947
2024-09-16,0.0005281336934731271,0.0011712080667483406
2024-09-17,-0.0043389525492774006,0.0008371954050081901
2024-09-18,0.024969877108703895,0.0002841355512943788
2024-09-19,-0.0019051569233196626,-0.002018870762909758
2024-09-20,0.0012429052434864889,-0.0005088372237615195
2024-09-23,0.004812020726826285,0.000781478075346928
2024-09-24,0.0009266982407228952,0.0008639917055080537
2024-09-25,0.0074849881387814374,0.0015309872696387934
2024-09-26,-0.0055725288125503,0.0005035941349247984
2024-09-27,0.0027081939368795564,0.001666782255086462
2024-09-30,-0.014030395009164339,0.001101035769451463
2024-10-01,0.001411931049952819,0.001087220511588689
2024-10-02,-0.0007472445705445171,0.0013294590629442653
2024-10-03,0.011827861826774087,0.0009022413693113726
2024-10-04,-0.010769430074630104,-0.0003573965296839514
2024-10-07,0.01482423688350135,0.00036622034024105983
2024-10-08,0.007837589104924625,-0.0005972809445059399
2024-10-09,-0.001136202366231721,-0.0006303517824201012
2024-10-10,0.0015619456494666423,-4.821424039955124e-05
2024-10-11,0.00835642591540996,0.00014963748111155285
2024-10-14,-0.013456974460117056,-0.00015857458837946728
2024-10-15,0.00012222946560200775,-0.0003272122313387301
2024-10-16,0.0006923515793384924,4.149362895064179e-05
2024-10-17,0.0065333186982101665,-0.00041600694306631267
2024-10-18,0.0019194057757111205,-0.0006564707003192349
2024-10-21,0.001089390654249127,-0.0015585108549267767
2024-10-22,-0.015442439510986542,-0.0004868321747438898
2024-10-23,0.008076072773077035,-0.0006619754280410974
2024-10-24,0.006075106773166096,0.0001963951281275708
2024-10-25,0.00016149870836134364,-0.0018748066548045252
2024-10-28,0.00956253017785279,-4.852208497376631e-06
2024-10-29,-0.00758628480296532,-0.0012808017890859906
2024-10-30,-0.025566821103194977,-0.0003239979956582104
2024-10-31,0.007371749057366306,-0.00022361602281994138
2024-11-01,-0.0029174905638226214,-0.0007419570411182482
2024-11-04,0.01267625487440547,-0.00011125138465633457
2024-11-05,0.026800830393324256,-0.001469002858273372
2024-11-06,0.015621638033348149,-0.004343030150015997
2024-11-07,0.0011676787875090876,-0.0025874246868747416
2024-11-08,-0.0005836689595453468,-0.0005844861134302403
2024-11-11,-0.0018115417664095626,0.0005184965590989073
2024-11-12,-0.001287604064118326,0.000934822115479378
2024-11-13,-0.0069739934351512635,0.0006257275354996165
2024-11-14,-0.024114333227992134,-1.4520811969719261e-05
2024-11-15,0.006923637166347413,-0.0005108829267879044
2024-11-18,0.00685616748781993,-0.00043006183831110296
2024-11-19,-0.0005761799430235307,-0.0011967679087667275
2024-11-20,0.0035907393636968508,-0.0013348407628159691
2024-11-21,0.0016027388493763393,-0.0014965134454240018
2024-11-22,0.001580434553266792,-0.0001280972017073103
2024-11-25,0.005354870557302359,-0.0003765943537225707
2024-11-26,-0.007904556192788981,-0.0006470585542684889
2024-11-27,0.00874847950473771,0.00019027111453571725
2024-11-29,0.010829057172113252,0.00013719964218745261
2024-12-02,0.00306154323771073,-0.0013970422925580364
2024-12-03,0.012287080254524758,-0.0007491296078942247
2024-12-04,-0.002774935517140207,-0.0015892998890761907
2024-12-05,0.008909807198054726,0.00011011893693035308
2024-12-06,-0.007818051757729283,-0.0004505777823216819
2024-12-09,-0.003413299829669369,0.00044179544811267645
2024-12-10,0.017744059196375058,0.00044274756611307304
2024-12-11,-0.0064747201828099545,-0.0015330550197126152
2024-12-12,0.007625175305220822,-0.00022879501415895638
2024-12-13,0.014297988499857812,-0.0010542469203323735
2024-12-16,-0.0044135382686005566,-0.0018162968510124688
2024-12-17,-0.03674375349037452,-0.0006074055352196672
2024-12-18,-0.004463253547543272,-0.0006109898401538252
2024-12-19,0.00869461244459308,-0.0005300639078017474
2024-12-20,0.008084304684516284,-0.002654151003459289
2024-12-23,0.01346866479822245,-0.002701521337089721
2024-12-24,-0.0006795273771239808,-0.0029661981871509048
2024-12-26,-0.0133821948406983,-0.0013850502810384016
2024-12-27,-0.013389144025394381,-0.0009559466951645233
2024-12-30,-0.008531078969294783,-0.000507333587377904
2024-12-31,-0.00195798233797617,-0.0002563027241671245
2025-01-02,0.016232702543166916,-0.0014753467227056913
2025-01-03,0.011427381043588581,-0.002925503998097288
2025-01-06,-0.01800533387533403,-0.0034519510778053984
2025-01-07,0.0001746809650712339,-0.0014071347041871723
2025-01-08,-0.01580534828560434,-0.0007101446248333048
2025-01-10,-0.0032189610613979815,-0.00010144601019792553
2025-01-13,-0.0009498932084459785,-0.00011995036633702022
2025-01-14,0.02274560272265942,-0.0009683333022049225
2025-01-15,-0.007030656861489003,-0.0022987553321901642
2025-01-16,0.016737601074615513,-0.0009515682978911915
2025-01-17,0.0058478581236138414,-0.002227950484215261
2025-01-21,0.012704774650576534,0.00010909016859567277
2025-01-22,0.0021237615462590537,-0.00017173077537486762
2025-01-23,-0.005667124282590487,0.0005509986203098284
2025-01-24,-0.02954690721571355,0.0019916092621955488
2025-01-27,0.014671794621398145,0.0009048547368722277
2025-01-28,-0.001879844027842163,0.0006577196876562665
2025-01-29,0.004253368867802892,0.0004167058264049424
2025-01-30,-0.001454072615431148,0.00012136306740815275
2025-01-31,-0.008035414246676994,-0.0004970175009051352
2025-02-03,0.012200653942069319,0.000707885264907766
2025-02-04,0.004527649175805766,0.0002825595033199747
2025-02-05,0.005206126577261924,0.0007052748311498154
2025-02-06,-0.012693515929139242,0.0007577744018396477
2025-02-07,0.012032421321315224,0.0012435822663918958
2025-02-10,-0.0023835658820050253,0.0006852540361399789
2025-02-11,0.0005869600373005646,0.0007435875442912172
2025-02-12,0.014283272330534363,0.0002245080494805925
2025-02-13,0.004189755209502721,-0.0007775239697155374
2025-02-14,0.0022644600960060354,0.00019804617165848043
2025-02-18,0.0002780635671227278,1.676985652711741e-05
2025-02-19,-0.0042535471607749505,0.0006444049934388221
2025-02-20,-0.020973015784900455,0.0008439434323770524
2025-02-21,-0.01187451210749677,0.0006407119652210747
2025-02-24,-0.01267934794400333,0.0007723041919199277
2025-02-25,0.002412734174286459,-6.058488659296712e-05
2025-02-26,-0.028164213875888286,-0.0005437464059706514
2025-02-27,0.015668084591741682,-0.0005925642093217077
2025-02-28,-0.022125412608246027,-0.0017797910295347357
2025-03-03,-0.003022367805436653,-0.0004910659863216516
2025-03-04,0.012951782959329833,-0.0014473888984677765
2025-03-05,-0.027894881853187684,-0.0019357756069903612
2025-03-06,0.007326638147615067,0.00013607615740328732
2025-03-07,-0.03952739512119919,-0.001232953629519591
2025-03-10,-0.0023932323220595578,0.0006560133593555545
2025-03-11,0.011217593274715373,-6.188208489245551e-06
2025-03-12,-0.018154234064064856,-0.0011986473978307444
2025-03-13,0.023882991708153018,0.00018730431089238067
2025-03-14,0.006462830179672,-0.0013493782076173728
2025-03-17,-0.017194436002310326,-0.00014835677121997977
2025-03-18,0.013292639964092178,0.002070803265371275
2025-03-19,-0.0033953060790510095,0.0017138890247313358
2025-03-20,0.0032913267916312924,0.00309181028059207
2025-03-21,0.020216849135833128,0.0027221190931864853
2025-03-24,0.0056903783185460535,0.0017842663377739597
2025-03-25,-0.018572079255453667,0.003066336045172934
2025-03-26,-0.005714301263438664,0.004429506973393161
2025-03-27,-0.026680592878950762,0.004753342792774262
2025-03-28,-4.26502889621754e-05,0.005736031797272346
2025-03-31,0.008028759595563144,0.004027719603544044
2025-04-01,0.007271992840864276,0.002702207169281045
2025-04-02,-0.05501975571407946,0.0022391305098721954
2025-04-03,-0.06412144219268044,0.0044703822572498345
2025-04-04,0.002410323015787155,0.006817316922784802
2025-04-07,-0.01817257511884545,0.0035432468495164415
2025-04-08,0.11335615349540927,0.003104985307580013
2025-04-09,-0.04346317608114219,-0.008000998291152346
2025-04-10,0.018255409362437823,-0.0020317849059792595
2025-04-11,0.006755300506074558,7.618958751159674e-05
2025-04-14,0.0011141819016669495,0.0008026632016536578
2025-04-15,-0.030617464131621065,0.002558661643958131
2025-04-16,-0.000180123385005334,0.0023137475416600706
2025-04-17,-0.02505802498822373,0.0026797417522276875
2025-04-21,0.02591332225614612,0.002478935243931101
2025-04-22,0.02242485853989883,-0.00042811539985681483
2025-04-23,0.027748523522714754,-0.0021737971496507665
2025-04-24,0.011086281370387245,-0.0001541672475325492
2025-04-25,-0.0003174703985520059,0.000542812919858032
2025-04-28,0.006582718877482998,0.0030618469945418057
2025-04-29,-0.0001261829654669907,0.003196632372638583
2025-04-30,0.012976204643748447,0.003299458493575786
2025-05-01,0.014734787613254826,0.002087336018314276
2025-05-02,-0.005950200164501514,0.001509910317224089
2025-05-05,-0.00934528272556755,0.0022047595331345987
2025-05-06,0.003918280971660209,0.0024954454146233727
2025-05-07,0.010271912793276012,0.0016099180645120384
2025-05-08,-0.0006555630906937166,0.0018416417450377771
2025-05-09,0.03993219983188958,0.0025008733264723594
2025-05-12,0.015125747611687229,-0.0011928528773158147
2025-05-13,0.005975246683485812,-0.0012987683418738125
2025-05-14,0.001098340075538202,-0.00011464167845546221
2025-05-15,0.004342986956175698,0.0004384035431803311
2025-05-16,0.0009582950748690498,0.000856695787352627
2025-05-19,-0.0033388371962152818,-0.0003923014350183401
2025-05-20,-0.013994092750443958,-0.000329027209617319
2025-05-21,0.001869450614557799,-0.001740728708443024
2025-05-22,-0.009303847261720514,-0.0016885612062274037
2025-05-23,0.023252799306439507,-0.0022309789794792054
2025-05-27,-0.004441759775942576,-0.003415682673846839
2025-05-28,0.001963729405451779,-0.002852389653990506
2025-05-29,-0.001578380370799464,-0.003153969416035034
2025-05-30,0.007867106351588224,-0.003428799809685985
2025-06-02,0.00778673342624178,-0.002489938358708516
2025-06-03,0.002783908167815893,-0.003275735046412223
2025-06-04,-0.007555372133955925,-0.0028516261109340826
2025-06-05,0.00972786918655611,-0.00348743277071048
2025-06-06,0.0014708380770092405,-0.003043353945429071
2025-06-09,0.006592130247483411,-0.0028186012069919253
2025-06-10,-0.003375150866749657,-0.002905554513550715
2025-06-11,0.002345062843614029,-0.0031330209850959257
2025-06-12,-0.012634287725759502,-0.0017471693088873376
2025-06-13,0.013814118379029818,-0.0023866535604354566
2025-06-16,-0.009799113553620706,-0.002429772250248967
2025-06-17,-0.00017012106990482983,-0.0020619886345272613
2025-06-18,-0.004091612232068815,-0.0020486430584938783
2025-06-20,0.009107462241222008,-0.0030872433901864525
2025-06-23,0.015176271040872283,-0.0027724747452741523
2025-06-24,0.002553334597192239,-0.0036216545620539066
2025-06-25,0.009306841258020282,-0.0025690549877721994
2025-06-26,0.0034176820466208188,-0.002409841919480681
2025-06-27,0.006456152566336343,-0.002536116526220695
2025-06-30,-0.008465138886913987,-0.0020026802768191767
2025-07-01,0.006941246135276686,-0.001885351220897324
2025-07-02,0.009792132587266545,-0.0010213407546348517
2025-07-03,-0.007561506815373562,-0.0011542906290536888
2025-07-07,0.0005614060652537651,-0.0016825865283556514
2025-07-08,0.007054034788803655,-0.0011811743094521335
2025-07-09,-0.0014392374527185067,-0.0015646241149079828
2025-07-10,-0.0022529635988532974,-0.0009749691776006945
2025-07-11,0.003620288353556368,-0.0012396671404347958
2025-07-14,0.0009164997541601784,-0.0010293997315167158
2025-07-15,0.0010233302209894295,-0.001419236184304711
2025-07-16,0.008060163912559221,-0.002204766514148942
2025-07-17,-0.0009616584004689948,-0.0017112971771818892
2025-07-18,0.005171368250689296,-0.001879808098276115
2025-07-21,-0.005189185463899399,-0.001548288748567375
2025-07-22,0.004550876252347379,-0.0014444131814868647
2025-07-23,0.0021261147960462226,-0.0013265917971113388
2025-07-24,0.002404144770203983,-0.0017322435174299316
2025-07-25,0.0031202923484020205,-0.0009075399164801171
2025-07-28,-0.001550114807485334,-0.0010759284670724832
2025-07-29,0.0013388769528763897,-0.0016591033969410713
2025-07-30,-0.005313199263997172,-0.0016384269187712677
2025-07-31,-0.01989537331834457,-0.0024848155113159544
2025-08-01,0.01828348395941723,-0.001726214810825922
2025-08-04,-0.006812730353113683,-0.0023267405401270376
2025-08-05,0.012504708033590111,-0.002088646992992724
2025-08-06,0.0033786193890522585,-0.00243880008647431
2025-08-07,0.009284987888183388,-0.002238492210077719
2025-08-08,-0.002963223364007737,-0.0012332585714484154
2025-08-11,0.012490404381780834,-0.0007885268092367269
2025-08-12,0.0004998319634564901,-0.0014383166076275525
2025-08-13,-0.0007757083036375455,-0.0011215589752849584
2025-08-14,-0.0044070826495231415,-0.0009424933437038673
2025-08-15,-0.00039845814551187417,-0.0011964794798174285
2025-08-18,-0.013660485108729485,0.0002014786792732278
2025-08-19,-0.005955020328992139,-0.000989156485342708
2025-08-20,-0.004640543937600442,-0.0018991870653855922
2025-08-21,0.01530970224105165,-0.0008812830588214475
2025-08-22,-0.00288893564255633,-0.002286807469450496
2025-08-25,0.0040072499005375265,-0.0012235356938219476
2025-08-26,0.00153564291586177,-0.0007807422129200676
2025-08-27,0.00624040545179923,-0.0005560359151174995
2025-08-28,-0.01164303597748548,-0.0009593527970494653
2025-08-29,-0.008415394463972185,-0.0009550015023696525
2025-09-02,0.007836685669861291,-0.0007884352163711358
2025-09-03,0.009010800512702127,-0.0012928168824233627
2025-09-04,0.0014418611189099737,-0.0016095591054912067
2025-09-05,0.004866105382708958,-0.0024516415016621624
2025-09-08,0.002829100198129219,-0.0007876370942546017
2025-09-09,0.0003272448595786138,-0.00016955554118762631
2025-09-10,0.005803687369826154,-4.392187400776895e-05
2025-09-11,0.004407475915327099,2.7252661740931463e-05
