date,y,yhat_cv
1999-12-17,0.013279777798412917,
1999-12-20,0.05220571663742647,
1999-12-21,-0.00335946564557869,
1999-12-22,0.01170908275942859,
1999-12-23,-0.005558658003827493,
1999-12-27,-0.006150424755600978,
1999-12-28,0.03688830020923006,
1999-12-29,-0.010869672236903879,
1999-12-30,-0.0010934938213712185,
1999-12-31,0.0359963655024313,
2000-01-03,-0.07106814814912954,
2000-01-04,0.0005664117965082575,
2000-01-05,-0.09746425353560079,
2000-01-06,0.1165338162559516,
2000-01-07,0.027398974188114347,
2000-01-10,-0.04533667487478175,
2000-01-11,-0.026943446986049457,
2000-01-12,0.05867446980505256,
2000-01-13,0.023288352772196153,
2000-01-14,0.005339040979420328,
2000-01-18,0.022117805253618974,
2000-01-19,-0.009945122533398063,
2000-01-20,0.01254590423345541,
2000-01-21,-0.048971998882179506,
2000-01-24,0.014622518867541963,
2000-01-25,-0.04115807249350744,
2000-01-26,0.01446076366967388,
2000-01-27,-0.051554888075914636,
2000-01-28,0.04212347281124282,
2000-01-31,0.02640417419651071,
2000-02-01,0.008648702558531896,
2000-02-02,0.038019362525147406,
2000-02-03,0.006713167478508831,
2000-02-04,0.013800372354594052,
2000-02-07,0.04126859528689949,
2000-02-08,-0.03620529333035271,
2000-02-09,0.03230094478832125,
2000-02-10,-0.023251109268403274,
2000-02-11,-0.0015026298845350185,
2000-02-14,0.006993035490970604,
2000-02-15,-0.004489905272852079,
2000-02-16,0.02127213527553977,
2000-02-17,-0.03689351617849654,
2000-02-18,0.0030425986960967303,
2000-02-22,0.054200456897679654,
2000-02-23,0.02135312447056906,
2000-02-24,-0.023273432309836417,
2000-02-25,-0.00048065369827068546,
2000-02-28,0.026098752967361288,
2000-02-29,0.008395571701638155,
2000-03-01,-0.023497321661663243,
2000-03-02,0.054592648191727676,
2000-03-03,0.008071792704327495,
2000-03-06,-0.015301828717808505,
2000-03-07,0.009029406719394157,
2000-03-08,0.03315220731690055,
2000-03-09,-0.004357305368955701,
2000-03-10,-0.02655023209412084,
2000-03-13,-0.03746440882540911,
2000-03-14,-0.042802539234760434,
2000-03-15,0.055294027128789475,
2000-03-16,0.01867510434439001,
2000-03-17,-0.7215243707107858,
2000-03-20,0.03736197655865585,
2000-03-21,0.019486887673496694,
2000-03-22,0.01739174271186924,
2000-03-23,0.013358650444352083,
2000-03-24,0.0020394296667696973,
2000-03-27,-0.025796787332020305,
2000-03-28,-0.0427111180930498,
2000-03-29,-0.024851716155763433,
2000-03-30,0.02029589961990273,
2000-03-31,-0.06216690641655156,
2000-04-03,-0.009765702611324789,
2000-04-04,-0.017822253907504384,
2000-04-05,0.023693112257288044,
2000-04-06,0.03922071315328133,
2000-04-07,-0.06892586756719707,
2000-04-10,-0.017744445299071956,
2000-04-11,-0.060624621816434854,
2000-04-12,-0.04445176257083381,
2000-04-13,-0.0905714254571515,
2000-04-14,0.10892469634821529,
2000-04-17,0.026098491679769985,
2000-04-18,-0.032478277155483994,
2000-04-19,-0.020532738811019843,
2000-04-20,-0.02907181482197696,
2000-04-24,0.06531255777709062,
2000-04-25,-0.034751880514360456,
2000-04-26,0.04333656893931113,
2000-04-27,0.03763885149993491,
2000-04-28,0.009244734398915627,
2000-05-01,-0.05923350579313293,
2000-05-02,-0.01115709442569243,
2000-05-03,0.002017485553168909,
2000-05-04,0.02356955579076042,
2000-05-05,-0.03971077197014579,
2000-05-08,-0.02162495126290169,
2000-05-09,-0.0754505545885538,
2000-05-10,0.059392072017060635,
2000-05-11,0.0,
2000-05-12,0.04256453779869636,
2000-05-15,0.027916060221026228,
2000-05-16,-0.02080742661918658,
2000-05-17,-0.036525899036501115,
2000-05-18,-0.04850449069227139,
2000-05-19,-0.000734753890513295,
2000-05-22,-0.08724527557895102,
2000-05-23,0.060805455775972614,
2000-05-24,-0.022258470600942697,
2000-05-25,0.0,
2000-05-26,0.0957193331548613,
2000-05-30,-0.024371252357395113,
2000-05-31,0.04541979166647988,
2000-06-01,0.0690844214275079,
2000-06-02,0.002453465415473825,
2000-06-05,-0.028201317903670704,
2000-06-06,0.026388467500495914,
2000-06-07,-0.004707401439171956,
2000-06-08,0.005347606326595277,
2000-06-09,-0.03252319170556006,
2000-06-12,0.037842353183159934,
2000-06-13,-0.022750203207279506,
2000-06-14,0.017431041729679603,
2000-06-15,0.005319161477600027,
2000-06-16,0.03901665234245172,
2000-06-19,-0.0037826554329919086,
2000-06-20,0.012722170471800444,
2000-06-21,-0.03740197970257027,
2000-06-22,-0.04016604172533476,
2000-06-23,0.026955809988528295,
2000-06-26,-0.011986444880367923,
2000-06-27,0.011986444880367835,
2000-06-28,-0.02542692468470908,
2000-06-29,0.019451661494622047,
2000-06-30,0.01918549492689353,
2000-07-03,-0.03951051892244433,
2000-07-05,0.026300287185637844,
2000-07-06,0.020428213803914047,
2000-07-07,-0.015334824184810884,
2000-07-10,0.005488719711433859,
2000-07-11,0.023408090898014804,
2000-07-12,0.01277156567948754,
2000-07-13,0.021095709487595544,
2000-07-14,0.011857846450783468,
2000-07-17,-0.022852459951875227,
2000-07-18,-0.022872661665991455,
2000-07-19,0.03187722475907331,
2000-07-20,-0.03445122875424608,
2000-07-21,-0.020834086902842025,
2000-07-24,0.007863736460214451,
2000-07-25,-0.0012540496993041033,
2000-07-26,-0.04000320054055385,
2000-07-27,-0.05595552163527214,
2000-07-28,0.02904015322116365,
2000-07-31,-0.013394313593382836,
2000-08-01,-0.017835158932857205,
2000-08-02,0.042348110529220113,
2000-08-03,-0.0034335748414506613,
2000-08-04,0.02324921035231814,
2000-08-07,0.020174522638492266,
2000-08-08,-0.02691807658200702,
2000-08-09,-0.02006240129426339,
2000-08-10,0.013822302223777736,
2000-08-11,0.021080863246619824,
2000-08-14,0.0,
2000-08-15,0.010056787445593013,
2000-08-16,0.019084347461906303,
2000-08-17,-0.005235614053945052,
2000-08-18,0.002621233479874287,
2000-08-21,0.0,
2000-08-22,0.01620309649038564,
2000-08-23,0.015336155808139462,
2000-08-24,-0.0053919455115748515,
2000-08-25,0.004782993904408362,
2000-08-28,0.0050633019565466345,
2000-08-29,-0.0012128564252092936,
2000-08-30,0.031065819574890532,
2000-08-31,0.005865119452398058,
2000-09-01,-0.030680288572122044,
2000-09-05,-0.03580945269671089,
2000-09-06,0.02194493875056602,
2000-09-07,-0.031048753000036546,
2000-09-08,-0.02468998461106413,
2000-09-11,-0.015527756472176111,
2000-09-12,0.02293480015951584,
2000-09-13,-0.005361943141385399,
2000-09-14,-0.018996500690655036,
2000-09-15,-0.015127545145472496,
2000-09-18,0.03616497248043566,
2000-09-19,0.015334130722577098,
2000-09-20,-0.07548268817416613,
2000-09-21,0.057462261310857125,
2000-09-22,-0.02693581961918201,
2000-09-25,-0.01145029463086127,
2000-09-26,0.0013407823237650853,
2000-09-27,0.022085703353811794,
2000-09-28,-0.03117106672884081,
2000-09-29,-0.022793009528556573,
2000-10-02,-0.03221361998365496,
2000-10-03,0.01921889019478708,
2000-10-04,0.00291528397247964,
2000-10-05,-0.03411036521398229,
2000-10-06,-0.004467797083505037,
2000-10-09,-0.05369750195024656,
2000-10-10,-0.016090969564834766,
2000-10-11,-0.025364392816942367,
2000-10-12,0.07831087482877773,
2000-10-13,0.00918842605440617,
2000-10-16,-0.04681041784399056,
2000-10-17,-0.0032000027306709027,
2000-10-18,0.08664806313589574,
2000-10-19,0.014588576406078845,
2000-10-20,-0.0013913045722583578,
2000-10-23,-0.043755868318672494,
2000-10-24,-0.057629112836636416,
2000-10-25,0.025356328043615615,
2000-10-26,-0.00200501320302041,
2000-10-27,-0.037706556504786826,
2000-10-30,0.06224006302615006,
2000-10-31,-0.008604847193518414,
2000-11-01,0.012270092591814401,
2000-11-02,0.012843990938354378,
2000-11-03,-0.007492482180349304,
2000-11-06,-0.0037673982701573656,
2000-11-07,-0.08152519730869771,
2000-11-08,-0.0001321091223271277,
2000-11-09,-0.05345819668134557,
2000-11-10,0.001531927045642151,
2000-11-13,0.05390607626139383,
2000-11-14,0.02010249132560039,
2000-11-15,-0.059914096320664086,
2000-11-16,-0.0006862947218790397,
2000-11-17,-0.041634718851137856,
2000-11-20,-0.0015758186772108637,
2000-11-21,-0.04576249412702931,
2000-11-22,0.05560635705355965,
2000-11-24,-0.012571594141923007,
2000-11-27,-0.060903197130173316,
2000-11-28,-0.03910460071964818,
2000-11-29,0.0006353240366176832,
2000-11-30,0.016065867686793286,
2000-12-01,0.015504186535965254,
2000-12-04,0.08391685028722559,
2000-12-05,-0.03879641500675599,
2000-12-06,-0.022305757514298277,
2000-12-07,0.022305757514298186,
2000-12-08,0.08967938332081722,
2000-12-11,-0.037254376620116214,
2000-12-12,-0.04174692674329383,
2000-12-13,-0.04996938383744944,
2000-12-14,-0.02321007794925279,
2000-12-15,0.0018767600128601842,
2000-12-18,-0.07914467352693329,
2000-12-19,-0.05921980825129365,
2000-12-20,0.005903944155197393,
2000-12-21,0.07622081930015354,
2000-12-22,0.006261348516634738,
2000-12-26,0.011107595417248034,
2000-12-27,-0.0019512201312618048,
2000-12-28,-0.051087723413447916,
2000-12-29,-0.08841383619757853,
2001-01-02,0.155646566418841,
2001-01-03,-0.018263133872634698,
2001-01-04,-0.0794040816488829,
2001-01-05,0.01088876230863529,
2001-01-08,0.0,
2001-01-09,0.05007858312533045,
2001-01-10,0.028659948985377336,
2001-01-11,0.012673627563595113,
2001-01-12,-0.012028049749049726,
2001-01-16,0.03019457098720949,
2001-01-17,0.04109747316614138,
2001-01-18,-0.0037630811321768634,
2001-01-19,0.001055090911052121,
2001-01-22,0.02072381285619301,
2001-01-23,-0.009488581197361451,
2001-01-24,-0.039965814148933236,
2001-01-25,0.01614798640798194,
2001-01-26,0.02187940918125725,
2001-01-29,-0.003738322110607104,
2001-01-30,-0.037394666036785235,
2001-01-31,0.013132672327280546,
2001-02-01,-0.056842450940391705,
2001-02-02,-0.0008126778179903221,
2001-02-05,0.001624695727001983,
2001-02-06,-0.01636697746420536,
2001-02-07,-0.030323120661105187,
2001-02-08,-0.04150261391015042,
2001-02-09,0.011984634104622418,
2001-02-12,-0.032585452210773386,
2001-02-13,0.03904666389690257,
2001-02-14,0.016400885539416512,
2001-02-15,-0.05762185723258914,
2001-02-16,-0.03959081609692157,
2001-02-20,-0.028521408834980333,
2001-02-21,-0.009756174945364685,
2001-02-22,0.003523198007316878,
2001-02-23,0.018775350715138753,
2001-02-26,-0.062303883336154865,
2001-02-27,-0.03214377305468967,
2001-02-28,0.0280537878031645,
2001-03-01,-0.04398614818424977,
2001-03-02,0.018037624316547603,
2001-03-05,0.03816863520247749,
2001-03-06,0.00040477636658729614,
2001-03-07,-0.01879140261702653,
2001-03-08,-0.07268155143480481,
2001-03-09,-0.06409516045640043,
2001-03-12,0.04957787590768153,
2001-03-13,-0.015873349156290233,
2001-03-14,-0.037256928355758986,
2001-03-15,-0.022796428092383685,
2001-03-16,0.048790164169431834,
2001-03-19,-0.06963702580895487,
2001-03-20,0.0,
2001-03-21,0.058946707871793104,
2001-03-22,0.0,
2001-03-23,-0.02340255721927735,
2001-03-26,0.033861688009414706,
2001-03-27,-0.08564604568474349,
2001-03-28,-0.019072415376387496,
2001-03-29,0.0051216501200547025,
2001-03-30,-0.04572971801632587,
2001-04-02,-0.07608442013302633,
2001-04-03,-0.01775625169193861,
2001-04-04,0.09143135463754534,
2001-04-05,-0.02744364596226153,
2001-04-06,0.02045061047129084,
2001-04-09,0.07159856054829605,
2001-04-10,0.02970515441391591,
2001-04-11,0.04296603588344334,
2001-04-12,-0.061428098723178726,
2001-04-16,0.02454110891611766,
2001-04-17,0.09915951092527735,
2001-04-18,0.05862093695255968,
2001-04-19,0.0020682530640590605,
2001-04-20,-0.06950953385959156,
2001-04-23,-0.019005602811904523,
2001-04-24,0.01789756945754288,
2001-04-25,-0.025829622377446675,
2001-04-26,0.026937655731808386,
2001-04-27,0.021906681085866807,
2001-04-30,0.04034517446744038,
2001-05-01,0.019169916107720123,
2001-05-02,-0.045528848600420654,
2001-05-03,0.02947581813295368,
2001-05-04,-0.020965128465044964,
2001-05-07,0.02096512846504487,
2001-05-08,-0.03483201733347865,
2001-05-09,-0.01689814905752525,
2001-05-10,-0.004818230959583537,
2001-05-11,-0.01615615533318628,
2001-05-14,0.007335811490213358,
2001-05-15,0.043343729216472,
2001-05-16,0.015781495337403046,
2001-05-17,0.0029184927949132172,
2001-05-18,0.06077154739889175,
2001-05-21,-0.002942621054197424,
2001-05-22,-0.045211114924463,
2001-05-23,0.025369194125459005,
2001-05-24,-0.01840480710698946,
2001-05-25,-0.06036950024962521,
2001-05-29,-0.03733177845304113,
2001-05-30,0.006729500496939618,
2001-05-31,0.029083345256559156,
2001-06-01,-0.0047888641802831195,
2001-06-04,0.04313221937793056,
2001-06-05,-0.0077625481574960815,
2001-06-06,0.02537046034707699,
2001-06-07,-0.02811221045645685,
2001-06-08,-0.02783905693077153,
2001-06-11,-0.005443671581176581,
2001-06-12,-0.027671937203320996,
2001-06-13,-0.05300780011363545,
2001-06-14,0.00824989947214184,
2001-06-15,-0.013470604258299395,
2001-06-18,-0.005008955016537885,
2001-06-19,0.02246222823832973,
2001-06-20,0.013469780987733495,
2001-06-21,-0.002309469848662529,
2001-06-22,0.002540123753502385,
2001-06-25,0.0034534396011978827,
2001-06-26,0.006414684080718297,
2001-06-27,0.012707227942281536,
2001-06-28,0.029985589144570602,
2001-06-29,-0.005485477276671203,
2001-07-02,0.004171704370387004,
2001-07-03,-0.049173673282473754,
2001-07-05,-0.042309483098549504,
2001-07-06,0.00860631656843906,
2001-07-09,-0.03660571106879719,
2001-07-10,0.012270092591814401,
2001-07-11,0.06148508365068089,
2001-07-12,-0.010374732825551704,
2001-07-13,-0.01871399643137353,
2001-07-16,0.02218421391038072,
2001-07-17,-0.03885126639559243,
2001-07-18,0.023491411244737415,
2001-07-19,-0.023491411244737477,
2001-07-20,-0.0252870269146452,
2001-07-23,-0.011391901305435744,
2001-07-24,0.00867953371972281,
2001-07-25,0.014706147389695487,
2001-07-26,0.02047031141102629,
2001-07-27,-0.005977304108459414,
2001-07-30,0.0014378147696274175,
2001-07-31,0.03158405353531882,
2001-08-01,0.018619087463923968,
2001-08-02,-0.016764659486964716,
2001-08-03,-0.01587334915629012,
2001-08-06,-0.005189914928334193,
2001-08-07,-0.043012186889543454,
2001-08-08,0.004188745806639675,
2001-08-09,-0.009635652068771585,
2001-08-10,0.02015305365182739,
2001-08-13,-0.01224005489450195,
2001-08-14,-0.03764559961636688,
2001-08-15,0.011696039763191236,
2001-08-16,-0.04656816547721155,
2001-08-17,0.013677225307453593,
2001-08-20,-0.042423328217562915,
2001-08-21,0.026890568911853447,
2001-08-22,-0.009865431299900904,
2001-08-23,0.0516951428960725,
2001-08-24,0.0012714559881968875,
2001-08-27,-0.03175689607741096,
2001-08-28,-0.014799424445939095,
2001-08-29,-0.03770960837605563,
2001-08-30,0.0,
2001-08-31,-0.019542777178476224,
2001-09-04,-0.0039548074144766104,
2001-09-05,-0.041317446984649245,
2001-09-06,-0.005917177028088396,
2001-09-07,0.01179954693115503,
2001-09-10,-0.08887928947403448,
2001-09-17,-0.022691411202070765,
2001-09-18,-0.017529802284794126,
2001-09-19,-0.03393606954731284,
2001-09-20,-0.027293506655237786,
2001-09-21,0.049144836987478666,
2001-09-24,0.003034903695154111,
2001-09-25,-0.03529576591337543,
2001-09-26,-0.006649193351503443,
2001-09-27,0.017403850348761195,
2001-09-28,-0.008664063901338158,
2001-10-01,0.003127717580177783,
2001-10-02,0.07291761391377012,
2001-10-03,0.009630893060961366,
2001-10-04,0.014589538832827431,
2001-10-05,0.0031436681029675356,
2001-10-08,-0.024465080411240053,
2001-10-09,0.04435386526502926,
2001-10-10,0.06549959761712174,
2001-10-11,-0.004332136739134793,
2001-10-12,-0.004350985834326146,
2001-10-15,0.016147986407982158,
2001-10-16,-0.07450410763723563,
2001-10-17,0.026757449169549117,
2001-10-18,0.00657897109804234,
2001-10-19,0.026472134041976923,
2001-10-22,0.005211360954662981,
2001-10-23,0.021426330317308576,
2001-10-24,0.03935115644324584,
2001-10-25,-0.021701167514101376,
2001-10-26,-0.05626037395561046,
2001-10-29,-0.01957938547148422,
2001-10-30,0.015458096152715383,
2001-10-31,0.041600452505145866,
2001-11-01,0.007330170966434393,
2001-11-02,0.03206465962950145,
2001-11-05,0.03816340374993853,
2001-11-06,-0.00131010106515173,
2001-11-07,-0.010278124477239262,
2001-11-08,-0.0005299417188147279,
2001-11-09,0.007130625750166817,
2001-11-12,0.03516391245766697,
2001-11-13,0.007088637277734536,
2001-11-14,-0.004044494896506526,
2001-11-15,-0.002790109609634723,
2001-11-16,0.028050925088423658,
2001-11-19,-0.04728475304370149,
2001-11-20,0.0005177323439488503,
2001-11-21,0.016427474141947996,
2001-11-23,0.02439452037830723,
2001-11-26,-0.001243008239596914,
2001-11-27,-0.036736239825619466,
2001-11-28,0.030497916412927706,
2001-11-29,-0.007537724131426746,
2001-11-30,-0.01729882873023915,
2001-12-03,0.04662498598086646,
2001-12-04,0.048288539712304575,
2001-12-05,0.0013992539596443347,
2001-12-06,-0.02788460439997209,
2001-12-07,-0.017648227899153327,
2001-12-10,0.0055940800145008445,
2001-12-11,0.007972019512218122,
2001-12-12,-0.04427678444265342,
2001-12-13,0.008764297993588258,
2001-12-14,0.01705640162815454,
2001-12-17,0.01121142623298971,
2001-12-18,-0.01834465042850663,
2001-12-19,-0.04338637576272335,
2001-12-20,0.01763173311340508,
2001-12-21,-0.0040609192863149575,
2001-12-24,0.009365971516008147,
2001-12-26,0.00803015607416962,
2001-12-27,0.007966186016133065,
2001-12-28,-0.035844321888814576,
2001-12-31,0.030374392785499384,
2002-01-02,0.03406774745469119,
2002-01-03,0.004088018197709534,
2002-01-04,-0.01110050008363616,
2002-01-07,0.0067714889940506786,
2002-01-08,-0.009201033434989575,
2002-01-09,0.006546271407609957,
2002-01-10,-0.012890851011385058,
2002-01-11,-0.02202786752565918,
2002-01-14,0.009464578745713118,
2002-01-15,-0.039438882711560076,
2002-01-16,0.022186298266351278,
2002-01-17,-0.027097772531329535,
2002-01-18,-0.03132247112904127,
2002-01-22,0.02716770015626636,
2002-01-23,0.013183595367301073,
2002-01-24,-0.0028288562004777137,
2002-01-25,0.005649732542118907,
2002-01-28,-0.027783170901555188,
2002-01-29,0.007606594053471183,
2002-01-30,0.006251648389206521,
2002-01-31,-0.009654347654544409,
2002-02-01,-0.03251019053762151,
2002-02-04,-0.01666022420840696,
2002-02-05,-0.006908967651073178,
2002-02-06,-0.02442226644167752,
2002-02-07,0.027468094630512876,
2002-02-08,0.01263753082671651,
2002-02-11,-0.008223730557612496,
2002-02-12,0.01692180116110039,
2002-02-13,-0.0018962487058177626,
2002-02-14,-0.030280320607820002,
2002-02-15,-0.031225926168231995,
2002-02-19,0.013461466344332812,
2002-02-20,-0.048676372635399416,
2002-02-21,0.005064810469462334,
2002-02-22,0.03962067887583757,
2002-02-25,-0.0037201359257952545,
2002-02-26,-0.013857034661426354,
2002-02-27,-0.018187652999698527,
2002-02-28,0.05640159835162806,
2002-03-01,0.0386932614324861,
2002-03-04,0.007241549682175573,
2002-03-05,0.004798729549905191,
2002-03-06,0.0021253993123135366,
2002-03-07,0.025934655911043533,
2002-03-08,-0.003626946981139507,
2002-03-11,-0.013850998911680498,
2002-03-12,-0.024508419028731465,
2002-03-13,-0.005950788455977203,
2002-03-14,0.009987935642948297,
2002-03-15,0.005624763724765788,
2002-03-18,-0.0016038495819744047,
2002-03-19,-0.035951584252245525,
2002-03-20,0.026274089370180213,
2002-03-21,-0.00922665975708749,
2002-03-22,-0.031010236742560208,
2002-03-25,0.009237294513811958,
2002-03-26,-0.007832207869829537,
2002-03-27,0.012557720485484966,
2002-03-28,0.018954007883674455,
2002-04-01,-0.04622203606372184,
2002-04-02,-0.0017113523857283602,
2002-04-03,-0.007737536812204252,
2002-04-04,-0.011283209535448742,
2002-04-05,0.012433295918686225,
2002-04-08,-0.035388983156227106,
2002-04-09,0.007415131113821231,
2002-04-10,-0.025135973271542388,
2002-04-11,0.015634714147402157,
2002-04-12,0.008022625112316191,
2002-04-15,0.04088118187785285,
2002-04-16,-0.005126755746345627,
2002-04-17,-0.01931730818934753,
2002-04-18,0.0031972124314251726,
2002-04-19,-0.02557082747558212,
2002-04-22,-0.01741785775909993,
2002-04-23,-0.015570456529409837,
2002-04-24,-0.0024645730281616994,
2002-04-25,-0.04349882099251213,
2002-04-26,0.0025740039951728426,
2002-04-29,0.019411906284913304,
2002-04-30,-0.00537210961743079,
2002-05-01,-0.03383599724909514,
2002-05-02,-0.02556155769656937,
2002-05-03,-0.02623212925075001,
2002-05-06,-0.009363689015683541,
2002-05-07,0.10162532551584938,
2002-05-08,-0.02614944915081967,
2002-05-09,-0.045950903050604126,
2002-05-10,0.03979304855744226,
2002-05-13,0.05717647465069892,
2002-05-14,0.007341727684868271,
2002-05-15,0.0015227656361117105,
2002-05-16,0.002127983779150975,
2002-05-17,-0.022107133045165376,
2002-05-20,-0.02770085837900723,
2002-05-21,0.0022317879501073112,
2002-05-22,0.01986507070685925,
2002-05-23,-0.02497363864958167,
2002-05-24,-0.004491505786296699,
2002-05-28,-0.026720390615940448,
2002-05-29,0.008549871221238261,
2002-05-30,-0.016507472894552403,
2002-05-31,-0.03592389000339768,
2002-06-03,0.013027266853778476,
2002-06-04,0.010166132963471217,
2002-06-05,-0.02665002268516055,
2002-06-06,-0.020287509375433513,
2002-06-07,-0.0017683470567420034,
2002-06-10,-0.028363057252624897,
2002-06-11,0.014461568011834541,
2002-06-12,-0.006481837602190806,
2002-06-13,-0.002169982768322693,
2002-06-14,0.03346698949023756,
2002-06-17,0.015978109984658095,
2002-06-18,-0.05963441616023832,
2002-06-19,-0.03271667260899379,
2002-06-20,-0.0244847732683132,
2002-06-21,0.019559588089721483,
2002-06-24,-0.03360038037895748,
2002-06-25,0.0074349784875179905,
2002-06-26,0.021597445718536473,
2002-06-27,-0.004205703006667275,
2002-06-28,-0.04907756178600995,
2002-07-01,-0.03688942868571362,
2002-07-02,0.03285716515777502,
2002-07-03,0.06226320730043565,
2002-07-05,-0.03712723402889346,
2002-07-08,-0.02877896455004329,
2002-07-09,-0.031304038798733294,
2002-07-10,0.03696519423347155,
2002-07-11,0.0,
2002-07-12,0.030576136132158725,
2002-07-15,-0.014972698938576334,
2002-07-16,0.018096481252259718,
2002-07-17,-0.036526490083453676,
2002-07-18,-0.03038000468172172,
2002-07-19,-0.024901054487947435,
2002-07-22,-0.04367506350266153,
2002-07-23,0.05303285190822221,
2002-07-24,-0.059751802156967064,
2002-07-25,0.018700455907188485,
2002-07-26,0.049902826591213,
2002-07-29,0.019942497217381276,
2002-07-30,-0.019103570993681627,
2002-07-31,-0.048098579469898456,
2002-08-01,-0.021343629252202692,
2002-08-02,-0.03708367240964793,
2002-08-05,0.0482569730077732,
2002-08-06,0.013245226750020723,
2002-08-07,0.0332141809876446,
2002-08-08,-0.010234630914701224,
2002-08-09,0.0029959363303172564,
2002-08-12,-0.034786116085415424,
2002-08-13,0.06176920338876648,
2002-08-14,0.020177748603391086,
2002-08-15,0.0069063853635335775,
2002-08-16,0.024001152099543045,
2002-08-19,-0.004357305368955701,
2002-08-20,0.02198753674522636,
2002-08-21,0.015796899479252856,
2002-08-22,-0.0393736300432498,
2002-08-23,0.00396825917562067,
2002-08-26,-0.035473288084253894,
2002-08-27,-0.037203872677219176,
2002-08-28,0.013116329354970537,
2002-08-29,-0.012690525644044907,
2002-08-30,-0.03685654533583911,
2002-09-03,0.003967384529469681,
2002-09-04,-0.024945614236231674,
2002-09-05,0.030211093711993663,
2002-09-06,0.010015324299684868,
2002-09-09,0.024396673298043285,
2002-09-10,-0.008492620045653588,
2002-09-11,-0.027671458595991755,
2002-09-12,0.00786030247879352,
2002-09-13,-0.014458083175229888,
2002-09-16,-0.02141027367763925,
2002-09-17,-0.011335419492424113,
2002-09-18,-0.01608860259980827,
2002-09-19,0.004161855718279269,
2002-09-20,-0.03045445009946269,
2002-09-23,0.00047562426580340155,
2002-09-24,0.03916584497406798,
2002-09-25,-0.012422519998557096,
2002-09-26,-0.013516868579593687,
2002-09-27,-0.02807702871924347,
2002-09-30,0.05903353158419314,
2002-10-01,-0.03377605360504944,
2002-10-02,-0.024292692569044587,
2002-10-03,-0.01898329091277717,
2002-10-04,-0.009380468685436195,
2002-10-07,0.0019821612039912025,
2002-10-08,-0.00695482187336961,
2002-10-09,0.049596941139372186,
2002-10-10,0.052668060538322466,
2002-10-11,0.011633240814006459,
2002-10-14,0.04692433375789564,
2002-10-15,-0.0336674007643498,
2002-10-16,0.0332428624433907,
2002-10-17,0.010979840036344654,
2002-10-18,0.019959082515309774,
2002-10-21,-0.006194527344695652,
2002-10-22,0.018876227268931615,
2002-10-23,-0.025526293338948996,
2002-10-24,0.029583094034563308,
2002-10-25,-0.00853837266985521,
2002-10-28,-0.023549941881645213,
2002-10-29,0.02640417419651071,
2002-10-30,-0.00040724903841207315,
2002-10-31,0.028114301480839255,
2002-11-01,0.025416812984123256,
2002-11-04,0.007692345623155865,
2002-11-05,0.014076701910362118,
2002-11-06,-0.035766165634616605,
2002-11-07,-0.01857393843419111,
2002-11-08,-0.030784123842170136,
2002-11-11,0.025184109207434573,
2002-11-12,0.011961865117499885,
2002-11-13,0.033901551675681416,
2002-11-14,0.012942700654837788,
2002-11-15,-0.014860246784109646,
2002-11-18,-0.015474196582597478,
2002-11-19,0.041617000057018586,
2002-11-20,0.03635428795388968,
2002-11-21,-0.00036068530598420224,
2002-11-22,0.009693129205659751,
2002-11-25,-0.034160298234871565,
2002-11-26,0.03129804225574032,
2002-11-27,-0.006830873226528383,
2002-11-29,0.010050335853501506,
2002-12-02,-0.03009108673694749,
2002-12-03,-0.022330663666534283,
2002-12-04,-0.014023349004670995,
2002-12-05,0.010252605471958753,
2002-12-06,-0.04837468570223646,
2002-12-09,0.014955020948743458,
2002-12-10,0.004676547883901803,
2002-12-11,0.0054284739742928865,
2002-12-12,-0.032222827111813665,
2002-12-13,0.03183605472254038,
2002-12-16,0.003089998596134904,
2002-12-17,-0.021439137264331463,
2002-12-18,-0.012688512818319378,
2002-12-19,0.010321647808053287,
2002-12-20,0.013728397607073626,
2002-12-23,-0.01254426484585687,
2002-12-24,-0.0027651607585355556,
2002-12-26,-0.01836378950219551,
2002-12-27,-0.0076845676440146365,
2002-12-30,-0.010612344495331579,
2002-12-31,0.04139630638737592,
2003-01-02,0.010963304797269594,
2003-01-03,0.02461662763535603,
2003-01-06,0.012460044154737107,
2003-01-07,-0.028546181906361497,
2003-01-08,0.03042059670071172,
2003-01-09,0.014870162479451407,
2003-01-10,-0.005921556903437321,
2003-01-13,0.005183277061856152,
2003-01-14,-0.012634876370277114,
2003-01-15,-0.011282556690311458,
2003-01-16,-0.04367844042645294,
2003-01-17,-0.011124469113349748,
2003-01-21,-0.004003207908216356,
2003-01-22,0.02299863461825357,
2003-01-23,-0.027420752377258977,
2003-01-24,-0.011752921506063151,
2003-01-27,0.010140017930598363,
2003-01-28,0.01482102034475165,
2003-01-29,-0.02618477899506691,
2003-01-30,-0.002451983247286645,
2003-01-31,0.0020437366606817866,
2003-02-03,-0.012325546342140425,
2003-02-04,-0.004557704181315738,
2003-02-05,0.005384150509346936,
2003-02-06,-0.016660110451195774,
2003-02-07,0.008781156153066095,
2003-02-10,0.0053975634467441315,
2003-02-11,-0.013758816171427584,
2003-02-12,0.0050251362026729795,
2003-02-13,0.022714170834249144,
2003-02-14,0.0305612847572926,
2003-02-18,-0.006755439956649003,
2003-02-19,-0.00399521106728822,
2003-02-20,0.0075773044497928375,
2003-02-21,-0.017231442182882795,
2003-02-24,0.0012118765369263827,
2003-02-25,-0.022454505376322074,
2003-02-26,0.02245450537632203,
2003-02-27,0.01562218833097156,
2003-02-28,-0.020478531343540676,
2003-03-03,-0.006103782938017799,
2003-03-04,0.002038736689848309,
2003-03-05,-0.002446983276453252,
2003-03-06,0.002039568318689089,
2003-03-07,-0.02183402904960337,
2003-03-10,-0.008784829555732915,
2003-03-11,0.01790595415100529,
2003-03-12,0.05578176164015379,
2003-03-13,0.0038956029008304555,
2003-03-14,0.033642316418234806,
2003-03-17,0.012329691035854141,
2003-03-18,-0.008577341417303755,
2003-03-19,0.003738322110607158,
2003-03-20,0.013711535921445313,
2003-03-21,-0.04247960609788803,
2003-03-24,0.014108908968672468,
2003-03-25,0.0056635982991921135,
2003-03-26,-0.007179324243037704,
2003-03-27,-0.011058263306743196,
2003-03-28,-0.03234258133708332,
2003-03-31,0.007889587275162924,
2003-04-01,0.02713344751440005,
2003-04-02,0.012540540557875618,
2003-04-03,-0.016371962869431555,
2003-04-04,0.0015343309492610044,
2003-04-07,-0.0011505274519380746,
2003-04-08,-0.023292978567438484,
2003-04-09,0.012102431535013078,
2003-04-10,-0.010140492510553552,
2003-04-11,0.02017918685275399,
2003-04-14,0.009558474609935808,
2003-04-15,-0.0022857152808560626,
2003-04-16,0.022625399517978827,
2003-04-17,0.0037216269229945727,
2003-04-21,0.018767800172984742,
2003-04-22,0.007264833985813295,
2003-04-23,-0.005443671581176581,
2003-04-24,-0.019475169999142467,
2003-04-25,0.019475169999142485,
2003-04-28,0.009056392273538164,
2003-04-29,-0.010148691672147023,
2003-04-30,0.008705169227330807,
2003-05-01,0.021083503845501627,
2003-05-02,-0.0010613834359221215,
2003-05-05,0.012662849469568822,
2003-05-06,-0.011247921748543067,
2003-05-07,-0.018552083994767623,
2003-05-08,0.02278489454738841,
2003-05-09,0.01502211655065168,
2003-05-12,-0.006260890016722532,
2003-05-13,-0.0020957045742188815,
2003-05-14,0.011126679464757053,
2003-05-15,-0.007636274524988597,
2003-05-16,-0.03582578558270483,
2003-05-19,0.0028849641358375706,
2003-05-20,-0.0028849641358376743,
2003-05-21,0.01434230393328184,
2003-05-22,0.00035593522354785193,
2003-05-23,0.034968597837746855,
2003-05-27,0.003088010688576545,
2003-05-28,0.004102569856777684,
2003-05-29,0.016244012002389896,
2003-05-30,-0.007074309442537154,
2003-06-02,0.009421334828390615,
2003-06-03,0.018580494720102488,
2003-06-04,0.0072060580412436435,
2003-06-05,-0.016784991730180755,
2003-06-06,-0.013364716132203488,
2003-06-09,0.01502281632969661,
2003-06-10,0.011202753076553449,
2003-06-11,0.004250455965964116,
2003-06-12,-0.022769503733201555,
2003-06-13,0.03024556650755662,
2003-06-16,-0.0038935805191320986,
2003-06-17,0.0051880790817778995,
2003-06-18,-0.01630293688807441,
2003-06-19,-0.0013157896635200795,
2003-06-20,-0.015591624525770132,
2003-06-23,-0.007719454342676979,
2003-06-24,-0.005405418566907935,
2003-06-25,0.02343595711232181,
2003-06-26,-0.01298935831793642,
2003-06-27,0.004014726034801182,
2003-06-30,0.013267192944049079,
2003-07-01,0.020222476479604075,
2003-07-02,-0.012672793484195163,
2003-07-03,0.041946280521050025,
2003-07-07,0.012155362379781896,
2003-07-08,-0.002481390851385398,
2003-07-09,-0.018809331957496227,
2003-07-10,0.0075662403833158766,
2003-07-11,0.011864016772646065,
2003-07-14,0.0012406949482343704,
2003-07-15,-0.0031046283862971816,
2003-07-16,-0.03094658068113503,
2003-07-17,0.0032020520474798347,
2003-07-18,-0.01287019052053502,
2003-07-21,0.0147865117712994,
2003-07-22,0.008261883664991757,
2003-07-23,-0.01338025696323604,
2003-07-24,0.01968942615650082,
2003-07-25,0.0028261912358350447,
2003-07-28,-0.0075543324317811555,
2003-07-29,-0.007293515762709984,
2003-07-30,0.012021656958656082,
2003-07-31,-0.010749392155999384,
2003-08-01,-0.00031791448368225894,
2003-08-04,-0.04022598774786886,
2003-08-05,-0.0006622516798331541,
2003-08-06,0.003966947350964194,
2003-08-07,-0.007949694069274003,
2003-08-08,0.010914611411738318,
2003-08-11,0.015018238522838841,
2003-08-12,0.00032399157905327547,
2003-08-13,0.000971345389631659,
2003-08-14,0.00869990987554611,
2003-08-15,0.025341869292504343,
2003-08-18,0.012434104866402932,
2003-08-19,-0.002474483167969132,
2003-08-20,0.01078094532572244,
2003-08-21,-0.006146300848694178,
2003-08-22,0.002155505068601761,
2003-08-25,0.0009223674750779126,
2003-08-26,0.007958413599206264,
2003-08-27,0.008802606543422919,
2003-08-28,0.009025332022042216,
2003-08-29,0.014273212874116996,
2003-09-02,-0.0005906674713962588,
2003-09-03,0.009116369562084958,
2003-09-04,-0.006461109114288809,
2003-09-05,0.016365064231233878,
2003-09-08,-0.011955237887502291,
2003-09-09,-0.024347996119426344,
2003-09-10,0.011059745074361894,
2003-09-11,0.005336508365686896,
2003-09-12,-0.009805456664321003,
2003-09-15,0.026809677573239432,
2003-09-16,-0.004078071483378848,
2003-09-17,0.015064016030163165,
2003-09-18,-0.005767028670992556,
2003-09-19,-0.019270669331442045,
2003-09-22,0.01753405529152491,
2003-09-23,-0.038386762030078556,
2003-09-24,-0.013028513328591906,
2003-09-25,-0.006424987682657886,
2003-09-26,0.017042408824517956,
2003-09-29,-0.021965495690886783,
2003-09-30,0.022267200324341464,
2003-10-01,0.0033127571329100913,
2003-10-02,0.02757772988642834,
2003-10-03,0.007285475908320135,
2003-10-06,0.0060790460763821925,
2003-10-07,-0.006369448285479823,
2003-10-08,0.007523183631225926,
2003-10-09,0.00918227398491593,
2003-10-10,0.006548066101404504,
2003-10-13,0.0025506603030750422,
2003-10-14,-0.004254722061641657,
2003-10-15,0.007927561336649779,
2003-10-16,-0.024262642998808977,
2003-10-17,0.012347608420937798,
2003-10-20,0.0059752631900870205,
2003-10-21,-0.019479275324744454,
2003-10-22,-0.011638187806332667,
2003-10-23,0.0008775779413589422,
2003-10-24,0.00029235492095380593,
2003-10-27,0.03306323877992938,
2003-10-28,-0.0011318620336834176,
2003-10-29,0.0019799186216128664,
2003-10-30,-0.005951555047959926,
2003-10-31,0.01635221099590131,
2003-11-03,-0.006734032181343956,
2003-11-04,0.008968669982760316,
2003-11-05,0.00278629324868307,
2003-11-06,-0.008662901737668193,
2003-11-07,-0.012426028284251062,
2003-11-10,-0.0037010718404052114,
2003-11-11,0.0211663045172529,
2003-11-12,-0.0011176307394149233,
2003-11-13,-0.020619287202735818,
2003-11-14,-0.010327114155849517,
2003-11-17,-0.023338282128487327,
2003-11-18,0.009693129205659533,
2003-11-19,-0.00969312920565957,
2003-11-20,0.01027758275824023,
2003-11-21,0.027375286767318197,
2003-11-24,0.0,
2003-11-25,0.004537727582138388,
2003-11-26,0.0011312218400888893,
2003-11-28,0.014590606762593957,
2003-12-01,-0.005586606708639712,
2003-12-02,-0.0126851595273158,
2003-12-03,0.010722450359467079,
2003-12-04,-0.01669771354955404,
2003-12-05,0.005691534999788055,
2003-12-08,-0.023253523717546486,
2003-12-09,0.0037686665854225784,
2003-12-10,0.021186020003396155,
2003-12-11,-0.0017011628712722208,
2003-12-12,-0.013139292141841771,
2003-12-15,0.0020106282803959495,
2003-12-16,0.0017201839104115414,
2003-12-17,0.01844808952875925,
2003-12-18,-0.0028161099996420248,
2003-12-19,0.0030972853143019043,
2003-12-22,0.007562002146365979,
2003-12-23,0.0016727073875033088,
2003-12-24,-0.0013937284486036918,
2003-12-26,0.016323505346128062,
2003-12-29,0.0032876741941917083,
2003-12-30,-0.00273897733543235,
2003-12-31,-0.002746499941238943,
2004-01-02,0.019878122192221417,
2004-01-05,0.006717746612077081,
2004-01-06,0.009064311594585739,
2004-01-07,0.007930255675977344,
2004-01-08,-0.006604171407920766,
2004-01-09,0.01577734541624462,
2004-01-12,-0.009963375550824717,
2004-01-13,0.0034197060815255383,
2004-01-14,0.002622608374436982,
2004-01-15,0.01016295392253486,
2004-01-16,-0.0007781092339161439,
2004-01-20,-0.0041601724066663934,
2004-01-21,-0.006010732849087922,
2004-01-22,-0.003676474729308637,
2004-01-23,0.015143892548370067,
2004-01-26,-0.022272635609123292,
2004-01-27,-0.01710357032701474,
2004-01-28,0.0037664827954768648,
2004-01-29,-0.004575435246225446,
2004-01-30,-0.0027012442141004485,
2004-02-02,-0.001082544084068652,
2004-02-03,-0.016380382631361302,
2004-02-04,0.003846158587478315,
2004-02-05,0.017935263368399883,
2004-02-06,-0.0002693602709890429,
2004-02-09,0.0016150743752982777,
2004-02-10,0.010701011692021294,
2004-02-11,-0.008820049159750655,
2004-02-12,-0.008356970054474715,
2004-02-13,0.013444676838297472,
2004-02-17,0.0029337266007523318,
2004-02-18,-0.015296152251164971,
2004-02-19,-0.0032502737173014723,
2004-02-20,-0.011185493787009958,
2004-02-23,-0.0024721891453891483,
2004-02-24,0.006032373653441534,
2004-02-25,0.002457339120515135,
2004-02-26,-0.0027307499219448757,
2004-02-27,0.013040119580806062,
2004-03-01,-0.011673812495731217,
2004-03-02,-0.005476464946902586,
2004-03-03,0.009292223188024393,
2004-03-04,-0.0035427206967632153,
2004-03-05,-0.023758023519796567,
2004-03-08,-0.0030799408359322203,
2004-03-09,-0.01326766110150054,
2004-03-10,-0.009135090645934017,
2004-03-11,0.018187486267436662,
2004-03-12,-0.017614091756313677,
2004-03-15,0.0017182134811365036,
2004-03-16,0.015614227801550798,
2004-03-17,-0.0045172295898197,
2004-03-18,-0.016835894880749304,
2004-03-19,-0.012742715140442683,
2004-03-22,-0.008194368357544057,
2004-03-23,0.01139530227057904,
2004-03-24,0.026377676108157,
2004-03-25,-0.003401363823490401,
2004-03-26,0.016054421709874422,
2004-03-29,0.003347283460056969,
2004-03-30,-0.0019512201312615824,
2004-03-31,0.008888947417245774,
2004-04-01,0.025663434089413843,
2004-04-02,0.009389740349839137,
2004-04-05,-0.012629484004249849,
2004-04-06,-0.0010822511878848177,
2004-04-07,0.0,
2004-04-08,0.006207009538067044,
2004-04-12,-0.014634407518437696,0.0030911499564815585
2004-04-13,0.004901970600206688,-0.014112399729602399
2004-04-14,-0.018092598786156152,-0.011338679563708568
2004-04-15,-0.0016611299500763758,-0.003531391760433337
2004-04-16,0.01211802215249389,-0.0015090190809161554
2004-04-19,-0.023543533095382534,-0.006312248766543873
2004-04-20,0.00865081437913077,0.006228406003291761
2004-04-21,0.025512287543712125,-0.0007200581588815479
2004-04-22,0.007824132723879634,0.009949099769579353
2004-04-23,-0.0072825675874372674,0.0033807829039574954
2004-04-26,-0.001896762525040716,0.007659667730336728
2004-04-27,-0.018339093414327635,0.007661443912210449
2004-04-28,-0.015590516229116861,0.00500360180056444
2004-04-29,-0.02471365658283844,0.004624026503925186
2004-04-30,0.009446184452050116,-0.004596345546897497
2004-05-03,0.004264398786457518,0.0020076900839989817
2004-05-04,0.007911880774658112,-0.001677709131070262
2004-05-05,-0.007628233063211667,0.009102151292475498
2004-05-06,-0.008258625894439663,0.0004920147554891949
2004-05-07,-0.008615791378352292,-0.000501846763373872
2004-05-10,0.01488719163656163,-0.006057958451790208
2004-05-11,0.0019872256362304047,-0.005203789996899392
2004-05-12,-0.007115442003149849,-0.013280899280655057
2004-05-13,-0.007454162955773156,-0.0074452287539752615
2004-05-14,-0.009541781227407755,0.006715634270904972
2004-05-17,0.008966075972589043,0.0011966677004548395
2004-05-18,-0.0011524057743242384,-0.0024235575232354235
2004-05-19,0.0046016762248746405,-0.006244681211915631
2004-05-20,0.004866189651172906,-0.0021553065570090297
2004-05-21,0.006829850112018179,-0.008204242624628664
2004-05-24,0.019658032633695453,-0.00110964800760591
2004-05-25,0.006375627972231409,0.0017655264805362027
2004-05-26,0.00633523672381092,0.008041954427864399
2004-05-27,0.0035631118963255913,0.005568634391091452
2004-05-28,-0.001368925607341621,0.011209435199323003
2004-06-01,-0.002194186288983849,0.008241749670507628
2004-06-02,-0.01215484577707494,0.004343917152876203
2004-06-03,0.0058196090532640025,-0.008088443509410754
2004-06-04,0.023485514166444756,-0.011149012358339424
2004-06-07,0.0013486178712936849,0.006227020776185715
2004-06-08,-0.014115326650669863,0.008607406292601528
2004-06-09,0.00708256842438656,0.0031026034083563546
2004-06-10,-0.014215657654013671,-0.008662360482379896
2004-06-14,0.012857515383590342,0.0009900407052580852
2004-06-15,-0.0016322092851071472,-0.0014132460585004082
2004-06-16,-0.009299848207507398,-0.0034295984239907326
2004-06-17,0.001373060767689104,-0.0047972772455497125
2004-06-18,-0.00799012378698391,-0.0072428466286085956
2004-06-21,0.014554698783490356,0.003698648568012237
2004-06-22,0.011924260529735572,-0.009905190927574414
2004-06-23,-0.0018875561759039157,-0.005169361346483004
2004-06-24,0.007528941184396518,-0.0007618287066105961
2004-06-25,-0.008338985781140935,-0.00029984846769160253
2004-06-28,0.00940993635204093,0.0006162356847488133
2004-06-29,0.009852296443011858,0.0038462034669212337
2004-06-30,-0.018722130162425563,-0.0036430425120167497
2004-07-01,-0.005957233973046844,0.006405939225409765
2004-07-02,-0.021689251044929934,-0.006231543177634245
2004-07-06,0.0019409405788332747,-0.0010883096862015706
2004-07-07,-0.011142176553241848,0.008747786598053576
2004-07-08,0.0013995803544232636,0.003096949803162027
2004-07-09,-0.004204631282031812,0.004036374522725211
2004-07-12,-0.001405481608735032,0.0004972216731522032
2004-07-13,-0.01017820491575604,0.0047717112142901825
2004-07-14,-0.0034158871814069605,0.004663709575803335
2004-07-15,-0.01147130445515467,0.00917265863394346
2004-07-16,-0.00202107763325348,0.009799280051634527
2004-07-19,0.023705236813701975,0.0051112594011692184
2004-07-20,-0.02950235449802803,0.002147456161544607
2004-07-21,0.013570296308206994,-0.0039649250453315564
2004-07-22,-0.01910886169804636,-0.002606494923876846
2004-07-23,-0.004394323754971075,0.004546831264451424
2004-07-26,0.013704836167358772,0.0060795736166312005
2004-07-27,-0.004353511447197775,-0.015518136225560555
2004-07-28,0.011567508971433665,-0.00822808912738348
2004-07-29,0.0031577462725458564,-0.0013030424071830311
2004-07-30,0.0020042955886520235,-0.002211916456149217
2004-08-02,-0.02110209824524092,-0.002805995079959665
2004-08-03,0.000292098731447589,-0.0041809306272701215
2004-08-04,-0.018868484304382805,0.003193489949519787
2004-08-05,-0.026539555234612378,-0.0017617482360128397
2004-08-06,0.0024420036555515873,-0.005888508160065729
2004-08-09,0.012422519998557329,-0.003117629633247003
2004-08-10,-0.008770659579786138,0.012156138194516304
2004-08-11,-0.01376378969411453,0.011826155780608352
2004-08-12,0.0015386985648552947,0.0017097121556207283
2004-08-13,0.011313375521355662,0.0009663928613403677
2004-08-16,0.011186813563815966,-0.00026045185216105724
2004-08-17,0.017583525593502482,-0.008604622916180365
2004-08-18,-0.0053317661853008545,-0.0001401060869576405
2004-08-19,0.0100473658461208,-0.0021549660062346087
2004-08-20,0.0023494871307078004,-0.0016175240014494464
2004-08-23,-0.00029338418869688466,-0.0005271591795748461
2004-08-24,0.013696848252563856,0.0030749768756571914
2004-08-25,-0.004350985834326146,-0.000657685842657542
2004-08-26,0.004640379556502301,0.010473421928183605
2004-08-27,-0.016924827692069055,6.737630304272005e-05
2004-08-30,0.0011764707239300329,-0.007208823582620895
2004-08-31,0.00732174891880175,-0.012940269755206128
2004-09-01,0.014772173039619483,-0.008745890843056086
2004-09-02,-0.018572791559842438,0.0037271112202534452
2004-09-03,0.008458559984137724,-0.006811086272341691
2004-09-07,-0.003782923178538261,-0.005061062023750567
2004-09-08,0.008419268777183313,-0.004897717490584003
2004-09-09,0.015206145817838284,-0.002944941393729318
2004-09-10,0.013012913470773189,-0.002321625062856851
2004-09-13,0.0014042973800556808,0.007652363940718724
2004-09-14,-0.010722450359467145,0.00451830893001306
2004-09-15,0.0019838464774816745,-0.0014750374548978284
2004-09-16,0.003109543141621392,0.0018606164387665227
2004-09-17,0.0,-0.008243160483634989
2004-09-20,0.0039436670829832475,0.0003854187521574772
2004-09-21,-0.017584117280544456,-0.006452968616750838
2004-09-22,-0.0008587377084178693,-0.005262231384550177
2004-09-23,-0.0034423441909729015,-0.0036491211252341438
2004-09-24,-0.008658062743114541,-0.0046883413443305514
2004-09-27,0.002026929896219111,0.0020269780220169716
2004-09-28,0.014644913570448998,0.006536544971885938
2004-09-29,0.0017089152549689959,-0.005237640083678614
2004-09-30,0.026952782579884142,0.0008460361427702568
2004-10-01,0.005800320087409281,0.004405601346370401
2004-10-04,0.0013760838830334846,0.003512072793414488
2004-10-05,0.007944159023382299,-0.00013151462915910454
2004-10-06,-0.011249947157881818,0.0008907603271499893
2004-10-07,-0.018379798937089645,-0.002111781010646662
2004-10-08,0.004766586902327603,-0.004119111283059647
2004-10-11,-0.0016797316379477188,-0.0063889644799210625
2004-10-12,-0.00224404021238253,-0.013511559666811484
2004-10-13,-0.004503244311549708,-0.001142879313415939
2004-10-14,0.005064726639608255,-0.005991787841013821
2004-10-15,0.014212305546337676,-0.0020471975586379017
2004-10-18,-0.00722024797348702,-0.0008026423940020425
2004-10-19,0.004726826540362581,0.0008509057320309522
2004-10-20,0.015141376676362695,-0.00432591752988308
2004-10-21,-0.02210034700066608,-0.004998722533850935
2004-10-22,-0.004759913788909783,0.0016568227887888637
2004-10-25,0.00531841701482088,-0.0006166056418576633
2004-10-26,0.025087463199010118,-0.003197249264149047
2004-10-27,0.00624238694190753,0.015030905378529068
2004-10-28,-0.001624695727001922,-0.008082903239297052
2004-10-29,0.0037868587314970857,0.0046458088274581345
2004-11-01,0.0032345041676590976,0.0018490732427134538
2004-11-02,0.0067051344144169875,-0.005108698279461012
2004-11-03,0.005597775512829678,0.005956711933944054
2004-11-04,0.008997149868842822,-0.001169357099360884
2004-11-05,0.0010531859846586405,0.002724028652652187
2004-11-08,-0.0021074823395646983,0.003093953668208363
2004-11-09,-0.0034341600254235113,0.00354110276348935
2004-11-10,0.013144248127805493,-0.008853478198245245
2004-11-11,0.009616708290981636,0.00033086625754867046
2004-11-12,0.004387669963391082,0.002280942829343191
2004-11-15,-0.006199968194048402,0.006808278888096151
2004-11-16,0.013385013217895248,0.002971986111146542
2004-11-17,0.0045918448029456365,0.0021468216008114324
2004-11-18,-0.01564736298527482,0.000501766477646867
2004-11-19,0.009520205700601298,-0.009276868397451999
2004-11-22,-0.0015376732911888695,-0.002622501546315159
2004-11-23,0.008682383449212006,-0.010454115475741878
2004-11-24,-0.0030557701394778847,-0.002237185957222885
2004-11-26,-0.0002550695078233751,-0.0039449902177787705
2004-11-29,-0.0020429016298004047,-0.005215835217922434
2004-11-30,0.020243606276646814,-0.001823131900193327
2004-12-01,0.0037504732047900073,-0.0019168979785266027
2004-12-02,0.0014962596307721223,-0.0021481566984361497
2004-12-03,0.003482590584537543,2.070041403482543e-06
2004-12-06,-0.0172828346889432,0.0037687746671532887
2004-12-07,0.005794196837806215,0.009495395413688025
2004-12-08,0.006010536502142323,-0.005685285907501706
2004-12-09,-0.003000752439238213,-0.00800599134062467
2004-12-10,0.008727146775231667,-0.009527328526869779
2004-12-13,0.004878843710580166,-0.0043209532006424954
2004-12-14,-0.0036383026756649575,-0.007196517228518811
2004-12-15,-0.009466936672992992,-0.0015148890267234227
2004-12-16,-0.011961112070577894,-0.007707425094944717
2004-12-17,-0.006990813345288928,0.0038682045233425417
2004-12-20,0.012170535620255114,0.008072259345145903
2004-12-21,0.001259287409835495,0.002664820048622765
2004-12-22,0.000704508885822049,0.00483623116750305
2004-12-23,-0.0042345175942903315,0.008641043841284482
2004-12-27,0.009552611605192727,0.007455037526778403
2004-12-28,0.001250156432355198,0.006349609998280904
2004-12-29,-0.0007499062968603498,-0.0007587831956921814
2004-12-30,-0.0018772297609648938,-0.0013500416032621548
2004-12-31,-0.010476837966849027,-0.0019204264648002432
2005-01-03,-0.01837070531640742,-0.004339878311427412
2005-01-04,-0.006207986828285439,-0.0062613932194619006
2005-01-05,-0.0050203650907232195,0.0025862000022171144
2005-01-06,0.0052798021138413505,0.008184428524955562
2005-01-07,-0.0005189413712721646,0.004629222597581198
2005-01-10,-0.007058331925193835,0.0038393693006364147
2005-01-11,0.008355180764710592,0.010115203735796248
2005-01-12,-0.01330743708317694,0.002425317960505868
2005-01-13,0.009411834182346597,0.005402055872509467
2005-01-14,0.0075178578316237804,-0.0002443555339873041
2005-01-18,-0.01666705248521176,-0.006149737888251655
2005-01-19,-0.01935629834433818,0.006764146893138831
2005-01-20,-0.008064559836730519,-0.004043143974884596
2005-01-21,-0.014134510934904693,0.0032175862602349674
2005-01-24,0.004915356701551691,0.009820937081173094
2005-01-25,0.01191457365502526,0.000587823252597465
2005-01-26,-0.0013468015503786276,-0.00028665239523749576
2005-01-27,-0.004863559978737999,-0.0012890335373964
2005-01-28,0.012917294785834706,-0.0010818231503134316
2005-01-31,0.003203419717537865,-0.003897161536846567
2005-02-01,0.0015978698472952333,0.0014243880433622515
2005-02-02,-0.011400557016106679,0.0003079147794701434
2005-02-03,0.015914038725821186,-0.006583900627686772
2005-02-04,-0.0020152743350063756,0.001366595637106388
2005-02-07,0.0017503385803768368,-0.0034173569378179165
2005-02-08,-0.016834064867898027,-0.004019086828859816
2005-02-09,0.0010772960912619049,0.0030300091984576316
2005-02-10,0.014696323290197042,-0.003234483995298911
2005-02-11,0.004472740984869029,-0.010409571394311198
2005-02-14,0.006606243347167121,-0.00500803670273331
2005-02-15,-0.0036793734018615997,-0.007703039810154915
2005-02-16,-0.013519092578543718,0.0018162991303809419
2005-02-17,-0.00320770122676962,6.297529979232519e-05
2005-02-18,-0.012392399970242047,0.005668321948525266
2005-02-22,0.001354463162509549,0.0008915963821077421
2005-02-23,0.012643073588960935,0.0022178163855046695
2005-02-24,0.005597775512829678,-0.009439020733428652
2005-02-25,-0.010689572658779598,-0.010105855922984444
2005-02-28,0.010955353391241329,-0.0004306688214513078
2005-03-01,-0.0005316321231009896,-0.0013229122533526924
2005-03-02,-0.008276645832475208,0.0010730803547889544
2005-03-03,0.00588079748825416,-0.005471178216393763
2005-03-04,0.01428973772997951,-0.006637823741785881
2005-03-07,-0.010034412159841195,-0.00043328352985640486
2005-03-08,-0.0029235901222848075,-0.012908087639154955
2005-03-09,-0.0013317354478535727,-0.015669062369709177
2005-03-10,-0.00937213982886321,-0.004404968230202197
2005-03-11,0.004563153804415832,0.008500095648495428
2005-03-14,-0.008066728335597993,-9.4853635109271e-05
2005-03-15,-0.011540417264945459,0.007397525348412804
2005-03-16,0.002591204995709753,-0.013577603750944668
2005-03-17,-0.005463001841197465,0.002062708463275477
2005-03-18,0.001915447295174259,0.0002186831594690106
2005-03-21,-0.012378097803170651,0.004176635236139816
2005-03-22,0.003591660167156024,0.0013966523371347738
2005-03-23,0.00027574796810623804,0.005417487791325974
2005-03-24,0.001928109673214037,0.005970093838204402
2005-03-28,-0.008012199237067164,0.0003989266370051315
2005-03-29,0.018686996100617765,-0.0002891647825191942
2005-03-30,-0.004365627670286013,0.003868086693783221
2005-03-31,-0.010169113329564387,-0.00818996683430856
2005-04-01,0.007156650418791622,-0.0064763995697335874
2005-04-04,0.0027389773354322177,-0.007425026868030015
2005-04-05,-0.0016424859975035261,-0.0052094273754160845
2005-04-06,0.011982714182647946,-0.005600059361671149
2005-04-07,-0.008154434965164298,0.0008561914563749215
2005-04-08,-0.004376374599799,-0.005956044194825794
2005-04-11,0.004922077205428235,-0.004133527360158653
2005-04-12,-0.016502024636387534,-0.00932680303871731
2005-04-13,-0.014244061525921429,0.008341984999931999
2005-04-14,-0.023048395436290905,-0.0007753106669121665
2005-04-15,0.0002878111978421647,-0.002003614381341008
2005-04-18,0.006882734368795583,0.0065424111957421574
2005-04-19,-0.00820735229507814,0.007068812738765912
2005-04-20,0.027342899945802853,0.0040818983172338195
2005-04-21,-0.01628166443519754,0.005693790338783924
2005-04-22,0.008089166368277926,0.004575827063212649
2005-04-25,-0.009229742482802642,0.0060849278479521195
2005-04-26,0.0014255169912211687,-0.00946343872150807
2005-04-27,-0.01002155846101899,-0.006019773870915061
2005-04-28,0.006596897579654823,-0.0006130038064011108
2005-04-29,0.003994299176459858,-0.007646646237884895
2005-05-02,0.005112195172335141,-0.000596026396673972
2005-05-03,0.012051731158551106,-0.003424993449386455
2005-05-04,0.0008952552075112085,0.0019836655813478704
2005-05-05,0.002708855699475906,0.007004496366162214
2005-05-06,0.004813118755212824,0.00678888836492001
2005-05-09,-0.007354203294157413,0.00930510853303713
2005-05-10,0.005131362701211242,-0.002512588046985383
2005-05-11,-0.0027855171214264235,-0.008133786556446315
2005-05-12,0.010819914129149276,-0.010643078589164107
2005-05-13,0.00671032714313341,-0.002776792633862781
2005-05-16,0.005902946742612576,-0.0036118747163820545
2005-05-17,0.013532006218576373,0.008559383805315958
2005-05-18,0.008352120508184227,0.008428386819485432
2005-05-19,0.0039376414417210265,0.0011288065643085903
2005-05-20,0.005032456654451454,0.010053163841648787
2005-05-23,0.003165394360253019,0.00417237113756408
2005-05-24,-0.004222756340869353,0.004616147125637154
2005-05-25,0.010000083334583179,0.007324729128678929
2005-05-26,0.0005235602213838304,0.0036679662710125084
2005-05-27,-0.0034080515356440357,0.011795796387827651
2005-05-31,0.008107799089541855,0.0023680712472266686
2005-06-01,0.007008464767478465,-0.001095986071073568
2005-06-02,-0.014591191647529466,0.0026553430904500824
2005-06-03,0.0002624327531134626,-0.004344504214495927
2005-06-06,-0.008432197524371302,-0.003447790161266094
2005-06-07,-0.0021192060911318007,0.000495362785848536
2005-06-08,0.006344192571373319,0.0032858082004382735
2005-06-09,-0.010676022298515192,-0.0066066879042555315
2005-06-10,0.004862052433095268,-0.0004877952566144028
2005-06-13,-0.003983539990899777,0.002709270282364548
2005-06-14,0.0031881004686458952,0.013402197977632428
2005-06-15,0.005291017634415459,-0.000992976693851069
2005-06-16,-0.000791870174677183,-0.004166208847777745
2005-06-17,0.0,-0.002444606259833162
2005-06-20,-0.0005282620302455872,-0.0003385193736324163
2005-06-21,-0.0010573619806162435,-0.004181866923907862
2005-06-22,-0.011170328913819144,-0.001248974935299549
2005-06-23,-0.011296516040481859,-0.0025559518961584173
2005-06-24,-0.004608927773655297,-0.00974890103542307
2005-06-27,0.009465925988883052,0.009956875726755517
2005-06-28,-0.002209707439323173,0.010338225091664259
2005-06-29,-0.007799844548269847,0.013553252058738379
2005-06-30,-0.001496497116234,0.007322761642195111
2005-07-01,0.010428753012565163,0.011167249936421778
2005-07-05,-0.004862246208034414,0.004910162120089445
2005-07-06,0.0035139919927418867,0.007981486297586904
2005-07-07,0.01897691586715184,-0.007937158151830754
2005-07-08,0.009223942061635832,0.0017648970262302346
2005-07-11,0.004710817400598905,0.0004633772353942528
2005-07-12,0.0023471128261061446,-0.0033270715919162374
2005-07-13,0.00984974267013138,-0.0012783710076085403
2005-07-14,0.0030903964848181366,0.00317391715703522
2005-07-15,-0.004045198306964703,0.005339567637875575
2005-07-18,0.01147446265570354,0.00939529060273375
2005-07-19,0.007121088078074555,0.007025937945564551
2005-07-20,0.0002533890802863222,0.003528755840200278
2005-07-21,-0.0012675879501815408,0.008216831887617744
2005-07-22,-0.0038124331346558083,0.005507650775126978
2005-07-25,0.003812433134655939,-0.0017232883303018806
2005-07-26,0.007581537452397533,-0.0043728291608952
2005-07-27,0.004772079883670593,-0.0017198287880348983
2005-07-28,-0.008429313293566474,0.000431385271415203
2005-07-29,0.0018933423137809581,-0.008437024707927331
2005-08-01,0.010786508695752319,-0.003526018619321389
2005-08-02,-0.0004991265389370107,-0.00016402048038774496
2005-08-03,-0.009707474673624707,-0.006430983321139451
2005-08-04,-0.00487664099876682,-0.0019299494237109676
2005-08-05,-0.007372602353740685,-0.0011136957003151497
2005-08-08,0.006612435080343344,0.004800711993219978
2005-08-09,-0.008655858524460557,-0.004418421839088648
2005-08-10,0.008199480635653884,0.0013058422571129073
2005-08-11,-0.005645853098836435,-0.004338107933931972
2005-08-12,0.006000831677071276,0.005835666774222306
2005-08-15,-0.01625470260049666,-0.0035434376577110904
2005-08-16,0.005908816164076736,-0.0009549444634223017
2005-08-17,-0.005058881145814109,0.0075557462179145825
2005-08-18,-0.0005923026582133603,0.010593143318803087
2005-08-19,0.0005150656822600646,0.01499904538751292
2005-08-22,-0.0028361498964635493,0.005100551726156613
2005-08-23,-0.005956252232922183,0.012214838835717404
2005-08-24,0.00228310601456855,0.004885943914348064
2005-08-25,-0.0033252072550580595,0.01381837703737088
2005-08-26,0.007772646969316267,0.008992647929732372
2005-08-29,-0.003618510022197104,-0.004231030219392668
2005-08-30,0.00927841707904634,-0.005806822140334748
2005-08-31,-0.0015404367616102758,-0.0055211309737556126
2005-09-01,-0.003861505634966546,-0.0027698631290508542
2005-09-02,0.01459506127807531,0.00035787622665442404
2005-09-06,0.0017524036535771672,-0.0025228015577888796
2005-09-07,-0.00022840031060217822,0.007140323220636982
2005-09-08,0.00554298487009835,-0.00204399966508483
2005-09-09,0.0027977686525210346,-0.002144391338326874
2005-09-12,-0.0025201626241638177,0.00246026903361948
2005-09-13,-0.011419994685949052,-0.0015764850665241058
2005-09-14,-0.0005105948540851376,-0.007634822990106235
2005-09-15,0.006109998641578474,-0.0039708667676377485
2005-09-16,-0.00789913649902462,-0.006655496701878456
2005-09-19,-0.004101518182499219,-0.005641189753101998
2005-09-20,-0.01110692032862586,-0.008324960285885268
2005-09-21,0.003629768050578731,0.0020129512786373877
2005-09-22,0.0028427464550387824,0.003415102585216265
2005-09-23,0.0002580312232094237,0.0035537937033916353
2005-09-26,-0.002324681403359687,0.002109823468823102
2005-09-27,0.0002585649658877715,0.0036283350781725625
2005-09-28,0.013354076211323295,0.004671913503931887
2005-09-29,0.006610753798052347,0.001594078980907047
2005-09-30,0.0025310061600420626,0.0025370470702601538
2005-10-03,-0.006593987879295908,0.00182842694952754
2005-10-04,-0.013835731852650024,0.005218646835042144
2005-10-05,-0.013245226750020567,0.0069559817426292575
2005-10-06,0.002350177344953673,-0.012071462949501757
2005-10-07,-0.005492363748026032,0.0020441642927348114
2005-10-10,-0.004995409362604358,0.008325407201362042
2005-10-11,-0.0120117582999493,0.005495201309694208
2005-10-12,0.007785655866444664,0.00020125170539840007
2005-10-13,0.0073839997946398925,0.00244220633442005
2005-10-14,0.003147956429597971,-0.0013874029579686508
2005-10-17,-0.00709688876935814,0.0008108455458362923
2005-10-18,0.019849176090962335,-0.005699317866777698
2005-10-19,-0.009457563738736435,-0.00028562407742586146
2005-10-20,0.006349558128869113,-0.010296753177098663
2005-10-21,0.015699717652971082,-0.001512722880393904
2005-10-24,-0.003837794143744475,0.0009858094874425985
2005-10-25,-0.005140078137750139,0.003900723303775785
2005-10-26,-0.020302623440646646,-0.0036754783718301472
2005-10-27,0.0076488218673388345,0.005286674122454028
2005-10-28,0.014198601056624537,-0.0028362320895911654
2005-10-31,-0.000772101441007487,-0.0074205245292539935
2005-11-01,0.012969089652127093,-0.010776780949370589
2005-11-02,0.014958594912417739,-0.006421630149826703
2005-11-03,0.003499128788940161,0.0031566365027367056
2005-11-04,0.0012467275022160587,0.0012038812630603857
2005-11-07,0.0002491590893666539,0.00860494901226098
2005-11-08,0.00047323130685521215,0.009070903434962701
2005-11-09,0.010921491932639674,0.011263446474305393
2005-11-10,0.0027056959072005206,0.003098784048054514
2005-11-11,9.825112996691994e-05,0.005503137894465295
2005-11-14,-0.004776334264371706,0.008867203452349873
2005-11-15,0.006101780569215385,-0.009081586534766586
2005-11-16,0.013134517180646982,0.00019353524560040107
2005-11-17,0.003455904450959075,0.005189116793772199
2005-11-18,0.002385572041840458,0.004261143973805127
2005-11-21,0.0036276751816111566,0.0062400778926527956
2005-11-22,0.0023952107259546285,0.0013747907227618392
2005-11-23,0.002150795428232891,0.0027972832727105757
2005-11-25,-0.008390316510977292,0.0016883690665382507
2005-11-28,-0.004753697886848604,-0.005879867753656381
2005-11-29,-0.002494461412358396,-0.007614484505285439
2005-11-30,0.018427611913929845,-0.006865612778259872
2005-12-01,0.0023777265880398266,-0.010541457120414472
2005-12-02,-0.00731765812001835,-0.008234831283021934
2005-12-05,0.0032483070503398835,-0.006749183407974479
2005-12-06,-0.0018139295631968326,-0.005394881354835288
2005-12-07,-0.007168489478612516,-0.0017919842670084533
2005-12-08,0.0036985488147967278,-0.002323509233682776
2005-12-09,0.003637150763695361,-0.002862087937022799
2005-12-12,0.004242546167128016,-0.001451823513222726
2005-12-13,-0.0034785129900237904,-0.011475982309263145
2005-12-14,0.0016931170506618164,-0.011173363236847015
2005-12-15,-0.00933579491563264,-0.005048889488815366
2005-12-16,-0.016000341346441075,0.0013742761486276284
2005-12-19,0.0007328692156526977,0.011793755481217113
2005-12-20,0.004385971943254268,0.012220419896805819
2005-12-21,0.006470632195194361,0.011304626274161901
2005-12-22,0.00014492753648562992,0.0042825924743254895
2005-12-23,-0.008854875242456869,0.012364976840190854
2005-12-27,-0.0011703322153095378,0.011722591957503184
2005-12-28,-0.006608762273978993,0.01334408454381741
2005-12-29,-0.007592601676781463,0.01224036511331761
2005-12-30,0.02197783084318733,0.0062211092646904075
2006-01-03,0.010355300240381622,0.003905847076076312
2006-01-04,0.004303138363732109,-0.0015453643677694217
2006-01-05,0.017967386420765938,-0.0009281648240541211
2006-01-06,0.003972884885225854,0.004037992926179671
2006-01-09,0.000702205443767986,0.0024338952992736785
2006-01-10,0.007666433181295222,0.002900916642430709
2006-01-11,-0.004871834250279354,0.0043586108844137165
2006-01-12,-0.00046522447919812197,0.0049479978661899635
2006-01-13,-0.0065359709797854215,-0.0005486565461756537
2006-01-17,-0.011541760440171571,-0.0074726308130056976
2006-01-18,0.00731739367933975,-0.0005848657400580183
2006-01-19,-0.030323440693057254,-0.008484084408498608
2006-01-20,0.00024239486241568598,-0.012025855216977048
2006-01-23,0.00435309030812185,0.010720146039928368
2006-01-24,-0.004353090308121818,0.013072606965746194
2006-01-25,0.007004013658351512,0.00333753225777614
2006-01-26,0.013387720872379251,0.007652027514328412
2006-01-27,0.001897983962410919,0.009627076536442155
2006-01-30,-0.004513607852878892,0.004500740495231722
2006-01-31,0.0035650661644961446,-0.0008590729650538975
2006-02-01,-0.01722942835855403,0.005104726391903463
2006-02-02,-0.012386315005884652,0.006240591435071987
2006-02-03,-0.0026917916657114146,0.003344350371613699
2006-02-06,-0.004420439418078902,0.010479241547265072
2006-02-07,0.011501411502553524,0.00440645800672391
2006-02-08,-0.009534358987301457,0.010516250447582276
2006-02-09,0.006122218216364828,0.005191173405633146
2006-02-10,-0.011540950687182592,0.006710514992093443
2006-02-13,0.010075033004686299,0.0026038928321370524
2006-02-14,0.006336847917092836,0.004423360329889444
2006-02-15,0.009189907482117479,-0.009617323555145506
2006-02-16,-0.007975873097240242,0.008180301602558782
2006-02-17,-0.01122510566385424,-0.0046773242669420996
2006-02-21,0.012437667956234065,0.0047119339120208605
2006-02-22,-0.002669580520026918,-0.011093927247703942
2006-02-23,0.0026695805200269737,-0.004585654581393492
2006-02-24,0.011087122489466018,-0.007963890743435936
2006-02-27,-0.014972508630382663,-0.00011217805889482979
2006-02-28,0.013533314330636821,-0.00221005939840617
2006-03-01,0.0007198560598797079,-0.0014308427030003369
2006-03-02,-0.005773410311401411,-0.006059598856015783
2006-03-03,-0.008723098685985536,-0.0015834511040676196
2006-03-06,-0.005857961589306579,-0.009116796637326658
2006-03-07,0.000489476270173897,0.0075149269157542406
2006-03-08,-0.0086006181957032,0.003284527211429086
2006-03-09,0.0009866799024451063,-0.001473453767336859
2006-03-10,0.0029542118974313827,0.0016407765584715499
2006-03-13,0.016819409292960868,0.01125391680964504
2006-03-14,0.008424649659251623,0.0022618208945060564
2006-03-15,-0.008424649659251578,0.0033757383016685635
2006-03-16,0.001931901107983873,0.003976771725239311
2006-03-17,0.002409639720153108,0.006644975964436418
2006-03-20,-0.010646120391670046,0.007417713592536655
2006-03-21,0.002429544440938868,0.0018865795059314582
2006-03-22,-0.002916162455407493,-0.004604937548455349
2006-03-23,0.00509771707166858,-0.007803425560178153
2006-03-24,0.0002421014416862998,-0.012248465373411016
2006-03-27,-0.004123717183862152,-0.005402825354546486
2006-03-28,0.018782155787975627,-0.0035868216016664554
2006-03-29,0.0030963464061703394,0.00523426009593651
2006-03-30,-0.0028578252362857614,0.0019349680292507021
2006-03-31,0.0011917532098156072,0.0088266055576848
2006-04-03,0.0054638454019204676,0.0068668442079920485
2006-04-04,0.00943180771741318,-0.001515994696512074
2006-04-05,0.002812282144112838,-0.004964690440171718
2006-04-06,-0.009641462105889505,-0.004953406979236547
2006-04-07,-0.0014187753621333703,-0.00698662485645061
2006-04-10,-0.008077972175123791,-0.003051968154287419
2006-04-11,0.00023852116988454572,-0.009501072495958647
2006-04-12,0.00404617950566459,-0.0005504490094973538
2006-04-13,-0.010506304855509968,-0.004322279753587036
2006-04-17,0.019021020442284247,0.00023391589315950963
2006-04-18,0.004464817662577982,-0.0024342428205349435
2006-04-19,-0.0035231980073169053,-0.0007415743495916798
2006-04-20,-0.011834457647002796,0.0007930654989945627
2006-04-21,-0.0009528347552718544,-0.005479675535859495
2006-04-24,-0.0021472034970444996,9.313528757788349e-05
2006-04-25,-0.00023886301319827564,-0.001081538260066021
2006-04-26,0.009510295170056866,-0.0020531835559017032
2006-04-27,-0.009749215252426205,-0.009777865187718456
2006-04-28,-0.009845198984256816,-0.004013888205771145
2006-05-01,0.0026509233502295874,0.0064116350726852065
2006-05-02,-0.0014450869566805741,0.009951992382267296
2006-05-03,0.008161351109330355,0.008913813366831884
2006-05-04,0.007858118778999746,-0.0018476500533791465
2006-05-05,0.0009483168088594818,-0.0016660575042280977
2006-05-08,-0.003798675033215784,0.004799165213862615
2006-05-09,-0.008840100574388188,-0.0021007792434376764
2006-05-10,-0.02257103463570231,-0.001777481943766062
2006-05-11,-0.013592202337550083,-0.0030714456715363898
2006-05-12,-0.0007467330776360427,-0.0031555916284023706
2006-05-15,-0.007498160598824977,0.002388529855941622
2006-05-16,-0.013640019505682808,0.008407277406265352
2006-05-17,-0.006890418993270924,-0.010572339717198828
2006-05-18,0.007653098577717432,0.009597324078042452
2006-05-19,-0.009703855512794467,0.0028026111867200908
2006-05-22,-0.009798943801090348,0.018660665789479575
2006-05-23,0.006714901264129112,0.03398560149680849
2006-05-24,0.013041995370396157,0.0015961512299568952
2006-05-25,0.0032974031145054793,-0.0027995654905342044
2006-05-26,-0.021759465954240893,-0.004420240122485594
2006-05-30,0.0046475683965468756,-0.0007774637484805665
2006-05-31,0.023422659382806535,-0.004346747638978671
2006-06-01,-0.002469074847867145,0.008925830438005593
2006-06-02,-0.021984512461297907,-0.005675923143245372
2006-06-05,-0.0007738940151498033,-0.006454306182771897
2006-06-06,-0.007512015638722339,-0.005880396673545359
2006-06-07,-0.0015612805669525758,0.003930103988818552
2006-06-08,-0.0026075634070809417,-0.014693345142777783
2006-06-09,-0.023779191766114063,-0.001676892681319591
2006-06-12,-0.004018759594917744,0.010407002953154276
2006-06-13,0.010149659779777359,0.008724341258991665
2006-06-14,0.026745170428085017,0.0012207235271571165
2006-06-15,-0.008053037415932437,0.0033375521728681396
2006-06-16,-0.008118415677330229,-0.008074667360216137
2006-06-19,0.0013138879829962882,-0.0016141003314392589
2006-06-20,0.015633460661928958,-0.0005809736113029887
2006-06-21,-0.01274896934766875,0.0030538733049921074
2006-06-22,-0.001047943506958791,0.0018928901788621666
2006-06-23,0.00261780254207888,-0.0026087640669812083
2006-06-26,-0.019002947125615358,-0.0011318639804050107
2006-06-27,0.007433004755912076,-0.0005782328100009035
2006-06-28,0.029961860871492794,0.004292092180242832
2006-06-29,-0.004888727091496504,0.008910987027177238
2006-06-30,0.005914894446808607,-0.00014350901420115547
2006-07-03,-0.02203588839918045,-0.0014391078694165876
2006-07-05,-0.0010490428446971174,-0.0008007255625898333
2006-07-06,-0.011081907606724834,0.0009807993640856567
2006-07-07,-0.00879419391840212,0.003325564266273782
2006-07-10,0.00746670135653707,-0.0002465397215647332
2006-07-11,-0.019043085852707087,0.00398741143122866
2006-07-12,-0.016931043438227305,-0.0009583401862294028
2006-07-13,-0.01024230407083157,0.005271620991152659
2006-07-14,0.002501043404588873,-0.0016029772453231596
2006-07-17,0.0033250238447716947,0.018175096671213392
2006-07-18,0.012917590641590914,0.0012053157999239782
2006-07-19,-0.014855844051941671,-0.0011369201598660293
2006-07-20,-0.010588006408829372,0.00661817995435921
2006-07-21,0.019692773401748614,0.004522076265291563
2006-07-24,0.005751077059022518,-0.007086135091797105
2006-07-25,-0.0008195602152490459,-0.0043749299040939495
2006-07-26,-0.006580775051587088,-0.006319525181454438
2006-07-27,0.020692271092977815,-0.010645980268558085
2006-07-28,-0.00026950545911670105,0.001940413578715592
2006-07-31,-0.01685280440725891,0.001987400241272482
2006-08-01,0.01117634640245372,0.006906106885004028
2006-08-02,0.0062153963094154115,-0.0006943415387004792
2006-08-03,-0.0045902605237888635,-0.00027943513967887147
2006-08-04,-0.0065164498854679365,-0.015024140400605302
2006-08-07,-0.0062850323026123886,-0.012075701353984713
2006-08-08,0.0013696756010605322,0.006994477596961981
2006-08-09,0.007092228309491837,-0.00015527592806516304
2006-08-10,-0.007092228309491798,-0.012031148808687692
2006-08-11,0.006548454505989518,-0.0017986992563221837
2006-08-14,0.02497779914078436,-0.005322522755176216
2006-08-15,0.023073913023617918,-0.0003693747460258384
2006-08-16,0.003880486049077814,0.008164331116559544
2006-08-17,0.0015479879252149533,0.004739932173992004
2006-08-18,-0.009584324111465101,0.0034003987980325136
2006-08-21,0.00026024723634198533,0.0077162196444697986
2006-08-22,-0.007574804404479532,0.006391878303646244
2006-08-23,0.002879960100271889,-0.003949214220277934
2006-08-24,0.001828392830114989,-0.002220465736887459
2006-08-25,0.007539357173485241,-0.0015508685423611035
2006-08-28,0.003103183250515806,-0.012813160806252794
2006-08-29,0.004636793469801304,-0.01126449582752703
2006-08-30,-0.0010285421323303616,0.0022258405006713882
2006-08-31,0.005388082310450176,-0.007380087462724555
2006-09-01,0.009676673419887379,0.0017354147004572378
2006-09-05,-0.020223394975263594,0.005374056334718849
2006-09-06,-0.004928078577675538,0.0021885918158578536
2006-09-07,0.006220235366846019,-0.004928320476720169
2006-09-08,0.006179216365958118,-0.009144924681187591
2006-09-11,0.018311803642337688,-0.0026654975506066095
2006-09-12,0.007031671363680747,-0.009256901112721656
2006-09-13,0.0007504690783741788,-0.0015525321629864517
2006-09-14,0.0029962569232344855,0.0010664990377800023
2006-09-15,2.4931407465982133e-06,0.007768892139899456
2006-09-18,-0.006505767686483996,0.0013570473514591713
2006-09-19,0.014449678416455506,0.007785182417688068
2006-09-20,-0.006202724265891136,-0.005056463620213475
2006-09-21,-0.0077451979935247986,-0.003986756393133911
2006-09-22,0.017404715825092246,-0.007273614839250539
2006-09-25,0.004917639612806167,-0.01021162735442148
2006-09-26,-0.0012271445888948,-0.0024119656621693565
2006-09-27,0.0026977330892170867,-0.012375083381295072
2006-09-28,-0.004418269337664777,-0.007844426442350406
2006-09-29,-0.012625492625627456,-0.004894720881594524
2006-10-02,0.004226233760882333,0.0005039911771911699
2006-10-03,0.024262922837912603,-0.007743716228875597
2006-10-04,0.004830927269665592,-0.001736287065651392
2006-10-05,-0.002171029679176772,0.0012119547802017852
2006-10-06,0.003375123743981314,-0.010194580453506432
2006-10-09,0.0016832996640311186,-0.00796890450120298
2006-10-10,-0.0019240025175221252,-0.00683875068041656
2006-10-11,0.01647405049788601,-0.00442064791927328
2006-10-12,0.004724790268381246,-0.0020186213033726785
2006-10-13,0.00047125354312288855,0.004222498213605037
2006-10-16,-0.010657294473988093,0.008544145225095846
2006-10-17,-0.004773278752657771,-0.005658318178299868
2006-10-18,0.0023894873973814854,0.0021792280320390924
2006-10-19,0.0023837913552761975,-0.004168373677218831
2006-10-20,0.0101860409308651,-0.011552068117764666
2006-10-23,-0.007095583223308217,-0.011579494513069416
2006-10-24,0.0070955832233082754,-0.003130114640861794
2006-10-25,0.009149623947303273,-0.00965367565252323
2006-10-26,-0.01434812336712929,-0.005819172125665612
2006-10-27,0.0063762171392758435,0.00730055962278431
2006-10-30,0.0023512825316499876,-0.0005844935680903374
2006-10-31,-0.013715041181965123,-0.0025419701752215757
2006-11-01,0.0009519277253821558,0.0014068015643009058
2006-11-02,-0.002619984826079058,-0.0029255922067711873
2006-11-03,0.014443248589419758,0.0049518997863824635
2006-11-06,0.006793981855188358,-0.005503990699791148
2006-11-07,0.004658755223228721,-0.009189961497842864
2006-11-08,-0.005359444262757211,-0.006059331619529247
2006-11-09,0.00535944426275728,0.0008107329102457428
2006-11-10,0.009943427977775287,0.002671931952027472
2006-11-13,0.010756483159404676,0.0068637015224577705
2006-11-14,0.004089056129160137,0.003987953751822777
2006-11-15,0.004298162934241617,-0.00017736227782994294
2006-11-16,0.0,-0.0015932724699759884
2006-11-17,0.0020295417948539567,0.010397834629754783
2006-11-20,0.0013507431139696668,0.004395275727653334
2006-11-21,0.006279455484843101,0.004135774691431305
2006-11-22,-0.0017901101222486501,0.004747485575989661
2006-11-24,-0.02242195620071022,0.004016042974571781
2006-11-27,0.002516300081006186,0.0051895039723674164
2006-11-28,0.006830627651091556,-0.003256923366527192
2006-11-29,-0.000680966999416458,-0.005587177501210639
2006-11-30,-0.00866596073268145,-0.005005936417411337
2006-12-01,0.013648983501105692,0.002234075121633293
2006-12-04,0.00360848384337776,-0.004455447256157641
2006-12-05,-0.0036084838433779205,-0.003103986090591076
2006-12-06,-0.012733232521359045,-0.007387287462383328
2006-12-07,0.004566217979581184,0.002130509187770789
2006-12-08,0.0036380212930714837,-0.0026765572938768725
2006-12-11,-0.005918523991796729,0.0006018863457098957
2006-12-12,0.0018248180246291173,0.0016310651450084878
2006-12-13,0.011104929983788552,0.005083284918256074
2006-12-14,0.0013513515569989558,-0.001919005048192188
2006-12-15,-0.009952581587188638,-0.009528717824405196
2006-12-18,-0.0031876165424363154,-0.005578970802267423
2006-12-19,-0.003655475854847659,-0.008331587063713817
2006-12-20,-0.007120737564616054,0.005985351586074843
2006-12-21,-0.010427623162259163,0.010017373887117025
2006-12-22,0.004184106522574091,0.012199042568526334
2006-12-26,0.005090246992774847,0.011502368797915526
2006-12-27,-0.004858309151076295,0.013908113482859048
2006-12-28,0.0009272137891922675,0.013511606197440568
2006-12-29,0.0018518523810737264,0.012434056214607966
2007-01-03,0.01878634860318946,-0.0053606104837323615
2007-01-04,-0.004777622556005072,0.0037733467945997383
2007-01-05,0.0006839165888375561,0.000975303986550323
2007-01-08,0.005001147045770752,0.006407359911101411
2007-01-09,0.011722406551586042,0.0043499613895855
2007-01-10,0.010256500167189061,0.0014754240110595779
2007-01-11,0.005089069507471449,0.010463458391242702
2007-01-12,-0.0006623247841193517,0.002805100087941272
2007-01-16,-0.008204946795280874,0.004474620771891896
2007-01-17,-0.018654322254987563,-0.0004735745309181795
2007-01-18,0.0020396607637760437,0.004269757388171625
2007-01-19,-0.010926582645090721,-0.004941781818673799
2007-01-22,-0.002520913446870685,0.0021736869841227596
2007-01-23,0.01638634753461614,0.007532755319219917
2007-01-24,-0.012950311626260733,-0.006733189833061814
2007-01-25,-0.003665525295478394,-0.004356987489556154
2007-01-26,0.0009176417253243342,0.0020275977524267094
2007-01-29,0.0004585052808433116,0.008481213325833303
2007-01-30,0.010034291718377423,0.007337813587896886
2007-01-31,-0.001135202755579907,-0.01078081096891958
2007-02-01,0.003175325870524072,-0.002737615961447877
2007-02-02,-0.0009062075835380977,0.0020882094629670646
2007-02-05,-0.0015878420031131587,-0.0026562371011297804
2007-02-06,0.009264556153862187,-0.0030340005737085844
2007-02-07,-0.0002249465761368821,0.0025819712854057817
2007-02-08,-0.013818319320153457,0.003351413726993136
2007-02-09,-0.0031985405382156584,0.0029016194520726005
2007-02-12,0.0036546408881976138,0.004422973493665905
2007-02-13,0.016731116036276316,0.0036093883956797267
2007-02-14,0.005812670066043914,-0.0025169977325028045
2007-02-15,-0.003349338846173001,-0.003472912025479219
2007-02-16,-0.000671216044889362,0.007962038075844537
2007-02-20,0.011349849222188324,-0.0009160158403927189
2007-02-21,0.005076713254224255,-0.0014180361476432818
2007-02-22,-0.003528896472021179,-0.005961561339182052
2007-02-23,-0.004872656373956347,-0.006323129273896185
2007-02-26,-0.0419419968588252,-0.005963713973383177
2007-02-27,0.0032362487792083248,-0.006343738631342031
2007-02-28,-0.004626425092066137,-0.0005995146438551131
2007-03-01,-0.015185433726068457,0.002588308075083879
2007-03-02,-0.007798692485818872,0.008656355221744363
2007-03-05,0.016470960595924497,0.015824659669240893
2007-03-06,-0.003975218610236224,-0.007129527381232602
2007-03-07,0.006771771353350999,0.005383632441869898
2007-03-08,-0.0009313155504344906,-0.004285402239286376
2007-03-09,0.00650106770737251,-0.009419821333024466
2007-03-12,-0.019631385305374085,-0.004693820086750236
2007-03-13,0.014526965869722352,0.007352114080151061
2007-03-14,-0.0023288319794011027,-0.0025628406389465617
2007-03-15,-0.0013999069015095513,-0.0021478690700171216
2007-03-16,0.010220762609513946,-0.004315092377990051
2007-03-19,0.00713877527968029,-0.01185343348846836
2007-03-20,0.019091488949807712,0.004662181438940998
2007-03-21,-0.0036084838433779205,-0.0041588214092367
2007-03-22,-0.00316814023760194,0.002944562628223694
2007-03-23,0.0040714826657883,-0.00017420999772231263
2007-03-26,-0.0070223416904615045,0.0008797006966171272
2007-03-27,-0.010741732812941204,-0.0075643037171948925
2007-03-28,0.0011482375816634018,-0.008494415511409089
2007-03-29,-0.0009184845651445755,-0.01064488396918873
2007-03-30,0.0013774106860950765,-0.010313438199365919
2007-04-02,0.012991635718538397,-0.00517972570751312
2007-04-03,0.004067802219325748,-0.004852724753170773
2007-04-04,0.004949391430863064,0.0024796401391583996
2007-04-05,-0.002471633659115004,0.004489688067979668
2007-04-09,0.005161012241086353,0.008664165378217055
2007-04-10,-0.010574966362848144,0.002104903602497554
2007-04-11,0.007885587780876772,-0.007658541566459068
2007-04-12,0.0020177117034793153,-0.0047167360170967555
2007-04-13,0.009140627681590343,-0.0034779757444151392
2007-04-16,0.002216804277362675,-0.001198777436507658
2007-04-17,-0.003327051976619871,-0.002893390493179509
2007-04-18,0.0031055925581530666,-0.0026495455048119814
2007-04-19,0.005521825184307947,-0.0005696564809452964
2007-04-20,0.0015406627896170032,8.324758459011357e-05
2007-04-23,0.0050455300632398295,-0.0037427675372680483
2007-04-24,0.013259622592501512,-0.010983744537072928
2007-04-25,0.005169083230415319,0.003180168138308485
2007-04-26,0.00042955327120979415,0.004784408997030292
2007-04-27,-0.013185104013730919,0.006707476715636728
2007-04-30,-0.0009795919150694036,-0.004082728507546263
2007-05-01,0.010938539780805539,0.0036553579642074484
2007-05-02,0.0036555249824144743,-0.010518108318273267
2007-05-03,0.0008581849915241874,-0.013597439104907807
2007-05-04,0.0,-0.007848641837461614
2007-05-07,0.002142245892105092,0.000796246764679655
2007-05-08,0.0021376664831155956,-0.005817290920287819
2007-05-09,-0.013760698752936418,-0.004628746116466058
2007-05-10,0.012692436713519103,-0.004270335183539652
2007-05-11,-0.006864033813769938,-0.0025448370027541284
2007-05-14,-0.007778777339660231,-0.004792367151030893
2007-05-15,0.00971405372047307,-0.00928629686346958
2007-05-16,-0.004737304294519053,-0.0027310887189524857
2007-05-17,0.008168575085459635,-0.003088569785838849
2007-05-18,0.006402070522022409,-0.005963120424558811
2007-05-21,0.0008505209953494489,-0.0008494093829109407
2007-05-22,-0.00468684283593826,0.0052510410853763324
2007-05-23,-0.01441040099560635,-0.002170851000292997
2007-05-24,0.006262843060003515,-0.0050638716778743315
2007-05-25,0.00772039005213177,-0.002944710493108308
2007-05-29,0.008085150426316932,-0.006719381691189726
2007-05-30,0.00465117117573088,-0.0030766372652462053
2007-05-31,0.0006325777754430376,-0.0047745552360535445
2007-06-01,0.0029488519065461985,-0.0029800067669805974
2007-06-04,-2.1017212046759496e-06,0.0005675419679467217
2007-06-05,-0.01077664946176067,3.508581172039914e-05
2007-06-06,-0.015632494374032243,-0.005481466589908732
2007-06-07,0.012227511301347912,-0.000519354210651173
2007-06-08,-0.0019204102776018725,-0.010985658192518285
2007-06-11,-0.00599830418861911,-0.0019017716203931152
2007-06-12,0.010898708157242979,0.000550462630761447
2007-06-13,0.006567124544361664,-0.006439591134855899
2007-06-14,0.007782140442054949,-0.0043611551507725934
2007-06-15,0.0008376963840654375,-0.002359055874362182
2007-06-18,-0.00020935831752390147,0.0033867631583610067
2007-06-19,-0.009466779441289883,0.004270138377171434
2007-06-20,0.009047931267627325,-0.005826431802311941
2007-06-21,-0.00947076425489968,-0.005418046635644477
2007-06-22,-0.004238192400321148,-0.0065575002725208565
2007-06-25,-0.0057502021926986065,-0.003318041610276525
2007-06-26,0.015260999869283195,0.0009749231369807151
2007-06-27,-0.0004207868776582507,-0.004166390165280327
2007-06-28,0.00168208618298488,-0.0025983125941569096
2007-06-29,0.008576561305474633,-0.002221867952831301
2007-07-02,0.006229256023466334,0.007529008308498152
2007-07-03,0.007218758789061113,0.002434838263284634
2007-07-05,0.004101728474217874,-0.0010202678338872562
2007-07-06,0.0006138107609598871,-0.0022158540496086373
2007-07-09,-0.008421534829495286,0.001272386549160835
2007-07-10,0.006783868137997171,-0.00553800303220481
2007-07-11,0.015248846861885492,-0.0038792363789564833
2007-07-12,0.006836945996531244,0.00044454888449397954
2007-07-13,-0.00100250634962559,0.005444411947546361
2007-07-16,0.007593961354105847,0.00838878151629483
2007-07-17,-0.0011952192657916098,0.00502636645011181
2007-07-18,0.0029853738960234064,0.006886487199262744
2007-07-19,-0.0053801066309555464,-0.007584571951009281
2007-07-20,0.00039952058062392757,-0.016378492510213772
2007-07-23,-0.014889611096206557,-0.009468270416886686
2007-07-24,0.001418008948229849,0.0050878969311677616
2007-07-25,-0.00853837266985521,-0.004000133688992259
2007-07-26,-0.020419395653867453,-0.011039155179861933
2007-07-27,0.011601538867179578,-0.0017545603841309832
2007-07-30,-0.02123310411141581,0.0008050001951896435
2007-07-31,0.007754413790951491,-0.000811605504027056
2007-08-01,0.009143870858467549,-0.002143275999796781
2007-08-02,-0.019215294638077588,0.005760162175855862
2007-08-03,0.011531734876713082,-0.0010300448746027617
2007-08-06,0.00706276305234292,0.00728778742791295
2007-08-07,0.010911070676188638,0.005705994933190712
2007-08-08,-0.023408629714488358,0.01178124942000815
2007-08-09,-0.009053646430172911,0.002872467344565201
2007-08-10,0.006745388139531655,-0.00033437787031633887
2007-08-13,-0.01716325635924945,0.00961396868868015
2007-08-14,-0.019204387811625416,0.003408485042934641
2007-08-15,-0.007874056430905883,0.012255126107409569
2007-08-16,0.016766859857067107,0.011400007674439461
2007-08-17,0.004739345363896568,-0.002424021909876741
2007-08-20,0.01047577725536633,0.0039008175856086852
2007-08-21,0.013519428558672516,0.005956971702583632
2007-08-22,-0.0027313810446779174,0.0018227799845789534
2007-08-23,0.01399793043063657,0.00329689321146602
2007-08-24,-0.006661140366782199,-0.00031792928235084594
2007-08-27,-0.02409755157906053,0.006467749275423221
2007-08-28,0.028265961116240083,0.012541183870567558
2007-08-29,0.005186195630040668,0.009629608586299084
2007-08-30,0.011111225425070629,0.0034473033420237436
2007-08-31,0.01643872634315994,0.006210238539058582
2007-09-04,-0.010115400837176863,0.0036552297734704217
2007-09-05,-0.0008136696950133879,0.0013501419122691658
2007-09-06,-0.018692133012152633,0.00341518239305626
2007-09-07,-0.0006222130243257605,-0.00988602546737177
2007-09-10,0.01503168424447752,-0.011236369041112523
2007-09-11,0.00020435271349340372,-0.01249438779716187
2007-09-12,0.004891978773521031,-0.0050495748319172385
2007-09-13,0.000813008174863347,-0.0049844755620936316
2007-09-14,-0.008364835063853653,-0.000192777561449448
2007-09-17,0.025287076104572113,-0.004608175190962926
2007-09-18,0.0021949524925334307,0.01725635666803144
2007-09-19,-0.002794412996047946,0.00790757651371291
2007-09-20,0.006574383676032716,-0.0010944027262600913
2007-09-21,0.0045567191276983604,0.0061125639506363835
2007-09-24,0.009443312355707788,0.0016457542031371784
2007-09-25,0.004883299087883146,0.008695367743337594
2007-09-26,0.005053460705762937,0.009248958831107414
2007-09-27,-0.0033012943857855153,0.007893896344150211
2007-09-28,0.011411012514014204,0.008816788091166622
2007-10-01,0.00019228920355365755,-8.0700951433652e-05
2007-10-02,-0.0069458122193335374,0.006745032377398237
2007-10-03,0.0023206353481624678,-0.016067397884184792
2007-10-04,0.020041210793014082,-0.014514502261638739
2007-10-05,0.006266063081132855,-0.0015239438717186958
2007-10-08,0.004319912547475774,0.011788030736512922
2007-10-09,0.002430534987780673,0.004055623600705643
2007-10-10,-0.016012398255049902,0.0045550717173284
2007-10-11,0.01638609033712675,-0.00850478532830727
2007-10-12,-0.007688739237111573,-0.010640415813589951
2007-10-15,-0.004717434920819596,-0.020118361064621573
2007-10-16,0.012779726646399021,-0.0035434626303238645
2007-10-17,0.004285853946960821,-0.01767424067341426
2007-10-18,-0.025231991945219554,-0.012871636598817472
2007-10-19,0.011942137944304605,-0.00518963575828914
2007-10-22,0.020700039817145483,-0.004702042591450547
2007-10-23,-0.0075961458353622805,-0.01348114823122997
2007-10-24,-0.013480825761594695,-0.009441357033875247
2007-10-25,0.01645204428914358,0.00019711393375702944
2007-10-26,0.004255719254883835,-0.0025164628171053557
2007-10-29,0.001844678626766095,-0.007383520702193137
2007-10-30,0.014091183840881793,-0.008880194909971276
2007-10-31,-0.018894444507393124,-0.00780990200972036
2007-11-01,0.007747686790825957,0.0002716105180990803
2007-11-02,-0.006452229961186787,-0.013771459282095394
2007-11-05,0.011218508461835247,-0.01204172022155459
2007-11-06,-0.024624034107986387,-0.008346653331628621
2007-11-07,-0.030836093732338716,0.013756501445819061
2007-11-08,-0.03401487858727761,-0.01740698109887868
2007-11-09,-0.025728148572731337,0.004504167251230296
2007-11-12,0.040419697315721204,-0.0005515232754647605
2007-11-13,-0.012893166801610364,-0.008006612700463066
2007-11-14,-0.005404877535491161,-0.013876340072375839
2007-11-15,0.009190873888012388,-0.013442175578050787
2007-11-16,-0.011602450619463592,-0.017193963651126052
2007-11-19,0.004016069654889744,0.004915413763312554
2007-11-20,-0.011894102521438127,-0.002049781638415007
2007-11-21,0.010690974243163018,-0.004649596761855096
2007-11-23,-0.017405822955176203,-0.013145331863066625
2007-11-26,0.019810633733355384,-0.009591833112179133
2007-11-27,0.02997069747054881,-0.008036487971573412
2007-11-28,0.004264398786457739,0.004322261211709602
2007-11-29,-0.007572116560510064,-0.005622776514620095
2007-11-30,-0.00841574592200668,0.0064101366428967865
2007-12-03,-0.004135899544048272,-0.008272924597131633
2007-12-04,0.017606088575049052,-0.017857498288102527
2007-12-05,0.014438599086075764,-0.009248995988516397
2007-12-06,0.00019111323517306795,0.0039607541873842005
2007-12-07,0.0040049638732772685,0.01097464815818465
2007-12-10,-0.023494244509958132,0.0012764462321851022
2007-12-11,0.008923434575955853,0.0019178490527864088
2007-12-12,-0.005422166653701166,-0.0035351491658974403
2007-12-13,-0.010344583317740137,-0.007657308544824164
2007-12-14,-0.024628851625303195,0.0031112770794926286
2007-12-17,0.004213912124980078,0.0012546463307163142
2007-12-18,0.0,0.007518135692096925
2007-12-19,0.019040638704849944,0.009524423139268068
2007-12-20,0.01849201111905938,-0.0037761637774490968
2007-12-21,0.007493550292639245,0.006548640621272245
2007-12-24,0.004964684629402327,0.002014756093444396
2007-12-26,-0.010916511741350528,0.002292137150033593
2007-12-27,-0.001348877745709263,0.004635324049175947
2007-12-28,-0.012417699339139141,0.0077953210344889135
2007-12-31,-0.015147333971761141,0.006017517393461213
2008-01-02,0.003364008317359814,-0.001626631610057542
2008-01-03,-0.04484694139439199,-0.002909187897029382
2008-01-04,-0.004763393080456568,-0.009364683854168526
2008-01-07,-0.02629239685685471,-0.005671101743179752
2008-01-08,0.021088930021919302,0.013920053832516334
2008-01-09,0.0014597020629602945,-0.01767808197385624
2008-01-10,-0.019781789838765634,0.005330855591725614
2008-01-11,0.01727813737302893,-0.013221317055554372
2008-01-14,-0.027961999681341602,-0.009114391666461165
2008-01-15,-0.010799241021760273,0.0030943038638116295
2008-01-16,-0.013995417591456122,0.01894792113016909
2008-01-17,-0.0013221685487140359,-0.004711559963563038
2008-01-18,-0.026137978569174523,0.002545604681184579
2008-01-22,-0.0036281218936553834,-0.00622928124611668
2008-01-23,0.02001641100133085,-0.0022469995364282993
2008-01-24,-0.020698151739018223,-0.007959321528622162
2008-01-25,0.00769931339633364,0.01973260734744879
2008-01-28,0.0018030205470486403,-0.006945443369938701
2008-01-29,-0.0009011039131927147,-0.010627720525835308
2008-01-30,0.016983648448091786,-0.02020333574026341
2008-01-31,0.010138986920555733,-0.008863868106728099
2008-02-01,-0.01413543984183625,0.004546031315999901
2008-02-04,-0.028891683324315846,-0.0053685914597432
2008-02-05,-0.01988735743645866,-0.014148488061572519
2008-02-06,0.0069832686021884405,-0.013719626191119013
2008-02-07,0.011302161595945394,-0.011644748439918117
2008-02-08,0.01072212849890689,-0.0012579790197161668
2008-02-11,-0.005688944686575159,-0.005228788330780938
2008-02-12,0.021671277003288244,-0.014778640120952901
2008-02-13,-0.01825402797789012,-0.01167139262278932
2008-02-14,-0.003417249025398272,-0.0032154651877060146
2008-02-15,-0.001827318918698658,-0.003097889501722831
2008-02-19,0.0045620517078423725,-0.004917118141922297
2008-02-20,-0.009604464408776865,-0.0026172502294445404
2008-02-21,0.0036697288889624017,-0.0024173128293034103
2008-02-22,0.005023988644476046,-0.002631536243966074
2008-02-25,0.0038649587727700796,-0.004909395002963409
2008-02-26,0.004979639081211149,-0.004684400594971842
2008-02-27,-0.003845723549805155,-0.013311813298673975
2008-02-28,-0.026876545955037225,-0.006424788750267769
2008-02-29,-0.006540551230355823,-0.001852610274786389
2008-03-03,0.005608801803524565,4.909674777815539e-05
2008-03-04,0.004879708485157293,-0.0024249124576557358
2008-03-05,-0.022275539730122088,-0.0010520816209281401
2008-03-06,-0.0023741701560390234,-0.004548363501640402
2008-03-07,-0.019441389959323815,-0.016386156178518307
2008-03-10,0.03734761879349596,-0.007589938197193618
2008-03-11,-0.0028080415832264683,0.005575504093379358
2008-03-12,0.007696831000153852,-0.010182281108795294
2008-03-13,-0.018525562050346077,0.0015612609222451818
2008-03-14,-0.01839297044185635,-0.02092507197820886
2008-03-17,0.04363385239049154,-0.003943050583178807
2008-03-18,-0.025004223563907454,0.0017229372866153668
2008-03-19,0.019449939439836205,-0.004480306070973515
2008-03-20,0.033992133169093254,-0.022244612987659933
2008-03-24,0.005594473370508145,0.019476479429535978
2008-03-25,-0.0029040565478248466,0.00791532118192027
2008-03-26,-0.022396592744300038,0.010459688123369427
2008-03-27,-0.005045882265676138,0.008703292700886264
2008-03-28,0.005274636698790776,-0.011106726202165641
2008-03-31,0.04188273091701225,-0.01794860638523671
2008-04-01,-0.0021958726434373357,0.014122092468440844
2008-04-02,0.0021958726434374563,0.005977640964516064
2008-04-03,0.005904883204408278,-0.0011103846206712842
2008-04-04,-0.0021829303582159903,-0.00017327817126287342
2008-04-07,-0.007678001961682764,0.006463339702948286
2008-04-08,-0.01129455036165113,-0.009736883544036302
2008-04-09,0.014153265887385007,-0.018784197776348495
2008-04-10,-0.02805795279515738,-0.001839018551726306
2008-04-11,-0.00452694299577718,-0.010764810413757956
2008-04-14,0.0013602359839314396,-0.014233086078033776
2008-04-15,0.027484692847282173,-0.000710239792416727
2008-04-16,-0.0022065322280052373,-0.0016021130591792336
2008-04-17,0.0313137130661494,0.006104734258083542
2008-04-18,0.007040029076354818,0.010722113973559379
2008-04-21,-0.01499278458614128,0.00857533026985404
2008-04-22,0.010945489680201074,0.003003871187983852
2008-04-23,0.008924836120713818,0.0021923483345517776
2008-04-24,-0.0025418357256786193,0.012874568122259867
2008-04-25,0.0019069822496950274,-0.0023951219285337348
2008-04-28,0.007591769908212663,0.002295333752811848
2008-04-29,-0.008227026679178916,0.004204392707730102
2008-04-30,0.031073295530348814,-0.021705673256482014
2008-05-01,0.0014363396334170853,0.0030208341342719785
2008-05-02,-0.0028747453062668506,0.0006829400950267515
2008-05-05,0.006150080885337693,0.015803851589599953
2008-05-06,-0.01835670808924938,0.0022557287861051313
2008-05-07,0.007465816510803205,-0.0068355113048314264
2008-05-08,-0.003933345305055106,-0.010472172562175952
2008-05-09,0.018088879652430244,-0.010903856345600595
2008-05-12,0.0026446968929486497,-0.002467175006212665
2008-05-13,-0.0022373649117565816,-0.0027565433246661405
2008-05-14,0.017360145304960408,-0.00544538089607451
2008-05-15,0.0007981604726194767,-0.0006684390496915643
2008-05-16,-0.007222595337551659,0.0032411056017658964
2008-05-19,-0.007683013935309811,-0.01919770271523252
2008-05-20,-0.02237137936914649,-0.006583568015188184
2008-05-21,0.003522224712578114,0.007288341672361003
2008-05-22,-0.0031072008427487155,0.0016970149709383054
2008-05-23,0.017481164954817406,0.004537920251074453
2008-05-27,0.004069181606725749,-0.002689823524054195
2008-05-28,0.00889433799613118,0.0013811818212840958
2008-05-29,0.00641927981658319,-0.0020787761981031034
2008-05-30,-0.012272561236935521,-0.006265171720413055
2008-06-02,-0.005480578013319906,-0.0007032216006775879
2008-06-03,0.012741602250366964,-0.006470651585251746
2008-06-04,0.015751497035556332,7.457502290735316e-05
2008-06-05,-0.030530589803338403,-0.008639823967403853
2008-06-06,-0.005316985941180597,-0.0028976365101907628
2008-06-09,-0.004727169423505975,0.005019848079360373
2008-06-10,-0.024188001567815885,0.009795112890426455
2008-06-11,0.0008438819066200568,0.0020955984582447253
2008-06-12,0.019835706197632363,0.009200881946525517
2008-06-13,0.00885052602420971,-0.00499131635359211
2008-06-16,-0.005342112560646104,-0.009259943740396964
2008-06-17,-0.010770609505348095,0.0009833180803622181
2008-06-18,0.015497778928854152,0.0009379812168614321
2008-06-19,-0.028071289084701787,0.0039354426226567265
2008-06-20,-0.007833214605870905,0.004979830023858799
2008-06-23,-0.005114010719409329,0.0006715624697112635
2008-06-24,0.01610545513221089,-0.0018282439781974022
2008-06-25,-0.04119870340321272,0.008761821703877012
2008-06-26,0.0,-0.0008426422737771921
2008-06-27,-0.01057045737446456,0.0008862899736535931
2008-06-30,0.014069258232137867,-0.0002962309065297622
2008-07-01,-0.024305217652761498,-0.024076577876673957
2008-07-02,-0.0017909116047106933,-0.0036982465738132388
2008-07-03,0.00603151610702994,0.009997549361163533
2008-07-07,0.023551215069928078,0.0005709437436087313
2008-07-08,-0.026897565097272213,0.004534820374995058
2008-07-09,0.011773989174063203,-0.011575075099618581
2008-07-10,-0.016028838275898915,-0.023855586973258906
2008-07-11,-0.007433303738793322,-0.009714859947239196
2008-07-14,0.00022606533384397692,-0.0028632476384829117
2008-07-15,0.024560287865303645,-0.00030677158035533823
2008-07-16,0.006594879914491991,0.004879359071766752
2008-07-17,-0.023274906354489585,-0.0177861388139951
2008-07-18,0.004251992531223339,-0.0053135061013206445
2008-07-21,0.0,-0.006230122757841338
2008-07-22,0.013089482505263601,-0.005119166086867667
2008-07-23,-0.015101330730512433,0.0020227073497577886
2008-07-24,0.012894798502507104,0.005068185762520281
2008-07-25,-0.018954742981585893,-0.0016355612452314168
2008-07-28,0.020499826613101638,0.002954499239133018
2008-07-29,0.005059960196408147,0.007015287817067794
2008-07-30,-0.002416786851393985,0.0018165677639785623
2008-07-31,-0.012840557209956222,-0.0035315011518235006
2008-08-01,-0.010077344266623867,0.001102531778658504
2008-08-04,0.033203581389884884,0.0064365850106298346
2008-08-05,0.015125612482527495,0.0054541222941807245
2008-08-06,-0.0077503079013213,-0.0014350984488471533
2008-08-07,0.022439236191277804,-0.002906482313901896
2008-08-08,0.009046027816553295,-0.0032226457271346876
2008-08-11,0.0010465725706708953,-0.014890977556216921
2008-08-12,-0.0020942416031146257,-0.000989895793320064
2008-08-13,0.011464429890699434,-0.002842203451830446
2008-08-14,-0.0018670267844293992,-0.001835988067058721
2008-08-15,-0.011696039763191187,-0.004924989777406492
2008-08-18,-0.012472416201335237,-0.006913502112097932
2008-08-19,0.0017003192194242002,-0.00258517777651201
2008-08-20,-0.0046828523208485885,-0.00020905239107145933
2008-08-21,0.013141350626415851,0.00348290736257107
2008-08-22,-0.021281926858537057,0.010335237621080543
2008-08-25,-0.0012914336706630332,0.007283560313842683
2008-08-26,0.006440554680504333,0.0034600101134456673
2008-08-27,0.00809893599961507,0.003216204851991302
2008-08-28,-0.0212385973110915,-0.00018986584908842934
2008-08-29,-0.01243607169489101,0.0005208480537754016
2008-09-02,-0.009485016516163833,0.00017876233898953174
2008-09-03,-0.032893256068005604,0.0018682661918201656
2008-09-04,-0.00482149941039661,-0.009116639497560777
2008-09-05,-0.0032272964848657905,-0.025586654022202896
2008-09-08,-0.020056642469178942,-0.006813339384194957
2008-09-09,0.008211189830394624,-0.0004969386423905205
2008-09-10,0.01851904776723753,0.0019054402151979268
2008-09-11,-0.003906703808258122,-0.00739516433189543
2008-09-12,-0.031577878117276074,0.012804739207578748
2008-09-15,0.007811615057044916,-0.016906352270288794
2008-09-16,-0.05326846257731663,-0.001251883546951169
2008-09-17,0.033263032355363355,-0.0031514062339501477
2008-09-18,0.03149307266942509,-0.01684792612451724
2008-09-19,-0.04823088003852218,-0.0032576145111274956
2008-09-22,-0.0076120686770931355,-0.024693472150288862
2008-09-23,0.006877944087656021,-0.01401803580164332
2008-09-24,0.015786605930640626,-0.018015738604838565
2008-09-25,-0.010172042176295156,-0.0080942135893852
2008-09-26,-0.08268332183004595,-0.0063900836434892605
2008-09-29,0.028413223766150762,-0.0036667773666404393
2008-09-30,-0.010593045702723581,0.0022669005081603715
2008-10-01,-0.04652001563489282,0.011076330451498962
2008-10-02,-0.01563174569169657,0.014792052958066657
2008-10-03,-0.03716643987527427,0.021710662379503913
2008-10-06,-0.06549518436943477,-0.016477850577681415
2008-10-07,-0.007995122539202088,0.0031109552739883055
2008-10-08,-0.02722746819355962,0.015527965674326507
2008-10-09,-0.006365393867075959,0.01651242138038737
2008-10-10,0.11479859515513334,0.016795151061672318
2008-10-13,-0.04423182454072148,-0.011689876500939951
2008-10-14,-0.0938236327786792,-0.012213069211612292
2008-10-15,0.05282806373872753,0.01246319014212481
2008-10-16,0.001239157531548053,0.003691539100784575
2008-10-17,0.0274826456938321,0.017735428765623035
2008-10-20,-0.05319745237324043,-0.004308340785413351
2008-10-21,-0.02802567059188135,-0.01162630943308903
2008-10-22,-0.003927991957157709,-0.006940584070372775
2008-10-23,-0.03266957204531529,0.0027175007154726935
2008-10-24,-0.02818055896157459,-0.011996644021653652
2008-10-27,0.10480267448862898,-0.018424055542786397
2008-10-28,-0.0025141433733324595,-0.0053155746687341115
2008-10-29,0.03281012347565765,-0.03612185716428731
2008-10-30,0.0015213756167379467,-0.014834781529701689
2008-10-31,-0.0021305745390208033,-0.017384411124297113
2008-11-03,0.02794233165659403,-0.006971809449428079
2008-11-04,-0.05355706335711221,0.03749525206093927
2008-11-05,-0.04573138966310692,0.00260486708216162
2008-11-06,0.020405566321392322,0.01569895105652892
2008-11-07,-0.013557341285761462,0.007361048625590601
2008-11-10,-0.022015017579120406,-0.0017748372558925236
2008-11-11,-0.04727967762185744,0.007760319205759265
2008-11-12,0.059168853334043175,0.03572035304779651
2008-11-13,-0.04980841057447947,0.006534519302353819
2008-11-14,-0.021273688071776275,-0.007081573306194707
2008-11-17,-0.0010580145582255918,0.014883945492099655
2008-11-18,-0.053636043167442866,0.01769848591805513
2008-11-19,-0.04960956158575746,-0.020763468175851372
2008-11-20,0.04251070868458897,-0.011164159444275356
2008-11-21,0.05932246645526892,-0.024298948610671556
2008-11-24,-0.0046042227609106754,-0.014327643040190064
2008-11-25,0.041034964385824296,-0.012234349623232974
2008-11-26,-0.007867322945620219,0.01605193147063043
2008-11-28,-0.07818431650497774,-0.0324531546675066
2008-12-01,0.032873668714291836,-0.002076390329597934
2008-12-02,0.027991198590505535,0.0050434766304347164
2008-12-03,-0.02871010588243148,-0.005737704977337365
2008-12-04,0.03982905295746435,0.004153230921983811
2008-12-05,0.038635777878301095,0.012835994432185123
2008-12-08,-0.002329839629363184,-0.0023989542284428593
2008-12-09,-0.0033377868104191525,0.0007355286392968109
2008-12-10,-0.02779840013474644,0.006776521477376347
2008-12-11,0.020078945792069383,-0.01464738370569324
2008-12-12,-0.01767551115872233,-0.017850390877908472
2008-12-15,0.04689405715786238,-0.01819197341668923
2008-12-16,-0.012181220579572206,0.0062630495818853955
2008-12-17,-0.017711407008961483,-0.0052880042299620345
2008-12-18,0.006720455401258357,-0.008291160487242965
2008-12-19,-0.022008675711394716,0.0016124743401624445
2008-12-22,-0.005148458257512858,-0.00920608168571738
2008-12-23,0.002749142624921935,-0.017575682271682824
2008-12-24,-0.00034322979571563137,-0.01427657423858859
2008-12-26,-0.008273056493199288,-0.014117470650555018
2008-12-29,0.020555708349040927,-0.012729918325165093
2008-12-30,0.008441718204824155,-0.016732694314636674
2008-12-31,0.04246153742827987,0.006484699611189725
2009-01-02,-0.000322320711896111,0.024110403335617522
2009-01-05,0.009943947215707618,-0.00039939368953052903
2009-01-06,-0.028818571970615173,-0.007924330875178779
2009-01-07,0.010457611643958224,-0.002030813350115882
2009-01-08,-0.02268714763700562,-0.00719253784427719
2009-01-09,-0.01845999726816596,-0.006685191201095489
2009-01-12,0.0003386960235595419,-0.0086100881835285
2009-01-13,-0.03095157664580766,-0.006479144456031632
2009-01-14,0.01624869021579008,-0.0021671327755483595
2009-01-15,0.010970905847477707,-0.011411917266847734
2009-01-16,-0.05089979780768197,0.0009354821361364129
2009-01-20,0.041679995430891764,-0.006685433998670515
2009-01-21,-0.0134693799436553,0.00935379147739089
2009-01-22,0.004856062265540396,-0.0006102512552300941
2009-01-23,0.007240162639145381,0.0012810316315741484
2009-01-26,0.007188119260918914,-0.0040802915584706645
2009-01-27,0.034526640487056635,-0.004905814450206503
2009-01-28,-0.025698060222853585,0.012279648928257364
2009-01-29,-0.017735799140516866,-0.011314659732959332
2009-01-30,0.011972094423766812,-0.00620670435291921
2009-02-02,0.015519879662114822,-0.001639395125133377
2009-02-03,0.0013382404138382997,-0.01298176891426022
2009-02-04,0.02182626326088641,-0.012798070251527021
2009-02-05,0.02583288629984369,0.0038936979012107915
2009-02-06,0.004135523629000675,0.010038089619920148
2009-02-09,-0.037520571911201235,-0.0045118134434072804
2009-02-10,-0.00462504953956227,0.007960283275113687
2009-02-11,0.01217721152191932,-0.015422571075384372
2009-02-12,-0.004590171993863448,-0.01379532113896321
2009-02-13,-0.040575557586326264,-0.006141233010205074
2009-02-17,0.0006842285590243227,-0.003869700134468613
2009-02-18,-0.015509530257493218,0.00411138974008834
2009-02-19,0.0027748890507592393,0.0004549416782037949
2009-02-20,-0.03561102532318412,-0.0034949331335031725
2009-02-23,0.03248873310756216,0.00780908180112861
2009-02-24,-0.006623695125001397,0.009586567222194375
2009-02-25,-0.028380762579808108,0.0005207718725626847
2009-02-26,-0.00939992459989638,-0.00043402012422910885
2009-02-27,-0.032862473482327584,-0.006913769574411618
2009-03-02,-0.0007510327052227691,0.009798909183170263
2009-03-03,0.026322186973011055,-0.003995268672678519
2009-03-04,-0.030462979639042348,0.010188676479159196
2009-03-05,-0.007953081117215297,0.004801933990973525
2009-03-06,-0.02152273701573836,0.012982222856947941
2009-03-09,0.059938797771996004,-0.009937018148069025
2009-03-10,0.015250840252466894,0.008318292238152558
2009-03-11,0.03261543970283505,-0.018695094823918457
2009-03-12,0.0024386007556003514,-0.001701522234781238
2009-03-13,-0.01684250339449735,0.007028522647015769
2009-03-16,0.03716350573297824,0.0013422431205523282
2009-03-17,0.01253616281929426,0.008254354410813212
2009-03-18,-0.000673627509474165,0.014283691005251927
2009-03-19,-0.0169898752045401,0.007801450998702284
2009-03-20,0.057272640809060235,-0.014057772358980113
2009-03-23,-0.018618862203210098,-0.004600124726453897
2009-03-24,0.004605271297127997,-0.002842638214936082
2009-03-25,0.030383720552937594,2.1106317226025732e-05
2009-03-26,-0.018962483658585435,-0.014005962707809606
2009-03-27,-0.02496844556714127,0.0015458230577263872
2009-03-30,0.008612176449342483,0.00585047640919187
2009-03-31,0.014732628559779633,0.014810729302452828
2009-04-01,0.031667447044984566,0.004389837704518719
2009-04-02,0.01840638456797465,0.008109422012378917
2009-04-03,-0.0024760148830390853,-0.012098802201306654
2009-04-06,-0.026693373236395413,-0.01867072868806447
2009-04-07,0.016727547996068622,-0.001914001153220891
2009-04-08,0.030515543925950413,-0.0015980385780279796
2009-04-09,-0.0015190645485285642,0.01635882969656286
2009-04-13,-0.012236310519956588,0.0007101343211580436
2009-04-14,-0.0027739268827253194,-0.0033970264585968237
2009-04-15,0.02559554718896394,-0.005821451056508444
2009-04-16,0.0021036822183409464,0.003145267266247973
2009-04-17,-0.0326497345671607,-0.0028756369786564896
2009-04-20,0.013861303097691466,0.002562870425668456
2009-04-21,0.003054370120437595,-0.013555107832498732
2009-04-22,0.009711760702598035,-0.007665718095074685
2009-04-23,0.017365705859306513,-0.008431081259181775
2009-04-24,0.0011865916550972454,-0.007468837133514951
2009-04-27,-0.007439403452284286,0.0004894062085109238
2009-04-28,0.013646014184805795,-0.0011619503460268232
2009-04-29,0.00996783392349886,-0.010170287666718212
2009-04-30,0.0026219971321633116,-0.002769001520095866
2009-05-01,0.01959152261885667,0.001786215038189868
2009-05-04,-0.0008562866228931219,-0.0008239439115464826
2009-05-05,0.00028551035168956256,-0.003270953884433549
2009-05-06,-0.023686838219882093,0.0009247088959062199
2009-05-07,0.0005844535525806061,0.003796984485462408
2009-05-08,0.0034995661262645535,0.004942289103801711
2009-05-11,-0.012302439872219642,0.002987783017667739
2009-05-12,-0.027186140304156718,0.0013295638255717448
2009-05-13,0.011143015463581065,-0.00015387479342886967
2009-05-14,-0.0005991611922806354,0.002930305077025768
2009-05-15,0.025737258510258956,0.006413075030052211
2009-05-18,0.00466201310581115,0.0007124846904174495
2009-05-19,-0.003494470649773589,0.000891412985716454
2009-05-20,-0.018549037638842303,0.0035516518291137033
2009-05-21,-0.003274299695674007,0.0031436884783139006
2009-05-22,0.036591232768787806,0.002513028048793568
2009-05-26,-0.006922438950171806,0.005031168671962826
2009-05-27,0.011510918466140491,-0.0032865132271368974
2009-05-28,0.012228220051819878,0.0012933108118173243
2009-05-29,0.028147322892429084,-0.0008623016847830605
2009-06-01,0.001373060767689104,0.007845557871258074
2009-06-02,-0.003023226158646997,-0.0041168756417610435
2009-06-03,0.01122223355386915,0.0010083485025060152
2009-06-04,0.001088139389195428,-0.010010523101663314
2009-06-05,-0.0029952370929403273,-0.004112206974247201
2009-06-08,0.007606665310976094,-0.00078846240113978
2009-06-09,-0.003524471589279064,-0.002221339563486628
2009-06-10,0.0,-0.0068291074458541445
2009-06-11,-0.004627747472271315,-0.0038804863644994335
2009-06-12,-0.020676132838427303,0.0011389663229373485
2009-06-15,-0.00979713924498338,0.0016651314428602951
2009-06-16,0.009490685607627015,0.003453027417895632
2009-06-17,-0.0019244452243111373,0.000989731419403746
2009-06-18,0.009447138891409837,0.001766373841597748
2009-06-19,-0.03032236801999336,0.004981325292122919
2009-06-22,-0.002283106014568521,-0.00197778721991301
2009-06-23,0.016716638032687674,0.0029597001044172366
2009-06-24,0.019477521702877434,0.0011714094333388045
2009-06-25,0.002202037773918681,-0.005887943076022151
2009-06-26,0.0021971994557696017,-0.001092647958364114
2009-06-29,-0.0019222853646909215,-0.0007411423684610676
2009-06-30,0.0005496015527186049,0.0021564689412604267
2009-07-01,-0.022223136784710124,0.0005306815221838056
2009-07-02,-0.00535137173417255,-0.00338331499244105
2009-07-06,-0.025165754721911304,0.0025963733183869356
2009-07-07,0.005199318471793893,-0.0024520053629625473
2009-07-08,0.0017271161460751556,-0.00579213248495458
2009-07-09,0.004304784951631393,0.002459535729086
2009-07-10,0.019004968550700004,0.0032091316192723774
2009-07-13,0.0036460564861969034,0.0006265328110235829
2009-07-14,0.033042653626353224,7.545019028063507e-05
2009-07-15,0.0024347367634131875,0.009927364126517872
2009-07-16,0.014751507941997633,0.003450628395004043
2009-07-17,0.00953902304675891,-0.012880265342719611
2009-07-20,0.00683314091078039,-0.008149824146542597
2009-07-21,0.00834642299613704,-0.009951486469209804
2009-07-22,0.021837733569673754,-0.005384970749441937
2009-07-23,-0.007653098577717383,-0.0029292933331453654
2009-07-24,0.007653098577717432,-0.0009938487827004369
2009-07-27,-0.006885147688830319,-0.011659928454825738
2009-07-28,0.006630985786331204,-0.004438402310211459
2009-07-29,0.005829442436419789,0.0024328848243671103
2009-07-30,-0.0030372081054495597,-0.002399021528195387
2009-07-31,0.014844907155136443,-0.003538375599803694
2009-08-03,0.0,-0.0041198420210830505
2009-08-04,-0.007772384620512305,-0.006713145027964844
2009-08-05,-0.00884849661552797,-0.006650731708843831
2009-08-06,0.012616871882657992,0.0028172355855520044
2009-08-07,-0.0070458268332027575,-0.0020373745374393684
2009-08-10,-0.008622929412119968,0.003902421466652432
2009-08-11,0.015417972544948616,0.007906405899636282
2009-08-12,0.005502765261152147,0.001622180841679875
2009-08-13,-0.011540519452071988,-0.0032358861355641965
2009-08-14,-0.029447781404837996,0.004398315906505496
2009-08-17,0.01419195539501792,-0.0020260954122838775
2009-08-18,0.006893937682691818,0.0013718606171707558
2009-08-19,0.011636862913157674,-0.005062575011829469
2009-08-20,0.013241917414882601,-0.00015018444487834652
2009-08-21,-0.0009932953386834694,-0.001052657477955942
2009-08-24,0.002976931000276952,-0.002609983808964405
2009-08-25,-0.001735465912212155,0.0018217056731807601
2009-08-26,0.0024783160144672216,-0.0004990767241860594
2009-08-27,0.0009896091851662818,-0.0014725593033699568
2009-08-28,-0.010190221147788333,0.00011955594875015811
2009-08-31,-0.018913689518217053,-0.00280024560742484
2009-09-01,-0.0007640392578477263,0.0004985191462362534
2009-09-02,0.006602360194881836,0.0029090185503656326
2009-09-03,0.021285391062108833,0.006523074869343768
2009-09-04,0.009371215313251583,-0.001600778350620769
2009-09-08,0.008554372096658595,-0.0010363639380513846
2009-09-09,0.009446600466008124,-0.0023401121957155866
2009-09-10,0.000963855496306659,-0.0013251530859482337
2009-09-11,0.0038461585874780936,-0.00067098024239183
2009-09-14,0.003114147923362225,-0.0006010244917705443
2009-09-15,0.014484403768062724,0.0005690591055758816
2009-09-16,-0.00023576565003718123,-0.0018558642594580673
2009-09-17,0.0007071302592831059,-0.002301780099039652
2009-09-18,0.003058466094278642,-0.0043908141374659326
2009-09-21,0.0018774940976271387,-0.005218210808892644
2009-09-22,-0.004700361180331741,-0.005483597062788397
2009-09-23,-0.008992015154926826,0.005553716350691188
2009-09-24,-0.008833768797673728,0.0014625354877583407
2009-09-25,0.01688305468174339,0.00021576343717876468
2009-09-28,-0.004490141066324689,0.0036503607199221363
2009-09-29,0.0007103113830084102,0.004465399290040603
2009-09-30,-0.03003228709887509,0.0014838436265724533
2009-10-01,-0.0029311208088587007,-0.003609136898434292
2009-10-02,0.00803999945527698,-0.004308820508981902
2009-10-05,0.017559080123047816,0.0028547469522735734
2009-10-06,0.002857144800779965,-0.002230547198570414
2009-10-07,0.0042704691234522855,7.781329581638068e-05
2009-10-08,0.0056657375356773,0.0012415140444207058
2009-10-09,0.0021164029063776937,-0.0003810525040967428
2009-10-12,0.00023487962527245711,0.002346078049174797
2009-10-13,0.013529480924600514,0.0006657925034862689
2009-10-14,-0.002319648453716796,-0.0001153214191100715
2009-10-15,-0.0065237882819573784,0.0017490655935073086
2009-10-16,0.010001246289582317,-0.0005550128335501457
2009-10-19,0.0002314011348981728,-7.542028432568078e-05
2009-10-20,-0.001852710117729522,0.003182146324197707
2009-10-21,0.003932914265524993,0.0010433286809990276
2009-10-22,-0.004164744566783535,0.003391122974693992
2009-10-23,-0.003251280151561613,0.004548877581119603
2009-10-26,-0.015235264801471094,-0.0020873971139998746
2009-10-27,-0.022692959946078155,0.0018322652424714314
2009-10-28,0.01677087702183834,0.00228417726064722
2009-10-29,-0.02721420205122702,0.0026068065103858843
2009-10-30,0.004141801511080369,-0.005594429521768245
2009-11-02,0.00315572540077288,0.001551565319940931
2009-11-03,0.001695120880535139,0.0043543812193510565
2009-11-04,0.02437979257442241,0.0027906319861025377
2009-11-05,0.00588583217726135,-0.010059038380313476
2009-11-06,0.021136543457264012,-0.0024477143121347717
2009-11-09,0.00252496404089427,-0.004887336704100062
2009-11-10,0.006398559307642775,0.0009753718407544108
2009-11-11,-0.0057110377955145045,0.001684017237973665
2009-11-12,0.0082135985373888,0.0007683415234886115
2009-11-13,0.010173027713050568,-0.0018688539112300536
2009-11-16,0.003143950489967783,0.0006564638594671688
2009-11-17,-0.005553508815210939,0.0006550637489594435
2009-11-18,-0.015747999089009725,-0.0070469918276486986
2009-11-19,-0.005051675496117834,-0.0014761367402839165
2009-11-20,0.015985725202910386,-0.0012012845689589745
2009-11-23,-0.003404065467961882,0.0010428526280203887
2009-11-24,0.004309862631342783,0.0052251600460528165
2009-11-25,-0.01528140125938246,0.005615913183559072
2009-11-27,0.0011485013321711882,0.0035307387499178894
2009-11-30,0.01027758275824023,0.003062941305549951
2009-12-01,0.0013623980308956293,-0.0009421497667042565
2009-12-02,-0.004092775153753036,-0.0004060385389168869
2009-12-03,0.005226690685158953,0.0009214535996595692
2009-12-04,-0.004771109811675612,0.0015327345859194135
2009-12-07,-0.0061220951446887915,0.0022645924447899693
2009-12-08,0.009986175415721917,0.00016700695450754815
2009-12-09,0.00497851220643085,0.0014171857953388968
2009-12-10,-0.0038448537696340332,-0.00039243297642817433
2009-12-11,0.009472330635362444,-0.000318657227722297
2009-12-14,-0.005627476865728336,0.0011466641018176183
2009-12-15,0.0013534854310763558,0.001458384061265157
2009-12-16,-0.012247828314845778,-0.0015186945511227819
2009-12-17,0.014499574368730088,0.0017208825255090945
2009-12-18,0.011183297049385109,-0.001386121612051298
2009-12-21,0.00598737790431596,-0.001164143026773138
2009-12-22,0.007269555089229799,0.0020733599358484147
2009-12-23,0.009176380756053886,0.00048284094624742027
2009-12-24,0.005206085511199266,0.00015808294907229477
2009-12-28,-0.00411924701708456,0.0012773928360606248
2009-12-29,0.003036878689747404,-0.001932745752765406
2009-12-30,-0.009138444797367227,0.0003073363487948465
2009-12-31,0.014538609124760685,-0.002071373532221774
2010-01-04,0.0,-0.0025149205892118828
2010-01-05,-0.006050148100683406,-0.000504742792489911
2010-01-06,0.0006499837732899861,0.0053739119749751044
2010-01-07,0.00819676720417849,0.004208542513111782
2010-01-08,-0.004089985251525055,0.0012611579050893337
2010-01-11,-0.0125897039471303,0.005127809713313005
2010-01-12,0.012373977487443526,6.99581689306437e-05
2010-01-13,0.00086262675178821,0.005375796237088828
2010-01-14,-0.01170872006117845,0.004324840429622245
2010-01-15,0.016010727126231507,0.0030641799996129356
2010-01-19,-0.014485173817394404,-0.0038351656585177913
2010-01-20,-0.009408230429398309,0.001562482742110324
2010-01-21,-0.029673119613072976,-0.002405604027512898
2010-01-22,0.0033909832425582822,-0.0013481031697084528
2010-01-25,0.0009023235441904031,0.004050855296740528
2010-01-26,0.007860792863934641,-0.0025725004710858896
2010-01-27,-0.02606379832101152,-0.000667179553870726
2010-01-28,-0.017605272869786283,-0.008347687030814854
2010-01-29,0.010923990096187197,-0.011785994205868674
2010-02-01,0.0089748617606985,-0.005354435564197977
2010-02-02,0.005483221414531401,-0.0027002548152035076
2010-02-03,-0.02936287702967168,-0.0020319416574918247
2010-02-04,0.008411264543893229,-0.0005348451704151124
2010-02-05,-0.007238794014455661,-0.000850628302565026
2010-02-08,0.01025889155913459,-0.0032339952114212775
2010-02-09,-0.0020898649194591307,-0.0017848222921479028
2010-02-10,0.014996243657885464,-0.00024350691713147712
2010-02-11,0.0020587906162561,-0.0039427817651805554
2010-02-12,0.012715884325302714,0.0016376545635456378
2010-02-16,0.005624944519436162,0.0032720563990373537
2010-02-17,0.00626260154634067,3.0645713187935075e-05
2010-02-18,-0.00044603033745704905,0.00012702795639517482
2010-02-19,-0.002009602105364538,0.0021170786185939973
2010-02-22,-0.013048554093143854,0.0025528161018538876
2010-02-23,0.010138647171333613,0.0030766562042215295
2010-02-24,-0.00022419011415494605,-0.0007966581941069172
2010-02-25,0.003581024417706021,0.002538377783547645
2010-02-26,0.014417461666135303,0.00034659815970638103
2010-03-01,0.003078278596107489,-0.002125415442967152
2010-03-02,0.001097092814373149,-0.00025174637661587836
2010-03-03,0.0032840752011897975,0.0013017514400116492
2010-03-04,0.014969365108160286,0.000607434485708228
2010-03-05,0.0019361090268664007,-0.0023253999430214024
2010-03-08,0.005572239021567701,-0.0006028876348981103
2010-03-09,0.008088592418045508,0.002410922731389808
2010-03-10,0.00380872233591693,0.0036330219274710897
2010-03-11,0.00021117094366301746,0.001137165368452755
2010-03-12,-0.0025369992465886742,0.0013948859290991906
2010-03-15,0.006330470602886335,0.0006527434185626222
2010-03-16,0.0027308072846865057,-0.003386677743142142
2010-03-17,0.0033507884754711828,-0.0035823394587261212
2010-03-18,-0.0071338951311749645,-0.003687672713755621
2010-03-19,0.009013791246163328,0.003910277854896903
2010-03-22,0.006914686107031969,-0.0001021226060982337
2010-03-23,-0.004830049121118694,-0.0028239243422268066
2010-03-24,-0.0014587894636599842,-0.003484816721803404
2010-03-25,0.00104220957844359,0.0005051906439415008
2010-03-26,0.00478022317298944,-0.0001729531303557248
2010-03-29,0.0033119467243468204,-0.0020997915363052478
2010-03-30,-0.0047643798046616975,-0.003442018550050719
2010-03-31,0.0,0.0015435054335206126
2010-04-01,0.00930047005679862,0.0020849230414135087
2010-04-05,0.0028759263864919947,0.0020862820922571603
2010-04-06,-0.0024645730281616994,-0.0007524928845407098
2010-04-07,0.002259423781365772,-0.001506983047988295
2010-04-08,0.0059323074660816814,-0.001142945299364025
2010-04-09,0.000815494438670153,0.0019741821730948936
2010-04-12,0.005081828194331544,-0.0032548827444312967
2010-04-13,0.011891705185374192,-0.002638714227808744
2010-04-14,0.00439824779389425,-0.005275417130844719
2010-04-15,-0.012041084675265748,-0.005615075450199518
2010-04-16,-0.0006058770255017225,-0.0034821703910944855
2010-04-19,0.005037794029957081,0.00034273790069234365
2010-04-20,0.005612361895512001,-0.0011059575621673943
2010-04-21,0.005581039003113418,-0.00253185255632273
2010-04-22,0.004165432979063176,0.000539611914534375
2010-04-23,-0.0021797293877510223,-0.004992138035920915
2010-04-26,-0.021454456993328683,-0.0024713428595861523
2010-04-27,0.0006078411695608068,0.0012130144916002437
2010-04-28,0.01726950549118177,0.0029240927111732476
2010-04-29,-0.01995692946492903,-0.001028729762252034
2010-04-30,0.013966496215493666,0.0011591251868310294
2010-05-03,-0.030502568097380122,-0.0009106011817518259
2010-05-04,-0.005175459228412417,-0.007431212197403284
2010-05-05,-0.03398744019243945,-0.0007543228295875187
2010-05-06,-0.02522421188442615,-0.02079203796625823
2010-05-07,0.05066548229201077,-0.0047051574921169355
2010-05-10,-0.0010472301721552472,0.005252788982767864
2010-05-11,0.018684371658261846,-0.006258405189321375
2010-05-12,-0.015963850989013977,-0.014003232115101906
2010-05-13,-0.019413988092637068,-0.0023474304627938065
2010-05-14,0.003191152585749565,-0.0015038281482454624
2010-05-17,-0.013902480360245622,0.007613953635830593
2010-05-18,-0.008000907639291158,-0.004375373372297903
2010-05-19,-0.037832185636950684,-0.0003268973529550689
2010-05-20,0.010987889448370694,0.001224283350281331
2010-05-21,-0.004022351791947462,-0.016700574744530045
2010-05-24,0.0008952552075114304,0.0019897760150893954
2010-05-25,-0.011248712535870653,-0.00493821088309817
2010-05-26,0.037086519525428054,0.004394448075692117
2010-05-27,-0.0059035920887401,0.00845330746591935
2010-05-28,-0.00925320548048327,-0.002117558811890646
2010-06-01,0.023406952918577043,-0.00031426850128394175
2010-06-02,0.009468545024411315,-0.008567855649504047
2010-06-03,-0.03481407342062831,-0.008790482490623745
2010-06-04,-0.01840868881816753,-0.013636434671488035
2010-06-07,-0.0018087276014011706,-0.0037216675877304608
2010-06-08,-0.008408184975328054,-0.0032698290851701927
2010-06-09,0.028126502535236363,-0.005359844852183455
2010-06-10,0.009495489254347816,-5.42227399988459e-05
2010-06-11,-0.0002198043749919901,-0.01144570835954317
2010-06-14,0.026465752932103803,-0.011784985623581875
2010-06-15,0.004059400938217089,0.01037268885353816
2010-06-16,0.0031931905791549855,-0.014619347531662717
2010-06-17,-0.0010632643213300003,-0.008833089020408361
2010-06-18,-0.008547060578458408,-0.005351495291140993
2010-06-21,-0.007755316767478161,-0.002656383651015756
2010-06-22,-0.004117461662806255,0.0059762475010649
2010-06-23,-0.015317586140170137,-0.0004209502481582056
2010-06-24,-0.0017656151132783473,0.004314076393577621
2010-06-25,-0.0035406100275627433,0.0038615631422788716
2010-06-28,-0.03933599357302979,0.004166764485754779
2010-06-29,-0.01533487299389966,0.011303517364767802
2010-06-30,-0.0028136009182529904,0.01561200876651356
2010-07-01,-0.0028215396099424204,-0.009858145132607209
2010-07-02,0.003056308950144952,0.006836488570308342
2010-07-06,0.03142587626009576,0.013499447464201344
2010-07-07,0.005444659548231764,0.008120183351386845
2010-07-08,0.009457399920733979,-0.008447920825255115
2010-07-09,0.0029092557164780088,-0.008450083055477647
2010-07-12,0.012877620231893436,0.0016761173909715758
2010-07-13,0.005061073626223494,-0.010971274856446615
2010-07-14,0.0008775779413589422,-0.0007112012115098483
2010-07-15,-0.028020512332174907,-0.003698473473870872
2010-07-16,0.008533624658678221,-0.00031559046586500974
2010-07-19,0.012002811358547482,-0.00019982490998066865
2010-07-20,-0.01379332213233576,0.0014805479221189992
2010-07-21,0.024998536592495214,-0.0009645408505822906
2010-07-22,0.006316039726988472,0.004508170693934484
2010-07-23,0.00821626243715152,-0.000487715035982835
2010-07-26,-0.0004307559833996323,0.0026841908879932947
2010-07-27,-0.008002638144975248,0.0019821459264671736
2010-07-28,-0.007410670357662767,0.0005623055966053553
2010-07-29,0.00218531555499777,-0.0011577729882604646
2010-07-30,0.01859915206307355,0.0008196940094489127
2010-08-02,-0.004294616864837333,0.0008236744722240705
2010-08-03,0.010020638834111788,0.0016004745651070668
2010-08-04,-0.0023035587355482827,-0.003396122473891726
2010-08-05,-0.0014958865915826911,0.00022024168879344874
2010-08-06,0.006820145788208327,0.0017948226618251242
2010-08-09,-0.008693156262730314,0.0025306207249785355
2010-08-10,-0.027643021082043306,0.0005192915032739558
2010-08-11,-0.00796112121586733,-0.0031083676126659977
2010-08-12,-0.007130154984591191,-0.000737578869270024
2010-08-13,0.0017873105740956587,0.008044982577360981
2010-08-16,0.012687035275856602,0.001063121792992855
2010-08-17,0.003915449009171195,0.0016695747917671296
2010-08-18,-0.015264094613904985,0.003983508660527318
2010-08-19,0.00133660077818013,-0.0002747098564085468
2010-08-20,-0.009843479927915559,0.0003558910292346586
2010-08-23,-0.018836367656715692,0.0038089465268290215
2010-08-24,0.009575996568284383,0.004092991419350635
2010-08-25,-0.01209922304749428,-0.0015943004923731892
2010-08-26,0.01209922304749433,-0.002480276764152769
2010-08-27,-0.010492796999220516,-0.00575985135987893
2010-08-30,-0.0034455070263914437,0.004152603288417953
2010-08-31,0.029473908615440733,0.00446044027695449
2010-09-01,0.011108756761666803,-0.006311874636463538
2010-09-02,0.016435123961985886,0.0010712528901994267
2010-09-03,-0.006760466267218144,0.0029294828060782148
2010-09-07,0.011963166058275224,0.0015983977100782999
2010-09-08,0.003884338073396233,0.0020596386914446003
2010-09-09,0.0036547390997699685,0.0014630067141545402
2010-09-10,0.013852112808151464,-0.0014461291498401507
2010-09-13,0.004223871116185243,-0.00514637331061669
2010-09-14,0.006302541870802305,-0.0035652746919344826
2010-09-15,0.00397116207949899,-0.009420628333549353
2010-09-16,0.0011466098092620127,0.00029862305330096404
2010-09-17,0.017245991334611983,0.000213368634038583
2010-09-20,-0.0002027651852981281,0.00010904282916018935
2010-09-21,-0.0026663947702045346,-0.002405061694718043
2010-09-22,-0.00041084634924655683,-0.003041589922173202
2010-09-23,0.020136956234657548,-0.0008466721449243335
2010-09-24,-0.005451805527487055,-0.006465061884768256
2010-09-27,-0.0004050222817619628,-0.002504233505638619
2010-09-28,-0.001621731553485098,-0.0005363733043704693
2010-09-29,-0.004473370615474368,-0.0009313186837674283
2010-09-30,-0.0012234911803559686,0.005271017192201851
2010-10-01,-0.010873017160397179,0.0038730104046222854
2010-10-04,0.024048438318961595,-0.0023869520794074974
2010-10-05,-0.00869658630991135,0.0008380069151427032
2010-10-06,0.003649639087549331,0.0027324116023546828
2010-10-07,0.006857630746943178,0.001422280050375663
2010-10-08,0.00040192926586109245,-0.0013500252639983925
2010-10-11,0.006808196101170425,-0.0011826703431629957
2010-10-12,0.008148708510657077,-0.0039007502864251598
2010-10-13,-0.0019813757225166373,-0.002590091076356336
2010-10-14,0.020999692298276126,-0.0025460634850767365
2010-10-15,-0.003696861881326203,0.0009047225045908777
2010-10-18,-0.009400774284705779,-0.0023538525817335828
2010-10-19,0.007254222577473827,0.0029767398376967665
2010-10-20,0.00195160093168514,-0.0010517369052109463
2010-10-21,0.006800764577264794,-0.0008163321742275904
2010-10-22,0.004829527401206434,-0.0012647949186355666
2010-10-25,0.0026943819225639615,-0.0036626997689722016
2010-10-26,0.0030704303531096967,-0.0027242249181783176
2010-10-27,0.0021054654155554303,-0.004161510879176062
2010-10-28,-0.0022970913622948454,-0.0027377756868620516
2010-10-29,0.0007662835624003871,-0.001360206753777485
2010-11-01,0.010666767804195228,-0.0032484123888929972
2010-11-02,0.004536869785701584,-0.0038672480546197703
2010-11-03,0.012184985327858078,-0.004789726912940759
2010-11-04,0.0,-0.006081524119818097
2010-11-05,0.0012568956336623121,-0.006117898138767599
2010-11-08,-0.005364444351345587,-0.004190345962932056
2010-11-09,0.004945654647451515,-0.0029088027835067936
2010-11-10,-0.006162484488240092,-0.00417033345025557
2010-11-11,-0.01652617998049776,0.0027201800533970828
2010-11-12,-0.00372049081675726,0.0020947812397360166
2010-11-15,-0.016672674552951877,-0.0008243550432280775
2010-11-16,0.002911210207458313,-0.0009434686407840929
2010-11-17,0.01595727409692435,-0.001219629357913459
2010-11-18,0.0007626311141789866,-0.0023308578250507755
2010-11-19,0.008350779217419889,0.0014692783324857534
2010-11-22,-0.016003389741232606,-0.00091707834773896
2010-11-23,0.0199645379933706,0.0017862955236487368
2010-11-24,-0.006610657750601806,-0.0004234096697774695
2010-11-26,-0.0007582938751982167,-0.0010067293113598037
2010-11-29,-0.01230755410596621,-0.00017131296185424115
2010-11-30,0.020993409317813967,0.001257767745237777
2010-12-01,0.01010109598650392,0.0021243420136069766
2010-12-02,0.00260223195171228,0.002383972627833791
2010-12-03,-0.0004641879115981031,0.0022847670218813336
2010-12-06,0.0006498027613189569,0.0011428893053945775
2010-12-07,0.003705080192545424,0.00023831572722687592
2010-12-08,0.0010164950281529748,-5.820203756671109e-05
2010-12-09,0.006628027578413331,0.0008232445537731763
2010-12-10,-0.0035847274013851562,0.002222874880266282
2010-12-13,0.0017480109331562388,0.001233522045722241
2010-12-14,-0.0043296092690265735,0.0018106210068573516
2010-12-15,0.007724886676172792,0.003103727032798809
2010-12-16,-0.0010999084518605064,-0.001445778062433861
2010-12-17,0.0007334067068747537,-0.002945093605561234
2010-12-20,0.006030169026591231,0.0011518464185217368
2010-12-21,-9.109542251809277e-05,0.0010490744023041595
2010-12-22,-0.0026088478405111907,-0.0009863689007067248
2010-12-23,0.0005113594968614301,-0.00034819000623841334
2010-12-27,-0.0018274858887221167,0.00043345960182283606
2010-12-28,0.0021925826434164098,-0.0017494806328914303
2010-12-29,-0.0023755150504024226,-0.0005426459033034338
2010-12-30,-0.0036656932543083507,-0.0006959377872459177
2010-12-31,0.015487236760973067,-0.00011472360474294434
2011-01-03,-0.0008139272436679316,-0.005346538467527974
2011-01-04,0.008558225290883428,-0.00047814635099463953
2011-01-05,0.0032240758717526847,-0.002029295811465569
2011-01-06,-0.0008945344544974391,-0.0025324580480122548
2011-01-07,0.003751679255277253,0.0008680964705051987
2011-01-10,0.0014255169912209468,0.0004126780863152118
2011-01-11,0.007008856265788718,0.0004126780863152118
2011-01-12,0.00035357553625673505,-0.0028600460429572027
2011-01-13,0.007484076314949088,-0.0016858647133396979
2011-01-14,0.0028030852271163373,-0.003296466621660129
2011-01-18,-0.01143673941991462,-0.0013712323252199423
2011-01-19,-0.007103563878871271,0.005112226917062756
2011-01-20,-0.00769303373671638,0.003525749204077029
2011-01-21,0.013734274569506925,-0.0009288585794054356
2011-01-24,0.0014604034193409765,-0.0027652615789208876
2011-01-25,0.005248661294018007,-0.0015794841914979101
2011-01-26,0.006139831585135731,-0.0017828257243762988
2011-01-27,-0.025685585312720853,-0.0010938258816250294
2011-01-28,0.004833089153704296,-0.003683501725435987
2011-01-31,0.018576385572935457,0.0021036269467183595
2011-02-01,-0.0016665939562092655,0.0007183058280461454
2011-02-02,0.0017980489440199473,0.0008945714073981788
2011-02-03,0.005549137084814097,0.0021300460232273042
2011-02-04,0.004781578334358716,0.003083772244425135
2011-02-07,0.006483705445432759,0.001522726295197084
2011-02-08,-0.001638567051967928,0.0020406477014359562
2011-02-09,0.001569628872253232,-0.0001177985565602152
2011-02-10,0.007195572901712592,-0.0005369439850193764
2011-02-11,0.002392754517088768,0.000891294656516521
2011-02-14,-0.001366587161776527,0.0010841050993219909
2011-02-15,0.006491703734240752,0.0010368100632806192
2011-02-16,-0.000356715166724954,-0.001181395552670872
2011-02-17,-0.0022110732708986586,0.0003914687816734337
2011-02-18,-0.02937322436598051,-0.002749264105871301
2011-02-22,-0.008275423580130097,0.0024080037104262514
2011-02-23,0.0052021454883687,-0.002528910336806949
2011-02-24,0.013886079638381803,-0.003258509622209197
2011-02-25,0.0020603218720702857,0.0002841412489639368
2011-02-28,-0.01621026535823836,0.0003526562846249391
2011-03-01,0.005264093573727142,-0.003312100869961125
2011-03-02,0.019497173222599532,0.0011048947406925589
2011-03-03,-0.005119061358227937,-2.2070488098161847e-05
2011-03-04,-0.013503450739773945,-0.0013882864582283724
2011-03-07,0.004013616765693084,0.0013389794932773154
2011-03-08,-0.006815229524470428,0.0012415943258689745
2011-03-09,-0.015728874234711056,0.00107648627958267
2011-03-10,0.006215060403434413,-0.004262807813950568
2011-03-11,-0.00354673186123559,-0.002379241058811659
2011-03-14,-0.014314075138125267,0.00010607379865168283
2011-03-15,-0.024444850890810305,-0.0026594822977337807
2011-03-16,0.009191241175547862,-0.007077634724814416
2011-03-17,-0.0036663652435779564,-0.004289540302405344
2011-03-18,0.019100171373419215,-0.004366216357090821
2011-03-21,-0.0018936837797525912,-0.0009084094917223909
2011-03-22,0.0056703270600879496,-4.830073271414171e-05
2011-03-23,0.017614546700982305,-0.0026040018090254893
2011-03-24,0.0024660924951934683,0.0007573840052959126
2011-03-25,-0.005468832541700539,6.0528792280761285e-06
2011-03-28,0.00968232192143617,-0.004835455973666162
2011-03-29,0.0047190509667440214,0.002128230564967278
2011-03-30,0.001393971300825476,0.0017702599722750018
2011-03-31,0.0005222386749384131,0.0015226725846690997
2011-04-01,-0.003312127145377527,-0.0018876683712795285
2011-04-04,-0.002622608374437106,0.0008424151093576358
2011-04-05,0.0024479816386400372,0.0027677505466002944
2011-04-06,-0.0006988120480047944,0.0029025708045818037
2011-04-07,-0.004729797728772991,0.0007243603903297905
2011-04-08,-0.003341837601349376,0.0016622854756508597
2011-04-11,-0.006894750198358294,0.001662316328938627
2011-04-12,0.00847911810306138,-0.001696684333149214
2011-04-13,-0.0017605638350330145,-0.00025352311132076263
2011-04-14,-0.0017636688874968153,0.0002769492871262237
2011-04-15,-0.007085946389485835,-0.0006168922705136845
2011-04-18,0.006202944124607865,0.0018844883724220337
2011-04-19,0.022276527197260833,0.0029706967205990853
2011-04-20,0.008002452033177284,0.0026458890979117926
2011-04-21,0.0025678350153590713,0.0022702705137318314
2011-04-25,0.00562613367091452,0.0011720020241567757
2011-04-26,0.006777389547596231,-0.0010121216205882095
2011-04-27,-0.0015209128407066201,-0.0005456631473021065
2011-04-28,-0.0008459521695595306,-0.0007725455596636034
2011-04-29,-0.0018636176507662375,-0.0006963273989351246
2011-05-02,-0.004759485442169691,-0.002101396042618802
2011-05-03,-0.0015346579872761732,-0.0005201833379958535
2011-05-04,-0.005475715255962907,-0.0024897872457768796
2011-05-05,0.00325482086057509,0.0009241508640040741
2011-05-06,0.003755552382664068,-8.309739400725013e-05
2011-05-09,0.008483254132390577,0.0004294823296851047
2011-05-10,-0.007376352916729218,-0.00010518361999896977
2011-05-11,0.006023859050373792,0.0004798146221750292
2011-05-12,-0.011913006784060157,0.0002632100774143775
2011-05-13,-0.017460226481242496,0.00227489582841053
2011-05-16,0.0028010004481917685,-0.0006192562216633103
2011-05-17,0.00830454599682003,-0.0013804654388281008
2011-05-18,0.002924733267657031,0.0009887362844213682
2011-05-19,-0.007674105348662262,-0.001374620458288607
2011-05-20,-0.014736282713330223,0.000734324523065323
2011-05-23,-0.006167963866587359,0.0018221682795573544
2011-05-24,0.003881444534276901,0.0023199598675623574
2011-05-25,0.006170393881291713,0.0038503256666328587
2011-05-26,0.005036167105572143,-0.0020700317401757414
2011-05-27,0.016063908778379717,0.0020332819001098366
2011-05-31,-0.022001753678417054,-0.003389471991426837
2011-06-01,0.0020997383042694736,-0.001762062298261376
2011-06-02,-0.015146467794652096,0.0017668250458169653
2011-06-03,-0.008196767204178515,0.0008900830635356383
2011-06-06,-0.0017908314241698484,0.0004093030426881453
2011-06-07,-0.007195569812424407,0.0012974558012016249
2011-06-08,0.001713641907514436,-0.00012222697798627014
2011-06-09,-0.015346498689992327,0.002545616821751676
2011-06-10,0.0,-0.002335483019580183
2011-06-13,0.012729759096245382,0.006637008192413778
2011-06-14,-0.019155926441420248,0.002004026608087566
2011-06-15,-0.003875616182651061,-0.001991705604548646
2011-06-16,-0.005376855449557456,0.006381432838031081
2011-06-17,0.005191927108762398,0.008658733711696478
2011-06-20,0.02122678051918266,0.007594511754555621
2011-06-21,-0.0072505564726812605,-0.0014064345149751543
2011-06-22,0.00924024691836506,0.0059591272044290594
2011-06-23,-0.017499535154455185,-0.0024239096242584823
2011-06-24,0.015781399360813644,0.0006755610814311601
2011-06-27,0.014823071570442803,-0.0076234603390299685
2011-06-28,0.004093625010063423,-0.0025589319991092415
2011-06-29,0.013233541162439905,-0.0008941072417528639
2011-06-30,0.014962004929613762,-0.004571643506556921
2011-07-01,0.004995273499693773,-0.006850024945860231
2011-07-05,0.0032592875580540895,-0.0010883279010833627
2011-07-06,0.01360796640718747,0.0034865013555335465
2011-07-07,-0.0027068194500356408,-0.002631139378062707
2011-07-08,-0.018292671800116383,0.0034804739722384234
2011-07-11,-0.007620404039690383,-0.011966145254631915
2011-07-12,0.004163781171779514,-0.0012001863887341477
2011-07-13,-0.011667524608402877,-0.0005815663172967327
2011-07-14,0.013224483663517786,-0.0031698736324541443
2011-07-15,-0.0053730955162838165,-0.00142265951046204
2011-07-18,0.022511475582883897,0.00013748630295733148
2011-07-19,-0.004257137123318834,0.003594230585648232
2011-07-20,0.006633241432016972,0.0011680136647979236
2011-07-21,0.01028763605632026,-0.0002975632317725146
2011-07-22,-0.002015452479349827,0.0028879837414939754
2011-07-25,0.0024348276165510312,0.0008182070077252513
2011-07-26,-0.02608141720406412,0.00266349558112311
2011-07-27,0.0017199866641373456,0.0035490378498178638
2011-07-28,-0.0032705081221592117,-0.003040324821781118
2011-07-29,-0.004666041473577231,0.001907253191543196
2011-08-01,-0.025615435627654535,0.0023856591420992968
2011-08-02,0.009550833123847918,-0.0006530803427751768
2011-08-03,-0.04758511689922802,0.0018862969969415913
2011-08-04,-0.00629631709694166,-0.004700692864262846
2011-08-05,-0.062077004269021095,0.00030999510231582625
2011-08-08,0.047103862845193925,0.028287351271317245
2011-08-09,-0.04178103115506506,0.01852193236731802
2011-08-10,0.04310016825391965,0.020623909484463143
2011-08-11,0.008812281644975887,0.013032690838819739
2011-08-12,0.014639379390074057,0.002721059848460185
2011-08-15,-0.008498111367991461,-0.021882386222909875
2011-08-16,-0.0059546137984887604,-0.014048003051168354
2011-08-17,-0.05033110444772874,-0.001562350885306911
2011-08-18,-0.01822193416862019,0.005427998792834869
2011-08-19,0.003591384546500481,0.017657574923846654
2011-08-22,0.04039967870940705,-0.0067407605493738825
2011-08-23,0.007811795465173188,0.006195429626496094
2011-08-24,-0.016456552019579178,-0.01278648548635282
2011-08-25,0.024772608261236784,-0.010104679837987001
2011-08-26,0.027475275701210413,-0.008397833500259109
2011-08-29,0.006570565708506716,-0.005146693804661963
2011-08-30,0.0016359178418922386,-0.0008569138330430316
2011-08-31,-0.009122486179254622,0.0038267568547669184
2011-09-01,-0.023739987303072942,0.00024705441058616676
2011-09-02,0.00018767007655712668,-0.019044074133390106
2011-09-06,0.025017518953843694,-0.00047374416693491924
2011-09-07,-0.004585901827665207,-0.01132913792151283
2011-09-08,-0.0224979276199956,-0.01619976531494928
2011-09-09,0.01270570156857919,-0.00807800218594092
2011-09-12,0.013279427896739636,-0.005602091200836351
2011-09-13,0.014189796029221729,-0.0030737756549625104
2011-09-14,0.014703510366683548,-0.005977412797511807
2011-09-15,0.00727146947833498,-0.014467173392760165
2011-09-16,0.00035335689413597575,-0.002548127937514164
2011-09-19,-0.004425961018089044,0.0006600390938010052
2011-09-20,-0.01754116928766367,-0.0016150375649234075
2011-09-21,-0.03304265362635322,0.0006748378640440849
2011-09-22,0.010582109330537008,-0.011818309115654459
2011-09-23,0.01156719038793246,-0.002435072153148924
2011-09-26,0.010351495319713773,-0.005512202113935378
2011-09-27,-0.014925650216675706,-0.0025034093168905297
2011-09-28,-0.01199165739580692,0.0008124449199570184
2011-09-29,-0.026136676277954855,-0.0009635573267581156
2011-09-30,-0.02605570540116784,-0.008034529765526719
2011-10-03,0.020323935792281263,0.003571462799084248
2011-10-04,0.02535133874996809,-0.028340264120203736
2011-10-05,0.01667322804081869,-0.0012120746454804413
2011-10-06,-0.0066359690521952,-0.01722275676573315
2011-10-07,0.034000184379900156,-0.009279202390600469
2011-10-10,0.006770024075973267,0.0002899601361345277
2011-10-11,0.004959273359350209,-0.00576491176184312
2011-10-12,0.00914533282219163,0.0018903015689081518
2011-10-13,0.018387335035726562,-0.009134452635590533
2011-10-14,-0.01559013041466534,-0.022234219213003177
2011-10-17,0.0123190592359591,-0.00505627691550224
2011-10-18,-0.01950262056964094,-0.003318376331844643
2011-10-19,-0.00493567016427575,-0.010321154470552346
2011-10-20,0.012468332566261347,-0.003873615969059404
2011-10-21,0.02055517573424058,-0.0025294573025207616
2011-10-24,-0.019857338999710664,0.011132623764817011
2011-10-25,-0.0012215340494578146,0.0022517698707352576
2011-10-26,0.02721490730051965,0.004785640356806858
2011-10-27,0.0015281436032628173,0.006080361929077214
2011-10-28,-0.016939407523787843,0.0011594276736001437
2011-10-31,-0.026402442801147542,0.00040569765906618276
2011-11-01,0.00846864623703834,0.004076582889392717
2011-11-02,0.020518890636213954,0.001678464000214559
2011-11-03,-0.005176888179533792,-0.00665473941599301
2011-11-04,0.00706838560531241,0.002130056650932362
2011-11-07,0.011444313136976596,-0.0046684200727832945
2011-11-08,-0.03578910785158528,-0.0009905085563679341
2011-11-09,-0.000528215524210448,-0.0003515942084109177
2011-11-10,0.01866930259486042,0.006275238274081865
2011-11-11,-0.006242434004486025,-0.014325844911510562
2011-11-14,0.011070862078059645,-0.0017258134720987415
2011-11-15,-0.016652596437379295,0.0001722830071096892
2011-11-16,-0.02371792595361091,0.004638046342258761
2011-11-17,-0.007731765569030984,0.00439783197847738
2011-11-18,-0.019318989755036382,0.000968238390214927
2011-11-21,0.003307002830130124,0.005127655381841089
2011-11-22,-0.022818910519641047,-0.0020450285639191184
2011-11-23,-0.007723500765260011,-0.0062065240568640835
2011-11-25,0.03420407777086407,0.0005811916327465523
2011-11-28,-0.0062328341099703215,0.001834930276875707
2011-11-29,0.03629539861476615,-0.008666553424600973
2011-11-30,0.006892313225734342,-0.0048333089071560835
2011-12-01,-0.0028218713610717004,-0.005404860976753201
2011-12-02,0.010890675004496642,-0.01641955897488799
2011-12-05,-0.0027991620796145775,-0.0023204262375609666
2011-12-06,0.0,-0.0010358878142085976
2011-12-07,-0.016961537374375512,0.0011016611559825395
2011-12-08,0.015909828250265757,-0.0027688882166154497
2011-12-09,-0.01128759779855946,-0.018272964757940862
2011-12-12,-0.011057719233698091,-0.0023355073869575187
2011-12-13,-0.01572558389047051,-0.005111147484167087
2011-12-14,-0.002736478949264766,0.0025522325009021984
2011-12-15,0.0021897818969240034,0.003341743891269126
2011-12-16,-0.009892002259016416,0.0030304905764741946
2011-12-19,0.029208425583055815,0.0032576462612056763
2011-12-20,-0.014406876231904342,-0.003705394966720516
2011-12-21,0.008489168654944423,0.0059951683343008825
2011-12-22,0.008596041469797817,0.004938821193840265
2011-12-23,0.002849004776074871,0.005788500118972115
2011-12-27,-0.011624918537031374,0.001390611469369416
2011-12-28,0.007169774395423729,0.004444606728382048
2011-12-29,-0.002861744038532854,-0.003983189006137863
2011-12-30,0.01898398181001608,-0.0003901393243172968
2012-01-03,0.004209055670341835,0.003144130830274649
2012-01-04,0.008191766941664739,0.001016560590405147
2012-01-05,0.0034656073500931046,0.0009263566039070385
2012-01-06,-0.0032920414380023977,0.0014991697718211708
2012-01-09,0.007262698359604699,-0.0008538151743288514
2012-01-10,0.0020654052092768578,0.0010292115562486651
2012-01-11,0.0039468090701823095,0.0010292115562486651
2012-01-12,-0.0036029892283907195,0.002648428693742149
2012-01-13,0.009068417009039023,-0.000599502287863389
2012-01-17,0.013198161123719684,-3.881284266635635e-05
2012-01-18,0.006200271224738487,0.0027539331618864
2012-01-19,-0.0015046395883899946,-0.00032601947160422343
2012-01-20,0.0003345600566501758,-0.0006862135669880491
2012-01-23,-0.001841466997307619,-0.0009545829839455169
2012-01-24,0.012488714477961793,0.0006400274148160839
2012-01-25,-0.003481147319879387,4.156396835136152e-05
2012-01-26,0.00298458188718144,-0.0018228931363127904
2012-01-27,0.0008274721200323929,-0.0018064714452620148
2012-01-30,0.0013225328427941122,-9.244744995887668e-05
2012-01-31,0.008062569384927679,0.0037483996283416204
2012-02-01,0.003108895574454741,-0.0017324670534712738
2012-02-02,0.013629936787637582,-0.004071506437045296
2012-02-03,-0.0008061266055246638,-0.0008328819666808588
2012-02-06,0.0020945790305110196,-0.0009932684362162153
2012-02-07,0.005297387779330013,-0.002542898016992524
2012-02-08,0.00717878172700577,-0.00514701620685632
2012-02-09,-0.006938656860922085,-0.005488213631171413
2012-02-10,0.009161585689912327,0.002229963877733459
2012-02-13,0.0025344540732787834,-0.003259619955241504
2012-02-14,-0.006985264154766968,-0.00430441255626848
2012-02-15,0.013607804915260464,-0.00338879118915305
2012-02-16,-0.00314812159889506,-0.00102334471630703
2012-02-17,0.002833755044907009,0.0009206539620847931
2012-02-21,-0.004569455677901466,-0.0011223136716460285
2012-02-22,0.006611073976378961,0.0026124263536288213
2012-02-23,0.003445578976563118,-0.0015047530883173096
2012-02-24,0.0014061403769897538,-0.0021495941037190415
2012-02-27,0.01009717316411164,0.0002885952616955081
2012-02-28,-0.004492300948055578,-0.0019910164902900572
2012-02-29,0.007886842087591286,-0.002581283533132962
2012-03-01,-0.0007704754214263477,-0.0011819069803714014
2012-03-02,-0.010382056529048615,-0.0005993674359239239
2012-03-05,-0.009861549747598104,-0.0004885242337767831
2012-03-06,0.0076784832326948224,-0.0029879427432858833
2012-03-07,0.010713556398635015,0.0014853372677025014
2012-03-08,0.004161214296112046,-0.0019090286857793592
2012-03-09,0.00046129008275496076,-0.000528295092091971
2012-03-12,0.018430191913235694,-0.0013027213362936441
2012-03-13,0.003465163542613707,-0.002312252400725634
2012-03-14,0.0028534974682297744,-0.004673159022679105
2012-03-15,-0.002402403557866512,-0.0017730595313599083
2012-03-16,0.007040700195449179,-0.0013221973242324705
2012-03-19,0.0017897096499717093,0.0014161052646708473
2012-03-20,0.00014899798880296252,-0.0004122565140065285
2012-03-21,-0.0020879947928921796,-0.0013651232041227252
2012-03-22,-0.0006123104455827807,-0.0011633337977339734
2012-03-23,0.01734228833275125,0.00027647354277788764
2012-03-26,0.0014671364134008253,-0.0003839997692270412
2012-03-27,-0.003995657106670314,-0.004416184369542581
2012-03-28,-0.0038048092619895244,-0.001684346627342737
2012-03-29,-0.0019226508917600967,-0.0032532163363314937
2012-03-30,0.010309369658861287,0.0032306780077581867
2012-04-02,-0.00029308323773678715,0.0002551866675022053
2012-04-03,-0.01372411417665023,-0.00484911620891749
2012-04-04,0.006221320614252424,-0.0027635797513579905
2012-04-05,-0.007559511283060166,0.001091226738224714
2012-04-09,-0.016199544295303434,-0.00045200490133042294
2012-04-10,0.0048272834726833655,-0.0003165551268151539
2012-04-11,0.011297864363857315,-0.000609140143946588
2012-04-12,-0.015218255392280165,0.0008464435278440919
2012-04-13,-0.011242901774922402,0.0008346559093696105
2012-04-16,0.020117142159599477,-0.00701936942368032
2012-04-17,-0.0025489180904203898,-0.0010012701339048758
2012-04-18,-0.01132343947686985,0.0018696144883928757
2012-04-19,-0.0027368118040453767,-0.0046034269611583915
2012-04-20,-0.00917718279333585,-0.00040130776783802325
2012-04-23,-0.005392509793418144,-0.0030526252771977546
2012-04-24,0.02622501260183543,-0.0008471667826654384
2012-04-25,0.005851918567938585,0.00280832905446478
2012-04-26,0.005966604813221696,-0.00034609623010233394
2012-04-27,-0.00716420974678035,0.00036707819346185744
2012-04-30,0.0016463372722527868,-0.0007313452899490264
2012-05-01,0.0028373049721951648,-0.0001984056128972713
2012-05-02,-0.010643980259866136,-0.000486777228362225
2012-05-03,-0.025182559271361468,0.001763397462665535
2012-05-04,0.0009269273025795029,-0.008121784855302646
2012-05-07,-0.003712875552426436,3.070938049901124e-05
2012-05-08,-0.003089081243473013,-0.0037964363510473373
2012-05-09,-0.002038736689848317,-0.0014382113128359035
2012-05-10,-0.00015579964197583,0.0022397422162192225
2012-05-11,-0.00939268019905426,0.004702376017572382
2012-05-14,-0.003308392147231045,-0.0004494300150061718
2012-05-15,-0.006808671699164828,-0.0019081807986855623
2012-05-16,-0.02135769660978142,0.005271943305927053
2012-05-17,-0.013069945894460878,0.010076725780862517
2012-05-18,0.02757229481170264,-0.00566006418446444
2012-05-21,-0.0011204482964897178,0.0008484107661474675
2012-05-22,0.0019200005898244268,-0.003153613643656529
2012-05-23,-0.0065752782803356,0.0024423483595764762
2012-05-24,-0.001288037531158745,0.005745565730452922
2012-05-25,0.01264725094386025,0.0028385272418586676
2012-05-29,-0.008467180548662342,0.002594174271865105
2012-05-30,-0.004341191800524974,0.003276672874011817
2012-05-31,-0.026963558557332522,0.0004894396577009779
2012-06-01,0.007602342042931432,-0.003243389391228111
2012-06-04,0.004098702352431932,0.00218265608265917
2012-06-05,0.022647360695011002,0.0071692976737318965
2012-06-06,-0.004006736668915201,0.0004606933478981218
2012-06-07,0.009589333510609007,-0.005330213729873942
2012-06-08,-0.017084835055183257,0.0010101925774051918
2012-06-11,0.012141828897269183,-3.798843527437873e-05
2012-06-12,-0.006897132161453171,-0.002718067368724336
2012-06-13,0.003695080113973152,-0.0014300167982719734
2012-06-14,0.010051939444261804,-0.0036603274266105053
2012-06-15,0.009322971848818869,-0.00018457376471781823
2012-06-18,0.010311547409532797,-0.005274462727571721
2012-06-19,0.0007935952614058681,-0.0034833623638898174
2012-06-20,-0.025202152867718368,-0.007435307551048482
2012-06-21,0.01047296148127098,0.005348067697007352
2012-06-22,-0.019445942691545613,-0.0050456526733208135
2012-06-25,0.0062575414776732926,0.004547837200997552
2012-06-26,0.006059658153118817,0.0032394175382998115
2012-06-27,-0.011191163961260993,0.002230011448497486
2012-06-28,0.03102496381312525,0.00011846198094283316
2012-06-29,0.0029569704838765614,0.0053381332174152335
2012-07-02,0.008356594590941492,-0.0006434378964653073
2012-07-03,0.0006162378873184659,0.0016377721238130414
2012-07-05,-0.012553438779043241,-0.002886782629012132
2012-07-06,-0.0018732443816804475,-0.00510563475438953
2012-07-09,-0.009892520024246296,0.0002725738507319908
2012-07-10,-0.005538427006296968,-0.0021034738289406195
2012-07-11,-0.009406207255475854,-0.00014321129305133943
2012-07-12,0.015102425189122083,-0.003491093859597855
2012-07-13,-0.0028440531099629147,-0.0029124566651704234
2012-07-16,0.0052079341256300584,0.0037750455241804958
2012-07-17,0.013446106271650339,0.002307716570089657
2012-07-18,0.010966207664431404,0.0005348288566241267
2012-07-19,-0.013376315730950442,0.0025434332201101036
2012-07-20,-0.012138447328523472,-0.0017885836389939052
2012-07-23,-0.007910182045901772,0.0005332496556293866
2012-07-24,-0.0066932520794525975,-0.0007513849175771969
2012-07-25,0.013184211305730345,-0.004030804518213191
2012-07-26,0.02339470388953857,-0.004586852089148672
2012-07-27,-0.0007710695115629186,0.0024326902526081236
2012-07-30,-0.0003085943551722967,0.0019275206096313782
2012-07-31,-0.002936405788154917,0.002763870443704804
2012-08-01,-0.0035661716994120135,-0.0023236172001772767
2012-08-02,0.01877267007938125,0.0002928073531821311
2012-08-03,0.007593050907597196,0.0016101546920178065
2012-08-06,0.008286299767077154,-0.0013045440975678927
2012-08-07,-0.00045021385918414503,0.00022171652645087064
2012-08-08,0.0029976041630766894,-0.0029707942596587447
2012-08-09,0.0005984440633420732,0.0010547407838221695
2012-08-10,0.0023902013172118044,0.0031430734219842667
2012-08-13,0.0004475274185231616,0.001530248729815065
2012-08-14,0.0025322125692720525,0.001621854283062065
2012-08-15,0.01183095728208983,-0.00028561127962086597
2012-08-16,0.0044007699012649955,-0.0010529096197993912
2012-08-17,0.0014626300691443364,0.0004368087620807293
2012-08-20,-0.003954021406916908,-0.0022911073030756355
2012-08-21,0.00410016682186477,0.002397172766157478
2012-08-22,-0.008217214248739408,0.002983774009436764
2012-08-23,0.006169232257330968,0.0023032400924755335
2012-08-24,0.0016094816555068468,-0.0011750862327464104
2012-08-27,0.0,-0.000778629351120604
2012-08-28,0.0,0.00045750593919827723
2012-08-29,-0.010138945130950962,0.00038271867703888697
2012-08-30,0.006624003023506396,-0.0013946631072883503
2012-08-31,-0.001027523026184952,0.0045355915396462845
2012-09-04,-0.0010285799158259719,-0.003903829737966936
2012-09-05,0.02195653453187708,0.0005529990797168126
2012-09-06,-0.001439263345744317,0.0029172837482173116
2012-09-07,-0.012901534318719226,-0.0023274619338569096
2012-09-10,-0.0016061914820564337,-0.0033628666719052983
2012-09-11,0.002947573306257638,0.0014268275101736814
2012-09-12,0.01343079121541804,-0.0005175287479840284
2012-09-13,0.008873680668986882,-0.0006725677004055983
2012-09-14,0.0004273808740881764,-0.002938850636702701
2012-09-17,0.0008542141749489659,-0.0032679863365124365
2012-09-18,0.0018482979598905538,-0.001543833351250108
2012-09-19,-0.000994812844069922,-0.002624753945324499
2012-09-20,-0.0025626437714568904,0.0004975955240107913
2012-09-21,-0.005933462737812236,-0.002763777569575432
2012-09-24,-0.014080163296009125,-0.002588245510014281
2012-09-25,-0.008177615665232124,4.274945008876095e-05
2012-09-26,0.013688869644061961,-0.0009642399166356638
2012-09-27,-0.008278313197205477,-0.005551703426999534
2012-09-28,-0.0014594281633014624,0.0041243825045800585
2012-10-01,0.0029167294996134733,0.002760033818985669
2012-10-02,0.006387015470717962,0.003031347347107453
2012-10-03,0.0034667086575374513,-0.0013893840933222037
2012-10-04,-0.0053495392521456025,-0.0014553182935378812
2012-10-05,-0.009175044338736445,-0.00022030819320126508
2012-10-08,-0.016087751070705668,0.0018260610888520645
2012-10-09,-0.005055935980629534,-0.002062318729184795
2012-10-10,-0.0031430093971992513,-0.0029823046926440644
2012-10-11,-0.00044980883883059716,-0.004025106760224103
2012-10-12,0.0073216613961798,0.00035458173985336133
2012-10-15,0.014044136515714456,-0.0010102616702575662
2012-10-16,-0.0005873715293688793,-0.0027874421797849016
2012-10-17,-0.011671847064891976,-0.001691484058648192
2012-10-18,-0.02421717205605387,-0.0015750196296198781
2012-10-19,0.00516326128087408,-0.003970845673415092
2012-10-22,-0.009588384851862329,0.0023176027210087212
2012-10-23,-0.003462172369261696,-0.003786727518765613
2012-10-24,-6.138547007855717e-05,0.0034834868965474414
2012-10-25,0.002911656336386594,0.004010069602083907
2012-10-26,-0.006139696953622303,0.0037501641570764676
2012-10-31,0.014109384678911142,0.006947772765342047
2012-11-01,-0.010727887451230612,-0.00011094377110946015
2012-11-02,0.006576455605754281,-0.00018697863839495633
2012-11-05,0.0018275972190240858,0.0010488216844106754
2012-11-06,-0.023867481406643316,0.0020216285118413663
2012-11-07,-0.01586462237498266,0.0010505260499746305
2012-11-08,0.004265746258364571,0.005713449109968477
2012-11-09,-0.00015766653560452302,0.006324256627167442
2012-11-12,-0.006962053437322778,0.006186065942538486
2012-11-13,-0.011819335802742307,0.0035199136385497187
2012-11-14,-0.0033813530095758034,-0.0048097529858662
2012-11-15,0.004344898932846995,0.0008424212286761392
2012-11-16,0.023487643081978753,0.004543677680238104
2012-11-19,0.00030412147535793777,-0.011299765137450239
2012-11-20,0.002035544427891204,-0.0013692004962790277
2012-11-21,0.015058888931409012,0.00276075508112766
2012-11-23,0.004320391711169277,-0.006758353575786905
2012-11-26,-0.003396319567791294,0.0010629608171990098
2012-11-27,0.008583743691391435,-0.004045085834317877
2012-11-28,0.0059347355198145265,-0.004871152584941614
2012-11-29,-0.0016703367333569885,-0.007426514720552698
2012-11-30,-0.0019776381283901977,-0.007092587292293384
2012-12-03,-0.0006092917172500278,-0.006352100475708902
2012-12-04,-0.011135979365540968,-0.006882003550228836
2012-12-05,0.006401338982173903,-0.0019178475296940578
2012-12-06,-0.005988501581868806,0.0007913831214469395
2012-12-07,0.002921955173889432,0.0014963723262412139
2012-12-10,0.012968371540494595,0.001630640386606006
2012-12-11,-0.0021244317549941683,-0.0003201242402236118
2012-12-12,-0.00791365495709542,0.00029124341121089693
2012-12-13,-0.009555376466795823,0.00042593572426984273
2012-12-14,0.013206580153814712,0.0007840429146629533
2012-12-17,0.015098260117441418,0.0004571709156620239
2012-12-18,-0.004317527453083889,-0.0002595375536131452
2012-12-19,-7.546002316450284e-06,0.00012095117936472843
2012-12-20,-0.016126927939142572,-0.0005436660815366377
2012-12-21,-0.0019958554257147225,-7.43748128082245e-06
2012-12-24,-0.008798389705165752,0.0021023452197580592
2012-12-26,-0.001551590691418833,0.007819506773759206
2012-12-27,-0.009673971528396394,-0.001713399913179111
2012-12-28,0.020947146365976763,0.0015719374225051323
2012-12-31,0.031286439581215485,-0.0005770141749249448
2013-01-02,-0.0051905308619835345,0.002095118558013549
2013-01-03,-0.0033277900926745796,-0.0010789225489127277
2013-01-04,0.0003061215326381244,-0.00023496641394648768
2013-01-07,-0.001958393782357067,-0.0006156777448649128
2013-01-08,0.003751223545050593,-0.0008584570694529709
2013-01-09,0.005972841408995771,0.0018936796515734262
2013-01-10,0.001338987033350384,0.00043847632392792266
2013-01-11,-0.004470280130903856,0.0004342772899756227
2013-01-14,-0.004940499606774036,-0.002697907199484766
2013-01-15,0.004044040559737166,-0.0006920642010511999
2013-01-16,0.004771855162776733,0.002908618898382029
2013-01-17,-0.0022339721853138626,-0.0018482226713694818
2013-01-18,0.0016387340725009787,-0.0004807293307228846
2013-01-22,0.006084458928115925,-0.0004807293307228846
2013-01-23,-0.013854970232669234,0.0011511111861052887
2013-01-24,0.005087546511372423,0.0005932508173985282
2013-01-25,0.0022363035782805166,0.0006792228080329144
2013-01-28,0.0001489092400933599,0.0016439645245915444
2013-01-29,-0.002086749900175699,-0.001138486606161476
2013-01-30,-0.002240646243277024,-0.0012748998969588437
2013-01-31,0.011744727286675031,0.00257375632006395
2013-02-01,-0.017594012805369503,-0.0022371229600183116
2013-02-04,0.014633679086311276,0.00239063386666139
2013-02-05,-0.0032665210930893454,-0.0017096710318875556
2013-02-06,0.0008919281102671979,0.0009586948750147078
2013-02-07,0.010200398887686112,0.0009414589112911004
2013-02-08,0.0002941176491790974,-0.0005412287265137622
2013-02-11,-0.00412553996073502,-0.0030243805597994448
2013-02-12,0.003537218131734592,-0.0029500779020981715
2013-02-13,-0.0002942907613940842,-0.0017286260662186363
2013-02-14,-0.002947680837342489,-0.0021918391943702253
2013-02-15,0.007206443423613388,0.0010826217822311969
2013-02-19,-0.01550647625136502,0.0003235352385555796
2013-02-20,-0.010773708878568142,0.002967630881747424
2013-02-21,0.010014379136658738,-0.0007206015615143123
2013-02-22,-0.012424381809372819,0.0031374256142177857
2013-02-25,0.003763081132176867,0.0005096171528429178
2013-02-26,0.010149639816930518,0.001608798347427556
2013-02-27,-0.00206939235224761,0.0003843515245506018
2013-02-28,0.004164194000770713,8.753593544884536e-05
2013-03-01,0.004442477319561215,0.0013155306840948828
2013-03-04,0.014667320731306882,0.002465856651637729
2013-03-05,-0.00247831601446709,-0.00012873903267748203
2013-03-06,0.002623908210982479,0.00041216537627434185
2013-03-07,0.0011639751059545863,0.0008409781578460543
2013-03-08,0.0029040241114550816,0.00041216537627434185
2013-03-11,-0.0036313497671999827,0.0005929353961077534
2013-03-12,-0.0013105207554567242,-4.2411091535272754e-05
2013-03-13,0.003345700989834362,-0.0004985592441829901
2013-03-14,-0.005095737895569876,-0.0024225103545766225
2013-03-15,-0.002191861767417646,-0.001125405734202897
2013-03-18,-0.0019035074200578473,-0.00016004968401595114
2013-03-19,0.006995844187460999,0.0009846515496626665
2013-03-20,-0.011402431811582613,-0.00032634499847240746
2013-03-21,0.009668988308019396,0.0010736717549129895
2013-03-22,-0.0036515048240841866,0.0005456636170132975
2013-03-25,0.0053995023558386585,0.003388766967244076
2013-03-26,0.0013235306744041274,0.003842056702571255
2013-03-27,0.0024533477258112534,0.000815966285343589
2013-03-28,-0.006837882175020288,0.0007385715231206974
2013-04-01,0.007852301506992886,0.0021192745432990906
2013-04-02,-0.009167034002266003,-0.0010410269690115962
2013-04-03,0.0002923121914997924,0.0012571112674506888
2013-04-04,-0.008349829495266536,0.001529812818579301
2013-04-05,0.0052762815213598345,-0.0031346118398939073
2013-04-08,0.006720259038775167,0.0032670685719445665
2013-04-09,0.01925146877846546,0.001500738440028886
2013-04-10,-0.0003571301062922269,0.002046786850007485
2013-04-11,-0.0007146430662184827,-0.00019463275374180652
2013-04-12,-0.01992845734570535,-0.00027332301267188444
2013-04-15,0.013185730415265055,0.0018978335202884038
2013-04-16,-0.019697551486765406,-0.0014470117054940035
2013-04-17,-0.013985621648702647,-0.0009159210393190899
2013-04-18,0.013618527925554047,-0.0009092988553110835
2013-04-19,0.010228026043047508,-0.004447322187765248
2013-04-22,0.00954868366242995,-0.0020164697864180864
2013-04-23,-0.00043205876671256743,0.00016757820700885693
2013-04-24,0.005315722595420218,0.0018879074445015268
2013-04-25,-0.0031572930935104397,0.0032625188294600842
2013-04-26,0.009157311093607491,0.0013453881607603678
2013-04-29,0.007237667300230603,0.0005665497085248187
2013-04-30,-0.004677210709347743,0.00041415581582481746
2013-05-01,0.012564575542513598,0.0006594134677864774
2013-05-02,0.011715615172562763,0.0005095680810801619
2013-05-03,0.003874901056554157,0.0022017251245691765
2013-05-06,-0.0005526388645764178,-0.0011463288257016892
2013-05-07,0.004825266134870917,-0.002189168707127896
2013-05-08,-0.0014244771584959097,0.0002207276858261553
2013-05-09,0.006089688693238961,-0.0016256768668971302
2013-05-10,0.0012312745245266984,0.0015854758088008488
2013-05-13,0.005182065326196412,-0.00010041415469876175
2013-05-14,0.002038182647290788,0.0004271148414590144
2013-05-15,-0.0010865137562145674,-0.0005731474048719668
2013-05-16,0.009601804785205816,0.00018465964499313485
2013-05-17,-0.0014815815222789662,0.00024194226602704857
2013-05-20,0.001077731479770605,0.0008687637100314796
2013-05-21,-0.008803957088000396,0.0007939776810197139
2013-05-22,-0.002298241973318361,-0.004707046076670639
2013-05-23,-0.0005447364971964491,0.0016047043010458605
2013-05-24,0.006517334677866347,0.0009105924703535056
2013-05-28,-0.004748024927430208,0.0010767925101881
2013-05-29,0.005289223695882835,0.004921455888544749
2013-05-30,-0.00924045167183204,0.0005800794206926131
2013-05-31,0.0017731710299592565,0.005868478315108608
2013-06-03,-0.005191977778744813,0.003255648859763519
2013-06-04,-0.013099118702860065,0.0014482093605575753
2013-06-05,0.004845976946139665,0.0001970298765971146
2013-06-06,0.013581387165300631,-0.005437031440829105
2013-06-07,0.00040869151171681143,0.0014627263319928051
2013-06-10,-0.009992554572144248,0.0014904531390834076
2013-06-11,-0.011623210971510164,-0.002110565892411774
2013-06-12,0.012585741124887617,-0.0010792121853777142
2013-06-13,-0.006618887925893866,-0.0027400120146088146
2013-06-14,0.00963796528427388,-0.000793190688215371
2013-06-17,0.008187818668326578,0.0008727788248909447
2013-06-18,-0.011206896026706758,0.00018277804656895407
2013-06-19,-0.024134425909669886,-0.0022459555657294646
2013-06-20,-0.008412618982932638,-0.0015616089378880681
2013-06-21,-0.00998866752439965,-0.003120788523464405
2013-06-24,0.0072873080939416905,0.005771480575873197
2013-06-25,0.008929263495303631,0.005474131210293497
2013-06-26,0.004224168489015099,0.004992950563912745
2013-06-27,0.001404100202599561,0.0014458416072614343
2013-06-28,0.006154726380704121,0.000355287119944949
2013-07-01,0.00041826420965301045,0.0013119834138995716
2013-07-02,0.004048109805027844,0.0014195733902231823
2013-07-03,0.007592819875759934,0.002994671772423887
2013-07-05,0.0009639882313677377,0.0006546639725531619
2013-07-08,0.0060381684760083985,0.0022181942877539506
2013-07-09,0.0057298928936959995,0.002344870866152662
2013-07-10,0.019666582128974458,0.0002781153355264797
2013-07-11,0.004392101290877142,0.006202478634760763
2013-07-12,0.0022550914909291887,0.0003962474729290838
2013-07-15,-0.0013259084413984516,-0.00044170311302897685
2013-07-16,0.0025177247779303324,-0.0004476104668558679
2013-07-17,-0.0025177247779302452,-0.0008504993005918966
2013-07-18,-0.01040286788830663,-0.0018529885273071598
2013-07-19,0.0029451159172416016,-0.0033747410505240256
2013-07-22,-0.0073791171353795,0.0006789022961618507
2013-07-23,0.003226676636579671,0.0003868148312905062
2013-07-24,0.006288908129456783,-0.0016781129770581278
2013-07-25,0.005321284340407987,0.003564474513343104
2013-07-26,-0.0018592302832483223,0.0033554214860476734
2013-07-29,0.005302942295807823,0.0033139476267931593
2013-07-30,0.0018494060753439304,0.0010014220718002219
2013-07-31,0.010111044054274262,0.0009404770691996508
2013-08-01,0.0056022555486697516,-0.001048306686957372
2013-08-02,0.0006493928405366365,0.0003280585887476504
2013-08-05,-0.005990381242063967,-0.00022440883770601436
2013-08-06,-0.001830305125944987,0.0011244822254956688
2013-08-07,0.004960198134872566,0.00028956258146194857
2013-08-08,-0.004044626819851811,0.0013672731385188232
2013-08-09,0.002350484237028456,-0.0008546016499842554
2013-08-12,0.005592782998480751,-0.0008572860409958254
2013-08-13,-0.0037684405586931114,0.00013472412721253827
2013-08-14,-0.017069742195256393,0.0005762741820636443
2013-08-15,-0.00033113679563486333,0.0024440237238124345
2013-08-16,-0.0017900359471949968,0.004834022708692859
2013-08-19,0.004369999671118609,0.0030653774782795403
2013-08-20,-0.0034414329134118487,0.0021785076187544102
2013-08-21,0.009763898652898837,0.0030161825543125837
2013-08-22,0.006674107087693218,0.0019442183649727351
2013-08-23,0.0005215804004018522,-0.00016558623921310132
2013-08-26,-0.02067903782538207,0.001235924147436651
2013-08-27,0.0038520337197166664,-0.0018188530303388428
2013-08-28,0.007001812078545541,0.002633705917133246
2013-08-29,-0.006471659647308048,-0.0016950034490258493
2013-08-30,0.00568145810480733,0.00027111338772832706
2013-09-03,0.01061539356962064,-0.0012057444099387593
2013-09-04,0.0016932599291511496,-0.0011187838315459015
2013-09-05,0.001170579570487431,-0.0013130525754816347
2013-09-06,0.011631043500453303,-0.0009491424065597581
2013-09-09,0.004870555642223146,-0.00040564339726290515
2013-09-10,-0.0019197548610510916,0.0001555636866838845
2013-09-11,-0.0006407381522471583,0.0006231871162681813
2013-09-12,0.0006407381522470486,0.0006706872738169903
2013-09-13,-0.0026938634724617285,2.9878707400777442e-05
2013-09-16,0.006657302784766014,-0.002452587967698673
2013-09-17,0.011923023030455017,0.0011942323770465426
2013-09-18,0.0023927975650579834,0.0022661677042828915
2013-09-19,-0.006499060639225676,0.0007565989482956318
2013-09-20,-0.0019643259492436262,9.583339046732811e-05
2013-09-23,0.0,0.0005645848145448303
2013-09-24,-0.0034309710256063917,-0.00023137505718194237
2013-09-25,0.007734775137131894,-0.0032477092628093065
2013-09-26,-0.0012639031005068383,-0.0005284671126768797
2013-09-27,-0.0024058257884556305,-0.001058301497020466
2013-09-30,0.01009090298196294,0.0003696516143232012
2013-10-01,-0.00037657692028532277,0.0011207551020584214
2013-10-02,-0.011744783612059648,-0.0014228691641686548
2013-10-03,0.008601115509092191,0.003268419928388715
2013-10-04,-0.008347082737498662,-5.128791298862566e-05
2013-10-07,-0.019492794679501116,0.002444376997669748
2013-10-08,-0.0031128429804902036,-0.0018143641559720254
2013-10-09,0.020953269950065013,-0.009899976538837455
2013-10-10,0.007603635670523169,0.002010246216257147
2013-10-11,0.006794188188765705,-9.458109375349693e-05
2013-10-14,-0.0035171497128659735,6.444565486526475e-05
2013-10-15,0.011385797068967066,0.0015414239233022481
2013-10-16,0.0059538751915697765,-0.0009529621778035717
2013-10-17,0.015705844315787823,0.000156914523811408
2013-10-18,0.002188982997381569,-0.00016062412078622239
2013-10-21,0.0016992357529598428,0.000804592458169157
2013-10-22,-0.006204022088915184,-0.0017468789958253025
2013-10-23,0.00486915143381055,-0.00020372150358157425
2013-10-24,0.0066566055176000664,0.0015239630160773677
2013-10-25,-0.0006033182686775115,-0.0019475186212872132
2013-10-28,0.0027722551353396773,-0.0024268378214405374
2013-10-29,-0.0019277114403326479,-0.00010628041566319769
2013-10-30,-0.0021731265343134607,0.0015993666503539901
2013-10-31,0.0004833252873210188,0.0017494994319144932
2013-11-01,0.0015691958075408404,-0.0008397069270487974
2013-11-04,0.0014463061458118833,-0.0014051815590262332
2013-11-05,-0.00024090580699494835,-0.0008397069270487974
2013-11-06,-0.018971747418890086,0.00015519222805173035
2013-11-07,0.01353596668519841,0.004382789965619921
2013-11-08,-0.0012119744544987086,0.0033822568890767226
2013-11-11,0.000848536325839086,0.002848529529255088
2013-11-12,0.011924260529735572,0.0029496566780991087
2013-11-13,0.002988824031389582,-0.0019098727448865866
2013-11-14,0.002265546786714104,0.0003558833691071741
2013-11-15,-0.009814561127940737,0.0014211292220227567
2013-11-18,-0.0028908716832419822,-0.002379117941745199
2013-11-19,-0.002415460111603662,0.0041911231677755935
2013-11-20,0.010105957039383618,0.0015864773574832181
2013-11-21,0.005372185068506296,-0.0020268776234793973
2013-11-22,0.0023784052120369415,0.0009075455174589213
2013-11-25,0.005212664332441937,0.001993208795455698
2013-11-26,0.0069473343897513825,-6.451853015078745e-05
2013-11-27,0.005966674618898623,0.0014459304692159103
2013-11-29,-0.002920392239717704,0.0013021587442882635
2013-12-02,-0.0008192404928911156,0.0007517067782086873
2013-12-03,0.0009362200800863609,0.0017342745642613322
2013-12-04,-0.0012875287083263425,0.0014115638545686524
2013-12-05,0.007235414923691764,0.00013434814823078426
2013-12-06,0.004061508339179794,0.002324948791781942
2013-12-09,-0.000695088072471377,0.00158821080998965
2013-12-10,-0.012947052025148686,0.0024660083130374584
2013-12-11,-0.002586107001438886,6.576372974286463e-05
2013-12-12,-0.0012955658133934084,0.006033333554255776
2013-12-13,0.005523901922914472,0.00487620541286463
2013-12-16,-0.0019944864944523907,0.0049949719893957936
2013-12-17,0.01155947251726708,0.0026105253685409814
2013-12-18,-0.002790050635754764,-0.0020605561907944513
2013-12-19,0.006960584947623973,0.0026065053030091116
2013-12-20,0.010465278654562897,0.0016755743428017234
2013-12-23,0.00045750887221467963,-0.0028453821134118203
2013-12-24,0.0033106942734567007,0.00023621559265975218
2013-12-26,-0.002510557064396865,0.0008296760776599273
2013-12-27,-0.0014864790342181524,0.0010569019738410831
2013-12-30,0.0065013060471074335,0.0012749222144957564
2013-12-31,-0.007875404511340412,0.0015430788569974108
2014-01-02,-0.007245158482484734,-0.001316607746055632
2014-01-03,-0.003700281742856028,-0.002598962253020096
2014-01-06,0.009225157674825908,-0.0014489438120744225
2014-01-07,0.002178525198011334,-0.0007831386624627258
2014-01-08,-0.0033270265301823545,0.0041634423398635425
2014-01-09,0.0032124855530223854,0.0012248831138249989
2014-01-10,-0.014886894282168309,0.0014953867155373982
2014-01-13,0.01888804280385527,0.0027142926887715963
2014-01-14,0.008180934162669606,-0.0023103717916355578
2014-01-15,0.00011315417268079125,7.084983340645036e-05
2014-01-16,-0.005673452186184398,0.00035284525296564194
2014-01-17,0.007595116712433207,-0.0001354877920373476
2014-01-21,0.002594035177046749,0.001624000939021803
2014-01-22,-0.0033848616318645176,0.0007984706766878035
2014-01-23,-0.01986139936680458,0.0004578577607623091
2014-01-24,-0.009731309417010399,0.001844906615399587
2014-01-27,-0.0005822416467252626,-0.007728240163526716
2014-01-28,-0.010774199551566431,-0.0008804629922509792
2014-01-29,0.01831702614591568,0.002910861501132233
2014-01-30,-0.0026625008493463085,0.0007100633350078272
2014-01-31,-0.023218679079096458,-0.0012542799554038366
2014-02-03,0.0073286380018811464,0.00020391697892466909
2014-02-04,-0.002594341077764383,0.004756081299911043
2014-02-05,0.012671764068822491,0.0028742941822451776
2014-02-06,0.017681167843226445,-0.0009427810171484406
2014-02-07,0.005711037795514434,-0.0006310359507889217
2014-02-10,0.011325149357053503,0.0010959067050353847
2014-02-11,0.0019125842585517258,0.0003483648818898163
2014-02-12,0.0073908511125942815,-0.00013355898868172062
2014-02-13,0.002006242313588043,-0.0026507494642796637
2014-02-14,0.00488726953013195,-0.0012322583369627571
2014-02-18,-0.006893511843720016,-0.0017510121808888023
2014-02-19,0.0046749862526947635,-0.006233729919981949
2014-02-20,-0.0013334816955409233,-0.0033979956442558323
2014-02-21,0.005323290822850956,0.0015794667129325388
2014-02-24,-0.0011066844865676,-0.0006670356442462734
2014-02-25,-0.0008862302562980041,-0.001083936986359528
2014-02-26,0.0023246814033598124,0.0013076419942985324
2014-02-27,-0.001106317183310943,0.0017159714818760978
2014-02-28,-0.007444065262501993,0.0008981287254155695
2014-03-03,0.012633146737780803,0.004709279265085773
2014-03-04,0.0027492182048991245,-0.0011525643108895585
2014-03-05,-0.0008789277647779862,0.0006573593371686369
2014-03-06,-0.004958414654509065,-0.0001966485873931427
2014-03-07,0.0008832947466201707,-0.0004204492233574436
2014-03-10,-0.004313450253719354,0.005527434823474267
2014-03-11,0.003761482474623068,0.004208194439694476
2014-03-12,-0.014235115821871985,0.001591592818466093
2014-03-13,-0.006855885241085201,0.0008530296631054855
2014-03-14,0.008758196562812627,0.0009171194314594116
2014-03-17,0.012001477532620911,0.0021406502376981537
2014-03-18,-0.005427271448817476,-0.0003640461064120247
2014-03-19,0.002772696280856274,-0.0004423557707768229
2014-03-20,-0.01439034258724804,0.0012767480694982102
2014-03-21,-0.008802675055346158,-0.0026028793758357616
2014-03-24,0.0032818453039919846,-0.009495336591161986
2014-03-25,-0.0129635656707824,-0.0010607860220213628
2014-03-26,-0.005635628319533362,0.007158086480461148
2014-03-27,0.0019663202237280427,0.002361195550223162
2014-03-28,0.007097099386296113,0.0014536250207047112
2014-03-31,0.017413375325197693,0.003976279254344227
2014-04-01,0.0025748684810968808,-0.004002620220760948
2014-04-02,-0.007969958559542545,0.0019799518925837
2014-04-03,-0.026957657555052198,0.00060396572913287
2014-04-04,-0.009539392953991825,-0.0019049846619212428
2014-04-07,0.00919198978912895,-0.004582427151457268
2014-04-08,0.016996275006239816,0.0012856224300290373
2014-04-09,-0.03146222955424288,-0.004258824999389637
2014-04-10,-0.011701569604982408,-0.003974157697191993
2014-04-11,0.007816240645968192,-0.005052798728611363
2014-04-14,0.00329878799981899,0.0011043154294246725
2014-04-15,0.013197637567558996,-0.003569748143273872
2014-04-16,0.00023204548195534546,-0.0026909594087814437
2014-04-17,0.007397167340443769,-0.0015242572064705106
2014-04-21,0.007914246734255403,-0.001189653836364538
2014-04-22,-0.008835905785673,-0.00020367579727835678
2014-04-23,0.009521150216323947,-0.0020480645237588944
2014-04-24,-0.01611267451568979,-0.0018397461206747926
2014-04-25,0.00324337131303109,-0.0015631235125535285
2014-04-28,0.007947977104080284,0.00024850494130340895
2014-04-29,0.0026353495630337385,-0.0001418862399504011
2014-04-30,0.0029707517277905954,-0.00045551826587138683
2014-05-01,-0.0018271102490704193,-2.0477987659396024e-05
2014-05-02,0.005243970065393985,0.0005069410213754883
2014-05-05,-0.01304664877985056,-0.0009071865655463345
2014-05-06,-0.002884007305545179,0.0006736965326949609
2014-05-07,-0.0009246417672185651,0.0006311079086097562
2014-05-08,0.003693448335351509,0.00028173647202872843
2014-05-09,0.016340419567708885,0.0022481781390276847
2014-05-12,0.0006798096794777014,-0.001216679229660138
2014-05-13,-0.005223722984465155,-0.00020915851950918066
2014-05-14,-0.007944487816420397,-0.001475949419765738
2014-05-15,0.006577277850684608,0.0017983815649640082
2014-05-16,0.006930664565494972,0.0038456547186183168
2014-05-19,-0.0036297680505786127,0.0024612918607635377
2014-05-20,0.0095001845480202,-0.0006184170248821992
2014-05-21,0.004380306885833365,-0.0012308934983998711
2014-05-22,0.00725814140506836,0.0006144357222564693
2014-05-23,0.012395048150331912,0.0009197588040450105
2014-05-27,-0.0030926554880184517,-0.00214220627066334
2014-05-28,0.006372947621480918,-0.004822387020817577
2014-05-29,0.00010952302732606673,-0.0032380360849662893
2014-05-30,-0.000986139344694417,-0.0017712316705779424
2014-06-02,-0.0004385964982589346,-0.0038995272400330788
2014-06-03,0.003721952846192231,-0.0021443078943202305
2014-06-04,0.00837826564599772,0.001544702746952859
2014-06-05,0.005726340535544367,-0.00036645226384561183
2014-06-06,-0.00075443232548512,0.0012223574909815506
2014-06-09,0.0017235811656766092,0.0003293125082454745
2014-06-10,-0.0002152852537916308,0.0008922951636062154
2014-06-11,-0.009084089720342586,0.0018949261979201997
2014-06-12,0.0029288950807024637,-0.0004673842825961547
2014-06-13,0.0008661758878492588,-0.0007321293501790614
2014-06-16,0.0005409791854954569,-0.0007131054400756573
2014-06-17,0.005608902634632578,0.002326066975386418
2014-06-18,-0.0006455778145455032,0.0014606966440317926
2014-06-19,-0.0015079709880410346,0.00241777694001521
2014-06-20,0.00021556369990798093,0.007261205553324315
2014-06-23,-0.0009704027932785164,0.006906490345821588
2014-06-24,0.006344448401060144,0.006472891177083165
2014-06-25,0.000535819548799824,0.0017814058550129415
2014-06-26,0.004382924328850579,0.002072257453194085
2014-06-27,0.0017052119660018756,0.002516023781657277
2014-06-30,0.010908236306649825,0.0026287306318527963
2014-07-01,0.0016838564281725307,0.0004021953176928328
2014-07-02,0.006289328907564139,0.0016086347263786942
2014-07-03,-0.003034903695154047,0.0012827173606040374
2014-07-07,-0.012126473268169624,0.0010316521769217866
2014-07-08,0.007398828805827594,-0.0005121068510711103
2014-07-09,-0.003164225823310589,0.00012423459955252176
2014-07-10,0.0064234412405861615,0.002723622387094234
2014-07-11,0.005965168648451191,0.001913765722614521
2014-07-14,-0.0034491803204929755,0.002750322932698484
2014-07-15,0.003970747118943521,0.001224902797304188
2014-07-16,-0.013343399608585823,0.0006549892869543676
2014-07-17,0.01573910931126426,0.005612676078357782
2014-07-18,-0.0012492194004319278,-0.0018905007979791672
2014-07-21,0.006334064061581975,5.959745623003005e-05
2014-07-22,0.0063661951416491575,0.0006757108571786807
2014-07-23,-0.0011011233598791081,0.0005263810658363396
2014-07-24,-0.003920359916351061,0.0006683822951419322
2014-07-25,0.0003100614980140174,0.0001665510532175896
2014-07-28,-0.0017582876743788033,0.000122195939105343
2014-07-29,0.003926030458734094,-0.0014500756417170412
2014-07-30,-0.020417375918431038,-0.0007385919658120427
2014-07-31,-0.003690235617975338,-0.0007940429286952367
2014-08-01,0.006842492089741358,-0.008280100033453015
2014-08-04,-0.007687890005462177,0.004365672156612644
2014-08-05,-0.0007403099063721743,-0.0008349619435564911
2014-08-06,-0.003178979046811965,0.007139156288505752
2014-08-07,0.007191232343987105,0.0031991652083588457
2014-08-08,0.00588360596186816,-0.001417255446595287
2014-08-11,-0.0004191114897895163,-0.0035104170473173337
2014-08-12,0.010529156434332072,-0.0014219793327145877
2014-08-13,0.00517171198222347,0.0007560766210078896
2014-08-14,0.004837142143972797,0.002650143864319522
2014-08-15,0.007670710073980728,0.0014356613360162922
2014-08-18,0.005588025716965856,0.0010829807859401837
2014-08-19,0.0,0.00023941585519746117
2014-08-20,0.0020242921892306607,-0.0013537397341791724
2014-08-21,0.0015155345158934508,-0.0005248247497504497
2014-08-22,0.0035273405179684406,-0.0011140900952293547
2014-08-25,0.0010055305020185744,-0.00026949848984105125
2014-08-26,0.00020098482632214377,-0.0007497930896654617
2014-08-27,-0.0011059167668154917,0.0001574728420292692
2014-08-28,0.003715050208837627,0.0011677553004018776
2014-08-29,0.002902178669473267,0.0023116198162099737
2014-09-02,-0.005913322167160715,0.0011943438379378366
2014-09-03,-0.0009051139552897185,-0.0001408507006280594
2014-09-04,0.005018075564144146,-0.0004410620494799381
2014-09-05,0.001900285614597261,0.0008769826018327618
2014-09-08,-0.008327946591355929,0.0007592826453558607
2014-09-09,0.008228021535064758,0.006083138930083933
2014-09-10,-0.0007997601146066558,0.0018749176834182266
2014-09-11,-0.005113562052553973,0.0007920106920841403
2014-09-12,-0.009697045682866874,0.0051610436187134
2014-09-15,0.008691312921837424,0.005343476219439982
2014-09-16,0.0015082200837976815,0.0025470485184670493
2014-09-17,0.00750716703212048,0.002782229509420482
2014-09-18,-0.002996107304668366,0.0003708133416761641
2014-09-19,-0.009345392840864428,-6.860382848464813e-05
2014-09-22,-0.002729618032081101,0.0004588796067666218
2014-09-23,0.010673749508638768,0.0032811939629994063
2014-09-24,-0.021258012779108895,0.0014785635503345369
2014-09-25,0.010584263270470136,-0.004325328402761015
2014-09-26,-0.0013169226438544128,-0.002739866933144133
2014-09-29,0.0014181525877583426,0.0019464167526440986
2014-09-30,-0.016122798223405104,0.00020166233148623323
2014-10-01,0.0,-0.0046446139535886
2014-10-02,0.009827082871452422,-0.003974866885594798
2014-10-03,-0.0021414376204630698,-0.0037857639617152787
2014-10-06,-0.014291098105140523,0.0006540126782859842
2014-10-07,0.01928067110630813,0.00015968363520418454
2014-10-08,-0.016282168110051457,-0.004182008924480408
2014-10-09,-0.025301924757770933,-0.001856763214584965
2014-10-10,-0.015795419113711105,0.002916812746236798
2014-10-13,0.00010756736416560721,0.007986356174141021
2014-10-14,-0.006474609863247791,-0.017842587977662628
2014-10-15,-0.006298891373519066,-0.024319991910795907
2014-10-16,0.013096133922256198,-0.0188852764589261
2014-10-17,0.014835642183597056,-0.003592515696846952
2014-10-20,0.02593473810144054,0.0011696824570188835
2014-10-21,-0.005174923575097514,-0.004019763920839803
2014-10-22,0.014934105248015018,0.005758310692033344
2014-10-23,0.00814502568476914,-0.005280568276238352
2014-10-24,0.0007095433879356953,0.0007900130983136606
2014-10-27,0.014984943745555045,-0.0007267816899731154
2014-10-28,-0.0037001892309756882,-0.0032185467019824835
2014-10-29,0.002101787292262605,-0.008284318751118194
2014-10-30,0.01370292516632533,-0.0018826616911326328
2014-10-31,0.0029542118974313827,-0.0025444911856730033
2014-11-03,-0.0033487670416306875,-0.001996015178160839
2014-11-04,9.865338142464734e-05,-0.002465364648588559
2014-11-05,0.003151780408737674,0.004522514076354936
2014-11-06,-0.0008854346586645787,0.0027881688268989067
2014-11-07,0.0035370443635332136,-0.002504511711458337
2014-11-10,0.0031335709150712037,-0.0019550024486221593
2014-11-11,0.001758328088070209,-0.0020875455456426935
2014-11-12,0.004285164328947885,-0.0012801264956433496
2014-11-13,0.003104989880577184,-0.002847165985537311
2014-11-14,-0.003007812872580777,0.0008237064849695939
2014-11-17,0.007454412755964412,-0.002097227404735047
2014-11-18,-0.004543485026122798,-0.00017705054346306117
2014-11-19,0.004447029757178772,-0.00026177997082807376
2014-11-20,0.0019273399046994056,8.15410503886211e-05
2014-11-21,0.007767960422224994,0.0015780683494771128
2014-11-24,0.0015273007932604667,0.0006306085505691288
2014-11-25,0.006465129953853539,0.0007977679676505948
2014-11-26,0.004632920875947321,-0.001343812628405393
2014-11-28,-0.011384242102920314,-0.0004622364664383073
2014-12-01,0.0039992435706349,-0.0001238792588120892
2014-12-02,0.001803940674340055,-0.00099314120004795
2014-12-03,-0.00047440581562457364,-0.0008406156946059047
2014-12-04,9.489916970333442e-05,-0.0007431748556280559
2014-12-05,-0.00714254738818377,0.0005556098781462203
2014-12-08,0.0031490078028228886,0.00013262083216412397
2014-12-09,-0.01584514833442478,-0.0047182195464473406
2014-12-10,0.0047317938704341455,0.0030975105792785205
2014-12-11,-0.010946009420914877,0.005610552852609254
2014-12-12,-0.010378005813083367,-0.0006262022251441772
2014-12-15,-0.01617178951236565,-0.006964160990776634
2014-12-16,0.018039938130998058,-0.022754392773953764
2014-12-17,0.023781756562488553,-0.0288107552389083
2014-12-18,0.000671237499431962,-0.005504214327320819
2014-12-19,0.0024892305816417576,-0.0021730503462319595
2014-12-22,-0.003544234755648517,0.001245416227895051
2014-12-23,0.0008632680023907443,0.0005107400191155613
2014-12-24,0.007069867987814047,-0.001071257051905219
2014-12-26,-0.0001904217848276195,-0.0003227372267559265
2014-12-29,-0.006687710031370472,-0.000985972516071087
2014-12-30,-0.01030986633720066,0.0004864606588515586
2014-12-31,-0.0030069376165336704,0.00024323893002104347
2015-01-02,-0.014777388836704094,-0.0029784031782194237
2015-01-05,-0.013498964285539735,0.0027003456366176443
2015-01-06,0.012808594910519045,0.0031281362462344075
2015-01-07,0.018958840112709277,0.004124529683468653
2015-01-08,-0.006604530611774039,0.00013812852183918038
2015-01-09,-0.01048155748742517,-0.0006687287320921075
2015-01-12,-0.00029546462026146844,0.0026811520101614663
2015-01-13,-0.005531424613229203,0.0018300569876207652
2015-01-14,-0.013060352134099153,7.263441835548888e-05
2015-01-15,0.011672701995680936,-0.0008780569267564371
2015-01-16,0.007903617511101177,-0.0013588150896324327
2015-01-20,0.0051040550539118695,-0.0006491921381298683
2015-01-21,0.018334897863305933,-0.0026030017240027538
2015-01-22,0.0022084602571559387,0.0017358914773284023
2015-01-23,-0.001151631605206876,-0.001281424660818929
2015-01-26,-0.026268657045837265,-0.0007549678631560671
2015-01-27,-0.005139366916058765,0.0005887515804796437
2015-01-28,0.009565676213337032,0.0030058555959585555
2015-01-29,-0.007783673959768293,-9.582900318070581e-05
2015-01-30,0.008666589600584054,-0.005657395218488918
2015-02-02,0.009563847660861474,-0.0025508366834064286
2015-02-03,-0.0008745081449323979,0.000797787283624199
2015-02-04,0.008614484865249827,-0.0006125605027745152
2015-02-05,-0.006090211680210868,-0.0027605166347488795
2015-02-06,-0.0032049753069129097,-0.0008178228007838108
2015-02-09,0.015444322427473775,0.00013976151033142118
2015-02-10,0.003633238531535279,-0.000987512854975395
2015-02-11,0.011576180131993415,-0.0013441700049596586
2015-02-12,0.0085482649133413,-0.0012110993537057919
2015-02-13,0.0009349290135014078,0.0015676786468026027
2015-02-17,0.0014007566374979713,7.69925925562924e-05
2015-02-18,0.004933684664381662,-0.00014397672315712547
2015-02-19,0.006663606332410837,0.004103951924230674
2015-02-20,0.0010141521175305978,0.0010836743920464868
2015-02-23,0.0007369197091041143,0.003995500841815524
2015-02-24,-0.0024892835423589803,-0.0007692504077107148
2015-02-25,0.005064234385734463,-0.005296763712074277
2015-02-26,-0.004418269337664666,-0.0054602117620152135
2015-02-27,0.008999968913080659,-0.002932622396521752
2015-03-02,-0.004673548025537885,-0.0016835944317828064
2015-03-03,-0.0038652726202052343,-0.0016750374259574357
2015-03-04,0.0017504265375026058,-0.0023494262252657665
2015-03-05,-0.011386376200430435,0.00013992297083874382
2015-03-06,0.0028819803334426144,0.006276043542394105
2015-03-09,-0.018741178207309712,0.005057588924378972
2015-03-10,-0.0057866689008254585,-0.0015693837778078836
2015-03-11,0.006543098588935887,-0.0015983088469062618
2015-03-12,-0.004357305368955701,-0.0013362379851979212
2015-03-13,0.012827944252464411,-0.01361008714126634
2015-03-16,0.0015919842290977163,-0.001516346637015156
2015-03-17,0.009777069362695155,0.0025647915979700626
2015-03-18,0.0014814817524428803,-0.0011538403324339048
2015-03-19,0.004154938805980085,0.0011950020974852613
2015-03-20,-0.001936823293958842,0.0005237679523710947
2015-03-23,-0.0036069403267098257,-0.002006500743297606
2015-03-24,-0.023151134734931328,-0.0005360868792401367
2015-03-25,-0.003419456219418228,-9.702883874933602e-05
2015-03-26,0.0039882305261537765,-0.00368376142281241
2015-03-27,0.011401772516814462,-0.0023532801613767754
2015-03-30,-0.010643909653712575,0.00150292313416145
2015-03-31,-0.005221943981151601,0.0019190027189299923
2015-04-01,0.0006661274452909275,-0.001082230911648568
2015-04-02,0.008147842328315606,0.001452894302088849
2015-04-06,-0.0016998776404170595,0.0015299370874308719
2015-04-07,0.007908156446254254,0.0009949641620060536
2015-04-08,0.006263166068582922,-0.0017228588471756134
2015-04-09,0.004091887044821075,-4.2122695863790514e-05
2015-04-10,-0.002508945236566603,-7.131175510320358e-05
2015-04-13,-0.0028884250223848145,-0.0005899344557845879
2015-04-14,0.0062322884390911375,-0.0006624719701417692
2015-04-15,-0.001391917823207362,8.926826047271996e-05
2015-04-16,-0.015723300055783207,-0.0010103136200140105
2015-04-17,0.01488721844267768,5.0299575856047594e-05
2015-04-20,0.0042659806882356455,-0.0009901460610949864
2015-04-21,0.005445078286518928,-0.0003926443468502006
2015-04-22,0.0037664827954768648,-0.0017767439822289478
2015-04-23,0.013479256907201342,0.00015379299016822696
2015-04-24,-0.002536233243579416,-0.003488715318872706
2015-04-27,-0.001997277105163678,-0.004725301440491439
2015-04-28,-0.006290188933597087,-0.0020588953361318396
2015-04-29,-0.015854327846569934,-0.004518034514774849
2015-04-30,0.013107073371431157,0.004978869279555221
2015-05-01,0.001649258207813789,-0.0008392385005665234
2015-05-04,-0.016430127766932322,-0.002037554806589327
2015-05-05,-0.0069107484600460034,0.0015441864627341365
2015-05-06,0.005979649696316416,0.00032129701943245116
2015-05-07,0.012405269250305611,0.0014459586111753254
2015-05-08,-0.0038716862522887225,-0.0008038256518339679
2015-05-11,-0.004535994817456204,0.0018141231838980736
2015-05-12,0.0020391146188689794,0.002650953881269387
2015-05-13,0.014523648986049895,0.0011000206867204322
2015-05-14,0.0,0.00021805649771447044
2015-05-15,0.00437079552134314,-0.0002539480063726537
2015-05-18,-0.0010909091990984967,0.0007119352179411264
2015-05-19,0.0006365083188300872,-0.003359534197421312
2015-05-20,0.005167970158442598,-0.0013130837148939377
2015-05-21,-0.0009952500256031557,0.0007161773613696465
2015-05-22,-0.011562927573379081,-0.0011970092263770174
2015-05-26,0.015988712695771425,-0.0009244905520248927
2015-05-27,-0.0022556061352006773,-0.0013290252628671564
2015-05-28,-0.005979361898904762,-0.0023707696642048426
2015-05-29,0.003356468883427814,0.000803013262236972
2015-06-01,-0.0031747498205982076,-0.0008406160258370411
2015-06-02,0.002993606807694697,0.0011916496038087245
2015-06-03,-0.007637789448117538,-0.0007731253728747839
2015-06-04,-0.0023759492123845323,0.0005410886180335601
2015-06-05,-0.010207454483010818,0.0003240591207955729
2015-06-08,-0.0016651252690991752,0.001294238026130467
2015-06-09,0.013609405454950698,-0.0029888040024146595
2015-06-10,0.0014602539785637761,-0.007422818968017286
2015-06-11,-0.008241804895103755,0.002473504524140685
2015-06-12,-0.004977886385236239,0.0003833505014706864
2015-06-15,0.0054375508382848966,-0.0012516920119942825
2015-06-16,0.0027535584171828166,0.0008990745622517765
2015-06-17,0.01446860855850754,0.0006323372348313732
2015-06-18,-0.007253635938699917,-0.002619731102244707
2015-06-19,0.007343974255758505,-0.00029273167009070646
2015-06-22,0.0008126778179902578,0.0010416473218957684
2015-06-23,-0.005158149077492333,-0.0007331740782470381
2015-06-24,-0.0019980026626729977,-0.002037679742306417
2015-06-25,-0.006658482209762254,0.0004476011360988813
2015-06-26,-0.023894450379284074,-7.416225816303587e-05
2015-06-29,0.0035553929668086393,-0.004176962287076739
2015-06-30,0.007907385729321915,-0.0028573084500859683
2015-07-01,0.0002779450613158449,0.0021883839632996214
2015-07-02,-0.0023185727984735213,0.003117227699141834
2015-07-06,0.0025038265967061487,0.002424007590515964
2015-07-07,-0.017565620287868827,3.0246620369015945e-05
2015-07-08,-0.0005657175334733461,-0.0020095630144525804
2015-07-09,0.015163150872665223,0.0016538798497884406
2015-07-10,0.017404555545203176,-0.002881973667269506
2015-07-13,0.006551433805962181,0.0002012251081213372
2015-07-14,0.0010877448498176057,0.0012286571118557878
2015-07-15,0.01403405545185821,-0.00021398045242489828
2015-07-16,0.014632460780116813,-0.0025189858208344703
2015-07-17,0.003427520163523262,0.0018320823949981864
2015-07-20,-0.0006143314950328883,-0.0020822727420702777
2015-07-21,-0.011389343085348114,-0.003566185258605811
2015-07-22,-0.0037363267378765067,-0.005520912064450561
2015-07-23,-0.009852296443011707,-0.00563845335533292
2015-07-24,-0.008315304601013722,-0.0034041574786011154
2015-07-27,0.008585295152984458,-0.003002239412545939
2015-07-28,0.0037722336809864953,-0.001006919694532873
2015-07-29,0.004739981150210132,-0.0014781783409254239
2015-07-30,-0.0011605589839876456,0.004437314443483662
2015-07-31,-0.003131293097553397,0.0038448535103763485
2015-08-03,-0.001883493090112113,0.002831627285209151
2015-08-04,0.007601878937107082,0.002192290929585199
2015-08-05,-0.016076505928079275,0.001394392226357096
2015-08-06,-0.001268345884835885,-0.0011124682078897806
2015-08-07,0.011357612623797963,0.0024023925635545864
2015-08-10,-0.01289991277075283,-0.0023519864611861573
2015-08-11,0.0034442162208804168,0.00031068368871266765
2015-08-12,-0.001629992210930953,-0.0008619918153460321
2015-08-13,0.0015395067564061525,-0.0007043245635988987
2015-08-14,0.008290576458271817,0.0017510769859380951
2015-08-17,-0.0051284470673040325,0.002293106685155384
2015-08-18,-0.006606657814806041,0.003713793295932093
2015-08-19,-0.02808526752470079,-0.0013441923022229306
2015-08-20,-0.044689506046744334,-7.670600882022441e-05
2015-08-21,-0.03923633827535297,0.00945651508919508
2015-08-24,-0.003764949753830146,0.030171219660185464
2015-08-25,0.04913478338075235,0.0016250219263723182
2015-08-26,0.025016879471954766,-0.026225971625397342
2015-08-27,-0.0001893401501442957,-0.011496076820834466
2015-08-28,-0.01248051259090744,-0.02111706240209672
2015-08-31,-0.03175179083824977,-0.008247166231033512
2015-09-01,0.027813454255551703,0.003901398762172835
2015-09-02,-0.004920652506580053,-0.024164779294721134
2015-09-03,-0.011968033874317956,-0.031104968184926488
2015-09-04,0.027801018270257088,-0.025002838327830592
2015-09-08,-0.011297391578367923,-0.008419192444007594
2015-09-09,0.010821269110676966,-0.0041970656569193365
2015-09-10,0.005509132474753578,-0.0048186372405868184
2015-09-11,-0.003035767439112574,-0.0086352458226922
2015-09-14,0.011712611464801558,-0.013675476256321366
2015-09-15,0.005618518385491373,-0.003782699394007708
2015-09-16,0.0003734478616830945,-0.002351855799312512
2015-09-17,-0.016754910024268748,-0.002154693306157328
2015-09-18,0.0031275199638718812,-0.00887036184199812
2015-09-21,-0.015063684593146833,-0.004445012118379348
2015-09-22,0.0007681966961223688,-0.0002592166554349076
2015-09-23,-0.003654201585257305,0.00723458000118079
2015-09-24,-0.008513983318244765,-0.001750171169718497
2015-09-25,-0.02898182142811908,-0.001077463596271877
2015-09-28,-0.005114074821101826,0.005130521034327817
2015-09-29,0.022564448230296286,0.003747349798174749
2015-09-30,0.004706813945514676,0.0031153333526982184
2015-10-01,0.017359695024908386,-0.00985194732646186
2015-10-02,0.014223904551079308,-0.012797978366832058
2015-10-05,-0.004750602758597865,-0.006789160063861225
2015-10-06,0.005982071677547469,-0.002330763907032264
2015-10-07,0.00396825917562067,-0.0052530264757950345
2015-10-08,0.004515954612414831,-0.004536781278547415
2015-10-09,0.0024376535603477306,0.000643643769273171
2015-10-12,-0.006482243563516525,-0.005891827856176083
2015-10-13,-0.0016035470115325974,-0.005675101700739083
2015-10-14,0.01629249521922078,-0.007972682936489972
2015-10-15,0.0041707275806213175,0.0013469911761136559
2015-10-16,0.005717990309527741,0.001005877284654301
2015-10-19,-0.0051632052744936445,0.0016234579528390776
2015-10-20,-0.006119629668441597,-0.0024436773498624073
2015-10-21,0.020163644054560156,-0.005353791629236802
2015-10-22,0.02759849754963654,-0.0013311507274954588
2015-10-23,0.0006204848845084816,0.0008958199290588561
2015-10-26,0.0020360295618448983,-0.0024290471804900727
2015-10-27,0.008278338778046164,-0.013019399932176755
2015-10-28,-0.0015799178218388384,-0.007920737996984268
2015-10-29,-0.0044900370367399346,0.005229221737324715
2015-10-30,0.011231143763750824,0.0019939979956102682
2015-11-02,0.0034840205958822463,0.010215892007098222
2015-11-03,8.694518111803747e-05,0.008220903703388188
2015-11-04,-0.0026988219924318833,-0.004286878312242331
2015-11-05,0.0006971677842291247,0.004938135999472074
2015-11-06,-0.010684985173850551,-0.002483786857188464
2015-11-09,-0.0025567569581452848,-0.0023376509154058017
2015-11-10,-0.0012366400303999397,-0.00018883336855862612
2015-11-11,-0.009770039523101796,0.004736264520913104
2015-11-12,-0.01983118893219221,0.0010947412213445267
2015-11-13,0.014282083132953765,-0.005397202103398003
2015-11-16,0.0006280561868105382,-0.0018359168206475709
2015-11-17,0.019012655150437537,0.00013328367433679196
2015-11-18,0.0007037917067137724,-0.004319495081311701
2015-11-19,0.006748787611564119,0.0029547682916838567
2015-11-20,-0.002886762272390943,0.007540120486896545
2015-11-23,-0.0008764242454076153,-0.0013228879633859177
2015-11-24,0.0008764242454076204,-0.0015681944494164565
2015-11-25,0.001400683061882571,0.0008166653344383852
2015-11-27,-0.0025401844342512834,0.0022258203623262327
2015-11-30,0.009948594140539217,-0.0020749727942035823
2015-12-01,-0.006184419345399409,0.0006899619743739151
2015-12-02,-0.01709593981559521,-0.0003491159737165809
2015-12-03,0.02310667266468293,0.004770559867306805
2015-12-04,-0.004526470124072066,-0.0010539549042627298
2015-12-07,8.72410033267414e-05,0.004936415392144882
2015-12-08,-0.01529565685346261,-0.001052861050712125
2015-12-09,0.004507498020196069,0.002154748148688069
2015-12-10,-0.0232848737610702,0.002963176453722991
2015-12-11,0.00755331349405914,0.0008154928668372067
2015-12-14,0.0060730739483038955,-0.005576882155274722
2015-12-15,0.014760089431908891,0.0011201795423087118
2015-12-16,-0.014671054129352658,-0.007846242563595172
2015-12-17,-0.02241822447724638,-0.001773676620326827
2015-12-18,0.011046834540181886,-0.000770695044356183
2015-12-21,0.006552103501115712,0.003611178491599062
2015-12-22,0.0073978678673820636,0.0010134554163127116
2015-12-23,-0.0001776198938950095,1.9777101906446857e-06
2015-12-24,-0.0005330490531334694,0.006439845868104021
2015-12-28,0.01560671803885934,0.0009355694284249116
2015-12-29,-0.009052221588142773,-0.0007112314758329422
2015-12-30,-0.012526259819180256,-0.0021322925599622003
2015-12-31,-0.021323540136886362,-0.00011478040617763982
2016-01-04,-0.0017366669508114304,-0.002300024677102566
2016-01-05,-0.009652140936912246,-0.002014765233770339
2016-01-06,-0.0318142535225181,0.006868800364050314
2016-01-07,-0.008234439481272017,-0.02672077988446324
2016-01-08,0.003071904114836071,-0.018072162154449803
2016-01-11,0.011531075497643956,-0.015617066151281741
2016-01-12,-0.035098087748842675,-0.02222143572593156
2016-01-13,0.02107180942108869,-0.01340098825138959
2016-01-14,-0.03152864733004888,0.004136962311367539
2016-01-15,0.002179297544043425,-0.023101429715700318
2016-01-19,-0.0030721990369701403,-0.02098773447338357
2016-01-20,0.0009920635734284695,-0.029397350142306645
2016-01-21,0.02854264721696627,-0.03747837771621654
2016-01-22,-0.01495173484826423,-0.03519650145588752
2016-01-25,0.008959062748338043,-0.018289798131368985
2016-01-26,-0.025230808773442144,-0.018210812582869614
2016-01-27,0.014019382540452457,-0.020472985389184038
2016-01-28,0.02066730525753339,-0.01193298960718638
2016-01-29,0.0026853377602144416,-0.021865580926419503
2016-02-01,-0.02188313503838779,-0.022151438544269344
2016-02-02,-0.004808409244874705,-0.02166721546960811
2016-02-03,-9.837194440067792e-05,-0.0067145876683066645
2016-02-04,-0.035344320684067045,-0.01837829399019336
2016-02-05,-0.015405460264027917,-0.013022981651654072
2016-02-08,-0.003109777565749864,-0.029242120542992606
2016-02-09,0.0038340029349452805,-0.018136641990886028
2016-02-10,-0.0014489756209327533,-0.013732529986877549
2016-02-11,0.015110530606877892,-0.011828004571094073
2016-02-12,0.022296005555373435,-0.01768474134412161
2016-02-16,0.02239525354168793,-0.0136767887603207
2016-02-17,-0.0114802811182367,-0.009972520285373588
2016-02-18,0.002956249689448816,-0.006480956579033639
2016-02-19,0.01610497938871207,-0.0007498405629385904
2016-02-22,-0.016597081165288168,-0.008408023846093514
2016-02-23,0.009503819145290764,-0.003967764211370824
2016-02-24,0.009800670364947221,-0.0032367076880430996
2016-02-25,-0.0012560994936245747,-0.004695505203554703
2016-02-26,-0.009032256811249454,-0.009646220585309503
2016-02-29,0.031593198420220354,-0.002894966173906865
2016-03-01,0.0003780361069498565,-0.00026607759235680513
2016-03-02,-0.0018916112705622918,-0.004058575695369066
2016-03-03,0.00037860861786857987,-0.0030745236881245985
2016-03-04,-0.006170222243226191,-0.0009754080276222017
2016-03-07,-0.008318640502732157,-0.005085138283603987
2016-03-08,0.006412425667039125,-0.00981357456690553
2016-03-09,-0.0015275924299584518,-0.008411066429874466
2016-03-10,0.01733408308323054,-0.0058179226203190154
2016-03-11,0.0016888726100991425,-0.003256371377644564
2016-03-14,-0.00037505860730340304,-0.0012122129452660337
2016-03-15,0.008869858815008368,-0.002251826115088584
2016-03-16,-0.0005578800702570945,-0.0028057267655456145
2016-03-17,-0.00139606332879519,-0.003065193053234595
2016-03-18,0.0039040763474929964,-0.0021581430802785828
2016-03-21,0.003056831614709714,-0.0035006758849119453
2016-03-22,-0.008265661176192596,0.001202386569568181
2016-03-23,0.0002797333227247582,0.0020893699599700056
2016-03-24,-0.0013994497782408924,0.0016410846615081012
2016-03-28,0.01593068793143206,-0.0027401078161826183
2016-03-29,0.004858160707723928,-0.0024969172113644563
2016-03-30,-0.0014641291048894242,0.0010803090430075825
2016-03-31,0.010566686038280631,0.0017940366855448418
2016-04-01,-0.0038129869165710777,-0.0021001417865096866
2016-04-04,-0.00968840408930368,0.0015893297315659842
2016-04-05,0.01630644193348338,-0.0006827601712678295
2016-04-06,-0.01447124229930626,-0.0044016196207427504
2016-04-07,-0.0007336757482440227,-8.99700973149515e-05
2016-04-08,-0.003676474729308637,-0.0013782457919312748
2016-04-11,0.008344461787832849,-0.0032641150003954356
2016-04-12,0.012703192328982456,-0.0010785219504178443
2016-04-13,9.015913092720354e-05,-0.0012507831411115685
2016-04-14,-0.0025275333910745163,0.0025257331190185264
2016-04-15,0.0053184422474352,0.0033530990333373706
2016-04-18,-0.006132222300482658,0.0019079371772815338
2016-04-19,0.0008137800530474868,-0.00343348306005547
2016-04-20,9.03791405559673e-05,0.005174857082218857
2016-04-21,-0.015207687342106405,-0.0014144552943703443
2016-04-22,0.0,0.006068900763602612
2016-04-25,-0.004875141882068956,0.004341576335900245
2016-04-26,-0.008054480427786958,0.006416101272966385
2016-04-27,-0.012157635953483759,-0.0005434131320078929
2016-04-28,-0.005283031155524336,-0.003423584341352984
2016-04-29,0.009414492431225146,-0.029631915183624166
2016-05-02,-0.009319907422878346,-0.02131362833499598
2016-05-03,-0.006452247453425762,-0.02169229133273664
2016-05-04,-0.00028561908129616417,-0.021781161175730538
2016-05-05,0.005318151185756993,-0.020350929659686184
2016-05-06,0.002837417963430264,-0.004361341875653285
2016-05-09,0.01360182313453258,-0.002445589682993315
2016-05-10,-0.009078634118613997,-0.002954561774613682
2016-05-11,-0.004428746932455982,-0.001025234770902884
2016-05-12,-0.003689866526241916,0.002419863201704786
2016-05-13,0.01243422199550293,0.0022784133288774933
2016-05-16,-0.01262381342653819,-0.0006537270003988619
2016-05-17,0.0035961049447554494,-0.0005639461158034838
2016-05-18,-0.00520908503733562,-0.000595180566909417
2016-05-19,0.010954873934009046,0.001674514531415734
2016-05-20,-0.0013157896635199685,-0.0005093518299124358
2016-05-23,0.019833975749919824,0.002327860258743734
2016-05-24,0.00716585519258971,0.0004449929159243288
2016-05-25,0.00292504778937315,-0.0036923291512701573
2016-05-26,0.00518914178197509,-0.002894943064218275
2016-05-27,0.0019050216674321144,0.0025531495410430166
2016-05-31,9.062485846056668e-05,-0.0002446104147302781
2016-06-01,0.0020821082070414804,0.0013642842287753438
2016-06-02,-0.0047135692781741225,-0.0007644996125146899
2016-06-03,0.0036277928414286363,-0.005097464204337913
2016-06-06,-0.0025380724284708887,-0.004898071753044427
2016-06-07,0.0017229657402222153,-0.005408721317231994
2016-06-08,-0.0016322092851071472,-0.0018423913457678753
2016-06-09,-0.011408876544157268,-0.0029164848981458645
2016-06-10,-0.008388305626634856,0.0036117470202860213
2016-06-13,0.0,8.372285740706575e-06
2016-06-14,-0.0028736983854954633,0.0014100955770112462
2016-06-15,0.0029662609810166564,0.0016863550216106677
2016-06-16,-0.014450444897122492,-0.0017953856393963256
2016-06-17,0.006271960649115634,0.0051081202509589765
2016-06-20,0.0031678028913096176,0.003997362999030873
2016-06-21,-0.002421534199958989,-0.0011863274284072383
2016-06-22,0.01416624773800029,-0.0005219734808187969
2016-06-23,-0.04206008097263733,-0.004597676266237689
2016-06-24,-0.020048126792988098,0.0013138791952279664
2016-06-27,0.02167686966801917,-0.027178463899480084
2016-06-28,0.017555131292361213,-0.004488094705265294
2016-06-29,0.011503517081018254,-0.010251051161701014
2016-06-30,0.00500882227041138,-0.006437348906856874
2016-07-01,-0.006125309174630054,0.0018539106141008993
2016-07-05,0.008158769529631604,0.00020736185046716813
2016-07-06,0.0029503985997544387,0.0011945945318402422
2016-07-07,0.015348373652757395,0.0010456189436451506
2016-07-08,0.005695445491111471,-0.004396803154355286
2016-07-11,0.005035529028911799,0.0018388563489249539
2016-07-12,-0.002424679020062117,-0.0006965280970135094
2016-07-13,0.006810062161329355,-0.004712938196344656
2016-07-14,-0.0016087231997485147,0.0014805958572185903
2016-07-15,0.0065971532841342575,-0.006397793350664472
2016-07-18,-0.003649801532343636,0.0002752782847121828
2016-07-19,0.011615150311028034,-0.008175646910352522
2016-07-20,-0.0022945910694395634,0.0027822390299195167
2016-07-21,0.004144078584174441,-0.007055513020844926
2016-07-22,8.798557042304028e-05,-0.0056207385679603716
2016-07-25,0.0011431084999420063,-0.0037432923961467604
2016-07-26,0.006918624611514343,-0.004472868874871226
2016-07-27,0.0034849312147131363,-0.0035384040901476357
2016-07-28,0.0021719308307782265,0.00046963871407861317
2016-07-29,0.005279797611483013,-0.0020675409758306273
2016-08-01,-0.007625686866636855,-0.0008227715068326013
2016-08-02,0.0033000464164971255,-0.0013524508055429555
2016-08-03,0.002857021120043673,-0.0006604322011677541
2016-08-04,0.009550513548081284,0.00019546592128891248
2016-08-05,-0.0011138243879524874,-1.5643415016098946e-05
2016-08-08,0.0023119417756062633,-0.0006932007466561942
2016-08-09,-0.0025691544490351907,0.000883319398119807
2016-08-10,0.004278264418991558,0.00022806825472078895
2016-08-11,0.0006828269299107297,0.0005143711298802991
2016-08-12,0.00425713712331869,-0.0004180806270921128
2016-08-15,-0.005537820329311348,0.0003284216959095974
2016-08-16,0.0017924975991494311,-0.0012896826046621837
2016-08-17,0.0002558089973447228,0.0003419020027785316
2016-08-18,-0.0002558089973447116,0.00159861571034481
2016-08-19,0.0007672307609634458,-0.003127218178267676
2016-08-22,0.001787919253684073,-0.0014697130549196958
2016-08-23,-0.006485771156589972,0.0015197475077689132
2016-08-24,-0.0016280368618851724,0.005172790167105319
2016-08-25,0.0014567893231500226,0.001612532055563234
2016-08-26,0.0013691598921327876,-0.0008939545160543585
2016-08-29,-0.0032548208605749896,0.0037893478843200666
2016-08-30,-0.0010300430095269704,0.0018564973683366612
2016-08-31,0.002573120898222394,0.003106737250248355
2016-09-01,0.0032498104373566384,0.001441400432395484
2016-09-02,0.006213579169138495,0.001957248638262127
2016-09-06,0.000593799058886313,0.0020719289571374156
2016-09-07,-0.005868611357289519,-0.0007464683827967783
2016-09-08,-0.025486239721164636,0.000737127740016122
2016-09-09,0.017779402466102604,-0.004849488268709013
2016-09-12,-0.00898028658381269,0.00013224635493964528
2016-09-13,0.004759235392543956,0.0008747415991960483
2016-09-14,0.015419185048387997,-0.0014111522193216485
2016-09-15,-0.0029796131523805525,-0.005145713563952386
2016-09-16,-0.004357677678022153,-0.002604301342356287
2016-09-19,0.0018821119423646443,0.001189262766478302
2016-09-20,0.009781068835160691,0.0013442387224604673
2016-09-21,0.007924506146987557,-0.0005978548512769566
2016-09-22,-0.006402178383437042,0.00026710004561108895
2016-09-23,-0.008401627898753629,-0.0013991757570927575
2016-09-26,0.009837257077472057,0.0009318685654014963
2016-09-27,0.001686341040436412,-0.001340058108506444
2016-09-28,-0.007271529461247525,0.0007790152429395468
2016-09-29,0.007440007264695348,0.0014345776769011764
2016-09-30,-0.0014329669076558601,-0.0009705071025667448
2016-10-03,-0.0015195005456121807,-0.0006735015358664028
2016-10-04,0.0035419163356459906,-0.0007990177980387595
2016-10-05,-0.0005052206237473819,0.0002794840494973634
2016-10-06,-0.002192243711033174,0.0009760700790019523
2016-10-07,0.006310761825112786,0.0015099380711245992
2016-10-10,-0.014361993926158598,-0.0003839016602720727
2016-10-11,-0.0008512812295819727,0.0019222421422977658
2016-10-12,-0.003583315838283796,0.0017845238976984458
2016-10-13,0.0011958658638801835,0.00015986294796157315
2016-10-14,-0.0027355120494729126,0.0010981413117581325
2016-10-17,0.00886319079760398,0.005457035651883113
2016-10-18,-8.485002762725114e-05,-8.648368494120981e-05
2016-10-19,-0.0011886569577508849,0.0020164575116457697
2016-10-20,0.0037310312085276948,0.0017498202383497247
2016-10-21,0.011946970298571587,0.002735489798717617
2016-10-24,-0.0031831154368713453,-0.0017763731726644675
2016-10-25,-0.006819069232038279,-0.0007044652068287115
2016-10-26,-0.0045720171082040545,-0.0012732495195895033
2016-10-27,-0.006299501550703226,-0.000791725335764217
2016-10-28,-0.0009398095441614749,-0.003063626168863669
2016-10-31,-0.007550443420595379,-0.0002411842552375954
2016-11-01,-0.00804189556038837,-0.0010624919701402718
2016-11-02,-0.009859173348129389,-0.001140793157589445
2016-11-03,-0.003513398431844765,-0.0038334896362286703
2016-11-04,0.023479339449748497,-0.005096901354777983
2016-11-07,0.006510774305745248,-0.0003831355728873087
2016-11-08,0.00460045111932559,-6.256536670996449e-05
2016-11-09,-0.016281422207028027,-0.0028921137177729556
2016-11-10,0.000431872172551305,0.00046178511989493836
2016-11-11,-0.010155015011976564,0.00018591160022732967
2016-11-14,0.01377539652004119,-0.0005193703846197475
2016-11-15,0.005919461371768047,0.002764275242916154
2016-11-16,0.0072442469618386445,0.0011426526826766171
2016-11-17,-0.0037434108713159417,-4.2122695863790514e-05
2016-11-18,0.010345212250441833,0.00023724633598196023
2016-11-21,0.0030323473370439703,-0.0016889217436807206
2016-11-22,-0.004045176593106106,-0.0020238991249324715
2016-11-23,0.0032037798249143694,-0.006091516761921929
2016-11-25,-0.002275313837135428,-0.005319711624819246
2016-11-28,0.0034530711870386283,-0.006938957230018975
2016-11-29,-0.01218083069423396,-0.0034391702599551595
2016-11-30,-0.017427577620449237,-0.0006400603140367633
2016-12-01,0.001989878235866462,-0.000980805755327471
2016-12-02,0.007748639716761098,-0.00016820940353233304
2016-12-05,0.0023984935260520585,0.001255493237514227
2016-12-06,0.012583060089564816,-0.0010811680391278038
2016-12-07,0.0017726759379702727,0.0003461899547445971
2016-12-08,0.007812867901586282,0.0008390031400501173
2016-12-09,-0.004529069219665774,0.000673023379518642
2016-12-12,0.012530445463675384,-0.0014506285422281847
2016-12-13,-0.0020775342994121004,-0.004448091269559817
2016-12-14,0.0015793195585579194,-0.0024344627138883764
2016-12-15,-0.006666691358189345,-0.001096020331648486
2016-12-16,0.00408862015606067,-0.002261455371015899
2016-12-19,0.0038231429545880716,-0.000157200332966562
2016-12-20,-0.0007468570116050831,1.0016164695239797e-05
2016-12-21,-0.002826504500445412,-0.0011778844680934808
2016-12-22,0.0006657789859776547,-0.0011834580216319823
2016-12-23,0.005144812609487939,2.9630714272769565e-05
2016-12-27,-0.007810592262132678,-0.0017712733924444449
2016-12-28,-0.0014190911851840137,0.0031076246187382293
2016-12-29,-0.010327981303735101,0.0038973707958320433
2016-12-30,0.008906873436564761,-0.00015726393897046463
2017-01-03,0.005422780568589251,0.0003140509718516516
2017-01-04,0.005641763906668094,0.0014805073694851589
2017-01-05,0.008731521700807824,-0.0011486125326982237
2017-01-06,0.0032752014866514814,-0.0005788738258186145
2017-01-09,0.002204712443286063,-0.0009737406745744097
2017-01-10,0.002688064177138732,0.00013592386452698486
2017-01-11,-0.0015467907182987934,-1.829809690230052e-05
2017-01-12,0.00341602609534878,0.0024640294415992393
2017-01-13,-0.0030087438838781668,0.002047241326540822
2017-01-17,0.002033926584912525,0.0010241757254966443
2017-01-18,-0.00048776523201023256,0.0024470735171298846
2017-01-19,0.002193072397475843,-0.000452861330678754
2017-01-20,0.0008110300525662442,0.0008295518665698442
2017-01-23,0.006706282961381187,0.001510912645823432
2017-01-24,0.010015708099836674,0.002101566987046496
2017-01-25,0.0010358979371693348,-0.0017982151400720446
2017-01-26,0.0019096122925873439,0.00018773288296831568
2017-01-27,-0.007820644760443226,-1.8409668227739492e-06
2017-01-30,-0.0020048926078956525,-0.0005996884850381466
2017-01-31,0.006880027138582237,0.0003557397240992504
2017-02-01,-0.0008773679525924384,0.001155326001850172
2017-02-02,0.0028685278633749462,0.0017015427284154813
2017-02-03,0.0011927956565106776,0.0010920124569933813
2017-02-06,0.003649060054202286,0.0034983975096509285
2017-02-07,0.0016614585094961536,0.001418697292008598
2017-02-08,0.003629768050578731,0.0025797531693331024
2017-02-09,0.0033026687250660718,0.0006505969681319031
2017-02-10,0.005636463959468933,0.0010428785160625648
2017-02-13,0.0033511312193520723,-0.0014010683352120414
2017-02-14,0.005895603144421325,-0.00031802713288291303
2017-02-15,-0.00030942987792332286,-0.0013495580616176778
2017-02-16,0.00432332951636459,-0.0017409528512496932
2017-02-17,0.004918168677834232,-0.005761396538599075
2017-02-21,0.00038321518001075935,-0.005806592439418111
2017-02-22,-0.0037618561886708884,-0.005954567413900257
2017-02-23,0.0019210825441782337,-0.00637293502545917
2017-02-24,0.0012275588468007436,-0.005957313427312046
2017-02-27,-0.003071727188733373,-0.005683574480806301
2017-02-28,0.010862188952689913,-0.0016334695720470701
2017-03-01,-0.0050339515958827755,-0.007708329754925468
2017-03-02,0.0018334611706005346,-0.0016274424366114059
2017-03-03,-0.0022158557299617296,-0.0012074889622983804
2017-03-06,-0.0016842753943324346,-0.0015771690687423766
2017-03-07,0.0017607660051472543,0.00015634755398921213
2017-03-08,0.0007645844855995707,0.00015634755398921213
2017-03-09,0.004194796983547528,-0.0008499825948481201
2017-03-10,0.0016730041925017872,-0.0003507491117327701
2017-03-13,-0.002434386900213448,-0.000255100033193459
2017-03-14,0.006150594582260625,-0.00145550846482405
2017-03-15,-0.0006815342356114453,-0.0004179249919147107
2017-03-16,-0.0024270015705394046,-0.0008549475648385448
2017-03-17,0.0009108160022455787,-0.0014949360545011712
2017-03-20,-0.015289648819471185,-0.00013997848483084493
2017-03-21,0.006756263704041502,0.0036148830042106103
2017-03-22,-0.0025282526395836247,0.001733900744461972
2017-03-23,0.0020690455291109094,-0.0002921555816484194
2017-03-24,0.001606303171711403,0.00012610216083058882
2017-03-27,0.006095721404955909,0.00025417637884325164
2017-03-28,0.004623146663269573,-0.0017508332516567525
2017-03-29,0.001662133957761417,0.00010351518445551785
2017-03-30,-0.0006796300053934816,-0.0005336480518989021
2017-03-31,-0.0006045035698665836,-0.0011655378736282775
2017-04-03,0.001586043155634558,-0.0011655378736282775
2017-04-04,-0.0040834902478067,-0.0005873849344373386
2017-04-05,0.0005302829562540304,0.00048569850085652315
2017-04-06,-0.0005302829562541554,-0.00043562247169058436
2017-04-07,0.0003788022318868366,-0.00043562247169058436
2017-04-10,-0.0043268750847346524,-0.00039803695272343904
2017-04-11,-0.00404010154291048,0.0011405868404522836
2017-04-12,-0.003979800140427063,0.0007596421333322692
2017-04-13,0.008248099303465923,0.00012475707230843208
2017-04-17,-0.0015223020141830915,0.0014926449968503768
2017-04-18,0.001598356316992026,0.0003031872846778076
2017-04-19,0.008330857027799924,0.00041535519795552335
2017-04-20,-0.00022628700831991497,-0.0012961783208887813
2017-04-21,0.01199774439664589,-0.0008875830718858495
2017-04-24,0.007204160535041378,0.00033395681546256265
2017-04-25,-0.0014070428507153415,0.0006777454387930389
2017-04-26,0.005984723614765464,0.0007778772055731785
2017-04-27,0.0017663948068227955,-0.0005529855633493498
2017-04-28,0.008858361670917025,-0.0006991147475985934
2017-05-01,0.0016749812749758328,0.0015308190173877606
2017-05-02,-0.0032067661034622295,-0.0007835282733976704
2017-05-03,0.0003649235525662536,-0.0012584783452552076
2017-05-04,0.0036419298758256307,-0.00010199517866513537
2017-05-05,0.002178808327984314,9.301400006901726e-05
2017-05-08,0.003476249155360909,-0.0014940153395209695
2017-05-09,0.0005782018085341511,-0.0004151163427442902
2017-05-10,-0.0007951137070023246,-0.0013625272896984264
2017-05-11,0.002239157279235889,-0.0015385427144339234
2017-05-12,0.0031695747612790395,-0.0013277259906982314
2017-05-15,0.00416278502517362,-0.0017688733360036058
2017-05-16,-0.025754987339488333,-0.0009515567680660326
2017-05-17,0.008707478277721491,0.0015776976513732193
2017-05-18,0.0042166547391855975,0.0016506117327357353
2017-05-19,0.008380340911017444,0.0007077519048288549
2017-05-22,0.0010066873648033716,-0.0009141468572319687
2017-05-23,0.004589137553487789,-0.00010794716070408993
2017-05-24,0.008477343733851115,-0.00015180805745517977
2017-05-25,0.0017718563053667619,0.0006145397510072369
2017-05-26,0.0008493771745074925,0.0008372283221474712
2017-05-30,-0.0003538194849918545,0.0005982906746419242
2017-05-31,0.0038851459882360694,-0.0012805778729503012
2017-06-01,0.011356588932335975,-0.00033348879974015746
2017-06-02,-0.00020913939216666406,-0.0057546859663182995
2017-06-05,-0.003981981579295243,-0.006264035737930278
2017-06-06,0.003912258727602165,-0.005668205097583812
2017-06-07,0.0010453326851738386,-0.0059247684672309175
2017-06-08,-0.025323165878208927,-0.006327739124640135
2017-06-09,-0.005372313340199494,-0.0008210690535450243
2017-06-12,0.008083308793820422,0.0004695728096682645
2017-06-13,-0.004355438679805917,0.006612900547140942
2017-06-14,-0.0044463641814232,-0.000134374669014775
2017-06-15,-0.007068696484359729,0.0047232381480434875
2017-06-16,0.016582699361448818,0.00251760608918167
2017-06-19,-0.007862237626681664,-0.0004845178381875761
2017-06-20,0.009853703434210185,0.005112960507447262
2017-06-21,-0.0002842524180596142,0.00143536166816805
2017-06-22,0.003830606939842406,0.001671958177699355
2017-06-23,-0.004683849312426314,-0.0011887157193677307
2017-06-26,-0.01830566891227246,-0.0012768029592129515
2017-06-27,0.014314216713564682,0.0002931331261407079
2017-06-28,-0.017507021109326483,-0.0016596273682101164
2017-06-29,0.00036333248955432515,0.0027370536502649783
2017-06-30,-0.010590611348413565,0.0039672665496736535
2017-07-03,0.00979110554575044,0.00336911016944285
2017-07-05,-0.009057106687194881,0.0007020309473604994
2017-07-06,0.010728072239999078,0.0031036419223848134
2017-07-07,0.0065118528349237745,0.004064905074276315
2017-07-10,0.0028086871656294882,0.0026518756575908734
2017-07-11,0.011796383440369344,0.0011189454387878287
2017-07-12,0.0022008457287954293,0.0004732483492604823
2017-07-13,0.00784096130368763,-0.0008481164655649893
2017-07-14,0.0004924202554565872,0.0013173191044527984
2017-07-17,0.0066589809021681805,0.0017067568716796402
2017-07-18,0.005851228730705351,0.002715568290669935
2017-07-19,0.0013187577826554578,0.002432913852995868
2017-07-20,-0.0004162619735419824,0.001355493937403589
2017-07-21,0.004569379315681908,0.00011809506285238625
2017-07-24,-0.0025590497072263143,0.0013060031669677027
2017-07-25,0.0032495620948342708,0.0004765251817023528
2017-07-26,-0.006301305342730213,0.0008045760716869165
2017-07-27,-0.0008339124875198234,0.001992662263509471
2017-07-28,-0.004249840931536442,-0.00036257408211056244
2017-07-31,0.0023013364876328987,0.00013375775349422201
2017-08-01,0.002712950778778184,0.000591821694645626
2017-08-02,-0.0038978263312370418,0.000268192748068018
2017-08-03,0.0018115946983508241,0.0004529407169226686
2017-08-04,0.006314860858674472,0.00041535519795552335
2017-08-07,-0.0017308828359866902,0.00022583134749557042
2017-08-08,-0.0013174775680939168,0.00041535519795552335
2017-08-09,-0.021673652175743647,0.0003701592971364882
2017-08-10,0.007558401398905986,0.0018122718665602043
2017-08-11,0.012796035171524493,0.0024303635814952734
2017-08-14,0.0006945409363793315,-0.00259792450296336
2017-08-15,0.0017342448243794996,-0.0012152325354869138
2017-08-16,-0.020658274655278773,-0.0012773602521655104
2017-08-17,-0.0007078142990870918,0.0004902074085718833
2017-08-18,-0.0012753296329670026,-0.0007177332107483598
2017-08-21,0.015127817078539822,0.0052109443571670445
2017-08-22,-0.003567809584061369,-0.001636898376678474
2017-08-23,-0.0029477842794080845,0.0008029619815092995
2017-08-24,-0.002110892987593089,-0.0007864948019105758
2017-08-25,0.003094453555853858,0.0008698076577705306
2017-08-28,0.003924596809736514,0.00172691912986376
2017-08-29,0.011682213381071293,0.002527713227009664
2017-08-30,0.010658515893533848,-4.33880447472338e-05
2017-08-31,-0.001368925607341621,0.0011046728623876076
2017-09-01,-0.00901309895934621,0.00110139145753226
2017-09-05,0.003036369733281283,-0.0005600310393057974
2017-09-06,0.0023399873030991603,-0.0009709428593932696
2017-09-07,-0.008699309211391554,-0.0009772976477816905
2017-09-08,0.01144524352414275,0.00014735836770247518
2017-09-11,0.002396522767047889,-0.0008721889658439867
2017-09-12,0.0013668673533267048,-0.00045697667965397204
2017-09-13,-0.005890831474537409,-0.000467371281472812
2017-09-14,0.0034291234480045944,-7.958153338535914e-05
2017-09-15,-0.003497826000331402,0.00044276077041330227
2017-09-18,0.001716149382925475,0.0028096084568324264
2017-09-19,-0.0030911925696729694,0.0002045520149392228
2017-09-20,-0.006141974382184067,0.000268192748068018
2017-09-21,-0.0009695963083873779,0.0005834985840160696
2017-09-22,-0.010588006408829372,0.001977565105959077
2017-09-25,0.0025876854667519177,0.002461675277255279
2017-09-26,0.0089699172504647,0.003576122991895164
2017-09-27,-0.0003461764842270389,0.0005047207785615006
2017-09-28,0.0071759088027368535,0.0008029619815092995
2017-09-29,0.0008933787489013323,-9.48885645243404e-05
2017-10-02,0.0021271493936921844,-0.0009618199314559374
2017-10-03,0.0009591669685760334,-0.0010406300720180671
2017-10-04,0.009744872509124574,-0.0014745102066499103
2017-10-05,0.001355381069514992,0.00033395681546256265
2017-10-06,-0.0011519567596084803,0.0006763193865016046
2017-10-09,0.0007455352949611398,-0.0003930547935348193
2017-10-10,0.0029765953515831322,-0.0005985369829638749
2017-10-11,-0.0018254966024125897,0.0004812563680698769
2017-10-12,0.00384992539286945,-0.0008746137362833272
2017-10-13,0.0034321511533732824,0.00011320654341347847
2017-10-16,0.0012756388315475552,0.00024231872056432971
2017-10-17,-0.0012084593615682721,0.0004812563680698769
2017-10-18,-0.0037015891778935032,-0.0010759658648217285
2017-10-19,0.0026934229467211338,-0.00017663090564319945
2017-10-20,-0.006544128600000467,-7.958153338535914e-05
2017-10-23,0.0016907318131649581,0.000268192748068018
2017-10-24,-0.00379121705202819,-0.0004116375669316922
2017-10-25,-0.003193045954858138,0.0011405868404522836
2017-10-26,0.028707538115861807,0.0015252881715739494
2017-10-27,0.0022455593611508864,-0.0038809928093239084
2017-10-30,0.003753337959097029,0.000758508280223011
2017-10-31,-0.0003286770777330065,0.0007807987637713116
2017-11-01,-0.0019084603206233623,0.000254507626619112
2017-11-02,0.009571333066192586,-0.00013635427021183968
2017-11-03,0.003386963441015659,0.00043091399162012054
2017-11-06,0.0005850424322622968,-0.0017836785575047844
2017-11-07,0.004021018453705918,-0.0066713816404424435
2017-11-08,-0.005256509718579557,-0.006067058854494825
2017-11-09,-6.506815891934049e-05,-0.005554432560518681
2017-11-10,0.0012355716089855967,-0.004917865214507773
2017-11-13,-0.0036460747469239012,-0.005040715561289116
2017-11-14,-0.004707429418718571,-0.0013591830685994789
2017-11-15,0.012698376601793519,-0.00130928397293799
2017-11-16,-0.003825088134928436,-0.00132997250722835
2017-11-17,-0.0007797778028495344,-0.0001242003480191512
2017-11-20,0.010797635051629083,0.00019393307295635754
2017-11-21,0.001221119082294412,-0.0006491706840100973
2017-11-22,0.003654435867015013,-0.0006568621536654031
2017-11-24,-0.00044807169896716515,-0.00017557511906873504
2017-11-27,0.0025577096877204344,-0.0005790110687369021
2017-11-28,-0.017587826526562916,-0.0005958912245234925
2017-11-29,0.008349292863600593,0.0004226102935457361
2017-11-30,-0.0042630215704308715,-0.000296516290912464
2017-12-01,-0.011588671358868164,0.0009744662109546373
2017-12-04,0.0006546216520757201,0.003021373938250872
2017-12-05,0.004505247410085969,0.00631656974670443
2017-12-06,0.0033818970838522967,0.004772803950877655
2017-12-07,0.004405293467916197,0.0028302895147536643
2017-12-08,0.007727018484710591,0.0020733920195664846
2017-12-11,-0.0013479253621477443,0.0003311486788004209
2017-12-12,0.0019250519291942045,-0.0005668591116130634
2017-12-13,-0.000705422160268921,-0.0008337097099772463
2017-12-14,0.011290905520561305,-0.002104353017052726
2017-12-15,0.006260098220470681,0.0006543191568230117
2017-12-18,-0.005942990242547784,0.0009289048523132669
2017-12-19,-0.0010785776511150035,0.00024231872056432971
2017-12-20,0.0001269518854059593,-0.0011587472846079092
2017-12-21,-0.0011431475905106462,-0.000630153733517715
2017-12-22,-0.005415923270561249,0.00034731438357961375
2017-12-26,0.00012777103448018354,0.00014938174384997218
2017-12-27,0.0012130112892846006,0.0002513482929184423
2017-12-28,-0.0062082186020324965,-0.0011725159160988466
2017-12-29,0.01737513878038993,0.0015252881715739494
2018-01-02,0.009669797813564633,-0.0013499783510505185
2018-01-03,0.0017481430436834117,-0.0007459664237255674
2018-01-04,0.009992945397518486,0.0005982906746419242
2018-01-05,0.003883260650813706,0.0002903422999363203
2018-01-08,6.15176402027626e-05,-0.0009188203549482943
2018-01-09,-0.002340334873705856,-0.005489906970223372
2018-01-10,0.006820931597807116,-0.004931344347760203
2018-01-11,0.0073220169698485615,-0.005597843290917346
2018-01-12,-0.0028614064758016662,-0.005304267475818295
2018-01-16,0.010733555643108633,-0.00597784243825327
2018-01-17,0.0001809354366987233,-0.001768056761802246
2018-01-18,0.003131023752468975,0.00628837129963931
2018-01-19,0.010644123696374394,-0.0011247372121843532
2018-01-22,0.008233911993478836,0.005753623708715149
2018-01-23,-0.00651043966243201,0.0037134477535636476
2018-01-24,-0.0003563368608794882,-0.007157298596114155
2018-01-25,0.015208970361093357,0.0003588327255279168
2018-01-26,-0.004867616566360753,0.00032831109324125323
2018-01-29,-0.008264509849893536,-0.002546432358914898
2018-01-30,0.004140792666031608,-0.0025956790514633393
2018-01-31,-0.008536926401961504,-0.0017974131206080052
2018-02-01,-0.020146816076998832,-0.003727251050624399
2018-02-02,-0.04022480131050899,-0.0017564624086401559
2018-02-05,0.026153848488494325,-0.017177074168393865
2018-02-06,-0.013022632258356256,-0.00897913376944088
2018-02-07,-0.04311067359287789,-0.0075142433765354125
2018-02-08,0.017122046455641332,0.021520773123646964
2018-02-09,0.017589430210545955,-0.012592071717067235
2018-02-12,0.005148178120843473,-0.01581736090804729
2018-02-13,0.018550645186248053,-0.009664998096842396
2018-02-14,0.01839384339349344,0.00648134113098461
2018-02-15,-0.004475904163867274,-0.0028962175767130623
2018-02-16,0.001998486660612024,0.005850713662861115
2018-02-20,-0.002847537594024515,-0.003582007834206828
2018-02-21,-0.00012135185986605489,-0.0022838253917172716
2018-02-22,0.020242755059287045,-0.003995589012583699
2018-02-23,0.013173241860556914,0.0028925114476784186
2018-02-26,-0.01245993267023346,6.320599719757681e-06
2018-02-27,-0.006438174250404134,-0.00232091208427686
2018-02-28,-0.016461525207777564,-0.0030192220743847993
2018-03-01,0.009138563311327919,0.0012836854028255578
2018-03-02,0.011024016741959854,-0.0001180724173733981
2018-03-05,0.004221548024119345,-0.003777336965296644
2018-03-06,0.002311317590429551,0.00034789037216917233
2018-03-07,0.005490140417226405,0.0005875461220879015
2018-03-08,0.019241454221916456,0.0007403248310914918
2018-03-09,0.00529894109379817,-0.005719262310390946
2018-03-12,-0.01370795634186662,-0.004837777179136209
2018-03-13,-0.00017472844332289765,-0.005467966610100755
2018-03-14,-0.0008741004606547182,-0.005644225857979477
2018-03-15,-0.002977669693924392,-0.005586218943603088
2018-03-16,-0.023188073126461286,-0.004997998941901049
2018-03-19,0.0032860373108896737,0.0017549972930478428
2018-03-20,-0.004363817188885788,-0.0011815390694313351
2018-03-21,-0.024992202154911772,0.000898424794452004
2018-03-22,-0.026704770758638783,0.010062316069253754
2018-03-23,0.03648479981227829,-0.008204545406781422
2018-03-26,-0.03289526228258959,-0.005698486922362876
2018-03-27,-0.01157032475894004,-0.002132019030548209
2018-03-28,0.018149089753835525,-0.020551142194180364
2018-03-29,-0.02927594710113911,-0.01694531156149501
2018-04-02,0.01119044833012385,-0.009187768152757934
2018-04-03,0.01564700692587309,-0.012872794965457846
2018-04-04,0.005680592072624579,-0.005846902253431101
2018-04-05,-0.0253417494712968,-0.01168749841293543
2018-04-06,0.006998374408811892,-0.0037145173928483624
2018-04-09,0.02182315238852453,-0.003875987817662552
2018-04-10,-0.005785577119963421,-0.0011214267640822675
2018-04-11,0.011969506294079512,-0.011150603849162227
2018-04-12,-0.00519192710876233,-0.001374565195985215
2018-04-13,0.007593332160449354,0.0012334808617998861
2018-04-16,0.02129681950553901,0.0004229156955427983
2018-04-17,0.00204486749549126,0.0014782316581933939
2018-04-18,-0.009235013574061864,-0.0047950462155387395
2018-04-19,-0.015953396020133074,-0.008125787472589713
2018-04-20,-0.0025293822671312647,0.00241507341064387
2018-04-23,-0.021414896716318438,0.0071332340141832115
2018-04-24,0.0011983224921087163,0.001584542686004021
2018-04-25,0.020834086902842053,-0.002188875648530459
2018-04-26,0.0006171315920374406,0.0003378349592370326
2018-04-27,-0.007120111806097344,0.0003551724747803531
2018-04-30,0.01136797118090869,0.004193398678979597
2018-05-01,-0.0059149895192018125,0.0018462189366074962
2018-05-02,-0.00012360175530211516,0.0037012217414768745
2018-05-03,0.018796279948695812,-0.000480509968713651
2018-05-04,0.008275242777830021,0.0003705685359247717
2018-05-07,-0.0010231411322556344,0.00230951936835744
2018-05-08,0.01084005224672844,0.0021630590010541066
2018-05-09,0.010311202468163819,0.0024646589711858594
2018-05-10,-0.000943730163235877,-0.002146119254329806
2018-05-11,0.0017098556684873628,-0.0018578019928247361
2018-05-14,-0.011136896104482876,-0.0029164795994928304
2018-05-15,0.00659049439037595,-0.0027481149029850854
2018-05-16,-0.003854026293708277,-0.0002322603065784444
2018-05-17,-0.005181821654704521,0.003685181314232064
2018-05-18,0.005597585031940435,0.00043647193646437253
2018-05-21,-0.001307267403474434,8.251056022110927e-05
2018-05-22,0.008407888953050615,-7.844053378598038e-05
2018-05-23,-0.00029485478615495596,-0.00023120922906319884
2018-05-24,0.0010021517624764426,0.00010402414330764306
2018-05-25,-0.004428835961565744,0.0003744183737430897
2018-05-29,0.0071355160488529475,-1.2586546225864376e-05
2018-05-30,-0.0006465834170893094,-0.0003180486226066614
2018-05-31,0.015577456847817634,-0.00018664668414616458
2018-06-01,0.008990378673835732,-0.0002747779751774503
2018-06-04,0.0030933174691386025,-0.004075787275501768
2018-06-05,0.005816953955742407,-0.004928782012050568
2018-06-06,-0.00816470892081262,0.01359501838886505
2018-06-07,5.732794452212342e-05,-0.0018864115445701422
2018-06-08,0.002690712944406101,0.0008964013593315582
2018-06-11,0.005246063237475888,0.006750134419807685
2018-06-12,-5.687473341514843e-05,0.007345199118738379
2018-06-13,0.010073086135037062,-0.0017132515914685884
2018-06-14,-0.0034970987188656134,-0.0012191642809248416
2018-06-15,-0.0027158554658526226,-0.00182421768910995
2018-06-18,-0.0028368813351997263,0.0010653892773833775
2018-06-19,0.007077170374085079,-0.003472095528907916
2018-06-20,-0.008726256642436186,0.000682094941630591
2018-06-21,-0.0022220332191922143,-0.004013223620438082
2018-06-22,-0.022787913877850553,-0.007094846036947046
2018-06-25,0.004076409092308419,-1.5312437523931115e-05
2018-06-26,-0.013692431591626315,0.005595919959261625
2018-06-27,0.00856511161324705,0.004594767013219967
2018-06-28,0.0026834691170140867,0.005442734865392816
2018-06-29,0.006677336466254235,0.006007085943841817
2018-07-02,-0.011641575015485755,0.008462096920190119
2018-07-03,0.012335778444961358,0.006634257019539021
2018-07-05,0.015436567388332458,0.005339584887861208
2018-07-06,0.008956975982214642,-0.001060902339727934
2018-07-09,0.0007334067068747537,0.0015017618613798439
2018-07-10,-0.005088494046231914,0.00110139145753226
2018-07-11,0.0170848260392908,0.00038184676223420113
2018-07-12,0.0008354917354587274,0.0004353364566794616
2018-07-13,-0.0023969464359381003,0.0019217659783888992
2018-07-16,0.006064839844514017,-0.0001168648719049449
2018-07-17,-0.001887840649518927,-0.0055778476810669515
2018-07-18,-0.005014496801245664,-0.004424254285017573
2018-07-19,-0.00022345120477308632,-0.004750096286746713
2018-07-20,0.003179475555322786,-0.005282132490225631
2018-07-23,0.0041127162955402466,-0.006323834379570549
2018-07-24,0.013879932016400903,-0.005565338705242054
2018-07-25,-0.015267472130788308,-0.0057297417539708675
2018-07-26,-0.013588153264526226,-0.005730234235791176
2018-07-27,-0.01423208894654865,0.0014156980261178175
2018-07-30,0.0076232022374695405,0.0026514362740442214
2018-07-31,0.0037899188390476883,0.0018344322307145592
2018-08-01,0.013514855922410774,0.0051056303671416356
2018-08-02,0.003058871715739377,-0.001011790399139902
2018-08-03,0.0058690163483255545,-0.0019505441906032068
2018-08-06,0.003636968796576213,-0.0009310443698363493
2018-08-07,0.0012093894058311293,0.000318268429650324
2018-08-08,-0.0006045118750849407,0.002819483639017784
2018-08-09,-0.007670484315324274,-0.00012054702155580781
2018-08-10,-0.0011085246673343708,-0.0010044376583700854
2018-08-13,0.006247083367613211,-0.0005000035017919092
2018-08-14,-0.012310236415573423,-0.0011737242254673144
2018-08-15,0.0032864533131208486,-0.00011543821932459801
2018-08-16,0.0002224199297427035,0.0003457050266868558
2018-08-17,-0.0008899766968561929,0.00025417637884325164
2018-08-20,0.003666059763370194,0.0008029619815092995
2018-08-21,0.0038736144944107828,0.0010852453999309526
2018-08-22,-0.001437020089218134,-0.00014518079734942898
2018-08-23,0.009249130018056361,0.0004529407169226686
2018-08-24,0.010141300589385744,-0.0008703020937747872
2018-08-27,0.0014636132169598703,0.00037915271628159773
2018-08-28,0.01147178327330178,0.000900434009933273
2018-08-29,-0.0017687261746257127,0.002060320419335657
2018-08-30,0.0012866564794386782,0.0007731947665358742
2018-08-31,-0.00429530861733171,-0.005237074355360321
2018-09-04,-0.012997745941970116,-0.00699770756200641
2018-09-05,-0.008979965070109563,-5.44082651340454e-06
2018-09-06,-0.003857604254736934,0.00047834770671372265
2018-09-07,0.0033624594147579428,0.0006077268549806947
2018-09-10,0.007674634753108666,0.005339886219955153
2018-09-11,-0.0029532425073764902,0.0032672180479687055
2018-09-12,0.010623618751451734,0.001116439053992337
2018-09-13,-0.00293064358238451,-0.0018725730183133647
2018-09-14,-0.014507686088092019,0.0006435180197363219
2018-09-17,0.008237731245633645,-0.00042904679043204787
2018-09-18,-0.0007659900795826456,0.0005905766723583441
2018-09-19,0.010995701662278954,4.083709196367025e-05
2018-09-20,-0.005482737725394112,-0.0030824698965974235
2018-09-21,0.0009793254319158547,-0.0013026299346818187
2018-09-24,0.0013585851069379906,-0.00048081837250961955
2018-09-25,0.0007057354870697693,-0.00045928640936166213
2018-09-26,0.008430203938789899,-0.0005235349918976865
2018-09-27,-0.0002152736674802546,-0.000319172219389972
2018-09-28,0.0020432311657264312,-0.0013380880244417462
2018-10-01,-0.0022585511859370185,-0.0005985369829638749
2018-10-02,0.0010761367732104335,-0.0016468271436096585
2018-10-03,-0.019385397865559602,-0.00040922943242342947
2018-10-04,-0.012302585311417136,0.0008553198933706527
2018-10-05,-0.006124740749660544,0.004356648205945616
2018-10-08,0.003234083336302436,-0.0002814291164849183
2018-10-09,-0.044975703784973585,0.004001120854740355
2018-10-10,-0.012480752637967935,-0.009927448050489718
2018-10-11,0.027449967278561815,-0.02011080393897587
2018-10-12,-0.012178028319556262,-0.014074201753294251
2018-10-15,0.028677236302348277,-0.013664905871682481
2018-10-16,0.00039491129113271734,-0.0010493976655790635
2018-10-17,-0.023455293890633867,-0.004992481726450776
2018-10-18,-0.0009243212674268515,0.001638219701782406
2018-10-19,0.005130729267522807,0.0065072410508134025
2018-10-22,-0.0036868524969957068,-0.006729304307550131
2018-10-23,-0.04684711169822581,0.006453222817039689
2018-10-24,0.034010412328105984,-0.0015700442315655467
2018-10-25,-0.02605856319857494,0.003804228787898826
2018-10-26,-0.02079555978811705,-0.0112149316264836
2018-10-29,0.01634549531527351,-0.001528020783732037
2018-10-30,0.02323330809000016,-0.003078234652900917
2018-10-31,0.013104200621984693,-0.009761774775893663
2018-11-01,-0.01569854169974912,-0.005415005000984159
2018-11-02,-0.002482710975556217,-0.006636481028123738
2018-11-05,0.007547205635382904,-0.0038857030595143426
2018-11-06,0.030885573344783188,-0.004367919601047872
2018-11-07,-0.006399290492990261,-0.011555690020242785
2018-11-08,-0.016995611122635305,-0.004970190214879312
2018-11-09,-0.03072611107999357,-0.0006765875287951169
2018-11-12,0.0008413462034759727,-0.0031071199355522856
2018-11-13,-0.00765825191904193,-0.00505960305251064
2018-11-14,0.017342689158425233,-0.001928585351725008
2018-11-15,-0.003516198980181696,-0.005165122420793009
2018-11-16,-0.03301671423254193,-0.0019167432269146356
2018-11-19,-0.018056651473851375,0.00342110325255386
2018-11-20,0.0075736599619895305,-0.009045551212051183
2018-11-21,-0.007259560012804111,0.00042375336888049746
2018-11-23,0.02285104086160025,0.000790929167852178
2018-11-26,0.003370824139853115,-0.008194166810285406
2018-11-27,0.031676039042555934,-0.009635998921783143
2018-11-28,-0.003265551365643885,0.015547814946861789
2018-11-29,0.007229232716751225,-0.0007227910669672916
2018-11-30,0.017325572390455832,0.0009993108357022181
2018-12-03,-0.03911162608428473,-0.010310325715707606
2018-12-04,0.007035295546110326,-0.01206975200920726
2018-12-06,-0.03357308033495098,-0.007591633678039443
2018-12-07,0.010417724052825312,0.0005198450724434697
2018-12-10,0.0033059905217995163,0.0011932419542801582
2018-12-11,0.008762911304216834,0.0003588162778772649
2018-12-12,0.0003028926268801313,0.005036688296706341
2018-12-13,-0.024650214942828805,0.0021229608954680713
2018-12-14,-0.022920220956715802,0.0031910572485942955
2018-12-17,0.0062688190095958095,-0.007986237534888465
2018-12-18,-0.024861481790530035,0.002549935811265307
2018-12-19,-0.01460165438200415,-0.010053759692413969
2018-12-20,-0.03148395838824132,-0.01916911442966974
2018-12-21,-0.027967604275682234,0.015108722919814587
2018-12-24,0.06056723136045197,0.009597547249080875
2018-12-26,0.003862398831293847,0.004242869908083391
2018-12-27,-0.0005228416562475018,-0.0031674676205366613
2018-12-28,0.008397666770678942,0.002988530845702828
2018-12-31,0.004011133022413707,-0.016794490541558998
2019-01-02,-0.033216050008530076,-0.017019927673891818
2019-01-03,0.04189470690407487,-0.008125402840024876
2019-01-04,0.011835210684284714,0.002321705499521212
2019-01-07,0.009004815105431892,-0.019119450530151343
2019-01-08,0.008116420906474743,-0.022732093289524573
2019-01-09,0.0028562577630008123,-0.004093094173544481
2019-01-10,-0.003664941829342028,-0.006275007679963057
2019-01-11,-0.008876167789971951,-0.00949751326405606
2019-01-14,0.01933839217061057,-0.008946249229268304
2019-01-15,-0.0001847688854454118,0.0010955521619967
2019-01-16,0.00785328289194923,-0.004725645542960256
2019-01-17,0.009851697290991493,-0.004178670228630962
2019-01-18,-0.020233582473827443,-0.005510030608111582
2019-01-22,0.001295936495358741,-0.01069191967396969
2019-01-23,0.006454609776679472,-0.005437913229467949
2019-01-24,0.01187770930679204,-0.0032386318858293466
2019-01-25,-0.012429332010859634,-0.003001829767960227
2019-01-28,-0.009486334537200028,0.003553256290128103
2019-01-29,0.025119731798589656,0.0022770266063180922
2019-01-30,0.014857690041312278,0.0017194244881111142
2019-01-31,-0.004231107888427471,0.0029829752911035953
2019-02-01,0.012345103069648124,-0.0061630521204311655
2019-02-04,0.008809077401738462,-0.008209550919819335
2019-02-05,-0.0029863878145905227,0.011651654112238476
2019-02-06,-0.013520501165940713,0.003206827283357179
2019-02-07,0.0019596787648646307,-0.0007971188172378419
2019-02-08,-0.0009496676877072478,0.006351773604950521
2019-02-11,0.01467797285059108,0.006563349795698548
2019-02-12,0.000701959666145026,0.006657576198998311
2019-02-13,0.0012272449893771938,0.0069110433554535515
2019-02-14,0.004196299431958386,0.006700421452980449
2019-02-15,0.0019754814396118663,0.001143349468584463
2019-02-19,-0.0001741502921418817,0.006939359100485995
2019-02-20,-0.003664179514793092,0.0005912213900051505
2019-02-21,0.007372823737709591,0.006164758238723798
2019-02-22,0.003637312401934372,0.00660515857803378
2019-02-25,0.0010368067284400866,0.0012632829493493263
2019-02-26,-0.0006334763666013914,0.006827847149174014
2019-02-27,-0.0023069391395059637,0.005751939471466471
2019-02-28,0.006904912640417012,0.005914559507057918
2019-03-01,0.00017201341747075772,-0.0018649191049375262
2019-03-04,0.0007450497522056488,-0.0015202861060690694
2019-03-05,-0.005687872620895129,0.005732156176032683
2019-03-06,-0.012348340910760211,-0.0009518825354342552
2019-03-07,-0.0015178053118169244,-0.003355180728941838
2019-03-08,0.020584710643374235,0.0012769817832692424
2019-03-11,0.005479153026015892,-0.0003320442434991121
2019-03-12,0.007485149776102208,-0.007426591121484479
2019-03-13,-0.001696257333100815,-0.004484221318787308
2019-03-14,0.00923794098493614,-0.005219146118747263
2019-03-15,0.0005605381312688887,-0.0058268670836305984
2019-03-18,0.0033566465082724988,0.0011271003922191502
2019-03-19,0.003957531432631903,-0.0014985212618328601
2019-03-20,0.015511033248345149,-0.00622903947193433
2019-03-21,-0.02220898193247269,0.004262397093761717
2019-03-22,-0.0019059370083723587,-0.004844025167156542
2019-03-25,0.004646354259867951,-0.0023683574725663946
2019-03-26,-0.006443501772652333,-0.0005081099317398672
2019-03-27,0.002302013874165712,-0.006819466960650687
2019-03-28,0.007542567255105284,-0.007162007081887941
2019-03-29,0.013160267347380612,-0.006830813575059195
2019-04-01,0.0037832103680616336,-0.005207748409682756
2019-04-02,0.005729736556236006,0.007103857402648616
2019-04-03,-0.00038096275189316697,0.011981622171522429
2019-04-04,0.005157869023636058,0.006926199325748876
2019-04-05,0.002541984656603362,0.007206767590371537
2019-04-08,-0.0035172244803363274,0.0071403165480849835
2019-04-09,0.005352087380446658,0.006839291972692443
2019-04-10,-0.0023751698075707016,0.007314542384713329
2019-04-11,0.004314303191934536,0.007028804596773001
2019-04-12,0.00016142484363384295,0.006843701544599914
2019-04-15,0.003437536954676877,0.006099142222751462
2019-04-16,0.0034791952665677657,0.006588909501668468
2019-04-17,0.0012815722371363847,0.0009219374544994393
2019-04-18,0.00282433376308292,0.0005272160092323584
2019-04-22,0.012637981178278824,0.006339474717499206
2019-04-23,-0.003157731164481927,-0.0022884492296401846
2019-04-24,0.0040506118141532535,0.005639330088656212
2019-04-25,0.0008920841249655017,-0.0023102188484891923
2019-04-26,0.001938848303018774,6.600902789491055e-05
2019-04-29,-0.007778050564542763,0.005878267736161759
2019-04-30,-0.0032235079568221584,-0.0026472350211184602
2019-05-01,-0.004349677980297309,-0.003198291810080579
2019-05-02,0.015822280395960616,-0.006807806734052647
2019-05-03,-0.006140945686083469,-0.004350189344562685
2019-05-06,-0.019672068271733352,-0.0036792562565996947
2019-05-07,-0.002526815139760274,-0.0018249743111756166
2019-05-08,-0.005397541036251191,0.0038989482236725867
2019-05-09,0.001244016711263196,0.00268195475012375
2019-05-10,-0.03531914498925434,0.002591113668649583
2019-05-13,0.01091567978093831,-0.012466456647128154
2019-05-14,0.014025475354504458,-0.014318819899288123
2019-05-15,0.009999539872271949,-0.014318819899288123
2019-05-16,-0.01027266690535217,-0.0012546730559826517
2019-05-17,-0.017025673666393366,0.0050420622403071005
2019-05-20,0.010393150106263788,0.007040637728198098
2019-05-21,-0.004464662232278652,0.005497094844026649
2019-05-22,-0.01542046310461944,0.008704939285000235
2019-05-23,-0.0005050363452930988,0.00287417327465738
2019-05-24,-0.003767753648856905,0.008170780530022478
2019-05-28,-0.008259834242374304,-0.006387609733778549
2019-05-29,0.00419501748991083,-0.006968185385988009
2019-05-30,-0.016081550949840796,-0.004487968326888659
2019-05-31,-0.022263831212518126,-0.0010012336012317662
2019-06-03,0.027767485533538947,-0.016743800311751336
2019-06-04,0.007404909661667588,0.0037020355759403295
2019-06-05,0.007913669698596183,-0.00903968320923857
2019-06-06,0.019127866046046306,-0.0009661756560417437
2019-06-07,0.011587487899541555,0.005858258841088913
2019-06-10,0.0013640705975410158,-0.0012620155912250407
2019-06-11,-0.005796483665607762,-0.008297446118308226
2019-06-12,0.005905528974041296,-0.004877915110652817
2019-06-13,-0.004261602909258052,-0.0023845198184996867
2019-06-14,0.006004712621780448,-0.0040316091457063665
2019-06-17,0.014426834037833668,-0.011131864189653593
2019-06-18,0.0037481303249868566,-0.008214792275497568
2019-06-19,0.009256369952324916,-0.007295255349910178
2019-06-20,-0.0014837584196345874,-0.005493410231051496
2019-06-21,-0.00217662602856918,-0.007639161131655982
2019-06-24,-0.01731528961347688,-0.0050355673146066805
2019-06-25,0.004639628521293988,-0.0025208464767195594
2019-06-26,0.0038142354657910204,0.0035412726568356087
2019-06-27,0.0012860359719095475,0.003722184248481377
2019-06-28,0.01340445602430681,0.001425802178493309
2019-07-01,0.003954971274353999,-0.00039794533238455155
2019-07-02,0.007497741245677286,-0.004608962656251247
2019-07-03,-0.0020392697072088863,-0.004608962656251247
2019-07-05,-0.007038583528454972,-0.005304727851608573
2019-07-08,0.004995146700978092,-0.006239240656330413
2019-07-09,0.009916056409384444,-0.006003376939820207
2019-07-10,-0.0007273105416980584,0.0013836002623749183
2019-07-11,0.005752056279141461,0.0014250150159756943
2019-07-12,0.0031985169654163447,0.007102372637990695
2019-07-15,-0.005163967065386027,0.007684603066931221
2019-07-16,-0.004930592576098303,0.00565333009144745
2019-07-17,0.0011439863969265158,0.0050284684789602295
2019-07-18,-0.0073547002360748615,-0.003546248168523301
2019-07-19,0.007926203044200558,-0.005584070019208931
2019-07-22,0.006523112796913776,-0.006623185442589042
2019-07-23,0.00699339508846589,-0.006371108613418573
2019-07-24,-0.009525107412338687,-0.006251805683725712
2019-07-25,0.01024224708040563,-0.006493350023362279
2019-07-26,-0.003436693900847965,-0.0066335946125166915
2019-07-29,-0.0043254444369848575,-0.00595400715297473
2019-07-30,-0.013926643710630796,-0.007209032471710399
2019-07-31,-0.004983616871958593,0.004912762413438983
2019-08-01,-0.014834709134572346,0.0024913931832353806
2019-08-02,-0.035974320392149185,0.007873723139475177
2019-08-05,0.013901704689519826,-0.008401115749707174
2019-08-06,0.005387621532378821,-0.019310813610776766
2019-08-07,0.021530455049628208,-0.010545312769612875
2019-08-08,-0.009446367775719085,-0.014318819899288123
2019-08-09,-0.01154149366320157,0.004477162410965586
2019-08-12,0.021678157497129497,0.004360571436560784
2019-08-13,-0.030340465482212274,0.0069162274378064105
2019-08-14,-0.001149708593424824,-0.004421827203905627
2019-08-15,0.01592295142161403,0.008397592066112907
2019-08-16,0.01577952561113908,0.004960154457894875
2019-08-19,-0.007778408957216297,-0.0010899861411919924
2019-08-20,0.008839248180450392,0.0017409666507195345
2019-08-21,-0.003239084207228336,0.003186824647765479
2019-08-22,-0.0321571116345314,0.0034246697815539006
2019-08-23,0.014991149944020796,-0.0005862251783662095
2019-08-26,-0.0021123907651796787,0.0038512681092534376
2019-08-27,0.0035722055739108222,0.0010271676245520208
2019-08-28,0.015174147082031901,0.00200089683241176
2019-08-29,-0.002397507741557309,0.0009597773358053112
2019-08-30,-0.009755651986010931,-0.0012131746863049682
2019-09-03,0.014332562583566822,0.00016982483842384598
2019-09-04,0.01815313851887923,0.0020175535201761388
2019-09-05,-0.000991209617634152,0.0013420144430415543
2019-09-06,-0.0020899741135886442,0.0026873500340044193
2019-09-09,-0.002880865203825782,-0.0026313129487629846
2019-09-10,0.009345618441981035,6.6313409318873e-06
2019-09-11,0.004148737994441241,-0.005159243689324147
2019-09-12,-0.0035772648770884736,-0.005905701608701239
2019-09-13,-0.004476609422735951,-0.0007024486909536796
2019-09-16,0.004788184436940689,0.001989888227998421
2019-09-17,-0.00041545492911648134,0.0004823796562488257
2019-09-18,0.0016607851025127979,0.003004153501729436
2019-09-19,-0.010635070523235349,0.0010710834441007473
2019-09-20,-0.001573564447430552,0.0004774716617752359
2019-09-23,-0.013369818938251659,0.0009416956778250105
2019-09-24,0.011162660545776122,0.002857434416388093
2019-09-25,-0.0036894576189261683,-0.002556088602256132
2019-09-26,-0.012486546760445324,0.0044150606438348484
2019-09-27,0.009472186615532,0.0018543996006018266
2019-09-30,-0.008189792638023712,0.0024750225989364576
2019-10-01,-0.017343965947386887,0.003189719057668227
2019-10-02,0.010915487174519846,-0.002085133268341168
2019-10-03,0.014618271410890879,-0.0014446386837264158
2019-10-04,-0.003023473991333712,-0.0008926534268179045
2019-10-07,-0.015094222240270763,0.00586286446996984
2019-10-08,0.00971428543522503,0.00024291152468377132
2019-10-09,0.007714650801999696,0.0033930842291532725
2019-10-10,0.012796720084828902,-8.374543776151004e-05
2019-10-11,-0.0001046572476100016,-0.0012348430504309912
2019-10-14,0.012636345048491971,-0.00020276104393913234
2019-10-15,-0.002483444984995618,0.0027816426927710428
2019-10-16,0.0026384557068810112,0.001610554116217512
2019-10-17,-0.009656393173588209,0.0015494752209163705
2019-10-18,0.008829391524138011,-0.00029918567516585973
2019-10-21,-0.007995058681245656,0.0012232686696204411
2019-10-22,0.0019267327021770277,0.003657740778858629
2019-10-23,0.009681419617497473,0.0015254183721395975
2019-10-24,0.007954266658520549,0.0004096363103867612
2019-10-25,0.009816716254157263,0.001100209033358493
2019-10-28,-0.007774231883966922,0.002368264913635614
2019-10-29,0.004834245986917556,-0.0026366769422845526
2019-10-30,0.0004567716474980824,-0.0053765868257749615
2019-10-31,0.009041607245647412,-0.00621810828081668
2019-11-01,0.006165896668277908,-0.005565899190044474
2019-11-04,0.0005495740939203912,0.007546406097383511
2019-11-05,-0.0022501697120903314,0.007588400311469094
2019-11-06,0.003348412633977959,0.0007667190673394182
2019-11-07,0.003983473872781267,0.006934627914118474
2019-11-08,-0.0013426491984429654,0.0069229559263907555
2019-11-11,0.0028819895724225258,0.006358985837633028
2019-11-12,0.0002480589400759404,0.0065833871464084015
2019-11-13,-0.0007940053019995118,0.006382035017870002
2019-11-14,0.007320604489200247,0.006726845814085609
2019-11-15,0.000788216209093131,0.0011150337235520183
2019-11-18,0.0014762329223581103,0.00040995364277479575
2019-11-19,-0.006016984024204093,0.006588909501668468
2019-11-20,-0.0022285511266138605,-0.008186750735122752
2019-11-21,0.0006443139518616686,-0.0018903476074248022
2019-11-22,0.01177208521536425,0.0034075943770401377
2019-11-25,0.001907884051076143,-0.00018373038197707587
2019-11-26,0.006964596518916411,0.006516936796442104
2019-11-27,-0.004572659619049487,0.0008926011476744299
2019-11-29,-0.010291686036547525,0.006758874917168173
2019-12-02,-0.007863347556997443,-0.002249441923617383
2019-12-03,0.005051516288696206,-0.0039366177105603925
2019-12-04,0.0019740419972102655,-0.001517529458077949
2019-12-05,0.01064178936771184,0.0014176176882105343
2019-12-06,-0.004546906897413791,-0.00018483193576861553
2019-12-09,-0.000833394660584824,-0.0025376696892209435
2019-12-10,0.005282735823007295,4.798044801333394e-05
2019-12-11,0.007436423975283547,-0.0007206494945068885
2019-12-12,0.003287409293690927,-0.00021559789881554287
2019-12-13,0.009989037580187184,-0.005494538137408981
2019-12-16,0.0005732575516467078,-0.005639772690471382
2019-12-17,0.0007638325668555764,-0.005073690176940085
2019-12-18,0.006232031777723047,0.006938964419546583
2019-12-19,0.004023007532044888,0.0005228055590331787
2019-12-20,0.0004722327250583983,-0.0013408152961456457
2019-12-23,0.0005191985579071437,-0.002478983044760386
2019-12-24,0.008785379848502394,0.005867934527159923
2019-12-26,-0.0008423023427331089,0.0071490371926019505
2019-12-27,-0.0065755720466250086,0.0004044181087182388
2019-12-30,0.0018831510673159289,0.0007166693274341758
2019-12-31,0.01655937272161428,0.0007166693274341758
2020-01-02,-0.009202091239159759,-0.0013704884294453126
2020-01-03,0.006422510092566968,-0.0025831981423330066
2020-01-06,-0.0001391820735736144,0.0011150337235520183
2020-01-07,0.007488247989108504,0.0010439041859396127
2020-01-08,0.008437707692667998,-0.0015016411108177141
2020-01-09,-0.0025604695987694144,0.0004344577868509107
2020-01-10,0.011470834502019503,0.0001423640666550921
2020-01-13,-0.0039453149604297445,0.0005260938158730674
2020-01-14,0.0004088586087619618,-0.0014591405581983593
2020-01-15,0.009537873186639468,-0.002652336354754734
2020-01-16,0.004936508700959959,0.005450026847357366
2020-01-17,-0.00044776788461378024,0.00047260359311193884
2020-01-21,0.002638937011723337,0.00031255185868422024
2020-01-22,0.003210991475841103,-6.363984971045756e-05
2020-01-23,-0.008450943452309423,-0.001963933733291031
2020-01-24,-0.020871901055738516,-0.005243525034755131
2020-01-27,0.015243157161623895,-0.004259115577866245
2020-01-28,0.0016243291934908508,-0.0005435417664305231
2020-01-29,0.003555279278746457,-0.001646718308710332
2020-01-30,-0.01598512539403634,-0.0036953882856214613
2020-01-31,0.014996316827695113,-0.004485902920048055
2020-02-03,0.022630731288667275,0.0022311951254696118
2020-02-04,0.003291714442763105,0.002984157285053652
2020-02-05,0.00859497885114986,-0.0013397356644368986
2020-02-06,-0.0043100700170990705,0.013392970654293259
2020-02-07,0.012013068119594543,0.012251584673259552
2020-02-10,0.00017242122547983998,0.012191039873251732
2020-02-11,0.009693822157034635,0.0018210979671950127
2020-02-12,-0.0012813943321770454,0.007604570542985895
2020-02-13,0.002859522658679185,0.007508270800129403
2020-02-14,0.0003834927716002056,0.0070479144708768
2020-02-18,0.009539831947798047,0.006786497882176223
2020-02-19,-0.009326843938217796,0.0066434796523147455
2020-02-20,-0.019396371980848107,-0.001938244682679956
2020-02-21,-0.039326681333394425,-0.004382025372598751
2020-02-24,-0.027568372879632246,0.007494879975930952
2020-02-25,0.005140685165976546,0.021163554751839238
2020-02-26,-0.051371097235173975,-0.00832306303931754
2020-02-27,0.0007777562126453683,0.01686631455361891
2020-02-28,0.05031614074355332,0.021995336040082566
2020-03-02,-0.03259269473221566,0.004052534757490449
2020-03-03,0.04087545881566572,0.0019096334969168642
2020-03-04,-0.03085328833875516,-0.013987891801566853
2020-03-05,-0.017016210963210415,-0.013405990302296479
2020-03-06,-0.07199502476753283,-0.019748416395988063
2020-03-09,0.053019860048496924,0.017268084256969164
2020-03-10,-0.04453193645913227,-0.00753249589225234
2020-03-11,-0.0961711178699663,0.0017001520689305426
2020-03-12,0.08130862940748297,0.034878434024416066
2020-03-13,-0.12759235014524606,-0.005995540275358955
2020-03-16,0.0731033330005828,0.04181431575383202
2020-03-17,-0.030888333969812817,0.05588678353236035
2020-03-18,0.005984323171695342,0.03874957354209791
2020-03-19,-0.039963981541159974,-0.017921863788415104
2020-03-20,-0.0014069647062431945,0.02549095727478144
2020-03-23,0.07458555709122454,-0.020696914099324195
2020-03-24,-0.007432540500758729,-0.011228785431473407
2020-03-25,0.05132072132903687,-0.0048894624774419365
2020-03-26,-0.03499826972234012,-0.001979431368331958
2020-03-27,0.03572755037142548,0.008393650187591858
2020-03-30,-0.008576561305474645,-0.034763572814202275
2020-03-31,-0.04341858754189147,-0.04163269964743759
2020-04-01,0.020091900893485837,-0.021931000169667206
2020-04-02,-0.01429446614778619,-0.04052325003719623
2020-04-03,0.06905467539770443,-0.03088063741495818
2020-04-06,-0.00040724903841207315,-0.029211206860037187
2020-04-07,0.02100991707758992,-0.031763707694295366
2020-04-08,0.0014448349672376408,-0.01955811659260088
2020-04-09,0.010745603408956932,-0.002943891806683208
2020-04-13,0.04257192779420026,-0.0025195494753080527
2020-04-14,-0.011536124517930372,-0.010709475181593204
2020-04-15,0.01807563172136864,-0.015982110348677366
2020-04-16,0.009520770101448988,-0.0032096577072933774
2020-04-17,-0.01191519364971863,-0.013103689098676695
2020-04-20,-0.03759751306441115,0.017845969009747525
2020-04-21,0.029242693513624136,-0.0062251028902670985
2020-04-22,-0.002135282787153628,-0.010156986541064415
2020-04-23,0.015647411345085363,-2.3334220980470593e-05
2020-04-24,0.008011221234632293,0.005101942772863099
2020-04-27,-0.01901429457896329,0.011037393095941154
2020-04-28,0.0348467313301681,-0.000761996506804284
2020-04-29,-0.0004110433708623841,0.0072849822504042275
2020-04-30,-0.0285899236221196,0.0033924483134193492
2020-05-01,0.011589997948727353,-0.0032957286776552426
2020-05-04,0.01127345149566946,-0.0008709720518798521
2020-05-05,0.006137517548585299,0.0074701622290153456
2020-05-06,0.012794512360094793,0.00033178294099002687
2020-05-07,0.013611744145018059,-0.02953643176330318
2020-05-08,0.008899179887155818,-0.01893284739354375
2020-05-11,-0.021159389835362852,-0.0007038901544332433
2020-05-12,-0.012594739041343601,-0.011626359424235433
2020-05-13,0.011288285426079897,0.007775858731095258
2020-05-14,0.0064704786522029965,-0.005930743000419483
2020-05-15,0.018460697325976636,-0.003279068071431583
2020-05-18,-0.0025094116054256957,-0.040599547453667666
2020-05-19,0.019771511483120865,0.0009880220985341
2020-05-20,-0.010950441843769747,-0.020145789191885866
2020-05-21,0.0034457975777955527,0.02085236121974329
2020-05-22,-0.0027032935581837035,-0.0014504226964854687
2020-05-26,0.005442723470065124,-0.0032653668253363206
2020-05-27,-0.0013035545428058872,0.008817195069889126
2020-05-28,0.014546495842347183,0.01697669814320537
2020-05-29,0.002995167187154145,-0.01277111449773163
2020-06-01,0.006685285389661786,0.002124011886878142
2020-06-02,0.004488489920437749,-0.0024678537447905768
2020-06-03,-0.00703810248588276,-0.0025054392637577218
2020-06-04,0.019633256184062066,-0.006641058867076501
2020-06-05,0.007730069245516757,-0.011731931720938678
2020-06-08,0.007218758789061334,-0.008143996841939227
2020-06-09,0.011930195429991896,-0.00735412257742785
2020-06-10,-0.050818863428657046,-0.005699586526098834
2020-06-11,0.007916619341491557,0.002143511906713722
2020-06-12,0.012093778228536302,-0.004468767216029926
2020-06-15,0.017026989430914203,-0.017146378035879963
2020-06-16,0.003165665480059003,-0.01907255925476006
2020-06-17,0.002705474083121122,-0.010683955562635392
2020-06-18,-0.00016375992831157749,0.008167327066219109
2020-06-19,0.010183802216696122,0.026996782647502576
2020-06-22,0.00847496900350045,-0.01760691186005655
2020-06-23,-0.020831125799264,-0.005916779371161274
2020-06-24,0.009474485868874432,0.0219362928207538
2020-06-25,-0.023898309590085345,0.006649326096078123
2020-06-26,0.010847620135889108,-0.009469009411766151
2020-06-29,0.0194117505482076,0.005639633657988353
2020-06-30,0.011604458757967192,0.00577755824494102
2020-07-01,0.006763772105707646,0.005125039897737591
2020-07-02,0.024287299795076073,0.009275432186789058
2020-07-06,-0.006912648885671197,-0.0176210643685902
2020-07-07,0.013085746153881533,0.011717392198742013
2020-07-08,0.00838812203226087,-0.02117838052298774
2020-07-09,0.006804169555916021,0.016670870199577005
2020-07-10,-0.02078503946977746,0.00369379568658434
2020-07-13,0.00705327546846138,0.0003434970015862754
2020-07-14,0.0020334958184196005,-0.005196810636062071
2020-07-15,-0.006845917279608777,0.008381343855886665
2020-07-16,0.0011570950494533103,0.011344317388420936
2020-07-17,0.027975978800370758,-0.005661869332910262
2020-07-20,-0.010475245566581772,-0.010386625343317798
2020-07-21,0.003516537002504505,0.012874077404008913
2020-07-22,-0.026467296288418055,-0.009548272595616344
2020-07-23,-0.00954112812625999,0.012308109738546055
2020-07-24,0.017685847266808614,0.0016481730328296693
2020-07-27,-0.01280655113334984,0.01000402027754149
2020-07-28,0.011460112260218213,-0.008790349690222157
2020-07-29,0.0052217434832553524,-0.013143192988990943
2020-07-30,0.017688155687949517,0.004932078684451197
2020-07-31,0.013416498871644502,0.002921189436190605
2020-08-03,0.003705354765590484,0.012672753679303981
2020-08-04,0.002474928770087851,0.016690859572748844
2020-08-05,0.013157843443089273,0.01697280741185249
2020-08-06,-0.011609513118284858,-0.016961033130583697
2020-08-07,-0.004282187502634627,0.02408120963215936
2020-08-10,-0.01912289831839963,-0.0033262492775046563
2020-08-11,0.024840677696984486,-0.0015258285949013035
2020-08-12,0.0022779890072762285,0.005389326957764893
2020-08-13,-0.0011750882668264944,0.00740956523441778
2020-08-14,0.01154392888261178,0.0050445637061615305
2020-08-17,0.009579136668310152,0.0060784313406676335
2020-08-18,-0.0067500752623646226,0.013672413517548287
2020-08-19,0.013776452977931408,0.00632543134430717
2020-08-20,0.006906399826374104,-0.030034069212799247
2020-08-21,0.006224600115618665,0.03294348605086957
2020-08-24,0.007831608624936195,0.016989813355647334
2020-08-25,0.021114626102462394,0.014244071447758263
2020-08-26,-0.0031217328656869413,-0.005192481432858255
2020-08-27,0.005072151797392749,0.02141952979251053
2020-08-28,0.008001268406375795,0.002157096370614615
2020-08-31,0.016947278506143453,0.019101112424584902
2020-09-01,0.009424640013310049,0.0037502896338345304
2020-09-02,-0.052030644690160055,-0.0029224356940781827
2020-09-03,-0.013415497441394782,0.0006778431949525431
2020-09-04,-0.049257513645115845,-0.00485002540024896
2020-09-08,0.028952609160384182,0.02884214745632022
2020-09-09,-0.02013808012825101,-0.00596852023744243
2020-09-10,-0.006964047378993226,-0.0006355686180226983
2020-09-11,0.017265508340377485,-0.006380519456384624
2020-09-14,0.014074065806247149,-0.015396328217940538
2020-09-15,-0.016074903187286063,-0.012527406306272408
2020-09-16,-0.01574546687074002,-0.006585735705816654
2020-09-17,-0.012844793961652275,-0.010246860440337246
2020-09-18,0.002395300370515444,-0.011093152363816972
2020-09-21,0.018408268099480398,-0.011043484919171755
2020-09-22,-0.031010236742560208,-0.014217477392882257
2020-09-23,0.004645462041286863,-0.006455709213224475
2020-09-24,0.02298266722034154,-0.009015930773869182
2020-09-25,0.020556157882301706,-0.011275055452098753
2020-09-28,-0.004519577430237831,-0.014006037765926039
2020-09-29,0.0068257185503082535,0.00046919821537458567
2020-09-30,0.015747794593952917,-0.00214568955611211
2020-10-01,-0.028534349316172852,0.0005685088446499704
2020-10-02,0.02110201482394332,-0.0007074240391201316
2020-10-05,-0.01800812187972839,-0.0012121076626794287
2020-10-06,0.017151101401619205,0.0028873026563782395
2020-10-07,0.005308832592146711,0.0016394422586237093
2020-10-08,0.015164629722688495,-0.0015466035160879108
2020-10-09,0.030403555101380864,-0.002482239638084824
2020-10-12,-3.395297513267283e-05,0.005364886096685854
2020-10-13,-0.008387651888190573,-0.005217191764975031
2020-10-14,-0.00673356948496699,0.011293506796129766
2020-10-15,-0.005495943734858389,-0.00015589629752736195
2020-10-16,-0.016459982666557803,-0.0020193633546593905
2020-10-19,0.002147094329006428,0.007308306724974105
2020-10-20,-0.0007738304993959688,0.009811790853262652
2020-10-21,-3.518834562357422e-05,0.009256913416990958
2020-10-22,0.0019686429756704165,0.0008416902573868646
2020-10-23,-0.015109715814265623,0.007388655505483687
2020-10-26,0.007777994568670778,-0.00120438808595618
2020-10-27,-0.03976710169441418,0.00992008681886133
2020-10-28,0.017335251543359836,-0.003603652247110354
2020-10-29,-0.025689889618281503,-0.014318819899288123
2020-10-30,0.0022248600100122913,-0.0014508321935866437
2020-11-02,0.01714967760794821,-0.009497020388882012
2020-11-03,0.04367101794155256,-0.014318819899288123
2020-11-04,0.025736841156330015,0.0051431797944804895
2020-11-05,0.0007470288972188503,0.003767541755389617
2020-11-06,-0.020645452078936744,-0.010567837549460413
2020-11-09,-0.01807709930806962,-0.017396662662310578
2020-11-10,0.022123097738378752,0.00037983378078256614
2020-11-11,-0.0047045887243092385,-0.010617487283654933
2020-11-12,0.008734282995769406,-0.013213982711371931
2020-11-13,0.007772281605933004,-0.00284068017971438
2020-11-16,-0.0031769374424037372,0.0030076196960928756
2020-11-17,-0.007417871164728044,0.0012879383546576962
2020-11-18,0.0077941646781052604,0.0061084815030595764
2020-11-19,-0.0068639160279282,0.0062614565336479005
2020-11-20,3.4437040484108845e-05,0.00444001936570123
2020-11-23,0.013952283234605959,0.004330219770304317
2020-11-24,0.00612782281445665,0.005515957992032788
2020-11-25,0.009172064502386107,0.007254076867969405
2020-11-27,0.002037987441761449,0.009610499018645073
2020-11-30,0.012734801007859153,0.0036520263139520554
2020-12-01,0.0012843524842693767,0.006687578981073577
2020-12-02,0.0014141715477361122,0.0030319912404434594
2020-12-03,0.004066912788160347,0.002582433309380397
2020-12-04,0.005646505528883403,0.00259868238574571
2020-12-07,0.0033791499808835546,-0.004297210388285819
2020-12-08,-0.02290126332941784,-0.004208052835401061
2020-12-09,0.004007755890218727,0.010152758662227257
2020-12-10,-0.0022171857453934405,-0.0003343283480782374
2020-12-11,0.007229066455404554,-0.0017385165207422014
2020-12-14,0.010632655418713268,-0.004553663982357482
2020-12-15,0.005484622767350809,0.00010124797871469249
2020-12-16,0.006516362295330397,0.00033939031850496303
2020-12-17,-0.003027085041017978,0.001143349468584463
2020-12-18,-0.003683483437152897,-0.0011570081119492573
2020-12-21,0.0027154603871490683,-0.001459513212221881
2020-12-22,-0.0050488812021968615,0.0006898307700241706
2020-12-23,0.00440301151624309,0.004825469865217295
2020-12-24,0.010028368949871249,0.0052306861016467275
2020-12-28,0.000895083494322645,0.0060720730310850545
2020-12-29,3.1952454750163e-05,0.0009892264229931947
2020-12-30,0.002457278126891703,0.006718288924980504
2020-12-31,-0.014220607189549749,0.006545252541474548
2021-01-04,0.008210358918194898,-0.0005060035424389527
2021-01-05,-0.01394920906919252,0.0011163086874643499
2021-01-06,0.02390398465888784,-0.001776354365005686
2021-01-07,0.012775997503708074,0.004856742311594446
2021-01-08,-0.014555470486774837,-0.0014902992490828395
2021-01-11,-0.0015914953863695644,0.0012277955863674499
2021-01-12,0.006730611477534357,-1.271072867843328e-05
2021-01-13,-0.005361773025462388,0.005157402951573188
2021-01-14,-0.007952645672330727,0.0034451798960072845
2021-01-15,0.014484471799893239,-0.0002476307360939942
2021-01-19,0.02299454621082845,0.00821790122985529
2021-01-20,0.007967679393138392,0.005231936160343653
2021-01-21,-0.002884410849426464,0.007717330067380449
2021-01-22,0.008232262304071238,0.011974883404243214
2021-01-25,0.0014618549885205613,-0.0023673767251131766
2021-01-26,-0.02827261552217471,0.008909624010751765
2021-01-27,0.0058993538240218,-0.0040462675996946525
2021-01-28,-0.021262674346810048,-0.002586811940535339
2021-01-29,0.02468020648905085,-0.007436618813447425
2021-02-01,0.016182478963235894,0.005490063960236468
2021-02-02,-0.003975175708299717,-0.0011242893670730793
2021-02-03,0.011757316150354732,0.0049356861322211
2021-02-04,0.0033857347941309247,0.006254530294840606
2021-02-05,0.00667731900175306,0.014220330648292302
2021-02-08,-0.0002098667353937527,0.01538505568176913
2021-02-09,-0.002281392638412293,0.00785977532373924
2021-02-10,0.005484556627913661,-0.006950634426138301
2021-02-11,0.005573535731192325,-0.003861491423790998
2021-02-12,-0.0027083752920725175,-0.0037723338709062396
2021-02-16,-0.004809784169010312,-0.008746319994993158
2021-02-17,-0.004381759711816011,0.01521719298487336
2021-02-18,-0.0043708339490337285,-0.00015939483964615622
2021-02-19,-0.026261724096994198,-0.001361159633034302
2021-02-22,-0.0029817390708824745,-0.003603652247110354
2021-02-23,0.008209336542648703,-0.01005660316416784
2021-02-24,-0.035484757886493024,-0.00994607834080194
2021-02-25,0.004178834414212891,-0.012733799026028378
2021-02-26,0.02963853594338448,-0.007194023858467293
2021-03-01,-0.016168828388042816,-0.009575286833308994
2021-03-02,-0.029449511731557607,-0.00996597660051934
2021-03-03,-0.016502347555351262,-0.004202886675921289
2021-03-04,0.014948546906083337,-0.018450385022270525
2021-03-05,-0.028722686935868304,-0.013288840500978661
2021-03-08,0.038683281818360685,-0.007222321498555345
2021-03-09,-0.002858750842764795,-0.0035231729766459986
2021-03-10,0.02277017540415294,-0.008801768721033155
2021-03-11,-0.008145269973954867,-0.007358043344906124
2021-03-12,0.010626154315155074,-0.0045760964327637346
2021-03-15,0.005473809823251982,0.00162111309586615
2021-03-16,0.004109083107027532,0.0008319798963804501
2021-03-17,-0.03110955358465,-0.009387357606751627
2021-03-18,0.0035189901632644116,0.005087017696178363
2021-03-19,0.0173174094195227,-0.0009353891823815887
2021-03-22,-0.0043722448274856164,0.0030912739488427278
2021-03-23,-0.01700910516227394,0.004032881954876907
2021-03-24,-0.0017329914478391893,0.004448243773100669
2021-03-25,0.014888770721611318,0.0009900563105597945
2021-03-26,-0.00028485069268892343,0.004515996136959149
2021-03-29,-0.005045787644018939,0.0001630890221348695
2021-03-30,0.015186968030459005,0.0014249191549091619
2021-03-31,0.01690268608692829,0.0030654301851906866
2021-04-01,0.019768192003263404,-0.003603612521987875
2021-04-05,-0.0006950005567801158,0.0019016835634603495
2021-04-06,0.002415314259151531,-0.008480731541028077
2021-04-07,0.010379574212382154,0.009713070335854649
2021-04-08,0.006039977302311998,0.009580834732156552
2021-04-09,-0.0013060644796407015,0.011113880748244327
2021-04-12,0.01160554612030789,0.0064935745823311
2021-04-13,-0.012080901903346255,0.006966495072769083
2021-04-14,0.015041869165381671,-0.001503147953195976
2021-04-15,0.0011702409105900607,-0.03008860364483621
2021-04-16,-0.009193913988171723,-0.001359973522473624
2021-04-19,-0.007315408240020385,-0.0050420274335442675
2021-04-20,0.008524544739576688,-0.004113801688910679
2021-04-21,-0.01212783030467,-0.01194310632477488
2021-04-22,0.012510909975191366,-0.0009859295307711954
2021-04-23,0.006490001489219565,0.004472074604655495
2021-04-26,-0.004341583281269299,0.0063216576336864935
2021-04-27,-0.003386589410619481,0.005750219589485132
2021-04-28,0.0035923598009865968,0.004346059449030684
2021-04-29,-0.006576157934902984,0.0001073559728459303
2021-04-30,-0.005339832914267156,-0.0011235961722431032
2021-05-03,-0.018159669412871823,0.01276233892378632
2021-05-04,-0.0033678749008255334,-0.01005660316416784
2021-05-05,0.00750904306488462,-0.00994607834080194
2021-05-06,0.008081641077839272,-0.00994607834080194
2021-05-07,-0.02557870223919006,-0.00994607834080194
2021-05-10,-0.0013823400606920969,-0.003603652247110354
2021-05-11,-0.026223863358230678,-0.01005660316416784
2021-05-12,0.007701655408374812,-0.012932838293082519
2021-05-13,0.021836619454164537,-0.009129080054430128
2021-05-14,-0.006084837459010255,-0.017353273348916037
2021-05-17,-0.006773605843868769,-0.013000430050147255
2021-05-18,0.0011476250077039113,-0.013000430050147255
2021-05-19,0.019158732825197068,-0.007565388772454369
2021-05-20,-0.0055501484263233624,0.001517807293783718
2021-05-21,0.016679183362210984,-0.004969315724400856
2021-05-24,0.001382461000368488,0.001898988675108466
2021-05-25,0.003477742974527666,0.0005847902215204052
2021-05-26,-0.003748074131839679,-0.0025410560331604456
2021-05-27,0.0031493254985583545,0.0010022868978607328
2021-05-28,-0.003329586878045952,0.0016095086324333407
2021-06-01,0.001951102991795995,0.001430613277533164
2021-06-02,-0.010460251826468162,0.002565996354206991
2021-06-03,0.0168273201325253,0.003046046768675916
2021-06-04,0.0029753071636545734,-0.00016792745161027878
2021-06-07,0.00047522871275754457,0.0006000030740056147
2021-06-08,0.00023752969232825201,0.0008683505408792609
2021-06-09,0.010366459732169186,0.0018627706667999528
2021-06-10,0.0026115421465336456,-0.006223710827939863
2021-06-11,0.009537075568124666,-0.0003331358984711707
2021-06-14,-0.0065524354593130075,0.00017154131351120746
2021-06-15,-0.0036588797825768374,-0.002167257180306192
2021-06-16,0.012617636617555295,0.0007274065870948285
2021-06-17,-0.007878291253658777,3.24669711709563e-05
2021-06-18,0.005036474059128624,-0.0010051319292565548
2021-06-21,0.009278461777933037,0.0017313202908043814
2021-06-22,0.0004889905319567756,-0.003565805312383818
2021-06-23,0.006163745271424475,1.820127747322477e-05
2021-06-24,-0.001229713460175908,-0.0025101136253235187
2021-06-25,0.012088262448238272,-0.0014363618876182035
2021-06-28,0.0036122517054466975,0.0015169261891743839
2021-06-29,-0.0015787548034030489,-0.002802249477841605
2021-06-30,0.00039492243108482346,-0.0037230041730729573
2021-07-01,0.011413312154925042,-0.0009257981568214066
2021-07-02,0.004312570155042753,0.002672888448726129
2021-07-06,0.0021077745829432924,0.012409791311157313
2021-07-07,-0.0060579299363442635,0.013303891759360982
2021-07-08,0.006224144131419101,-0.010194605392371976
2021-07-09,0.003898101503766811,0.008331271449804034
2021-07-12,0.0,0.013402936885662527
2021-07-13,0.0017918928556496538,0.003163709530210188
2021-07-14,-0.007048219451452386,-0.003081648047911877
2021-07-15,-0.0081323903888498,-0.014762565927227436
2021-07-16,-0.008227263613804086,-0.00683374450103714
2021-07-19,0.011549479430646919,0.008305370077388458
2021-07-20,0.0076907438140083025,0.004992651639236595
2021-07-21,0.006588492634056672,-0.004868558959847565
2021-07-22,0.011609773234710484,0.004697583515402074
2021-07-23,0.000787305420135338,0.001855507574778364
2021-07-26,-0.011079085108937655,0.002293252091980857
2021-07-27,0.0038342555122185583,-0.003320854263289738
2021-07-28,0.0017752049560930741,0.0018374479058007008
2021-07-29,-0.005225372672094733,0.0020301731550015864
2021-07-30,8.228533817067499e-05,-0.0016035528320050118
2021-08-02,0.006043140579645751,0.0016378864376042069
2021-08-03,0.0014438468761805681,-0.0013783937518359844
2021-08-04,0.006322866073766327,-0.0006400334331435818
2021-08-05,-0.004391917269440143,-4.173932342188519e-05
2021-08-06,0.0018458703902841309,-0.0027408007368745517
2021-08-09,-0.005138883204255737,-0.001962886017227775
2021-08-10,-0.0017188463409254868,-0.0038669398376627493
2021-08-11,0.0035980086243709553,0.003981953343812462
2021-08-12,0.003503772172784234,0.0026199578381323604
2021-08-13,0.00043372188264625836,-0.000876072799643935
2021-08-16,-0.00884708578445474,-0.0017902938803478986
2021-08-17,-0.009671202121204325,0.009186826866770425
2021-08-18,0.004819817364529783,8.546698646258555e-05
2021-08-19,0.010305001741887896,-0.0013169058901330952
2021-08-20,0.014845878364131624,-0.00359001363401536
2021-08-23,0.0030497615933632012,0.002506377489327764
2021-08-24,0.001147937176394563,0.0015946418546262547
2021-08-25,-0.006370300710650763,0.0011899598422098101
2021-08-26,0.009673271056733873,-0.002050995236925225
2021-08-27,0.011159708571089812,0.0016483339628455011
2021-08-30,-0.0008155641656460647,0.001319816230673534
2021-08-31,0.0016567397580668738,-0.0035854005094292174
2021-09-01,-0.00047307420262558984,-0.0043563189284339015
2021-09-02,0.0030709894602675763,-0.0007035660742753574
2021-09-03,0.0014142051382750387,0.0010551289706688673
2021-09-07,-0.003486744740247531,0.0003768077081166724
2021-09-08,-0.0034462382019701393,0.000996180005806464
2021-09-09,-0.007618479829333519,0.0006836546181935701
2021-09-10,-0.0006906444518269576,-0.0021364875764932198
2021-09-13,-0.002847298987171167,0.0031195586694229677
2021-09-14,0.007407342945050394,0.004564120463994508
2021-09-15,0.0006875033323840259,0.001382105590905359
2021-09-16,-0.011912816713777053,0.007472454556950542
2021-09-17,-0.0219878234675504,0.0006290294373650561
2021-09-20,0.0012297603517432778,0.005811884377927204
2021-09-21,0.009297082134913773,-0.00832144265343542
2021-09-22,0.00918463126130792,-0.0026283383802400274
2021-09-23,0.0009379481064417124,-0.005182663201231984
2021-09-24,-0.008014242550443675,-0.01667067090389809
2021-09-27,-0.028705649336571663,0.005804566227080982
2021-09-28,-0.0016408263432440527,0.0049223931328852945
2021-09-29,-0.003680780464825134,0.015131151156532557
2021-09-30,0.006182658177149255,0.014865344381954323
2021-10-01,-0.02121291663919265,0.009398963645143855
2021-10-04,0.013408651597901122,0.030085618103352037
2021-10-05,0.006387302937156843,0.0017237808708008538
2021-10-06,0.009133241833824296,0.019051859938221068
2021-10-07,-0.004999112782217772,0.005068000050845569
2021-10-08,-0.007699294513479498,0.0009490227282005677
2021-10-11,-0.003493917156820374,0.012627724081444108
2021-10-12,0.007976169681177127,0.009109929727769691
2021-10-13,0.018249133667863255,0.004528333306454613
2021-10-14,0.00628086407541458,0.005490901110022776
2021-10-15,0.010005612134269403,-0.001358151482480306
2021-10-18,0.007538933209466775,-0.0009957501472096857
2021-10-19,-0.0013058833223649194,0.003743084077917107
2021-10-20,0.006088420269777251,0.0028008951498620224
2021-10-21,-0.008437970130481507,0.0018611459414178378
2021-10-22,0.010185851931408342,0.0028493428165576114
2021-10-25,0.0031437843738238436,0.0042018432251317555
2021-10-26,0.002318475061098662,0.0035358949976806294
2021-10-27,0.011044052479865151,0.0035358949976806294
2021-10-28,0.004906997760394209,-0.00017817954350118044
2021-10-29,0.003412884353118211,-0.0008839369442321037
2021-11-01,0.0041726827491301915,0.0017631260580945722
2021-11-02,0.010559652216521309,0.0023376855967732835
2021-11-03,0.01273709410642825,-0.006066550816048602
2021-11-04,0.0009537913928057214,-0.008962963516587706
2021-11-05,-0.0013556600876199409,-0.005683776112972053
2021-11-08,-0.006907184183091345,0.003910511331071933
2021-11-09,-0.014806024585800263,-0.017153744210774813
2021-11-10,0.002768877554163168,-0.015415319831998942
2021-11-11,0.010467566192455393,-0.021786750395421703
2021-11-12,-0.00022804728279137606,-0.03092430805906328
2021-11-15,0.007095720591660171,-0.0033528058335046892
2021-11-16,0.0005282686746333988,-0.013775367866938766
2021-11-17,0.010308079965318295,-0.024781378870716422
2021-11-18,0.005560120561933046,-0.025601857001205784
2021-11-19,-0.011677111110379373,-0.015938733942174488
2021-11-22,-0.004568395706012971,-0.02313004258897067
2021-11-23,0.0032151137913405585,-0.014923721536180882
2021-11-24,-0.019140793993840992,-0.00039869512106911384
2021-11-26,0.021470308479568136,0.009394368260591212
2021-11-29,-0.014795294523206165,0.008990493552920116
2021-11-30,-0.017159229631960916,-0.00552935014786754
2021-12-01,0.007181220776543654,0.013541938141241022
2021-12-02,-0.017541586085326414,0.006714460244003619
2021-12-03,0.007981012818133649,0.0020261004991882436
2021-12-06,0.029669408363203285,-0.017653668097585985
2021-12-07,0.004464293128685528,0.0019210402180375088
2021-12-08,-0.01482367628729479,-0.008010754042601664
2021-12-09,0.010811735397927026,-0.0004141550677553553
2021-12-10,-0.014552245363570197,-0.00014702981729533259
2021-12-13,-0.010404214498454975,0.0024561436566622537
2021-12-14,0.02254154660631013,-0.005120964224387713
2021-12-15,-0.026051046492457604,0.0026897814814958953
2021-12-16,-0.005001630122329328,-0.004150349438130185
2021-12-17,-0.0110241450851296,-0.018893045332667495
2021-12-20,0.022133648071197855,0.016797529939740697
2021-12-21,0.01210495397919556,-0.011094627894481228
2021-12-22,0.007510751354343647,-0.006291969551984432
2021-12-23,0.01639217114059394,0.0009149271583078221
2021-12-27,-0.004645451720718656,0.001858449789790353
2021-12-28,-0.00014940983144479713,0.0009062986582167651
2021-12-29,-0.002992894115828358,0.001658196346044385
2021-12-30,-0.006264114695098959,0.0033526967580930333
2021-12-31,0.009580701902906243,0.0006361239468653676
2022-01-03,-0.013055375556939287,0.0024149283360339457
2022-01-04,-0.03120290027477018,0.0015921765986546123
2022-01-05,-0.000702841329970304,-0.0014509367787010935
2022-01-06,-0.010891870780680239,-0.006290718812100879
2022-01-07,0.0006579207311287267,0.014741585721859744
2022-01-10,0.014910254944524382,0.006045226675417605
2022-01-11,0.003957737618168435,-0.002528082283204682
2022-01-12,-0.025334357124479623,0.007031775989685344
2022-01-13,0.006203248210218904,0.003056892660336533
2022-01-14,-0.02520917976628285,0.003508623569779685
2022-01-18,-0.011044438818881175,0.0034450578309364
2022-01-19,-0.013073517706207282,0.018958962792773086
2022-01-20,-0.028120326120432915,0.008856658019771032
2022-01-21,0.0045674486132530655,0.022404671631583176
2022-01-24,-0.023454347572885458,0.008405782869589288
2022-01-25,-0.0015659439460275102,0.02186025413885145
2022-01-26,-0.010121573421586413,0.041098839010980694
2022-01-27,0.03088714287885771,0.04112541795518747
2022-01-28,0.03147773352279796,-0.008655785637190725
2022-01-31,0.006780431428760173,-0.0010920288044366064
2022-02-01,0.008092576964096702,-0.007267038982373705
2022-02-02,-0.04138865616886282,-0.009742608263520428
2022-02-03,0.012536000921226295,0.012634954484441598
2022-02-04,-0.008076999346785725,-0.006735659773577488
2022-02-07,0.011172674848986167,0.0031956230333627586
2022-02-08,0.020969288001764962,0.0013002720436214132
2022-02-09,-0.022892499520621317,0.004380456537157503
2022-02-10,-0.032235707292462557,0.013669778432257442
2022-02-11,0.0012382119500065284,0.0003374997081904367
2022-02-14,0.02455994512118791,-0.0036452255682469575
2022-02-15,-0.0002527486428214364,0.004815421107002525
2022-02-16,-0.030195169155926956,0.002044508779221245
2022-02-17,-0.011470953775818702,0.008453894871851511
2022-02-18,-0.010094407291238665,-0.008552413172880031
2022-02-22,-0.02594902151321671,0.005396095027984148
2022-02-23,0.033052224228148075,0.021822492106428507
2022-02-24,0.015388057553135763,0.0036379289216717545
2022-02-25,0.0029744307705730374,0.008261288679488964
2022-02-28,-0.015429848901151805,0.005270036804085841
2022-03-01,0.016640188808567595,0.001799421811890727
2022-03-02,-0.014387902664496842,-0.003030428724795915
2022-03-03,-0.014597940081701045,0.002880469074461054
2022-03-04,-0.037578421776354856,0.008929213223354283
2022-03-07,-0.00465899239864788,0.005232610341049222
2022-03-08,0.03536535274065357,-0.005156019513479488
2022-03-09,-0.011166927796972334,0.010323800153816018
2022-03-10,-0.020956430595025388,0.000758566598680884
2022-03-11,-0.01939149110907907,0.00017905996838559363
2022-03-14,0.03088498978755294,0.012933850339516497
2022-03-15,0.03641553053219528,0.009183506567728778
2022-03-16,0.012033558376037312,0.00843702087258174
2022-03-17,0.0202613515159267,0.002738191766270149
2022-03-18,-0.004019561550329473,0.00028371408052065396
2022-03-21,0.01946203089066068,-0.003339206426809225
2022-03-22,-0.014475626291688824,-0.0016201845853265303
2022-03-23,0.02198323192083158,-0.002567918449717851
2022-03-24,-0.0008344923989134286,-0.003496857640836278
2022-03-25,0.015353903920876308,0.001384272757977896
2022-03-28,0.017063313058666225,-0.009089103251019574
2022-03-29,-0.011107011296150035,-0.009057327144423864
2022-03-30,-0.01247223656307097,-0.011182952261781452
2022-03-31,-0.001905051722636288,0.00261330626109792
2022-04-01,0.020379560546380817,0.0032900866330753896
2022-04-04,-0.02245439357510547,-0.011684304878279766
2022-04-05,-0.021950598556114715,0.0015787912066369955
2022-04-06,0.0023750293905606523,0.006151136591812905
2022-04-07,-0.01407772982581385,-0.0005690802966192372
2022-04-08,-0.02394178469401687,-0.0015977252757030458
2022-04-11,-0.004233183850371376,0.0015197828299617678
2022-04-12,0.020123163720958067,0.002182927160426215
2022-04-13,-0.023132548183675414,-0.017312988115585463
2022-04-14,0.0007679584498409085,0.008312199524277464
2022-04-18,0.02210470321615053,-0.000494738272499745
2022-04-19,-0.014691814439322664,-0.017408370154213856
2022-04-20,-0.02090812955452826,-0.0035240000102497917
2022-04-21,-0.026534799172141667,0.005920213451345388
2022-04-22,0.012763921797646608,0.008847717031379652
2022-04-25,-0.03847579982116258,-0.0086013300875068
2022-04-26,-0.0011989274192097225,-0.010778970985520171
2022-04-27,0.03489970638206632,0.000533678166578883
2022-04-28,-0.046042501948100376,-0.010906627758636846
2022-04-29,0.016558084915884216,0.005155474509212431
2022-05-02,0.0010670015134387608,0.0019457142382137977
2022-05-03,0.03325311782981621,-0.0009542062349326495
2022-05-04,-0.05167660749516354,0.011746026102678529
2022-05-05,-0.012053179267555897,-0.043897257513014376
2022-05-06,-0.03991294945992777,-0.02479804396769308
2022-05-09,0.012075542697156534,-0.009348791388073579
2022-05-10,-0.030106897623859652,-0.031113541041106165
2022-05-11,-0.002367108602837626,-0.004597300268829491
2022-05-12,0.0363897238564612,-0.0011418349696746318
2022-05-13,-0.011659414536276379,-0.008628547054594734
2022-05-16,0.02557159564076724,0.004183591744023795
2022-05-17,-0.050336252107566065,-0.011402206218125866
2022-05-18,-0.005372653783239172,0.0010559344130385672
2022-05-19,-0.0031127891492030257,-0.009244639596222091
2022-05-20,0.016490685641720963,0.001040721645313666
2022-05-23,-0.021491390603676712,0.00023863709354156668
2022-05-24,0.01389823581231738,0.0010283911361301098
2022-05-25,0.02733030466019048,0.007075675259138525
2022-05-26,0.032118205423446,0.005913494940504755
2022-05-27,-0.0026563882282782435,-0.005920411840346503
2022-05-31,-0.007423358957411713,-0.0016495533723709418
2022-06-01,0.027017343347711154,0.00019695283275521423
2022-06-02,-0.026363962076508523,-0.005199657981950114
2022-06-03,0.003325620097416226,0.0059725360366420215
2022-06-06,0.00858875136565226,-0.0006044915346403215
2022-06-07,-0.007222586497798825,0.007387975857315758
2022-06-08,-0.02714979620332508,-0.0017351972030491996
2022-06-09,-0.03590757040254708,0.004224341131464355
2022-06-10,-0.04761200512702361,-0.0018759111792984828
2022-06-13,0.0018138291267588151,0.03506844865855967
2022-06-14,0.024665208439701634,0.03707373530357063
2022-06-15,-0.04118303328426667,0.0007490975363329215
2022-06-16,0.012086288351351056,0.007147238567180919
2022-06-17,0.022996137234494875,-0.00412805809575256
2022-06-21,-0.0014597243357441802,-0.004299034380701927
2022-06-22,0.01478312393815192,-0.006489511074285828
2022-06-23,0.03368972185732614,-0.002700873728158327
2022-06-24,-0.007358735894696129,-0.0008947007724539567
2022-06-27,-0.030940505199549186,-0.0016186922767736842
2022-06-28,0.0009165580364567448,0.0031224100716640037
2022-06-29,-0.012480661223609255,0.0014949395083451605
2022-06-30,0.006578854118996009,0.007375606112468239
2022-07-01,0.016974875602698072,0.002213882760970091
2022-07-05,0.006391573794644139,-0.001331101362231173
2022-07-06,0.02117315041268504,0.0016229365653578772
2022-07-07,0.00125353632188799,0.001971063274125831
2022-07-08,-0.021596006913859437,-0.005332067833806373
2022-07-11,-0.009734467078975748,0.004854066214641915
2022-07-12,-0.002063334589937646,-0.0004840009807665499
2022-07-13,0.0035644432483454037,-0.00015789757403313978
2022-07-14,0.017976769236629022,-0.003129136982319156
2022-07-15,-0.008498683458062593,-0.0016532301555016251
2022-07-18,0.030289877323319357,-0.004338189624895033
2022-07-19,0.015732118988499636,0.004367985176252305
2022-07-20,0.01425295666996347,-0.00246843619188595
2022-07-21,-0.01769086293531134,-0.010127607862379652
2022-07-22,-0.0057118343448174696,0.003918323781866728
2022-07-25,-0.019844590410608223,0.003222390195409789
2022-07-26,0.04139118399760214,0.006409822851126337
2022-07-27,0.009730542865391174,0.011512558657153643
2022-07-28,0.018072684707905514,-0.00017669286561933939
2022-07-29,-0.0006024765137131421,-0.007005784569446328
2022-08-01,-0.0029860250903653,0.0010964893500852095
2022-08-02,0.026868318489067042,0.003793651975686557
2022-08-03,0.004665614296941257,-0.015402673495912761
2022-08-04,-0.008202475765021705,-0.006764128319726245
2022-08-05,-0.0032375584734339984,0.010925221501963896
2022-08-08,-0.011383180033846887,0.0032124214193111253
2022-08-09,0.0275285264148894,-0.0033426546841836035
2022-08-10,-0.005692235489409328,-0.01145954099832464
2022-08-11,0.019283375950527284,-0.0053964916427437235
2022-08-12,0.00804887908516273,-0.024196187703830578
2022-08-15,-0.0023446669592542455,-0.0015402086438225124
2022-08-16,-0.011471590909858762,0.008638769988980005
2022-08-17,0.002402056584672822,-0.010792520504430794
2022-08-18,-0.019689659916301387,-0.03155458102023307
2022-08-19,-0.026679966731409113,-0.010089257226736625
2022-08-22,-0.0008274194533733203,-0.020302600612173576
2022-08-23,0.0028929778088834456,-0.001490773672544948
2022-08-24,0.01752747084425043,-0.0024775136016501158
2022-08-25,-0.041851908941146446,-0.0037550071211078827
2022-08-26,-0.009904469297487157,-0.0060095664336888045
2022-08-29,-0.011198769234884798,0.003279175890073406
2022-08-30,-0.00583053176836538,-0.003249934805873491
2022-08-31,0.000434296029676882,0.004826381752269546
2022-09-01,-0.014229010439744097,-0.0031228234882066342
2022-09-02,-0.007208218623345586,0.008060174322505081
2022-09-06,0.019999990986250323,0.016663217074432867
2022-09-07,0.0051710735922713726,-0.0024163430245115513
2022-09-08,0.021626556732476106,-0.0026828553632866803
2022-09-09,0.01181568543041936,-0.00842228578285035
2022-09-12,-0.05639771145928082,0.0019222173076991534
2022-09-13,0.007901962335136061,-0.014628515970356006
2022-09-14,-0.01679394978813277,0.010162386781826195
2022-09-15,-0.006133508770497625,0.017285651217738996
2022-09-16,0.005961731736664683,0.014061347981556598
2022-09-19,-0.008003078349871632,0.015680788220437128
2022-09-20,-0.018068254381056106,0.01919284377050693
2022-09-21,-0.012384169062359889,0.026493294097917064
2022-09-22,-0.01641564634957787,0.02960665432595954
2022-09-23,-0.004146365146112586,0.0095363542868834
2022-09-26,0.0004008381214277402,0.04197488388855606
2022-09-27,0.019696895942305538,0.02782589216575542
2022-09-28,-0.029251283623261893,-0.005904806564836268
2022-09-29,-0.01710204351632313,0.013051244003681284
2022-09-30,0.02318933770759302,0.03082843882510351
2022-10-03,0.030956652560821217,-0.007855679685913624
2022-10-04,-0.0005318111841140121,-0.0017667229727621335
2022-10-05,-0.007904053682094746,0.0019524769128088058
2022-10-06,-0.03884903502226014,-0.0055778455688622235
2022-10-07,-0.010046582233604247,0.0025276055037659955
2022-10-10,-0.01383346574219544,-0.009090318397316142
2022-10-11,-0.00034258960004657734,0.00903085870965981
2022-10-12,0.023181590485988213,0.01368369366791437
2022-10-13,-0.030518268408369516,-0.014249378427411879
2022-10-14,0.03248790689191006,0.003244221961508409
2022-10-17,0.00787682270901472,0.000816448443341083
2022-10-18,-0.003653342809085853,0.006351298383305395
2022-10-19,-0.005114911077334884,-0.00494911259448169
2022-10-20,0.023176987349842876,-0.0033611605571624444
2022-10-21,0.010941304736697615,0.003189480953684861
2022-10-24,0.02047489149668111,-0.001755609651606563
2022-10-25,-0.022344118109452984,-0.0009343536016308241
2022-10-26,-0.01837379212882742,-0.0021411028664727813
2022-10-27,0.030141789868591385,0.006589251001935705
2022-10-28,-0.011696039763191411,-0.007354413774735836
2022-10-31,-0.010270223711580215,0.0001815363549606897
2022-11-01,-0.034878440619407106,0.0067887405298889085
2022-11-02,-0.019728104327827695,0.000324775308885282
2022-11-03,0.015957076403195176,0.0054577189873101116
2022-11-04,0.010934409204195542,-5.818979548844792e-06
2022-11-07,0.007260843992958955,0.0009669915813675081
2022-11-08,-0.023346779741337382,0.0009768422115961847
2022-11-09,0.07119309239655384,-0.0012224135432986228
2022-11-10,0.01825846660487219,0.0016491312685665983
2022-11-11,-0.008789732209457541,0.0032092490208442646
2022-11-14,0.013743409958554205,-0.005404214362300173
2022-11-15,-0.01374340995855421,-0.002537131840496008
2022-11-16,-0.0022095581106978,-0.005457248925057558
2022-11-17,3.5110510334876864e-05,0.0014025630339218635
2022-11-18,-0.010340477872605624,0.001421172055969199
2022-11-21,0.014300046442649013,0.0013622835810473803
2022-11-22,0.009986686337093839,0.00689970653392601
2022-11-23,-0.006600225440185324,0.0023524418434981527
2022-11-25,-0.014781793997181403,0.004648602853795978
2022-11-28,-0.007598389064611474,-0.001216274155144764
2022-11-29,0.04457727556662969,-0.005657598082894188
2022-11-30,0.0012264088203391282,0.01602500647611764
2022-12-01,-0.003991340349164685,-0.007628795907614318
2022-12-02,-0.0169258939999519,-0.0074221111514924
2022-12-05,-0.02093802338749611,0.004030921869715309
2022-12-06,-0.004091003731332123,0.0027386442926135342
2022-12-07,0.011765258501270392,-0.002859783230442121
2022-12-08,-0.006397024765895444,-0.003207340601229027
2022-12-09,0.012473295151309176,-0.0019292038052392275
2022-12-12,0.010692681504793432,-0.0058450054700031045
2022-12-13,-0.007441441947317564,0.00413019387034345
2022-12-14,-0.03415312415546054,-0.0001748832813127203
2022-12-15,-0.009580216248824725,0.0032099340830943532
2022-12-16,-0.01654449501709555,0.008595039142035053
2022-12-19,-0.0007788017972307635,0.0051512529072092125
2022-12-20,0.01440198745176851,0.004027932100938192
2022-12-21,-0.024769412028676194,-0.007333968095122864
2022-12-22,0.002246687082978194,0.011163068257631501
2022-12-23,-0.014239137631340515,-0.0007579796725876893
2022-12-27,-0.013290754761137141,0.000570863900923916
2022-12-28,0.0240829050903728,0.0196482105133853
2022-12-29,-0.0006006908124759151,-0.016705291381089928
2022-12-30,-0.006782752659788627,0.0053353648111409925
2023-01-03,0.004752753090447845,-0.008714257477303937
2023-01-04,-0.01577822310215559,0.01724789010441707
2023-01-05,0.02722744458798825,0.011488726069341048
2023-01-06,0.0064523530120532855,0.003718602575744251
2023-01-09,0.008428928936414592,0.004825993617177196
2023-01-10,0.01715220653870786,0.006585004138900364
2023-01-11,0.005389880098272339,0.0012332154679616676
2023-01-12,0.00685692483404522,-0.0014158693506001077
2023-01-13,0.002026631331331342,0.0010268170702740671
2023-01-17,-0.013085167575139178,0.003441796570728027
2023-01-18,-0.00987296231891241,-0.0001982657733704033
2023-01-19,0.026999112316885843,-0.0019328944494542155
2023-01-20,0.021972754405966907,0.00758631813789371
2023-01-23,-0.002043892419910665,0.0014806442159287364
2023-01-24,-0.0022218374007403046,-0.0007643405098073174
2023-01-25,0.019309805410639626,0.0010115459320777587
2023-01-26,0.009905101335296951,-0.003938580031582444
2023-01-27,-0.020425922834404774,-0.0013811769315992448
2023-01-30,0.014874866067290967,0.004991761891077627
2023-01-31,0.021158058305228593,-0.0012383892375734667
2023-02-01,0.035260900283339336,-0.020509644463934013
2023-02-02,-0.017932184671425197,-0.03410978718569731
2023-02-03,-0.008495057401347055,-0.0072388559527198386
2023-02-06,0.020507018861113776,0.004467996345154254
2023-02-07,-0.017941059166496708,-0.02217543397565867
2023-02-08,-0.008877213647103447,0.003910797999608956
2023-02-09,-0.0065848786274842015,-0.026904617442856864
2023-02-10,0.01588911282733427,-0.0046739821827752335
2023-02-13,0.00736199644106904,-0.036211992402380086
2023-02-14,0.007631765547049985,-0.010334564894986001
2023-02-15,-0.018942434443535192,-0.02262090922039746
2023-02-16,-0.007080729712613811,-0.005889829202479403
2023-02-17,-0.023959882032723492,0.004462881963014213
2023-02-21,0.0007479431911879181,0.013195000709247047
2023-02-22,0.008696148327286112,0.013045856899467951
2023-02-23,-0.01688592281787213,0.00620167326023863
2023-02-24,0.007135693228738356,0.015255463417213925
2023-02-27,-0.0012936172016763897,-0.008030347703322845
2023-02-28,-0.00807173135433114,-0.0063612510816618145
2023-03-01,0.008242039783307061,-0.005364040586518829
2023-03-02,0.020462882589940553,-0.009903414313317014
2023-03-03,0.0011339004049657725,-0.012889445682733973
2023-03-06,-0.012341695320155789,0.003595042978889739
2023-03-07,0.00498183338147072,-0.0035414314680504667
2023-03-08,-0.017477751497778457,-0.005988700812073787
2023-03-09,-0.014143144507305033,-0.0037153710561337325
2023-03-10,0.0073890260913683885,-0.015254627086237286
2023-03-13,0.02271974744611894,-0.014781456828438594
2023-03-14,0.005232277574955974,0.003095563418933286
2023-03-15,0.02601923121661233,0.001339070492472315
2023-03-16,-0.004737255049056799,0.003029788135120702
2023-03-17,0.001995649493562157,-8.12619960838576e-05
2023-03-20,0.014181412724801215,0.0015249058859415588
2023-03-21,-0.013691288713617486,0.001096826807986011
2023-03-22,0.011788338567531436,-0.001812979052368308
2023-03-23,0.003673631354983793,-0.0007880534565486486
2023-03-24,-0.0068748757825826375,0.0011023915964022558
2023-03-27,-0.005325725389110831,-0.00036987237544597074
2023-03-28,0.018069670792157225,0.0020701147191191944
2023-03-29,0.009420820789605723,0.002809219839325443
2023-03-30,0.01649398853948467,0.00015815458273573798
2023-03-31,-0.002433394848978851,-0.00958062680119563
2023-04-03,-0.003379121515789206,0.00034046702731500893
2023-04-04,-0.009921497470627936,-0.0023367858676606344
2023-04-05,0.006719586146419332,-0.0035715583125980805
2023-04-06,-0.0005661089596402201,-0.0008414929555013082
2023-04-10,-0.006438400022105922,0.0028481154559022266
2023-04-11,-0.008873116240910037,0.0021857553768849323
2023-04-12,0.019392898294227256,0.007629892129269655
2023-04-13,-0.0018816451125205768,0.0016249780875591947
2023-04-14,0.0008471784758586172,0.0016603657743748034
2023-04-17,6.272541949700338e-05,0.0014056658151837401
2023-04-18,-0.000470536577215347,0.0012156562530490414
2023-04-19,-0.0076537011992777295,0.0017276558422317796
2023-04-20,0.0010428353423388617,0.0043823997664387436
2023-04-21,-0.0020867593256008983,0.008585454506090651
2023-04-24,-0.019043934325090914,-0.0020141096866869482
2023-04-25,0.006046395418766588,-0.017587827460768167
2023-04-26,0.026827713771890624,0.005108670663023067
2023-04-27,0.006875017357918575,0.011627463227809939
2023-04-28,-0.0011477318049364117,0.0018910361767633637
2023-05-01,-0.008759817225291611,0.0013007156696959688
2023-05-02,-0.006565434235745298,-0.001692633977926324
2023-05-03,-0.0035361385630205858,-0.00028976339655311246
2023-05-04,0.02103166433036152,-0.00036700959132474596
2023-05-05,0.002474559708712574,0.0009449020044372599
2023-05-08,-0.0063533599730808766,0.0008373428183960506
2023-05-09,0.01082295112612958,-0.0030079440927672715
2023-05-10,0.00325483138083558,0.0013973580782930019
2023-05-11,-0.0035932044249612103,0.00159563759313474
2023-05-12,0.005400277000511534,4.8510618335952707e-05
2023-05-15,0.0011315851043096517,0.0022960049848653103
2023-05-16,0.012031499573703459,0.0015764200164401644
2023-05-17,0.01840294907657009,0.0019565831622297635
2023-05-18,-0.002255930191805351,-0.005353269724323277
2023-05-19,0.0033523727902773945,-0.0007960434796393997
2023-05-22,-0.012757252001321122,0.0013450193291518944
2023-05-23,-0.005142791142633152,-0.00528133128444957
2023-05-24,0.02404155294024368,-0.00031853449344667386
2023-05-25,0.02522949606653903,0.00746969625663753
2023-05-26,0.004524765015253688,-0.0188370688824934
2023-05-30,-0.005702266264187078,-0.013499460518999275
2023-05-31,0.011485840556061253,0.00017067545625140345
2023-06-01,0.007471803362620085,-0.002224570471018736
2023-06-02,0.000704672004354947,0.0018340996155234198
2023-06-05,-0.0001690760000646671,0.0025966291146506306
2023-06-06,-0.017110953811863634,0.0031605567754193513
2023-06-07,0.012336866014408693,-0.009740360088550679
2023-06-08,0.003815450117250954,-0.021784393290796497
2023-06-09,0.01675587111704128,-0.002551514506886604
2023-06-12,0.007654614232073824,-0.017384134031070968
2023-06-13,0.00724124070386362,0.002234911533706813
2023-06-14,0.01184538953586933,-0.0035889630361634695
2023-06-15,-0.006312758877026332,-0.02008613674627535
2023-06-16,-0.002803371322767771,0.0004458316037055597
2023-06-20,-0.013721400791539645,0.006014574835343875
2023-06-21,0.011729775868136416,-0.013710277455614107
2023-06-22,-0.009962893403059973,-0.023550683741298154
2023-06-23,-0.013496081109047871,-0.00583295377926299
2023-06-26,0.017047993650117943,-0.005823830104255852
2023-06-27,0.0019495592209441712,-0.09722181818407027
2023-06-28,-0.002004531459977276,-0.060109313338196205
2023-06-29,0.015302454814363662,-0.058676738471091866
2023-06-30,0.002352274272773228,-0.021189973539606444
2023-07-03,-2.700622493663253e-05,-0.0160082021038831
2023-07-05,-0.007645007007421735,-0.004158744679722325
2023-07-06,-0.003325612987332089,-0.007923380251866454
2023-07-07,0.0003276003305303374,0.00048831596354408
2023-07-10,0.00492833148681893,0.009581579440259025
2023-07-11,0.012550941419493599,0.005042205784455878
2023-07-12,0.0168361757058451,0.0088488032684277
2023-07-13,-0.00021102054890886456,-0.0008641145349703911
2023-07-14,0.009295309024210795,0.018419466053777773
2023-07-17,0.00814737375940394,-0.004695004775558194
2023-07-18,-0.00023334500164227424,-0.009204614970825501
2023-07-19,-0.023321842425391728,0.0004431779773572813
2023-07-20,-0.003003763605650395,-0.013348163871521873
2023-07-21,0.001596042155102072,-0.013083205455420239
2023-07-24,0.006754903103520956,-0.005946520233064963
2023-07-25,-0.0033320141894571395,-0.005129291351470079
2023-07-26,-0.002386825860636677,0.002359156669575744
2023-07-27,0.01805074665130049,0.009758209815961831
2023-07-28,0.0005214036303536659,0.00727824904202679
2023-07-31,-0.0023223359035549783,0.00407519785630271
2023-08-01,-0.02218850109056938,0.0025538007352370806
2023-08-02,-0.0016038924553543582,0.008359140760156694
2023-08-03,-0.004692767015404491,-0.007370633092766557
2023-08-04,0.008431188950594944,0.005741165894630264
2023-08-07,-0.008538710051714514,0.003285429829146624
2023-08-08,-0.011055511232556476,-0.006677052293188056
2023-08-09,0.0018465721472466618,-0.0010903545686562202
2023-08-10,-0.006396058983580021,-0.011486673035969919
2023-08-11,0.011159648255041755,-0.010951161101410195
2023-08-14,-0.010668287996199795,-0.015942600309613055
2023-08-15,-0.010645403428325395,-0.010200708902149427
2023-08-16,-0.010983025867491902,0.001594751414352215
2023-08-17,-0.0012557381901547877,0.005334598494182371
2023-08-18,0.015983055640987686,0.0062366875617207345
2023-08-21,-0.0014299859438196298,-0.012550690529381035
2023-08-22,0.0156455839233974,-0.0031831846757290256
2023-08-23,-0.021607511602174223,-0.004009878542404402
2023-08-24,0.0077216201867438185,0.005113180722420796
2023-08-25,0.007498871999438688,0.004469938413531419
2023-08-28,0.021604821289545724,8.77508452600858e-05
2023-08-29,0.0055612612230986486,0.004199152267782278
2023-08-30,0.002993974548847904,0.0002215224616727362
2023-08-31,-0.0010587893733764319,0.0016144482231181944
2023-09-01,0.0012704127902970254,4.9217184493721326e-05
2023-09-05,-0.008846911489746574,0.002637993090899364
2023-09-06,-0.007177320580524911,0.0058200747361697915
2023-09-07,0.0013966482717208183,-0.0022972561721685547
2023-09-08,0.011713828823325514,0.0018005110101870186
2023-09-11,-0.011150350267557464,0.0011578826292109586
2023-09-12,0.0038018787427654775,0.0029725575221996375
2023-09-13,0.008143974324485933,0.0019950605399203097
2023-09-14,-0.017271309440242067,0.0012710669958344448
2023-09-15,-0.00040460167517566075,0.0020666579134037003
2023-09-18,-0.0021336078205931005,0.001666365803812556
2023-09-19,-0.01451530775178362,0.003230396436729672
2023-09-20,-0.01849443633307158,-0.0012902295888906794
2023-09-21,0.00013970968350532391,0.01233134929296078
2023-09-22,0.004738552739896975,0.023711495721838817
2023-09-25,-0.015130153299990137,0.006014387430371052
2023-09-26,0.00234050159715582,0.02016145304949896
2023-09-27,0.00833045978719233,0.006835579455872116
2023-09-28,0.0007259731150363124,0.0071323230074755144
2023-09-29,0.008311028617898751,0.010636176926799586
2023-10-02,-0.0177055087372744,0.01219640814284712
2023-10-03,0.013516933800340225,0.0126640876668506
2023-10-04,-0.002950840067809703,0.007808085474395352
2023-10-05,0.01661659211496705,0.0018593378093782217
2023-10-06,0.005087120890550974,0.0037509614894331135
2023-10-09,0.005522696482651237,0.00013969742550199398
2023-10-10,0.007109963583115755,0.001965909520553975
2023-10-11,-0.003481080220403738,0.002086857025930323
2023-10-12,-0.012649615769063491,-0.005284827719326963
2023-10-13,0.011242955543069144,-0.0001005246155739973
2023-10-16,-0.003280869525576942,0.005037904087725152
2023-10-17,-0.013204669904526484,-0.003456525362498258
2023-10-18,-0.009400904250043661,-0.0006163365282685236
2023-10-19,-0.01503030100429975,-3.411561270433389e-05
2023-10-20,0.0030129410208462335,0.0012160107729198134
2023-10-23,0.00968110527043429,-0.003155228966909979
2023-10-24,-0.024780328407887055,0.004139611611999043
2023-10-25,-0.01925131500490203,0.00461250340450133
2023-10-26,0.004789767782361044,0.023122090537756986
2023-10-27,0.011202259664487018,0.012380556751683687
2023-10-30,0.004770960526002866,0.010575315633382333
2023-10-31,0.01720794619277228,0.009090173963319296
2023-11-01,0.017990490766925517,0.010092158890814846
2023-11-02,0.011680362570035619,0.0018599976468376953
2023-11-03,0.004071003831171527,-0.008143040397862428
2023-11-06,0.00940821863285774,0.0002486595597070061
2023-11-07,0.0006437423107346973,-0.00033343356315978563
2023-11-08,-0.007725371862505841,0.003005785735425963
2023-11-09,0.022233232833769937,6.366971171795458e-07
2023-11-10,-0.0031233482246464405,0.004936340720532226
2023-11-13,0.021298048465201037,0.0024434649895302726
2023-11-14,0.0007523186034838091,-0.001222096210728356
2023-11-15,0.0008553987846129312,-0.005054721274887048
2023-11-16,0.00023316364307245094,0.011346142732449747
2023-11-17,0.012101386124554163,0.005050688225507315
2023-11-20,-0.0058264304146309395,-0.011691837889768493
2023-11-21,0.004084626695573907,0.010739240925042685
2023-11-22,-0.0014110345222495132,0.004902131206743315
2023-11-24,-0.0008732727734297608,-0.009233010239077933
2023-11-27,0.002617533828721009,-0.014231393127310745
2023-11-28,-0.0009743590514450082,-0.012182707853352698
2023-11-29,-0.002517210822635823,-0.02168701456356111
2023-11-30,0.0028506510309191705,-0.020176721399028947
2023-12-01,-0.009326839569026031,-0.024320316127078072
2023-12-04,0.0025077248441340355,-0.011600503661327097
2023-12-05,-0.005800570424161266,-0.005424052774168319
2023-12-06,0.01387549986360429,0.010855698855721869
2023-12-07,0.004446723401826506,0.006294912312866826
2023-12-08,0.008505935578581376,0.0036891568797565054
2023-12-11,0.00793265218225496,0.0030982067651471696
2023-12-12,0.012637099416755566,-0.0037354722160666673
2023-12-13,-0.0008672705064561735,0.0036871147284929864
2023-12-14,0.004822385169341595,-0.002134863075643546
2023-12-15,0.004283505232563732,-0.004681612915590104
2023-12-18,0.005096551265075884,0.0038241809471031727
2023-12-19,-0.014971224176605017,-0.003414666149536222
2023-12-20,0.011568236548809674,-0.010226421913951475
2023-12-21,0.001494823533877242,0.006036450132854118
2023-12-22,0.006103087566652981,-0.009627733391512433
2023-12-26,0.0015078190555828973,0.010063330691253031
2023-12-27,-0.0004861448807461197,-0.007786503336100978
2023-12-28,-0.004337133087050629,-0.02620399262277937
2023-12-29,-0.017067067801547306,-0.009702059820483137
2024-01-02,-0.010637866886129584,-0.011268957569566461
2024-01-03,-0.005159775356821426,0.011684147676699333
2024-01-04,0.0011853273016890788,0.0007058648256672372
2024-01-05,0.02045724328848035,0.001691865089394739
2024-01-08,0.0019736036997017956,0.005642775419825413
2024-01-09,0.006754707905356918,0.007229128003471705
2024-01-10,0.0020786215223997204,0.0022067935775217746
2024-01-11,0.0005128768841588317,0.003476762413137901
2024-01-12,-9.767055728826789e-05,0.0006049764160678024
2024-01-16,-0.005656719257778516,0.00033245887355735584
2024-01-17,0.014094356701281853,-0.0005641448766344573
2024-01-18,0.019636916158801337,0.0011855024441924178
2024-01-19,0.0013050030918026697,0.004978165323679691
2024-01-22,0.004140988631744015,-0.0006084898451650183
2024-01-23,0.005533918115283674,0.0030413612609662324
2024-01-24,0.0012203995975958168,0.007167401309724511
2024-01-25,-0.005975363596376085,0.010229124039168137
2024-01-26,0.01018835988051842,0.01606726220323111
2024-01-29,-0.006678799212613155,-0.012178365902267766
2024-01-30,-0.019780525494811477,-0.006063195689753726
2024-01-31,0.011706636643636947,-0.0031114315217256215
2024-02-01,0.016759315271239236,-0.01275038745420818
2024-02-02,-0.0013061835645248657,-0.044153314074866994
2024-02-05,-0.002009252580078531,-0.013952624912800667
2024-02-06,0.010237647292990362,-0.013047700161918198
2024-02-07,0.001850182076855559,-0.024589372054288083
2024-02-08,0.009794983121601623,-0.013289704666766315
2024-02-09,-0.003920270039805942,-0.017730107636953943
2024-02-12,-0.015719917641799235,-0.005964527186158164
2024-02-13,0.010838264767940257,-0.019956358119523555
2024-02-14,0.0029732772874981766,-0.0030981419001622976
2024-02-15,-0.009109047124740234,-0.010357777905583166
2024-02-16,-0.007576765197903524,-0.012260787871814534
2024-02-20,-0.004009713085682794,0.014446270642725858
2024-02-21,0.02885528096660793,-0.0057804481396484305
2024-02-22,-0.00294907912198587,0.011185357489038414
2024-02-23,-0.000526719579809345,0.003836005137152961
2024-02-26,0.0024023348509547918,0.0037724649499174616
2024-02-27,-0.005338722912068065,0.0024209533995771357
2024-02-28,0.008532884879467998,0.0008330697104230638
2024-02-29,0.014944716937798459,0.002674115864934021
2024-03-01,-0.0035745235501976184,0.0018703186774021116
2024-03-04,-0.0181126907897775,-0.0001870413819277104
2024-03-05,0.006264023042691197,0.006176597801740117
2024-03-06,0.015064068450966979,0.0012436982679668114
2024-03-07,-0.014540037042659165,-0.0005085673631285324
2024-03-08,-0.003719724511215403,0.0010896567358300423
2024-03-11,0.0142332577053099,0.006978319839074339
2024-03-12,-0.00771575594177251,0.004853298122351555
2024-03-13,-0.0025244785351247767,0.001944223571878044
2024-03-14,-0.011958083529214633,0.009914293486752537
2024-03-15,0.008170805155048986,0.010229903247572605
2024-03-18,0.0024884437246092054,0.018321922540943208
2024-03-19,0.011786976004885482,0.016903461926056657
2024-03-20,0.004721019514417051,0.0041697438317474305
2024-03-21,0.001143177485102368,-0.00048681147394781987
2024-03-22,-0.003635796360990732,0.0017206716589657084
2024-03-25,-0.003242953927596161,3.2969401829816006e-05
2024-03-26,0.003400329797703632,0.0029004617086145173
2024-03-27,-0.001845102004036944,-0.0019310523323280056
2024-03-28,0.002114831601752241,0.0016901117854070786
2024-04-01,-0.008667638852714533,-0.0006935541689663867
2024-04-02,0.0022418233820408703,0.0023018222921906556
2024-04-03,-0.015408765845506631,-0.0014574017842282968
2024-04-04,0.011715003643543814,-0.003819711861660539
2024-04-05,0.0002950957380080848,-0.002416171855598204
2024-04-08,0.0036926743590538114,-0.0032263236366702336
2024-04-09,-0.00876680609190925,-0.003279766044465309
2024-04-10,0.015842094733068128,0.0006910129600617266
2024-04-11,-0.01607023855592315,-0.000364790469426942
2024-04-12,-0.01658786726086476,-0.000729426713674408
2024-04-15,9.279020142128858e-05,-0.009749973880373573
2024-04-16,-0.012276392888587099,0.009854584751254445
2024-04-17,-0.005722712114822937,0.005676987627949228
2024-04-18,-0.020906185852466178,0.013710630784868933
2024-04-19,0.010006442450793502,0.032231600510381396
2024-04-22,0.014812627896238892,0.018694135496458666
2024-04-23,0.0033819520714711768,-0.0003661209732287955
2024-04-24,-0.004841600131739463,0.011244111794107533
2024-04-25,0.015313876919770916,0.002256047460530819
2024-04-26,0.004052103952570829,0.003298345716484165
2024-04-29,-0.01903619664246146,0.0036201467734100546
2024-04-30,-0.007256771512826843,0.002365848850999509
2024-05-01,0.012682567862885996,0.009652966492956506
2024-05-02,0.019899077249063018,4.102817561654767e-05
2024-05-03,0.010893876363336196,0.008702572315458686
2024-05-06,0.00015898792860857114,0.001584304577365864
2024-05-07,-0.0005906540529291615,0.003805687932403167
2024-05-08,0.002179144640426831,0.00345552241667475
2024-05-09,0.002355393578874296,0.005185724730841255
2024-05-10,0.0023047211774360034,0.004779802873465257
2024-05-13,0.00641164838064049,0.007634054888428901
2024-05-14,0.015509361532795434,0.0035022544802135592
2024-05-15,-0.002033419496509813,-0.0010014782462634613
2024-05-16,-0.0004868657010771622,0.0006004994017959816
2024-05-17,0.006948531823132312,-0.0001704190172087035
2024-05-20,0.001954519623870354,0.00020156904930950903
2024-05-21,-0.0001974745209433014,-0.0024133936688097405
2024-05-22,-0.004508623492407011,0.01553484328399588
2024-05-23,0.009411989050763028,-0.009236906585681494
2024-05-24,0.0037705873819828964,-0.007038363461377277
2024-05-28,-0.007073338664500525,0.012008573484944862
2024-05-29,-0.010771147869671087,0.0020474720308983107
2024-05-30,-0.0018619915383390603,-0.002083772259524162
2024-05-31,0.005354942872349604,0.0033317829891662334
2024-06-03,0.002732784069872197,0.001369527796566853
2024-06-04,0.019959263729746008,-0.00024684931832441034
2024-06-05,-0.00034523681430391825,0.0019078445986936516
2024-06-06,-0.0008852137505492057,-0.006983230439736858
2024-06-07,0.004031090079096102,-0.0024782921344926245
2024-06-10,0.006839282702586575,-0.007996489827197983
2024-06-11,0.01301269728247063,-0.008329968424775673
2024-06-12,0.005405589108987094,0.004526509601221631
2024-06-13,0.005167862031251512,-0.0014332533319512822
2024-06-14,0.01217541615609773,0.00069359872192582
2024-06-17,0.0003091922891463394,-0.019108430796706346
2024-06-18,-0.007737862914044295,0.0030220266464676547
2024-06-20,-0.002682890394164811,0.012509407406438253
2024-06-21,-0.013038103658470617,-0.010866453025722906
2024-06-24,0.011370672366305285,-0.013462716882876152
2024-06-25,0.0020630379809957722,-0.019856243668514875
2024-06-26,0.00257801760280116,-0.013716011645767525
2024-06-27,-0.005204441758178706,-0.02147987214963744
2024-06-28,0.005847909031011501,-0.009359583911054027
2024-07-01,0.010444929306005032,-0.032257576254150926
2024-07-02,0.008302536393946925,-0.015951784919916494
2024-07-03,0.010372864480712687,-0.013003995685331424
2024-07-05,0.0023754414793510244,-0.00989941303350993
2024-07-08,0.0008642261192499693,0.0012974859181350523
2024-07-09,0.010372521124065727,0.008273108273200035
2024-07-10,-0.022174214127512006,-0.007014481865635684
2024-07-11,0.005857630126025553,-0.015538855579955404
2024-07-12,0.0026842402869314106,-0.016580452696263695
2024-07-15,0.00038287539888769644,0.0010061036134320104
2024-07-16,-0.02979435401762903,-0.01351352283559098
2024-07-17,-0.004743782692837453,-0.015150178518461878
2024-07-18,-0.00890309945858512,0.006029238059860607
2024-07-19,0.014787854591063361,0.018190691244934158
2024-07-22,-0.0035308570962907923,-0.0013619689206623843
2024-07-23,-0.0365294852756318,-0.0029240040395641974
2024-07-24,-0.011088921742834391,-0.011313696275660702
2024-07-25,0.010203727104151497,0.009016132782054233
2024-07-26,0.0020067545871532157,-0.002993925429982848
2024-07-29,-0.013826555421495869,-0.003162734360931246
2024-07-30,0.029164246594901057,0.01337402386330706
2024-07-31,-0.024519617174318498,-0.0035523256847451255
2024-08-01,-0.024021145954296,0.0012046600043212315
2024-08-02,-0.030269695534838627,0.01348131785551823
2024-08-05,0.009509729913681356,-0.005277436482153611
2024-08-06,-0.01088881855480641,0.002952716475012914
2024-08-07,0.03013231458270047,-0.0026139480490303606
2024-08-08,0.0052088088564624,-0.005279980911995966
2024-08-09,0.0021512777344975744,-0.007754865857062163
2024-08-12,0.024509958167167833,0.002549044466662359
2024-08-13,0.0003242156711026025,-0.006171297398448306
2024-08-14,0.02494927467243515,-0.002818023883812819
2024-08-15,0.001284954624111364,0.004447284984432586
2024-08-16,0.013050483245022053,0.0018410466689506252
2024-08-19,-0.0021008192598558624,-0.0018540373451494739
2024-08-20,0.004653296858872257,0.0028026383145776388
2024-08-21,-0.015981956090079043,0.006783652370782808
2024-08-22,0.010787139212975104,0.0005590869104011777
2024-08-23,-0.009755766448716195,0.004379699109837312
2024-08-26,0.002982882161287307,0.005901213299241548
2024-08-27,-0.011412301772348447,0.005506134604053518
2024-08-28,-0.0014649528633453386,0.005637669170127795
2024-08-29,0.011848955330997885,-0.0017308059517314248
2024-08-30,-0.030831369228027688,-0.0018754645962324578
2024-09-03,-0.0026018531188913355,0.00217878035516114
2024-09-04,0.0009331091655180036,-0.0016317058493339452
2024-09-05,-0.02715258100057336,-0.014211966265154165
2024-09-06,0.01277767481581391,-0.00042374534082807545
2024-09-09,0.009199293892174285,0.0009568175943371977
2024-09-10,0.021483010651460598,-0.0005781329841363758
2024-09-11,0.00976819115066799,-0.0005600927254426252
2024-09-12,0.004469940815265907,-0.0020718314804520632
2024-09-13,-0.004427678067758385,0.002913078287290459
2024-09-16,0.0005281336934731271,0.0027939737428467094
2024-09-17,-0.0043389525492774006,0.001982996137742091
2024-09-18,0.024969877108703895,-0.0012089096130252764
2024-09-19,-0.0019051569233196626,0.005938654713290255
2024-09-20,0.0012429052434864889,0.0010836941941229803
2024-09-23,0.004812020726826285,0.002738720998614419
2024-09-24,0.0009266982407228952,0.001965492263264709
2024-09-25,0.0074849881387814374,0.001965492263264709
2024-09-26,-0.0055725288125503,0.0033423853047387718
2024-09-27,0.0027081939368795564,0.0028933441103080877
2024-09-30,-0.014030395009164339,0.0036542151217484123
2024-10-01,0.001411931049952819,0.004446483764920958
2024-10-02,-0.0007472445705445171,0.004509334708420585
2024-10-03,0.011827861826774087,0.0010554624659916063
2024-10-04,-0.010769430074630104,0.0008292978228230951
2024-10-07,0.01482423688350135,0.00436018373471075
2024-10-08,0.007837589104924625,0.0012560728998587773
2024-10-09,-0.001136202366231721,0.0017970707289594586
2024-10-10,0.0015619456494666423,0.00232426975923792
2024-10-11,0.00835642591540996,0.0013058842029763048
2024-10-14,-0.013456974460117056,-0.010033438173985627
2024-10-15,0.00012222946560200775,0.0037966436315800727
2024-10-16,0.0006923515793384924,0.0008826838112573477
2024-10-17,0.0065333186982101665,0.001074795247500548
2024-10-18,0.0019194057757111205,0.0010704761977319843
2024-10-21,0.001089390654249127,0.0011214599821096037
2024-10-22,-0.015442439510986542,-0.0006321227960180617
2024-10-23,0.008076072773077035,0.0023233682522874315
2024-10-24,0.006075106773166096,0.007039938279364667
2024-10-25,0.00016149870836134364,-0.0014662754205170751
2024-10-28,0.00956253017785279,-0.0003983465776558231
2024-10-29,-0.00758628480296532,0.0013295625786881042
2024-10-30,-0.025566821103194977,-0.0013348441775802831
2024-10-31,0.007371749057366306,0.008749363274510574
2024-11-01,-0.0029174905638226214,-0.012707050350653101
2024-11-04,0.01267625487440547,-0.004133740814440955
2024-11-05,0.026800830393324256,-0.02645725983401005
2024-11-06,0.015621638033348149,0.004826332704367787
2024-11-07,0.0011676787875090876,-0.006196183154110471
2024-11-08,-0.0005836689595453468,0.0018545659027476384
2024-11-11,-0.0018115417664095626,0.011035959550581023
2024-11-12,-0.001287604064118326,-0.0005528483501476232
2024-11-13,-0.0069739934351512635,0.006939801711610012
2024-11-14,-0.024114333227992134,0.0010423739614883714
2024-11-15,0.006923637166347413,0.008460460376008769
2024-11-18,0.00685616748781993,0.00850351113841182
2024-11-19,-0.0005761799430235307,-0.0006912799971702311
2024-11-20,0.0035907393636968508,0.008539279306778775
2024-11-21,0.0016027388493763393,0.002624234379565346
2024-11-22,0.001580434553266792,-0.0027219433641277376
2024-11-25,0.005354870557302359,0.002411400975103737
2024-11-26,-0.007904556192788981,0.001837835821735182
2024-11-27,0.00874847950473771,0.0033838562637099616
2024-11-29,0.010829057172113252,5.1941186955330824e-05
2024-12-02,0.00306154323771073,0.0005768147825557879
2024-12-03,0.012287080254524758,0.0007557671546131534
2024-12-04,-0.002774935517140207,-0.004437447002765148
2024-12-05,0.008909807198054726,0.009092055108800377
2024-12-06,-0.007818051757729283,0.0020179473090947836
2024-12-09,-0.003413299829669369,0.010825808734969265
2024-12-10,0.017744059196375058,-0.007276696055496852
2024-12-11,-0.0064747201828099545,-0.019024794298907917
2024-12-12,0.007625175305220822,-0.00044392384957741394
2024-12-13,0.014297988499857812,0.012420181222187297
2024-12-16,-0.0044135382686005566,-0.022067351602035816
2024-12-17,-0.03674375349037452,0.002148358861647163
2024-12-18,-0.004463253547543272,-0.023431263475401965
2024-12-19,0.00869461244459308,-0.0060618852706170795
2024-12-20,0.008084304684516284,0.013414919151530582
2024-12-23,0.01346866479822245,0.017900161664579615
2024-12-24,-0.0006795273771239808,0.0039669309023976675
2024-12-26,-0.0133821948406983,0.0072898721294299045
2024-12-27,-0.013389144025394381,0.010361494247432412
2024-12-30,-0.008531078969294783,0.011074615638392037
2024-12-31,-0.00195798233797617,0.007081143501015666
2025-01-02,0.016232702543166916,3.5330307077491773e-05
2025-01-03,0.011427381043588581,-0.014526429382729689
2025-01-06,-0.01800533387533403,0.00493475666460693
2025-01-07,0.0001746809650712339,-0.0009555144016249854
2025-01-08,-0.01580534828560434,-0.005466589277185727
2025-01-10,-0.0032189610613979815,-0.005055630228880467
2025-01-13,-0.0009498932084459785,-0.002395494938987746
2025-01-14,0.02274560272265942,0.008403857098941021
2025-01-15,-0.007030656861489003,0.003684307087289075
2025-01-16,0.016737601074615513,-0.018637280164469274
2025-01-17,0.0058478581236138414,-0.004225408243190044
2025-01-21,0.012704774650576534,0.001206909423747175
2025-01-22,0.0021237615462590537,-0.003408997762323929
2025-01-23,-0.005667124282590487,0.0021103695661287216
2025-01-24,-0.02954690721571355,0.0020415973692770005
2025-01-27,0.014671794621398145,0.003023573842867936
2025-01-28,-0.001879844027842163,0.0008760068199817289
2025-01-29,0.004253368867802892,0.0015357658849320208
2025-01-30,-0.001454072615431148,0.0007888053615590375
2025-01-31,-0.008035414246676994,3.945987662591513e-05
2025-02-03,0.012200653942069319,0.00047700252092146045
2025-02-04,0.004527649175805766,0.00025894746470482105
2025-02-05,0.005206126577261924,0.0008706055265447362
2025-02-06,-0.012693515929139242,0.0018226544170444376
2025-02-07,0.012032421321315224,-0.001540610534665295
2025-02-10,-0.0023835658820050253,0.0005530195492338522
2025-02-11,0.0005869600373005646,0.001627793241602801
2025-02-12,0.014283272330534363,0.0007413264939586846
2025-02-13,0.004189755209502721,-0.0016877943803904297
2025-02-14,0.0022644600960060354,-0.00015258053912140155
2025-02-18,0.0002780635671227278,4.941993957812186e-05
2025-02-19,-0.0042535471607749505,-0.001008360616151734
2025-02-20,-0.020973015784900455,-0.0030904539005398354
2025-02-21,-0.01187451210749677,0.0041856094983134685
2025-02-24,-0.01267934794400333,0.006097004105123415
2025-02-25,0.002412734174286459,0.0019499394943968127
2025-02-26,-0.028164213875888286,-0.0030601788070170792
2025-02-27,0.015668084591741682,0.009784203677460607
2025-02-28,-0.022125412608246027,-0.00011827526469194515
2025-03-03,-0.003022367805436653,0.017324618267506118
2025-03-04,0.012951782959329833,0.01729884727647787
2025-03-05,-0.027894881853187684,-0.0013993092197455864
2025-03-06,0.007326638147615067,-0.0010760275419056634
2025-03-07,-0.03952739512119919,-0.004768938198211159
2025-03-10,-0.0023932323220595578,0.016458508076731673
2025-03-11,0.011217593274715373,0.016791205000012386
2025-03-12,-0.018154234064064856,0.009893470834727242
2025-03-13,0.023882991708153018,0.021590340268214377
2025-03-14,0.006462830179672,-0.009249722301227684
2025-03-17,-0.017194436002310326,-0.0016938853456833231
2025-03-18,0.013292639964092178,0.0017264446935413955
2025-03-19,-0.0033953060790510095,-0.004279753591513488
2025-03-20,0.0032913267916312924,0.008636395550037278
2025-03-21,0.020216849135833128,-0.0005912945570860739
2025-03-24,0.0056903783185460535,0.005537781494450266
2025-03-25,-0.018572079255453667,0.0015423483755734942
2025-03-26,-0.005714301263438664,0.007695681689914492
2025-03-27,-0.026680592878950762,0.007142221805072922
2025-03-28,-4.26502889621754e-05,-0.0029678435181910365
2025-03-31,0.008028759595563144,0.0011766798616759373
2025-04-01,0.007271992840864276,0.0003821211898869656
2025-04-02,-0.05501975571407946,0.004549986535453188
2025-04-03,-0.06412144219268044,-0.003064269191523336
2025-04-04,0.002410323015787155,0.015540057059995865
2025-04-07,-0.01817257511884545,0.027403093547248892
2025-04-08,0.11335615349540927,0.036659300970269836
2025-04-09,-0.04346317608114219,-0.037691785741853626
2025-04-10,0.018255409362437823,-0.04018246671208303
2025-04-11,0.006755300506074558,-0.02956594110033197
2025-04-14,0.0011141819016669495,-0.030911515727726196
2025-04-15,-0.030617464131621065,-0.028643873466666792
2025-04-16,-0.000180123385005334,-0.0021901718636453426
2025-04-17,-0.02505802498822373,-0.002571535954047017
2025-04-21,0.02591332225614612,-0.008440358893607976
2025-04-22,0.02242485853989883,-0.00285365375421646
2025-04-23,0.027748523522714754,-0.013718368967058721
2025-04-24,0.011086281370387245,-0.0008041423290921378
2025-04-25,-0.0003174703985520059,0.002968473351146297
2025-04-28,0.006582718877482998,-0.0023316378680279973
2025-04-29,-0.0001261829654669907,-0.0032612989209038394
2025-04-30,0.012976204643748447,0.006237009578920063
2025-05-01,0.014734787613254826,0.0035352600053911937
2025-05-02,-0.005950200164501514,-0.0018903126612393663
2025-05-05,-0.00934528272556755,0.010795764801628605
2025-05-06,0.003918280971660209,0.00749891159850175
2025-05-07,0.010271912793276012,0.0050448582057252035
2025-05-08,-0.0006555630906937166,0.0038659863598438453
2025-05-09,0.03993219983188958,0.021263664108637063
2025-05-12,0.015125747611687229,-0.0026376256416505016
2025-05-13,0.005975246683485812,-0.03797304231971727
2025-05-14,0.001098340075538202,-0.015579057805208756
2025-05-15,0.004342986956175698,-0.011438085220316493
2025-05-16,0.0009582950748690498,-0.01250178750176202
2025-05-19,-0.0033388371962152818,-0.007215648699561185
2025-05-20,-0.013994092750443958,0.01680784994094965
2025-05-21,0.001869450614557799,-0.011536183752556751
2025-05-22,-0.009303847261720514,-0.014160234745926387
2025-05-23,0.023252799306439507,-0.007981357011223213
2025-05-27,-0.004441759775942576,-0.03911742677396947
2025-05-28,0.001963729405451779,-0.013130518926849317
2025-05-29,-0.001578380370799464,-0.029158122932192596
2025-05-30,0.007867106351588224,-0.022288293661964918
2025-06-02,0.00778673342624178,-0.024387208643024377
2025-06-03,0.002783908167815893,-0.006419135307096486
2025-06-04,-0.007555372133955925,-0.0176896063493396
2025-06-05,0.00972786918655611,-0.017102223138955316
2025-06-06,0.0014708380770092405,-0.019680685223831474
2025-06-09,0.006592130247483411,0.002346243282987136
2025-06-10,-0.003375150866749657,0.00021947109954494865
2025-06-11,0.002345062843614029,-0.0035905404402018495
2025-06-12,-0.012634287725759502,-0.024795848229958464
2025-06-13,0.013814118379029818,-0.010706610242168258
2025-06-16,-0.009799113553620706,-0.04831886091278422
2025-06-17,-0.00017012106990482983,-0.05779786341540298
2025-06-18,-0.004091612232068815,-0.03994230362860069
2025-06-20,0.009107462241222008,-0.015584750584458424
2025-06-23,0.015176271040872283,-0.015396285291558742
2025-06-24,0.002553334597192239,-0.017835908502908424
2025-06-25,0.009306841258020282,-0.0019466298048875566
2025-06-26,0.0034176820466208188,-0.011281677005479482
2025-06-27,0.006456152566336343,-0.00841971447425917
2025-06-30,-0.008465138886913987,0.008212128508798567
2025-07-01,0.006941246135276686,0.006984119211053338
2025-07-02,0.009792132587266545,-0.0005785220724382123
2025-07-03,-0.007561506815373562,-0.012769779273624436
2025-07-07,0.0005614060652537651,0.0026346274933845507
2025-07-08,0.007054034788803655,-0.007831264448259547
2025-07-09,-0.0014392374527185067,-0.015123249281855744
2025-07-10,-0.0022529635988532974,-0.012280253390841657
2025-07-11,0.003620288353556368,-0.01867020131761352
2025-07-14,0.0009164997541601784,-0.02392823009265596
2025-07-15,0.0010233302209894295,-0.013005660227665134
2025-07-16,0.008060163912559221,-0.023362105337257064
2025-07-17,-0.0009616584004689948,-0.018885287301753186
2025-07-18,0.005171368250689296,-0.01977879784660577
2025-07-21,-0.005189185463899399,-0.006536920354721522
2025-07-22,0.004550876252347379,-0.010834272004509947
2025-07-23,0.0021261147960462226,-0.015401118918418964
2025-07-24,0.002404144770203983,-0.014012696257724172
2025-07-25,0.0031202923484020205,-0.018274598951093145
2025-07-28,-0.001550114807485334,-0.01845349962586925
2025-07-29,0.0013388769528763897,-0.018200188144289167
2025-07-30,-0.005313199263997172,-0.012802596691418153
2025-07-31,-0.01989537331834457,-0.01726617614377623
2025-08-01,0.01828348395941723,-0.006428361078480019
2025-08-04,-0.006812730353113683,-0.05136001877594364
2025-08-05,0.012504708033590111,0.01410412455710669
2025-08-06,0.0033786193890522585,0.007481342497891185
2025-08-07,0.009284987888183388,0.014358642197935983
2025-08-08,-0.002963223364007737,-0.015713754229749844
2025-08-11,0.012490404381780834,-0.017353628444641608
2025-08-12,0.0004998319634564901,-0.012678227923497902
2025-08-13,-0.0007757083036375455,0.001247356338454386
2025-08-14,-0.0044070826495231415,0.006976447651692844
2025-08-15,-0.00039845814551187417,-0.0075591989353090755
2025-08-18,-0.013660485108729485,-0.01793909332793126
2025-08-19,-0.005955020328992139,-0.00907638368264408
2025-08-20,-0.004640543937600442,-0.00703042366995958
2025-08-21,0.01530970224105165,0.009805447143049217
2025-08-22,-0.00288893564255633,0.010801233605120367
2025-08-25,0.0040072499005375265,-0.0006734370848738842
2025-08-26,0.00153564291586177,-0.017687605845615215
2025-08-27,0.00624040545179923,0.0032318698109859824
2025-08-28,-0.01164303597748548,0.00333209722874236
2025-08-29,-0.008415394463972185,0.009274192046886835
2025-09-02,0.007836685669861291,-0.017656332576156605
2025-09-03,0.009010800512702127,-0.014355847242131558
2025-09-04,0.0014418611189099737,-0.000883931011584935
2025-09-05,0.004866105382708958,0.0014367000623568707
2025-09-08,0.002829100198129219,-0.00034071927624884884
2025-09-09,0.0003272448595786138,-0.0009292129007549098
2025-09-10,0.005803687369826154,-0.0004992535086552519
2025-09-11,0.004407475915327099,0.0014684891867717507
