date,y,yhat_cv
2012-12-27,0.0,
2012-12-28,0.012033839563723463,
2012-12-31,0.011890746521521773,
2013-01-02,0.0055009961903476476,
2013-01-03,0.002348337674107429,
2013-01-04,-0.0015649455463033672,
2013-01-07,-0.0035301076078614524,
2013-01-08,0.004312886512802297,
2013-01-09,0.0046838493124264375,
2013-01-10,0.0007785130794136617,
2013-01-11,-0.0023373598487048154,
2013-01-14,0.002337359848704772,
2013-01-15,0.0019436352085710307,
2013-01-16,0.006194367464273511,
2013-01-17,0.008837713622057338,
2013-01-18,0.0087602921691195,
2013-01-21,-0.005323206486413047,
2013-01-22,0.009863509405195993,
2013-01-23,0.0041439125036751645,
2013-01-24,0.008236662065879068,
2013-01-25,-0.00037292560566458074,
2013-01-28,0.00037292560566465094,
2013-01-29,-0.004858914437099695,
2013-01-30,-0.005259215728484909,
2013-01-31,0.008998935868569535,
2013-02-01,-0.010883950564340831,
2013-02-04,0.008641797158651128,
2013-02-05,-0.000748503028958129,
2013-02-06,0.0007485030289581124,
2013-02-07,0.010050335853501506,
2013-02-08,0.0018501392881613734,
2013-02-11,0.0,
2013-02-12,-0.0011096727604377884,
2013-02-13,0.0022181155120213586,
2013-02-14,0.0033179753941821937,
2013-02-15,0.010981076668925926,
2013-02-19,-0.004743668811378983,
2013-02-20,-0.005133857993851933,
2013-02-21,0.010605328875202782,
2013-02-22,-0.011340893454156686,
2013-02-25,0.004405293467916418,
2013-02-26,0.009841522844791289,
2013-02-27,0.010463743315954175,
2013-02-28,-0.004316553464974098,
2013-03-01,0.004675426607171503,
2013-03-04,0.00964121019238621,
2013-03-05,0.004962789342129097,
2013-03-06,0.0,
2013-03-07,0.004938281640582577,
2013-03-08,-0.0007039775017943805,
2013-03-11,-0.0021149109046259755,
2013-03-12,0.0031706914003740093,
2013-03-13,0.00035167927213170853,
2013-03-14,-0.004581505811231969,
2013-03-15,-0.0031841526991402305,
2013-03-18,0.0014164308317135062,
2013-03-19,0.008105771253435505,
2013-03-20,-0.010585843383795672,
2013-03-21,0.000709219887883662,
2013-03-22,-0.0035511400954644098,
2013-03-25,0.002487121552093554,
2013-03-26,-0.0007099751806925384,
2013-03-27,0.0028368813351995355,
2013-03-28,-0.00425834568257708,
2013-04-01,0.003549879482203777,
2013-04-02,-0.00889843921079958,
2013-04-03,0.0003574620234667225,
2013-04-04,0.0007145409378688503,
2013-04-05,0.006053071713077463,
2013-04-08,0.004250803425194568,
2013-04-09,0.009498752157907905,
2013-04-10,-0.00035020136936430137,
2013-04-11,-0.0010513405559240232,
2013-04-12,-0.009512137953645259,
2013-04-15,0.008810629682154906,
2013-04-16,-0.00881062968215492,
2013-04-17,-0.006392067218658765,
2013-04-18,0.008513708750017116,
2013-04-19,0.005284493537898204,
2013-04-22,0.009094151518317058,
2013-04-23,0.001739433383433195,
2013-04-24,-0.002784547570183008,
2013-04-25,-0.004891693891254252,
2013-04-26,0.0017497817237877723,
2013-04-29,-0.002450552600398288,
2013-04-30,-0.008094360576216712,
2013-05-01,0.01054491317661504,
2013-05-02,0.011126679464757053,
2013-05-03,0.0,
2013-05-06,0.0017274144906950872,
2013-05-07,0.0034459027895256066,
2013-05-08,0.0,
2013-05-09,0.00924505814405099,
2013-05-10,-0.0003408897254760005,
2013-05-13,0.015561883735831256,
2013-05-14,0.006024114603380876,
2013-05-15,-0.0030075210639553284,
2013-05-16,0.019553232733001143,
2013-05-17,0.00032813782082783327,
2013-05-21,0.0009837679101327482,
2013-05-22,-0.010212574347754378,
2013-05-23,0.0009928844105426577,
2013-05-24,0.002642882278345016,
2013-05-27,0.009522317888623438,
2013-05-28,-0.008203491452827791,
2013-05-29,0.0006587615521501637,
2013-05-30,-0.007270355884462989,
2013-05-31,-0.007323601308586873,
2013-06-03,0.003668505031326488,
2013-06-04,-0.012730490186147947,
2013-06-05,-0.0037155928576787793,
2013-06-06,0.008424649659251623,
2013-06-07,-0.0013431835464676259,
2013-06-10,-0.009113987137706317,
2013-06-11,-0.005099450112349137,
2013-06-12,0.008822588615179077,
2013-06-13,-0.0027063615977430252,
2013-06-14,0.005405418566907982,
2013-06-17,0.010723963362975642,
2013-06-18,-0.006018072325563021,
2013-06-19,-0.018616208632797906,
2013-06-20,0.014247188071873985,
2013-06-21,-0.01390559968255766,
2013-06-24,0.011545119746541845,
2013-06-25,0.0070647896870043745,
2013-06-26,0.00434856012236159,
2013-06-27,0.0003337226795530057,
2013-06-28,0.004328290426258216,
2013-07-02,0.0016597514183642492,
2013-07-03,0.014488234989617618,
2013-07-04,-0.0019633514160256205,
2013-07-05,0.006204101532684871,
2013-07-08,0.004546938655543437,
2013-07-09,-0.002595718524281513,
2013-07-10,0.0035673785197571986,
2013-07-11,0.0009707167887309609,
2013-07-12,0.0064474755909697265,
2013-07-15,-0.009038150615062147,
2013-07-16,0.00614192976516007,
2013-07-17,0.0028962208499019562,
2013-07-18,-0.0009644752395284331,
2013-07-19,0.0016069423351899549,
2013-07-22,-0.00644332126093223,
2013-07-23,-0.0029130947935232317,
2013-07-24,-0.0022716219406637016,
2013-07-25,0.0009741841978434143,
2013-07-26,-0.00357665801542504,
2013-07-29,0.004874095758245353,
2013-07-30,-0.0029216057139535615,
2013-07-31,0.019318050844763877,
2013-08-01,0.0022296553272690683,
2013-08-02,-0.005743474627065751,
2013-08-06,0.002237494940191867,
2013-08-07,-0.0051216501200548065,
2013-08-08,-0.007408634305569237,
2013-08-09,-0.0009704027932785164,
2013-08-12,0.008379037098847748,
2013-08-13,-0.006439172281021089,
2013-08-14,-0.016610054565620366,
2013-08-15,0.0006565988417116893,
2013-08-16,-0.004935032223446757,
2013-08-19,0.007557124843433376,
2013-08-20,0.005874690524788932,
2013-08-21,0.01003731917262475,
2013-08-22,0.00032211306446988024,
2013-08-23,-0.0016116038943415328,
2013-08-26,-0.020202707317519466,
2013-08-27,0.005580188449977563,
2013-08-28,0.008150004361924408,
2013-08-29,-0.007495554076785691,
2013-08-30,0.005870858349783827,
2013-09-03,0.004218730904048475,
2013-09-04,0.0019411199883446481,
2013-09-05,-0.004859883208511152,
2013-09-06,0.0019467884149879458,
2013-09-09,0.00485045413374948,
2013-09-10,-0.00032263268548941566,
2013-09-11,-0.0012915726690517688,
2013-09-12,0.0045132249400573355,
2013-09-13,0.0035318707447741533,
2013-09-16,0.0016012813669738276,
2013-09-17,0.00415137112247597,
2013-09-18,0.003499287808046714,
2013-09-19,-0.003818012910346423,
2013-09-20,-0.010253213823099011,
2013-09-23,-0.00096665063109499,
2013-09-24,-0.0019361090268663291,
2013-09-25,0.00032294526358498613,
2013-09-26,-0.003558147050096648,
2013-09-27,-0.005523978303369901,
2013-09-30,0.008112976513275324,
2013-10-01,0.0006462035766063014,
2013-10-02,-0.006155859387575955,
2013-10-03,0.0019480525641084742,
2013-10-04,-0.0048772653990035,
2013-10-07,-0.0065402456806098784,
2013-10-08,0.0019665689720408473,
2013-10-09,0.02041879398875942,
2013-10-10,0.002563282403164632,
2013-10-11,0.0012791814983802124,
2013-10-15,0.006371477432142384,
2013-10-16,0.004436002204624108,
2013-10-17,0.006617323658624877,
2013-10-18,-0.000314119682180801,
2013-10-21,0.006575880906156959,
2013-10-22,0.0043600193640788,
2013-10-23,0.007738778754989406,
2013-10-24,0.004614682854672462,
2013-10-25,0.0018399269220072951,
2013-10-28,0.00641321483471318,
2013-10-29,-0.0021331716149358584,
2013-10-30,-0.0064269540275415,
2013-10-31,-0.0006142506335639772,
2013-11-01,0.003373718887740871,
2013-11-04,0.004277427847778979,
2013-11-05,-0.0021364268770089636,
2013-11-06,-0.008591645362989932,
2013-11-07,0.01377221462122709,
2013-11-08,0.0015186031771900596,
2013-11-11,-0.001214697993267833,
2013-11-12,0.0030339829098530524,
2013-11-13,0.009347271433540444,
2013-11-14,0.0014994754646405668,
2013-11-15,-0.0054086670313994055,
2013-11-18,0.002106848032898461,
2013-11-19,-0.005426603609291045,
2013-11-20,0.015597196813667988,
2013-11-21,0.004454350349380153,
2013-11-22,0.001480385170434203,
2013-11-25,-0.0005918911093189524,
2013-11-26,0.007961121215867199,
2013-11-27,0.0026396847707732454,
2013-11-28,-0.0011723330768234393,
2013-11-29,-0.00029329813965933346,
2013-12-02,-0.0035263039773192942,
2013-12-03,0.004112814258061778,
2013-12-04,-0.008538252960120094,
2013-12-05,0.011173300598125255,
2013-12-06,0.00029235492095380593,
2013-12-09,-0.004981695284339976,
2013-12-10,-0.013010236736014775,
2013-12-11,0.002081166203824671,
2013-12-12,-0.0056589875517086986,
2013-12-13,0.005658987551708664,
2013-12-16,-0.0005941770822464334,
2013-12-17,0.023786175009046884,
2013-12-18,-0.0029061339837290028,
2013-12-19,0.004066226921259575,
2013-12-20,0.0,
2013-12-23,0.003761034377016617,
2013-12-24,0.009484192373004158,
2013-12-27,-0.006600684031352136,
2013-12-30,0.0014386421701544536,
2013-12-31,-0.0034562246386771007,
2014-01-02,-0.0031787340737811426,
2014-01-03,-0.0011584131037668498,
2014-01-06,0.018090945649039264,
2014-01-07,0.001990050408010009,
2014-01-08,0.005099161190410934,
2014-01-09,0.005354387880317058,
2014-01-10,-0.016721375858092358,
2014-01-13,0.019528001332211938,
2014-01-14,0.005589729478786812,
2014-01-15,-0.004749275584238382,
2014-01-16,0.0022377631715772956,
2014-01-17,-0.0013980150466523526,
2014-01-20,0.0039095274593133125,
2014-01-21,0.01108658805634055,
2014-01-22,-0.007747686790825938,
2014-01-23,-0.022472855852058514,
2014-01-24,0.0005680204640086013,
2014-01-27,0.007636863590345191,
2014-01-28,-0.008773227348993018,
2014-01-29,0.011867898548572751,
2014-01-30,-0.011015504691023673,
2014-01-31,-0.026476366692132165,
2014-02-03,0.004655230984838794,
2014-02-04,0.0005803830691063254,
2014-02-05,0.010389703849135868,
2014-02-06,0.011702716690069098,
2014-02-07,0.0022675746677805605,
2014-02-10,0.00789626212222554,
2014-02-11,-0.001968227825049056,
2014-02-12,0.004212897678872941,
2014-02-13,0.005589729478786812,
2014-02-14,-0.001394505873733017,
2014-02-18,0.00501114634392145,
2014-02-19,0.00939752631874457,
2014-02-20,0.002198407040943947,
2014-02-21,-0.0005491488331304612,
2014-02-24,-0.0013741928780639202,
2014-02-25,0.0032948958968524846,
2014-02-26,0.006829694625445275,
2014-02-27,-0.0029993205852112477,
2014-02-28,-0.008225985513272019,
2014-03-03,0.01881959266497192,
2014-03-04,-0.005690301223179418,
2014-03-05,-0.0016317653879055589,
2014-03-06,0.008132329990998955,
2014-03-07,0.0013489817235209335,
2014-03-10,-0.004323162637027674,
2014-03-11,-0.001354830176078703,
2014-03-12,-0.014750335720367914,
2014-03-13,0.0005502063412529128,
2014-03-14,0.005485477276671278,
2014-03-17,0.015201161332050338,
2014-03-18,0.004032805573167472,
2014-03-19,0.005084983524775254,
2014-03-20,-0.005353331842500152,
2014-03-21,-0.0105221529273893,
2014-03-24,0.000813338800428281,
2014-03-25,-0.012270092591814247,
2014-03-26,-0.008541173290584741,
2014-03-27,0.005793918815445919,
2014-03-28,0.009310034387662123,
2014-03-31,0.005165160321202465,
2014-04-01,0.00297820715596949,
2014-04-02,-0.0016233769798908598,
2014-04-03,-0.016105165896446606,
2014-04-04,-0.01051185336460563,
2014-04-07,-0.0033426214966897263,
2014-04-08,0.007782140442054729,
2014-04-09,-0.01393945068726904,
2014-04-10,-0.006195457721786758,
2014-04-11,0.001129305597151487,
2014-04-14,0.012338911453715318,
2014-04-15,0.013564221808302088,
2014-04-16,0.0024715102516194402,
2014-04-17,0.0027389773354322177,
2014-04-21,0.005999472590225682,
2014-04-22,-0.0008159935173294136,
2014-04-23,0.0002720718286405469,
2014-04-24,-0.006276456680295133,
2014-04-25,-0.0027412297867187474,
2014-04-28,0.0021935846470730624,
2014-04-29,0.003554344138384176,
2014-04-30,0.0,
2014-05-01,0.00027288852673086346,
2014-05-02,0.0,
2014-05-05,-0.014013143168578037,
2014-05-06,0.0030390961366013806,
2014-05-07,-0.0052551635255124836,
2014-05-08,0.006908967651073199,
2014-05-09,0.010956012082498377,
2014-05-12,0.0019050216674321144,
2014-05-13,-0.006273032980387607,
2014-05-14,-0.010451140231780847,
2014-05-15,0.0019334352107719232,
2014-05-16,0.001103144072157168,
2014-05-20,0.010419617164622965,
2014-05-21,0.0005454049767051708,
2014-05-22,0.001906578270581669,
2014-05-23,-0.0010890281501026967,
2014-05-26,0.0059750313557288045,
2014-05-27,0.0002707459066221031,
2014-05-28,0.0013526310732688152,
2014-05-29,0.002430134853291669,
2014-05-30,0.0064516352814888165,
2014-06-02,0.0010712373814988586,
2014-06-03,0.004806417797720814,
2014-06-04,0.005048502817856278,
2014-06-05,0.003967734341658456,
2014-06-06,-0.00026402640417412385,
2014-06-09,-0.00026409613252662435,
2014-06-10,-0.006625173298931727,
2014-06-11,-0.010155084597619539,
2014-06-12,0.003218023694200793,
2014-06-13,0.0010703774101960954,
2014-06-16,0.004536365351039898,
2014-06-17,0.006104863021335344,
2014-06-18,-0.0029150676532353013,
2014-06-19,-0.0026574557228431074,
2014-06-20,-0.0074786673355494585,
2014-06-23,-0.0037604127041321587,
2014-06-24,0.0024190308799309336,
2014-06-25,-0.0034960369075688123,
2014-06-26,-0.0032379952737753384,
2014-06-27,0.0026990569691649835,
2014-06-30,0.006715941965436809,
2014-07-02,0.0010703774101960954,
2014-07-03,0.0034708351490016173,
2014-07-04,-0.0016004271220814827,
2014-07-07,-0.0064274458018377814,
2014-07-08,0.001342462277062489,
2014-07-09,-0.0032249423273990104,
2014-07-10,0.008576841641827926,
2014-07-11,0.003729359676649021,
2014-07-14,0.001859477225917292,
2014-07-15,0.0026504123652011284,
2014-07-16,-0.010644060045946667,
2014-07-17,0.007728219676532959,
2014-07-18,-0.0018599713081008855,
2014-07-21,0.004775811677514683,
2014-07-22,0.00211528370781322,
2014-07-23,0.002374358060462297,
2014-07-24,0.0,
2014-07-25,-0.0002635393347709328,
2014-07-28,0.0052576356654049795,
2014-07-29,0.00026215755819300923,
2014-07-30,-0.020122468741443647,
2014-07-31,-0.0008026756283805144,
2014-08-01,0.000267630136750713,
2014-08-05,-0.003484791088526044,
2014-08-06,-0.007006226449887664,
2014-08-07,0.017424378646367353,
2014-08-08,-0.0007975542094971329,
2014-08-11,-0.0013306721857051726,
2014-08-12,0.005841758514221878,
2014-08-13,0.003172088306143979,
2014-08-14,-0.0010562451470516284,
2014-08-15,0.007370393986014671,
2014-08-18,0.011473398350663994,
2014-08-19,0.0031063964922851553,
2014-08-20,0.003096776668393484,
2014-08-21,-0.0028383453450788274,
2014-08-22,0.008234735159229104,
2014-08-25,-0.0020523352509116306,
2014-08-26,-0.00851068966790862,
2014-08-27,-0.0015552102668065855,
2014-08-28,0.00465839351732231,
2014-08-29,0.005407506417392934,
2014-09-02,-0.0051493419652036704,
2014-09-03,-0.00232588294541892,
2014-09-04,0.004131170347384157,
2014-09-05,0.007700243386607787,
2014-09-08,-0.006412744818128737,
2014-09-09,0.0,
2014-09-10,0.009986000279123337,
2014-09-11,-0.0007646234602172852,
2014-09-12,-0.004600059223308454,
2014-09-15,0.000512163903641298,
2014-09-16,0.005107263399782084,
2014-09-17,-0.0007644286268538146,
2014-09-18,0.0,
2014-09-19,-0.005367425026495927,
2014-09-22,-0.0017955628782079327,
2014-09-23,0.006142839894782792,
2014-09-24,-0.010001365582312396,
2014-09-25,0.012040621960690672,
2014-09-26,-0.0035714323675971335,
2014-09-29,0.003826047263943957,
2014-09-30,-0.016945206485896886,
2014-10-01,-0.0018141769910299489,
2014-10-02,0.020793972174714324,
2014-10-03,-0.014329825554824968,
2014-10-06,-0.011404996613990245,
2014-10-07,0.011662695365577479,
2014-10-08,-0.013228049194214721,
2014-10-09,-0.008390190802460439,
2014-10-10,-0.006869247618883047,
2014-10-14,-0.012001744274089583,
2014-10-15,-0.0005367686655985835,
2014-10-16,0.01465715779997344,
2014-10-17,0.009478743954543739,
2014-10-20,0.01353482400500798,
2014-10-21,-0.0051840447875879546,
2014-10-22,0.009826818151788246,
2014-10-23,0.0074349784875179905,
2014-10-24,-0.0002554604688818787,
2014-10-27,0.004842624475787991,
2014-10-28,0.0025393614458177837,
2014-10-29,0.004049613228503566,
2014-10-30,0.01975805176665207,
2014-10-31,0.007401958295667739,
2014-11-03,0.0012283504799618697,
2014-11-04,0.00465401942310458,
2014-11-05,0.007789718065333437,
2014-11-06,-0.008278596100003172,
2014-11-07,0.006822638550887337,
2014-11-10,-0.0026747736311761973,
2014-11-11,-0.0021937851577135507,
2014-11-12,0.006324516338005563,
2014-11-13,-0.00876771325331015,
2014-11-14,0.0026871886207971217,
2014-11-17,0.006080524632513005,
2014-11-18,0.0031473213245609417,
2014-11-19,-0.0021778593000127047,
2014-11-20,-0.0019398648178265917,
2014-11-21,0.008940496909065222,
2014-11-24,-0.0036148972971079734,
2014-11-25,0.0007240256138659976,
2014-11-26,0.01032050442103221,
2014-11-27,0.004526511600093383,
2014-11-28,-0.01581250004495376,
2014-12-01,0.012717627916298014,
2014-12-02,0.0014295928095943715,
2014-12-03,-0.0014295928095944335,
2014-12-04,0.007364328329408953,
2014-12-05,-0.003794171020703467,
2014-12-08,-0.003808621599808107,
2014-12-09,-0.012962255422030278,
2014-12-10,0.00866014553622341,
2014-12-11,-0.01083695132987748,
2014-12-12,0.0009680542866352744,
2014-12-15,-0.01070049120486626,
2014-12-16,0.020808880525627214,
2014-12-17,0.018740911444999772,
2014-12-18,0.006325428142153637,
2014-12-19,0.00558920877468029,
2014-12-22,0.001856149024793216,
2014-12-23,-0.003948443174106593,
2014-12-24,0.0037166128728481768,
2014-12-29,-0.006980019032472247,
2014-12-30,-0.008676335352169521,
2014-12-31,0.012172434939254287,
2015-01-02,-0.02044964904052797,
2015-01-05,-0.0026156238904680444,
2015-01-06,0.011363758650315003,
2015-01-07,0.019119258074760694,
2015-01-08,-0.005325935942424932,
2015-01-09,-0.0004644681922794857,
2015-01-12,-0.003956714111193092,
2015-01-13,-0.006551263487221815,
2015-01-14,-0.006594465725280825,
2015-01-15,0.012912493059841773,
2015-01-16,-0.0009334889826060727,
2015-01-19,0.014141883998400412,
2015-01-20,0.023658974316646986,
2015-01-21,0.01848810873671997,
2015-01-22,-0.001767175189295198,
2015-01-23,0.005292184347167367,
2015-01-26,-0.017079266217395955,
2015-01-27,-0.0031369060004945467,
2015-01-28,0.014702871230795023,
2015-01-29,-0.005099223996742765,
2015-01-30,0.0011107409783539701,
2015-02-02,0.001331262677197806,
2015-02-03,0.008390422373702513,
2015-02-04,0.00021985269957745947,
2015-02-05,0.004605776318246246,
2015-02-06,-0.008349861740353503,
2015-02-09,0.01944778872236941,
2015-02-10,0.004964931947515706,
2015-02-11,-0.0019398648178264805,
2015-02-12,0.002155173247983412,0.0004362501986504973
2015-02-13,-0.0062628430600035045,0.00023897760147841376
2015-02-17,0.0032442982928165,-0.0007111603158501659
2015-02-18,0.0062426206389395375,0.0008020983686944374
2015-02-19,0.009822842167616277,0.00038187271270116404
2015-02-20,0.0021226923699536886,-0.0007859758551612241
2015-02-23,-0.0031857306331309855,-0.0011103351750692302
2015-02-24,-0.006188006516067513,-0.001921427308878942
2015-02-25,0.006825965070399891,-0.0016932857937390687
2015-02-26,-0.0042607648608548095,-0.0017508509451081274
2015-02-27,0.008291745178508942,-0.0004346087968405447
2015-03-02,-0.008718821845261016,-0.0009935987912666046
2015-03-03,-0.009442130235379074,-0.00016447887983557616
2015-03-04,0.009228523484593661,-0.0005669988700520942
2015-03-05,-0.006429512075973601,-0.0002025202025553877
2015-03-06,0.003005584057347094,0.0005631887500366704
2015-03-09,-0.009909602850838885,0.0012842709692685774
2015-03-10,0.0036736940290369034,0.0011743320688298148
2015-03-11,0.008591118132316644,-0.000800912889906358
2015-03-12,0.0004276245521654578,0.00043378526458440463
2015-03-13,0.012322229419717185,6.7366828929121e-05
2015-03-16,-0.003384097984240457,-0.00021125121198680243
2015-03-17,-0.004671913360743082,-0.0009187441693131175
2015-03-18,0.008900249470264078,-0.0004374957888339179
2015-03-19,-0.002957956942269085,-0.00021404837475267518
2015-03-20,-0.013420160938532183,8.845666553599653e-05
2015-03-23,-0.006454411391672606,0.0018110741769690804
2015-03-24,-0.013035161758593193,0.0016597932746865785
2015-03-25,-0.006802000992551254,0.001821619342767705
2015-03-26,0.013558047176269336,0.003573199433369499
2015-03-27,0.018933439931592973,0.003509536670685068
2015-03-30,-0.010067558525427149,0.0025999871906271068
2015-03-31,-0.008865881406165723,0.0026290219914093848
2015-04-01,0.0017361115471762956,0.0004889533026774036
2015-04-02,-0.0019533375717081356,-0.0005309316623903278
2015-04-06,0.0004344048721658038,0.0014019757945873616
2015-04-07,0.005414198390872541,0.004131416924325431
2015-04-08,0.008388047890657259,0.003004523896885371
2015-04-09,0.004487666469387977,0.0024294630832076966
2015-04-10,-0.0029895388483660483,0.0027241060139839117
2015-04-13,-0.006436409261604559,0.002420005788499528
2015-04-14,-0.011037878540566993,0.0024318165218807303
2015-04-15,-0.009841522844791433,0.00326547962191512
2015-04-16,-0.00838671876710129,0.004505600320519975
2015-04-17,0.009485016516163956,0.005236724033540903
2015-04-20,0.003068831869212723,0.005085758797311552
2015-04-21,0.0002188423249789017,0.00514955535763082
2015-04-22,-0.003287674194191861,0.00431130548580155
2015-04-23,0.003943913963996383,0.003420909719174074
2015-04-24,-0.010109976222096445,0.0022246729853451948
2015-04-27,-0.0035406100275627433,0.003674809623329521
2015-04-28,-0.003998228338236024,0.0030634229106971857
2015-04-29,-0.0064754050090130594,0.0037228732715448333
2015-04-30,0.018642350809279774,0.0041726275855847195
2015-05-01,-0.0019808524139609926,0.00410851349456067
2015-05-04,-0.013976933024649772,0.004201666165163619
2015-05-05,-0.00852596593927648,0.0039019990055831535
2015-05-06,0.012539349252735173,0.0030984010782146906
2015-05-07,0.010844413014128876,0.0018595578675928619
2015-05-08,-0.0035281183234446662,0.004344863430189237
2015-05-11,-0.010436422026927841,0.0045780131952587715
2015-05-12,-0.004025950416553065,0.002616893546039384
2015-05-13,0.013136112302127377,0.0012312080885375665
2015-05-14,0.0028713437728692197,0.0025895409813762324
2015-05-15,0.019439292920750948,0.00465039553474405
2015-05-19,-0.002382242599275791,0.003280963459948558
2015-05-20,0.0028147685575760652,0.002612407507516304
2015-05-21,0.005390848634876373,0.0012759496136509694
2015-05-22,0.004077696389535085,0.0018753866022955276
2015-05-25,-0.004292773280352158,0.0014019329607731347
2015-05-26,0.012611046689582586,0.0029191050701677986
2015-05-27,-0.003404258606801154,0.0020292003758459872
2015-05-28,-0.005771096491921953,0.002475496923481523
2015-05-29,0.008962928119698038,0.002493496709415422
2015-06-01,-0.01110885168997489,0.0015847756931608977
2015-06-02,0.006424004961355101,0.002028352199475451
2015-06-03,-0.00470689786420166,0.0022286941157556063
2015-06-04,-0.006454411391672606,0.0021558348846356713
2015-06-05,-0.009760407167386928,0.0014423054189335715
2015-06-08,-0.003930994361010889,0.002773465719061165
2015-06-09,0.0058907119179775645,0.001916826327431792
2015-06-10,0.002390006569499272,0.0032046343735765573
2015-06-11,-0.003478264376324697,0.0033680537710125144
2015-06-12,-0.00458365966765804,0.0030539680217566484
2015-06-15,0.005019104917299108,0.0026071117380684775
2015-06-16,-0.00348888273653147,0.0014529563354543703
2015-06-17,0.008482921994476844,0.002939343433265189
2015-06-18,-0.0008667389491684297,0.0025469653097513374
2015-06-19,0.005189200833640142,0.0026330334647859917
2015-06-22,0.0015084584263211872,0.0019280066513369116
2015-06-23,-0.0017241383581398043,0.0025037745927604096
2015-06-24,-0.009318520133848884,0.0014463850502624339
2015-06-25,-0.0010892060765321106,0.0025967407038425304
2015-06-26,-0.01471099095465624,0.002259119286590088
2015-06-29,0.011654887288121214,0.0034382374116163697
2015-06-30,0.010872035769486903,0.0026687076860975236
2015-07-02,0.004100577667708165,0.0028332113138152763
2015-07-03,-0.00021540118553933947,0.0018128618080517909
2015-07-06,0.010926728960035274,0.001230152160784481
2015-07-07,-0.014379473003033166,-0.0017163640548171824
2015-07-08,0.0,0.0004424414154927663
2015-07-09,0.010536598931402845,0.0007322664019940703
2015-07-10,0.015494314006771292,0.0010072084359756552
2015-07-13,0.004622828152828302,0.0007768477597152031
2015-07-14,0.013121087962697058,0.0025841821766650376
2015-07-15,0.011315829006347297,-0.0002363461390487221
2015-07-16,0.0026560440581162104,-0.0012782506799481643
2015-07-17,0.0018346758790187881,-0.0014737563360244065
2015-07-20,-0.007974686982023561,-0.0012835723858942063
2015-07-21,0.004097526732814502,-0.0015028684437555192
2015-07-22,-0.005124537195889292,-0.00034346379949358875
2015-07-23,-0.009498316298821818,0.0009225086162498594
2015-07-24,-0.0068700176521370475,0.0011689662701787615
2015-07-27,0.003753132011883886,0.001840957594341999
2015-07-28,0.008702914440983194,0.0005866632487258638
2015-07-29,0.005144573544356987,0.0014382268014772209
2015-07-30,0.0020504415631723964,0.001078945071561736
2015-07-31,0.003067800749412065,-0.0002848508490794655
2015-08-04,0.004482485093022405,-0.0016633002904376632
2015-08-05,-0.013302150508793147,-0.0015686669234402926
2015-08-06,-0.0016494849100756389,-0.0001585528821269873
2015-08-07,0.002679033029431952,0.00019532020728865946
2015-08-10,-0.0004116920601582537,0.0007529632403149866
2015-08-11,-0.009931801068082101,0.0014067220879003352
2015-08-12,0.006838696220341185,0.002805891277945498
2015-08-13,0.0053553166094140224,0.0005682104623649026
2015-08-14,0.004918042699645293,0.00020713842312514532
2015-08-17,-0.00471264062436215,0.0003597226286108184
2015-08-18,-0.0016443991372453472,0.0005217374168178816
2015-08-19,-0.025840154121703766,-0.0011087433815434695
2015-08-20,-0.025009318847967085,0.001352261678107511
2015-08-21,-0.03412549076518523,0.0019457937520002586
2015-08-24,-0.006065389818060143,0.0028391211048325368
2015-08-25,0.03498253547610701,0.004006090161643295
2015-08-26,0.016828876130156885,0.0064413884061666205
2015-08-27,-0.0012845216923567388,0.006511590238669343
2015-08-28,-0.010552482975841274,0.00436710757227154
2015-08-31,-0.023659373022209437,-4.892239381176257e-05
2015-09-01,0.01888505839783209,-0.001592896750026407
2015-09-02,-0.0013060515570059979,0.0022088264328929486
2015-09-03,-0.009190436679217878,0.006068280460619492
2015-09-04,0.017649439510275543,0.006623686139566541
2015-09-08,-0.011950169370657971,0.007202993187423583
2015-09-09,0.002837500539639747,0.005245337294438548
2015-09-10,0.006517511665179334,0.007951326669628144
2015-09-11,-0.0015169577077351719,0.008025260860595405
2015-09-14,0.013142492301357415,0.006772044268484733
2015-09-15,0.0017108644036293876,0.00831896391663642
2015-09-16,-0.0012828738128890414,0.008029271939000882
2015-09-17,-0.014004322378294992,0.007783587051367459
2015-09-18,0.0006506886684412521,0.007182697177522714
2015-09-21,-0.009805068203950539,0.006174379408531326
2015-09-22,0.0048056012098346215,0.007353565313255835
2015-09-23,-0.005681833467430946,0.00807637567195615
2015-09-24,-0.000657678418970823,0.00718009288256529
2015-09-25,-0.01859283307661597,0.005310895406338239
2015-09-28,0.0024545365441674028,0.005625986622748583
2015-09-29,0.0124032597834199,0.00487277358309844
2015-09-30,-0.00419102852339223,0.005139874653210967
2015-10-01,0.006389798098770988,0.0048315423927193625
2015-10-02,0.012007567040944953,0.004875337241790152
2015-10-05,-0.007187224666105403,0.0023980320259459195
2015-10-06,0.010869672236903891,0.0026692040788419986
2015-10-07,0.004530263383828881,0.002842717921524309
2015-10-08,-0.003881825016787305,0.0023131577824571743
2015-10-09,-0.00021609940656752163,0.0025047381637808234
2015-10-13,-0.011302011197377997,0.004244284039654301
2015-10-14,0.008705169227330807,0.0028921425146742888
2015-10-15,0.00905959604542465,0.0035355617121191505
2015-10-16,0.009191044715772676,0.004253770356077404
2015-10-19,-0.004478096831933657,0.003096424036490073
2015-10-20,0.00617877751395094,0.002877236812860822
2015-10-21,0.013083115502219701,0.0005382233771951648
2015-10-22,0.01828052567973083,0.0008216223722991719
2015-10-23,-0.0037121098514404176,0.0009488328943230535
2015-10-26,0.005151994909428112,0.0014788469102839845
2015-10-27,0.005738896669018178,-0.0016029078510743624
2015-10-28,-0.001841056058528205,-0.0011950040838994188
2015-10-29,-0.011118088583977047,-0.000678808336451039
2015-10-30,0.012754750160444634,0.0010174105005184093
2015-11-02,-0.0010225995369082333,-0.0005472461631896494
2015-11-03,0.00530613489849348,0.00020732307417256385
2015-11-04,0.0004070004126187052,-4.680292726770368e-05
2015-11-05,0.0081054141828214,-0.0006697978167318041
2015-11-06,-0.009734410674184853,-0.002359976216376316
2015-11-09,0.00020376974089861687,-0.0003283865040139666
2015-11-10,-0.002856561828185125,-0.0012589057543919773
2015-11-11,-0.012542572157532886,-0.0007416983780921603
2015-11-12,-0.009145771502474621,0.00031919137621674203
2015-11-13,0.01553952330339352,0.002157817781615094
2015-11-16,-0.001852042920577702,0.0009847078179593357
2015-11-17,0.017153779815199558,0.0022960455055389484
2015-11-18,-0.002838606934435561,0.0013540787377417367
2015-11-19,0.006476444414384592,0.0001992620003131104
2015-11-20,0.0016125784586989804,-0.0023859970790901623
2015-11-23,-0.00403633242246037,-0.0007854009796976209
2015-11-24,0.0,-0.001350741827743793
2015-11-25,0.00504287503386196,-2.0093201959361017e-05
2015-11-26,0.0010055305020185744,-0.00021843968003307864
2015-11-27,-0.0054419160803147034,0.0006375773327191448
2015-11-30,0.01045445790385898,0.001005002618023127
2015-12-01,-0.012275030875612578,-0.00019935735080658305
2015-12-02,-0.014479706433207062,0.0012246442918395955
2015-12-03,0.022947498965865565,0.0019131411170906245
2015-12-04,0.0036072183402869233,0.0009521206433957951
2015-12-07,-0.00040016006936537184,0.0010079706158963662
2015-12-08,-0.010258563262843455,0.0019785798201495484
2015-12-09,0.008455858718565674,0.0005862267895205289
2015-12-10,-0.012507728119443966,-0.0019846649133286615
2015-12-11,0.004254032547225477,0.0015168600568541061
2015-12-14,0.011456260359093124,0.0012855547526462049
2015-12-15,0.017825783952600448,0.0014485809842248911
2015-12-16,-0.0033428405920078253,0.00014804100983774522
2015-12-17,-0.017485047086356967,0.0017670902399398389
2015-12-18,0.006791875889007305,0.00028684569465635954
2015-12-21,0.006350487704526983,-0.0003970879846754915
2015-12-22,0.007292828222725503,0.0010191354672012237
2015-12-23,-0.005909018572227858,0.003289293009230824
2015-12-24,0.006890469234972366,0.002844498080514524
2015-12-29,-0.0017673053200835294,0.0004985889071290755
2015-12-30,-0.013454892334183162,0.0011979188916663409
2015-12-31,-0.008803578266759635,0.0019457784653689443
2016-01-04,0.005611237167786386,0.0029143711303656382
2016-01-05,-0.006616565492129114,0.002060710635820112
2016-01-06,-0.021965495690886783,0.003880216504708831
2016-01-07,-0.008881603359139838,0.004170285164530414
2016-01-08,0.007235173680779272,0.003234417018627112
2016-01-11,0.01044984409300936,0.0032862934097467687
2016-01-12,-0.018722900586208787,0.005062034532192981
2016-01-13,0.0164782307323849,0.005475723381833397
2016-01-14,-0.010473450291628023,0.0023367065579508912
2016-01-15,-0.00434468460401098,0.0026035015632482816
2016-01-18,0.007642296825567615,0.0028897565723578576
2016-01-19,-0.016179568876269416,0.004245916567496202
2016-01-20,-0.009243763299539269,0.0025495258272159116
2016-01-21,0.010706515623878636,0.0049831026357743755
2016-01-22,-0.006914642531936823,0.004404371079650596
2016-01-25,0.0,0.004862227243910547
2016-01-26,-0.009719070800209072,0.006097771865918862
2016-01-27,0.002756282885653569,0.00504354672946597
2016-01-28,0.02053718450950533,0.00461428434373916
2016-01-29,-0.0054076670880836815,0.005896509937094764
2016-02-01,-0.01132562441542034,0.005752086011224415
2016-02-02,-0.014018921179330929,0.004977621203490884
2016-02-03,0.0010689471889049637,0.0036992269535061854
2016-02-04,-0.009661910911736746,0.00396932392192044
2016-02-05,-0.011064219605380015,0.0073816078279331475
2016-02-08,-0.00415346536550675,0.007089903018001402
2016-02-09,0.004807701568103078,0.006256698931410768
2016-02-10,-0.011621663529697585,0.005516443737959967
2016-02-11,0.012275471987116501,0.0060215188034294514
2016-02-12,0.019418085857101516,0.005750724998675823
2016-02-16,0.004051610191123502,0.004817412844474766
2016-02-17,-0.0019171376624907313,0.004687192482873774
2016-02-18,0.0010655302020383163,0.0047228357509827455
2016-02-19,0.009960874982987408,0.002528970349186912
2016-02-22,-0.006558787925309716,0.0031978984892256142
2016-02-23,-0.0021249476759105826,0.005677831546519449
2016-02-24,-0.00021274332598049872,0.0054386603155136045
2016-02-25,-0.0027697897754438406,0.004743593663282289
2016-02-26,-0.00728054607805748,0.005337152782688688
2016-02-29,0.01450846870163821,0.00564023203154599
2016-03-01,0.006123976482400137,0.0046413920891819815
2016-03-02,0.0010520779508038345,0.00433314964338873
2016-03-03,-0.002105263935462316,0.0035721100864284086
2016-03-04,-0.004012253297175222,0.0026934466694070623
2016-03-07,0.0010574178842950518,0.0013934625571216683
2016-03-08,-0.00891725654156179,0.002679099673090592
2016-03-09,0.007648220838256819,0.0039044212752252644
2016-03-10,0.009059368817342513,0.0033347259750025277
2016-03-11,0.001467044169644873,0.0028870309475135542
2016-03-14,0.0048051904848091355,0.0026112542486176104
2016-03-15,-0.011951080497521546,0.0016282687323990333
2016-03-16,-0.003592185584865343,0.0009421590507968857
2016-03-17,0.007801831877265828,0.0013136381944540176
2016-03-18,-0.0006303183316157478,0.0019379392377041635
2016-03-21,-0.005268160956654964,0.002267833399196141
2016-03-22,0.007787053976138979,0.0029251145912336084
2016-03-23,0.0012570711900511137,0.0012718479893240365
2016-03-24,-0.0039861586401565,0.0011028744009649676
2016-03-28,-0.0004205214527908317,0.002240705932885754
2016-03-29,-0.0027377083541398066,0.0018143494166589548
2016-03-30,0.00042167405221043604,0.0009124144675836264
2016-03-31,0.007978207340708796,0.0022201929422717617
2016-04-01,0.0004181476121976093,0.0019040538143100612
2016-04-04,-0.0035598404256420046,0.0016627409527038178
2016-04-05,0.006690386653419776,0.0017101423450310378
2016-04-06,-0.007529841057385137,0.0006886438331932081
2016-04-07,-0.008645283155402224,0.0014929497873715635
2016-04-08,-0.010645193137395231,0.00260524233759622
2016-04-11,-0.001285071926687782,0.002974624591994571
2016-04-12,0.014257077324872742,0.002987802209574812
2016-04-13,0.0035853671224390033,0.0032335957797474998
2016-04-14,-0.0018965341265685808,0.0027235680442105215
2016-04-15,0.0025279137118912765,0.0019130037442862552
2016-04-18,-0.007179084887621987,6.786405303229508e-06
2016-04-19,-0.00021193175876711888,0.00038268268591583484
2016-04-20,0.0014825799602228961,0.0018059104295154278
2016-04-21,-0.0048796108278282395,0.0021746636610605885
2016-04-22,-0.0004254414018649732,0.002759616021911858
2016-04-25,-0.0034100629805419547,0.003555541021509242
2016-04-26,0.0019195910768095956,0.003357650927832234
2016-04-27,-0.016543507606482277,0.003944160616387945
2016-04-28,-0.003689640648011586,0.005260704583651785
2016-04-29,0.007149851712907299,0.00454097623157374
2016-05-02,0.005167970158442598,0.004344155727265732
2016-05-03,0.006209205261248789,0.004388851072512107
2016-05-04,-0.0004269854889809245,0.004172662566255551
2016-05-05,0.007234074100720075,0.0021600741586208366
2016-05-06,0.004653138683326533,0.0008120636216854525
2016-05-09,0.007777233104849661,0.0008988449683640339
2016-05-10,-0.012854460004880178,0.0006899293061538241
2016-05-11,-0.0021231430480778664,0.0015555168565336002
2016-05-12,0.0,0.0015855337936549216
2016-05-13,0.006567124544361664,0.0023994786866508395
2016-05-16,-0.008907800152872857,0.002578334884006166
2016-05-17,0.0097520382781533,0.004128507522608457
2016-05-18,0.0027388619248873416,0.001560630726866431
2016-05-19,0.007963160269112602,0.0014504726663983525
2016-05-20,0.013269943842303126,0.0006864449203970787
2016-05-24,-0.002268276052442405,0.0005714868112912691
2016-05-25,-0.003515669012489819,-0.0008712445690133035
2016-05-26,0.0080470876829748,0.00012081536262285885
2016-05-27,0.00020548648998650434,-0.0013022941167542353
2016-05-30,0.005123486973608734,-0.0006819552117720523
2016-05-31,-0.002660936991225816,-3.853298047785036e-05
2016-06-01,0.005518665002597559,0.00011043078775971782
2016-06-02,-0.014371013083751393,-0.0011385481662625257
2016-06-03,-0.005806735519639839,0.0008991477003416705
2016-06-06,-0.0016652793190612089,0.0006974543163795303
2016-06-07,-0.0022942965533729585,0.0018987997135810721
2016-06-08,0.0002087900623515694,0.002090600476725081
2016-06-09,-0.005862663358152893,0.0028335643669742594
2016-06-10,-0.004208760421457238,0.0023735227705359036
2016-06-13,0.0016856304033361486,0.002415972457375997
2016-06-14,0.004411308487420049,0.0025612043390323136
2016-06-15,0.006268303014833335,0.0022410948514543054
2016-06-16,-0.010469107344019058,0.0019068806806902692
2016-06-17,0.0004208754270881623,0.0030236891343244096
2016-06-20,-0.0006313795853225845,0.002162034243166946
2016-06-21,-0.00105318598465859,0.0022043560373924504
2016-06-22,0.007349114441473331,0.003025298020048156
2016-06-23,-0.01645259638548671,0.0030956950193735495
2016-06-24,-0.013704711284537872,0.0030938914800645693
2016-06-27,0.014342534204002945,0.003243324800394862
2016-06-28,0.012881605639207382,0.002451566629614878
2016-06-29,0.00814966374570552,0.0028790594754513153
2016-06-30,0.011175613001510218,0.0035899286622447053
2016-07-04,-0.009927692706449399,0.0008892873285064483
2016-07-05,0.0037344441740880985,-0.0007910934185741123
2016-07-06,0.00248190406615234,-0.00046915302600862314
2016-07-07,0.018217677097041536,0.0006195776805718829
2016-07-08,0.01009090298196272,0.00060607194818246
2016-07-11,-0.00020082337651579593,0.002252417421549922
2016-07-12,-0.0038233269232094747,0.000934597069847154
2016-07-13,-0.0008067769699400343,0.0002976161665045375
2016-07-14,0.0018143337302398642,-0.0005062381502373883
2016-07-15,0.002815770162909751,0.0007828268635676485
2016-07-18,0.003808764752714993,0.0011393659180438632
2016-07-19,0.007772834350752887,0.0011321470820080347
2016-07-20,-0.002982406028120115,2.2837061738538488e-05
2016-07-21,0.010498264192457743,-0.0001732022810172517
2016-07-22,0.0029513056345803197,-0.0006357160531333887
2016-07-25,-0.0021634387433234156,-0.0013164647829649867
2016-07-26,-0.0013791746841831803,-0.0019279594820043407
2016-07-27,0.0,-0.0015197280998104805
2016-07-28,-0.006329135051647512,-0.002438722818034339
2016-07-29,-0.0039761483796392945,-0.0006324102677175484
2016-08-02,0.00019918334893048454,-0.00022002866813911602
2016-08-03,-0.003391524447903801,-0.000623775905353551
2016-08-04,0.019786953437824002,0.0002717756199509564
2016-08-05,-0.0007840063122086455,-0.0009137418019402892
2016-08-08,-0.0021591921235845054,-0.0015146887042768464
2016-08-09,-0.00828734024857027,-0.0025689430470147738
2016-08-10,0.0,-0.0019431931927674105
2016-08-11,-0.0025791106450011063,-0.0027034847393000187
2016-08-12,-0.0003973773149847619,0.00017319073417014193
2016-08-15,-0.010387628361577923,0.000447607671588895
2016-08-16,0.0022063994509105723,0.001761785382463523
2016-08-17,-0.005222992990336267,0.0007362870090537497
2016-08-18,0.006224294766195372,0.001892839097326826
2016-08-19,0.0069811792458502695,0.002313026632274456
2016-08-22,-0.0007953867987432549,0.0017494003544705078
2016-08-23,-0.004186191700855737,0.0007197058949930716
2016-08-24,-0.0011992805754821268,0.0014503403085780896
2016-08-25,0.003992021269537457,0.000808045472075005
2016-08-26,0.006354270784606798,0.0010678235165536233
2016-08-29,0.003951012646679989,0.001377813059607831
2016-08-30,-0.00019718032204273268,0.0015304630199263181
2016-08-31,-0.002764614715036045,0.0008039610203279534
2016-09-01,-0.0025740039951728773,0.000885365481423063
2016-09-02,-0.008761505668572719,0.0002137526040348729
2016-09-06,0.004390348301292854,0.0017761265801050175
2016-09-07,-0.0003983270317553463,0.0015527505921143806
2016-09-08,-0.015457499378815638,0.002016138120878884
2016-09-09,0.015656682727746243,0.0031155159035664614
2016-09-12,-0.009605837319967026,0.0013139650697267943
2016-09-13,0.0010049242127988863,0.0019810313870892377
2016-09-14,0.007006334335966187,0.002070808301883588
2016-09-15,0.00019946145473517083,0.0017849785357890791
2016-09-16,-0.00039896270227985053,0.0003019918169403959
2016-09-19,0.0009971084682940628,0.00198850043362858
2016-09-20,0.0029853738960234064,0.0007937424278480168
2016-09-21,0.002580134407432953,0.000490462395404613
2016-09-22,0.002968829493801849,0.0009822924773883969
2016-09-23,-0.0033653402047859097,0.001380037288761195
2016-09-26,0.0033653402047859825,0.0021159428077403763
2016-09-27,-0.0015822788111294914,0.0020414257576871105
2016-09-28,-0.005756839720337165,0.002408377519449602
2016-09-29,0.004766642590217818,0.0031273179630553084
2016-09-30,-0.0033740232464775526,0.0026364225289308074
2016-10-03,0.0009935420588779575,0.0028500717658524596
2016-10-04,0.003964326301908946,0.002819524023012633
2016-10-05,0.00296296513065727,0.00217055928702953
2016-10-06,0.00236406729488047,0.0011868937927738776
2016-10-07,-0.011478455732074747,0.0006254601222475383
2016-10-11,0.0031796529173795844,0.0009355369086738992
2016-10-12,-0.0077681896465105794,-5.617239342598098e-05
2016-10-13,-0.003605773137499074,0.0016444476384341203
2016-10-14,-0.005029685686268736,0.0023675969235107223
2016-10-17,0.005832092950986627,0.003592409396832692
2016-10-18,0.0028033658727811715,0.001987865773458073
2016-10-19,0.005782091674881127,0.002715973651144737
2016-10-20,0.008315233023277089,0.0013929977405986017
2016-10-21,0.009223890340521396,0.00021969882463724623
2016-10-24,-0.006664077974922853,-0.0013043119276311872
2016-10-25,0.000393236340104684,0.00014419667864606325
2016-10-26,-0.002361740912776891,-0.000579575458501076
2016-10-27,-0.003553102830004999,0.00028708896909795186
2016-10-28,0.0029617950370788098,0.0013547084723678066
2016-10-31,-0.008911832424486498,0.002208529457976717
2016-11-01,-0.005985652348370274,0.0023487035144851955
2016-11-02,-0.005216705249532418,0.0027308079734005624
2016-11-03,0.00020114653592898302,0.0031772590740916417
2016-11-04,0.01912408881042797,0.003337191562015126
2016-11-07,-0.0011846003359604084,0.0023483812057855033
2016-11-08,0.016458051736620148,0.0020136734075606446
2016-11-09,0.010438911727829204,-0.0003059976572839622
2016-11-10,0.003072199036970059,-0.0015144331129537437
2016-11-11,0.0009581298040636317,-0.0024263998970558975
2016-11-14,0.0,-0.0016398072816568704
2016-11-15,-0.0030692523614831266,-0.0025376405654562407
2016-11-16,0.010511324682686323,-0.0008295351123034551
2016-11-17,-0.0022839751078306166,-0.0003760640558822992
2016-11-18,0.00019053062837485297,-6.872949092648112e-05
2016-11-21,0.005699103571316482,-0.0006646126740421159
2016-11-22,0.0035927050083987225,-0.0014458490525694641
2016-11-23,0.005083320745610994,-0.001939195367689961
2016-11-24,0.003187403092280371,-0.0014101321681385165
2016-11-25,-0.014898908316127153,-0.002538181292553848
2016-11-28,0.0030354794698371525,-0.001200447051765768
2016-11-29,-0.0022757453402268493,-0.0017044336807629098
2016-11-30,-0.012610025710316953,-0.0007156052661192135
2016-12-01,-0.0026954194216723226,0.0014421391553721056
2016-12-02,0.005575329255088599,0.0023417600589794012
2016-12-05,0.004399815801730936,0.00022006178232521494
2016-12-06,0.009309462123302643,0.001157180095454665
2016-12-07,-0.0013246288245890674,4.8755059470705206e-05
2016-12-08,0.005099642745164835,-0.0013942498090967527
2016-12-09,-0.004720998287782275,-0.002557157871702147
2016-12-12,0.007542936008441491,-0.0009062643763178199
2016-12-13,0.002064371569202232,-0.001341568610788505
2016-12-14,0.009144413818997612,-0.00043096456780817617
2016-12-15,-0.0022317286554978458,-0.0008130877580100027
2016-12-16,0.0061253091746301565,-0.00016973937336748246
2016-12-19,0.0016640477168885187,-0.0017361731159991317
2016-12-20,0.0009232758480624977,-0.0014843134205093239
2016-12-21,0.00313277691026935,-0.001958648676650813
2016-12-22,0.0049555024783404,-0.0016301055158796202
2016-12-23,-0.009750790162223242,-0.002734020990648639
2016-12-28,-0.0037043939379303387,-0.0015437802884909425
2016-12-29,-0.010070954197642923,-0.0015242444404805773
2016-12-30,0.008399489419976348,-0.00036049111054314246
2017-01-03,-0.003724399090982328,-0.0008102950904558669
2017-01-04,-0.005050043464245503,0.0009586184537529795
2017-01-05,0.002995695930648001,0.0005861740634029845
2017-01-06,-0.0033707897084891,0.00011053428437684761
2017-01-09,0.00018756447583829624,-0.00034506835297566413
2017-01-10,-0.002065146702230031,0.0008818692381862279
2017-01-11,-0.004709436979525155,0.0009788298701866361
2017-01-12,0.0007550019233690852,0.0015047253466765871
2017-01-13,0.009015838681620548,0.0019527361789177646
2017-01-16,-0.017542654910782347,0.0013582037419184255
2017-01-17,0.017729623220198613,0.0030695923502634713
2017-01-18,0.00018693335880213985,0.001196045011187831
2017-01-19,0.003731347612858184,0.0014526035655757677
2017-01-20,-0.005976857538440918,0.0009446398898968811
2017-01-23,-0.0018751177442444145,0.0022949698785672892
2017-01-24,0.0007504690783741788,-0.0001300958193131761
2017-01-25,0.0020608906591720938,0.0017391004144219127
2017-01-26,0.0014961663535332102,0.0015962286972683664
2017-01-27,-0.007126811860361252,0.0019209437002430001
2017-01-30,-0.009265453445790123,0.0017381493927682674
2017-01-31,0.003602924159162745,0.0026950493100936536
2017-02-01,-0.0018946576338460873,0.0034061688399709402
2017-02-02,0.007933551245578579,0.004436633518825889
2017-02-03,0.002818226383841791,0.0039150281814506
2017-02-06,0.006172281823035077,0.0033552532780460626
2017-02-07,0.0,0.0015877026297381064
2017-02-08,0.004836318950571524,0.0018591819006633906
2017-02-09,0.0,0.0006516293582734327
2017-02-10,0.004258871357182003,0.001144627232347688
2017-02-13,0.0036886799478533672,0.0007015270522052544
2017-02-14,0.005507632795118243,0.0007798541348580441
2017-02-15,-0.0003662332946994807,-0.000970387382587972
2017-02-16,0.002743485945750834,-0.0007532876128036137
2017-02-17,0.009452897148561462,-0.0016190610084095543
2017-02-21,-0.00018094634990118138,-0.0024425313728727287
2017-02-22,-0.0019925737957590017,-0.0025750421078767367
2017-02-23,0.0010873505964418698,-0.002393952768405509
2017-02-24,0.005419088406116698,-0.003266774885535763
2017-02-27,0.007001195458983561,-0.003658473442828611
2017-02-28,0.017379405333932053,-0.003528396508316132
2017-03-01,-0.0012314189259499126,-0.0049212827907438045
2017-03-02,-0.0008805142771936319,-0.005533486518801969
2017-03-03,-0.0007049700679698213,-0.006671849890656096
2017-03-06,-0.0026480728688077514,-0.006869152558404959
2017-03-07,0.004057516372041207,-0.0060426963421598015
2017-03-08,0.0017590154051796245,-0.004742533879704977
2017-03-09,-0.0003515556372997306,-0.005074645076522866
2017-03-10,-0.0003516792721317272,-0.005400236025295484
2017-03-13,-0.0003518029939537205,-0.0056473440451731945
2017-03-14,-0.005291950963455734,-0.006034186350904364
2017-03-15,0.0015905278602694982,-0.003075414034175345
2017-03-16,-0.0019443223093869475,-0.003147935099362724
2017-03-17,-0.0008850341315814568,-0.0023661121456506583
2017-03-20,-0.011756458884403019,-0.001967958508925177
2017-03-21,-0.0012550427465401015,0.0003583305273036749
2017-03-22,0.0005380683476603034,0.0002893112383050066
2017-03-23,-0.0026932415956436077,0.0011988699179627355
2017-03-24,-0.0010793309196756831,0.0022114245424733813
2017-03-27,0.007709585474658939,0.00013377116626288386
2017-03-28,-0.002682644906684894,-0.0009319179446451488
2017-03-29,0.003039787767623857,-0.001133071454539397
2017-03-30,-0.005011644640295989,-0.0009915904328975979
2017-03-31,0.004833089153704296,-0.0010753438927602382
2017-04-03,0.0021405644991108167,-0.001029912168572137
2017-04-04,-0.0012481057160912915,-0.0006749384891641768
2017-04-05,0.0016044214155676066,-0.00044403007932804044
2017-04-06,-0.0010693282074018102,-0.0003191316973437171
2017-04-07,-0.0057224762740662105,-0.0007269558444475946
2017-04-10,-0.0010766195190300158,-4.104268398756345e-05
2017-04-11,-0.008473863020142264,0.000530446423867898
2017-04-12,-0.0018122513115038878,0.001150754570732255
2017-04-13,0.00686915210047757,0.0012489008679728547
2017-04-17,0.0025188930194839864,0.0008735351225427122
2017-04-18,0.005376357036380496,0.00027676034465759524
2017-04-19,0.007478667335549316,0.0001689714528206401
2017-04-20,-0.0007098491868610551,-0.00043263515591635687
2017-04-21,0.011122014197097881,-0.0007735037947328605
2017-04-24,0.010131091019681394,-0.00042503576432731936
2017-04-25,0.0029501105994731423,-0.000451108355257757
2017-04-26,0.0013852816068114968,-0.0008967386049449461
2017-04-27,0.00017302534864515112,-0.0005247992081304136
2017-04-28,0.003971342524185242,-0.0012307743071580965
2017-05-01,0.0032688201149602496,-0.0003724089704190607
2017-05-02,-0.0008591803948070046,-3.540338512375259e-06
2017-05-03,0.00411735012954775,6.198847514628388e-05
2017-05-04,-0.0037735893836393797,-0.00047652348535172297
2017-05-05,0.0029172049860064476,-0.0007929060164620168
2017-05-08,0.0013698632279139041,-0.0006342425769994984
2017-05-09,-0.003599901033470165,-0.0008740274398798553
2017-05-10,0.0006866953059543789,-0.001092609915473076
2017-05-11,-0.0003432887091729254,-0.0004554404764021507
2017-05-12,-0.0005151541283327503,-0.0011528927068958313
2017-05-15,-0.0037859277710577707,-0.001050597153829557
2017-05-16,-0.016164425997802667,-0.0006649745234907063
2017-05-17,0.0031490578857323766,0.00038050046817961224
2017-05-18,-0.0001746877460988842,0.0011868696085845047
2017-05-19,0.0073107375220059275,0.0005991639856684705
2017-05-23,-0.0045193888847353285,0.0004728773601920429
2017-05-24,0.008845777912177768,0.000199678684971007
2017-05-25,-0.0008637816897093833,-0.001156364375573343
2017-05-26,0.005515353519066544,-0.0011274645619111915
2017-05-29,-0.006206916478855592,-0.001164186560112321
2017-05-30,0.002935845300149265,-0.0003838124202510951
2017-05-31,0.007901106029728312,-0.0007248050067564663
2017-06-01,0.0018801817349786232,-0.00033021374803764484
2017-06-02,-0.0017091099699562552,-0.0007883074312891693
2017-06-05,-0.005488864552370033,0.00022633525077630058
2017-06-06,0.007710138425967482,-0.0006253947739390954
2017-06-07,-0.000853752292957533,-0.0004909338067686693
2017-06-08,-0.004794529732451257,-7.52273428539852e-05
2017-06-09,-0.010178643903967177,0.0006619086865037755
2017-06-12,-0.003126087992121673,0.0006101976888343429
2017-06-13,-0.00017395842437542536,0.00015244369105416977
2017-06-14,0.0008694896643780405,0.0009691223744400736
2017-06-15,-0.0038314223115559487,0.0009414412691213204
2017-06-16,0.007475045671142968,0.0007857302932206898
2017-06-19,-0.00260123271620803,8.525838864754747e-05
2017-06-20,0.003985795069618988,-0.0002120580082799375
2017-06-21,-0.006942061895282132,0.00018156629672780376
2017-06-22,-0.0012198311175381988,0.00032605431113689695
2017-06-23,-0.0005232406154085763,0.00014940120945186011
2017-06-26,-0.01334758137165372,0.0008602303157474098
2017-06-27,-0.00247831601446709,0.0011630783674460132
2017-06-28,-0.010154180058640473,0.002336307230035123
2017-06-29,-0.0008956561279445173,0.0019438993275715485
2017-06-30,0.003934900444697326,0.002304314837826479
2017-07-04,-0.00035707909681332786,0.002629552392570323
2017-07-05,-0.008968669982760375,0.0018380259252321937
2017-07-06,-0.00018019641457895044,0.0019247032530705494
2017-07-07,0.0010806917478290584,0.001352895980248697
2017-07-10,0.0021578861097775594,0.0016251489028883696
2017-07-11,-0.006849341845574783,0.001911661502466042
2017-07-12,0.0005424464467158064,0.002343168746925298
2017-07-13,-0.0016282228834613632,0.0019262134566044758
2017-07-14,0.003253798966162038,0.0024253828239797805
2017-07-17,-0.004703337179746824,0.0025221832688162044
2017-07-18,0.0034392286592684123,0.0035931405844054024
2017-07-19,-0.00018071744876158982,0.002406251179076126
2017-07-20,-0.005255063284930127,0.0032850050082810327
2017-07-21,-0.002729011063290315,0.0025604889839336885
2017-07-24,0.002547308509869492,0.0033521598676249783
2017-07-25,-0.004735892276037418,0.002668153428038218
2017-07-26,0.0074579699935099115,0.00362150848136413
2017-07-27,-0.010200452743581076,0.0032553595508097227
2017-07-28,0.0020118891102677244,0.002591160426677089
2017-07-31,0.007826047769274235,0.00278750117285248
2017-08-01,0.0030772039849174594,0.002825745322908622
2017-08-02,-0.0016279283689269836,0.0022363180188211904
2017-08-03,0.007754073654325089,0.002813375884319351
2017-08-04,0.0007182618373077531,0.0017214133736788203
2017-08-08,0.0026888964843066183,0.0016743535610940171
2017-08-09,-0.010799241021760273,0.0023010113028859034
2017-08-10,-0.0028996033364015648,0.0022640219000564024
2017-08-11,0.012982511949307288,0.0024794589209580745
2017-08-14,0.0017898698173786404,0.002832005940155976
2017-08-15,-0.008440384129178788,0.0025073676147194883
2017-08-16,-0.011244224380419035,0.0027733443868895036
2017-08-17,-0.009713262476067377,0.0022892918659813922
2017-08-18,0.0005523336235420717,0.0021592720359334223
2017-08-21,0.009525626157807554,0.003477225866625999
2017-08-22,-0.004934671441046918,0.0036101752196223994
2017-08-23,-0.0036710760758676933,0.002599124172819034
2017-08-24,-0.0018406042376562588,0.0017763153662039607
2017-08-25,0.0018406042376561804,0.0015740934108056475
2017-08-28,0.002937938213117762,0.0017511808304779884
2017-08-29,0.012571906495653772,0.003033758116215743
2017-08-30,-0.005082603063465668,0.002162102527982643
2017-08-31,-0.006206664685568071,0.0018182397211614215
2017-09-01,-0.0073516228918155116,0.0012519532792007388
2017-09-05,-0.00945239175742777,0.001748657352958144
2017-09-06,-0.008603007987908168,0.0027437640635328614
2017-09-07,0.0003755868588752576,0.003648035395102488
2017-09-08,0.008599791269250631,0.0034106097059043057
2017-09-11,0.007972601791962809,0.0032510344543167117
2017-09-12,0.001291870623519748,0.002520671024450147
2017-09-13,-0.0003689356249188968,0.0016206143734656968
2017-09-14,0.0020274636011534102,0.000642899062857222
2017-09-15,0.01044061137087582,0.0005740570311380151
2017-09-18,-0.0009114940016727212,0.0016324232680842207
2017-09-19,0.0005469960935001078,0.0020152233677372677
2017-09-20,-0.0016418867138271879,0.002045422346162155
2017-09-21,0.00018256503930217361,0.0010933791665740835
2017-09-22,0.0007299270397075811,0.0013449773954403155
2017-09-25,-0.0018258175603447905,0.0023930718468487613
2017-09-26,0.014153747438093766,0.0023069946022406286
2017-09-27,-0.002164503009573014,0.0027790404391041202
2017-09-28,0.005761629190422512,0.0013442343358835414
2017-09-29,0.008224612784317138,0.0009122266297798341
2017-10-02,0.00017804682678574464,0.0006416844056616382
2017-10-03,0.00017801513175619063,-0.0004226659938681408
2017-10-04,0.013437260173793927,0.0005003134251373839
2017-10-05,-0.0031662295580495493,0.0002763573441968484
2017-10-06,-0.0019398648178265917,9.054526879089301e-05
2017-10-10,-0.002297429657688603,0.0005876699729995014
2017-10-11,-0.0008850341315814568,0.0005048654598149669
2017-10-12,0.0021227674696871392,0.00031761889146443676
2017-10-13,0.0052872876081234066,0.001067001290952979
2017-10-16,0.0008785030873354331,0.0005019599975801218
2017-10-17,-0.0042238711161850595,-0.00014494823195912638
2017-10-18,0.0014099403111187865,-0.00041485339562021624
2017-10-19,0.016073022469228683,-0.0005153714126699372
2017-10-20,-0.0012139080654789394,-0.00029181472216199453
2017-10-23,0.003983034099414023,-0.000773162323865279
2017-10-24,0.004999579416684443,-0.0009570129635988638
2017-10-25,0.005829920490261035,-0.0011243423027033378
2017-10-26,0.005286055449646663,-0.0019503717865932502
2017-10-27,-0.0032365244162432852,-0.0007647402540443993
2017-10-30,0.007140458764260088,-0.0013507640997201308
2017-10-31,-0.0016954904027760744,-0.0014675287492127694
2017-11-01,-0.00374022877372741,-0.0013259074688336408
2017-11-02,-0.0006815471383259918,-0.0010277674065941802
2017-11-03,-0.0020474328940422305,-0.001065846519760992
2017-11-06,0.004090682370437362,-0.001302862950994091
2017-11-07,-0.0030664419258256857,-0.0009722357679777241
2017-11-08,-0.006161238042527854,-0.0013319755703650666
2017-11-09,0.0,-0.0013293384629271931
2017-11-10,0.004282661792000949,-0.001356599579116099
2017-11-13,-0.00171086440362943,-0.0019248272259579679
2017-11-14,-0.0034305350967891368,-0.0014085584771939598
2017-11-15,0.008383999832850965,-0.0014741500612913186
2017-11-16,-0.002217484917186886,-0.0017390219127933072
2017-11-17,0.004939964053229672,-0.001877175965407806
2017-11-20,0.004577442933660464,-0.0010294530506309355
2017-11-21,-0.006959206563851746,-0.0017208026038391135
2017-11-22,0.0020418588002699186,-0.001984868582582135
2017-11-23,0.0006796941638053114,-0.001331549892175921
2017-11-24,0.0038993013718825295,-0.0013789279516593824
2017-11-27,0.013445580709351118,-0.0007580144578184728
2017-11-28,0.003333336419758217,-0.0008296505115934401
2017-11-29,0.012237625849930243,-0.0018975177862535994
2017-11-30,-0.01791092656653033,-0.0011197678959601507
2017-12-01,-0.0005021340803472585,-0.0008911885198767987
2017-12-04,-0.004026175544400212,-0.001013955561951313
2017-12-05,0.006701315076556653,-0.0003231980231738561
2017-12-06,0.007651401267169519,-0.00013611508001893106
2017-12-07,0.006276862365943498,0.0006525867273283069
2017-12-08,0.0029595549389093627,-0.000969831405154101
2017-12-11,0.002950821813282505,-0.001079628851418214
2017-12-12,-0.004100719270583482,-0.001790961893460539
2017-12-13,-0.008583743691391555,-0.0012556227543317987
2017-12-14,0.016931447457219917,-0.0005513812161516711
2017-12-15,0.005688759754421768,-0.0002175344857141845
2017-12-18,-0.003246756098869981,-0.0006516560862375234
2017-12-19,-0.0030942130378755883,-0.0007484381348940243
2017-12-20,-0.005889105847316038,-0.0008308889759753638
2017-12-21,-0.0016420364937444099,-0.001144517999557312
2017-12-22,-0.007257165282886417,-0.00015829302900663704
2017-12-27,-0.007810592262132678,0.00029103967459801036
2017-12-28,-0.004012041489960658,0.0003634658630947611
2017-12-29,0.0015064024942565682,-3.061233025618347e-05
2018-01-02,0.009653869915521824,-6.111441828187737e-05
2018-01-03,0.0014896965429771916,-0.00014142032458357352
2018-01-04,-0.000330851946773191,-0.0007236788865170672
2018-01-05,0.0029737342251182947,-0.0013128165658384103
2018-01-08,0.004444085990825752,-0.0015034925528786167
2018-01-09,0.005404975896783697,-0.0013889730032687834
2018-01-10,0.005213436376629374,-0.00031905169688765337
2018-01-11,0.0027586224390796607,-0.0009418406363580119
2018-01-12,0.009515433460431991,-0.0010470616203810898
2018-01-15,-0.015529267107301868,-0.001132237404670444
2018-01-16,0.008118245593061141,-0.00017009762835247684
2018-01-17,-0.001456428771079964,0.0005568996140751031
2018-01-18,0.010631543437864897,1.8728167218223183e-06
2018-01-19,0.003678532736596083,1.112700253814102e-05
2018-01-22,0.0007978936033293672,0.0005377349006679421
2018-01-23,-0.008168540655269355,-0.0013312079711599492
2018-01-24,0.003211306549049481,-0.0002938567831837289
2018-01-25,0.007506223856599163,-0.0006149589227562684
2018-01-26,-0.004305196795520351,-0.000415208492041425
2018-01-29,-0.01221880153676579,-0.00028163228222850487
2018-01-30,-0.0016189092090101653,-4.2442290015520454e-05
2018-01-31,-0.003245702297571485,-0.00010920621956241202
2018-02-01,-0.00947255163982564,-0.0003345744328223084
2018-02-02,-0.034048682900021936,0.001279149562990779
2018-02-05,0.016501468893886588,0.0015281284932932239
2018-02-06,0.00033394556997607615,0.0021102950661722073
2018-02-07,-0.034650205573414646,0.0012417382945168153
2018-02-08,0.01339075803040706,0.0008551181973445331
2018-02-09,0.01506332958690273,0.002211266328799288
2018-02-12,0.0021813919213035412,-0.0005844386798484144
2018-02-13,0.006016060925618781,0.0009812470057411974
2018-02-14,0.009452022944676576,0.0017614385857058206
2018-02-15,0.007563337599815921,-0.0008437042585831874
2018-02-16,0.0018001805041478473,0.0002378520030022588
2018-02-20,-0.00245559589710045,0.0009602011382653247
2018-02-21,0.0031094043545193827,0.0012291161514784814
2018-02-22,0.01137299017226998,0.0016532814889097071
2018-02-23,0.012203105833495164,0.001628882062509943
2018-02-26,-0.0036773564503929114,0.002169441036156702
2018-02-27,-0.004977930793166508,0.0016715437840694196
2018-02-28,-0.015738136147304894,0.0010778653531745704
2018-03-01,0.010735301538000706,0.0010109642604876267
2018-03-02,0.018275596819174202,0.002130275820634909
2018-03-05,-0.006054830480084078,0.002865969737667488
2018-03-06,0.000958466527049425,0.0016590883935824158
2018-03-07,0.00477860100152073,0.0010849489207453444
2018-03-08,0.010275957943814334,-0.0005109291544397444
2018-03-09,0.0018856070954609847,0.0005505985184131735
2018-03-12,0.0032912810840727306,0.0014989068332462898
2018-03-13,-0.007381266335597848,0.00042790411430296336
2018-03-14,0.007537724131426673,7.759596068334794e-05
2018-03-15,0.005460657925175605,0.0002503812938751619
2018-03-16,-0.01726345447258569,0.000683810532903328
2018-03-19,0.0031610584248164316,0.00071673590734746
2018-03-20,-0.015585557212730533,0.0007423139732339456
2018-03-21,-0.02417183140684365,0.00033606366377231657
2018-03-22,-0.024434025337282023,0.0012824608369973124
2018-03-23,0.020320486011489964,0.00202558040857349
2018-03-26,-0.014783094565497298,0.001708392007806902
2018-03-27,0.000334616031229938,0.0013564813582473757
2018-03-28,0.011310832495520206,0.00113332486780179
2018-03-29,-0.021398342379248397,3.0418372211669193e-05
2018-04-02,0.0021942788785717852,-0.0015150848038697087
2018-04-03,0.011733289150786282,0.0008613153328057459
2018-04-04,0.0054840187294936445,0.0003148927012132216
2018-04-05,-0.021949444478317075,0.00043296892609803717
2018-04-06,-0.0006778512376141147,0.0013815012404622595
2018-04-09,0.007599462394519655,0.00033902779844790436
2018-04-10,-0.007599462394519766,0.0016454966966686962
2018-04-11,0.01028763605632026,0.0022231824800747306
2018-04-12,-0.0016792615197200253,0.003624182744154582
2018-04-13,0.0050293484050019585,0.0016454325198614753
2018-04-16,0.008989572774328998,0.0013494163268378972
2018-04-17,0.0067718484897427295,0.0023111677826876307
2018-04-18,-0.0029673612278020007,0.0013519699758626031
2018-04-19,-0.0013216588740329407,0.0017314091374390126
2018-04-20,0.007247602141580033,0.0011555443079135654
2018-04-23,-0.016214782786879746,0.0018648397037832583
2018-04-24,0.0018331810816609117,0.0023642541380897173
2018-04-25,0.01618532442101735,0.0033198871845130824
2018-04-26,-0.0011474470564767983,0.0033793746914348704
2018-04-27,-0.008730802515185918,0.0024534728444019225
2018-04-30,0.003798204549667705,0.003299354398256081
2018-05-01,-0.006946769583442096,0.0019945838700673986
2018-05-02,-0.003991357369342928,0.001659819224539083
2018-05-03,0.014721959714429815,0.0029190517883385687
2018-05-04,0.005404090774011804,0.003123717052544322
2018-05-07,0.003749291212475513,0.0020557170761378125
2018-05-08,0.002599936466183169,0.0024927674273859494
2018-05-09,0.0019455259054913527,0.001571393603656
2018-05-10,0.00420236597107831,0.0006498667538728921
2018-05-11,0.002577321014300319,0.001970295810411195
2018-05-14,-0.0014489256338305607,0.0015796775541271027
2018-05-15,-0.0016123834515452521,0.0018631026633319397
2018-05-16,-0.000484222428959366,0.0009970672153843745
2018-05-17,0.004831705325079411,0.0007967118120101003
2018-05-18,-0.0008036647543383077,0.0010465205933394273
2018-05-22,0.0032107910068971952,0.0008648378702765811
2018-05-23,0.003679709775564507,0.0006445256470728731
2018-05-24,0.0039843864967101066,0.00022131702453336336
2018-05-25,0.004602086992471666,-0.00015168366141214847
2018-05-28,-0.012907517261395758,-0.0007417715110111286
2018-05-29,0.0017626797288870732,-0.00016744601488179872
2018-05-30,0.0001600896505460122,-0.0003518549634962552
2018-05-31,0.010192794090669727,8.369072749928258e-05
2018-06-01,0.0026900878632502953,0.000322799984574652
2018-06-04,0.004100305381971735,0.0006531090206092747
2018-06-05,0.006744594620676131,-0.0011547632978921873
2018-06-06,0.002030140464578101,-0.0012081925140572664
2018-06-07,-0.0015612805669524645,-0.0015938613690098093
2018-06-08,0.006230549750636163,-0.0007140381712556251
2018-06-11,0.0037197811025318607,-0.001110611099674682
2018-06-12,-0.006363022943138755,-0.0014601996437975612
2018-06-13,0.01053130377567595,-0.0008671126308789255
2018-06-14,0.005837190153165077,-0.00025932921181808584
2018-06-15,-0.0012260537934314225,-0.0011578027004486389
2018-06-18,0.0033680374765367423,-0.0012272678928859275
2018-06-19,0.0035090431917990787,-0.0011363512719912716
2018-06-20,-0.007183829136998648,-0.00245178392991128
2018-06-21,-0.0003068425921589432,-0.0015348979596327757
2018-06-22,-0.010644142145916144,-0.0013845435480180888
2018-06-25,0.0020140993717011856,-0.0013535523652016838
2018-06-26,-0.0029450536670213466,-0.001198842193233125
2018-06-27,-0.008104782519563678,-0.00013042472529685217
2018-06-28,-0.006594465725280825,-0.001198498230315681
2018-06-29,-0.004578834872844458,-0.0008344288862323463
2018-07-03,0.006152894697292691,-0.0012944604199125883
2018-07-04,0.0032974827712072934,-0.0008327123916406453
2018-07-05,0.005627652807781633,-0.00064013330465312
2018-07-06,0.011161176163318567,-0.0014889248437343643
2018-07-09,0.0033856603593317982,-0.001822925466369631
2018-07-10,-0.0003073140774033735,-0.002544674629157138
2018-07-11,0.0053644086033452784,-0.0016405308932368574
2018-07-12,0.0007640003427619952,-0.0015455500471733294
2018-07-13,-0.0025999861706146815,-0.0016802794508128046
2018-07-16,0.007779766185642428,-0.000704667648153642
2018-07-17,0.0009113001845737809,-0.0005635783591647493
2018-07-18,0.0036369186928851245,-0.0008884727063678069
2018-07-19,-0.012021753243222494,-0.0006010564776051444
2018-07-20,0.005191643971182308,-0.0005481163361730588
2018-07-23,0.003496772852281962,-0.000635892844995141
2018-07-24,-0.0006072567364385452,-0.00021514745869648428
2018-07-25,0.000607256736438639,-0.0005362466494506198
2018-07-26,-0.007617343352543971,-0.00037644159350107287
2018-07-27,-0.007829931766027184,-0.0014396012866730887
2018-07-30,0.0033851394073661084,-0.0007238667434057385
2018-07-31,-0.0021528533611010897,-0.00016367109847271262
2018-08-01,0.0067505626097306495,0.0004517817452641575
2018-08-02,0.002443495412475845,0.001047881154116531
2018-08-03,0.01197800690258742,-0.0008169945921815381
2018-08-07,-0.003321259091645482,-0.0006098624576037629
2018-08-08,0.00015120586707572707,-0.0010597156171401206
2018-08-09,0.0003023431617890865,-0.0012669469226056081
2018-08-10,-0.003937609206974173,-0.0006822880085175351
2018-08-13,0.0018192849165852398,-0.0003976389238149634
2018-08-14,-0.0022746237724452965,1.6015190872586916e-06
2018-08-15,0.00951884500920684,0.00012326452158352885
2018-08-16,-0.004068415164920297,-3.9057487424615646e-05
2018-08-17,0.0010563646949286226,-0.00022045577281438284
2018-08-20,0.002259887967437504,-0.0006149927092938773
2018-08-21,-0.004373734443818552,-0.000598567526162291
2018-08-22,0.005125896946372697,-0.0008551773197360269
2018-08-23,0.0019529789126372405,-0.00030142531879196084
2018-08-24,0.002847510354164646,-0.001035776738059928
2018-08-27,-0.0017974840070323242,-0.0010750668177462973
2018-08-28,0.00359174286160239,-0.0007707559460191713
2018-08-29,0.0007466587369956202,-0.0009093176471127484
2018-08-30,0.006546668226314588,-0.000753093816535211
2018-08-31,0.0076821178506621835,-0.0007385026900085837
2018-09-04,-0.0032429273703404337,-0.0006560826170065581
2018-09-05,-0.004884195308550866,-0.0014786158914827333
2018-09-06,0.0008898117152426775,-0.0003386689244927444
2018-09-07,0.00044460912181102323,-0.0011657365790611475
2018-09-10,0.0,-0.0008007728573136204
2018-09-11,-0.00848156263669178,-0.00011697742441630905
2018-09-12,0.005067830193500456,7.491508001642474e-05
2018-09-13,0.004154308645298127,-0.0005370046009847594
2018-09-14,-0.006685013382625021,-0.0007603624940789179
2018-09-17,0.0019358207221629327,-0.0004365365761887091
2018-09-18,-0.0034274677767834813,-0.00040914906949200756
2018-09-19,0.0063983552857385904,-0.0010534118739956432
2018-09-20,-0.00029669188765331166,-0.0007747461743755561
2018-09-21,-0.0005936479841901054,-0.00030148112144609096
2018-09-24,-0.0007425559114494533,-0.0010359237241535696
2018-09-25,-0.003721072984539249,-0.0008747501327226279
2018-09-26,0.00624351663968502,-0.00014106727482016482
2018-09-27,-0.009679176154788858,-0.00032562514327284103
2018-09-28,-0.005852796777884604,6.488802286039016e-05
2018-10-01,0.0019547408675179424,0.000747554447174618
2018-10-02,0.0025504477106156596,0.0004080764347043806
2018-10-03,-0.0027006768102746347,-3.4247256819965955e-05
2018-10-04,-0.0040647402596528945,0.0009813712454966267
2018-10-05,-0.0007545461762960681,0.0002743964188418565
2018-10-09,-0.02599932345318832,-5.013950552736437e-05
2018-10-10,-0.020980885471004088,0.0009510194966606872
2018-10-11,0.01585466065314502,0.002171976426431403
2018-10-12,-0.011434066147748664,0.002625847710938191
2018-10-15,0.01779906473814393,0.0016964328724469976
2018-10-16,0.005247735457070186,0.003120249548434692
2018-10-17,-0.010212064609848803,0.0012472065783252354
2018-10-18,0.0029505417787123087,-0.00018129939377798288
2018-10-19,-0.004818537340575028,0.0019103413690013573
2018-10-22,-0.007507073103593157,0.0007944498050722413
2018-10-23,-0.03514738776564548,0.002917719017268678
2018-10-24,0.02155463857494817,0.0025372021822530587
2018-10-25,-0.018632084132346412,0.0035703822715603753
2018-10-26,-0.0021098766246115254,0.00383468241207262
2018-10-29,0.016116384282457673,0.004350977119430343
2018-10-30,0.01460111640545853,0.004904163739449384
2018-10-31,0.004558681163580764,0.0021581483296198916
2018-11-01,-0.007556711022561115,0.004110149784438186
2018-11-02,0.007399860579137038,0.002283490548843461
2018-11-05,0.008279356830776387,0.002064417256182313
2018-11-06,0.0203271550807315,0.003083219178927057
2018-11-07,0.000152427406742889,0.004239968062164763
2018-11-08,-0.0044298552545218705,0.0042568905133182925
2018-11-09,-0.017295057406348697,0.002856098690297462
2018-11-12,-0.000935016430906643,0.0032119628108016815
2018-11-13,-0.0079831370203081,0.004218621113909777
2018-11-14,0.006735086936311264,0.005394391916473911
2018-11-15,-0.0006246096392952085,0.005486879809734136
2018-11-16,-0.015426088992093278,0.0042777483212888285
2018-11-19,-0.007004167443570795,0.002417685150027318
2018-11-20,-0.0015987213636971041,0.002752375425607757
2018-11-21,-0.0032051309489484468,0.002425319028473305
2018-11-22,0.0028850797380231556,0.0027934208782743547
2018-11-23,0.009557256563407156,0.003135592657207981
2018-11-26,0.006321133563370733,0.00294754326002763
2018-11-27,0.020735016781416295,0.0021928815350675014
2018-11-28,-0.0006173792447990594,0.0028075883502092207
2018-11-29,0.007689979452300295,0.0020984548765653217
2018-11-30,0.005500395838505246,0.0017913280600731138
2018-12-03,-0.030162366949503756,0.002093317994259585
2018-12-04,0.02082437333963156,0.0018383346838058174
2018-12-05,-0.01284747955207244,0.004404257227076384
2018-12-06,-0.027160993818208218,0.003264279559676589
2018-12-07,0.009241620905450025,0.0031784247307115572
2018-12-10,-0.0011108467380499729,0.005348633090211009
2018-12-11,0.0026956331236216414,0.0017735840699984763
2018-12-12,-0.0011090867016624924,0.004299303241151352
2018-12-13,-0.016785623109811392,0.00282523796699793
2018-12-14,-0.019535050652412206,0.0005127546671679915
2018-12-17,0.005737250390143373,0.0010039926777431222
2018-12-18,-0.013990846270087086,0.0016555288089666572
2018-12-19,-0.021106311133526515,0.0021960274054059568
2018-12-20,-0.008842091275417557,0.003193309280950945
2018-12-21,-0.026829822209176186,0.0022875491457393163
2018-12-24,0.056446659628345365,0.0013322756253266955
2018-12-27,0.0008287064367526195,0.005917081721254633
2018-12-28,0.001820740385473264,0.004000659361404179
2018-12-31,0.0004959907516742193,0.0025510563682965733
2019-01-02,-0.033616610798984974,0.001865303277297878
2019-01-03,0.02847947132186849,-0.0016552153502849278
2019-01-04,-0.0006647831389915878,0.005779615945917586
2019-01-07,0.007783429208969263,0.004778208805233695
2019-01-08,-0.0009902625004636633,0.0050906823578881055
2019-01-09,0.007730937427210284,0.0052155870637830325
2019-01-10,0.0022913266980699705,0.002570516500526701
2019-01-11,-0.00540940586338135,0.0050346273639761034
2019-01-14,0.010464451279302987,0.00423184692844257
2019-01-15,0.0019499518690791566,0.004775876117937936
2019-01-16,0.008245136031737568,0.0038272985307897496
2019-01-17,0.013433753919144552,0.003736456214344013
2019-01-18,0.0030137226394893234,0.003847181527908067
2019-01-21,-0.012430438940269834,0.0024482814570451197
2019-01-22,0.002402499754145187,0.0029096557134145173
2019-01-23,0.002556320292863173,0.0030738500140847337
2019-01-24,-0.0019166273236640883,0.003526285449829668
2019-01-25,-0.006898238632433865,0.003932284216064187
2019-01-28,0.0019298815896498756,0.0037606764429700783
2019-01-29,0.005607641066473886,0.0022639696464258653
2019-01-30,0.008907327859889874,0.002571242443485
2019-01-31,-0.0038077152145618346,0.0027050499510742473
2019-02-01,0.008547060578458568,0.0018926729564397217
2019-02-04,0.005657723719858855,0.0013196789755430891
2019-02-05,0.004846409861096683,0.0004941771350723361
2019-02-06,-0.0032804840791619467,0.0006765211531229753
2019-02-07,-0.002506659623654859,0.0007843791072709419
2019-02-08,0.005163118721568298,1.7434039164565237e-05
2019-02-11,0.007927297284277565,0.0003831764721076863
2019-02-12,0.004479809762775971,0.0008025602462753887
2019-02-13,0.0006163328392331293,0.0011815070224332573
2019-02-14,0.0070606586496739995,-1.4473940024627022e-05
2019-02-15,-0.0010712373814986923,-0.000854176716479559
2019-02-19,-0.00045945325871423614,-0.001052285764643936
2019-02-20,0.0001531745426906247,-0.000901715347764099
2019-02-21,0.00015315108384304394,-0.001077035944546235
2019-02-22,0.005497875791061217,-0.001868888532016167
2019-02-25,-0.003203419717537589,-0.0012307328450374218
2019-02-26,-0.0015290522856780673,-0.0014493904071507678
2019-02-27,-0.0016846623174178483,-0.0011303790226306729
2019-02-28,0.017774869799809176,-0.0019254098310219991
2019-03-01,-0.004527626207135455,-0.0010613961084559645
2019-03-04,0.0036237394327297574,-0.0010072605835129177
2019-03-05,-0.0007538635863995998,-0.0018587304777411822
2019-03-06,-0.005899722127188271,-0.0023827323051199946
2019-03-07,-0.005782122013222932,-0.002305979764941562
2019-03-08,0.013339594501216717,-0.000885365757346087
2019-03-11,0.00030111412452772494,-0.0012229103395787584
2019-03-12,0.0018047831639707512,-0.0014742698767690767
2019-03-13,0.0027010820743945813,-0.0016750190592185602
2019-03-14,0.00433645539364913,-0.0018816114039038134
2019-03-15,0.005208732663404186,-0.002741707957234555
2019-03-18,-0.002675388040510031,-0.002136651244796804
2019-03-19,-0.0038771298195076262,-0.0017901675098366094
2019-03-20,0.010847866240011371,-0.002061561732641424
2019-03-21,-0.014590105469969063,-0.0017569464474821328
2019-03-22,-0.002703110220784895,-0.0013714574410788355
2019-03-25,0.005997019472374487,-0.0007145036882414311
2019-03-26,-0.003293909251589441,-0.001146823598679144
2019-03-27,0.00612994369220346,-0.0013401608843435855
2019-03-28,0.002530704737326859,-0.0006218659569653857
2019-03-29,0.006372752208392571,-0.0019739065913569253
2019-04-01,0.0025083008355679544,-0.0018196319368167576
2019-04-02,0.0019138761822841976,-0.0020256049668340628
2019-04-03,0.002937290994193302,-0.0025275050837981145
2019-04-04,0.0067232056814185625,-0.002075988308169326
2019-04-05,-0.004379569044021612,-0.002334068144971081
2019-04-08,-0.00557513181141163,-0.0016352224820876196
2019-04-09,0.004111002706522288,-0.0017514048370233695
2019-04-10,0.004240082381393733,-0.001748686983163659
2019-04-11,0.0033500868852818057,-0.001112317819848251
2019-04-12,0.0029040241114550816,-0.0007014979042651399
2019-04-15,-0.0002900232038890209,-0.0009787214214224754
2019-04-16,-0.003486855196326383,-0.0021463147472032297
2019-04-17,0.00421175555427496,-0.0015238944753118054
2019-04-18,-0.0011600929375304883,-0.0015423592655501525
2019-04-22,0.014977238490672283,-0.0018025913882725173
2019-04-23,0.0018564803618321846,-0.0012564046492846137
2019-04-24,-0.0005708577292175085,-0.0019315425247098362
2019-04-25,0.0021390382487494423,-0.002527304469929533
2019-04-26,0.0009966541723408335,-0.002011337777020978
2019-04-29,-0.0022795279852300386,-0.0026662807816318582
2019-04-30,-0.004718001460248171,-0.0012517919768835351
2019-05-01,-0.0008602151068078811,-0.0008812488808721283
2019-05-02,0.00714595008846607,-0.001036451789974394
2019-05-03,-0.003709520589884937,-0.0016856969318455445
2019-05-06,-0.014107042641706325,-0.001552393721400862
2019-05-07,0.0,-0.0007059143384527857
2019-05-08,-0.004504184876109831,-0.0002517320818994902
2019-05-09,0.0005823264103995365,-0.00042452200742898265
2019-05-10,-0.020437379720379328,-0.0001079280880426298
2019-05-13,0.0072523073731456085,0.00014189116516021949
2019-05-14,0.004854735537069678,-0.00042020617679902074
2019-05-15,0.01022055911051826,-0.0002112382559749953
2019-05-16,-0.005389278210367231,-0.0002967268520432313
2019-05-17,-0.0027787952067316202,0.00029099784828898645
2019-05-21,-0.0007325470989075712,-0.00034832277692741745
2019-05-22,-0.008389187474769985,-8.278285714279987e-05
2019-05-23,-0.001183082066418528,0.0004400810614358621
2019-05-24,0.0032501136602060498,0.0007533992523372363
2019-05-27,-0.007996488634226265,0.0004670652529397049
2019-05-28,-0.004320948390164777,0.0005201712582899789
2019-05-29,0.0007463243872055253,0.0008059098065913105
2019-05-30,-0.01246168817833286,0.0004957125483582385
2019-05-31,-0.008039482057384887,0.0007628824461842124
2019-06-03,0.0176621694495322,0.0010852954155830766
2019-06-04,0.01027176876472296,0.0005997809222291501
2019-06-05,0.0020713130648607014,0.00044482662872205234
2019-06-06,0.004129799379875382,0.0006453103106678416
2019-06-07,0.0039662189341900965,0.0003201052726720204
2019-06-10,0.000732761811933275,8.029010102703006e-05
2019-06-11,0.001317619691397364,0.0009018426042601481
2019-06-12,0.00408819375058478,0.0013177633325785131
2019-06-13,0.004941870522656578,0.0013239645677744327
2019-06-14,0.0004348771540594625,0.0012322859975408187
2019-06-17,0.007939413772192525,0.0013137105526669886
2019-06-18,-0.0034567224395584944,0.001207229240858892
2019-06-19,0.0024497454430109098,0.001156734501594185
2019-06-20,-0.0004318721725513779,0.0011587584202449705
2019-06-21,-0.0036062065767288373,0.0012016522771080493
2019-06-24,-0.01045913079013716,0.0009727214589683438
2019-06-25,-0.005417686580259692,0.0010807060894199637
2019-06-26,-0.0022047484494958475,0.000815501624271903
2019-06-27,0.004111606379692326,0.0008617468723379658
2019-06-28,0.012234350095054304,0.0008348627658845593
2019-07-02,0.005773688094426352,0.0009434135876207437
2019-07-03,0.0021565675815511114,0.0004834880411170615
2019-07-04,-0.004029362193614752,0.0003757113612171781
2019-07-05,-0.00303271226736202,0.0004267380259264556
2019-07-08,0.003897514858013694,0.00046383287701733003
2019-07-09,0.0004321210006024854,0.0008188327511135687
2019-07-10,0.0011514106050418357,0.0009918165050456867
2019-07-11,0.002585836809341756,0.00098007585212905
2019-07-12,0.0008604618342460939,0.0008702352101356977
2019-07-15,-0.0008604618342460183,0.0008346716865717819
2019-07-16,-0.00850087966317531,0.00096366838703044
2019-07-17,0.002023706964144904,0.0007159590834570974
2019-07-18,-0.0036166404701885504,0.0005421184386910131
2019-07-19,0.006356565754835341,0.0005250247604320705
2019-07-22,0.009031672030347757,0.0005430275140036229
2019-07-23,0.005408495962246897,0.00042242661010133235
2019-07-24,-0.004552575795870235,0.00019523387156445722
2019-07-25,0.008801873974527922,0.0003709115252721563
2019-07-26,-0.003256178993677613,0.0002547206354258408
2019-07-29,-0.003409094210772977,0.0004605103404460865
2019-07-30,-0.0051355319716164015,0.0007930639439327622
2019-07-31,-0.008474018392880964,0.0009197517580046158
2019-08-01,-0.008110109622654361,0.0007434112219132608
2019-08-02,-0.01243706132865281,0.0008302195013353392
2019-08-06,0.003967384529469681,0.001040012463184861
2019-08-07,0.01180857806469784,0.0007509559730269455
2019-08-08,-0.007856871495220243,0.0004246442397822193
2019-08-09,-0.009687438155689298,0.0004248028171240782
2019-08-12,0.014496190591573086,0.0005142462187532261
2019-08-13,-0.023385138008818977,-0.00022772526169174945
2019-08-14,0.0026749904493028336,0.0008800488865744565
2019-08-15,0.012682665205016834,0.0012764050986584286
2019-08-16,0.015414003012433813,0.000663831635305157
2019-08-19,-0.008695706967553821,9.757418984666065e-05
2019-08-20,0.0062395907288699546,0.00119397896593636
2019-08-21,0.0,0.00030221877303605155
2019-08-22,-0.02920879840528466,0.00048577936420776517
2019-08-23,0.008896855837736717,0.0019919283745670723
2019-08-26,0.0016225388912523837,0.0019182140608265282
2019-08-27,0.007049522511808777,0.0013331920639775112
2019-08-28,0.01221833381980655,0.0011400473980480077
2019-08-29,0.0020219533173999296,0.0009014509616046786
2019-08-30,-0.005207591690582445,-4.361488738201832e-05
2019-09-03,0.002607185717862744,0.0005733831885192517
2019-09-04,0.014219270095860253,0.0005013903429396517
2019-09-05,-0.0037148206743479652,0.00043879731597479304
2019-09-06,-0.0012891214275407249,0.0007753054972197466
2019-09-09,-0.0017214177253303342,0.00067058095569085
2019-09-10,0.011136608531504283,0.0005878249026049733
2019-09-11,0.005239691942354925,0.0002983227528514903
2019-09-12,0.004228336109521105,0.0009721808115956285
2019-09-13,-0.005076153031860661,0.0007597870101405516
2019-09-16,0.0021181960895916476,0.0006536242647107527
2019-09-17,0.0028173000744656073,0.000314015299429417
2019-09-18,-0.0016894274045002843,0.0005792872764181241
2019-09-19,-0.002963383245306972,0.0005560815880412467
2019-09-20,-0.0015557601610480913,0.000552199620846141
2019-09-23,-0.009814458980135348,0.00047716985150802235
2019-09-24,0.004278996687279784,0.0007733435612240817
2019-09-25,-0.0025652002095450637,0.0005489674774790516
2019-09-26,-0.0075915282586840535,0.0005684462852711204
2019-09-27,0.006163568570090177,0.0005684298560536878
2019-09-30,-0.014827882700231148,0.0002845214619632316
2019-10-01,-0.010937039389894388,0.0003918974622742665
2019-10-02,0.008759180089881554,0.0009374647101270493
2019-10-03,0.012566064102729617,0.0006241698475436878
2019-10-04,-0.002874804337238015,5.7181490300082876e-05
2019-10-07,-0.01522982515533091,0.0005893768489160997
2019-10-08,0.008586242083051827,0.0007727523217024018
2019-10-09,0.003760490402003068,0.00013044870751708737
2019-10-10,0.00489632314606142,0.00042578755412284457
2019-10-11,0.009009714146286074,0.0008776541901645939
2019-10-15,-0.0027086765438451865,0.000589085933392278
2019-10-16,-0.0015715411477861636,5.394164291026686e-05
2019-10-17,-0.004729496454654666,0.000463330932207515
2019-10-18,0.0032986763507716252,0.0006744629018344756
2019-10-21,-0.0027242113055320483,0.0007259349349485978
2019-10-22,0.0010045204260052685,0.0009938666719785977
2019-10-23,0.0021491519125391434,0.0007110536484608543
2019-10-24,0.0030010740637766054,0.0006162241181421066
2019-10-25,0.00554964071079518,0.00043679898764071505
2019-10-28,0.001984690189324336,0.0005713703333993258
2019-10-29,0.008461480465777889,0.00044557983507268015
2019-10-30,-0.0026717304790915028,0.0004736249789191834
2019-10-31,0.0068757725453628855,0.0005672954676792573
2019-11-01,0.00516076185505349,0.000522365896981993
2019-11-04,-0.0001391304350068923,0.0007055622342089283
2019-11-05,0.0018071875357039142,0.0006638823454348063
2019-11-06,0.0023583280681264765,0.0010705181682496053
2019-11-07,0.006353612533894934,0.0010282907927323453
2019-11-08,-0.0013777902427556824,0.0009966996587721516
2019-11-11,0.0026161804939022495,0.00112755118318495
2019-11-12,0.0020605818129674656,0.0009795124096698836
2019-11-13,0.000685918128271427,0.0010124959034184702
2019-11-14,0.0053340754250328914,0.0008614506218571733
2019-11-15,-0.0006822678848268475,0.0008782945022994624
2019-11-18,0.004901970600206688,0.0008781177813303575
2019-11-19,-0.0016313217320840852,0.0006926616410423366
2019-11-20,-0.0028612322810321234,0.0007964725075588162
2019-11-21,0.0027251686030209206,0.0005048509212361866
2019-11-22,0.008401133422487772,0.0006069056759354054
2019-11-25,0.0008092797851993145,0.00040629741960713345
2019-11-26,0.0043051324397180785,0.0006930473117057169
2019-11-27,0.0028152039505867994,0.00047264831683350056
2019-11-28,-0.003486660364721635,0.00033076186956849723
2019-11-29,-0.010262039826998502,0.0002946171293261922
2019-12-02,-0.006399368288500266,0.00023588117567920026
2019-12-03,-0.0019141378554249058,5.7046821107523495e-05
2019-12-04,0.0006840413427682097,-9.32175552234031e-05
2019-12-05,0.015201161332050338,-6.052182064119412e-05
2019-12-06,-0.0052670795005563004,-0.00023736314668568583
2019-12-09,-0.0009483168088591334,-0.0004873341454309859
2019-12-10,-0.0010848929732386024,-0.0005899732146184393
2019-12-11,0.008780873710872956,-0.0006012797647009099
2019-12-12,0.0010754134656554182,-0.0004444102283765142
2019-12-13,0.004958798608612169,0.00017970317145693027
2019-12-16,0.0006682258852058622,-9.442632114109006e-05
2019-12-17,-0.004418565132249683,-0.0001371481271810784
2019-12-18,0.004952824527888033,-0.00020169321893104177
2019-12-19,0.00811228599370321,0.0001552012460068437
2019-12-20,-0.0010601644247679608,0.0001748036701934351
2019-12-23,0.0003976933836469129,0.0003709807704281821
2019-12-24,-0.0001325468886558956,0.00029295726758150507
2019-12-27,-0.011867597114454675,0.00017871818397211144
2019-12-30,-0.00161095483892795,-0.00011358911717326294
2019-12-31,0.00802894718581793,4.940855070168003e-05
2020-01-02,-0.006015658806962689,-0.00010548673879094304
2020-01-03,0.0008041817884136416,-4.9096930785970535e-05
2020-01-06,0.0012050614031103742,6.6539251202925e-05
2020-01-07,0.006269613013595395,-0.0002473102685993007
2020-01-08,0.00979232384786212,-0.00011204432133975401
2020-01-09,-0.003033302688441051,4.5810671205587824e-05
2020-01-10,0.006451210577385514,-7.300605011232545e-05
2020-01-13,-0.0014446125041691921,2.0173601121854074e-05
2020-01-14,0.0009195402946783599,6.36364212082928e-05
2020-01-15,0.007977548356697176,0.0003018231832040635
2020-01-16,0.005974043741365556,0.0005439451374724138
2020-01-17,0.0,0.00032333297653843634
2020-01-20,-0.0014253322788823303,0.0007321042616147476
2020-01-21,0.005689180072160861,0.0006417774269374567
2020-01-22,-0.000515862791940303,0.00040530497202424733
2020-01-23,-0.007770046861931788,0.000600368702134012
2020-01-24,-0.01255903477649391,0.00037350862358077235
2020-01-27,0.0083901908024604,0.00016988242550472108
2020-01-28,0.0024773465959067958,-0.0003018229053545294
2020-01-29,0.0016914973781267037,-0.00013783301947775954
2020-01-30,-0.014667628072253018,6.961964974212288e-06
2020-01-31,0.012064137926856911,-1.3855643793236503e-05
2020-02-03,0.01333612048416076,-0.0008203011233649802
2020-02-04,0.011763337281807746,-0.0006432964452164091
2020-02-05,0.004312538393490807,-0.0005881091004821485
2020-02-06,-0.0049483067409276105,-0.0004615050590553653
2020-02-07,0.007728894983436321,-0.0008430495392812542
2020-02-10,0.000630875044581994,-0.0007587413688265111
2020-02-11,0.004028202828604788,-0.00019510439804967588
2020-02-12,-0.0010055305020187607,0.00018455999415872165
2020-02-13,0.001256755223852679,0.00028184542595889454
2020-02-14,-0.002389186927130455,-0.0001354485345838282
2020-02-18,0.0028914471084572416,0.00013620149726578548
2020-02-19,-0.001256123767726629,-3.426532432141967e-05
2020-02-20,-0.01443245712158593,0.00011291953352247312
2020-02-21,-0.02727500556264378,-0.000338855146508718
2020-02-24,-0.030738898097372087,4.1186762526448256e-05
2020-02-25,-0.0029774010356401507,0.0010454365501353052
2020-02-26,-0.010765246704988764,0.0008837106209901781
2020-02-27,-0.031169908940193832,0.001353096183443592
2020-02-28,0.03527163741441191,0.0025908777118642213
2020-03-02,-0.02472672423779696,0.0006500867843616937
2020-03-03,0.042040831855741444,0.0014756569625570158
2020-03-04,-0.031052474543497518,4.5268628030275355e-05
2020-03-05,-0.019133325806198677,0.0018486215115981705
2020-03-06,-0.059849400663407194,0.001972863852525066
2020-03-09,0.04879016416943205,0.006973934065039755
2020-03-10,-0.04849080778342164,0.0030612409594339782
2020-03-11,-0.0909646517648493,0.007966281176404993
2020-03-12,0.08616416249804731,0.013199392502638695
2020-03-13,-0.11307608563403966,0.0064418600574155105
2020-03-16,0.07475722133190295,0.012584869139103167
2020-03-17,-0.04212492630067112,0.009176097644842996
2020-03-18,0.010214924654827399,0.010495431408182498
2020-03-19,-0.05402241217940004,0.006211891051625111
2020-03-20,-0.019775384350398252,0.013165976176185845
2020-03-23,0.08677978829012316,0.010036029319931824
2020-03-24,-0.011209084534719853,0.007548765757724932
2020-03-25,0.05406722127027579,0.006953149651510317
2020-03-26,-0.03904376466008508,0.004492617793619583
2020-03-27,0.0446724400515926,0.005989050101609495
2020-03-30,-0.024104951559080656,0.002016263279090238
2020-03-31,-0.03269658707633795,0.007114955906765685
2020-04-01,0.019399558932848376,0.0076990278840873595
2020-04-02,-0.016353464393167476,0.007816187544172909
2020-04-03,0.06401813604086479,0.0062847708517910625
2020-04-06,-0.01011100442113499,0.004311217971838802
2020-04-07,0.03707160642425025,0.004107799565120442
2020-04-08,0.01133568307416525,0.0006521813735417862
2020-04-09,-0.01749315744751723,0.0013280650369326232
2020-04-13,0.03226786499482254,0.0008852345282230006
2020-04-14,-0.008149305233074047,0.0018651079084793017
2020-04-15,0.007009541610615016,0.0011054141557898741
2020-04-16,0.01990045209204836,0.001649348189630402
2020-04-17,-0.009971292503829122,0.0008354116806555771
2020-04-20,-0.026313544504178867,0.0005940580001324166
2020-04-21,0.020793751280580884,0.0033887884060015477
2020-04-22,-0.007836472389197713,0.0012802065464812174
2020-04-23,0.014766703082158049,0.0016005048697658568
2020-04-24,0.011909072448126674,0.0009262699821444482
2020-04-27,-0.009656502158751913,-0.0003538910232634741
2020-04-28,0.019082687839297344,-0.0011017245690074394
2020-04-29,-0.007339228401347118,-0.001559917517143295
2020-04-30,-0.017243015003988917,-0.0014429710216424419
2020-05-01,0.005640172876261123,2.8111790533803284e-05
2020-05-04,0.006726482760950591,-4.525629167963902e-05
2020-05-05,0.0,-0.0010995058614875688
2020-05-06,0.00027929060368689146,-0.00017569299510558666
2020-05-07,0.01193629716443725,-0.0006006756482367691
2020-05-08,0.006874769273577646,-0.0019118462715516456
2020-05-11,-0.016858213257760837,-0.0018358409592208866
2020-05-12,-0.01488164484801369,-0.0009972669501984875
2020-05-13,0.005360430383923454,-0.0003657936967039052
2020-05-14,0.009799882433010559,-0.0009693057997558724
2020-05-15,0.009014692487773625,-0.0014200580627521779
2020-05-19,0.014664828011556105,-0.0012756824952980799
2020-05-20,-0.004909993497555782,-0.002340150742186047
2020-05-21,0.005590034326211342,-0.0024530598378707455
2020-05-22,0.011624894361723297,-0.002284206643338748
2020-05-25,-0.01366640578869983,-0.0023079656055780898
2020-05-26,0.012321596548908027,-0.001454418037831227
2020-05-27,-0.00040379568487289844,-0.0016150847422150354
2020-05-28,0.005906057436082075,-0.0019887735158479816
2020-05-29,-0.011982640849513001,-0.0019275394394801233
2020-06-01,0.003920248346084935,-0.000931763542958233
2020-06-02,0.011402632097811552,-0.0017070545724484395
2020-06-03,-0.001869159422703536,-0.0016072818157970897
2020-06-04,0.022202577151493458,-0.0016709393782323248
2020-06-05,0.005084425267837826,-0.002127913544891359
2020-06-08,-0.004169930462449968,-0.0027619505505990793
2020-06-09,-0.005630866707977536,-0.0026440754771245682
2020-06-10,-0.043753623947049305,-0.001917493180702789
2020-06-11,0.010508455622797574,-0.0003959156453713002
2020-06-12,0.0051455766883777496,-0.00040063687626743687
2020-06-15,0.01859958616024265,-0.0006581928570608801
2020-06-16,-0.0013266120279363054,-0.00132419334500293
2020-06-17,0.002651466487753221,-0.0012732832664900718
2020-06-18,-0.005176888179533792,-0.0027321568574059435
2020-06-19,0.0005321979902091726,-0.0018612585598555287
2020-06-22,0.006628686607590888,-0.001658652293156063
2020-06-23,-0.022313705534247885,-0.001222098585752625
2020-06-24,0.013287894326935371,-0.0005009840119049554
2020-06-25,-0.022518311430602286,-0.001262659714972241
2020-06-26,0.009095291098461735,-0.00034444443564237174
2020-06-29,0.007673188351533565,-0.0005119150863274594
2020-06-30,0.010405643516801136,-0.00031369158222590275
2020-07-02,-0.004122620374535028,-0.0012846506697322096
2020-07-03,0.01730672696667195,-0.0005176770652045332
2020-07-06,-0.005647877362968879,-0.0017532839420379882
2020-07-07,-0.0002634699000881244,-0.0012977767367056664
2020-07-08,0.0011850682801090738,-0.0009276366196682752
2020-07-09,0.010863270236065177,-0.0008659186078278441
2020-07-10,-0.008103560225157975,-0.0010385024668256094
2020-07-13,0.013426519888571992,-7.903411810569522e-05
2020-07-14,0.001552594437902527,-0.0006871770024816785
2020-07-15,0.0009045681304269146,-0.0006999725080938067
2020-07-16,0.0033526788335675023,-0.0006332623981796324
2020-07-17,0.006032232884416218,-0.00046357132348870964
2020-07-20,-0.004874304160633775,-0.0009609221391970446
2020-07-21,0.0025683846146567395,-0.0005660880403268755
2020-07-22,-0.012778489465908469,-0.0007656453095050916
2020-07-23,-0.005209701806451685,-0.0004303391679856101
2020-07-24,0.0022174404181581676,-0.00043217642144298754
2020-07-27,-0.0037856581990398605,-0.0002699967831217477
2020-07-28,0.008854224511815195,-0.0002145850850454518
2020-07-29,0.004655983579219665,-0.00038294706401512655
2020-07-30,0.003606392368300006,-0.0008391221387686416
2020-07-31,0.0047457281398843995,-0.0008934217299598698
2020-08-04,0.0038314223115558676,-0.0006487638131092979
2020-08-05,0.007998519123374404,-0.0008553984251736114
2020-08-06,0.006554094547921088,-0.0006755713344846624
2020-08-07,0.0010045204260057121,-0.0006377204043218827
2020-08-10,-0.011486399561109929,-0.0004390834042790647
2020-08-11,0.01060749938525385,3.552956016702959e-05
2020-08-12,-0.005289684878165764,-0.000395353667125881
2020-08-13,0.002648340030769093,-0.00021895134780803042
2020-08-14,-0.0011341441578618333,-0.00011692601949832488
2020-08-17,0.0002521432186833728,-0.00017924000959634943
2020-08-18,-0.000882779551622494,-0.0007042533326399945
2020-08-19,0.0007567158893060762,-0.00031455714127824694
2020-08-20,0.0039006026177582915,-0.0006590995893172699
2020-08-21,0.012603898053704987,-0.0005406211278507083
2020-08-24,0.0006198475373565694,-0.0007146199905531745
2020-08-25,0.007408355898065906,-0.0006738995031281792
2020-08-26,0.0007378259065658034,-0.0006605950392733686
2020-08-27,0.004293168200910592,-0.0005179006665000333
2020-08-28,-0.006138754698324902,-0.0003957807584864029
2020-08-31,0.009804000096620835,-4.2152879396126827e-05
2020-09-01,0.013445784300681768,-0.00037103805917352087
2020-09-02,-0.029302548228654125,-0.0004666905811855696
2020-09-03,-0.013848390485943657,-0.0001793961894589872
2020-09-04,-0.01468009152219174,-4.311379678611257e-06
2020-09-08,0.013800307640898332,-0.0002096540368540504
2020-09-09,-0.014055312104858263,-0.0005805453963891596
2020-09-10,-0.0007654037878455635,0.0004467335778252557
2020-09-11,0.012176710575255066,-0.0006208199089460503
2020-09-14,0.006659571009426277,-0.0013122166776502098
2020-09-15,-0.005651506407931216,-0.0017756722875270292
2020-09-16,-0.010890319103226414,-0.0006200208234764042
2020-09-17,-0.0071556655954123595,-0.0005258189838163797
2020-09-18,-0.0047560986884039,-0.000409124806265271
2020-09-21,0.010892655915359048,0.00033467639841148274
2020-09-22,-0.017615370310235513,0.0003698628902615406
2020-09-23,0.0006483823089109359,0.0010881723910193303
2020-09-24,0.018876965025583427,0.0007148922482257058
2020-09-25,0.014397823859288903,5.7202730020294336e-05
2020-09-28,-0.006163153902664948,-0.00023552089747921879
2020-09-29,0.0018907171448305838,0.0006756387657724902
2020-09-30,0.002515408193367346,-2.374308143563374e-06
2020-10-01,-0.0076918606334653245,-0.0002371459297516843
2020-10-02,0.014576784869533076,0.000681510548833784
2020-10-05,-0.011038747314822074,0.0007832646130068418
2020-10-06,0.015271294402785043,0.0010261935947054046
2020-10-07,0.0027291916208357957,0.000390274753695013
2020-10-08,0.0025982074622570403,0.000558833627186718
2020-10-09,0.012524721682228023,0.00041628770616894753
2020-10-13,-0.007594353011154929,0.0006011576549477804
2020-10-14,0.004294221677726373,3.353903391073248e-05
2020-10-15,-0.002206153609593171,0.00031345589727647743
2020-10-16,-0.015830159904910258,0.00029140903766283863
2020-10-19,-0.0002493454694379178,0.0006231973402884449
2020-10-20,-0.00062363581690684,0.000934475466538639
2020-10-21,0.00448152125632739,0.0003509265189352166
2020-10-22,0.003100393132747385,0.0004914961868532385
2020-10-23,-0.014216475872465667,0.0004534474698233411
2020-10-26,-0.004027188931368941,0.00038443141343319726
2020-10-27,-0.026191212862947406,0.0002676948861190087
2020-10-28,0.013756082444399916,0.001196731531673888
2020-10-29,-0.013367808317992254,0.0007163752631832066
2020-10-30,0.004905134399258544,0.00146428614033392
2020-11-02,0.012667305200765635,0.0007218186570743937
2020-11-03,0.021384462679234658,0.0004850372414678464
2020-11-04,0.012245808295557045,-0.0006588520194187205
2020-11-05,-0.0011070792692316474,-2.3327148132447242e-05
2020-11-06,0.00918842605440617,-0.00012927120753365175
2020-11-09,0.0018275972190240858,-7.217656289167898e-05
2020-11-10,0.009088217657972237,0.00016044855323560088
2020-11-11,-0.004594373938198343,0.00034679560251927775
2020-11-12,0.01443720937474804,0.0009229088670185484
2020-11-13,0.007496911414178374,2.986705646148245e-08
2020-11-16,-0.004158010148663677,0.0001041185951850803
2020-11-17,-0.013302371239878775,0.00020246675976166623
2020-11-18,0.003131778035501898,0.0005693907511638938
2020-11-19,-0.005426603609291045,-0.00027263463128177523
2020-11-20,0.0059075462661506584,-8.921023193996034e-05
2020-11-23,0.009570595841739289,-0.0002342453437839979
2020-11-24,-0.0017875235648036063,-0.0008551744989131721
2020-11-25,0.0010728975220042946,-0.001110099285381148
2020-11-26,0.0033305609471645323,-0.0010120847222568256
2020-11-27,-0.007030953113481713,-0.0010905284245004748
2020-11-30,0.00762453062245155,-0.0005815506577342845
2020-12-01,0.0005932253837136728,-0.0004770777294312927
2020-12-02,-0.005470993665366532,-0.0006368203260627037
2020-12-03,0.002382371585406846,-0.0005070053190483405
2020-12-04,-0.00023798191449768302,-0.0004887492990897017
2020-12-07,0.004748910741281874,-0.0007195221907068028
2020-12-08,-0.008086617976232858,-0.0004437179545072616
2020-12-09,-0.007069707715363674,-0.00026169238185303444
2020-12-10,0.0,-0.0005587543726229434
2020-12-11,-0.004942448732639858,-0.0006604182016130265
2020-12-14,0.007584458195478528,-0.0007847772161677362
2020-12-15,0.006574645642085385,-0.0007150826461387147
2020-12-16,0.00428011591465461,-0.0007334573834986726
2020-12-17,0.0014226439862377609,-0.0009973696902411341
2020-12-18,0.0016571973489608023,-0.0006674955693128934
2020-12-21,0.0010638927654000494,-0.0006768818855987216
2020-12-22,-0.003432159118011991,-0.0002865467315476065
2020-12-23,0.0009479796894314685,-0.00016411401017229327
2020-12-24,0.0062577688122199045,-9.700696869987288e-05
2020-12-29,-0.0057841157542234045,0.00010141019574515784
2020-12-30,0.0035452648809088743,3.115533757620868e-05
2020-12-31,-0.011031486047582022,0.00011716575585547122
2021-01-04,-0.0007159050538432795,0.0001235282499457474
2021-01-05,0.005475552306831088,-0.00011455244494574981
2021-01-06,0.015781743162950685,4.899938318425959e-05
2021-01-07,0.007102550670637182,-0.0003520005554839662
2021-01-08,-0.0003481288111748182,-0.0001407501185812707
2021-01-11,-0.00465333552564116,-0.00037632962138027396
2021-01-12,0.0017475393274732872,-0.00031577989234869426
2021-01-13,-0.00865097749697555,-8.312083968307817e-05
2021-01-14,0.00035217468228046766,0.00034344256763332875
2021-01-15,0.004216450378934825,0.0005100432264753031
2021-01-18,0.0035001785822096204,0.0002360864196996356
2021-01-19,0.007195110534538287,0.00010709095338896934
2021-01-20,-0.0011570057983978867,0.00020593726637415982
2021-01-21,0.004504772272843188,-6.247938195951008e-05
2021-01-22,0.004943391109535633,-7.135638743399923e-05
2021-01-25,-0.005289192507713831,0.0001466841215014131
2021-01-26,-0.018031082352471077,-5.226663590580667e-05
2021-01-27,0.010741492653324707,0.00015281646461367572
2021-01-28,-0.02124368370026406,-0.0004204787861151447
2021-01-29,0.022404315214023897,0.00017174723071278723
2021-02-01,0.00923687435609963,-0.00026215145732996173
2021-02-02,-0.0006898137776410289,-0.0004213776357468383
2021-02-03,0.013479756311276942,-0.0007643445356226445
2021-02-04,-0.00022696323293069315,-0.00046687790101080187
2021-02-05,0.0050942545217430935,-0.001193587131420777
2021-02-08,-0.003959953129705917,-0.00048090590029738287
2021-02-09,-0.00022675737058613864,-8.416380234713009e-05
2021-02-10,0.00192580065182705,-0.0004358748912944427
2021-02-11,0.005305052229693098,2.7729930492787088e-05
2021-02-12,-0.0024797127223985947,-0.00027281371048416066
2021-02-16,0.0011279044732845434,0.00023195609709927286
2021-02-17,-0.0064461631186545345,-0.00022194405753097723
2021-02-18,-0.005688944686575159,-0.0004111795708307334
2021-02-19,-0.007559307557773345,-0.0004595493087724792
2021-02-22,-0.001956384765775728,-0.0004069137055848187
2021-02-23,0.00620121417634881,-0.0007500013393816694
2021-02-24,-0.016506405819510933,-0.0009442470595314282
2021-02-25,0.0045288354710116075,-0.0006352687172347456
2021-02-26,0.017343798902004947,-0.0008363189896764198
2021-03-01,-0.011452255262123855,-0.0010809290419515323
2021-03-02,-0.010886036860867145,-0.00051388136488961
2021-03-03,-0.012419608964135697,0.0001752154516868296
2021-03-04,0.020075370750294242,1.6082107682806085e-05
2021-03-05,-0.005213474126875497,-0.00037859470262291265
2021-03-08,0.012007995573332207,0.0006162596960638032
2021-03-09,0.004123244874977749,4.1618657566243745e-05
2021-03-10,0.002967361227802008,-0.00014265440562275303
2021-03-11,-0.002967361227802112,-0.0005297838314111795
2021-03-12,0.006493899209434576,0.0004767363765289628
2021-03-15,-0.003982482364317597,0.00017854920034512576
2021-03-16,0.0004559443826850205,0.0005520500974279696
2021-03-17,-0.00582892101254693,0.0005050926281335803
2021-03-18,-0.002065405209276768,0.0005520261727666399
2021-03-19,0.008919441637068926,0.0004623357138430772
2021-03-22,-0.003078504227087497,0.00041983231945076887
2021-03-23,-0.005611237167786315,0.0004013555816553314
2021-03-24,0.008803578266759475,0.00047370566732407354
2021-03-25,0.009629074682427631,0.00014581900645542153
2021-03-26,-0.00045105999862637644,-8.06054366890781e-05
2021-03-29,0.0010145990386178452,0.0004052666280247831
2021-03-30,-0.0012402053565514475,0.00024118256018036541
2021-03-31,0.009096586955754616,0.00010320672794203304
2021-04-01,0.012443222432128866,0.00041063036990996533
2021-04-05,0.0030867624553230183,0.0006657052745677747
2021-04-06,0.005160026819414605,0.0006473357413343712
2021-04-07,0.0,0.000571320592623279
2021-04-08,0.004697665273084844,0.00044306238480199467
2021-04-09,0.002938457792642818,0.0005286753013741591
2021-04-12,0.00032596295176437495,0.0007937354582597386
2021-04-13,-0.004900635999002289,0.0005861202978799467
2021-04-14,0.012584240707246426,0.0004206627117046243
2021-04-15,0.001077470204444612,-0.0001812628753806978
2021-04-16,-0.0030198469886512417,-4.062525439344367e-06
2021-04-19,-0.0002160527177033107,7.713459856958363e-05
2021-04-20,-0.00021609940656752163,-0.00016566906025432292
2021-04-21,-0.008137624247853973,-0.0005170261713960636
2021-04-22,0.008353723654421464,-0.000397374837370822
2021-04-23,-0.00476500793293669,-0.0007409300860250828
2021-04-26,-0.00032571521920875577,-0.000881046246863046
2021-04-27,-0.007411478067548384,-0.0009862564233322363
2021-04-28,0.0037126052689524054,-0.00099236036686417
2021-04-29,-0.006122244989105481,-0.001318357779068377
2021-04-30,0.00208139418955137,-0.0009028274055102332
2021-05-03,-0.0041671296182753505,-0.0010965236599109244
2021-05-04,-0.0025306719783141788,-0.0009177579712964586
2021-05-05,-0.0011022928805711116,-0.0013464486891818902
2021-05-06,0.005828355422321019,-0.0011009093385902756
2021-05-07,-0.013912115737724384,-0.0011298919451045977
2021-05-10,-0.008261741756597635,-0.0008373293909692099
2021-05-11,-0.01844256605183073,-0.0007297610173470097
2021-05-12,0.014285957247476652,-0.00023080940239310647
2021-05-13,0.01175101653551873,-0.0005042268964304999
2021-05-14,-0.007146077752796706,-0.0002805342941451744
2021-05-17,-0.008665858069037127,-0.00019542763371775695
2021-05-18,0.0019197115036791216,-1.5048932200432768e-05
2021-05-19,0.005176111477789799,-0.0004845548932317443
2021-05-20,-0.0003367570329854649,9.153801982824945e-05
2021-05-21,0.008385090215813774,0.0007997718395466141
2021-05-25,0.005661963502160262,0.0005387692806198531
2021-05-26,-0.003104559539787076,0.00033739152437208133
2021-05-27,0.0027723888009746483,0.0006434425445958874
2021-05-28,-0.001662510773613414,0.0010192850224105736
2021-05-31,-0.0001109323868241055,0.0010764603775610547
2021-06-01,-0.00133214939771562,0.001294102063637408
2021-06-02,0.0023300981416228303,0.001367288179393644
2021-06-03,0.006737751230948439,0.0011644979010128416
2021-06-04,-0.0003303055356207865,0.0012247752851394435
2021-06-07,0.002859029877990251,0.0011221466602543881
2021-06-08,-0.0017584354459603323,0.0011435392585209738
2021-06-09,0.0031848909465189957,0.0010352140076653007
2021-06-10,0.006884144545144966,0.0011841778941725312
2021-06-11,0.00021777003570372936,0.0014317106091609017
2021-06-14,0.002066453506030626,0.0013547426794837047
2021-06-15,0.0006516780940959621,0.001421214748336189
2021-06-16,0.007787190551768685,0.0014615812599561022
2021-06-17,-0.007787190551768565,0.0015514490076052269
2021-06-18,0.008541054138168245,0.0032008607847017934
2021-06-21,0.0012910168549461513,0.00044646677968689585
2021-06-22,-0.0012910168549461892,0.00201628020266286
2021-06-23,0.006759319764383582,0.0024608021921754502
2021-06-24,0.0013891117262846593,0.0007524635405767411
2021-06-25,0.006068044381797521,0.002316431864462229
2021-06-28,0.0011667993898667743,0.0007488649792125572
2021-06-29,0.002329522442704712,0.002213742304499123
2021-06-30,0.006115582113899235,0.002019761624976925
2021-07-02,0.004614586059722715,0.0012219532475602761
2021-07-05,0.0049058080749643925,0.002085710030139179
2021-07-06,0.005089069507471228,0.0017684031077177561
2021-07-07,-0.005193198210642345,0.0020732575812412355
2021-07-08,0.004675090328993975,0.0034965196194512308
2021-07-09,0.004034140459418298,0.0015751126417753746
2021-07-12,0.0014441925348985473,0.0016034799709793179
2021-07-13,0.000927309324086894,0.0023320341318900325
2021-07-14,0.003803263051839342,0.0018943305101123864
2021-07-15,-0.006587774725678897,0.0017062798605930354
2021-07-16,-0.0051770668539074345,0.002138990770065436
2021-07-19,0.00981362144832467,0.0007453706478998448
2021-07-20,-0.0010284892400998615,-0.001864499278194209
2021-07-21,0.002158606995350825,0.000836960984354139
2021-07-22,0.010317268085099824,0.0003774212257281938
2021-07-23,0.00030483158291216074,-0.001086701351383087
2021-07-26,-0.0007114182931282504,0.0014493339772430175
2021-07-27,-0.004994149910263615,0.001241815016398778
2021-07-28,-0.002352821912968823,0.001491200028356956
2021-07-29,-0.0026663947702045346,0.0005042629031258181
2021-07-30,0.010013366593436998,0.0001693989651003709
2021-08-03,-0.002850745160090607,-0.0019205349237830026
2021-08-04,0.0020370754650771462,0.000985793542924258
2021-08-05,0.006389798098770988,0.0002684448847510096
2021-08-06,0.0006064281568503374,-0.0002763021377897981
2021-08-09,-0.002934482247443708,0.0013227262523427016
2021-08-10,0.0006078411695608068,0.0012789967599140663
2021-08-11,0.004143722135088157,0.0005620059922994406
2021-08-12,0.001612415949462219,0.00012009515274730034
2021-08-13,0.006923915072824094,0.0008364736166844626
2021-08-16,-0.002904213147389827,0.00017307481893091283
2021-08-17,-0.008358979131320906,0.002256198208761109
2021-08-18,0.014757081532966596,0.002237450195865532
2021-08-19,0.008632290543584928,-0.0032545596197490717
2021-08-20,-0.005051266125878779,-0.0010562580779713677
2021-08-23,-0.0025850083991097008,0.0010464987998171668
2021-08-24,0.001690953802229024,0.0008378159282246791
2021-08-25,0.0014896472291385024,0.0003052090927067242
2021-08-26,0.003269433734114627,0.00012431278161989837
2021-08-27,0.0034559402453981183,-0.0007996035746715917
2021-08-30,-0.0001971608839194187,-6.640302353135734e-05
2021-08-31,0.0004928293431768611,0.0005034825830039503
2021-09-01,-0.0028617969894126666,0.001313818354631765
2021-09-02,-0.001978435703203041,0.001950550203391493
2021-09-03,0.0069074677645805885,0.0015873543579285822
2021-09-07,0.0012775786711438425,-0.0001536624375167954
2021-09-08,-0.007096422447764179,0.0008031228974178306
2021-09-09,-0.00565393560909697,0.001668879705529497
2021-09-10,0.00019892580133226847,0.0012699188316201843
2021-09-13,-0.002489421250771189,0.00013984567801631864
2021-09-14,0.0034834571179107776,0.0004993983855564795
2021-09-15,0.002480775273762845,-0.0008149647132222401
2021-09-16,-0.0035742690951341186,8.403820104982255e-05
2021-09-17,-0.012208697624463435,0.001003438717581323
2021-09-20,-0.0007050410726660374,0.0009000957218157562
2021-09-21,0.004523757400492817,-0.0010177595564934052
2021-09-22,0.004802890961678051,-0.0023946276533295826
2021-09-23,0.0014961850080505842,-0.0016973590289414598
2021-09-24,-0.005396775041300108,-0.00015631326382183877
2021-09-27,-0.015858117285122708,0.0011945964865213597
2021-09-28,0.0038614009974911327,0.0021921053586941223
2021-09-29,-0.018630900243417202,-0.0018315406980963199
2021-09-30,0.008437132053874306,0.001889030770500752
2021-10-01,-0.016946055447552993,-0.0038572593019479177
2021-10-04,0.01088262800169847,0.002188167211193162
2021-10-05,0.004627971442167806,-0.0027941224138511474
2021-10-06,0.004402361857978988,-0.001509931763620975
2021-10-07,-0.007485295139367277,-0.0007074044883044528
2021-10-08,-0.010137668284455004,0.0012649990541008164
2021-10-12,0.0014545457109941399,0.0017855433452084461
2021-10-13,0.011766055854849189,-0.0005776704539723129
2021-10-14,0.00766600575432277,-0.002799259556907426
2021-10-15,0.0035574566155268223,-0.000880657120468021
2021-10-18,0.00647251450561752,0.0006184634535517252
2021-10-19,0.0001008013709839054,0.0016035401120594152
2021-10-20,0.00733119025424784,0.003355060747964068
2021-10-21,-0.00160224348316757,0.001563539327856486
2021-10-22,0.005696312809455857,0.0028541526639842166
2021-10-25,0.0019910409763140096,0.0016528982952099683
2021-10-26,-0.006385335473733869,0.0032917054663549436
2021-10-27,0.00747872060328675,0.004450665246953626
2021-10-28,0.005251436393454741,0.0019462550847600632
2021-10-29,0.0006915288000945771,0.0024824378881236077
2021-11-01,0.006889112966151542,0.0032499997384888664
2021-11-02,0.005087078080564266,0.0017161474431933942
2021-11-03,0.009903955116945024,0.0024130724504683094
2021-11-04,0.0027980142717738666,0.001211415768302511
2021-11-05,0.0009630201052425091,0.0027699548358484055
2021-11-08,-0.0038576574023586603,0.0027638734418263347
2021-11-09,-0.0032907501628207008,0.0026959073376754466
2021-11-10,0.007437132845083193,0.002407272320962763
2021-11-11,0.004225087906183543,0.0006149878936500408
2021-11-12,-0.0022063417267231536,0.0015288016297197679
2021-11-15,0.007558036456868488,0.0026193574001796304
2021-11-16,0.0014286397020109452,0.0007643588759808862
2021-11-17,0.0024714841477667545,0.0025468253451129412
2021-11-18,0.002560092423710557,0.0013210426098965579
2021-11-19,0.0007572889419089796,0.0011371598339323667
2021-11-22,-0.00018926847790016752,0.0011928926620456827
2021-11-23,0.0011350739016640886,0.0017509758460852987
2021-11-24,0.0033032921358972784,0.0018265558685665608
2021-11-25,-0.015860534765578478,0.0020354013481829213
2021-11-26,0.009622329280370134,0.002344635671094555
2021-11-29,-0.016346012280334363,-0.00226776824529546
2021-11-30,-0.009587058371206792,0.0022011134286975087
2021-12-01,0.013722673787110557,1.917231652026239e-05
2021-12-02,-0.006354729646070548,-0.005137703425843551
2021-12-03,0.006354729646070509,-0.0005451474024258544
2021-12-06,0.01126181018734393,-0.003142003310258251
2021-12-07,0.003694410491939989,-0.003532770525814345
2021-12-08,-0.0020823481258543733,-0.0014305535787607101
2021-12-09,0.009993483754222165,-0.0008098319147470261
2021-12-10,-0.0016899825635208858,-0.002571103914118648
2021-12-13,-0.0045206330518427025,-0.00017221034936153342
2021-12-14,0.015454810489437315,0.0005164538496626671
2021-12-15,-0.013945660985880464,-0.0030500696128744867
2021-12-16,-0.0013203812160685064,0.00299547066868888
2021-12-17,-0.008149386520963529,0.00031689827239853
2021-12-20,0.015577374225828522,0.0017360166456006965
2021-12-21,0.003740069810852138,-0.0031931590020777014
2021-12-22,0.0040050349255103075,-0.0007718328324861763
2021-12-23,0.0013933400610046437,-0.0002444380590464686
2021-12-24,0.012545132703564223,0.0005868839468497704
2021-12-29,-0.009949414179282627,-0.0020798192145710177
2021-12-30,-0.010891427188622673,0.002037325649507616
2021-12-31,0.011631825186351509,0.001456224037731903
2022-01-04,-0.0157586365205675,-0.003656089303560302
2022-01-05,-0.0037664827954768934,0.0018487973818003766
2022-01-06,-0.011003715656861503,-0.0008585213749436742
2022-01-07,0.001429729071644221,0.0012724680677917949
2022-01-10,0.001522794621858968,-0.0014844940993039625
2022-01-11,-0.003811343346461753,-0.0014413886317099465
2022-01-12,-0.01335851876795545,0.0002254117793241752
2022-01-13,0.00434426517086228,0.0020109085176949156
2022-01-14,0.0016362677504158042,-0.0018254919510919863
2022-01-17,-0.02266303288121409,-0.0008499162325411117
2022-01-18,-0.01107934965702699,0.003308011248140071
2022-01-19,-0.00979615990712352,0.0012195065944533398
2022-01-20,-0.01304300376970302,0.0014493791682048088
2022-01-21,0.006593319011247121,0.001870936417900548
2022-01-24,-0.013947795469842775,-0.002879561610963317
2022-01-25,0.0036839992545581986,0.0033005710727071363
2022-01-26,0.0006126825475021568,-0.000712299544316145
2022-01-27,0.0250013022054174,0.0004263905547166243
2022-01-28,0.013842419959766936,-0.004829718806324895
2022-01-31,0.00499535785814737,-0.0027391623013782907
2022-02-01,0.007301078915615733,0.00030578026842190554
2022-02-02,-0.02266024665612755,0.00017273464400146903
2022-02-03,0.01173757126022318,0.006540654555862653
2022-02-04,-0.011439966972524996,-0.0011630315555924411
2022-02-07,0.010949554525836689,0.0036160184247392194
2022-02-08,0.01131608992797191,-0.00048513977995825986
2022-02-09,-0.013378452554374526,-0.00014469769206017322
2022-02-10,-0.017854074736596604,0.0061895757200846
2022-02-11,-0.004714860517341016,0.006852136058891514
2022-02-14,0.016257277220012214,0.00399471442465109
2022-02-15,-0.002773926882725208,-0.0017704544042222554
2022-02-16,-0.020040750883446153,0.001409855848514455
2022-02-17,-0.0026350476380050023,0.006380666954681595
2022-02-18,-0.009687527962447302,0.002641780452877132
2022-02-22,-0.020602209096014217,0.004623104485753046
2022-02-23,0.020397249062503155,0.006506375032500196
2022-02-24,0.013842460215272663,-0.0036950739412676373
2022-02-25,-0.0048637242499966465,-0.0016103899414621724
2022-02-28,-0.01000416673601592,0.0026680928453815616
2022-03-01,0.010004166736015972,0.004495972609159333
2022-03-02,-0.0019317783446323373,0.0004308916964807244
2022-03-03,-0.0035683373745223146,0.0020093405342205824
2022-03-04,-0.023562111004528676,0.00229575188442111
2022-03-07,-0.0005229852114391378,0.006366734936298079
2022-03-08,0.01793816568388562,0.0015475808048356445
2022-03-09,-0.0061849491050259,-0.0016784608663624285
2022-03-10,-0.016157124294114828,0.004231466943228567
2022-03-11,-0.0004204330522303995,0.006441136688761743
2022-03-14,0.01750774190000486,0.0030318083620667056
2022-03-15,0.015885550552536813,-0.0009752785969042731
2022-03-16,0.006082127213506732,-0.0017543781767841294
2022-03-17,0.010455508939183292,0.0006387202579063253
2022-03-18,-0.0013009759152947066,-0.0001391986402727081
2022-03-21,0.009765897247255849,0.0037103397249205563
2022-03-22,-0.01247334437617087,0.001227861915085453
2022-03-23,0.008399209461699414,0.005317775392506713
2022-03-24,9.956688413650072e-05,0.00035013764588894144
2022-03-25,0.010104097849159636,0.0029767216634131173
2022-03-28,0.011660511326398762,0.0012907936640268697
2022-03-29,-0.0087080438731306,0.0010851497235236682
2022-03-30,-0.012459372092681576,0.0057881218115801115
2022-03-31,0.003972199860432945,0.005536743547334095
2022-04-01,0.006224393953568114,0.0012785916550905998
2022-04-04,-0.012188626345241475,0.000339994611167635
2022-04-05,-0.006802747322752412,0.003535819864927694
2022-04-06,0.00829714361580599,0.0018516299030104737
2022-04-07,-0.004589910273185488,-0.0006458245254602951
2022-04-08,-0.01055657518819543,0.0021804294985871874
2022-04-11,-0.003340929455324793,0.002921135399243813
2022-04-12,0.004956764991704598,0.0013939879462172336
2022-04-13,-0.008105414182821454,-0.0005493958708663096
2022-04-14,0.00020343810465836798,0.0023722812971339294
2022-04-18,0.016442595688629776,0.0003864588716364937
2022-04-19,-0.0106619396645096,-0.003234041235542882
2022-04-20,-0.007714991063497271,0.002668933045716771
2022-04-21,-0.01757948124092593,0.0018098934367388269
2022-04-22,0.006821731880924479,0.0032846418705515857
2022-04-25,-0.022184943600105655,-0.002064989689058883
2022-04-26,0.002104156483863536,0.003995701575692967
2022-04-27,0.02337161690633099,-0.0011263475065193518
2022-04-28,-0.03446816405715561,-0.005705342390235134
2022-04-29,0.00951884500920684,0.00772899373495652
2022-05-02,0.0012623607819855695,-0.0026519836867141514
2022-05-03,0.021528573132852745,-3.024050821705986e-05
2022-05-04,-0.027116063290300047,-0.005227387859031215
2022-05-05,-0.002964533669285738,0.004741410974384662
2022-05-06,-0.022410201777233962,0.00048162312897738013
2022-05-09,0.003572012240947044,0.004602941100563098
2022-05-10,-0.01953037910786547,-0.0005711573410503776
2022-05-11,0.003190146261975882,0.004758729592378746
2022-05-12,0.014176900471631913,0.00039142999800528876
2022-05-13,-0.009356029953805025,-0.0007244180502735982
2022-05-16,0.017122221506175213,0.005688628520024175
2022-05-17,-0.03487645088049063,-0.0009174799503062877
2022-05-18,-0.011188301985753851,0.011085254534392085
2022-05-19,0.0016862462542053297,0.005926623842032841
2022-05-20,0.007162873378376456,0.0018188589491160063
2022-05-24,0.010649019102734138,0.0015838740636529782
2022-05-25,0.016849413938882653,0.00015192827326743436
2022-05-26,0.019660084264430916,0.0003533894395603192
2022-05-27,0.007208002375779398,-0.00017876363886612067
2022-05-30,-0.018441070478330147,0.002131902054964749
2022-05-31,-0.006584297088610123,0.007062261038318649
2022-06-01,0.011413928155954206,0.003768315365040941
2022-06-02,-0.015102768185756742,0.0004493872513273699
2022-06-03,0.002605298911763173,0.006240939942928321
2022-06-06,0.00486671592693776,0.0025387201570164102
2022-06-07,-0.009430453066665356,0.0029640300353606683
2022-06-08,-0.011611478909434923,0.0065373084802888785
2022-06-09,-0.023635436912667306,0.006598185353192867
2022-06-10,-0.02953849558852007,0.009345371478208447
2022-06-13,0.0010452355634850113,0.010081295676036542
2022-06-14,0.0088981924142903,0.0030400542964710707
2022-06-15,-0.029183815033876178,0.0007776828874888365
2022-06-16,0.009783775809273478,0.009605270766061819
2022-06-17,0.006896982158817004,0.0014003430384834999
2022-06-20,0.007659315615390607,0.002687232735018364
2022-06-21,0.003231766432371115,0.0014647984808420001
2022-06-22,0.011343576233821574,0.0014894830427604187
2022-06-23,0.022865218704127745,-0.0004171969652684357
2022-06-24,-0.005023733702716893,-0.0034141209420444443
2022-06-27,-0.019209630238193397,0.004055143584455593
2022-06-28,-0.003428574787178069,0.006881802793867382
2022-06-29,-0.009316301783326727,0.0030650307210916728
2022-06-30,0.008170826285797824,0.005591718740138022
2022-07-04,0.013885950412758117,0.0016492768640517853
2022-07-05,0.004961110637753096,0.0006211881570488232
2022-07-06,0.010739559537234596,0.0033686492980917917
2022-07-07,-0.0027856723122850883,0.0019450241458583701
2022-07-08,-0.008291364026622552,0.005151001845759979
2022-07-11,-0.007566810060698985,0.0055760375441081585
2022-07-12,-0.008081541907106799,0.0041124552499803456
2022-07-13,0.007401115480310622,0.004186336427451123
2022-07-14,0.01240151181586923,0.0007484031120272582
2022-07-15,-0.01115441681834729,0.00017590327845103343
2022-07-18,0.01874458608502294,0.0053322841874467895
2022-07-19,0.006428751912655241,-0.0008805087728241799
2022-07-20,0.00923794098493614,0.0016839105806355109
2022-07-21,-0.006149135440349753,0.0005317523473312554
2022-07-22,-0.004304879985534989,0.0030848021132873914
2022-07-25,-0.007439106088164488,0.0026914978044284992
2022-07-26,0.020189333774399507,0.002384245942606109
2022-07-27,0.011834457647002798,-0.00377682667204456
2022-07-28,0.011696039763191236,-0.0025502237421237755
2022-07-29,-0.0022427520481003702,-0.0017682244258070043
2022-08-02,0.012959603516076095,0.0016429818009900481
2022-08-03,0.0005275652984403766,-0.0006763864630175953
2022-08-04,0.003895356823275858,0.0012913319480069995
2022-08-05,-0.006430212426463952,-3.259345124299125e-05
2022-08-08,-0.0029654755898577026,0.0011765082554783383
2022-08-09,0.012857169418754187,0.0011343261992998468
2022-08-10,-0.0007332530575220974,-0.002018627254716462
2022-08-11,0.016936349547907636,0.0015041620556351348
2022-08-12,0.015133213138746928,-0.002803465371907317
2022-08-15,-0.0026420094628386965,-0.002457996011586626
2022-08-16,-0.002649008171576953,0.0018467179218907216
2022-08-17,0.004681942394796791,0.0010563620262740718
2022-08-18,-0.008463824553510135,-0.0006861189163984465
2022-08-19,-0.017666661248770203,0.0010406476290980207
2022-08-22,-0.00889918452256493,0.0017220976830553381
2022-08-23,0.003988250458588795,-6.083658846463616e-05
2022-08-24,0.011766679208530357,-0.0026399026855272955
2022-08-25,-0.026539555234612263,-0.004189577630878953
2022-08-26,-0.009291464292314491,0.00412068072433517
2022-08-29,-0.003762433892830748,0.0006709863999968107
2022-08-30,-0.005074782796255457,-0.0005987150488165636
2022-08-31,0.003997196485085288,-0.0008652266783895308
2022-09-01,-0.011058221965980235,-0.00402679984796574
2022-09-02,-0.0029477612916551403,8.222089361857295e-05
2022-09-06,0.014329381093688637,-0.0012007077337085697
2022-09-07,0.005160192056577258,-0.0044278293271537246
2022-09-08,0.010453428523101655,-0.0023918123446088698
2022-09-09,0.008032171697264253,-0.0034399890145075484
2022-09-12,-0.031001948339279727,-0.0016465854252840344
2022-09-13,0.00476604021759255,0.005628508445360556
2022-09-14,-0.006831146108835475,-0.002222936110894152
2022-09-15,-0.0042523097385303915,0.0008146358165533309
2022-09-16,0.004361105909012478,-0.00021712749636454626
2022-09-19,-0.002396254278081042,-0.001597039769523845
2022-09-20,-0.01008338223409964,0.0013707647630774723
2022-09-21,-0.0046373054285170365,0.002807866471872583
2022-09-22,-0.01023368219301352,0.001878824919804001
2022-09-23,-0.0008948546458437107,0.002133354504198892
2022-09-26,-0.002464987242535467,-0.00015897172945026434
2022-09-27,0.0075995001411822095,0.001550261440126544
2022-09-28,-0.014918116380333121,-0.0004333763312285372
2022-09-29,-0.006462241183892844,0.00486862715403369
2022-09-30,0.010859835236008504,0.0034007699364834863
2022-10-03,0.021922649510805664,-0.0005093222336614599
2022-10-04,0.004940992758742628,-0.003598423854156049
2022-10-05,-0.00010953502393327608,0.0007986361902262248
2022-10-06,-0.028330506626226108,0.002002361661935198
2022-10-07,-0.01053535657885921,0.007806399543409046
2022-10-11,-0.0004556327678779747,0.0032063647449140837
2022-10-12,0.020189035126527824,0.0005330546469966944
2022-10-13,-0.012923706312841093,-0.0048391466100967855
2022-10-14,0.012812043089007718,0.0034538160689390617
2022-10-17,0.011988155559969401,-0.0006499759150315419
2022-10-18,-0.00420168685369997,-0.0006755749060098529
2022-10-19,-0.007228277232105601,0.003629701375446153
2022-10-20,0.013524205688920207,0.0029207819873122826
2022-10-21,0.01746387977231537,-0.0025062565469500665
2022-10-24,0.007545578541007335,-0.00275848159402895
2022-10-25,-0.010579824475356846,0.0005300102380276247
2022-10-26,-0.005332185222056861,0.004470725173060734
2022-10-27,0.027443207296603368,0.003989769895052637
2022-10-28,-0.005855752692219797,-0.004100117345094967
2022-10-31,-0.003958706287915291,0.003516216328737007
2022-11-01,-0.019813347765307576,0.002662942894113008
2022-11-02,-0.007794100601056941,0.005514579560628219
2022-11-03,-0.005414677022827494,0.003289181886703746
2022-11-04,0.010580942979076583,0.0016323189146370642
2022-11-07,0.001095770436181718,-0.00182153778124241
2022-11-08,-0.013340146013956642,-0.0001333613343281339
2022-11-09,0.03875103914110352,0.003770064430670366
2022-11-10,0.0034107899192741408,-0.008870219403046869
2022-11-11,-0.0041584535055044945,-0.00041996328553394987
2022-11-14,0.006496641413152296,0.0007283627276515117
2022-11-15,-0.004575206150783627,-0.0027516381897178623
2022-11-16,-0.002883539136892403,0.001027219858745077
2022-11-17,0.009049835519917856,4.558188863930813e-05
2022-11-18,0.0013769000745476676,-0.0020748014302217365
2022-11-21,0.007591769908212663,7.698219750630609e-05
2022-11-22,0.004192878260035958,-0.0013825380586376212
2022-11-23,0.004175371410480592,0.0005438612282816065
2022-11-24,0.0007289009538109067,0.0027551235127269646
2022-11-25,-0.00941232633739502,0.0019505029039009187
2022-11-28,0.00440344599141912,0.003869367166135423
2022-11-29,0.020091810908252322,0.00032445835904346143
2022-11-30,-0.0011284946055270064,-0.004146872753534773
2022-12-01,0.0014360449693228453,0.0015658521667449676
2022-12-02,-0.00854398115326384,0.0006490572494750234
2022-12-05,-0.010600805986640687,0.003051886303948328
2022-12-06,-0.0018824519258979835,0.0028395339022448222
2022-12-07,0.0026135606325463404,1.3819928373374687e-06
2022-12-08,-0.003137093443833949,-0.0016240439261261462
2022-12-09,0.012489754364652843,-0.0006258709094170166
2022-12-12,0.003407510137909825,-0.003155636243873814
2022-12-13,-0.006204135296903296,-0.0010972999852677879
2022-12-14,-0.01620781022685331,0.0016961518525990499
2022-12-15,-0.010171734235218326,0.0025018404730409367
2022-12-16,-0.01178374642206245,0.0007185619259292483
2022-12-19,-0.0025895569067336775,0.0009008427189890969
2022-12-20,0.013414377252438542,-0.0013480625066755107
2022-12-21,-0.01093258477277164,-0.004150237230888137
2022-12-22,0.0016152482917443263,0.0018461714609325519
2022-12-23,-0.014304535198236074,-0.0006370117228202743
2022-12-28,0.00836915922405764,0.0033016741679665865
2022-12-29,-0.0023840496770808606,-0.0019961487599036813
2022-12-30,0.006380814381758095,-0.0006666080767978522
2023-01-03,-0.006055381824782767,-0.0024520807729074847
2023-01-04,-0.005874051481570219,0.0002656442027324379
2023-01-05,0.012468313526323483,0.0010481898758451682
2023-01-06,-0.004319194707352425,-0.0029612494476040805
2023-01-09,0.009048860623975988,0.0014937682547625816
2023-01-10,0.013315775975772156,-0.0012631645073449198
2023-01-11,-0.0007410152247192192,-0.001686517434048229
2023-01-12,0.005596931026434577,0.0018406936063318328
2023-01-13,0.00021059281956337805,0.0006962184208207735
2023-01-16,-0.002530045625370177,0.0024825141803868044
2023-01-17,-0.007309741748566294,0.0023431589557666196
2023-01-18,-0.010044965846600987,0.002245966969768392
2023-01-19,0.01206313000283819,0.0033069258881024658
2023-01-20,0.011814483413763056,-0.0012500468545168196
2023-01-23,-0.0010492079443252854,-0.0007784005039853523
2023-01-24,0.0015733993910400203,0.0021599293651274726
2023-01-25,0.005956441666345053,0.0019445823876669405
2023-01-26,0.001249479546147142,0.000932780124217679
2023-01-27,-0.00731073752200584,0.0016076440888839836
2023-01-30,0.007934892332656459,0.002762518155122272
2023-01-31,0.00921283882812186,-0.0007860622157228767
2023-02-01,0.01685863682441661,-0.0008379510047391035
2023-02-02,-0.0034507290914441036,-0.0018549928556502835
2023-02-03,-0.0036667386774198937,0.0023866215161346227
2023-02-06,0.010354371262705088,0.00284508922250812
2023-02-07,-0.007399557354738946,-0.0008508669224146776
2023-02-08,-0.00817248393735794,0.00260233189576047
2023-02-09,-0.00627670939634335,0.0016068337986168513
2023-02-10,0.01047345029162799,0.0008431414122309482
2023-02-13,0.0004084967377064527,-0.0017815994374775442
2023-02-14,0.007121812581917665,-3.627073188885858e-05
2023-02-15,-0.008756801705589304,-0.0008515794669023963
2023-02-16,-0.0015352339129194573,0.002241976476256102
2023-02-17,-0.015587412369311823,0.0009360137700746967
2023-02-21,0.0,0.002826242843596231
2023-02-22,0.004256429992255614,-0.0007169724803917915
2023-02-23,-0.0056098214850782355,-0.001937035393431246
2023-02-24,0.0007289768612329327,0.00045225884464108687
2023-02-27,0.002183747553196779,-0.0005934544922719746
2023-02-28,-0.008030496303190594,-0.0002111996042657721
2023-03-01,0.007095188362832202,0.0016936613469309158
2023-03-02,0.015987138501227786,-0.001654968948456788
2023-03-03,0.0030649799228903664,-0.0033799377098939457
2023-03-06,-0.0060367503120479496,-0.00045871192396308507
2023-03-07,0.004301081899390702,0.0012459320015160303
2023-03-08,-0.015446708114306849,-3.649579570601106e-05
2023-03-09,-0.013267366195317643,0.002978458227901729
2023-03-10,-0.01057204053267857,0.0012227063761785458
2023-03-13,0.012148250599987576,0.0004223949714889432
2023-03-14,0.00031494410002608914,-0.0038955535184375906
2023-03-15,0.014381239935652034,-0.000993505403914633
2023-03-16,-0.009982405863168507,-0.0028956475302512586
2023-03-17,0.003338552918360945,0.0029534820799072535
2023-03-20,0.016630037749468977,-0.000319509246925878
2023-03-21,-0.015484979590733293,-0.003984981996044935
2023-03-22,0.0029087907482317,0.0030339895596831075
2023-03-23,0.0026934648004380717,-0.0017279858180255566
2023-03-24,-0.004458507048628496,-0.000984825695796534
2023-03-27,-0.0055228609094009245,0.0018804682524387298
2023-03-28,0.011531996273071662,0.0018898509557004725
2023-03-29,0.003197032579208044,-0.0011890729466671164
2023-03-30,0.013499898211666918,0.0006895611948595945
2023-03-31,-0.0033579273475556207,-0.0017302227822639051
2023-04-03,-0.003573802752014219,0.0025069025994366822
2023-04-04,-0.0013306721857051726,0.002534543789273455
2023-04-05,0.005006396152708515,0.0020308778439348273
2023-04-06,0.0024429979577032497,0.0007744130494782882
2023-04-10,-0.00203541694533583,0.0007937628265222908
2023-04-11,-0.006131227054936408,0.0022636431132109385
2023-04-12,0.005009979294635629,0.0029747479450631625
2023-04-13,0.0006117455329441094,0.0012334857240383014
2023-04-14,0.00467765750204802,0.0016524871228635269
2023-04-17,0.0015206044797301066,0.0010569508539041263
2023-04-18,0.004346294808727446,0.0018176109330983658
2023-04-19,-0.004042451184573774,0.0013738654723016224
2023-04-20,0.0049497550423690416,0.0027649562776445157
2023-04-21,0.0007051120916670115,0.0007394132931036677
2023-04-24,-0.007986697662930066,0.0016777033039606874
2023-04-25,-0.003253357891916892,0.0023666484225060035
2023-04-26,0.015259757480281182,0.0015906579478977205
2023-04-27,0.004902215810063007,-0.002237667760787358
2023-04-28,9.979541947290903e-05,0.00024066898345687928
2023-05-01,-0.006206226126689207,0.0013948821395336464
2023-05-02,-0.0072559020345066266,0.002175944532634037
2023-05-03,-0.01364583292511798,0.0017542339107331
2023-05-04,0.006438777418732244,0.001725314400368105
2023-05-05,0.0013234921758821763,-0.0022384400116390916
2023-05-08,-0.00458880119962109,-0.0010498260614191508
2023-05-09,0.003978176307861409,0.0007314614117786214
2023-05-10,0.007303004361796464,-0.0008706031682579725
2023-05-11,0.003127998110719989,-0.0009551635123552837
2023-05-12,-0.003330140824163568,0.0004365200432889174
2023-05-15,-0.005371725276923522,0.0011165770228590845
2023-05-16,0.009205466857059474,0.0013955652249085689
2023-05-17,0.013601569826064792,-0.002103613603663897
2023-05-18,-0.0008944099975132794,-0.0019538602665655517
2023-05-19,-0.010494324485846545,0.0015387676346557628
2023-05-23,-0.0009046590555165967,0.0028479614208232347
2023-05-24,0.01139898354136299,0.0012530854237739106
2023-05-25,0.011073872310695638,-0.0019829478941606796
2023-05-26,0.002749412572495346,-0.001938321083421294
2023-05-29,-0.0032411755526539844,0.0007343338624285078
2023-05-30,-0.0072074163014986415,0.0020263995067841736
2023-05-31,-0.0003964321161929658,0.002223192634995527
2023-06-01,0.012999986112940114,0.0004948939817562977
2023-06-02,0.00029349899931858107,-0.002163548389179278
2023-06-05,-0.0011745132014761037,0.0006130364555656092
2023-06-06,-0.0059918650856045546,0.0013882730511736554
2023-06-07,0.004325606430053655,0.002584704503535923
2023-06-08,0.0008824827753181223,0.0006714598579934612
2023-06-09,0.010820400935599076,0.0010462230911322881
2023-06-12,0.0028077667668993844,-0.0011676702091358497
2023-06-13,0.0025106231804743386,0.0009214859767683713
2023-06-14,0.003081369794854974,0.0015063068229125343
2023-06-15,-0.004046248295031073,0.0015620321496565043
2023-06-16,9.65297553719838e-05,0.002831235698562753
2023-06-19,-0.0026095795991190607,0.0016535434341449105
2023-06-20,-0.01089822988527869,0.0014428135697123474
2023-06-21,0.0034184728313750535,0.0023476714338029705
2023-06-22,-0.005279120677579519,-0.00046365219529028573
2023-06-23,-0.006687672447016735,0.0010652757000920634
2023-06-26,0.01303876126310976,0.0012856434724143567
2023-06-27,0.004955074505630424,-0.003008225789467646
2023-06-28,0.0006781960246381171,-0.0007562749868481566
2023-06-29,0.012033839563723463,0.00011349538629531325
2023-06-30,-0.0013406111363380322,-0.0023893029953038973
2023-07-04,0.0039210110963458136,0.0012531775397716357
2023-07-05,-0.0015283220092040493,-0.00036051573894469965
2023-07-06,-0.009508787969027188,0.0007362522690887949
2023-07-07,0.0017356093451459686,0.0019183588534997724
2023-07-10,0.0037501846923041465,-0.0004584819218950252
2023-07-11,0.00325795612052353,1.1923943048640644e-05
2023-07-12,0.00324737630169806,-1.6942852309811854e-05
2023-07-13,0.006652752155289548,0.0006668339774960021
2023-07-14,0.00217627942259567,0.00034104070553898707
2023-07-17,0.006124871915289583,0.001869140513354578
2023-07-18,0.002158307974325183,0.0008694310634406252
2023-07-19,-0.006394605201746483,0.0018468889758851636
2023-07-20,0.0034844881515062967,0.0022045014222051174
2023-07-21,9.40070505980005e-05,0.0006664076218969853
2023-07-24,0.0033783815916271906,0.001268095024178901
2023-07-25,0.0026197619773597417,0.001177273203993545
2023-07-26,-0.003838416920774755,0.0014232621981288478
2023-07-27,0.009057440882712734,0.0023765211044508515
2023-07-28,-0.0015814692351409046,-0.0005562256651058089
2023-07-31,0.004644258765686583,0.0016759113540890818
2023-08-01,-0.00940372834464262,0.00026962159455910047
2023-08-02,-0.0012168298407886282,0.001737939004433997
2023-08-03,-0.003941446543964845,0.0006590423091284284
2023-08-04,0.007400848806568156,0.0004139815167564864
2023-08-08,-0.006460999113325791,-0.0014302207235894582
2023-08-09,0.001595720055126544,0.0007902059823673994
2023-08-10,-0.00028141269356960716,-0.0005456428398387367
2023-08-11,0.006638950935607283,0.0001486635878161181
2023-08-14,-0.008611060322481273,-0.0005862548882504061
2023-08-15,-0.004805662958883004,0.0012602637063445104
2023-08-16,-0.0071093716189880194,0.0003145814796048416
2023-08-17,-0.0004757600356165631,0.0007707603464230959
2023-08-18,0.008906634584322583,-0.0005401331301913551
2023-08-21,-0.0031177690709363924,-0.0016828424160364903
2023-08-22,0.00913678470328971,0.0007876643239479738
2023-08-23,-0.010083485521889497,-0.0008071403745680629
2023-08-24,0.008957676227636116,0.0019490559530698421
2023-08-25,0.005896409053301702,-0.0011990755469942923
2023-08-28,0.011966192596475389,-0.0012349483871902608
2023-08-29,0.0015663153338158267,-0.0024921314512109777
2023-08-30,-0.002858066759053514,0.0002642637616545833
2023-08-31,0.00772559714830711,0.001554418617373792
2023-09-01,-0.0011000092776625857,-0.00027883710472416227
2023-09-05,-0.006533264554325639,0.0014413637278809007
2023-09-06,0.0002769188184032555,0.001752574820817206
2023-09-07,-0.0014777872828859965,0.000637301967909205
2023-09-08,0.001477787282886085,0.0016716537015724151
2023-09-11,-0.006946080254684007,0.0011291983431113701
2023-09-12,0.0011146202157142663,0.0021937173702475687
2023-09-13,0.005646856014077876,0.0010809052807055778
2023-09-14,-0.011792698992240861,0.00026363099308805954
2023-09-15,-0.0015891566793808922,0.002459234387894911
2023-09-18,-0.005723147394241625,0.0006656827961784385
2023-09-19,-0.007271385737611922,0.0009939171297042846
2023-09-20,-0.015569348359453186,0.0013337298900574436
2023-09-21,-0.00260253653088725,0.0021184378667811828
2023-09-22,0.002602536530887211,1.4786095410077005e-05
2023-09-25,-0.010353762239920525,-0.0008399523299519922
2023-09-26,-0.0015574810896845476,0.0015332264129220064
2023-09-27,0.0014602095561219769,-0.00038639770548051235
2023-09-28,0.004464726430438303,-0.000716709457265792
2023-09-29,0.0063712929108411046,-0.0007937678700380108
2023-10-02,-0.010641485734985622,-0.0011508540185351129
2023-10-03,0.010737708972971828,0.0016744720815659937
2023-10-04,-0.0038561698223085845,-0.0018093981231818213
2023-10-05,0.00836824967051658,0.0013300836513345858
2023-10-06,0.005635432078311476,-0.0008890639321727977
2023-10-10,0.00522492045067194,-5.649170874321395e-05
2023-10-11,0.0008523938575488963,0.0010981359033321574
2023-10-12,-0.007411664487141863,0.0018756276891352354
2023-10-13,0.006938202047541178,0.002978264893114302
2023-10-16,0.0019870376032131627,0.00030197294740904376
2023-10-17,-0.008448481596431743,0.0012082389428549301
2023-10-18,-0.007463435275886864,0.002667536926083516
2023-10-19,-0.01324522675002068,0.002339554629851543
2023-10-20,-0.00321684734193977,0.0029638090354134274
2023-10-23,0.010199709582454967,0.0010292745402375905
2023-10-24,-0.00990684093195042,-0.000839270815446199
2023-10-25,-0.009414603224181984,0.0025745716189208407
2023-10-26,-0.0014790714129630077,0.0020761512955362123
2023-10-27,0.008059011676520034,0.0010348212337315111
2023-10-30,0.010031737403339094,-0.0004890829490322449
2023-10-31,0.010219911551287798,-0.0010673031679537138
2023-11-01,0.009831606898096295,-0.0014411993530884502
2023-11-02,0.00407602820356457,-0.0012928354527198707
2023-11-03,0.004153692368693616,0.001019857424902384
2023-11-06,0.007695233168774347,0.0011029537568670957
2023-11-07,0.0036392519053322905,0.00032534646656338614
2023-11-08,-0.007479466431292624,0.001431373838670192
2023-11-09,0.014533514616167977,0.003549031403980563
2023-11-10,-0.00027750798013530405,-8.904523508886412e-05
2023-11-13,0.011406618018281823,0.0027205443000846174
2023-11-14,0.0012797076700725358,0.0002741608736829864
2023-11-15,0.007009268148882427,0.002320878224508697
2023-11-16,-0.0022703546963231507,0.0012543273022465116
2023-11-17,0.008509919181543145,0.002489026169789206
2023-11-20,-0.004064862649531651,0.00023496539396587258
2023-11-21,0.003704209864087785,0.0020602540472874045
2023-11-22,0.0032412020812251086,0.000380388288850526
2023-11-23,-0.00531748357638593,0.0011616627626646375
2023-11-24,-0.004800951293111111,0.0023696501325561874
2023-11-27,-0.002363637464062902,0.0017682361861380324
2023-11-28,0.0004549797612496937,0.0013570254564601834
2023-11-29,0.002725539981050012,0.0009571317512219816
2023-11-30,-9.073175163878112e-05,0.0003834184429023778
2023-12-01,-0.0017254692561385553,0.0007607068330030231
2023-12-04,0.0034479663956830703,0.0014037242185064858
2023-12-05,-0.0037206812739697813,0.0007336087658843343
2023-12-06,0.007698267425752556,0.0015811374300213313
2023-12-07,0.0036922010515718752,-0.0002929824112535038
2023-12-08,0.0031411289008608356,6.589032219787969e-05
2023-12-11,0.0058965595668428565,0.0006391190331769845
2023-12-12,0.006039094730637406,0.0003866674494750645
2023-12-13,-0.0032814538779780906,0.0003192069907143111
2023-12-14,-0.0029358145725071,0.0013948044497639855
2023-12-15,0.00657137610291053,0.0009101797969368772
2023-12-18,0.0010615712249586033,-0.00040561941579088953
2023-12-19,-0.012813843239860389,0.0007820721184409613
2023-12-20,0.004378721084003071,0.001881490782838587
2023-12-21,-0.00035672880071512393,-0.0007497389983760874
2023-12-22,0.0025834052940885512,0.00026096575830616183
2023-12-27,-0.0017809443709948087,-0.0004174625442180782
2023-12-28,-0.0007132667920084289,0.00044118048326092314
2023-12-29,-8.919413108538441e-05,0.00029956953377337757
2024-01-02,-0.006263442094277101,-6.4570831501888516e-06
2024-01-03,-0.0033265933127307385,0.0005539849440954655
2024-01-04,0.0022489102268392737,-0.00012877582307729764
2024-01-05,0.01347693207862459,-0.0010133326458607286
2024-01-08,0.0017714796483820209,-0.001933878076929413
2024-01-09,0.0041506660905573515,0.0005539049430733411
2024-01-10,0.000792846801872427,0.0005867480957033802
2024-01-11,0.0015838102738832004,0.0010674498711762286
2024-01-12,0.004736435483918682,0.0013658900657793488
2024-01-15,-0.0014886819159840193,0.0009910303674274998
2024-01-16,-0.004655460997301865,0.0012403522311198322
2024-01-17,0.00754323373262306,0.001598933835407441
2024-01-18,0.007313283509357089,0.00041262268709416365
2024-01-19,0.006657181029179368,0.0006349056665125528
2024-01-22,0.0012917116973647908,0.0008742908342077932
2024-01-23,0.005235838749793975,0.002154213575951878
2024-01-24,0.0015397778919052473,0.0016755253569680673
2024-01-25,-0.0029961927991620893,0.002408060914319304
2024-01-26,0.005216139066040647,0.002648261123351437
2024-01-29,-0.0012801367227171648,0.0008647739969033537
2024-01-30,-0.013498034108744426,0.002356255214994241
2024-01-31,0.008618514090244831,0.0023333533184873062
2024-02-01,0.015751038677406945,-0.0008477708909709671
2024-02-02,0.003541617665965686,-0.001998285153368439
2024-02-05,-0.0021065944171300153,9.219401410754736e-05
2024-02-06,0.006474147135133289,0.0012037878467903184
2024-02-07,0.0006702413119540139,-0.00014090237933762613
2024-02-08,0.005512416865195365,0.000921705856431983
2024-02-09,-0.0011667640293548023,-0.00041747199391356396
2024-02-12,-0.005267350500487741,0.000559042772585633
2024-02-13,0.00809856231756826,0.0006635823460889246
2024-02-14,0.0004987945901068877,-0.000684849319487486
2024-02-15,-0.0037470379825211317,0.001471162560496436
2024-02-16,-0.003426234914848637,0.0019957423905775725
2024-02-20,0.0003347840674054532,0.0011458113700458313
2024-02-21,0.019063983904231266,0.0010178256522566762
2024-02-22,0.002541922569133941,-0.0027149218751745395
2024-02-23,-0.004020848152966777,0.000388346391983959
2024-02-26,0.004020848152966842,0.0009690526723886791
2024-02-27,0.0013912191777033964,2.3973546702501353e-05
2024-02-28,0.004813388856846133,0.0007434274200602435
2024-02-29,0.007459695664238959,-0.0003855005140400849
2024-03-01,0.0004038282976980914,-0.0006734117836500287
2024-03-04,-0.009329561038325513,0.0007640724007151395
2024-03-05,-8.150955704064867e-05,0.0014780555416114573
2024-03-06,0.005608630837322518,0.0003882773006696395
2024-03-07,-0.0034915386045098543,0.00012587353644167296
2024-03-08,-0.0019540797619976343,0.0009172926942048741
2024-03-11,0.01150648786331363,0.0007860224315150631
2024-03-12,-0.0033895601817372344,-0.0012750451263134877
2024-03-13,0.002422286206594717,0.0012546877862014381
2024-03-14,-0.005904494041608874,0.0002831538085525052
2024-03-15,0.005985135951253072,0.0010788590499639355
2024-03-18,0.0069109886123726524,-0.0007571194274662597
2024-03-19,0.0033578541304076334,-0.00024970232851015634
2024-03-20,0.006364887427673569,0.0004494850502847076
2024-03-21,0.0022973036601740614,-0.00013084249930703717
2024-03-22,-0.00539512574910735,0.0010793225424683595
2024-03-25,-0.0024692353937552478,0.0017906787222984792
2024-03-26,0.00723114915399891,0.0013263871814041769
2024-03-27,-0.0013469082573436136,-0.0001601547051092372
2024-03-28,0.0006340651714374675,0.0011090811547503805
2024-04-01,-0.007076720186548187,0.0010624105257832457
2024-04-02,-0.0017570486111255202,0.0016731203324070435
2024-04-03,-0.011254138074423208,0.0005733331516938111
2024-04-04,0.013888554638141112,0.0010716812474574787
2024-04-05,-0.0004784689086496368,-0.0028694135504235265
2024-04-08,0.00047846890864957026,-0.0002824021125562684
2024-04-09,-0.0023946371596198462,-0.00013951384157534746
2024-04-10,0.008356262065699846,-3.893165804083555e-05
2024-04-11,-0.006918791765469839,-0.001485276971880055
2024-04-12,-0.012123306926697967,0.00047272848324714245
2024-04-15,0.001614205354541201,0.00023830794890802984
2024-04-16,-0.010539213888171124,-0.0016152617638242879
2024-04-17,-0.002366285629444727,0.000348007833235121
2024-04-18,-0.010181547843989868,-0.000771871824914366
2024-04-19,0.006416606418498172,0.0007049298214422236
2024-04-22,0.007841255564960004,-0.0018936638844621215
2024-04-23,0.003086923653571969,-0.0017245959973129108
2024-04-24,-0.006999865794637333,-0.0005741852544083669
2024-04-25,0.010077289668141644,0.0009118981762125058
2024-04-26,0.0026648378510711924,-0.0017038059280482577
2024-04-29,-0.00760952429269261,-3.6149327960381585e-05
2024-04-30,-0.004152931338222677,0.0013494467187636621
2024-05-01,0.0024449889930664398,0.000740865297967482
2024-05-02,0.013261292426506482,-4.0624259914561075e-05
2024-05-03,0.009195283276751348,-0.0013646308406553929
2024-05-06,0.0060308070423112144,-3.57777287715318e-05
2024-05-07,0.00023731361104933394,0.0009427779573393437
2024-05-08,0.0012647223249305731,0.0021017332542918083
2024-05-09,0.0015786568911196903,0.002106120495660546
2024-05-10,-0.0005522464737409999,0.0019639537508633963
2024-05-13,0.0032302568959152386,0.001867614073983228
2024-05-14,0.009161086659559666,0.0018255276288257575
2024-05-15,-0.0014820017532483363,0.0007179293751653713
2024-05-16,0.0007022746182271408,0.0028945644774640905
2024-05-17,0.006530889330383789,0.002868309125343349
2024-05-21,-0.00031002945528119574,0.001998573068518274
2024-05-22,-0.0038056820426223795,0.0031230174352976227
2024-05-23,0.0020987997909877863,0.00259205352469997
2024-05-24,0.001086534837199446,0.001713061809326765
2024-05-27,-0.002096518219483779,0.002127437679576744
2024-05-28,-0.002490467471383496,0.002269440303726965
2024-05-29,-0.008451415825737676,0.002224912594447778
2024-05-30,0.004547600749298248,0.0023437722614759464
2024-05-31,0.0017195564656039555,-0.0001883832079880302
2024-06-03,0.004208235636813185,0.0004868416446025661
2024-06-04,0.012749853971882538,0.00045817814208330037
2024-06-05,-0.0016906174779074388,-0.0012738579568090098
2024-06-06,0.005675297079687117,0.0016500555994515384
2024-06-07,0.002901872979463387,0.00010920590960605164
2024-06-10,0.0019045448182573616,0.0006817482792974746
2024-06-11,0.006902071467179521,0.0012744043115323089
2024-06-12,0.0033955890011381075,0.0002555226588861866
2024-06-13,-0.000678196024638276,0.0017669650125999178
2024-06-14,0.006985943904310797,0.0019902757466872686
2024-06-17,0.001869648676847812,0.001091909094885745
2024-06-18,0.0018661596129822121,0.0021176152105124055
2024-06-19,-0.0069598035847266,0.0023623113654907715
2024-06-20,-0.00037555864789620783,0.002709724481392711
2024-06-21,-0.005877051273969751,0.0018224425913380216
2024-06-24,0.004147662520081159,0.0018513449369425249
2024-06-25,0.004879706390833215,0.0005121169947088048
2024-06-26,-0.0008241244145034432,0.0004858346717923652
2024-06-27,-0.007221334224535784,0.0015290593945061406
2024-06-28,0.008045458639039311,0.0013071612087814616
2024-07-02,0.002991103703158054,-0.0007743557278419361
2024-07-03,-0.0022424886060612953,0.0003120353782840108
2024-07-04,0.006563758927520622,0.0008200533033345655
2024-07-05,0.002227833982482663,-0.0004617516431097533
2024-07-08,-0.00014836795279453313,0.0005331721619945797
2024-07-09,0.00952493633742821,0.001341421314838161
2024-07-10,-0.007597867848981781,-0.0002700346190751881
2024-07-11,0.004432958866316135,0.0018906489312909155
2024-07-12,0.006539572885193392,-9.181667244422302e-05
2024-07-15,0.005841991202396152,0.00017781943871366128
2024-07-16,-0.011570982266559579,0.0006121439189993386
2024-07-17,-0.006132495483274787,0.0020525957806098584
2024-07-18,-0.0057230079277425724,0.0007407653703749245
2024-07-19,0.012444605048083746,0.0002435478885528911
2024-07-22,-0.0005154449508473244,-0.002741197381427148
2024-07-23,-0.02068834018711801,-0.0002827159922632673
2024-07-24,-0.004219733486198853,0.0021003212307173958
2024-07-25,0.01156169035002133,-0.0007300905904414641
2024-07-26,0.002460209240297522,-0.003078259348324143
2024-07-29,-0.005225842426646659,-0.001363587201470156
2024-07-30,0.01264427407419709,-0.0005778785504441983
2024-07-31,-0.009804000096620967,-0.0030758448483186557
2024-08-01,-0.01891184637160856,0.0005899202034274005
2024-08-02,-0.02596747980582435,0.0012396655731535156
2024-08-06,-0.009569451016150672,0.0026230303811565583
2024-08-07,0.021905229461112223,-4.2151798831759784e-05
2024-08-08,0.00407834046106595,-0.0054799560618260905
2024-08-09,0.000997812570794798,-0.0016571831198872746
2024-08-12,0.01454654186700545,-0.0006325615494049598
2024-08-13,0.003773304605257527,-0.0028709811947591605
2024-08-14,0.01784228587068284,-0.0007077280121219085
2024-08-15,-0.0017032625290073005,-0.004046841120895764
2024-08-16,0.006059281082162979,-0.0005468311449344298
2024-08-19,-0.0025079307974377094,-0.0012174495363287971
2024-08-20,0.002065811565418423,0.0018840302154898869
2024-08-21,-0.007249088627274774,0.0020995338130555766
2024-08-22,0.003335189306138474,0.0035164947328291517
2024-08-23,-0.004449395549541736,0.0018808677563579754
2024-08-26,-0.0015619773341963702,0.0031376292416345933
2024-08-27,-0.003131293097553397,0.002814371901823744
2024-08-28,0.0002986411848387711,0.002922149396946184
2024-08-29,0.009139948450310088,0.0027261205052138177
2024-08-30,-0.015956198952615654,0.0008740555524056232
2024-09-03,-0.003915962531110933,0.004034271697695911
2024-09-04,-0.0040071123062165315,0.0011701196235620309
2024-09-05,-0.012425360911683435,0.0010907288728671779
2024-09-06,0.010984930049686828,0.0017901431886792499
2024-09-09,0.007558043687784975,-0.0022860356258689843
2024-09-10,0.008024340930966562,-0.0009693464594791411
2024-09-11,0.008330902095303627,-0.0011449775141699594
2024-09-12,0.006423767797802775,-0.0007794985782285879
2024-09-13,0.0012504139027624398,-0.0005603741374648063
2024-09-16,0.0012488523202556152,0.0002595894989165414
2024-09-17,-0.001395878711757622,0.0008541421823112315
2024-09-18,0.012202847708788319,0.000893216135345679
2024-09-19,-0.0013808643496550008,-0.0010393760755323875
2024-09-20,-0.0012371285644354225,0.0027112464973069387
2024-09-23,-0.0024058627140656655,0.0027966032887325916
2024-09-24,0.0016774244534167968,0.0029168706401224327
2024-09-25,0.0032738016217422677,0.002423325278758788
2024-09-26,-0.0017446936673387538,0.001922273219796026
2024-09-27,0.004428480140218308,0.0026068844589788357
2024-09-30,-0.011218066361277243,0.0012583879364040339
2024-10-01,0.000659075121803306,0.002369566924385817
2024-10-02,0.0028509833266085385,0.0008842605234640924
2024-10-03,0.010167855774540479,0.0005415553484587817
2024-10-04,-0.005724860738595544,-0.0011491362120649748
2024-10-07,0.011560822401076006,0.0014915207668211837
2024-10-08,0.011641741309639806,-0.0010190826406136296
2024-10-09,0.00021300010730538908,-0.0009469656502747644
2024-10-10,0.007637943779572466,0.001067528501013651
2024-10-11,0.0017597583114463268,-0.00016366825242576535
2024-10-15,0.0019672598208570293,0.0008185731633553014
2024-10-16,0.003783106655703678,0.0015802696140368093
2024-10-17,0.004117098729279887,0.0013497175713755084
2024-10-18,0.0006961364708554241,0.0015105861571291473
2024-10-21,-0.0016018389746805539,0.00196692593024213
2024-10-22,-0.008118177414730036,0.002789003000948922
2024-10-23,0.0032972073787458675,0.0028277359863842057
2024-10-24,0.0028674356116004697,0.0011394932304615826
2024-10-25,0.002301978624571133,0.0011271202577150812
2024-10-28,0.0037554811507308906,0.0014212082158399897
2024-10-29,-0.004801178203040253,0.0012678269369500472
2024-10-30,-0.017307312551163148,0.0020414244441807777
2024-10-31,0.006860241198407608,0.0018875116048186979
2024-11-01,-0.006576412345299594,-0.0019507836524618898
2024-11-04,0.007210550115361064,1.7739694425693612e-05
2024-11-05,0.03243302774797758,-0.002560838281876127
2024-11-06,0.0020435974414661057,-0.007490980549544932
2024-11-07,0.007592742055701285,-0.0011643495213700442
2024-11-08,0.001956617700762645,-0.0018125590311878913
2024-11-11,-0.002091698073789818,-0.0007360594143622489
2024-11-12,0.004851434621551825,-1.9437816121990162e-05
2024-11-13,-0.0021532879593835646,-0.001598572712262512
2024-11-14,-0.010496118029937104,0.0005346516891428244
2024-11-15,-0.0015669179211678763,0.0008726931506698931
2024-11-18,-6.818259301036952e-05,7.3896005922266745e-06
2024-11-19,0.0012265759629800515,0.00019213408205807946
2024-11-20,0.004959080846724458,0.001315882300101815
2024-11-21,0.004057623745284968,0.0005997702547353446
2024-11-22,0.0034360822084084494,0.0010344704041231729
2024-11-25,0.011701514280681074,0.0009459078098490199
2024-11-26,-0.006736727162077382,-0.0005095378583608534
2024-11-27,0.002406418273565901,0.00173891045590299
2024-11-28,0.003864867874756357,0.00048365455193309854
2024-11-29,0.0034524001891700776,0.0007445043371451324
2024-12-02,0.001986360978883336,0.0009663710931263608
2024-12-03,0.005606689928713828,0.0016944036479461066
2024-12-04,-0.00395439782418039,0.0006536707934504527
2024-12-05,0.010837188588937407,0.0018852498659199216
2024-12-06,-0.004058393997373836,-0.000561934998898403
2024-12-09,-0.0029559584041997464,0.0015066457299083517
2024-12-10,0.007210309161075747,0.0011911337496686171
2024-12-11,-0.0005226367140589583,-0.00037639219851921086
2024-12-12,0.0007185550820324947,0.00119715182259876
2024-12-13,0.004820542199117146,0.0007526839771762054
2024-12-16,0.00019493810776832944,8.585626230722969e-05
2024-12-17,-0.019750650218059343,0.001198982891673792
2024-12-18,-0.005382251605579883,0.001719536575355798
2024-12-19,0.010471993895082066,-0.0008383024581703013
2024-12-20,0.006047477840338715,-0.0034927645798990483
2024-12-23,0.010820076881852964,-0.0020038635012373305
2024-12-24,-0.007809997394075592,-0.0025040008644954008
2024-12-27,-0.01779875595688359,0.0005994929391791045
2024-12-30,-0.0023972842272698856,0.0014736707128900988
2024-12-31,-0.0008003735503633817,-0.0016426115678739774
2025-01-02,0.015755654933101576,-0.0026887228975609784
2025-01-03,-0.003157689618051953,-0.005204585495178244
2025-01-06,-0.00873541389590033,-0.0008098309595560433
2025-01-07,0.0031190920200555193,0.0006236626451244955
2025-01-08,-0.001060726697174984,-0.001328368445994222
2025-01-09,-0.011407348274854123,-0.0003585208739906371
2025-01-10,-0.0002012949984990627,0.0005173874949020296
2025-01-13,-0.0014774027265899048,-0.0014010235681937364
2025-01-14,0.015868057465039043,-0.00022834318015310282
2025-01-15,0.002642358519852372,-0.0027718033446088885
2025-01-16,0.015189502460950445,0.00010068427189922175
2025-01-17,0.0,-0.001814480827704845
2025-01-20,-0.0007150053930014685,0.0009243258083124717
2025-01-21,0.009770694702809285,0.0015277018655833396
2025-01-22,0.004176712899170733,-0.00040966020565544076
2025-01-23,-0.004627555015460285,0.0007606282589990879
2025-01-24,-0.012445872715989095,0.0025158400385618456
2025-01-27,0.010575929881393605,0.002738506295188145
2025-01-28,-0.0028438488659562468,-0.0006581518605676845
2025-01-29,0.009405467776596555,0.0017261826722294138
2025-01-30,-0.0011548086225941156,-0.0003403568115083528
2025-01-31,-0.005406810288046056,0.0012448811593304548
2025-02-03,-0.010119442867043265,0.0013868698559541337
2025-02-04,0.0037743260788323054,0.0019387082625755706
2025-02-05,0.0024651326139116985,-0.00028061672438139875
2025-02-06,-0.010420831569218914,-0.00029994594987535006
2025-02-07,0.008215472953391093,0.0012655095181756228
2025-02-10,-0.000519615496232866,-0.0012017622683421964
2025-02-11,-0.0034492891573787592,0.0007948876654558904
2025-02-12,0.0035792183461539765,0.0010082644057571723
2025-02-13,-0.0005848143381205533,-0.0001339007050140215
2025-02-14,0.0032446491801174497,0.000501717562467017
2025-02-18,0.005556287714924959,-0.0002163844130358589
2025-02-19,-0.007631650026726975,0.0001684321431230999
2025-02-20,-0.01359586927356424,0.001903252173279529
2025-02-21,-0.0029658944133781765,0.0018978572876519203
2025-02-24,-0.0010566636830482727,0.0002297630654142039
2025-02-25,0.0024418424936257796,-0.0001602791726417887
2025-02-26,-0.009137926120258377,-0.0008199216752934276
2025-02-27,0.017605043752692316,0.0011171592679799576
2025-02-28,-0.015146815759985745,-0.003367347363120925
2025-03-03,-0.014032973348790917,0.0021762953425436657
2025-03-04,0.0013449901153328341,0.0011344373570320956
2025-03-05,-0.020298718070797604,-0.0018555219441139885
2025-03-06,0.010642026896977604,0.002064564675971829
2025-03-07,-0.022855392444497132,-0.003606185776014245
2025-03-10,-0.00955676765395141,0.002922207464625019
2025-03-11,0.0028696432640941106,0.0007144380433172507
2025-03-12,-0.009832920916238946,-0.0014814802616644174
2025-03-13,0.016103407566578673,0.0015199815960678345
2025-03-14,0.0009718848387357385,-0.003407276558926024
2025-03-17,-0.009481387257932985,-5.872681685647476e-05
2025-03-18,0.012598920698391589,0.002321542419779447
2025-03-19,-0.003672780539676626,-0.0018904956658345987
2025-03-20,0.003949424846026379,0.001948840640619356
2025-03-21,0.014689995081504975,0.0002715353859985961
2025-03-24,-0.0005452934495419914,-0.0005547376882062818
2025-03-25,-0.011451422838089344,0.0031082735001912412
2025-03-26,-0.0038695460113173795,0.004647855454137076
2025-03-27,-0.02035248766350939,0.0038665272442946707
2025-03-28,0.010542689721061269,0.0057726341117244374
2025-03-31,-0.0012592697900266738,-6.401422498332444e-05
2025-04-01,0.007462460965495456,0.002565323334876342
2025-04-02,-0.06687588098627575,0.0012633950740611605
2025-04-03,-0.05019520694214436,0.012691663175294344
2025-04-04,-0.0006250976918658354,0.01100040537684752
2025-04-07,-0.016073462971690013,0.0011700154143385083
2025-04-08,0.08076341081780275,0.004587476291314237
2025-04-09,-0.04204688780071491,-0.017587947039408924
2025-04-10,0.008294382292991433,0.0072808474324474355
2025-04-11,0.007474271328647902,-0.0013911849836130866
2025-04-14,0.005400958294352926,-0.0019636324937663415
2025-04-15,-0.030149984660983516,-0.0021239622836563845
2025-04-16,-0.000154213894977378,0.002815863486794572
2025-04-17,-0.024037367717344965,-0.00014323449506491485
2025-04-21,0.02365172890187573,0.0067480012996161964
2025-04-22,0.021822932268080474,-0.002013120086312462
2025-04-23,0.017210840870146273,-0.0010457645154521816
2025-04-24,0.008054131542204928,0.0021572918798823406
2025-04-25,-0.003095749505625491,0.005575242124847044
2025-04-28,0.006915351622604151,0.007786791919744048
2025-04-29,-0.001981433884980087,0.005043421049861861
2025-04-30,0.010013605582244288,0.005728153600301097
2025-05-01,0.013005963679134204,0.004446628900586428
2025-05-02,-0.006481837602190918,0.0031620337016478512
2025-05-05,-0.01067819683942693,0.008299624675408866
2025-05-06,0.00930442127179303,0.009142692415593682
2025-05-07,0.011724644291289906,0.005630274189401603
2025-05-08,0.0003574875811137859,0.003142383639442771
2025-05-09,0.036428914926362646,0.004127340804171139
2025-05-12,0.00289077219684545,-0.004183690387401977
2025-05-13,0.004183676072445936,0.0024151467481734767
2025-05-14,0.0025291376822619465,0.002147061976392252
2025-05-15,0.009309345932231082,0.0017660074376209156
2025-05-16,-0.00719525232934441,0.00018595058363408132
2025-05-20,-0.020092879920200125,0.00204554149717416
2025-05-21,-0.0005562122092922112,0.003952301828420512
2025-05-22,-0.016690429519964405,0.00041970137379800196
2025-05-23,0.01522889882865202,0.0025730644454126485
2025-05-26,0.011770543704646226,-0.002961712166375504
2025-05-27,-0.0036547983998784944,-0.0016964818427870182
2025-05-28,0.0015876854196270652,0.00116624356720256
2025-05-29,-0.007129784814546889,-0.00018612305976755414
2025-05-30,0.0038134904943021345,0.0011549898052092195
2025-06-02,0.007171455366453474,-0.001572750105141333
2025-06-03,-0.002752169068949559,-0.00261608594832595
2025-06-04,-0.007399501276609228,7.820595816856242e-05
2025-06-05,0.013444306054558154,0.0006957242355286776
2025-06-06,-0.00013697691960333545,-0.002055798090197497
2025-06-09,0.0050556915775118606,0.0009784676940080856
2025-06-10,-0.0028663092032380874,-0.0005429407944914987
2025-06-11,-0.0013678021555283792,0.0008041646614208698
2025-06-12,-0.01281097485155529,0.0007939467966403207
2025-06-13,0.009245908687059108,0.0017941463810057785
2025-06-16,-0.0031643419125948077,-0.0019996938540683355
2025-06-17,0.00350768955545295,0.00015224810367099942
2025-06-18,-0.0037144079024420376,-0.0011387048844906772
2025-06-19,0.004332136739134517,0.0005760740130216804
2025-06-20,0.009288415365255594,-0.0007226498130980238
2025-06-23,0.010683717821659559,-0.0021455807672035444
2025-06-24,-0.00020179598494475914,-0.002071013276089414
2025-06-25,0.0018146995604092346,0.00016255561629472998
2025-06-26,0.009224047754412911,-4.589888080362063e-05
2025-06-27,-0.0028650451020241483,-0.0007123895240518657
2025-06-30,0.0008670424393509961,0.0012391299000739774
2025-07-02,0.007637427129211352,0.0011548299957817231
2025-07-03,-0.002517224434639897,1.6775586572433435e-05
2025-07-04,0.001391880920651509,0.002220604618684089
2025-07-07,0.0005959278441547228,0.001282303339773173
2025-07-08,0.005939827389880266,0.0017994253526006513
2025-07-09,0.00144660730119461,0.0009292581931275061
2025-07-10,-0.0018415000271370173,0.00184296868990017
2025-07-11,0.002760979929038427,0.0021627170479186324
2025-07-14,-0.002431891829184924,0.001265819147311153
2025-07-15,0.00026319252685147855,0.0020375517278119195
2025-07-16,0.010015466824531269,0.001147316292243236
2025-07-17,-0.0014992017930392,-8.714460122876083e-05
2025-07-18,-0.0015667844959935027,0.001827115798845431
2025-07-21,-0.005371778393880882,0.0017609948328241197
2025-07-22,0.007395079674794422,0.0016542006792546883
2025-07-23,0.004229161448415626,-0.00037305119038298174
2025-07-24,0.00872690499280569,0.00017530462201847117
2025-07-25,0.0019932493337850663,-0.0004301800957068246
2025-07-28,0.00038533171114517117,0.0010127144862565845
2025-07-29,0.003013305694077277,0.0015500964543650277
2025-07-30,-0.0019223381544572686,0.0010168885649179545
2025-07-31,-0.02060726110610592,0.0012880320305861848
2025-08-01,0.007826297039628798,0.0016823748527987135
2025-08-05,0.004925160626590312,-0.0025925605353183593
2025-08-06,-0.0004526203562447801,-0.0014243208748788267
2025-08-07,0.008436694704465356,-0.00037565489782164375
2025-08-08,0.0,-0.001539513129352511
2025-08-11,0.010716438590655585,0.0003599808600804787
2025-08-12,0.002028269694513507,-0.0015425008177857706
2025-08-13,0.004107300962289691,6.85334857606065e-05
2025-08-14,-0.0026520189818914266,-0.00025826413234466725
2025-08-15,-0.0005692059730573954,0.0004150553334606068
2025-08-18,-0.0013927578853034689,0.00178436432487784
2025-08-19,-0.0020927806731304973,0.001857779592012547
2025-08-20,-0.0015247779320136923,0.0017056598728620383
2025-08-21,0.009302981373944594,0.0015023263743356064
2025-08-22,-0.0015760444554657658,3.1398557490657777e-06
2025-08-25,0.002268717887650708,0.002085954720622666
2025-08-26,-0.0010076836726227371,0.0016845352246257989
2025-08-27,0.0008188203147003352,0.002107227263605131
2025-08-28,-0.008662990090742595,0.0018315113855231569
2025-08-29,-0.0023525682444727695,0.001935391286002563
2025-09-02,0.005839432651559166,-0.00033008356514598394
2025-09-03,0.010450863188202288,-0.0010117880839397332
2025-09-04,-0.001002569167253193,-0.0012493736977608762
2025-09-05,-0.0006898498282420282,0.0005572688657280097
2025-09-08,0.006191582993171808,0.00138885903217968
2025-09-09,0.0035475375620879867,0.00035055031533585913
2025-09-10,0.006008256174005096,0.00071876399582787
2025-09-11,0.0005556413169657752,0.0005600701448061251
