date,y,yhat_cv
2012-12-27,0.0,
2012-12-28,0.012033839563723463,
2012-12-31,0.011890746521521773,
2013-01-02,0.0055009961903476476,
2013-01-03,0.002348337674107429,
2013-01-04,-0.0015649455463033672,
2013-01-07,-0.0035301076078614524,
2013-01-08,0.004312886512802297,
2013-01-09,0.0046838493124264375,
2013-01-10,0.0007785130794136617,
2013-01-11,-0.0023373598487048154,
2013-01-14,0.002337359848704772,
2013-01-15,0.0019436352085710307,
2013-01-16,0.006194367464273511,
2013-01-17,0.008837713622057338,
2013-01-18,0.0087602921691195,
2013-01-21,-0.005323206486413047,
2013-01-22,0.009863509405195993,
2013-01-23,0.0041439125036751645,
2013-01-24,0.008236662065879068,
2013-01-25,-0.00037292560566458074,
2013-01-28,0.00037292560566465094,
2013-01-29,-0.004858914437099695,
2013-01-30,-0.005259215728484909,
2013-01-31,0.008998935868569535,
2013-02-01,-0.010883950564340831,
2013-02-04,0.008641797158651128,
2013-02-05,-0.000748503028958129,
2013-02-06,0.0007485030289581124,
2013-02-07,0.010050335853501506,
2013-02-08,0.0018501392881613734,
2013-02-11,0.0,
2013-02-12,-0.0011096727604377884,
2013-02-13,0.0022181155120213586,
2013-02-14,0.0033179753941821937,
2013-02-15,0.010981076668925926,
2013-02-19,-0.004743668811378983,
2013-02-20,-0.005133857993851933,
2013-02-21,0.010605328875202782,
2013-02-22,-0.011340893454156686,
2013-02-25,0.004405293467916418,
2013-02-26,0.009841522844791289,
2013-02-27,0.010463743315954175,
2013-02-28,-0.004316553464974098,
2013-03-01,0.004675426607171503,
2013-03-04,0.00964121019238621,
2013-03-05,0.004962789342129097,
2013-03-06,0.0,
2013-03-07,0.004938281640582577,
2013-03-08,-0.0007039775017943805,
2013-03-11,-0.0021149109046259755,
2013-03-12,0.0031706914003740093,
2013-03-13,0.00035167927213170853,
2013-03-14,-0.004581505811231969,
2013-03-15,-0.0031841526991402305,
2013-03-18,0.0014164308317135062,
2013-03-19,0.008105771253435505,
2013-03-20,-0.010585843383795672,
2013-03-21,0.000709219887883662,
2013-03-22,-0.0035511400954644098,
2013-03-25,0.002487121552093554,
2013-03-26,-0.0007099751806925384,
2013-03-27,0.0028368813351995355,
2013-03-28,-0.00425834568257708,
2013-04-01,0.003549879482203777,
2013-04-02,-0.00889843921079958,
2013-04-03,0.0003574620234667225,
2013-04-04,0.0007145409378688503,
2013-04-05,0.006053071713077463,
2013-04-08,0.004250803425194568,
2013-04-09,0.009498752157907905,
2013-04-10,-0.00035020136936430137,
2013-04-11,-0.0010513405559240232,
2013-04-12,-0.009512137953645259,
2013-04-15,0.008810629682154906,
2013-04-16,-0.00881062968215492,
2013-04-17,-0.006392067218658765,
2013-04-18,0.008513708750017116,
2013-04-19,0.005284493537898204,
2013-04-22,0.009094151518317058,
2013-04-23,0.001739433383433195,
2013-04-24,-0.002784547570183008,
2013-04-25,-0.004891693891254252,
2013-04-26,0.0017497817237877723,
2013-04-29,-0.002450552600398288,
2013-04-30,-0.008094360576216712,
2013-05-01,0.01054491317661504,
2013-05-02,0.011126679464757053,
2013-05-03,0.0,
2013-05-06,0.0017274144906950872,
2013-05-07,0.0034459027895256066,
2013-05-08,0.0,
2013-05-09,0.00924505814405099,
2013-05-10,-0.0003408897254760005,
2013-05-13,0.015561883735831256,
2013-05-14,0.006024114603380876,
2013-05-15,-0.0030075210639553284,
2013-05-16,0.019553232733001143,
2013-05-17,0.00032813782082783327,
2013-05-21,0.0009837679101327482,
2013-05-22,-0.010212574347754378,
2013-05-23,0.0009928844105426577,
2013-05-24,0.002642882278345016,
2013-05-27,0.009522317888623438,
2013-05-28,-0.008203491452827791,
2013-05-29,0.0006587615521501637,
2013-05-30,-0.007270355884462989,
2013-05-31,-0.007323601308586873,
2013-06-03,0.003668505031326488,
2013-06-04,-0.012730490186147947,
2013-06-05,-0.0037155928576787793,
2013-06-06,0.008424649659251623,
2013-06-07,-0.0013431835464676259,
2013-06-10,-0.009113987137706317,
2013-06-11,-0.005099450112349137,
2013-06-12,0.008822588615179077,
2013-06-13,-0.0027063615977430252,
2013-06-14,0.005405418566907982,
2013-06-17,0.010723963362975642,
2013-06-18,-0.006018072325563021,
2013-06-19,-0.018616208632797906,
2013-06-20,0.014247188071873985,
2013-06-21,-0.01390559968255766,
2013-06-24,0.011545119746541845,
2013-06-25,0.0070647896870043745,
2013-06-26,0.00434856012236159,
2013-06-27,0.0003337226795530057,
2013-06-28,0.004328290426258216,
2013-07-02,0.0016597514183642492,
2013-07-03,0.014488234989617618,
2013-07-04,-0.0019633514160256205,
2013-07-05,0.006204101532684871,
2013-07-08,0.004546938655543437,
2013-07-09,-0.002595718524281513,
2013-07-10,0.0035673785197571986,
2013-07-11,0.0009707167887309609,
2013-07-12,0.0064474755909697265,
2013-07-15,-0.009038150615062147,
2013-07-16,0.00614192976516007,
2013-07-17,0.0028962208499019562,
2013-07-18,-0.0009644752395284331,
2013-07-19,0.0016069423351899549,
2013-07-22,-0.00644332126093223,
2013-07-23,-0.0029130947935232317,
2013-07-24,-0.0022716219406637016,
2013-07-25,0.0009741841978434143,
2013-07-26,-0.00357665801542504,
2013-07-29,0.004874095758245353,
2013-07-30,-0.0029216057139535615,
2013-07-31,0.019318050844763877,
2013-08-01,0.0022296553272690683,
2013-08-02,-0.005743474627065751,
2013-08-06,0.002237494940191867,
2013-08-07,-0.0051216501200548065,
2013-08-08,-0.007408634305569237,
2013-08-09,-0.0009704027932785164,
2013-08-12,0.008379037098847748,
2013-08-13,-0.006439172281021089,
2013-08-14,-0.016610054565620366,
2013-08-15,0.0006565988417116893,
2013-08-16,-0.004935032223446757,
2013-08-19,0.007557124843433376,
2013-08-20,0.005874690524788932,
2013-08-21,0.01003731917262475,
2013-08-22,0.00032211306446988024,
2013-08-23,-0.0016116038943415328,
2013-08-26,-0.020202707317519466,
2013-08-27,0.005580188449977563,
2013-08-28,0.008150004361924408,
2013-08-29,-0.007495554076785691,
2013-08-30,0.005870858349783827,
2013-09-03,0.004218730904048475,
2013-09-04,0.0019411199883446481,
2013-09-05,-0.004859883208511152,
2013-09-06,0.0019467884149879458,
2013-09-09,0.00485045413374948,
2013-09-10,-0.00032263268548941566,
2013-09-11,-0.0012915726690517688,
2013-09-12,0.0045132249400573355,
2013-09-13,0.0035318707447741533,
2013-09-16,0.0016012813669738276,
2013-09-17,0.00415137112247597,
2013-09-18,0.003499287808046714,
2013-09-19,-0.003818012910346423,
2013-09-20,-0.010253213823099011,
2013-09-23,-0.00096665063109499,
2013-09-24,-0.0019361090268663291,
2013-09-25,0.00032294526358498613,
2013-09-26,-0.003558147050096648,
2013-09-27,-0.005523978303369901,
2013-09-30,0.008112976513275324,
2013-10-01,0.0006462035766063014,
2013-10-02,-0.006155859387575955,
2013-10-03,0.0019480525641084742,
2013-10-04,-0.0048772653990035,
2013-10-07,-0.0065402456806098784,
2013-10-08,0.0019665689720408473,
2013-10-09,0.02041879398875942,
2013-10-10,0.002563282403164632,
2013-10-11,0.0012791814983802124,
2013-10-15,0.006371477432142384,
2013-10-16,0.004436002204624108,
2013-10-17,0.006617323658624877,
2013-10-18,-0.000314119682180801,
2013-10-21,0.006575880906156959,
2013-10-22,0.0043600193640788,
2013-10-23,0.007738778754989406,
2013-10-24,0.004614682854672462,
2013-10-25,0.0018399269220072951,
2013-10-28,0.00641321483471318,
2013-10-29,-0.0021331716149358584,
2013-10-30,-0.0064269540275415,
2013-10-31,-0.0006142506335639772,
2013-11-01,0.003373718887740871,
2013-11-04,0.004277427847778979,
2013-11-05,-0.0021364268770089636,
2013-11-06,-0.008591645362989932,
2013-11-07,0.01377221462122709,
2013-11-08,0.0015186031771900596,
2013-11-11,-0.001214697993267833,
2013-11-12,0.0030339829098530524,
2013-11-13,0.009347271433540444,
2013-11-14,0.0014994754646405668,
2013-11-15,-0.0054086670313994055,
2013-11-18,0.002106848032898461,
2013-11-19,-0.005426603609291045,
2013-11-20,0.015597196813667988,
2013-11-21,0.004454350349380153,
2013-11-22,0.001480385170434203,
2013-11-25,-0.0005918911093189524,
2013-11-26,0.007961121215867199,
2013-11-27,0.0026396847707732454,
2013-11-28,-0.0011723330768234393,
2013-11-29,-0.00029329813965933346,
2013-12-02,-0.0035263039773192942,
2013-12-03,0.004112814258061778,
2013-12-04,-0.008538252960120094,
2013-12-05,0.011173300598125255,
2013-12-06,0.00029235492095380593,
2013-12-09,-0.004981695284339976,
2013-12-10,-0.013010236736014775,
2013-12-11,0.002081166203824671,
2013-12-12,-0.0056589875517086986,
2013-12-13,0.005658987551708664,
2013-12-16,-0.0005941770822464334,
2013-12-17,0.023786175009046884,
2013-12-18,-0.0029061339837290028,
2013-12-19,0.004066226921259575,
2013-12-20,0.0,
2013-12-23,0.003761034377016617,
2013-12-24,0.009484192373004158,
2013-12-27,-0.006600684031352136,
2013-12-30,0.0014386421701544536,
2013-12-31,-0.0034562246386771007,
2014-01-02,-0.0031787340737811426,
2014-01-03,-0.0011584131037668498,
2014-01-06,0.018090945649039264,
2014-01-07,0.001990050408010009,
2014-01-08,0.005099161190410934,
2014-01-09,0.005354387880317058,
2014-01-10,-0.016721375858092358,
2014-01-13,0.019528001332211938,
2014-01-14,0.005589729478786812,
2014-01-15,-0.004749275584238382,
2014-01-16,0.0022377631715772956,
2014-01-17,-0.0013980150466523526,
2014-01-20,0.0039095274593133125,
2014-01-21,0.01108658805634055,
2014-01-22,-0.007747686790825938,
2014-01-23,-0.022472855852058514,
2014-01-24,0.0005680204640086013,
2014-01-27,0.007636863590345191,
2014-01-28,-0.008773227348993018,
2014-01-29,0.011867898548572751,
2014-01-30,-0.011015504691023673,
2014-01-31,-0.026476366692132165,
2014-02-03,0.004655230984838794,
2014-02-04,0.0005803830691063254,
2014-02-05,0.010389703849135868,
2014-02-06,0.011702716690069098,
2014-02-07,0.0022675746677805605,
2014-02-10,0.00789626212222554,
2014-02-11,-0.001968227825049056,
2014-02-12,0.004212897678872941,
2014-02-13,0.005589729478786812,
2014-02-14,-0.001394505873733017,
2014-02-18,0.00501114634392145,
2014-02-19,0.00939752631874457,
2014-02-20,0.002198407040943947,
2014-02-21,-0.0005491488331304612,
2014-02-24,-0.0013741928780639202,
2014-02-25,0.0032948958968524846,
2014-02-26,0.006829694625445275,
2014-02-27,-0.0029993205852112477,
2014-02-28,-0.008225985513272019,
2014-03-03,0.01881959266497192,
2014-03-04,-0.005690301223179418,
2014-03-05,-0.0016317653879055589,
2014-03-06,0.008132329990998955,
2014-03-07,0.0013489817235209335,
2014-03-10,-0.004323162637027674,
2014-03-11,-0.001354830176078703,
2014-03-12,-0.014750335720367914,
2014-03-13,0.0005502063412529128,
2014-03-14,0.005485477276671278,
2014-03-17,0.015201161332050338,
2014-03-18,0.004032805573167472,
2014-03-19,0.005084983524775254,
2014-03-20,-0.005353331842500152,
2014-03-21,-0.0105221529273893,
2014-03-24,0.000813338800428281,
2014-03-25,-0.012270092591814247,
2014-03-26,-0.008541173290584741,
2014-03-27,0.005793918815445919,
2014-03-28,0.009310034387662123,
2014-03-31,0.005165160321202465,
2014-04-01,0.00297820715596949,
2014-04-02,-0.0016233769798908598,
2014-04-03,-0.016105165896446606,
2014-04-04,-0.01051185336460563,
2014-04-07,-0.0033426214966897263,
2014-04-08,0.007782140442054729,
2014-04-09,-0.01393945068726904,
2014-04-10,-0.006195457721786758,
2014-04-11,0.001129305597151487,
2014-04-14,0.012338911453715318,
2014-04-15,0.013564221808302088,
2014-04-16,0.0024715102516194402,
2014-04-17,0.0027389773354322177,
2014-04-21,0.005999472590225682,
2014-04-22,-0.0008159935173294136,
2014-04-23,0.0002720718286405469,
2014-04-24,-0.006276456680295133,
2014-04-25,-0.0027412297867187474,
2014-04-28,0.0021935846470730624,
2014-04-29,0.003554344138384176,
2014-04-30,0.0,
2014-05-01,0.00027288852673086346,
2014-05-02,0.0,
2014-05-05,-0.014013143168578037,
2014-05-06,0.0030390961366013806,
2014-05-07,-0.0052551635255124836,
2014-05-08,0.006908967651073199,
2014-05-09,0.010956012082498377,
2014-05-12,0.0019050216674321144,
2014-05-13,-0.006273032980387607,
2014-05-14,-0.010451140231780847,
2014-05-15,0.0019334352107719232,
2014-05-16,0.001103144072157168,
2014-05-20,0.010419617164622965,
2014-05-21,0.0005454049767051708,
2014-05-22,0.001906578270581669,
2014-05-23,-0.0010890281501026967,
2014-05-26,0.0059750313557288045,
2014-05-27,0.0002707459066221031,
2014-05-28,0.0013526310732688152,
2014-05-29,0.002430134853291669,
2014-05-30,0.0064516352814888165,
2014-06-02,0.0010712373814988586,
2014-06-03,0.004806417797720814,
2014-06-04,0.005048502817856278,
2014-06-05,0.003967734341658456,
2014-06-06,-0.00026402640417412385,
2014-06-09,-0.00026409613252662435,
2014-06-10,-0.006625173298931727,
2014-06-11,-0.010155084597619539,
2014-06-12,0.003218023694200793,
2014-06-13,0.0010703774101960954,
2014-06-16,0.004536365351039898,
2014-06-17,0.006104863021335344,
2014-06-18,-0.0029150676532353013,
2014-06-19,-0.0026574557228431074,
2014-06-20,-0.0074786673355494585,
2014-06-23,-0.0037604127041321587,
2014-06-24,0.0024190308799309336,
2014-06-25,-0.0034960369075688123,
2014-06-26,-0.0032379952737753384,
2014-06-27,0.0026990569691649835,
2014-06-30,0.006715941965436809,
2014-07-02,0.0010703774101960954,
2014-07-03,0.0034708351490016173,
2014-07-04,-0.0016004271220814827,
2014-07-07,-0.0064274458018377814,
2014-07-08,0.001342462277062489,
2014-07-09,-0.0032249423273990104,
2014-07-10,0.008576841641827926,
2014-07-11,0.003729359676649021,
2014-07-14,0.001859477225917292,
2014-07-15,0.0026504123652011284,
2014-07-16,-0.010644060045946667,
2014-07-17,0.007728219676532959,
2014-07-18,-0.0018599713081008855,
2014-07-21,0.004775811677514683,
2014-07-22,0.00211528370781322,
2014-07-23,0.002374358060462297,
2014-07-24,0.0,
2014-07-25,-0.0002635393347709328,
2014-07-28,0.0052576356654049795,
2014-07-29,0.00026215755819300923,
2014-07-30,-0.020122468741443647,
2014-07-31,-0.0008026756283805144,
2014-08-01,0.000267630136750713,
2014-08-05,-0.003484791088526044,
2014-08-06,-0.007006226449887664,
2014-08-07,0.017424378646367353,
2014-08-08,-0.0007975542094971329,
2014-08-11,-0.0013306721857051726,
2014-08-12,0.005841758514221878,
2014-08-13,0.003172088306143979,
2014-08-14,-0.0010562451470516284,
2014-08-15,0.007370393986014671,
2014-08-18,0.011473398350663994,
2014-08-19,0.0031063964922851553,
2014-08-20,0.003096776668393484,
2014-08-21,-0.0028383453450788274,
2014-08-22,0.008234735159229104,
2014-08-25,-0.0020523352509116306,
2014-08-26,-0.00851068966790862,
2014-08-27,-0.0015552102668065855,
2014-08-28,0.00465839351732231,
2014-08-29,0.005407506417392934,
2014-09-02,-0.0051493419652036704,
2014-09-03,-0.00232588294541892,
2014-09-04,0.004131170347384157,
2014-09-05,0.007700243386607787,
2014-09-08,-0.006412744818128737,
2014-09-09,0.0,
2014-09-10,0.009986000279123337,
2014-09-11,-0.0007646234602172852,
2014-09-12,-0.004600059223308454,
2014-09-15,0.000512163903641298,
2014-09-16,0.005107263399782084,
2014-09-17,-0.0007644286268538146,
2014-09-18,0.0,
2014-09-19,-0.005367425026495927,
2014-09-22,-0.0017955628782079327,
2014-09-23,0.006142839894782792,
2014-09-24,-0.010001365582312396,
2014-09-25,0.012040621960690672,
2014-09-26,-0.0035714323675971335,
2014-09-29,0.003826047263943957,
2014-09-30,-0.016945206485896886,
2014-10-01,-0.0018141769910299489,
2014-10-02,0.020793972174714324,
2014-10-03,-0.014329825554824968,
2014-10-06,-0.011404996613990245,
2014-10-07,0.011662695365577479,
2014-10-08,-0.013228049194214721,
2014-10-09,-0.008390190802460439,
2014-10-10,-0.006869247618883047,
2014-10-14,-0.012001744274089583,
2014-10-15,-0.0005367686655985835,
2014-10-16,0.01465715779997344,
2014-10-17,0.009478743954543739,
2014-10-20,0.01353482400500798,
2014-10-21,-0.0051840447875879546,
2014-10-22,0.009826818151788246,
2014-10-23,0.0074349784875179905,
2014-10-24,-0.0002554604688818787,
2014-10-27,0.004842624475787991,
2014-10-28,0.0025393614458177837,
2014-10-29,0.004049613228503566,
2014-10-30,0.01975805176665207,
2014-10-31,0.007401958295667739,
2014-11-03,0.0012283504799618697,
2014-11-04,0.00465401942310458,
2014-11-05,0.007789718065333437,
2014-11-06,-0.008278596100003172,
2014-11-07,0.006822638550887337,
2014-11-10,-0.0026747736311761973,
2014-11-11,-0.0021937851577135507,
2014-11-12,0.006324516338005563,
2014-11-13,-0.00876771325331015,
2014-11-14,0.0026871886207971217,
2014-11-17,0.006080524632513005,
2014-11-18,0.0031473213245609417,
2014-11-19,-0.0021778593000127047,
2014-11-20,-0.0019398648178265917,
2014-11-21,0.008940496909065222,
2014-11-24,-0.0036148972971079734,
2014-11-25,0.0007240256138659976,
2014-11-26,0.01032050442103221,
2014-11-27,0.004526511600093383,
2014-11-28,-0.01581250004495376,
2014-12-01,0.012717627916298014,
2014-12-02,0.0014295928095943715,
2014-12-03,-0.0014295928095944335,
2014-12-04,0.007364328329408953,
2014-12-05,-0.003794171020703467,
2014-12-08,-0.003808621599808107,
2014-12-09,-0.012962255422030278,
2014-12-10,0.00866014553622341,
2014-12-11,-0.01083695132987748,
2014-12-12,0.0009680542866352744,
2014-12-15,-0.01070049120486626,
2014-12-16,0.020808880525627214,
2014-12-17,0.018740911444999772,
2014-12-18,0.006325428142153637,
2014-12-19,0.00558920877468029,
2014-12-22,0.001856149024793216,
2014-12-23,-0.003948443174106593,
2014-12-24,0.0037166128728481768,
2014-12-29,-0.006980019032472247,
2014-12-30,-0.008676335352169521,
2014-12-31,0.012172434939254287,
2015-01-02,-0.02044964904052797,
2015-01-05,-0.0026156238904680444,
2015-01-06,0.011363758650315003,
2015-01-07,0.019119258074760694,
2015-01-08,-0.005325935942424932,
2015-01-09,-0.0004644681922794857,
2015-01-12,-0.003956714111193092,
2015-01-13,-0.006551263487221815,
2015-01-14,-0.006594465725280825,
2015-01-15,0.012912493059841773,
2015-01-16,-0.0009334889826060727,
2015-01-19,0.014141883998400412,
2015-01-20,0.023658974316646986,
2015-01-21,0.01848810873671997,
2015-01-22,-0.001767175189295198,
2015-01-23,0.005292184347167367,
2015-01-26,-0.017079266217395955,
2015-01-27,-0.0031369060004945467,
2015-01-28,0.014702871230795023,
2015-01-29,-0.005099223996742765,
2015-01-30,0.0011107409783539701,
2015-02-02,0.001331262677197806,
2015-02-03,0.008390422373702513,
2015-02-04,0.00021985269957745947,
2015-02-05,0.004605776318246246,
2015-02-06,-0.008349861740353503,
2015-02-09,0.01944778872236941,
2015-02-10,0.004964931947515706,
2015-02-11,-0.0019398648178264805,
2015-02-12,0.002155173247983412,0.003400289333437843
2015-02-13,-0.0062628430600035045,0.0051196272571753815
2015-02-17,0.0032442982928165,0.0011464339770431112
2015-02-18,0.0062426206389395375,-0.0002183193249448054
2015-02-19,0.009822842167616277,-0.00256541467714636
2015-02-20,0.0021226923699536886,-0.006676571510064094
2015-02-23,-0.0031857306331309855,-0.0029075826424905223
2015-02-24,-0.006188006516067513,-0.0008570308504935277
2015-02-25,0.006825965070399891,0.0028497005137135783
2015-02-26,-0.0042607648608548095,0.004520152851087684
2015-02-27,0.008291745178508942,0.0012953781119232509
2015-03-02,-0.008718821845261016,-0.005300253195762932
2015-03-03,-0.009442130235379074,0.0035846521750201397
2015-03-04,0.009228523484593661,0.0019305620366234606
2015-03-05,-0.006429512075973601,-0.0025335232721227937
2015-03-06,0.003005584057347094,-0.0041856167611496005
2015-03-09,-0.009909602850838885,-0.001422246191350079
2015-03-10,0.0036736940290369034,0.0016647008835597608
2015-03-11,0.008591118132316644,0.00438577399166165
2015-03-12,0.0004276245521654578,-0.003971881354272531
2015-03-13,0.012322229419717185,-0.004096381546318139
2015-03-16,-0.003384097984240457,0.001064354264348406
2015-03-17,-0.004671913360743082,-0.002276072323262729
2015-03-18,0.008900249470264078,-0.005734485798466102
2015-03-19,-0.002957956942269085,-0.002011274488854613
2015-03-20,-0.013420160938532183,0.008191527652655935
2015-03-23,-0.006454411391672606,0.0019564276954734338
2015-03-24,-0.013035161758593193,-0.0029911836983130594
2015-03-25,-0.006802000992551254,0.0037566522692593558
2015-03-26,0.013558047176269336,0.002519674880690151
2015-03-27,0.018933439931592973,0.0026621994698840835
2015-03-30,-0.010067558525427149,0.0007551791277211141
2015-03-31,-0.008865881406165723,-0.0052330726688061355
2015-04-01,0.0017361115471762956,-0.0005898838773218268
2015-04-02,-0.0019533375717081356,0.002262723763686644
2015-04-06,0.0004344048721658038,0.005494191054118695
2015-04-07,0.005414198390872541,-0.0002073579760963656
2015-04-08,0.008388047890657259,0.0010366790789456484
2015-04-09,0.004487666469387977,0.004351881080430456
2015-04-10,-0.0029895388483660483,0.004190356860955972
2015-04-13,-0.006436409261604559,0.0007472183698169697
2015-04-14,-0.011037878540566993,-0.003292290092714434
2015-04-15,-0.009841522844791433,8.658041766653481e-05
2015-04-16,-0.00838671876710129,0.004802353957846579
2015-04-17,0.009485016516163956,0.006474283652810151
2015-04-20,0.003068831869212723,0.003380907262747322
2015-04-21,0.0002188423249789017,-0.0005006614876306196
2015-04-22,-0.003287674194191861,0.0040200721179830656
2015-04-23,0.003943913963996383,0.0031641666714070414
2015-04-24,-0.010109976222096445,0.001060429973706205
2015-04-27,-0.0035406100275627433,0.005648528106536597
2015-04-28,-0.003998228338236024,0.014057405357948046
2015-04-29,-0.0064754050090130594,0.0095137165089362
2015-04-30,0.018642350809279774,0.007797828648552115
2015-05-01,-0.0019808524139609926,0.0033447576543612083
2015-05-04,-0.013976933024649772,0.0008679315422951109
2015-05-05,-0.00852596593927648,0.0052972457557141145
2015-05-06,0.012539349252735173,0.010938319618011935
2015-05-07,0.010844413014128876,-0.0007617678349840132
2015-05-08,-0.0035281183234446662,0.0026085763996519518
2015-05-11,-0.010436422026927841,0.00024639995494308
2015-05-12,-0.004025950416553065,0.0030616894030395256
2015-05-13,0.013136112302127377,0.003727567402631111
2015-05-14,0.0028713437728692197,0.0004963893472231553
2015-05-15,0.019439292920750948,0.002661023506214821
2015-05-19,-0.002382242599275791,0.004643142601521818
2015-05-20,0.0028147685575760652,0.001919960192684981
2015-05-21,0.005390848634876373,0.0037663912440890172
2015-05-22,0.004077696389535085,0.006340717459196518
2015-05-25,-0.004292773280352158,0.005372560919670085
2015-05-26,0.012611046689582586,0.008093777003753187
2015-05-27,-0.003404258606801154,0.0036688477242761705
2015-05-28,-0.005771096491921953,0.007528473150685589
2015-05-29,0.008962928119698038,0.0003458967053300362
2015-06-01,-0.01110885168997489,0.0016209109340849515
2015-06-02,0.006424004961355101,0.007521551930867007
2015-06-03,-0.00470689786420166,0.004337484153633495
2015-06-04,-0.006454411391672606,0.0042883802044338245
2015-06-05,-0.009760407167386928,-0.003486158647641296
2015-06-08,-0.003930994361010889,0.004213824594059803
2015-06-09,0.0058907119179775645,0.0026511948421822223
2015-06-10,0.002390006569499272,-0.0024073442539966133
2015-06-11,-0.003478264376324697,0.006002522048699881
2015-06-12,-0.00458365966765804,-0.002305909319329908
2015-06-15,0.005019104917299108,0.005595671482639686
2015-06-16,-0.00348888273653147,0.0037989925325280153
2015-06-17,0.008482921994476844,0.009012917809854436
2015-06-18,-0.0008667389491684297,0.00044128507396763787
2015-06-19,0.005189200833640142,0.0015952747336839656
2015-06-22,0.0015084584263211872,0.004896783271825329
2015-06-23,-0.0017241383581398043,0.004406284628805415
2015-06-24,-0.009318520133848884,-0.0025946974366643943
2015-06-25,-0.0010892060765321106,0.005309811848207995
2015-06-26,-0.01471099095465624,0.0048191546233252785
2015-06-29,0.011654887288121214,0.0036413991374064166
2015-06-30,0.010872035769486903,0.005863480994605243
2015-07-02,0.004100577667708165,-0.0010329814763886732
2015-07-03,-0.00021540118553933947,0.0010023548978871906
2015-07-06,0.010926728960035274,-0.00026084510386150414
2015-07-07,-0.014379473003033166,0.002730079023370984
2015-07-08,0.0,-7.664786899596606e-05
2015-07-09,0.010536598931402845,-0.0017959269222005585
2015-07-10,0.015494314006771292,-0.0024668382369938367
2015-07-13,0.004622828152828302,0.001210718105736725
2015-07-14,0.013121087962697058,-0.0009442581874621571
2015-07-15,0.011315829006347297,0.00015646515253020938
2015-07-16,0.0026560440581162104,-0.005908690808299837
2015-07-17,0.0018346758790187881,-0.0005395408301689173
2015-07-20,-0.007974686982023561,3.070127969943143e-05
2015-07-21,0.004097526732814502,0.0009161183577654643
2015-07-22,-0.005124537195889292,0.00025955297720354174
2015-07-23,-0.009498316298821818,0.00227807312285619
2015-07-24,-0.0068700176521370475,0.008941971184372679
2015-07-27,0.003753132011883886,0.001339163435177957
2015-07-28,0.008702914440983194,0.002424582335129477
2015-07-29,0.005144573544356987,0.0019243484409119413
2015-07-30,0.0020504415631723964,0.0032109232782890885
2015-07-31,0.003067800749412065,-3.103677156236408e-05
2015-08-04,0.004482485093022405,-0.0012234997706323438
2015-08-05,-0.013302150508793147,-0.005278935426123046
2015-08-06,-0.0016494849100756389,0.0027386117631693426
2015-08-07,0.002679033029431952,-0.002251427262004686
2015-08-10,-0.0004116920601582537,-0.003992439646873788
2015-08-11,-0.009931801068082101,0.0030871816429638324
2015-08-12,0.006838696220341185,0.004665614901267306
2015-08-13,0.0053553166094140224,0.0012273789464526629
2015-08-14,0.004918042699645293,-0.0022830669153275688
2015-08-17,-0.00471264062436215,-0.0009181835409895994
2015-08-18,-0.0016443991372453472,-0.0012258446956757078
2015-08-19,-0.025840154121703766,-0.0020527645209888357
2015-08-20,-0.025009318847967085,0.004180834152268353
2015-08-21,-0.03412549076518523,-0.0008072103438077214
2015-08-24,-0.006065389818060143,0.00015930579426220442
2015-08-25,0.03498253547610701,0.004769348668808915
2015-08-26,0.016828876130156885,0.0065340569956594706
2015-08-27,-0.0012845216923567388,0.011894812625050134
2015-08-28,-0.010552482975841274,0.006265516190856031
2015-08-31,-0.023659373022209437,-0.0006916349817804107
2015-09-01,0.01888505839783209,-0.0012316887856002575
2015-09-02,-0.0013060515570059979,0.0048082280509583715
2015-09-03,-0.009190436679217878,0.005731457207351817
2015-09-04,0.017649439510275543,0.004705802229020077
2015-09-08,-0.011950169370657971,0.004695501444580058
2015-09-09,0.002837500539639747,0.001385174577425654
2015-09-10,0.006517511665179334,0.0051295243035425694
2015-09-11,-0.0015169577077351719,0.003205286769176133
2015-09-14,0.013142492301357415,0.0025755630007227564
2015-09-15,0.0017108644036293876,0.002415398997953271
2015-09-16,-0.0012828738128890414,0.003249888892004005
2015-09-17,-0.014004322378294992,0.008522318111282278
2015-09-18,0.0006506886684412521,0.0043473212068758475
2015-09-21,-0.009805068203950539,0.009555781973050471
2015-09-22,0.0048056012098346215,0.002145052647482949
2015-09-23,-0.005681833467430946,0.009194018917400218
2015-09-24,-0.000657678418970823,0.003977662612474756
2015-09-25,-0.01859283307661597,0.005254002894884725
2015-09-28,0.0024545365441674028,0.00502661813100458
2015-09-29,0.0124032597834199,0.010001475538668885
2015-09-30,-0.00419102852339223,0.009671341646642906
2015-10-01,0.006389798098770988,0.007882880750130227
2015-10-02,0.012007567040944953,0.005505644971566344
2015-10-05,-0.007187224666105403,0.0047201842612895045
2015-10-06,0.010869672236903891,0.0002345398092222877
2015-10-07,0.004530263383828881,0.0008860879925544702
2015-10-08,-0.003881825016787305,0.003075305436223865
2015-10-09,-0.00021609940656752163,0.0004985365976530816
2015-10-13,-0.011302011197377997,0.00231619083611011
2015-10-14,0.008705169227330807,0.000973595511727439
2015-10-15,0.00905959604542465,0.0008456158716754373
2015-10-16,0.009191044715772676,0.00019125203316156946
2015-10-19,-0.004478096831933657,-0.0008110081524817049
2015-10-20,0.00617877751395094,0.0010953015207002613
2015-10-21,0.013083115502219701,-0.003338005052147643
2015-10-22,0.01828052567973083,0.003354408783638734
2015-10-23,-0.0037121098514404176,0.007928200972254
2015-10-26,0.005151994909428112,0.005015994440795275
2015-10-27,0.005738896669018178,-0.006232072123230471
2015-10-28,-0.001841056058528205,-0.006075900673518515
2015-10-29,-0.011118088583977047,-6.952918586724746e-05
2015-10-30,0.012754750160444634,0.003964067964456797
2015-11-02,-0.0010225995369082333,-0.006335191091027201
2015-11-03,0.00530613489849348,-0.0009345093700189287
2015-11-04,0.0004070004126187052,-0.004801474773022968
2015-11-05,0.0081054141828214,-0.0024380690402119433
2015-11-06,-0.009734410674184853,-0.005171786630266487
2015-11-09,0.00020376974089861687,0.00389108820917136
2015-11-10,-0.002856561828185125,0.0016596024438698877
2015-11-11,-0.012542572157532886,0.0003968818452625628
2015-11-12,-0.009145771502474621,-0.0007123198656924736
2015-11-13,0.01553952330339352,0.002539512235949956
2015-11-16,-0.001852042920577702,0.0007714140615497715
2015-11-17,0.017153779815199558,0.0005737285600088633
2015-11-18,-0.002838606934435561,0.0025553023993404238
2015-11-19,0.006476444414384592,-0.004188147316698236
2015-11-20,0.0016125784586989804,-0.004229681316246271
2015-11-23,-0.00403633242246037,-0.0025815371921721992
2015-11-24,0.0,-0.004695770589218362
2015-11-25,0.00504287503386196,-0.002281817135064003
2015-11-26,0.0010055305020185744,-0.0023074083050039548
2015-11-27,-0.0054419160803147034,4.1325559512548145e-05
2015-11-30,0.01045445790385898,0.00045649021432484687
2015-12-01,-0.012275030875612578,-0.0023472736375127388
2015-12-02,-0.014479706433207062,-0.00019140213940225986
2015-12-03,0.022947498965865565,0.0017402602269279406
2015-12-04,0.0036072183402869233,-0.0006204332251440262
2015-12-07,-0.00040016006936537184,-0.0003297644002534326
2015-12-08,-0.010258563262843455,0.0003339312685963065
2015-12-09,0.008455858718565674,0.0032542362435771252
2015-12-10,-0.012507728119443966,-0.006518549907712264
2015-12-11,0.004254032547225477,-0.00093377464313795
2015-12-14,0.011456260359093124,-0.002811502606991813
2015-12-15,0.017825783952600448,-0.005818447826294015
2015-12-16,-0.0033428405920078253,0.004892131851827196
2015-12-17,-0.017485047086356967,0.002259061238119485
2015-12-18,0.006791875889007305,0.00848596804600098
2015-12-21,0.006350487704526983,0.007172909729885934
2015-12-22,0.007292828222725503,0.00664621159494688
2015-12-23,-0.005909018572227858,-0.002731685827270845
2015-12-24,0.006890469234972366,-0.0006743881402556649
2015-12-29,-0.0017673053200835294,-0.0019054028116900915
2015-12-30,-0.013454892334183162,0.0035232118528669976
2015-12-31,-0.008803578266759635,0.0031042869619866756
2016-01-04,0.005611237167786386,0.01029196076002294
2016-01-05,-0.006616565492129114,-0.00243096773053155
2016-01-06,-0.021965495690886783,0.002218242217971467
2016-01-07,-0.008881603359139838,0.005063749500151642
2016-01-08,0.007235173680779272,0.0049666406543320335
2016-01-11,0.01044984409300936,0.010284035064187591
2016-01-12,-0.018722900586208787,0.00719894318089092
2016-01-13,0.0164782307323849,0.002958431932432713
2016-01-14,-0.010473450291628023,0.006786443445124417
2016-01-15,-0.00434468460401098,-0.0013616291093025772
2016-01-18,0.007642296825567615,0.006057048345350394
2016-01-19,-0.016179568876269416,0.009672532199267772
2016-01-20,-0.009243763299539269,0.001465145764650293
2016-01-21,0.010706515623878636,0.0028424440067260654
2016-01-22,-0.006914642531936823,0.00673464903835339
2016-01-25,0.0,0.006650892139958495
2016-01-26,-0.009719070800209072,0.004389228805473322
2016-01-27,0.002756282885653569,0.0035130142351634617
2016-01-28,0.02053718450950533,0.00989227072496858
2016-01-29,-0.0054076670880836815,0.004700805264862945
2016-02-01,-0.01132562441542034,0.0050926099768196995
2016-02-02,-0.014018921179330929,0.0032826779274849165
2016-02-03,0.0010689471889049637,0.004825529605593053
2016-02-04,-0.009661910911736746,0.00826079117220503
2016-02-05,-0.011064219605380015,0.00691163205142325
2016-02-08,-0.00415346536550675,0.004577989960836727
2016-02-09,0.004807701568103078,0.007045946348998529
2016-02-10,-0.011621663529697585,0.00922943405616871
2016-02-11,0.012275471987116501,0.003285242408635899
2016-02-12,0.019418085857101516,0.005134740494405563
2016-02-16,0.004051610191123502,0.007708915202396489
2016-02-17,-0.0019171376624907313,0.009928696645561457
2016-02-18,0.0010655302020383163,0.011296265045198378
2016-02-19,0.009960874982987408,0.008817243682446348
2016-02-22,-0.006558787925309716,0.008334189002851601
2016-02-23,-0.0021249476759105826,0.006069647049095354
2016-02-24,-0.00021274332598049872,0.00880973191867885
2016-02-25,-0.0027697897754438406,0.0051473350327625135
2016-02-26,-0.00728054607805748,0.0034124915552606705
2016-02-29,0.01450846870163821,0.0009589923791304509
2016-03-01,0.006123976482400137,0.003872141714899943
2016-03-02,0.0010520779508038345,0.005046825957952359
2016-03-03,-0.002105263935462316,0.0027742412122060086
2016-03-04,-0.004012253297175222,-0.0015030983973828953
2016-03-07,0.0010574178842950518,0.0020869648475671286
2016-03-08,-0.00891725654156179,0.001659835466836773
2016-03-09,0.007648220838256819,0.010366461943510591
2016-03-10,0.009059368817342513,0.00426752383511718
2016-03-11,0.001467044169644873,-0.0012917028694374938
2016-03-14,0.0048051904848091355,0.0002346061595757058
2016-03-15,-0.011951080497521546,0.004843069497779447
2016-03-16,-0.003592185584865343,0.0014026931356419649
2016-03-17,0.007801831877265828,5.0049075870925585e-06
2016-03-18,-0.0006303183316157478,0.0008467939284288021
2016-03-21,-0.005268160956654964,0.0032170799437838773
2016-03-22,0.007787053976138979,0.0027990474084692413
2016-03-23,0.0012570711900511137,0.005082381761123956
2016-03-24,-0.0039861586401565,0.006625441088029892
2016-03-28,-0.0004205214527908317,-0.0005481691633685577
2016-03-29,-0.0027377083541398066,-0.0007764101319624791
2016-03-30,0.00042167405221043604,0.00029140475154258434
2016-03-31,0.007978207340708796,8.305880831140346e-05
2016-04-01,0.0004181476121976093,0.0007883783985410939
2016-04-04,-0.0035598404256420046,0.0008346427295908581
2016-04-05,0.006690386653419776,0.0008341211927751702
2016-04-06,-0.007529841057385137,0.001686806075694739
2016-04-07,-0.008645283155402224,-0.005483135815284596
2016-04-08,-0.010645193137395231,0.0036576369978831894
2016-04-11,-0.001285071926687782,0.009385261347996164
2016-04-12,0.014257077324872742,0.008857791110314144
2016-04-13,0.0035853671224390033,0.006515980329079891
2016-04-14,-0.0018965341265685808,0.0033522441488700113
2016-04-15,0.0025279137118912765,0.0024958440993612277
2016-04-18,-0.007179084887621987,0.0001804677636518113
2016-04-19,-0.00021193175876711888,0.0007610596444844667
2016-04-20,0.0014825799602228961,0.006789046326112986
2016-04-21,-0.0048796108278282395,0.007735249743180598
2016-04-22,-0.0004254414018649732,0.006469087616801728
2016-04-25,-0.0034100629805419547,0.008869554353803315
2016-04-26,0.0019195910768095956,0.006067273576213181
2016-04-27,-0.016543507606482277,0.009255165328842846
2016-04-28,-0.003689640648011586,0.006296936089595477
2016-04-29,0.007149851712907299,0.009680606515157
2016-05-02,0.005167970158442598,0.0095105513071593
2016-05-03,0.006209205261248789,0.009685022742756472
2016-05-04,-0.0004269854889809245,0.0014112221284417802
2016-05-05,0.007234074100720075,0.0017037658099511989
2016-05-06,0.004653138683326533,0.003259234986121658
2016-05-09,0.007777233104849661,0.001558070162922616
2016-05-10,-0.012854460004880178,0.003307760298965163
2016-05-11,-0.0021231430480778664,0.002090133003064093
2016-05-12,0.0,0.0036930669263960064
2016-05-13,0.006567124544361664,0.004927413163958803
2016-05-16,-0.008907800152872857,0.0037938281562192922
2016-05-17,0.0097520382781533,0.006094576555497066
2016-05-18,0.0027388619248873416,0.001638539630669299
2016-05-19,0.007963160269112602,0.0020759092153202
2016-05-20,0.013269943842303126,0.003356250418906162
2016-05-24,-0.002268276052442405,-0.00017400623308861583
2016-05-25,-0.003515669012489819,0.0010141575098185254
2016-05-26,0.0080470876829748,0.002828980349796353
2016-05-27,0.00020548648998650434,0.002745196750741991
2016-05-30,0.005123486973608734,0.007522530819822954
2016-05-31,-0.002660936991225816,0.0025052077744125924
2016-06-01,0.005518665002597559,0.004725222233884927
2016-06-02,-0.014371013083751393,-0.005314745230269745
2016-06-03,-0.005806735519639839,0.007206953637785042
2016-06-06,-0.0016652793190612089,0.0002947392983121176
2016-06-07,-0.0022942965533729585,0.00149362705436499
2016-06-08,0.0002087900623515694,0.0014926664893163922
2016-06-09,-0.005862663358152893,-0.0008023357695459112
2016-06-10,-0.004208760421457238,-0.0020667220810480376
2016-06-13,0.0016856304033361486,0.00890591746384459
2016-06-14,0.004411308487420049,0.007970300533880646
2016-06-15,0.006268303014833335,0.004902538604293781
2016-06-16,-0.010469107344019058,0.0001326749849637699
2016-06-17,0.0004208754270881623,0.0033149428535061923
2016-06-20,-0.0006313795853225845,0.00778519831492389
2016-06-21,-0.00105318598465859,0.006146226662285343
2016-06-22,0.007349114441473331,0.014005824331951551
2016-06-23,-0.01645259638548671,0.005802380337084535
2016-06-24,-0.013704711284537872,0.0023622826315479475
2016-06-27,0.014342534204002945,0.0052803212716206254
2016-06-28,0.012881605639207382,0.010927590762122278
2016-06-29,0.00814966374570552,-0.003990752949296282
2016-06-30,0.011175613001510218,-0.0006037065068287291
2016-07-04,-0.009927692706449399,-0.0002152750412358574
2016-07-05,0.0037344441740880985,0.0017453749114874153
2016-07-06,0.00248190406615234,0.0016263881552315612
2016-07-07,0.018217677097041536,0.002975474694463307
2016-07-08,0.01009090298196272,0.004170189985246822
2016-07-11,-0.00020082337651579593,0.005773226889992505
2016-07-12,-0.0038233269232094747,0.0029660439032458074
2016-07-13,-0.0008067769699400343,-0.0002790330514236687
2016-07-14,0.0018143337302398642,-0.000870490038713991
2016-07-15,0.002815770162909751,0.0005478658431076406
2016-07-18,0.003808764752714993,0.004136303525651298
2016-07-19,0.007772834350752887,0.004708859854203717
2016-07-20,-0.002982406028120115,-0.0036066882783031533
2016-07-21,0.010498264192457743,0.00686564326013227
2016-07-22,0.0029513056345803197,-0.004448758325124642
2016-07-25,-0.0021634387433234156,-0.0001758249102488646
2016-07-26,-0.0013791746841831803,-0.0002829738545922895
2016-07-27,0.0,0.0005539193575769006
2016-07-28,-0.006329135051647512,0.0015896442032974755
2016-07-29,-0.0039761483796392945,-0.000532267988067914
2016-08-02,0.00019918334893048454,0.004545392840617793
2016-08-03,-0.003391524447903801,0.0004855352811383018
2016-08-04,0.019786953437824002,-0.0010918672242358081
2016-08-05,-0.0007840063122086455,-0.00127083583420609
2016-08-08,-0.0021591921235845054,-0.0020910913010155907
2016-08-09,-0.00828734024857027,-0.0016948890815069615
2016-08-10,0.0,0.0002402585572782892
2016-08-11,-0.0025791106450011063,-0.006075467946572241
2016-08-12,-0.0003973773149847619,0.004347597829811177
2016-08-15,-0.010387628361577923,0.005310663635721689
2016-08-16,0.0022063994509105723,0.006484225336966428
2016-08-17,-0.005222992990336267,0.008537501570794439
2016-08-18,0.006224294766195372,0.0038368992544503488
2016-08-19,0.0069811792458502695,-0.0006748263876893247
2016-08-22,-0.0007953867987432549,-0.0006703471986216271
2016-08-23,-0.004186191700855737,0.002209702249748421
2016-08-24,-0.0011992805754821268,0.004219559792409879
2016-08-25,0.003992021269537457,0.0034996831106424574
2016-08-26,0.006354270784606798,-0.000674761455022167
2016-08-29,0.003951012646679989,-0.004492749138571661
2016-08-30,-0.00019718032204273268,0.005684670454953764
2016-08-31,-0.002764614715036045,0.0004367777021415727
2016-09-01,-0.0025740039951728773,-0.0001259890277175248
2016-09-02,-0.008761505668572719,0.000554516232003162
2016-09-06,0.004390348301292854,0.006641168423523431
2016-09-07,-0.0003983270317553463,-0.0010675175803813285
2016-09-08,-0.015457499378815638,0.003236889885498359
2016-09-09,0.015656682727746243,0.00399041064393323
2016-09-12,-0.009605837319967026,-0.003556028761445179
2016-09-13,0.0010049242127988863,0.004709684524980436
2016-09-14,0.007006334335966187,0.008595198411385868
2016-09-15,0.00019946145473517083,0.0006818971271017648
2016-09-16,-0.00039896270227985053,-0.0003456371522170846
2016-09-19,0.0009971084682940628,-9.957531252633995e-05
2016-09-20,0.0029853738960234064,0.0002602020461286291
2016-09-21,0.002580134407432953,-0.003225108103584276
2016-09-22,0.002968829493801849,1.4890605109216032e-06
2016-09-23,-0.0033653402047859097,0.003737305868731687
2016-09-26,0.0033653402047859825,-0.003509071779546715
2016-09-27,-0.0015822788111294914,0.003666351185957487
2016-09-28,-0.005756839720337165,-0.00017780951145028188
2016-09-29,0.004766642590217818,-0.0027854132643388486
2016-09-30,-0.0033740232464775526,0.002524199096317035
2016-10-03,0.0009935420588779575,-0.0011695661275207385
2016-10-04,0.003964326301908946,-0.0012442986998705031
2016-10-05,0.00296296513065727,0.0012281732246967104
2016-10-06,0.00236406729488047,0.003072718916990013
2016-10-07,-0.011478455732074747,0.0007314918337820973
2016-10-11,0.0031796529173795844,0.002257646761950143
2016-10-12,-0.0077681896465105794,-0.002367644505488192
2016-10-13,-0.003605773137499074,0.0008436919575703656
2016-10-14,-0.005029685686268736,-0.0007714254611013769
2016-10-17,0.005832092950986627,0.004189704340305544
2016-10-18,0.0028033658727811715,0.008411603772187708
2016-10-19,0.005782091674881127,0.00880270322934347
2016-10-20,0.008315233023277089,0.0016849897871848165
2016-10-21,0.009223890340521396,-0.002264082658448532
2016-10-24,-0.006664077974922853,0.00037534433305616793
2016-10-25,0.000393236340104684,-0.00285455583328685
2016-10-26,-0.002361740912776891,0.0008907511131098045
2016-10-27,-0.003553102830004999,0.001511173683030316
2016-10-28,0.0029617950370788098,0.0014055374090824987
2016-10-31,-0.008911832424486498,0.0030365216710500076
2016-11-01,-0.005985652348370274,0.0066719214403237045
2016-11-02,-0.005216705249532418,0.001100828324794106
2016-11-03,0.00020114653592898302,0.007840643075725826
2016-11-04,0.01912408881042797,0.006572876066744921
2016-11-07,-0.0011846003359604084,0.0007287125713217442
2016-11-08,0.016458051736620148,0.0042080772041371735
2016-11-09,0.010438911727829204,0.0029020398197456224
2016-11-10,0.003072199036970059,0.0006922259773101273
2016-11-11,0.0009581298040636317,0.004214619215984643
2016-11-14,0.0,0.004484116426048957
2016-11-15,-0.0030692523614831266,0.0032485257454133777
2016-11-16,0.010511324682686323,-0.0008822853399982353
2016-11-17,-0.0022839751078306166,-0.0070214745514111275
2016-11-18,0.00019053062837485297,0.0003878387816922155
2016-11-21,0.005699103571316482,0.0010286555232074807
2016-11-22,0.0035927050083987225,-0.004438590429618486
2016-11-23,0.005083320745610994,0.0008587935640768482
2016-11-24,0.003187403092280371,-0.002591604793799076
2016-11-25,-0.014898908316127153,-0.0024512869015685737
2016-11-28,0.0030354794698371525,0.0065474047056830655
2016-11-29,-0.0022757453402268493,0.0013218994075709846
2016-11-30,-0.012610025710316953,0.0015231937661483016
2016-12-01,-0.0026954194216723226,5.6936138220415594e-05
2016-12-02,0.005575329255088599,-0.0005416207731054524
2016-12-05,0.004399815801730936,0.005978265352615644
2016-12-06,0.009309462123302643,0.0042730443865683304
2016-12-07,-0.0013246288245890674,-0.0046649444251269
2016-12-08,0.005099642745164835,0.0010606565218910552
2016-12-09,-0.004720998287782275,-0.0035134713043585984
2016-12-12,0.007542936008441491,-0.00799680501684752
2016-12-13,0.002064371569202232,0.005690755016761572
2016-12-14,0.009144413818997612,0.0009221045102974563
2016-12-15,-0.0022317286554978458,-0.002120213560028736
2016-12-16,0.0061253091746301565,-0.0009197810173928447
2016-12-19,0.0016640477168885187,-0.003601271596681778
2016-12-20,0.0009232758480624977,-0.0008279891234243285
2016-12-21,0.00313277691026935,0.0011948009208556142
2016-12-22,0.0049555024783404,0.0017613052107617704
2016-12-23,-0.009750790162223242,-0.004410606578090876
2016-12-28,-0.0037043939379303387,0.0075971747600379665
2016-12-29,-0.010070954197642923,0.002340220696106273
2016-12-30,0.008399489419976348,0.0004809818330208901
2017-01-03,-0.003724399090982328,-0.005472071353026194
2017-01-04,-0.005050043464245503,0.0038815467591813654
2017-01-05,0.002995695930648001,0.0038667796588040854
2017-01-06,-0.0033707897084891,0.004735931985657663
2017-01-09,0.00018756447583829624,-0.0021625645219292525
2017-01-10,-0.002065146702230031,0.006883071219658216
2017-01-11,-0.004709436979525155,0.007067554311606043
2017-01-12,0.0007550019233690852,0.009612782885960278
2017-01-13,0.009015838681620548,0.010392460066480359
2017-01-16,-0.017542654910782347,0.0032261532358314276
2017-01-17,0.017729623220198613,0.0049861585185290765
2017-01-18,0.00018693335880213985,-0.003359690204347868
2017-01-19,0.003731347612858184,-0.005238977592708474
2017-01-20,-0.005976857538440918,-0.0046958531669547094
2017-01-23,-0.0018751177442444145,-0.010188416326328753
2017-01-24,0.0007504690783741788,-0.005123100008120937
2017-01-25,0.0020608906591720938,-0.004274152054970629
2017-01-26,0.0014961663535332102,-0.001086589727166911
2017-01-27,-0.007126811860361252,0.003300754373740022
2017-01-30,-0.009265453445790123,0.001842332475006849
2017-01-31,0.003602924159162745,0.009888380494021697
2017-02-01,-0.0018946576338460873,0.005622644606438111
2017-02-02,0.007933551245578579,0.005374157999239425
2017-02-03,0.002818226383841791,0.0020780061727790123
2017-02-06,0.006172281823035077,-0.002904179517245805
2017-02-07,0.0,-0.0012781271014815616
2017-02-08,0.004836318950571524,-0.000621174634724949
2017-02-09,0.0,-0.0006690343406229302
2017-02-10,0.004258871357182003,0.00016262530981106153
2017-02-13,0.0036886799478533672,0.0024771901408173432
2017-02-14,0.005507632795118243,0.0002189004972662766
2017-02-15,-0.0003662332946994807,-0.0014788393095649035
2017-02-16,0.002743485945750834,-0.0044751042406225025
2017-02-17,0.009452897148561462,-0.0003023738132778356
2017-02-21,-0.00018094634990118138,-0.004990864955562743
2017-02-22,-0.0019925737957590017,-0.0059743585392688795
2017-02-23,0.0010873505964418698,-0.004714316416692251
2017-02-24,0.005419088406116698,-0.003782345733566426
2017-02-27,0.007001195458983561,-0.005674942586317515
2017-02-28,0.017379405333932053,-0.008188561560164068
2017-03-01,-0.0012314189259499126,-0.0014659303583304572
2017-03-02,-0.0008805142771936319,0.002319590569250013
2017-03-03,-0.0007049700679698213,-0.0007374908786949837
2017-03-06,-0.0026480728688077514,-0.001349974746302123
2017-03-07,0.004057516372041207,0.0037676918017499894
2017-03-08,0.0017590154051796245,-0.0012246729214129251
2017-03-09,-0.0003515556372997306,-0.004124479271355953
2017-03-10,-0.0003516792721317272,-0.0014697951466143555
2017-03-13,-0.0003518029939537205,0.0029304167297757077
2017-03-14,-0.005291950963455734,0.0014282291518907205
2017-03-15,0.0015905278602694982,0.00520867535460158
2017-03-16,-0.0019443223093869475,-0.003012264924580715
2017-03-17,-0.0008850341315814568,-0.0011165747341545537
2017-03-20,-0.011756458884403019,-0.0016273129215025092
2017-03-21,-0.0012550427465401015,-0.0011554887758698953
2017-03-22,0.0005380683476603034,0.00996601808566434
2017-03-23,-0.0026932415956436077,0.004140936632386872
2017-03-24,-0.0010793309196756831,0.007991821938574978
2017-03-27,0.007709585474658939,0.0010667495915442327
2017-03-28,-0.002682644906684894,-0.007000762178781144
2017-03-29,0.003039787767623857,-0.002956150810812682
2017-03-30,-0.005011644640295989,-0.005660206943426497
2017-03-31,0.004833089153704296,-0.0034623198073532014
2017-04-03,0.0021405644991108167,-0.0036678896408195143
2017-04-04,-0.0012481057160912915,-0.00472532679468046
2017-04-05,0.0016044214155676066,-0.002901967455921926
2017-04-06,-0.0010693282074018102,-0.0008707434861593147
2017-04-07,-0.0057224762740662105,-0.0014612615649035577
2017-04-10,-0.0010766195190300158,0.002798429446406062
2017-04-11,-0.008473863020142264,-0.0007041403471359593
2017-04-12,-0.0018122513115038878,0.009672500267835645
2017-04-13,0.00686915210047757,0.011382435937580017
2017-04-17,0.0025188930194839864,-0.00231049464087892
2017-04-18,0.005376357036380496,-0.0005003562192693533
2017-04-19,0.007478667335549316,0.0021925979848670713
2017-04-20,-0.0007098491868610551,0.000535123083713917
2017-04-21,0.011122014197097881,-0.000288839406682689
2017-04-24,0.010131091019681394,-0.0036173375431904752
2017-04-25,0.0029501105994731423,0.0014401243642329787
2017-04-26,0.0013852816068114968,0.0027970032750761504
2017-04-27,0.00017302534864515112,-0.000732664102317812
2017-04-28,0.003971342524185242,-0.001311909683612985
2017-05-01,0.0032688201149602496,0.0011705588119755234
2017-05-02,-0.0008591803948070046,0.00572216708679012
2017-05-03,0.00411735012954775,0.0004968777806772419
2017-05-04,-0.0037735893836393797,0.004027634832660673
2017-05-05,0.0029172049860064476,0.005531825910892179
2017-05-08,0.0013698632279139041,-0.00025093867426397227
2017-05-09,-0.003599901033470165,0.0007929454575776167
2017-05-10,0.0006866953059543789,-0.00443114885501699
2017-05-11,-0.0003432887091729254,-0.001628442376869909
2017-05-12,-0.0005151541283327503,-0.0023990627661572856
2017-05-15,-0.0037859277710577707,0.00042015930331293046
2017-05-16,-0.016164425997802667,0.00052267787275285
2017-05-17,0.0031490578857323766,0.012123034562754792
2017-05-18,-0.0001746877460988842,-0.0026122346246929755
2017-05-19,0.0073107375220059275,-0.0028797896727105602
2017-05-23,-0.0045193888847353285,-0.006716387817287728
2017-05-24,0.008845777912177768,0.0010242865350332966
2017-05-25,-0.0008637816897093833,-0.002749405878348042
2017-05-26,0.005515353519066544,-0.002846392592026374
2017-05-29,-0.006206916478855592,-0.0037800970843980494
2017-05-30,0.002935845300149265,0.0013288070115985168
2017-05-31,0.007901106029728312,-0.005430960422577365
2017-06-01,0.0018801817349786232,0.001653738165708953
2017-06-02,-0.0017091099699562552,-0.001181493638704497
2017-06-05,-0.005488864552370033,-0.0012065363728431821
2017-06-06,0.007710138425967482,-0.0019965301243590997
2017-06-07,-0.000853752292957533,-0.004504927618058844
2017-06-08,-0.004794529732451257,-0.0026978436447656607
2017-06-09,-0.010178643903967177,-0.0012521320321317174
2017-06-12,-0.003126087992121673,0.004323080602442877
2017-06-13,-0.00017395842437542536,-0.00033515653805345214
2017-06-14,0.0008694896643780405,-0.0024161322211994738
2017-06-15,-0.0038314223115559487,-0.0024826418351773564
2017-06-16,0.007475045671142968,0.00038162142233212225
2017-06-19,-0.00260123271620803,-0.006825433535726302
2017-06-20,0.003985795069618988,-0.0001918707610861722
2017-06-21,-0.006942061895282132,-0.004052374055277487
2017-06-22,-0.0012198311175381988,-7.346031467275011e-05
2017-06-23,-0.0005232406154085763,-0.0039519477982722625
2017-06-26,-0.01334758137165372,-0.001035711573394738
2017-06-27,-0.00247831601446709,0.007153704173097323
2017-06-28,-0.010154180058640473,0.012307761953213137
2017-06-29,-0.0008956561279445173,0.007244770680845552
2017-06-30,0.003934900444697326,0.009409424391291128
2017-07-04,-0.00035707909681332786,0.0006920981105344031
2017-07-05,-0.008968669982760375,0.0013432221690991679
2017-07-06,-0.00018019641457895044,0.01621677208703662
2017-07-07,0.0010806917478290584,0.013285353007590405
2017-07-10,0.0021578861097775594,0.0010778409239199853
2017-07-11,-0.006849341845574783,-0.00013964155043778913
2017-07-12,0.0005424464467158064,0.002450144657376465
2017-07-13,-0.0016282228834613632,0.0008935621122077328
2017-07-14,0.003253798966162038,0.0040294514005037255
2017-07-17,-0.004703337179746824,0.006184495704900812
2017-07-18,0.0034392286592684123,0.003866438296513062
2017-07-19,-0.00018071744876158982,0.0065926884248183396
2017-07-20,-0.005255063284930127,0.006902425533449799
2017-07-21,-0.002729011063290315,0.006842313415248226
2017-07-24,0.002547308509869492,0.008739906348049838
2017-07-25,-0.004735892276037418,-0.00015429523896208332
2017-07-26,0.0074579699935099115,0.010144510925460386
2017-07-27,-0.010200452743581076,0.005323505165817045
2017-07-28,0.0020118891102677244,0.003862505562859919
2017-07-31,0.007826047769274235,0.0008934648006867563
2017-08-01,0.0030772039849174594,-0.001165276204918525
2017-08-02,-0.0016279283689269836,-0.002343411242213962
2017-08-03,0.007754073654325089,-0.006369173063483445
2017-08-04,0.0007182618373077531,-0.002811485202495548
2017-08-08,0.0026888964843066183,-0.004396625452472315
2017-08-09,-0.010799241021760273,0.002826810353862081
2017-08-10,-0.0028996033364015648,0.0009522119474935385
2017-08-11,0.012982511949307288,0.0006844791039348173
2017-08-14,0.0017898698173786404,-0.001067073440283778
2017-08-15,-0.008440384129178788,-0.00032594190738135875
2017-08-16,-0.011244224380419035,0.00550311110694466
2017-08-17,-0.009713262476067377,0.0016800687186888739
2017-08-18,0.0005523336235420717,0.00652507817601058
2017-08-21,0.009525626157807554,0.008724919068570628
2017-08-22,-0.004934671441046918,0.003393561334281001
2017-08-23,-0.0036710760758676933,0.0040378991243528
2017-08-24,-0.0018406042376562588,0.007559430507019634
2017-08-25,0.0018406042376561804,0.010226715962271288
2017-08-28,0.002937938213117762,0.0057340582232518495
2017-08-29,0.012571906495653772,0.002132114531650721
2017-08-30,-0.005082603063465668,0.001212915434379497
2017-08-31,-0.006206664685568071,0.0038807618750270703
2017-09-01,-0.0073516228918155116,-0.001551808311826262
2017-09-05,-0.00945239175742777,0.006699076927232949
2017-09-06,-0.008603007987908168,0.007433343701940823
2017-09-07,0.0003755868588752576,0.011431054846339411
2017-09-08,0.008599791269250631,0.012822938925396559
2017-09-11,0.007972601791962809,0.0030641971976864317
2017-09-12,0.001291870623519748,-0.001136319101166164
2017-09-13,-0.0003689356249188968,-0.002111890148731413
2017-09-14,0.0020274636011534102,-0.0034174262589300717
2017-09-15,0.01044061137087582,0.0010160874465621622
2017-09-18,-0.0009114940016727212,0.0026277533078788457
2017-09-19,0.0005469960935001078,0.001708437561570862
2017-09-20,-0.0016418867138271879,0.00023160762945580345
2017-09-21,0.00018256503930217361,-0.0047129720926744915
2017-09-22,0.0007299270397075811,-0.0009945105746685214
2017-09-25,-0.0018258175603447905,-0.00447967007619963
2017-09-26,0.014153747438093766,-0.0024314815460920584
2017-09-27,-0.002164503009573014,0.00424425863515787
2017-09-28,0.005761629190422512,-0.0002157264357984928
2017-09-29,0.008224612784317138,0.003100391285277038
2017-10-02,0.00017804682678574464,0.00215851411545369
2017-10-03,0.00017801513175619063,0.0022289813688233804
2017-10-04,0.013437260173793927,0.0028563932730766017
2017-10-05,-0.0031662295580495493,0.0013615296219781348
2017-10-06,-0.0019398648178265917,0.0045759789752371155
2017-10-10,-0.002297429657688603,0.005185902711657837
2017-10-11,-0.0008850341315814568,0.0015676102789500574
2017-10-12,0.0021227674696871392,-0.005030634570106129
2017-10-13,0.0052872876081234066,-0.001109537664861292
2017-10-16,0.0008785030873354331,-0.0014715213173756266
2017-10-17,-0.0042238711161850595,-0.002165592350612862
2017-10-18,0.0014099403111187865,-0.001704336297669838
2017-10-19,0.016073022469228683,-0.0015341358669637697
2017-10-20,-0.0012139080654789394,-0.0005321190048171271
2017-10-23,0.003983034099414023,0.0009105623547629832
2017-10-24,0.004999579416684443,-0.005127659457802174
2017-10-25,0.005829920490261035,-0.0058224926586833295
2017-10-26,0.005286055449646663,-0.006979908465596615
2017-10-27,-0.0032365244162432852,-0.0043263868181197965
2017-10-30,0.007140458764260088,-0.0025896667714887097
2017-10-31,-0.0016954904027760744,0.0005136165463650491
2017-11-01,-0.00374022877372741,-0.001425130415092482
2017-11-02,-0.0006815471383259918,-0.0015514878555474357
2017-11-03,-0.0020474328940422305,-0.004576647418319674
2017-11-06,0.004090682370437362,-0.004950902607488659
2017-11-07,-0.0030664419258256857,-0.0021273007023686467
2017-11-08,-0.006161238042527854,-0.0029284479645862137
2017-11-09,0.0,-0.0004950133082449117
2017-11-10,0.004282661792000949,0.0017205827240477796
2017-11-13,-0.00171086440362943,-0.003958758196685812
2017-11-14,-0.0034305350967891368,-0.004166460533761563
2017-11-15,0.008383999832850965,-0.0013073869405521668
2017-11-16,-0.002217484917186886,-0.0023091213676070905
2017-11-17,0.004939964053229672,-0.004671986938494869
2017-11-20,0.004577442933660464,-0.002208754619778955
2017-11-21,-0.006959206563851746,-0.0014445132113565873
2017-11-22,0.0020418588002699186,-0.0006504059942965279
2017-11-23,0.0006796941638053114,-0.002014743904073076
2017-11-24,0.0038993013718825295,-0.0020632341311206813
2017-11-27,0.013445580709351118,-0.0032405055428784964
2017-11-28,0.003333336419758217,-0.0013019428094279682
2017-11-29,0.012237625849930243,-0.004484544060742472
2017-11-30,-0.01791092656653033,-0.003310792552304346
2017-12-01,-0.0005021340803472585,-0.00016269017680640052
2017-12-04,-0.004026175544400212,-0.002014083736561596
2017-12-05,0.006701315076556653,-0.0003888637747815711
2017-12-06,0.007651401267169519,-0.004500728759396117
2017-12-07,0.006276862365943498,0.00036748793570939517
2017-12-08,0.0029595549389093627,0.0010870632467643287
2017-12-11,0.002950821813282505,0.0006131368350984544
2017-12-12,-0.004100719270583482,-0.0029809385143311183
2017-12-13,-0.008583743691391555,-0.002922867109177886
2017-12-14,0.016931447457219917,0.00036937472450261394
2017-12-15,0.005688759754421768,0.0015316310147550619
2017-12-18,-0.003246756098869981,-0.00749774263181136
2017-12-19,-0.0030942130378755883,0.00016849492140618338
2017-12-20,-0.005889105847316038,-0.0006765244929709633
2017-12-21,-0.0016420364937444099,-0.00016105727970518768
2017-12-22,-0.007257165282886417,-0.0040311173856971754
2017-12-27,-0.007810592262132678,0.002555274619973253
2017-12-28,-0.004012041489960658,0.004396613841893912
2017-12-29,0.0015064024942565682,0.016498828225812934
2018-01-02,0.009653869915521824,0.003959694277015192
2018-01-03,0.0014896965429771916,0.0005612376538488332
2018-01-04,-0.000330851946773191,0.0020225478914309013
2018-01-05,0.0029737342251182947,-0.00387566820461489
2018-01-08,0.004444085990825752,0.00021214523316684424
2018-01-09,0.005404975896783697,0.0018777900832153156
2018-01-10,0.005213436376629374,0.0015132004148544855
2018-01-11,0.0027586224390796607,0.002760442201057415
2018-01-12,0.009515433460431991,0.0014021928849941353
2018-01-15,-0.015529267107301868,-0.006712643238306752
2018-01-16,0.008118245593061141,0.0024364832655912423
2018-01-17,-0.001456428771079964,-0.004143922499156317
2018-01-18,0.010631543437864897,-0.004096598510554648
2018-01-19,0.003678532736596083,0.001888192863811782
2018-01-22,0.0007978936033293672,-0.00035088738105636477
2018-01-23,-0.008168540655269355,-0.00045687830593403394
2018-01-24,0.003211306549049481,-0.003580979306508767
2018-01-25,0.007506223856599163,-0.0022676486538508443
2018-01-26,-0.004305196795520351,0.0011917057993690707
2018-01-29,-0.01221880153676579,-0.0031189546132628946
2018-01-30,-0.0016189092090101653,0.00566466047667611
2018-01-31,-0.003245702297571485,-0.0002696560422215349
2018-02-01,-0.00947255163982564,0.0055977467398966784
2018-02-02,-0.034048682900021936,0.016089326404621174
2018-02-05,0.016501468893886588,-0.0054491628012776445
2018-02-06,0.00033394556997607615,0.006035309809156427
2018-02-07,-0.034650205573414646,0.007016125901673851
2018-02-08,0.01339075803040706,0.007398143014541726
2018-02-09,0.01506332958690273,0.018478235849155845
2018-02-12,0.0021813919213035412,-0.00048271954610896095
2018-02-13,0.006016060925618781,-0.006258489096314431
2018-02-14,0.009452022944676576,-0.0019629762225303973
2018-02-15,0.007563337599815921,-0.0018253386919953858
2018-02-16,0.0018001805041478473,0.0026188524303166825
2018-02-20,-0.00245559589710045,0.004644853348499346
2018-02-21,0.0031094043545193827,0.003521305679074479
2018-02-22,0.01137299017226998,0.006380527559167707
2018-02-23,0.012203105833495164,-0.00084444513496416
2018-02-26,-0.0036773564503929114,0.0024603819225397037
2018-02-27,-0.004977930793166508,0.0018351093554360694
2018-02-28,-0.015738136147304894,0.005854071900652124
2018-03-01,0.010735301538000706,0.00039474111307470476
2018-03-02,0.018275596819174202,0.006095425829229423
2018-03-05,-0.006054830480084078,-0.00026207320738741766
2018-03-06,0.000958466527049425,0.002026656997551811
2018-03-07,0.00477860100152073,-0.0015590002713915332
2018-03-08,0.010275957943814334,-0.0015527509270945278
2018-03-09,0.0018856070954609847,-0.0011214951279896
2018-03-12,0.0032912810840727306,0.003894759170983874
2018-03-13,-0.007381266335597848,0.0017170255969092233
2018-03-14,0.007537724131426673,0.0035110046499368334
2018-03-15,0.005460657925175605,-0.00030785922055924666
2018-03-16,-0.01726345447258569,0.001297818744750958
2018-03-19,0.0031610584248164316,-0.0012952555652175218
2018-03-20,-0.015585557212730533,-0.0030128075670001445
2018-03-21,-0.02417183140684365,0.0004541174995092912
2018-03-22,-0.024434025337282023,-0.0071476679772126545
2018-03-23,0.020320486011489964,-0.0013872938320899134
2018-03-26,-0.014783094565497298,0.007553105616671994
2018-03-27,0.000334616031229938,0.005073696879484665
2018-03-28,0.011310832495520206,0.016701775322216204
2018-03-29,-0.021398342379248397,-0.002662925729384046
2018-04-02,0.0021942788785717852,0.0070658265563917294
2018-04-03,0.011733289150786282,0.01280430777186741
2018-04-04,0.0054840187294936445,-0.004594425629166732
2018-04-05,-0.021949444478317075,-0.009808725326092557
2018-04-06,-0.0006778512376141147,0.002561019832124598
2018-04-09,0.007599462394519655,0.004949465635880598
2018-04-10,-0.007599462394519766,0.0027745238822844583
2018-04-11,0.01028763605632026,0.004085237325803916
2018-04-12,-0.0016792615197200253,-0.003374797549041149
2018-04-13,0.0050293484050019585,0.0068935401954515465
2018-04-16,0.008989572774328998,-0.004083446977482088
2018-04-17,0.0067718484897427295,-0.0048927523169604034
2018-04-18,-0.0029673612278020007,-0.00535419600047669
2018-04-19,-0.0013216588740329407,-0.001281704047646009
2018-04-20,0.007247602141580033,-0.0029161028481178622
2018-04-23,-0.016214782786879746,0.0030146571014604104
2018-04-24,0.0018331810816609117,0.005120524336317217
2018-04-25,0.01618532442101735,0.0009228241732893939
2018-04-26,-0.0011474470564767983,0.006045007649179072
2018-04-27,-0.008730802515185918,0.0021335957387512757
2018-04-30,0.003798204549667705,0.00651534419619451
2018-05-01,-0.006946769583442096,0.0031946936683315786
2018-05-02,-0.003991357369342928,0.0017455023819737668
2018-05-03,0.014721959714429815,0.007244540309982873
2018-05-04,0.005404090774011804,0.0033681079399325935
2018-05-07,0.003749291212475513,0.0058478844986025996
2018-05-08,0.002599936466183169,0.0022308234311294094
2018-05-09,0.0019455259054913527,0.0015375602602959368
2018-05-10,0.00420236597107831,0.0029207367562670765
2018-05-11,0.002577321014300319,0.0022689975038358147
2018-05-14,-0.0014489256338305607,0.001457436496167114
2018-05-15,-0.0016123834515452521,0.0032845580692754638
2018-05-16,-0.000484222428959366,0.001086692879684662
2018-05-17,0.004831705325079411,-0.00011803010118595418
2018-05-18,-0.0008036647543383077,-0.0029195406426227523
2018-05-22,0.0032107910068971952,-0.005733976981056984
2018-05-23,0.003679709775564507,-0.0007968176586956959
2018-05-24,0.0039843864967101066,-0.0003013861969621674
2018-05-25,0.004602086992471666,-0.0009276209265014868
2018-05-28,-0.012907517261395758,0.0037116097683154996
2018-05-29,0.0017626797288870732,0.0006391304535792227
2018-05-30,0.0001600896505460122,-0.0022129989899869374
2018-05-31,0.010192794090669727,-0.0013601790842941953
2018-06-01,0.0026900878632502953,-0.0066410871874243976
2018-06-04,0.004100305381971735,-0.0017782795414423497
2018-06-05,0.006744594620676131,-0.0003004816602471894
2018-06-06,0.002030140464578101,-0.000985526689229459
2018-06-07,-0.0015612805669524645,-0.001820702738815135
2018-06-08,0.006230549750636163,-0.002402212805494347
2018-06-11,0.0037197811025318607,-0.0044813792752461225
2018-06-12,-0.006363022943138755,-0.002580472529110515
2018-06-13,0.01053130377567595,-0.0035960368314108576
2018-06-14,0.005837190153165077,-0.00287483642138033
2018-06-15,-0.0012260537934314225,-0.0049303283137014636
2018-06-18,0.0033680374765367423,0.00174868744851456
2018-06-19,0.0035090431917990787,-0.0007178571506539396
2018-06-20,-0.007183829136998648,-0.0042747213377987234
2018-06-21,-0.0003068425921589432,-0.0012877400571382489
2018-06-22,-0.010644142145916144,-0.004211363556634937
2018-06-25,0.0020140993717011856,0.0028158140703784078
2018-06-26,-0.0029450536670213466,-0.005425568377836307
2018-06-27,-0.008104782519563678,0.0020258343430169462
2018-06-28,-0.006594465725280825,0.001561058691093807
2018-06-29,-0.004578834872844458,0.010781010199210413
2018-07-03,0.006152894697292691,0.008648079948224002
2018-07-04,0.0032974827712072934,-0.002599858822856778
2018-07-05,0.005627652807781633,-0.0032747115273014413
2018-07-06,0.011161176163318567,-0.004643101560211068
2018-07-09,0.0033856603593317982,-0.00014332759353785247
2018-07-10,-0.0003073140774033735,-0.005783236379601723
2018-07-11,0.0053644086033452784,0.0001403108705737691
2018-07-12,0.0007640003427619952,-0.0009403579456067173
2018-07-13,-0.0025999861706146815,0.0012228497213845864
2018-07-16,0.007779766185642428,-0.00018764537575546023
2018-07-17,0.0009113001845737809,-0.001045096930873665
2018-07-18,0.0036369186928851245,-2.88724307466895e-05
2018-07-19,-0.012021753243222494,-0.0009666525943499273
2018-07-20,0.005191643971182308,0.00047202447450975254
2018-07-23,0.003496772852281962,-0.00353717504054098
2018-07-24,-0.0006072567364385452,-0.0017793758055431863
2018-07-25,0.000607256736438639,-0.004012120048976152
2018-07-26,-0.007617343352543971,-7.050936864732199e-05
2018-07-27,-0.007829931766027184,0.00024925715987335833
2018-07-30,0.0033851394073661084,0.00469177056993076
2018-07-31,-0.0021528533611010897,-0.00306165269637414
2018-08-01,0.0067505626097306495,-0.00036740947195296116
2018-08-02,0.002443495412475845,-0.0010880064279012633
2018-08-03,0.01197800690258742,-0.004375796638707821
2018-08-07,-0.003321259091645482,-0.0004937386645538262
2018-08-08,0.00015120586707572707,0.00042987607374944984
2018-08-09,0.0003023431617890865,-0.0038404984803869437
2018-08-10,-0.003937609206974173,-0.0009262941600829698
2018-08-13,0.0018192849165852398,-0.0005903066160900867
2018-08-14,-0.0022746237724452965,-0.0017508091662352843
2018-08-15,0.00951884500920684,-0.0013950157852010562
2018-08-16,-0.004068415164920297,-0.0029573556784972563
2018-08-17,0.0010563646949286226,-0.0024973295280685814
2018-08-20,0.002259887967437504,-0.003611525886836774
2018-08-21,-0.004373734443818552,-0.001039543889248479
2018-08-22,0.005125896946372697,-0.0005125837699943179
2018-08-23,0.0019529789126372405,-2.4407737670317756e-05
2018-08-24,0.002847510354164646,-0.003103096801316613
2018-08-27,-0.0017974840070323242,-0.005996074815261933
2018-08-28,0.00359174286160239,-0.00541129231154028
2018-08-29,0.0007466587369956202,-0.0018535604469608095
2018-08-30,0.006546668226314588,0.00025077758371056473
2018-08-31,0.0076821178506621835,-7.515374044571995e-05
2018-09-04,-0.0032429273703404337,-0.001833969168802252
2018-09-05,-0.004884195308550866,-0.00034709961558780005
2018-09-06,0.0008898117152426775,-0.0031252527369019477
2018-09-07,0.00044460912181102323,-0.005642155247409921
2018-09-10,0.0,-0.004611375496220703
2018-09-11,-0.00848156263669178,-0.0034872161200592343
2018-09-12,0.005067830193500456,0.004825099625834198
2018-09-13,0.004154308645298127,-0.00520793615628352
2018-09-14,-0.006685013382625021,-0.0037921381702941915
2018-09-17,0.0019358207221629327,0.0016592912519867737
2018-09-18,-0.0034274677767834813,-0.004200983763128995
2018-09-19,0.0063983552857385904,0.005587221753687343
2018-09-20,-0.00029669188765331166,-0.00012130179134880243
2018-09-21,-0.0005936479841901054,-0.0026676200926696683
2018-09-24,-0.0007425559114494533,-0.006156669566814073
2018-09-25,-0.003721072984539249,-0.004003458811349976
2018-09-26,0.00624351663968502,-0.0015894000392862994
2018-09-27,-0.009679176154788858,-0.0022224643266854356
2018-09-28,-0.005852796777884604,0.004355377519501302
2018-10-01,0.0019547408675179424,0.004537726331843224
2018-10-02,0.0025504477106156596,-0.0022756527406655263
2018-10-03,-0.0027006768102746347,-0.0038156346966224017
2018-10-04,-0.0040647402596528945,0.0014269335208151603
2018-10-05,-0.0007545461762960681,0.004862440263249951
2018-10-09,-0.02599932345318832,0.0016667435901417064
2018-10-10,-0.020980885471004088,0.00035151370140559975
2018-10-11,0.01585466065314502,0.0017697950419972885
2018-10-12,-0.011434066147748664,0.01062843117389707
2018-10-15,0.01779906473814393,0.003668392764702003
2018-10-16,0.005247735457070186,-0.0019700886436368357
2018-10-17,-0.010212064609848803,0.0028781695390234737
2018-10-18,0.0029505417787123087,-0.006263557549742181
2018-10-19,-0.004818537340575028,-0.004513970452899196
2018-10-22,-0.007507073103593157,-0.005037622614524921
2018-10-23,-0.03514738776564548,0.005360130593991337
2018-10-24,0.02155463857494817,0.007398143014541726
2018-10-25,-0.018632084132346412,0.015449034198552215
2018-10-26,-0.0021098766246115254,0.008364889598176144
2018-10-29,0.016116384282457673,0.01746888088748782
2018-10-30,0.01460111640545853,0.003194766475242632
2018-10-31,0.004558681163580764,-0.003861398368802403
2018-11-01,-0.007556711022561115,0.005203241071977378
2018-11-02,0.007399860579137038,0.003981460879281555
2018-11-05,0.008279356830776387,0.0031107349965967574
2018-11-06,0.0203271550807315,-0.0017255256988670874
2018-11-07,0.000152427406742889,-0.0001490642084069966
2018-11-08,-0.0044298552545218705,0.002157891220151967
2018-11-09,-0.017295057406348697,0.0021731924040133254
2018-11-12,-0.000935016430906643,0.0013772359635383885
2018-11-13,-0.0079831370203081,-0.00045538833409206194
2018-11-14,0.006735086936311264,0.003104854216647905
2018-11-15,-0.0006246096392952085,0.004397410747205359
2018-11-16,-0.015426088992093278,0.003389604701973519
2018-11-19,-0.007004167443570795,0.002368111092045123
2018-11-20,-0.0015987213636971041,0.005295801001841332
2018-11-21,-0.0032051309489484468,0.010385020785577804
2018-11-22,0.0028850797380231556,0.008239131800670244
2018-11-23,0.009557256563407156,-0.0015093037162575615
2018-11-26,0.006321133563370733,0.0034365716845324483
2018-11-27,0.020735016781416295,0.0006063952452689942
2018-11-28,-0.0006173792447990594,0.00029454860349693336
2018-11-29,0.007689979452300295,0.0019438987111039185
2018-11-30,0.005500395838505246,-0.003345834397713026
2018-12-03,-0.030162366949503756,0.0004103522975708656
2018-12-04,0.02082437333963156,0.003494579446549621
2018-12-05,-0.01284747955207244,0.006244108458162614
2018-12-06,-0.027160993818208218,0.002906033791133528
2018-12-07,0.009241620905450025,-0.0005359864602459989
2018-12-10,-0.0011108467380499729,0.007188560275976705
2018-12-11,0.0026956331236216414,0.0005756522111897224
2018-12-12,-0.0011090867016624924,0.0081306389656137
2018-12-13,-0.016785623109811392,-0.00039087945150909455
2018-12-14,-0.019535050652412206,-0.00040910702305351713
2018-12-17,0.005737250390143373,0.008845327873587428
2018-12-18,-0.013990846270087086,0.015288189164831784
2018-12-19,-0.021106311133526515,0.011295034581680094
2018-12-20,-0.008842091275417557,0.008364889598176144
2018-12-21,-0.026829822209176186,0.019015399170042843
2018-12-24,0.056446659628345365,0.007701178612281194
2018-12-27,0.0008287064367526195,-0.003734344042288724
2018-12-28,0.001820740385473264,0.00021093314915833624
2018-12-31,0.0004959907516742193,-0.0062653974314244515
2019-01-02,-0.033616610798984974,-0.007871232802758327
2019-01-03,0.02847947132186849,0.0005599731727984748
2019-01-04,-0.0006647831389915878,0.0005374303585409116
2019-01-07,0.007783429208969263,0.004330856063881011
2019-01-08,-0.0009902625004636633,0.0005843351059342796
2019-01-09,0.007730937427210284,0.0007235107247924393
2019-01-10,0.0022913266980699705,-0.0010269709356389575
2019-01-11,-0.00540940586338135,8.346206035153868e-06
2019-01-14,0.010464451279302987,0.003678473708975557
2019-01-15,0.0019499518690791566,-0.0017171615804590686
2019-01-16,0.008245136031737568,0.0018448130422938787
2019-01-17,0.013433753919144552,0.0018005591451719539
2019-01-18,0.0030137226394893234,0.004882082458219156
2019-01-21,-0.012430438940269834,0.004989280402741949
2019-01-22,0.002402499754145187,0.004239817969470236
2019-01-23,0.002556320292863173,0.005699480211401412
2019-01-24,-0.0019166273236640883,0.004446906260344962
2019-01-25,-0.006898238632433865,0.004213661997995484
2019-01-28,0.0019298815896498756,0.0023607480605372802
2019-01-29,0.005607641066473886,0.004205311000456239
2019-01-30,0.008907327859889874,0.007549394964611454
2019-01-31,-0.0038077152145618346,-0.0022415950913392663
2019-02-01,0.008547060578458568,-0.0006870083565563421
2019-02-04,0.005657723719858855,-0.00028712496808831945
2019-02-05,0.004846409861096683,-0.001951971517269854
2019-02-06,-0.0032804840791619467,9.660660089778795e-06
2019-02-07,-0.002506659623654859,0.005761213175220885
2019-02-08,0.005163118721568298,-0.0035838862072042517
2019-02-11,0.007927297284277565,-0.0001238770477399888
2019-02-12,0.004479809762775971,-0.0009942347611692683
2019-02-13,0.0006163328392331293,0.00011628730882319421
2019-02-14,0.0070606586496739995,0.0011964206403701767
2019-02-15,-0.0010712373814986923,-0.0017344775998313488
2019-02-19,-0.00045945325871423614,-0.004713778643140412
2019-02-20,0.0001531745426906247,-0.0022890901428087875
2019-02-21,0.00015315108384304394,-0.004445638928926258
2019-02-22,0.005497875791061217,-0.0023954547073572253
2019-02-25,-0.003203419717537589,-0.0015323203969146459
2019-02-26,-0.0015290522856780673,-0.0014146564365301276
2019-02-27,-0.0016846623174178483,-0.00250301763674052
2019-02-28,0.017774869799809176,-0.00154200188764121
2019-03-01,-0.004527626207135455,-0.004603219221409897
2019-03-04,0.0036237394327297574,-0.0016450570658219834
2019-03-05,-0.0007538635863995998,-0.0035223688762734515
2019-03-06,-0.005899722127188271,-0.0013492974273268245
2019-03-07,-0.005782122013222932,-0.003057418036421829
2019-03-08,0.013339594501216717,0.0030610984525304237
2019-03-11,0.00030111412452772494,-0.0032134418188884445
2019-03-12,0.0018047831639707512,-0.0029571612546545976
2019-03-13,0.0027010820743945813,-0.0036978355676439076
2019-03-14,0.00433645539364913,-0.0007818970890396826
2019-03-15,0.005208732663404186,-0.0068986608407094405
2019-03-18,-0.002675388040510031,-0.004161617573210545
2019-03-19,-0.0038771298195076262,-0.0036945483175451804
2019-03-20,0.010847866240011371,-0.0005941786582282618
2019-03-21,-0.014590105469969063,-0.00263265660028078
2019-03-22,-0.002703110220784895,-0.0023095864918384655
2019-03-25,0.005997019472374487,0.0025945457171836434
2019-03-26,-0.003293909251589441,-0.005963630219285328
2019-03-27,0.00612994369220346,0.00013876401169823511
2019-03-28,0.002530704737326859,0.00037166397859256576
2019-03-29,0.006372752208392571,-0.0006510093340635287
2019-04-01,0.0025083008355679544,-0.0023935899921980397
2019-04-02,0.0019138761822841976,0.00031250561481101745
2019-04-03,0.002937290994193302,-0.00494042416719884
2019-04-04,0.0067232056814185625,-0.0030786167310489095
2019-04-05,-0.004379569044021612,-0.0016499130775930986
2019-04-08,-0.00557513181141163,-0.003595113081221005
2019-04-09,0.004111002706522288,-0.0011465926118975902
2019-04-10,0.004240082381393733,-0.0024981144441024103
2019-04-11,0.0033500868852818057,-0.0023324728892068426
2019-04-12,0.0029040241114550816,-0.004172765254881749
2019-04-15,-0.0002900232038890209,-0.0033351912789215806
2019-04-16,-0.003486855196326383,-0.005698648624385096
2019-04-17,0.00421175555427496,-0.003326374565373739
2019-04-18,-0.0011600929375304883,-0.003195722227925186
2019-04-22,0.014977238490672283,-0.0008732934953864505
2019-04-23,0.0018564803618321846,-0.001529505031592588
2019-04-24,-0.0005708577292175085,-0.005342824984321391
2019-04-25,0.0021390382487494423,-0.0031542445637208873
2019-04-26,0.0009966541723408335,-0.0056220323558612536
2019-04-29,-0.0022795279852300386,-0.0065889578681650116
2019-04-30,-0.004718001460248171,-0.003653145891320612
2019-05-01,-0.0008602151068078811,-0.004696590849550418
2019-05-02,0.00714595008846607,-0.0030702064781504127
2019-05-03,-0.003709520589884937,-0.004709071534297963
2019-05-06,-0.014107042641706325,-0.005550891611829167
2019-05-07,0.0,0.0026580642437713364
2019-05-08,-0.004504184876109831,7.75681294985326e-05
2019-05-09,0.0005823264103995365,-0.002194011168373995
2019-05-10,-0.020437379720379328,-0.003919237881939143
2019-05-13,0.0072523073731456085,-0.0004777386947775556
2019-05-14,0.004854735537069678,0.005191557621170604
2019-05-15,0.01022055911051826,0.005756828630607178
2019-05-16,-0.005389278210367231,0.0013305942889770958
2019-05-17,-0.0027787952067316202,-0.0019496400048937647
2019-05-21,-0.0007325470989075712,0.007723880005495575
2019-05-22,-0.008389187474769985,0.006358370257574443
2019-05-23,-0.001183082066418528,-0.002618176646232643
2019-05-24,0.0032501136602060498,0.006120336154212059
2019-05-27,-0.007996488634226265,0.006180427891015796
2019-05-28,-0.004320948390164777,-0.0010472777036057074
2019-05-29,0.0007463243872055253,0.0012115175208673682
2019-05-30,-0.01246168817833286,0.0014642214584552353
2019-05-31,-0.008039482057384887,-0.0025853012317331807
2019-06-03,0.0176621694495322,0.0018080450019712984
2019-06-04,0.01027176876472296,0.006145858400644905
2019-06-05,0.0020713130648607014,0.005591278554117127
2019-06-06,0.004129799379875382,0.005534437924139243
2019-06-07,0.0039662189341900965,0.0027137957407199586
2019-06-10,0.000732761811933275,0.002247171360160845
2019-06-11,0.001317619691397364,-0.003863211773270528
2019-06-12,0.00408819375058478,-0.0009142603411123628
2019-06-13,0.004941870522656578,0.00028539888621848886
2019-06-14,0.0004348771540594625,-0.0035828646601682316
2019-06-17,0.007939413772192525,-0.0005684986380668053
2019-06-18,-0.0034567224395584944,-0.0037837853438820136
2019-06-19,0.0024497454430109098,-0.0008000884551831876
2019-06-20,-0.0004318721725513779,-2.4038197497066013e-05
2019-06-21,-0.0036062065767288373,-0.002762232634302411
2019-06-24,-0.01045913079013716,0.0005681302553543852
2019-06-25,-0.005417686580259692,0.0018014695875974822
2019-06-26,-0.0022047484494958475,0.0010756869601880536
2019-06-27,0.004111606379692326,0.0008246880563219869
2019-06-28,0.012234350095054304,9.17180207518749e-05
2019-07-02,0.005773688094426352,0.001171188336365034
2019-07-03,0.0021565675815511114,0.0007878438586523872
2019-07-04,-0.004029362193614752,0.0005411577915275708
2019-07-05,-0.00303271226736202,0.0024022524659425225
2019-07-08,0.003897514858013694,0.00023524338788054384
2019-07-09,0.0004321210006024854,0.0028541755584588313
2019-07-10,0.0011514106050418357,0.0011974060539417285
2019-07-11,0.002585836809341756,0.0023357138468977612
2019-07-12,0.0008604618342460939,0.0013957721258726638
2019-07-15,-0.0008604618342460183,0.0035385955852167586
2019-07-16,-0.00850087966317531,0.0011177728094522292
2019-07-17,0.002023706964144904,0.006433967180520865
2019-07-18,-0.0036166404701885504,-0.00020885553394657224
2019-07-19,0.006356565754835341,0.005074643127415461
2019-07-22,0.009031672030347757,-0.002166045684612117
2019-07-23,0.005408495962246897,-0.0015620199115319638
2019-07-24,-0.004552575795870235,0.0037705520680888687
2019-07-25,0.008801873974527922,0.00011205122627661144
2019-07-26,-0.003256178993677613,7.634585002255583e-05
2019-07-29,-0.003409094210772977,0.001335117285466124
2019-07-30,-0.0051355319716164015,0.0036046385213964905
2019-07-31,-0.008474018392880964,-7.960873040173222e-05
2019-08-01,-0.008110109622654361,0.0032618622966988984
2019-08-02,-0.01243706132865281,0.007133825136264886
2019-08-06,0.003967384529469681,-0.0005059808737380713
2019-08-07,0.01180857806469784,0.0002610788103288782
2019-08-08,-0.007856871495220243,0.003879259706036734
2019-08-09,-0.009687438155689298,0.001414073285843304
2019-08-12,0.014496190591573086,-0.0007348900752170051
2019-08-13,-0.023385138008818977,0.0037398578630660393
2019-08-14,0.0026749904493028336,-0.00012601737051989528
2019-08-15,0.012682665205016834,0.001171592428661567
2019-08-16,0.015414003012433813,0.004209968315807404
2019-08-19,-0.008695706967553821,-0.0035697915549630314
2019-08-20,0.0062395907288699546,0.0006833669530856911
2019-08-21,0.0,0.0005237577560853518
2019-08-22,-0.02920879840528466,0.005704757156238347
2019-08-23,0.008896855837736717,-0.005628919836550089
2019-08-26,0.0016225388912523837,-0.00357490717077783
2019-08-27,0.007049522511808777,-0.005150444858846597
2019-08-28,0.01221833381980655,0.0007666013313943627
2019-08-29,0.0020219533173999296,0.002677934724359569
2019-08-30,-0.005207591690582445,0.0041798042533870376
2019-09-03,0.002607185717862744,0.0005494607241744067
2019-09-04,0.014219270095860253,0.0028723855637773866
2019-09-05,-0.0037148206743479652,0.006479145218727493
2019-09-06,-0.0012891214275407249,0.008572803819818387
2019-09-09,-0.0017214177253303342,0.003010727639452325
2019-09-10,0.011136608531504283,0.0020984326581117295
2019-09-11,0.005239691942354925,0.0021099486084911637
2019-09-12,0.004228336109521105,-0.001710711996281687
2019-09-13,-0.005076153031860661,-0.0013770561273745595
2019-09-16,0.0021181960895916476,-0.004318149531109538
2019-09-17,0.0028173000744656073,-0.001151459409827498
2019-09-18,-0.0016894274045002843,0.0016870492322425185
2019-09-19,-0.002963383245306972,0.0034647306954245297
2019-09-20,-0.0015557601610480913,0.0007932453901146251
2019-09-23,-0.009814458980135348,0.0011587169955894743
2019-09-24,0.004278996687279784,0.001695033165193349
2019-09-25,-0.0025652002095450637,-0.002002098852050356
2019-09-26,-0.0075915282586840535,0.006144145088128718
2019-09-27,0.006163568570090177,0.0015593595417583545
2019-09-30,-0.014827882700231148,0.0014038595977350513
2019-10-01,-0.010937039389894388,0.002053849134039861
2019-10-02,0.008759180089881554,-0.003490216455732129
2019-10-03,0.012566064102729617,-0.00245737618827645
2019-10-04,-0.002874804337238015,0.00715195636202179
2019-10-07,-0.01522982515533091,0.005181973758074785
2019-10-08,0.008586242083051827,0.009574253416836168
2019-10-09,0.003760490402003068,0.00762724515138506
2019-10-10,0.00489632314606142,0.005560887825512733
2019-10-11,0.009009714146286074,0.0033655013554279587
2019-10-15,-0.0027086765438451865,0.004952886753656488
2019-10-16,-0.0015715411477861636,0.0009749739421170229
2019-10-17,-0.004729496454654666,-0.005509774554448777
2019-10-18,0.0032986763507716252,-0.0016627013857983361
2019-10-21,-0.0027242113055320483,0.0015783064331025588
2019-10-22,0.0010045204260052685,-0.0011669081447918067
2019-10-23,0.0021491519125391434,0.0011837562640293886
2019-10-24,0.0030010740637766054,-0.0009208061564989639
2019-10-25,0.00554964071079518,-0.0018101162910607073
2019-10-28,0.001984690189324336,-0.0009385399509435808
2019-10-29,0.008461480465777889,0.0005234010496135414
2019-10-30,-0.0026717304790915028,0.003826525985155138
2019-10-31,0.0068757725453628855,0.0007135794339229234
2019-11-01,0.00516076185505349,0.0012181290294618421
2019-11-04,-0.0001391304350068923,0.0005636554365864611
2019-11-05,0.0018071875357039142,0.0009936041666421278
2019-11-06,0.0023583280681264765,0.0036000816016786737
2019-11-07,0.006353612533894934,-9.23330208503184e-05
2019-11-08,-0.0013777902427556824,-0.0014249469787739027
2019-11-11,0.0026161804939022495,0.001564851564454082
2019-11-12,0.0020605818129674656,0.0033797578037739182
2019-11-13,0.000685918128271427,0.0024530917489988804
2019-11-14,0.0053340754250328914,0.0011523891491075655
2019-11-15,-0.0006822678848268475,0.0010551306492281333
2019-11-18,0.004901970600206688,-0.0014431364390518427
2019-11-19,-0.0016313217320840852,-0.0011693264133375491
2019-11-20,-0.0028612322810321234,-0.0022768658955219664
2019-11-21,0.0027251686030209206,-0.0011021992409968664
2019-11-22,0.008401133422487772,-0.0015942366258357532
2019-11-25,0.0008092797851993145,-0.0019751749326279637
2019-11-26,0.0043051324397180785,-0.0014435905305110696
2019-11-27,0.0028152039505867994,-0.0004947063362561101
2019-11-28,-0.003486660364721635,-0.0006113985889396691
2019-11-29,-0.010262039826998502,-0.00419948996834917
2019-12-02,-0.006399368288500266,0.000585861089534642
2019-12-03,-0.0019141378554249058,0.0027749201760190623
2019-12-04,0.0006840413427682097,-0.003655481768875364
2019-12-05,0.015201161332050338,-0.0036033750766445074
2019-12-06,-0.0052670795005563004,0.0003615618054124361
2019-12-09,-0.0009483168088591334,0.004501344477529292
2019-12-10,-0.0010848929732386024,0.0015566122558380894
2019-12-11,0.008780873710872956,0.0011371678404404509
2019-12-12,0.0010754134656554182,-0.003038609426538368
2019-12-13,0.004958798608612169,0.0008549361214923
2019-12-16,0.0006682258852058622,0.00043350617202912
2019-12-17,-0.004418565132249683,-0.00017053987272990661
2019-12-18,0.004952824527888033,-0.0005522186547533132
2019-12-19,0.00811228599370321,0.0009518314147786202
2019-12-20,-0.0010601644247679608,-0.0005716364452517152
2019-12-23,0.0003976933836469129,0.002277613682360058
2019-12-24,-0.0001325468886558956,-0.00022669432909130718
2019-12-27,-0.011867597114454675,0.0003789531569919676
2019-12-30,-0.00161095483892795,0.001862725895848456
2019-12-31,0.00802894718581793,0.003704167930355881
2020-01-02,-0.006015658806962689,-0.00880369350990441
2020-01-03,0.0008041817884136416,0.0035404420628771605
2020-01-06,0.0012050614031103742,0.0030011482945906894
2020-01-07,0.006269613013595395,0.0006227465591701261
2020-01-08,0.00979232384786212,0.0018554802546325048
2020-01-09,-0.003033302688441051,0.002372801108172895
2020-01-10,0.006451210577385514,-0.00022557277982465076
2020-01-13,-0.0014446125041691921,0.002656514278614429
2020-01-14,0.0009195402946783599,0.0018102696776852404
2020-01-15,0.007977548356697176,-7.207754138212268e-05
2020-01-16,0.005974043741365556,0.0012989310658950753
2020-01-17,0.0,-0.0010113163730927285
2020-01-20,-0.0014253322788823303,0.0015409296365854037
2020-01-21,0.005689180072160861,0.003005428222176241
2020-01-22,-0.000515862791940303,0.0007684834597863811
2020-01-23,-0.007770046861931788,-0.001083954284782418
2020-01-24,-0.01255903477649391,-0.0034527277936497766
2020-01-27,0.0083901908024604,-0.0027163710577923226
2020-01-28,0.0024773465959067958,-0.0020472226132483627
2020-01-29,0.0016914973781267037,-0.0034511386336428303
2020-01-30,-0.014667628072253018,-0.0012577278557430347
2020-01-31,0.012064137926856911,-0.0015771205144630288
2020-02-03,0.01333612048416076,0.0003631919302317843
2020-02-04,0.011763337281807746,0.004115830197452181
2020-02-05,0.004312538393490807,-0.003383623062758394
2020-02-06,-0.0049483067409276105,-0.0030205892830232647
2020-02-07,0.007728894983436321,-0.003819392318829115
2020-02-10,0.000630875044581994,-0.003750092820249004
2020-02-11,0.004028202828604788,-0.0032523698667851777
2020-02-12,-0.0010055305020187607,-0.004338774897480769
2020-02-13,0.001256755223852679,0.005463167346902539
2020-02-14,-0.002389186927130455,-0.00013493604190715193
2020-02-18,0.0028914471084572416,-0.0011223851196045008
2020-02-19,-0.001256123767726629,-0.0002188343334025156
2020-02-20,-0.01443245712158593,0.001373603150911798
2020-02-21,-0.02727500556264378,-0.0015804316453353195
2020-02-24,-0.030738898097372087,-0.013926879419719528
2020-02-25,-0.0029774010356401507,0.00780192237191304
2020-02-26,-0.010765246704988764,0.010529810420595672
2020-02-27,-0.031169908940193832,0.009164949907441837
2020-02-28,0.03527163741441191,0.009389707593754962
2020-03-02,-0.02472672423779696,0.013486853198075119
2020-03-03,0.042040831855741444,0.01716687000767104
2020-03-04,-0.031052474543497518,0.002586554558176528
2020-03-05,-0.019133325806198677,0.01859569375048623
2020-03-06,-0.059849400663407194,0.01859569375048623
2020-03-09,0.04879016416943205,0.0206926387952432
2020-03-10,-0.04849080778342164,0.01409219158185165
2020-03-11,-0.0909646517648493,0.01716687000767104
2020-03-12,0.08616416249804731,0.0206926387952432
2020-03-13,-0.11307608563403966,0.01250660067061839
2020-03-16,0.07475722133190295,0.016186617480214317
2020-03-17,-0.04212492630067112,0.01250660067061839
2020-03-18,0.010214924654827399,0.016186617480214317
2020-03-19,-0.05402241217940004,0.013529174614300758
2020-03-20,-0.019775384350398252,0.016186617480214317
2020-03-23,0.08677978829012316,0.017615441223029507
2020-03-24,-0.011209084534719853,0.012638556354729498
2020-03-25,0.05406722127027579,0.0123874535120478
2020-03-26,-0.03904376466008508,0.000518753412917158
2020-03-27,0.0446724400515926,0.0076263199906466
2020-03-30,-0.024104951559080656,0.001681647297546703
2020-03-31,-0.03269658707633795,0.0035863111470036484
2020-04-01,0.019399558932848376,0.004970476496001538
2020-04-02,-0.016353464393167476,0.0018186061772473817
2020-04-03,0.06401813604086479,-0.0013654237262099868
2020-04-06,-0.01011100442113499,0.0032378203330903836
2020-04-07,0.03707160642425025,0.0030900919162003995
2020-04-08,0.01133568307416525,0.002375958583852892
2020-04-09,-0.01749315744751723,0.004951514875856
2020-04-13,0.03226786499482254,0.006483013183691854
2020-04-14,-0.008149305233074047,0.005819768367269994
2020-04-15,0.007009541610615016,0.005842696316449928
2020-04-16,0.01990045209204836,0.006529954559485233
2020-04-17,-0.009971292503829122,0.005332528203942757
2020-04-20,-0.026313544504178867,0.0037932659283581444
2020-04-21,0.020793751280580884,0.007094456463440785
2020-04-22,-0.007836472389197713,0.004178150567526548
2020-04-23,0.014766703082158049,0.007140481625707673
2020-04-24,0.011909072448126674,0.0054383047651087035
2020-04-27,-0.009656502158751913,0.00556779011913091
2020-04-28,0.019082687839297344,0.002675698131612316
2020-04-29,-0.007339228401347118,9.520795354135013e-05
2020-04-30,-0.017243015003988917,0.0009901672802221661
2020-05-01,0.005640172876261123,0.0014472066878201827
2020-05-04,0.006726482760950591,0.0011176578656765246
2020-05-05,0.0,0.0007024351494277589
2020-05-06,0.00027929060368689146,0.003343473308005531
2020-05-07,0.01193629716443725,0.0006005961306194535
2020-05-08,0.006874769273577646,-0.0009559279686935697
2020-05-11,-0.016858213257760837,-0.0022864311901709573
2020-05-12,-0.01488164484801369,0.005978005343336872
2020-05-13,0.005360430383923454,-0.00418275639802343
2020-05-14,0.009799882433010559,0.002850957985559485
2020-05-15,0.009014692487773625,0.003874914792659569
2020-05-19,0.014664828011556105,-0.0005149985880739359
2020-05-20,-0.004909993497555782,-0.00015519745771891514
2020-05-21,0.005590034326211342,-0.002389171410613491
2020-05-22,0.011624894361723297,-0.0038028943835281674
2020-05-25,-0.01366640578869983,-0.00037564770600214374
2020-05-26,0.012321596548908027,-6.641290211319861e-05
2020-05-27,-0.00040379568487289844,-0.004053966643747643
2020-05-28,0.005906057436082075,0.00014025294794306665
2020-05-29,-0.011982640849513001,-0.0016379237827520272
2020-06-01,0.003920248346084935,-0.00441266521598653
2020-06-02,0.011402632097811552,0.0002468849908976129
2020-06-03,-0.001869159422703536,-0.003201803353948799
2020-06-04,0.022202577151493458,-0.0014226440373364413
2020-06-05,0.005084425267837826,0.0012173525086966188
2020-06-08,-0.004169930462449968,-0.0022576218147640627
2020-06-09,-0.005630866707977536,0.0007384197048859374
2020-06-10,-0.043753623947049305,-0.0006690794930533414
2020-06-11,0.010508455622797574,0.00465414414092103
2020-06-12,0.0051455766883777496,0.004409149692847234
2020-06-15,0.01859958616024265,0.0023520200896211736
2020-06-16,-0.0013266120279363054,0.00324326358973981
2020-06-17,0.002651466487753221,0.002132439758728427
2020-06-18,-0.005176888179533792,0.0005749960446234459
2020-06-19,0.0005321979902091726,-0.0030101663219342495
2020-06-22,0.006628686607590888,-0.002840905108120133
2020-06-23,-0.022313705534247885,-0.003802947426924594
2020-06-24,0.013287894326935371,-0.0008049224393428783
2020-06-25,-0.022518311430602286,0.002328724199118918
2020-06-26,0.009095291098461735,-0.00024646827502380035
2020-06-29,0.007673188351533565,-0.0015527213006898536
2020-06-30,0.010405643516801136,0.00044779313113531093
2020-07-02,-0.004122620374535028,0.005567488914464175
2020-07-03,0.01730672696667195,0.004188660977920015
2020-07-06,-0.005647877362968879,-0.0028688977385291792
2020-07-07,-0.0002634699000881244,0.0044864069782205055
2020-07-08,0.0011850682801090738,0.0032005084639722906
2020-07-09,0.010863270236065177,0.00039189395808222254
2020-07-10,-0.008103560225157975,-0.002998811816665513
2020-07-13,0.013426519888571992,-0.0005340106163647568
2020-07-14,0.001552594437902527,0.0001414428166530113
2020-07-15,0.0009045681304269146,0.0008439911367267639
2020-07-16,0.0033526788335675023,0.0030917333394242354
2020-07-17,0.006032232884416218,0.0046397599703250315
2020-07-20,-0.004874304160633775,-0.00013748871363832563
2020-07-21,0.0025683846146567395,0.005213803466168275
2020-07-22,-0.012778489465908469,0.004220406057954644
2020-07-23,-0.005209701806451685,-0.002657210938644437
2020-07-24,0.0022174404181581676,-0.0026852420096415835
2020-07-27,-0.0037856581990398605,-0.0034941581370908628
2020-07-28,0.008854224511815195,0.00030837539713540193
2020-07-29,0.004655983579219665,-0.00562646666110398
2020-07-30,0.003606392368300006,0.004011647822761214
2020-07-31,0.0047457281398843995,-0.0019256142603153183
2020-08-04,0.0038314223115558676,0.004515202803332738
2020-08-05,0.007998519123374404,0.0019391739422364937
2020-08-06,0.006554094547921088,-0.0014625288290367004
2020-08-07,0.0010045204260057121,-0.0038247528498679215
2020-08-10,-0.011486399561109929,0.0008875952268177364
2020-08-11,0.01060749938525385,-0.0003523779881124557
2020-08-12,-0.005289684878165764,-0.003272244749004946
2020-08-13,0.002648340030769093,0.0023750573062720926
2020-08-14,-0.0011341441578618333,0.001060155087524697
2020-08-17,0.0002521432186833728,0.0003594458276549277
2020-08-18,-0.000882779551622494,0.0002861589762630453
2020-08-19,0.0007567158893060762,0.001957548194576018
2020-08-20,0.0039006026177582915,-0.0009066462142499755
2020-08-21,0.012603898053704987,0.002709288342816587
2020-08-24,0.0006198475373565694,-0.0016912421120842138
2020-08-25,0.007408355898065906,0.0006110990510839456
2020-08-26,0.0007378259065658034,3.1262582758048892e-06
2020-08-27,0.004293168200910592,-0.0018458418860908292
2020-08-28,-0.006138754698324902,-0.00036308570324358204
2020-08-31,0.009804000096620835,0.0019203060253876675
2020-09-01,0.013445784300681768,-0.003005503326894638
2020-09-02,-0.029302548228654125,-0.0034555575884609308
2020-09-03,-0.013848390485943657,-0.0011237334331938803
2020-09-04,-0.01468009152219174,-0.01041011974257191
2020-09-08,0.013800307640898332,-0.017833323253768702
2020-09-09,-0.014055312104858263,-0.001449219593331801
2020-09-10,-0.0007654037878455635,-0.009569345336856131
2020-09-11,0.012176710575255066,-0.007573059388506548
2020-09-14,0.006659571009426277,-0.006297586993986838
2020-09-15,-0.005651506407931216,-0.004625187313812066
2020-09-16,-0.010890319103226414,-0.009376271570683084
2020-09-17,-0.0071556655954123595,-0.007926352460823563
2020-09-18,-0.0047560986884039,0.0014493721099281896
2020-09-21,0.010892655915359048,-0.001275518892473126
2020-09-22,-0.017615370310235513,0.0018175801969387993
2020-09-23,0.0006483823089109359,-0.0013104792557781927
2020-09-24,0.018876965025583427,0.0021412935566738466
2020-09-25,0.014397823859288903,-0.000552287040300748
2020-09-28,-0.006163153902664948,-0.0021348206628934202
2020-09-29,0.0018907171448305838,-0.0004117397714481353
2020-09-30,0.002515408193367346,0.0035540108008406523
2020-10-01,-0.0076918606334653245,0.0032531971850590716
2020-10-02,0.014576784869533076,-0.0006226710194696143
2020-10-05,-0.011038747314822074,0.0029703600720324976
2020-10-06,0.015271294402785043,-0.0002780352523912209
2020-10-07,0.0027291916208357957,0.0020777091023483226
2020-10-08,0.0025982074622570403,3.464102159934164e-05
2020-10-09,0.012524721682228023,-0.00021173332817666849
2020-10-13,-0.007594353011154929,-0.0029702303220861715
2020-10-14,0.004294221677726373,-0.0019958055152306804
2020-10-15,-0.002206153609593171,-0.00162307721010239
2020-10-16,-0.015830159904910258,0.002015275077270017
2020-10-19,-0.0002493454694379178,-0.0008380802532559349
2020-10-20,-0.00062363581690684,0.0004805222613033909
2020-10-21,0.00448152125632739,0.005701164501808595
2020-10-22,0.003100393132747385,0.0031619479948386577
2020-10-23,-0.014216475872465667,0.0018180112996639764
2020-10-26,-0.004027188931368941,-0.0012413733639788417
2020-10-27,-0.026191212862947406,0.003893619074745511
2020-10-28,0.013756082444399916,0.0005373555333216864
2020-10-29,-0.013367808317992254,0.0014157204793040024
2020-10-30,0.004905134399258544,-0.0036582100791040153
2020-11-02,0.012667305200765635,0.00297186776687399
2020-11-03,0.021384462679234658,0.004289625778595895
2020-11-04,0.012245808295557045,-0.005361530456786971
2020-11-05,-0.0011070792692316474,-0.004004150013591167
2020-11-06,0.00918842605440617,-0.002413697228794116
2020-11-09,0.0018275972190240858,-0.004856997756668039
2020-11-10,0.009088217657972237,-0.005292648269082955
2020-11-11,-0.004594373938198343,-0.003176811082780345
2020-11-12,0.01443720937474804,-0.006350711328547746
2020-11-13,0.007496911414178374,-0.0007584940478778312
2020-11-16,-0.004158010148663677,-0.003097655428375069
2020-11-17,-0.013302371239878775,-0.007457920494868687
2020-11-18,0.003131778035501898,-0.0005822845716587876
2020-11-19,-0.005426603609291045,-0.00401402204875691
2020-11-20,0.0059075462661506584,0.0006327743980069564
2020-11-23,0.009570595841739289,0.00446170325880839
2020-11-24,-0.0017875235648036063,-0.0009322553452550396
2020-11-25,0.0010728975220042946,-0.0028610708658204456
2020-11-26,0.0033305609471645323,-6.413157489988007e-05
2020-11-27,-0.007030953113481713,-0.0011525142867340671
2020-11-30,0.00762453062245155,-0.0021104810453512327
2020-12-01,0.0005932253837136728,-0.0012457605786644437
2020-12-02,-0.005470993665366532,0.0003133839640848739
2020-12-03,0.002382371585406846,0.004234122492899299
2020-12-04,-0.00023798191449768302,0.0018321741390357426
2020-12-07,0.004748910741281874,-0.0003842705594578205
2020-12-08,-0.008086617976232858,0.0031246861061971993
2020-12-09,-0.007069707715363674,0.006853840780915418
2020-12-10,0.0,-0.0019871175456236414
2020-12-11,-0.004942448732639858,-0.0010525614481470835
2020-12-14,0.007584458195478528,-0.0030212654517753814
2020-12-15,0.006574645642085385,-0.0010121464853609938
2020-12-16,0.00428011591465461,0.0008026179568978198
2020-12-17,0.0014226439862377609,0.0008139786522528435
2020-12-18,0.0016571973489608023,0.0008344741226822926
2020-12-21,0.0010638927654000494,-0.002047363195936234
2020-12-22,-0.003432159118011991,0.0014598608399038094
2020-12-23,0.0009479796894314685,0.004775450533244268
2020-12-24,0.0062577688122199045,0.003421366420994745
2020-12-29,-0.0057841157542234045,0.0012760568555991892
2020-12-30,0.0035452648809088743,0.003782682834995632
2020-12-31,-0.011031486047582022,0.0012200040699953392
2021-01-04,-0.0007159050538432795,0.0005777250752312031
2021-01-05,0.005475552306831088,0.0018698141012905547
2021-01-06,0.015781743162950685,0.0005535064080289334
2021-01-07,0.007102550670637182,0.0030949838556405093
2021-01-08,-0.0003481288111748182,-0.0011691916122979467
2021-01-11,-0.00465333552564116,0.0011537692040402996
2021-01-12,0.0017475393274732872,-0.0018409684535632496
2021-01-13,-0.00865097749697555,0.0021442168639182343
2021-01-14,0.00035217468228046766,-0.0010604793745586116
2021-01-15,0.004216450378934825,0.002936841970246356
2021-01-18,0.0035001785822096204,0.00248403133786814
2021-01-19,0.007195110534538287,0.001748407102862824
2021-01-20,-0.0011570057983978867,-0.0018086399110241553
2021-01-21,0.004504772272843188,-0.0019448133701922077
2021-01-22,0.004943391109535633,0.001825316529724278
2021-01-25,-0.005289192507713831,-7.983801417274618e-05
2021-01-26,-0.018031082352471077,-0.0006956922534302902
2021-01-27,0.010741492653324707,-0.0004059689325681081
2021-01-28,-0.02124368370026406,-0.002939561439662824
2021-01-29,0.022404315214023897,-0.004659316621124905
2021-02-01,0.00923687435609963,0.0006553058183248225
2021-02-02,-0.0006898137776410289,0.0016153260954375626
2021-02-03,0.013479756311276942,0.002648249693769081
2021-02-04,-0.00022696323293069315,-0.0023619435928591546
2021-02-05,0.0050942545217430935,-0.0014205696419353393
2021-02-08,-0.003959953129705917,-0.0012769451860605314
2021-02-09,-0.00022675737058613864,-0.0017642745049684563
2021-02-10,0.00192580065182705,0.0005169142703154464
2021-02-11,0.005305052229693098,0.0012117440871788861
2021-02-12,-0.0024797127223985947,-0.0029180939009875806
2021-02-16,0.0011279044732845434,-0.0020159528932357706
2021-02-17,-0.0064461631186545345,-0.0007933510232954512
2021-02-18,-0.005688944686575159,-0.003938189367938253
2021-02-19,-0.007559307557773345,-0.0031791749458017922
2021-02-22,-0.001956384765775728,-0.000593324337461756
2021-02-23,0.00620121417634881,-0.0044950349512215175
2021-02-24,-0.016506405819510933,0.002458489478726532
2021-02-25,0.0045288354710116075,-0.003558516611472195
2021-02-26,0.017343798902004947,0.0059206455485433275
2021-03-01,-0.011452255262123855,0.0032870809761582644
2021-03-02,-0.010886036860867145,0.0010922996692965536
2021-03-03,-0.012419608964135697,-0.004871872646646963
2021-03-04,0.020075370750294242,-0.01197034718872058
2021-03-05,-0.005213474126875497,-0.0027109950726537588
2021-03-08,0.012007995573332207,0.001007076288542955
2021-03-09,0.004123244874977749,-0.0004909862960127497
2021-03-10,0.002967361227802008,-4.852278966051246e-05
2021-03-11,-0.002967361227802112,0.00018669098153163244
2021-03-12,0.006493899209434576,0.004766837759485976
2021-03-15,-0.003982482364317597,0.001238714167592443
2021-03-16,0.0004559443826850205,0.0020883142113332647
2021-03-17,-0.00582892101254693,-0.0003712197692786777
2021-03-18,-0.002065405209276768,-0.006619527628857982
2021-03-19,0.008919441637068926,-0.003895028462378633
2021-03-22,-0.003078504227087497,0.0021072820150564667
2021-03-23,-0.005611237167786315,0.0019933956173535648
2021-03-24,0.008803578266759475,-0.005291801193806315
2021-03-25,0.009629074682427631,0.0031729493124054717
2021-03-26,-0.00045105999862637644,0.00271283473722525
2021-03-29,0.0010145990386178452,0.001956903651178681
2021-03-30,-0.0012402053565514475,0.0003560016700154238
2021-03-31,0.009096586955754616,0.0015476478472374708
2021-04-01,0.012443222432128866,0.0007816266051363483
2021-04-05,0.0030867624553230183,-0.0017601408373415664
2021-04-06,0.005160026819414605,-0.002910265227030975
2021-04-07,0.0,-0.0027702505156808207
2021-04-08,0.004697665273084844,-0.006002573909051488
2021-04-09,0.002938457792642818,-0.002309719549276724
2021-04-12,0.00032596295176437495,-0.004867379216539355
2021-04-13,-0.004900635999002289,-0.0052893210856906105
2021-04-14,0.012584240707246426,-0.00030221560051040826
2021-04-15,0.001077470204444612,-0.0031709336667824833
2021-04-16,-0.0030198469886512417,-0.0035596306117464853
2021-04-19,-0.0002160527177033107,0.002479653566068495
2021-04-20,-0.00021609940656752163,0.00020743173449714925
2021-04-21,-0.008137624247853973,-0.0018960336840129941
2021-04-22,0.008353723654421464,0.002863300007487201
2021-04-23,-0.00476500793293669,0.0034740265237312652
2021-04-26,-0.00032571521920875577,-0.0017377030888467075
2021-04-27,-0.007411478067548384,-0.0013242819079684726
2021-04-28,0.0037126052689524054,-0.0012012832633352102
2021-04-29,-0.006122244989105481,0.009082838263787741
2021-04-30,0.00208139418955137,-0.002578721305573522
2021-05-03,-0.0041671296182753505,0.0017154989644429816
2021-05-04,-0.0025306719783141788,0.00139105841769996
2021-05-05,-0.0011022928805711116,0.005435295690045834
2021-05-06,0.005828355422321019,0.005763703991163783
2021-05-07,-0.013912115737724384,-0.0006175609017951803
2021-05-10,-0.008261741756597635,-0.0005772765509441445
2021-05-11,-0.01844256605183073,-0.0007045833641960154
2021-05-12,0.014285957247476652,0.009377277053874901
2021-05-13,0.01175101653551873,0.007333351171397693
2021-05-14,-0.007146077752796706,0.006088910716094957
2021-05-17,-0.008665858069037127,-0.0014173196984447608
2021-05-18,0.0019197115036791216,0.004174728928001546
2021-05-19,0.005176111477789799,0.0021791447092581444
2021-05-20,-0.0003367570329854649,0.0036231952825546963
2021-05-21,0.008385090215813774,0.005552930865581716
2021-05-25,0.005661963502160262,0.0031846254257258434
2021-05-26,-0.003104559539787076,0.0016794505806388533
2021-05-27,0.0027723888009746483,0.00021757628837398477
2021-05-28,-0.001662510773613414,-0.0003639075290262845
2021-05-31,-0.0001109323868241055,0.0013154567441835776
2021-06-01,-0.00133214939771562,0.0006558554351996424
2021-06-02,0.0023300981416228303,3.591480857904067e-05
2021-06-03,0.006737751230948439,3.301137520593174e-05
2021-06-04,-0.0003303055356207865,-0.0012861185216182496
2021-06-07,0.002859029877990251,-0.0009293996000362158
2021-06-08,-0.0017584354459603323,-0.0006805825190025673
2021-06-09,0.0031848909465189957,-0.0024934794145301782
2021-06-10,0.006884144545144966,-0.0011391018430335154
2021-06-11,0.00021777003570372936,-0.0006415732066172673
2021-06-14,0.002066453506030626,-0.0003178876647333767
2021-06-15,0.0006516780940959621,-0.0005286289108950573
2021-06-16,0.007787190551768685,-0.0006875225682311099
2021-06-17,-0.007787190551768565,-0.00017591679104600726
2021-06-18,0.008541054138168245,0.0002865967602906675
2021-06-21,0.0012910168549461513,-0.0008285556197064019
2021-06-22,-0.0012910168549461892,0.000452972698054189
2021-06-23,0.006759319764383582,0.0007621256572383786
2021-06-24,0.0013891117262846593,0.002228788716822406
2021-06-25,0.006068044381797521,0.000215672078642882
2021-06-28,0.0011667993898667743,0.00019501781607017928
2021-06-29,0.002329522442704712,0.0009186309186954646
2021-06-30,0.006115582113899235,0.002137476174882827
2021-07-02,0.004614586059722715,-0.0003589753695092686
2021-07-05,0.0049058080749643925,-0.0034274523567325867
2021-07-06,0.005089069507471228,-0.004753847152635898
2021-07-07,-0.005193198210642345,-0.005328184488719604
2021-07-08,0.004675090328993975,0.0022056361832636677
2021-07-09,0.004034140459418298,-0.0032451087498237626
2021-07-12,0.0014441925348985473,-0.0027150606073857277
2021-07-13,0.000927309324086894,-0.0028088183929307516
2021-07-14,0.003803263051839342,0.0008985649876626817
2021-07-15,-0.006587774725678897,-0.0021740784402195135
2021-07-16,-0.0051770668539074345,-0.005416975050698793
2021-07-19,0.00981362144832467,-0.0003555229350340367
2021-07-20,-0.0010284892400998615,-0.0031277521231337212
2021-07-21,0.002158606995350825,-0.003126275832228307
2021-07-22,0.010317268085099824,-0.005230272995371172
2021-07-23,0.00030483158291216074,-0.0003554985399888957
2021-07-26,-0.0007114182931282504,-0.004006645882336448
2021-07-27,-0.004994149910263615,-0.002772381250416459
2021-07-28,-0.002352821912968823,-6.863941875055333e-05
2021-07-29,-0.0026663947702045346,-0.00010552354715767344
2021-07-30,0.010013366593436998,-0.0008228711128170057
2021-08-03,-0.002850745160090607,-0.0018410412034205923
2021-08-04,0.0020370754650771462,0.0011355144696094163
2021-08-05,0.006389798098770988,0.0005329169811576176
2021-08-06,0.0006064281568503374,-0.0011713042359392353
2021-08-09,-0.002934482247443708,-0.0013051544603698054
2021-08-10,0.0006078411695608068,0.000601857999330725
2021-08-11,0.004143722135088157,0.0015441019048580956
2021-08-12,0.001612415949462219,-0.002663154863247207
2021-08-13,0.006923915072824094,-0.003476739986988037
2021-08-16,-0.002904213147389827,-0.0008049822942475781
2021-08-17,-0.008358979131320906,-0.0031216700675887597
2021-08-18,0.014757081532966596,0.0011123072653662094
2021-08-19,0.008632290543584928,-0.00040721825131821227
2021-08-20,-0.005051266125878779,0.0012271988564336784
2021-08-23,-0.0025850083991097008,-8.195834619265815e-06
2021-08-24,0.001690953802229024,0.0006874058903205158
2021-08-25,0.0014896472291385024,-0.00027409381074661106
2021-08-26,0.003269433734114627,-0.001053901416859105
2021-08-27,0.0034559402453981183,-0.0017935642152267744
2021-08-30,-0.0001971608839194187,0.002034173242103563
2021-08-31,0.0004928293431768611,-0.001724072804905297
2021-09-01,-0.0028617969894126666,-0.00013544871870034656
2021-09-02,-0.001978435703203041,0.001771310977365448
2021-09-03,0.0069074677645805885,-0.0037892501704674076
2021-09-07,0.0012775786711438425,-0.0026683731686516807
2021-09-08,-0.007096422447764179,0.00014252858718128526
2021-09-09,-0.00565393560909697,0.00019693944558212768
2021-09-10,0.00019892580133226847,0.0023565078447969094
2021-09-13,-0.002489421250771189,0.001214477620165573
2021-09-14,0.0034834571179107776,-0.0017819689341224188
2021-09-15,0.002480775273762845,0.002629763648340052
2021-09-16,-0.0035742690951341186,-0.0032301315134935222
2021-09-17,-0.012208697624463435,0.0010487461911850918
2021-09-20,-0.0007050410726660374,-0.0033935698150759953
2021-09-21,0.004523757400492817,-0.004074454746381875
2021-09-22,0.004802890961678051,0.00310765936382619
2021-09-23,0.0014961850080505842,-7.836822359487525e-05
2021-09-24,-0.005396775041300108,0.0009647605520919632
2021-09-27,-0.015858117285122708,0.0003133222566378331
2021-09-28,0.0038614009974911327,-0.0008734030612053065
2021-09-29,-0.018630900243417202,0.0016378674582119195
2021-09-30,0.008437132053874306,0.01102627460992445
2021-10-01,-0.016946055447552993,0.010987372856344222
2021-10-04,0.01088262800169847,0.022288715504056204
2021-10-05,0.004627971442167806,-0.00011958180516196933
2021-10-06,0.004402361857978988,0.0015515871144993567
2021-10-07,-0.007485295139367277,0.0021017543472339924
2021-10-08,-0.010137668284455004,-0.005725959924608844
2021-10-12,0.0014545457109941399,0.0006828482659714035
2021-10-13,0.011766055854849189,-0.004109933801986798
2021-10-14,0.00766600575432277,0.005175549955999291
2021-10-15,0.0035574566155268223,0.005565559185144626
2021-10-18,0.00647251450561752,0.001206853984599676
2021-10-19,0.0001008013709839054,0.00038283506613233804
2021-10-20,0.00733119025424784,-0.002516365080286087
2021-10-21,-0.00160224348316757,-0.0005035492613484901
2021-10-22,0.005696312809455857,-0.0007565075463136032
2021-10-25,0.0019910409763140096,0.0018292873131707077
2021-10-26,-0.006385335473733869,-0.0010198693507588257
2021-10-27,0.00747872060328675,-0.00047237870497406846
2021-10-28,0.005251436393454741,-0.0004903788207797733
2021-10-29,0.0006915288000945771,-0.001323081117634399
2021-11-01,0.006889112966151542,-0.0004325491080232277
2021-11-02,0.005087078080564266,-0.0004286105072825369
2021-11-03,0.009903955116945024,0.0015594584088812987
2021-11-04,0.0027980142717738666,0.0007679840837427183
2021-11-05,0.0009630201052425091,-0.0015208731911203674
2021-11-08,-0.0038576574023586603,-0.001740325851938276
2021-11-09,-0.0032907501628207008,-0.00033223666687956174
2021-11-10,0.007437132845083193,-0.0008611732441578885
2021-11-11,0.004225087906183543,-0.002871163634131119
2021-11-12,-0.0022063417267231536,-0.0030910141858636075
2021-11-15,0.007558036456868488,0.0015660861901071303
2021-11-16,0.0014286397020109452,-3.3484481937944745e-05
2021-11-17,0.0024714841477667545,0.0013306025496886116
2021-11-18,0.002560092423710557,-0.0016585730757847925
2021-11-19,0.0007572889419089796,-0.0013349908004169314
2021-11-22,-0.00018926847790016752,-0.0022418602717232004
2021-11-23,0.0011350739016640886,0.00011698407829174535
2021-11-24,0.0033032921358972784,-0.0008169731004489118
2021-11-25,-0.015860534765578478,0.00025142775172213075
2021-11-26,0.009622329280370134,-0.0028530401036250563
2021-11-29,-0.016346012280334363,-0.003946889366284397
2021-11-30,-0.009587058371206792,0.0025934393112326654
2021-12-01,0.013722673787110557,0.0007521033824884122
2021-12-02,-0.006354729646070548,-0.004219265122553543
2021-12-03,0.006354729646070509,-0.0010773038797581573
2021-12-06,0.01126181018734393,-0.0016057739956992596
2021-12-07,0.003694410491939989,-0.0033621170634070305
2021-12-08,-0.0020823481258543733,0.0005225532072846925
2021-12-09,0.009993483754222165,0.001897267557874865
2021-12-10,-0.0016899825635208858,0.0025509010708935635
2021-12-13,-0.0045206330518427025,0.0014430650107904747
2021-12-14,0.015454810489437315,0.0015007947334249874
2021-12-15,-0.013945660985880464,-0.0006273754819799527
2021-12-16,-0.0013203812160685064,0.002824340165790866
2021-12-17,-0.008149386520963529,0.002536437603369434
2021-12-20,0.015577374225828522,0.0018963021404030357
2021-12-21,0.003740069810852138,0.0027170191184713722
2021-12-22,0.0040050349255103075,0.0038656216045501097
2021-12-23,0.0013933400610046437,0.0021794699933060865
2021-12-24,0.012545132703564223,0.0026414824604737426
2021-12-29,-0.009949414179282627,0.001759020155020276
2021-12-30,-0.010891427188622673,0.0033208674910633405
2021-12-31,0.011631825186351509,0.0002792549942857922
2022-01-04,-0.0157586365205675,-0.0017035357579631137
2022-01-05,-0.0037664827954768934,-0.0017635365428848207
2022-01-06,-0.011003715656861503,-0.003999043038163466
2022-01-07,0.001429729071644221,-0.0017189127281755786
2022-01-10,0.001522794621858968,-0.0012344807572534006
2022-01-11,-0.003811343346461753,0.013712323532493322
2022-01-12,-0.01335851876795545,-0.00031189673953546757
2022-01-13,0.00434426517086228,0.00019512977724357974
2022-01-14,0.0016362677504158042,-0.003480315588160302
2022-01-17,-0.02266303288121409,-0.010131677728083455
2022-01-18,-0.01107934965702699,-4.986298250226435e-05
2022-01-19,-0.00979615990712352,0.005415457310261584
2022-01-20,-0.01304300376970302,0.003797736738740242
2022-01-21,0.006593319011247121,-0.0008366504021341367
2022-01-24,-0.013947795469842775,0.005355145708855351
2022-01-25,0.0036839992545581986,0.011722350226663977
2022-01-26,0.0006126825475021568,0.0054692180129716494
2022-01-27,0.0250013022054174,0.021496962060565214
2022-01-28,0.013842419959766936,-0.011993952564191316
2022-01-31,0.00499535785814737,-0.0010312549786461003
2022-02-01,0.007301078915615733,0.0012840984208312457
2022-02-02,-0.02266024665612755,0.000723506030949377
2022-02-03,0.01173757126022318,0.006470611386093704
2022-02-04,-0.011439966972524996,0.00286336603135205
2022-02-07,0.010949554525836689,0.005081173812279958
2022-02-08,0.01131608992797191,0.00262949760198538
2022-02-09,-0.013378452554374526,0.0012785613671131288
2022-02-10,-0.017854074736596604,-0.003949575009500623
2022-02-11,-0.004714860517341016,-0.0017826899931159834
2022-02-14,0.016257277220012214,-0.0010089754804362937
2022-02-15,-0.002773926882725208,-7.19680736512699e-05
2022-02-16,-0.020040750883446153,0.004551396971137695
2022-02-17,-0.0026350476380050023,-0.0004021417034546931
2022-02-18,-0.009687527962447302,-0.004022809234569696
2022-02-22,-0.020602209096014217,-0.0028540815675603846
2022-02-23,0.020397249062503155,-0.011695896664858724
2022-02-24,0.013842460215272663,-0.010407883403600895
2022-02-25,-0.0048637242499966465,0.003156231391095821
2022-02-28,-0.01000416673601592,-0.0013810366031101644
2022-03-01,0.010004166736015972,0.00254701552009962
2022-03-02,-0.0019317783446323373,0.002147712556300099
2022-03-03,-0.0035683373745223146,-0.001395390633111671
2022-03-04,-0.023562111004528676,0.007209764427183522
2022-03-07,-0.0005229852114391378,0.012004276834269433
2022-03-08,0.01793816568388562,-0.00803162445088763
2022-03-09,-0.0061849491050259,0.007834542610541083
2022-03-10,-0.016157124294114828,0.006622177968081789
2022-03-11,-0.0004204330522303995,-0.00974415958158005
2022-03-14,0.01750774190000486,-0.012372706222739753
2022-03-15,0.015885550552536813,-0.0026644014909407766
2022-03-16,0.006082127213506732,0.006423517759254599
2022-03-17,0.010455508939183292,0.0008494696637661172
2022-03-18,-0.0013009759152947066,0.002558996364713103
2022-03-21,0.009765897247255849,-0.002198618208847642
2022-03-22,-0.01247334437617087,-0.004848106252252703
2022-03-23,0.008399209461699414,0.0007043862123913201
2022-03-24,9.956688413650072e-05,0.0011643254990594172
2022-03-25,0.010104097849159636,0.00020065499443193793
2022-03-28,0.011660511326398762,0.000597427321210824
2022-03-29,-0.0087080438731306,0.0017612494719921018
2022-03-30,-0.012459372092681576,0.00560622417375177
2022-03-31,0.003972199860432945,-0.0024593667397701828
2022-04-01,0.006224393953568114,0.0054478712750014755
2022-04-04,-0.012188626345241475,-0.003975627880074252
2022-04-05,-0.006802747322752412,-0.0015933227058323668
2022-04-06,0.00829714361580599,-0.003731017641277869
2022-04-07,-0.004589910273185488,0.0011959618629205214
2022-04-08,-0.01055657518819543,-0.0025519219876379406
2022-04-11,-0.003340929455324793,-0.003353553888189459
2022-04-12,0.004956764991704598,0.002273930444566142
2022-04-13,-0.008105414182821454,-0.0004012177045975573
2022-04-14,0.00020343810465836798,-0.0016719136759728926
2022-04-18,0.016442595688629776,-0.005400796291944093
2022-04-19,-0.0106619396645096,-0.001675763188906641
2022-04-20,-0.007714991063497271,0.001912785780020435
2022-04-21,-0.01757948124092593,-0.006184342914219311
2022-04-22,0.006821731880924479,0.005242017684866318
2022-04-25,-0.022184943600105655,0.005361116715781191
2022-04-26,0.002104156483863536,-0.014522818349412353
2022-04-27,0.02337161690633099,0.0034565630860423644
2022-04-28,-0.03446816405715561,-0.0011124829939996024
2022-04-29,0.00951884500920684,0.007593308162431219
2022-05-02,0.0012623607819855695,0.009020465254102985
2022-05-03,0.021528573132852745,0.0011387927713200293
2022-05-04,-0.027116063290300047,0.004823439466949981
2022-05-05,-0.002964533669285738,0.009025323509698917
2022-05-06,-0.022410201777233962,0.004762760687343003
2022-05-09,0.003572012240947044,0.00023748363063503326
2022-05-10,-0.01953037910786547,0.0015543305713957784
2022-05-11,0.003190146261975882,-0.01287636853065113
2022-05-12,0.014176900471631913,-0.01852060927245779
2022-05-13,-0.009356029953805025,0.0002760058996266841
2022-05-16,0.017122221506175213,-0.007941756657618254
2022-05-17,-0.03487645088049063,-0.005152880583228171
2022-05-18,-0.011188301985753851,0.0070534186039414365
2022-05-19,0.0016862462542053297,-0.018603151052128796
2022-05-20,0.007162873378376456,-0.010117982794928265
2022-05-24,0.010649019102734138,-0.0012503588477024517
2022-05-25,0.016849413938882653,-0.007689538938347494
2022-05-26,0.019660084264430916,-0.0033081958574050344
2022-05-27,0.007208002375779398,-0.008042570526408369
2022-05-30,-0.018441070478330147,0.005107166417221991
2022-05-31,-0.006584297088610123,0.012193931217325043
2022-06-01,0.011413928155954206,0.006630763285034158
2022-06-02,-0.015102768185756742,0.002007348434387488
2022-06-03,0.002605298911763173,0.0017452113738274924
2022-06-06,0.00486671592693776,0.002037754489696239
2022-06-07,-0.009430453066665356,0.003552153533675022
2022-06-08,-0.011611478909434923,0.00225156844391937
2022-06-09,-0.023635436912667306,0.0025777447470375576
2022-06-10,-0.02953849558852007,-0.001138989880833184
2022-06-13,0.0010452355634850113,0.029947653548871876
2022-06-14,0.0088981924142903,0.00915078755218774
2022-06-15,-0.029183815033876178,-0.02519171157008326
2022-06-16,0.009783775809273478,0.023721610996007537
2022-06-17,0.006896982158817004,-0.02716820952750637
2022-06-20,0.007659315615390607,-0.012618538470557513
2022-06-21,0.003231766432371115,-0.0026121908098022647
2022-06-22,0.011343576233821574,0.0014545952314949622
2022-06-23,0.022865218704127745,-0.014400506180949147
2022-06-24,-0.005023733702716893,-0.015331149999368243
2022-06-27,-0.019209630238193397,-0.003735098399385317
2022-06-28,-0.003428574787178069,0.003073078879480231
2022-06-29,-0.009316301783326727,0.0009330480715655003
2022-06-30,0.008170826285797824,0.004626944356903835
2022-07-04,0.013885950412758117,0.004329113123698465
2022-07-05,0.004961110637753096,0.004193697299722091
2022-07-06,0.010739559537234596,0.0032176686444669723
2022-07-07,-0.0027856723122850883,0.00399955160560018
2022-07-08,-0.008291364026622552,0.0004982750843383356
2022-07-11,-0.007566810060698985,0.007187286568378567
2022-07-12,-0.008081541907106799,0.001018656441257648
2022-07-13,0.007401115480310622,0.010115609201180006
2022-07-14,0.01240151181586923,0.003068534219426735
2022-07-15,-0.01115441681834729,-0.004253463316695111
2022-07-18,0.01874458608502294,0.0016915961840224677
2022-07-19,0.006428751912655241,-0.002164212605417475
2022-07-20,0.00923794098493614,0.0006712265565305495
2022-07-21,-0.006149135440349753,-0.004735190673270339
2022-07-22,-0.004304879985534989,-0.0006983411941740653
2022-07-25,-0.007439106088164488,0.000258197985048445
2022-07-26,0.020189333774399507,-0.00015720721221403066
2022-07-27,0.011834457647002798,0.004301867548506787
2022-07-28,0.011696039763191236,-0.002565212687628411
2022-07-29,-0.0022427520481003702,-0.004175151728608911
2022-08-02,0.012959603516076095,-0.0034569393346143245
2022-08-03,0.0005275652984403766,-0.0068498928190870775
2022-08-04,0.003895356823275858,-0.00765279484721125
2022-08-05,-0.006430212426463952,-0.007253687061548536
2022-08-08,-0.0029654755898577026,-0.006015662159335315
2022-08-09,0.012857169418754187,-0.00010092213381066353
2022-08-10,-0.0007332530575220974,-0.005373849917188409
2022-08-11,0.016936349547907636,-0.004113617367996081
2022-08-12,0.015133213138746928,-0.0057985438025126455
2022-08-15,-0.0026420094628386965,-0.011642826098397367
2022-08-16,-0.002649008171576953,-0.008411120844311042
2022-08-17,0.004681942394796791,-0.007463748208120381
2022-08-18,-0.008463824553510135,-0.009026393819908987
2022-08-19,-0.017666661248770203,-0.0013075125018568107
2022-08-22,-0.00889918452256493,0.0037784057109641117
2022-08-23,0.003988250458588795,0.000888913558949242
2022-08-24,0.011766679208530357,0.0015613008460310881
2022-08-25,-0.026539555234612263,-0.006111541800311498
2022-08-26,-0.009291464292314491,0.012650228091373356
2022-08-29,-0.003762433892830748,0.003892920121557792
2022-08-30,-0.005074782796255457,0.006537360878625273
2022-08-31,0.003997196485085288,0.0041817708219087585
2022-09-01,-0.011058221965980235,-0.004354177417735993
2022-09-02,-0.0029477612916551403,0.005929565502119833
2022-09-06,0.014329381093688637,0.013551068321258164
2022-09-07,0.005160192056577258,-0.008654577256501365
2022-09-08,0.010453428523101655,-0.007172039701290445
2022-09-09,0.008032171697264253,-0.010932055693182422
2022-09-12,-0.031001948339279727,-0.0034169640989547647
2022-09-13,0.00476604021759255,0.0028994881077942136
2022-09-14,-0.006831146108835475,-0.007382016588511326
2022-09-15,-0.0042523097385303915,0.0030514300141058
2022-09-16,0.004361105909012478,0.006471338452048557
2022-09-19,-0.002396254278081042,0.0070723899668135165
2022-09-20,-0.01008338223409964,0.004089292176276689
2022-09-21,-0.0046373054285170365,0.00052365583197139
2022-09-22,-0.01023368219301352,-0.003002250356716972
2022-09-23,-0.0008948546458437107,-0.002724815811419647
2022-09-26,-0.002464987242535467,0.004765447860025669
2022-09-27,0.0075995001411822095,0.00374506577614577
2022-09-28,-0.014918116380333121,0.004115035881622629
2022-09-29,-0.006462241183892844,0.0028304195859399097
2022-09-30,0.010859835236008504,0.013550304472290192
2022-10-03,0.021922649510805664,0.003540318909677156
2022-10-04,0.004940992758742628,0.00023760832144349974
2022-10-05,-0.00010953502393327608,0.0023323045468802207
2022-10-06,-0.028330506626226108,0.0026727446407214237
2022-10-07,-0.01053535657885921,-0.00047501908108666654
2022-10-11,-0.0004556327678779747,-0.004265173227483545
2022-10-12,0.020189035126527824,0.0008045177722920408
2022-10-13,-0.012923706312841093,0.004316388613176813
2022-10-14,0.012812043089007718,7.599997888714025e-05
2022-10-17,0.011988155559969401,0.004841111626573073
2022-10-18,-0.00420168685369997,-0.0023184194112776777
2022-10-19,-0.007228277232105601,0.006580533606684629
2022-10-20,0.013524205688920207,0.006568216188191343
2022-10-21,0.01746387977231537,-2.5327966414548576e-05
2022-10-24,0.007545578541007335,-0.007072263378928035
2022-10-25,-0.010579824475356846,0.0011793537859943917
2022-10-26,-0.005332185222056861,0.0023683965347459654
2022-10-27,0.027443207296603368,0.0025798860453981214
2022-10-28,-0.005855752692219797,-0.00437351329683207
2022-10-31,-0.003958706287915291,0.00032200365843396817
2022-11-01,-0.019813347765307576,0.00028253081972522544
2022-11-02,-0.007794100601056941,-0.00301883801158118
2022-11-03,-0.005414677022827494,-0.0009070771821057205
2022-11-04,0.010580942979076583,0.0018435132809944846
2022-11-07,0.001095770436181718,0.005168275134205615
2022-11-08,-0.013340146013956642,0.0077337208766431005
2022-11-09,0.03875103914110352,0.0036914546753151166
2022-11-10,0.0034107899192741408,-0.004422148263691997
2022-11-11,-0.0041584535055044945,-0.0049818729981046354
2022-11-14,0.006496641413152296,0.0017211483739098612
2022-11-15,-0.004575206150783627,-0.006134420546548795
2022-11-16,-0.002883539136892403,-0.0008154171276606576
2022-11-17,0.009049835519917856,0.004752024365256116
2022-11-18,0.0013769000745476676,-0.0010287367674325437
2022-11-21,0.007591769908212663,0.0007739322214909399
2022-11-22,0.004192878260035958,0.0005977807173684153
2022-11-23,0.004175371410480592,-0.005707190179292935
2022-11-24,0.0007289009538109067,-0.003027911503354468
2022-11-25,-0.00941232633739502,-0.005407504368472178
2022-11-28,0.00440344599141912,0.006198169640289738
2022-11-29,0.020091810908252322,0.001977583656541746
2022-11-30,-0.0011284946055270064,-0.0008967858856247105
2022-12-01,0.0014360449693228453,-0.005253928614538749
2022-12-02,-0.00854398115326384,-0.0051643501205099656
2022-12-05,-0.010600805986640687,0.003799802103191923
2022-12-06,-0.0018824519258979835,0.002786536472454405
2022-12-07,0.0026135606325463404,0.003998918906239535
2022-12-08,-0.003137093443833949,0.0024859321811729973
2022-12-09,0.012489754364652843,0.0017428090773919337
2022-12-12,0.003407510137909825,0.0018970877710758707
2022-12-13,-0.006204135296903296,0.002236497683926016
2022-12-14,-0.01620781022685331,-0.003790266722632252
2022-12-15,-0.010171734235218326,-0.0035539696550455835
2022-12-16,-0.01178374642206245,-0.000940614967980514
2022-12-19,-0.0025895569067336775,0.006292482629593287
2022-12-20,0.013414377252438542,-0.0013359091248778996
2022-12-21,-0.01093258477277164,-0.007446845684416484
2022-12-22,0.0016152482917443263,-0.0070075130494184346
2022-12-23,-0.014304535198236074,-0.006048301307067737
2022-12-28,0.00836915922405764,0.01149160332496368
2022-12-29,-0.0023840496770808606,0.00028372451038658777
2022-12-30,0.006380814381758095,-0.0022838690793065067
2023-01-03,-0.006055381824782767,-0.0033251057917021805
2023-01-04,-0.005874051481570219,0.0006771420659618687
2023-01-05,0.012468313526323483,0.009075662101115866
2023-01-06,-0.004319194707352425,0.002989966851214151
2023-01-09,0.009048860623975988,0.0043527163572374865
2023-01-10,0.013315775975772156,0.002034916742943379
2023-01-11,-0.0007410152247192192,0.0009497267289000043
2023-01-12,0.005596931026434577,-0.0015669494885918757
2023-01-13,0.00021059281956337805,-0.0019285170884877868
2023-01-16,-0.002530045625370177,-0.00014822777795108787
2023-01-17,-0.007309741748566294,-0.00245522304500085
2023-01-18,-0.010044965846600987,-0.004684938334087486
2023-01-19,0.01206313000283819,0.004555024014846387
2023-01-20,0.011814483413763056,0.0025367791304528715
2023-01-23,-0.0010492079443252854,0.00725592304013748
2023-01-24,0.0015733993910400203,0.005478268122269476
2023-01-25,0.005956441666345053,0.00044924216030780575
2023-01-26,0.001249479546147142,-0.0026296827069992555
2023-01-27,-0.00731073752200584,-0.004758665481781312
2023-01-30,0.007934892332656459,0.00031575361920739553
2023-01-31,0.00921283882812186,0.0016028584991514732
2023-02-01,0.01685863682441661,-0.0021589373405444656
2023-02-02,-0.0034507290914441036,-0.0008766354654845148
2023-02-03,-0.0036667386774198937,-0.0038984877087974495
2023-02-06,0.010354371262705088,0.0023927721292105824
2023-02-07,-0.007399557354738946,-0.005478036022191942
2023-02-08,-0.00817248393735794,-0.003329719389638984
2023-02-09,-0.00627670939634335,0.003123902553057046
2023-02-10,0.01047345029162799,0.0003319814804178952
2023-02-13,0.0004084967377064527,0.003905592219588878
2023-02-14,0.007121812581917665,0.0011613801700981721
2023-02-15,-0.008756801705589304,0.0014470284415478221
2023-02-16,-0.0015352339129194573,0.003804052907083319
2023-02-17,-0.015587412369311823,-0.0009465003864348124
2023-02-21,0.0,-0.0013830470945682355
2023-02-22,0.004256429992255614,0.0017612500628094397
2023-02-23,-0.0056098214850782355,-0.004274138248200945
2023-02-24,0.0007289768612329327,0.0029281244824415605
2023-02-27,0.002183747553196779,0.0028964843255107394
2023-02-28,-0.008030496303190594,-0.0003598681227772155
2023-03-01,0.007095188362832202,-0.009376506552317284
2023-03-02,0.015987138501227786,-0.0029416958880937594
2023-03-03,0.0030649799228903664,-0.0006557530886093206
2023-03-06,-0.0060367503120479496,-0.0013761466505372568
2023-03-07,0.004301081899390702,0.0009276932524668542
2023-03-08,-0.015446708114306849,0.0018795317939947376
2023-03-09,-0.013267366195317643,-0.006489560309017664
2023-03-10,-0.01057204053267857,-0.004396649487248214
2023-03-13,0.012148250599987576,0.00153557643663143
2023-03-14,0.00031494410002608914,0.002686840534699348
2023-03-15,0.014381239935652034,0.0013616817574566937
2023-03-16,-0.009982405863168507,0.005202284287972196
2023-03-17,0.003338552918360945,0.006561171823797116
2023-03-20,0.016630037749468977,0.0037837908094791907
2023-03-21,-0.015484979590733293,-0.0014798985441693475
2023-03-22,0.0029087907482317,0.0019220308009003594
2023-03-23,0.0026934648004380717,0.005328565202051841
2023-03-24,-0.004458507048628496,0.003937174317490708
2023-03-27,-0.0055228609094009245,0.0009953568921060036
2023-03-28,0.011531996273071662,0.0017353124461563269
2023-03-29,0.003197032579208044,0.001871809139916701
2023-03-30,0.013499898211666918,0.0016504429405969582
2023-03-31,-0.0033579273475556207,0.005519171436299808
2023-04-03,-0.003573802752014219,0.005757774361266183
2023-04-04,-0.0013306721857051726,0.00011892908956568622
2023-04-05,0.005006396152708515,0.003118855730997287
2023-04-06,0.0024429979577032497,0.00023422082998049827
2023-04-10,-0.00203541694533583,0.0028090603362273844
2023-04-11,-0.006131227054936408,0.002468551502105036
2023-04-12,0.005009979294635629,-0.0009430328544400083
2023-04-13,0.0006117455329441094,0.0014905316901266486
2023-04-14,0.00467765750204802,0.0009684232385967467
2023-04-17,0.0015206044797301066,-0.0004107092278399368
2023-04-18,0.004346294808727446,0.002767741611273272
2023-04-19,-0.004042451184573774,-0.0002479202901107239
2023-04-20,0.0049497550423690416,0.0015092750179045292
2023-04-21,0.0007051120916670115,-0.0015020888257229331
2023-04-24,-0.007986697662930066,-8.608757796144184e-05
2023-04-25,-0.003253357891916892,0.00038458170197104807
2023-04-26,0.015259757480281182,0.0008046435166459933
2023-04-27,0.004902215810063007,9.461147332254885e-05
2023-04-28,9.979541947290903e-05,-6.262558279183814e-05
2023-05-01,-0.006206226126689207,-0.000314964870796213
2023-05-02,-0.0072559020345066266,0.00010606447804535866
2023-05-03,-0.01364583292511798,0.0005050367509692637
2023-05-04,0.006438777418732244,0.00280893386623835
2023-05-05,0.0013234921758821763,-0.0010615968172037421
2023-05-08,-0.00458880119962109,0.001260034651388379
2023-05-09,0.003978176307861409,0.0014505225903413998
2023-05-10,0.007303004361796464,-3.2082681308453565e-05
2023-05-11,0.003127998110719989,0.0048865356955827164
2023-05-12,-0.003330140824163568,0.0035877961270385315
2023-05-15,-0.005371725276923522,-0.00428978213094798
2023-05-16,0.009205466857059474,-0.00215287542400738
2023-05-17,0.013601569826064792,0.0012273664943880172
2023-05-18,-0.0008944099975132794,0.00039768618031488115
2023-05-19,-0.010494324485846545,0.002207155854608081
2023-05-23,-0.0009046590555165967,0.004769816718630621
2023-05-24,0.01139898354136299,-0.0003809564477939303
2023-05-25,0.011073872310695638,-0.0005065798656133519
2023-05-26,0.002749412572495346,-0.0011259123241720707
2023-05-29,-0.0032411755526539844,0.0008606296200416147
2023-05-30,-0.0072074163014986415,0.003796127634992299
2023-05-31,-0.0003964321161929658,0.0007167024763918196
2023-06-01,0.012999986112940114,3.6258327668030645e-05
2023-06-02,0.00029349899931858107,0.0014506394724871836
2023-06-05,-0.0011745132014761037,0.0005425833489485982
2023-06-06,-0.0059918650856045546,0.0005516771647182117
2023-06-07,0.004325606430053655,-5.5855205262711836e-05
2023-06-08,0.0008824827753181223,0.00046927471402962757
2023-06-09,0.010820400935599076,-8.159984053993757e-05
2023-06-12,0.0028077667668993844,-0.0015041894524395508
2023-06-13,0.0025106231804743386,-0.0021789795014604194
2023-06-14,0.003081369794854974,0.002439176839723167
2023-06-15,-0.004046248295031073,0.003058218163494719
2023-06-16,9.65297553719838e-05,-0.000790765409735552
2023-06-19,-0.0026095795991190607,0.0014221085844250197
2023-06-20,-0.01089822988527869,6.465754471250596e-05
2023-06-21,0.0034184728313750535,-0.00023597689555182467
2023-06-22,-0.005279120677579519,0.003142165662841491
2023-06-23,-0.006687672447016735,0.002273442725632703
2023-06-26,0.01303876126310976,-0.00510533145622833
2023-06-27,0.004955074505630424,-0.0007947440400460646
2023-06-28,0.0006781960246381171,0.0030725812840556714
2023-06-29,0.012033839563723463,0.005097657965410082
2023-06-30,-0.0013406111363380322,0.001726109243816179
2023-07-04,0.0039210110963458136,0.002139908913144516
2023-07-05,-0.0015283220092040493,0.0008154824420887051
2023-07-06,-0.009508787969027188,0.0003971849102236302
2023-07-07,0.0017356093451459686,0.0029806677417147345
2023-07-10,0.0037501846923041465,0.00026249694313155937
2023-07-11,0.00325795612052353,0.0010037765146205975
2023-07-12,0.00324737630169806,0.001253446333100122
2023-07-13,0.006652752155289548,-0.00011093079607613582
2023-07-14,0.00217627942259567,-0.0010201989631577523
2023-07-17,0.006124871915289583,-0.0013093371722138632
2023-07-18,0.002158307974325183,-0.00019660848580463502
2023-07-19,-0.006394605201746483,-0.0002832262678181945
2023-07-20,0.0034844881515062967,-0.0002767589831594656
2023-07-21,9.40070505980005e-05,0.0014490439801221864
2023-07-24,0.0033783815916271906,0.0010510726851992124
2023-07-25,0.0026197619773597417,0.002039393418795922
2023-07-26,-0.003838416920774755,0.001373554935671026
2023-07-27,0.009057440882712734,-0.0013564313900877615
2023-07-28,-0.0015814692351409046,-0.003175871377809983
2023-07-31,0.004644258765686583,-0.0017847187623013956
2023-08-01,-0.00940372834464262,-4.5557350737011684e-05
2023-08-02,-0.0012168298407886282,0.0026504953729318396
2023-08-03,-0.003941446543964845,0.0021822582722851726
2023-08-04,0.007400848806568156,0.004340964614210982
2023-08-08,-0.006460999113325791,-0.000645241220790419
2023-08-09,0.001595720055126544,0.0030928804410530223
2023-08-10,-0.00028141269356960716,-0.0024436376348877854
2023-08-11,0.006638950935607283,-0.001593101736878209
2023-08-14,-0.008611060322481273,0.0010990696396929003
2023-08-15,-0.004805662958883004,0.0014177151678770195
2023-08-16,-0.0071093716189880194,-0.0020739738432989582
2023-08-17,-0.0004757600356165631,-0.003360524162556877
2023-08-18,0.008906634584322583,0.0006935101155393843
2023-08-21,-0.0031177690709363924,-0.0021123015563840703
2023-08-22,0.00913678470328971,-0.00022787976274608792
2023-08-23,-0.010083485521889497,-0.0018319388009862823
2023-08-24,0.008957676227636116,-0.005794546641701145
2023-08-25,0.005896409053301702,0.0039458365059930785
2023-08-28,0.011966192596475389,0.002250444828446461
2023-08-29,0.0015663153338158267,0.0015827112565048346
2023-08-30,-0.002858066759053514,0.0005829187953012184
2023-08-31,0.00772559714830711,0.0023820150944952588
2023-09-01,-0.0011000092776625857,-0.0018113689791546728
2023-09-05,-0.006533264554325639,0.0015861994963533624
2023-09-06,0.0002769188184032555,0.0021251424681425087
2023-09-07,-0.0014777872828859965,0.0038806171810601936
2023-09-08,0.001477787282886085,0.0023653692062992277
2023-09-11,-0.006946080254684007,-0.0005132928719351778
2023-09-12,0.0011146202157142663,0.00043825519206777046
2023-09-13,0.005646856014077876,-0.00043388057179618173
2023-09-14,-0.011792698992240861,0.002091611709081489
2023-09-15,-0.0015891566793808922,0.003971482117009423
2023-09-18,-0.005723147394241625,0.0017386948990468852
2023-09-19,-0.007271385737611922,0.006378545072092725
2023-09-20,-0.015569348359453186,0.005863383808103389
2023-09-21,-0.00260253653088725,0.006256093464124496
2023-09-22,0.002602536530887211,0.01621109029869853
2023-09-25,-0.010353762239920525,0.012856927383730473
2023-09-26,-0.0015574810896845476,0.014426844450909398
2023-09-27,0.0014602095561219769,0.007740341224961168
2023-09-28,0.004464726430438303,0.008963713571849805
2023-09-29,0.0063712929108411046,-0.0014361422941532467
2023-10-02,-0.010641485734985622,-0.0013244965156524035
2023-10-03,0.010737708972971828,0.003387792177858887
2023-10-04,-0.0038561698223085845,-0.0032523239682313806
2023-10-05,0.00836824967051658,-0.004130484446602708
2023-10-06,0.005635432078311476,-0.0012844172182818068
2023-10-10,0.00522492045067194,0.0013283637061149859
2023-10-11,0.0008523938575488963,-0.00016567538797627207
2023-10-12,-0.007411664487141863,0.0015533076247546394
2023-10-13,0.006938202047541178,-0.0008316488756329449
2023-10-16,0.0019870376032131627,0.00035442630401844044
2023-10-17,-0.008448481596431743,0.0008612455861121841
2023-10-18,-0.007463435275886864,-0.002853749644226275
2023-10-19,-0.01324522675002068,0.006596560033416227
2023-10-20,-0.00321684734193977,0.00036786361293869824
2023-10-23,0.010199709582454967,-0.0022721461603466427
2023-10-24,-0.00990684093195042,0.00406730290262629
2023-10-25,-0.009414603224181984,0.00466194408691498
2023-10-26,-0.0014790714129630077,-0.011590953702776798
2023-10-27,0.008059011676520034,0.004981813055476467
2023-10-30,0.010031737403339094,0.0072904769935072
2023-10-31,0.010219911551287798,0.004247788252133161
2023-11-01,0.009831606898096295,-0.0011050647875423542
2023-11-02,0.00407602820356457,-0.0008853217062981729
2023-11-03,0.004153692368693616,-0.0046885008516318015
2023-11-06,0.007695233168774347,-0.0051562910575167036
2023-11-07,0.0036392519053322905,-0.004529943487121544
2023-11-08,-0.007479466431292624,-0.0001774617886647645
2023-11-09,0.014533514616167977,-0.0049315220859106985
2023-11-10,-0.00027750798013530405,0.0018896839645646374
2023-11-13,0.011406618018281823,-0.000935132566801667
2023-11-14,0.0012797076700725358,-0.007567343072229995
2023-11-15,0.007009268148882427,-0.004655981224153107
2023-11-16,-0.0022703546963231507,-0.0068191904308249
2023-11-17,0.008509919181543145,-0.004740478554812947
2023-11-20,-0.004064862649531651,-0.004497830745026224
2023-11-21,0.003704209864087785,-0.0049088581804077845
2023-11-22,0.0032412020812251086,0.0004294366980889617
2023-11-23,-0.00531748357638593,0.0016376206514153318
2023-11-24,-0.004800951293111111,-0.0009187644646805847
2023-11-27,-0.002363637464062902,-0.006067862753340964
2023-11-28,0.0004549797612496937,-0.0037287125071946087
2023-11-29,0.002725539981050012,-0.006262154081057241
2023-11-30,-9.073175163878112e-05,-0.0022868438377774193
2023-12-01,-0.0017254692561385553,-0.00277872945238359
2023-12-04,0.0034479663956830703,0.0008013664317307183
2023-12-05,-0.0037206812739697813,-0.0045218471391557215
2023-12-06,0.007698267425752556,-0.003748396172351521
2023-12-07,0.0036922010515718752,-0.004026918800983439
2023-12-08,0.0031411289008608356,0.0005973097155861458
2023-12-11,0.0058965595668428565,0.002375835609862023
2023-12-12,0.006039094730637406,0.00029946826489989905
2023-12-13,-0.0032814538779780906,0.00011054764193717448
2023-12-14,-0.0029358145725071,-7.430381124022232e-05
2023-12-15,0.00657137610291053,-0.0023342735172988053
2023-12-18,0.0010615712249586033,-0.0003326095238290881
2023-12-19,-0.012813843239860389,0.00018850556630211336
2023-12-20,0.004378721084003071,-0.0002854245591527722
2023-12-21,-0.00035672880071512393,-9.416309433892274e-05
2023-12-22,0.0025834052940885512,0.001572637162136784
2023-12-27,-0.0017809443709948087,0.0001388264240714046
2023-12-28,-0.0007132667920084289,0.00017074535586863592
2023-12-29,-8.919413108538441e-05,-0.002115856831371268
2024-01-02,-0.006263442094277101,-0.0010648575899200213
2024-01-03,-0.0033265933127307385,-0.001403485834829672
2024-01-04,0.0022489102268392737,-0.001360367931297075
2024-01-05,0.01347693207862459,-0.0001462124086941065
2024-01-08,0.0017714796483820209,-0.005091667275029427
2024-01-09,0.0041506660905573515,0.0008235332298299889
2024-01-10,0.000792846801872427,-0.00016647199202177182
2024-01-11,0.0015838102738832004,-0.0008701081699150115
2024-01-12,0.004736435483918682,0.0009722695584461071
2024-01-15,-0.0014886819159840193,0.001919061842869298
2024-01-16,-0.004655460997301865,-0.000774135646214545
2024-01-17,0.00754323373262306,0.0017827766631501928
2024-01-18,0.007313283509357089,0.000629710794282999
2024-01-19,0.006657181029179368,0.001504365100841753
2024-01-22,0.0012917116973647908,0.001167770699838149
2024-01-23,0.005235838749793975,0.0012313103222362349
2024-01-24,0.0015397778919052473,0.001122236357348809
2024-01-25,-0.0029961927991620893,-0.0010737286913431905
2024-01-26,0.005216139066040647,-0.0005243403339043231
2024-01-29,-0.0012801367227171648,-0.0011715038370469378
2024-01-30,-0.013498034108744426,-0.0022674119060501125
2024-01-31,0.008618514090244831,-0.0036290233663203763
2024-02-01,0.015751038677406945,-0.0035105687899947475
2024-02-02,0.003541617665965686,-0.00690169978708715
2024-02-05,-0.0021065944171300153,-0.007348607428107848
2024-02-06,0.006474147135133289,-0.00380535550716555
2024-02-07,0.0006702413119540139,-0.005016772580149678
2024-02-08,0.005512416865195365,-0.0013190398517521197
2024-02-09,-0.0011667640293548023,-0.0057980219098772885
2024-02-12,-0.005267350500487741,-0.003370663388000651
2024-02-13,0.00809856231756826,-0.0042936382186820835
2024-02-14,0.0004987945901068877,-0.004559654716630931
2024-02-15,-0.0037470379825211317,-0.004677413568802628
2024-02-16,-0.003426234914848637,-0.004474815395138279
2024-02-20,0.0003347840674054532,-0.0032144935511917052
2024-02-21,0.019063983904231266,-0.004099677434335455
2024-02-22,0.002541922569133941,-0.0068838350607989115
2024-02-23,-0.004020848152966777,-0.00745653228141414
2024-02-26,0.004020848152966842,-0.007145277142476259
2024-02-27,0.0013912191777033964,-0.005817603222346019
2024-02-28,0.004813388856846133,-0.008240780619052878
2024-02-29,0.007459695664238959,-0.005443917058113695
2024-03-01,0.0004038282976980914,-0.0076289478221636675
2024-03-04,-0.009329561038325513,-0.0047242942519370645
2024-03-05,-8.150955704064867e-05,-0.0020147905058447756
2024-03-06,0.005608630837322518,-0.002920931329269732
2024-03-07,-0.0034915386045098543,-0.0037173535065401437
2024-03-08,-0.0019540797619976343,-0.0036129417942756367
2024-03-11,0.01150648786331363,-0.0032041402916264347
2024-03-12,-0.0033895601817372344,-0.0051510241130857904
2024-03-13,0.002422286206594717,-0.010287142902142514
2024-03-14,-0.005904494041608874,-0.004484259379782581
2024-03-15,0.005985135951253072,-0.004827721470817563
2024-03-18,0.0069109886123726524,-0.004823494862189322
2024-03-19,0.0033578541304076334,-0.003981329880274126
2024-03-20,0.006364887427673569,-0.005382357293196362
2024-03-21,0.0022973036601740614,-0.0033306830740491193
2024-03-22,-0.00539512574910735,-0.0005361201354529347
2024-03-25,-0.0024692353937552478,-0.002028956914685505
2024-03-26,0.00723114915399891,0.001791288052982378
2024-03-27,-0.0013469082573436136,-0.0026353380438004807
2024-03-28,0.0006340651714374675,-0.0011188249012668322
2024-04-01,-0.007076720186548187,-0.002545160824748092
2024-04-02,-0.0017570486111255202,-0.00044867027042084584
2024-04-03,-0.011254138074423208,0.0014964937642188163
2024-04-04,0.013888554638141112,-0.0037135845232533775
2024-04-05,-0.0004784689086496368,-0.0033463122144202118
2024-04-08,0.00047846890864957026,-0.0002820628387151871
2024-04-09,-0.0023946371596198462,0.00039614185054631147
2024-04-10,0.008356262065699846,-0.000192131327428347
2024-04-11,-0.006918791765469839,-0.004582967463406187
2024-04-12,-0.012123306926697967,-0.0015079359605517791
2024-04-15,0.001614205354541201,0.005316270880495826
2024-04-16,-0.010539213888171124,-0.0013131260352766021
2024-04-17,-0.002366285629444727,0.0003782191936790156
2024-04-18,-0.010181547843989868,0.0055450153576610955
2024-04-19,0.006416606418498172,0.0009867198574868624
2024-04-22,0.007841255564960004,-0.0038899775778624447
2024-04-23,0.003086923653571969,0.004978042785554503
2024-04-24,-0.006999865794637333,-0.005367936344021022
2024-04-25,0.010077289668141644,-0.0019133833450924284
2024-04-26,0.0026648378510711924,-0.0034987150557744344
2024-04-29,-0.00760952429269261,0.0003525048087226809
2024-04-30,-0.004152931338222677,-0.004491058952762564
2024-05-01,0.0024449889930664398,-0.003925186596340785
2024-05-02,0.013261292426506482,-0.0003787943177562965
2024-05-03,0.009195283276751348,0.00115072127633229
2024-05-06,0.0060308070423112144,0.00026518667481599165
2024-05-07,0.00023731361104933394,1.1929621444311111e-05
2024-05-08,0.0012647223249305731,0.0005052656317563577
2024-05-09,0.0015786568911196903,0.001901690183341483
2024-05-10,-0.0005522464737409999,0.00047913544089300505
2024-05-13,0.0032302568959152386,0.0002948750509523482
2024-05-14,0.009161086659559666,0.0028250599906676026
2024-05-15,-0.0014820017532483363,0.0043072949959150715
2024-05-16,0.0007022746182271408,0.003574094785709313
2024-05-17,0.006530889330383789,0.005138132984970093
2024-05-21,-0.00031002945528119574,0.0038146551818740325
2024-05-22,-0.0038056820426223795,0.002473322054530451
2024-05-23,0.0020987997909877863,0.0001261740125678326
2024-05-24,0.001086534837199446,0.0008857240640592358
2024-05-27,-0.002096518219483779,0.0025352385967955214
2024-05-28,-0.002490467471383496,-0.0003098589104197762
2024-05-29,-0.008451415825737676,0.0005873047943806032
2024-05-30,0.004547600749298248,-0.0015506279709048161
2024-05-31,0.0017195564656039555,0.0018672338654593724
2024-06-03,0.004208235636813185,-0.0006325491242262375
2024-06-04,0.012749853971882538,0.0011937618008205685
2024-06-05,-0.0016906174779074388,0.0008706671827052395
2024-06-06,0.005675297079687117,-0.000767647911048677
2024-06-07,0.002901872979463387,-0.0006195960921301733
2024-06-10,0.0019045448182573616,-0.001001782646538097
2024-06-11,0.006902071467179521,-0.000668131982292846
2024-06-12,0.0033955890011381075,-0.00044063848350227563
2024-06-13,-0.000678196024638276,-0.0017592941150859015
2024-06-14,0.006985943904310797,0.0015270684471354354
2024-06-17,0.001869648676847812,-0.0012050694559949486
2024-06-18,0.0018661596129822121,-0.0011975076033495864
2024-06-19,-0.0069598035847266,-0.00010565607283469413
2024-06-20,-0.00037555864789620783,0.0005719650560707292
2024-06-21,-0.005877051273969751,-0.00019794739091412276
2024-06-24,0.004147662520081159,0.0012553438201693642
2024-06-25,0.004879706390833215,-0.0024216413096229215
2024-06-26,-0.0008241244145034432,-0.002109338075792765
2024-06-27,-0.007221334224535784,-0.0021793833844401546
2024-06-28,0.008045458639039311,-0.0022938824273738786
2024-07-02,0.002991103703158054,-0.006863973447118983
2024-07-03,-0.0022424886060612953,-0.00037719724045551006
2024-07-04,0.006563758927520622,0.0014804784825176178
2024-07-05,0.002227833982482663,-0.0006875322558483205
2024-07-08,-0.00014836795279453313,-0.0028921986399292198
2024-07-09,0.00952493633742821,-0.0012316308645683484
2024-07-10,-0.007597867848981781,-0.0030794365273522474
2024-07-11,0.004432958866316135,-0.0038426708291072805
2024-07-12,0.006539572885193392,-0.002841175501292972
2024-07-15,0.005841991202396152,-0.004312602103350576
2024-07-16,-0.011570982266559579,-0.001389472583156862
2024-07-17,-0.006132495483274787,-0.0029051296261424536
2024-07-18,-0.0057230079277425724,-0.002428074438289651
2024-07-19,0.012444605048083746,-0.0031466219031458147
2024-07-22,-0.0005154449508473244,-0.003065425024454057
2024-07-23,-0.02068834018711801,-0.0011683777703050506
2024-07-24,-0.004219733486198853,0.006460536873376049
2024-07-25,0.01156169035002133,0.006333982701352242
2024-07-26,0.002460209240297522,0.0002619679293016718
2024-07-29,-0.005225842426646659,-0.003821618255396668
2024-07-30,0.01264427407419709,-0.0004199691714776589
2024-07-31,-0.009804000096620967,-0.0012248532113116853
2024-08-01,-0.01891184637160856,-0.0067373602998679945
2024-08-02,-0.02596747980582435,-0.00018235459239537136
2024-08-06,-0.009569451016150672,-0.0038101213096907497
2024-08-07,0.021905229461112223,-0.015721787176684092
2024-08-08,0.00407834046106595,-0.019409781054527234
2024-08-09,0.000997812570794798,-0.014045820803031699
2024-08-12,0.01454654186700545,-0.013752913895943812
2024-08-13,0.003773304605257527,-0.009150751422222212
2024-08-14,0.01784228587068284,-0.0007635557716705586
2024-08-15,-0.0017032625290073005,-0.0010327327309062957
2024-08-16,0.006059281082162979,0.0031153617360583307
2024-08-19,-0.0025079307974377094,-0.00417590312023247
2024-08-20,0.002065811565418423,-0.00018992612793269055
2024-08-21,-0.007249088627274774,0.0009960201137027423
2024-08-22,0.003335189306138474,0.003680041099913884
2024-08-23,-0.004449395549541736,0.0034764602605766204
2024-08-26,-0.0015619773341963702,-0.0013105619024138583
2024-08-27,-0.003131293097553397,0.0003218290265718564
2024-08-28,0.0002986411848387711,0.0033026012356079004
2024-08-29,0.009139948450310088,0.00034369862377936684
2024-08-30,-0.015956198952615654,0.0002999870606659561
2024-09-03,-0.003915962531110933,0.009255468364768609
2024-09-04,-0.0040071123062165315,0.009235505947040121
2024-09-05,-0.012425360911683435,-0.003061492269071871
2024-09-06,0.010984930049686828,-0.004408330693395123
2024-09-09,0.007558043687784975,0.0020592409264103607
2024-09-10,0.008024340930966562,-0.005484661418689037
2024-09-11,0.008330902095303627,0.0023945019584917975
2024-09-12,0.006423767797802775,-0.001239024419472758
2024-09-13,0.0012504139027624398,-9.529344683321781e-06
2024-09-16,0.0012488523202556152,0.0021604276941024525
2024-09-17,-0.001395878711757622,0.0010062916506923256
2024-09-18,0.012202847708788319,0.004500053762016395
2024-09-19,-0.0013808643496550008,0.0016773061341397635
2024-09-20,-0.0012371285644354225,0.0011624180520108033
2024-09-23,-0.0024058627140656655,0.0008602662504742768
2024-09-24,0.0016774244534167968,0.0014354337525491903
2024-09-25,0.0032738016217422677,0.0010534624921064329
2024-09-26,-0.0017446936673387538,-0.00029830031953267515
2024-09-27,0.004428480140218308,0.00229522823212588
2024-09-30,-0.011218066361277243,0.00042946318939533616
2024-10-01,0.000659075121803306,-0.0003044644283558656
2024-10-02,0.0028509833266085385,-0.00013267129901700766
2024-10-03,0.010167855774540479,0.0005929142609870438
2024-10-04,-0.005724860738595544,-0.0013249963092153187
2024-10-07,0.011560822401076006,0.0007403268269117845
2024-10-08,0.011641741309639806,0.0001350960079979115
2024-10-09,0.00021300010730538908,-0.003692379242110614
2024-10-10,0.007637943779572466,-0.005540390615997918
2024-10-11,0.0017597583114463268,-0.0011052716313931336
2024-10-15,0.0019672598208570293,-0.004442918104600764
2024-10-16,0.003783106655703678,-0.001088753127559576
2024-10-17,0.004117098729279887,-0.0008144508880788733
2024-10-18,0.0006961364708554241,0.00030422117963072504
2024-10-21,-0.0016018389746805539,0.0025310364062630687
2024-10-22,-0.008118177414730036,0.005784626525295044
2024-10-23,0.0032972073787458675,-0.005452306929464743
2024-10-24,0.0028674356116004697,-0.0020642986013232347
2024-10-25,0.002301978624571133,-0.004892219389166575
2024-10-28,0.0037554811507308906,-0.0021538334955200217
2024-10-29,-0.004801178203040253,-0.0026174666238150857
2024-10-30,-0.017307312551163148,0.0002960553611978005
2024-10-31,0.006860241198407608,-0.0065207981939600715
2024-11-01,-0.006576412345299594,-0.0035826779446486985
2024-11-04,0.007210550115361064,-0.0025319511588627257
2024-11-05,0.03243302774797758,-0.002548639075592359
2024-11-06,0.0020435974414661057,-0.008684423361587415
2024-11-07,0.007592742055701285,-0.007069731137206281
2024-11-08,0.001956617700762645,-0.006425348863407274
2024-11-11,-0.002091698073789818,4.070708795284313e-05
2024-11-12,0.004851434621551825,-0.001547971708063809
2024-11-13,-0.0021532879593835646,-0.0019779473715706
2024-11-14,-0.010496118029937104,0.0008877963793018712
2024-11-15,-0.0015669179211678763,-0.003906474104556204
2024-11-18,-6.818259301036952e-05,-0.0020875421652331405
2024-11-19,0.0012265759629800515,-0.007426499217048513
2024-11-20,0.004959080846724458,0.0002234591650142371
2024-11-21,0.004057623745284968,-0.008843437538448679
2024-11-22,0.0034360822084084494,-0.0029040789066215665
2024-11-25,0.011701514280681074,-0.004909543863709228
2024-11-26,-0.006736727162077382,-0.010081268632896592
2024-11-27,0.002406418273565901,-0.007936558173727152
2024-11-28,0.003864867874756357,-0.0029429144375548535
2024-11-29,0.0034524001891700776,-0.004001225867422286
2024-12-02,0.001986360978883336,-0.004775604587485271
2024-12-03,0.005606689928713828,-0.002945623009679612
2024-12-04,-0.00395439782418039,-0.0015984320751859622
2024-12-05,0.010837188588937407,-0.0023517913009165215
2024-12-06,-0.004058393997373836,-0.0019606136980659084
2024-12-09,-0.0029559584041997464,-0.0035794053966373795
2024-12-10,0.007210309161075747,-0.0012431117835781766
2024-12-11,-0.0005226367140589583,-0.003980654822278165
2024-12-12,0.0007185550820324947,-0.0023675704711442432
2024-12-13,0.004820542199117146,-0.0010459193408246439
2024-12-16,0.00019493810776832944,-0.0028732703686875326
2024-12-17,-0.019750650218059343,-0.004001697430713489
2024-12-18,-0.005382251605579883,-0.006839390596790807
2024-12-19,0.010471993895082066,-0.0065860223780662315
2024-12-20,0.006047477840338715,-0.009055021529003296
2024-12-23,0.010820076881852964,-0.004945148407838538
2024-12-24,-0.007809997394075592,-0.007395606561186665
2024-12-27,-0.01779875595688359,-0.009372466293437683
2024-12-30,-0.0023972842272698856,-0.0012839823982735404
2024-12-31,-0.0008003735503633817,0.0050787121947453535
2025-01-02,0.015755654933101576,-0.005132202108107504
2025-01-03,-0.003157689618051953,-0.0011053412896290533
2025-01-06,-0.00873541389590033,-0.0019210532532950098
2025-01-07,0.0031190920200555193,-0.0030223830505857717
2025-01-08,-0.001060726697174984,-0.0021305460975171997
2025-01-09,-0.011407348274854123,-0.007784252173150746
2025-01-10,-0.0002012949984990627,-0.007533836458197962
2025-01-13,-0.0014774027265899048,0.0036504940213807112
2025-01-14,0.015868057465039043,-0.0006921485557324686
2025-01-15,0.002642358519852372,-0.004140663178455799
2025-01-16,0.015189502460950445,-0.0025924237763082247
2025-01-17,0.0,-0.0022837991891269476
2025-01-20,-0.0007150053930014685,-0.0011007698573175424
2025-01-21,0.009770694702809285,-0.000924850305189828
2025-01-22,0.004176712899170733,0.0003511470139377615
2025-01-23,-0.004627555015460285,0.0007066842668998834
2025-01-24,-0.012445872715989095,0.0005836695516018535
2025-01-27,0.010575929881393605,-0.0019554782194839966
2025-01-28,-0.0028438488659562468,-0.0013006286634735147
2025-01-29,0.009405467776596555,0.0030049874581765407
2025-01-30,-0.0011548086225941156,-0.0020608943893007394
2025-01-31,-0.005406810288046056,-0.0029243706600130064
2025-02-03,-0.010119442867043265,-0.002886613764607204
2025-02-04,0.0037743260788323054,-0.002158731413392026
2025-02-05,0.0024651326139116985,-0.0030124066461480986
2025-02-06,-0.010420831569218914,-0.005672878696633224
2025-02-07,0.008215472953391093,2.2338823165845243e-05
2025-02-10,-0.000519615496232866,-0.001855951298070249
2025-02-11,-0.0034492891573787592,-0.0035543743430743163
2025-02-12,0.0035792183461539765,-0.0004995661700926229
2025-02-13,-0.0005848143381205533,-0.0023052464883818492
2025-02-14,0.0032446491801174497,-0.002685108976503548
2025-02-18,0.005556287714924959,-0.0004940318472833774
2025-02-19,-0.007631650026726975,-0.000654719089727099
2025-02-20,-0.01359586927356424,-0.0005538080635457748
2025-02-21,-0.0029658944133781765,-0.0003886088096578539
2025-02-24,-0.0010566636830482727,4.330070815769227e-05
2025-02-25,0.0024418424936257796,0.0029118383773557373
2025-02-26,-0.009137926120258377,-0.0024627181678689393
2025-02-27,0.017605043752692316,0.005591472880165942
2025-02-28,-0.015146815759985745,-0.002504592434988428
2025-03-03,-0.014032973348790917,0.0036361090111020162
2025-03-04,0.0013449901153328341,-0.004724458681554976
2025-03-05,-0.020298718070797604,-0.010027972982490462
2025-03-06,0.010642026896977604,0.014702065435041736
2025-03-07,-0.022855392444497132,-0.013399045731301905
2025-03-10,-0.00955676765395141,-0.002192159899820707
2025-03-11,0.0028696432640941106,0.004646798785568519
2025-03-12,-0.009832920916238946,0.010573169845519982
2025-03-13,0.016103407566578673,0.0057009271303903545
2025-03-14,0.0009718848387357385,-0.01183675695575793
2025-03-17,-0.009481387257932985,-0.002516299854337512
2025-03-18,0.012598920698391589,0.010448545590447588
2025-03-19,-0.003672780539676626,0.00644994446826866
2025-03-20,0.003949424846026379,0.005485374610418586
2025-03-21,0.014689995081504975,0.005457409855825238
2025-03-24,-0.0005452934495419914,0.005794727942701117
2025-03-25,-0.011451422838089344,0.005301592799485383
2025-03-26,-0.0038695460113173795,0.009746887082077714
2025-03-27,-0.02035248766350939,0.007034873759751212
2025-03-28,0.010542689721061269,0.006563916687798599
2025-03-31,-0.0012592697900266738,0.006126366192612849
2025-04-01,0.007462460965495456,0.009333350484953571
2025-04-02,-0.06687588098627575,0.006728359149892327
2025-04-03,-0.05019520694214436,0.02737551767225114
2025-04-04,-0.0006250976918658354,0.03843334627006437
2025-04-07,-0.016073462971690013,0.02017626603110462
2025-04-08,0.08076341081780275,0.02422677092890952
2025-04-09,-0.04204688780071491,-0.03376502285338107
2025-04-10,0.008294382292991433,-0.03307008723807689
2025-04-11,0.007474271328647902,-0.011475091060828512
2025-04-14,0.005400958294352926,0.007906056745291294
2025-04-15,-0.030149984660983516,0.00667664932294557
2025-04-16,-0.000154213894977378,-0.0061418410019542
2025-04-17,-0.024037367717344965,0.014578878009280509
2025-04-21,0.02365172890187573,0.016209343429696575
2025-04-22,0.021822932268080474,-0.0053139600198110586
2025-04-23,0.017210840870146273,-0.004396265428957259
2025-04-24,0.008054131542204928,-0.0006509839962363828
2025-04-25,-0.003095749505625491,-0.00043937949352900477
2025-04-28,0.006915351622604151,0.0021443010153345135
2025-04-29,-0.001981433884980087,0.001115898556366493
2025-04-30,0.010013605582244288,0.012246783757475148
2025-05-01,0.013005963679134204,0.004486451013077694
2025-05-02,-0.006481837602190918,0.0073689444233734315
2025-05-05,-0.01067819683942693,0.00831752152775567
2025-05-06,0.00930442127179303,0.003023879676251517
2025-05-07,0.011724644291289906,0.0021010429149746455
2025-05-08,0.0003574875811137859,-0.0019024513266466545
2025-05-09,0.036428914926362646,-0.0027110760601738713
2025-05-12,0.00289077219684545,-0.006592418643328363
2025-05-13,0.004183676072445936,-0.006510661327901605
2025-05-14,0.0025291376822619465,-0.005268281196728839
2025-05-15,0.009309345932231082,-0.001487838867358222
2025-05-16,-0.00719525232934441,-0.006790384317012312
2025-05-20,-0.020092879920200125,-0.00885124676293616
2025-05-21,-0.0005562122092922112,-0.00801158405482799
2025-05-22,-0.016690429519964405,-0.004941749363055297
2025-05-23,0.01522889882865202,-0.0037548674255617706
2025-05-26,0.011770543704646226,-0.0025189414317712665
2025-05-27,-0.0036547983998784944,-0.0012047612800853184
2025-05-28,0.0015876854196270652,-0.006008287110889093
2025-05-29,-0.007129784814546889,-0.0006355502253886204
2025-05-30,0.0038134904943021345,-0.007697189894733407
2025-06-02,0.007171455366453474,0.002970670613722787
2025-06-03,-0.002752169068949559,-0.002908031875601938
2025-06-04,-0.007399501276609228,-0.002426229632361253
2025-06-05,0.013444306054558154,-0.0065867047395819275
2025-06-06,-0.00013697691960333545,-0.002335450389558013
2025-06-09,0.0050556915775118606,-0.002341621565156108
2025-06-10,-0.0028663092032380874,-0.004310471165516753
2025-06-11,-0.0013678021555283792,-0.007807207862968733
2025-06-12,-0.01281097485155529,-0.004439273324159621
2025-06-13,0.009245908687059108,-0.00319309377522597
2025-06-16,-0.0031643419125948077,-0.007372777345245969
2025-06-17,0.00350768955545295,-0.003121451239182487
2025-06-18,-0.0037144079024420376,-0.0026532850839826785
2025-06-19,0.004332136739134517,-0.003070335762405267
2025-06-20,0.009288415365255594,-0.002043618146967378
2025-06-23,0.010683717821659559,-9.095487399920876e-05
2025-06-24,-0.00020179598494475914,-0.0060020017429851386
2025-06-25,0.0018146995604092346,-0.006375172303855534
2025-06-26,0.009224047754412911,-0.00890293085840679
2025-06-27,-0.0028650451020241483,-0.006346677381066134
2025-06-30,0.0008670424393509961,-0.00413436773883102
2025-07-02,0.007637427129211352,-0.001566053447681904
2025-07-03,-0.002517224434639897,-0.0016369741610985855
2025-07-04,0.001391880920651509,-0.0007164808634582136
2025-07-07,0.0005959278441547228,-7.86507917887118e-05
2025-07-08,0.005939827389880266,-0.002599493472620644
2025-07-09,0.00144660730119461,-0.00012825079712899844
2025-07-10,-0.0018415000271370173,-0.0018299499495671933
2025-07-11,0.002760979929038427,-0.0011241271825425244
2025-07-14,-0.002431891829184924,-0.0021339978967576797
2025-07-15,0.00026319252685147855,0.00047771184020624406
2025-07-16,0.010015466824531269,-0.00023700410602624315
2025-07-17,-0.0014992017930392,-0.0025656196717114155
2025-07-18,-0.0015667844959935027,-0.000618903937215199
2025-07-21,-0.005371778393880882,5.15476647344248e-05
2025-07-22,0.007395079674794422,0.0010294327414944692
2025-07-23,0.004229161448415626,-0.0015760293487951244
2025-07-24,0.00872690499280569,-0.0011349754804315622
2025-07-25,0.0019932493337850663,-0.0029477741328695173
2025-07-28,0.00038533171114517117,-0.0011058098492206065
2025-07-29,0.003013305694077277,-0.002323111179632296
2025-07-30,-0.0019223381544572686,-0.001823614636918934
2025-07-31,-0.02060726110610592,-0.0025997726701822784
2025-08-01,0.007826297039628798,-0.0066500505544820985
2025-08-05,0.004925160626590312,-0.007813702508632064
2025-08-06,-0.0004526203562447801,-0.005234050710373038
2025-08-07,0.008436694704465356,-0.0054206360444343585
2025-08-08,0.0,-0.009230494382072652
2025-08-11,0.010716438590655585,-0.00516104724649439
2025-08-12,0.002028269694513507,-0.007177622882883346
2025-08-13,0.004107300962289691,-0.007403947242177752
2025-08-14,-0.0026520189818914266,-0.008392951012545644
2025-08-15,-0.0005692059730573954,-0.005014418593984421
2025-08-18,-0.0013927578853034689,-0.005211526233676759
2025-08-19,-0.0020927806731304973,-0.004053973971750833
2025-08-20,-0.0015247779320136923,-0.006050010002749598
2025-08-21,0.009302981373944594,-0.005142537654752699
2025-08-22,-0.0015760444554657658,-0.004912664459661092
2025-08-25,0.002268717887650708,-0.005385598058811075
2025-08-26,-0.0010076836726227371,-0.0015967954353511835
2025-08-27,0.0008188203147003352,-0.0020562446068093957
2025-08-28,-0.008662990090742595,-0.004627590316677896
2025-08-29,-0.0023525682444727695,-0.0032430161763712106
2025-09-02,0.005839432651559166,-0.0015345273891867125
2025-09-03,0.010450863188202288,-0.001637073974941921
2025-09-04,-0.001002569167253193,-0.005254612984434036
2025-09-05,-0.0006898498282420282,0.0008051798468673569
2025-09-08,0.006191582993171808,-0.0008210201806520309
2025-09-09,0.0035475375620879867,-0.0031906124546576217
2025-09-10,0.006008256174005096,-0.0017705100093880935
2025-09-11,0.0005556413169657752,-0.003238623760512586
